WARNING:tensorflow:From /media/dbusaba/SharedData/University/Research/Rust/image_affinity/tensorflow/scripts/retrain.py:1326: The name tf.app.run is deprecated. Please use tf.compat.v1.app.run instead.

WARNING:tensorflow:From /media/dbusaba/SharedData/University/Research/Rust/image_affinity/tensorflow/scripts/retrain.py:970: The name tf.logging.set_verbosity is deprecated. Please use tf.compat.v1.logging.set_verbosity instead.

W0127 00:59:11.398066 140335769773888 deprecation_wrapper.py:119] From /media/dbusaba/SharedData/University/Research/Rust/image_affinity/tensorflow/scripts/retrain.py:970: The name tf.logging.set_verbosity is deprecated. Please use tf.compat.v1.logging.set_verbosity instead.

WARNING:tensorflow:From /media/dbusaba/SharedData/University/Research/Rust/image_affinity/tensorflow/scripts/retrain.py:970: The name tf.logging.INFO is deprecated. Please use tf.compat.v1.logging.INFO instead.

W0127 00:59:11.398248 140335769773888 deprecation_wrapper.py:119] From /media/dbusaba/SharedData/University/Research/Rust/image_affinity/tensorflow/scripts/retrain.py:970: The name tf.logging.INFO is deprecated. Please use tf.compat.v1.logging.INFO instead.

WARNING:tensorflow:From /media/dbusaba/SharedData/University/Research/Rust/image_affinity/tensorflow/scripts/retrain.py:835: The name tf.gfile.Exists is deprecated. Please use tf.io.gfile.exists instead.

W0127 00:59:11.398446 140335769773888 deprecation_wrapper.py:119] From /media/dbusaba/SharedData/University/Research/Rust/image_affinity/tensorflow/scripts/retrain.py:835: The name tf.gfile.Exists is deprecated. Please use tf.io.gfile.exists instead.

WARNING:tensorflow:From /media/dbusaba/SharedData/University/Research/Rust/image_affinity/tensorflow/scripts/retrain.py:836: The name tf.gfile.DeleteRecursively is deprecated. Please use tf.io.gfile.rmtree instead.

W0127 00:59:11.398694 140335769773888 deprecation_wrapper.py:119] From /media/dbusaba/SharedData/University/Research/Rust/image_affinity/tensorflow/scripts/retrain.py:836: The name tf.gfile.DeleteRecursively is deprecated. Please use tf.io.gfile.rmtree instead.

WARNING:tensorflow:From /media/dbusaba/SharedData/University/Research/Rust/image_affinity/tensorflow/scripts/retrain.py:837: The name tf.gfile.MakeDirs is deprecated. Please use tf.io.gfile.makedirs instead.

W0127 00:59:11.422456 140335769773888 deprecation_wrapper.py:119] From /media/dbusaba/SharedData/University/Research/Rust/image_affinity/tensorflow/scripts/retrain.py:837: The name tf.gfile.MakeDirs is deprecated. Please use tf.io.gfile.makedirs instead.

WARNING:tensorflow:From /media/dbusaba/SharedData/University/Research/Rust/image_affinity/tensorflow/scripts/retrain.py:274: FastGFile.__init__ (from tensorflow.python.platform.gfile) is deprecated and will be removed in a future version.
Instructions for updating:
Use tf.gfile.GFile.
W0127 00:59:13.882047 140335769773888 deprecation.py:323] From /media/dbusaba/SharedData/University/Research/Rust/image_affinity/tensorflow/scripts/retrain.py:274: FastGFile.__init__ (from tensorflow.python.platform.gfile) is deprecated and will be removed in a future version.
Instructions for updating:
Use tf.gfile.GFile.
WARNING:tensorflow:From /media/dbusaba/SharedData/University/Research/Rust/image_affinity/tensorflow/scripts/retrain.py:275: The name tf.GraphDef is deprecated. Please use tf.compat.v1.GraphDef instead.

W0127 00:59:13.882297 140335769773888 deprecation_wrapper.py:119] From /media/dbusaba/SharedData/University/Research/Rust/image_affinity/tensorflow/scripts/retrain.py:275: The name tf.GraphDef is deprecated. Please use tf.compat.v1.GraphDef instead.

2020-01-27 00:59:14.299227: W tensorflow/core/framework/op_def_util.cc:357] Op BatchNormWithGlobalNormalization is deprecated. It will cease to work in GraphDef version 9. Use tf.nn.batch_normalization().
WARNING:tensorflow:From /media/dbusaba/SharedData/University/Research/Rust/image_affinity/tensorflow/scripts/retrain.py:156: The name tf.logging.info is deprecated. Please use tf.compat.v1.logging.info instead.

W0127 00:59:14.466353 140335769773888 deprecation_wrapper.py:119] From /media/dbusaba/SharedData/University/Research/Rust/image_affinity/tensorflow/scripts/retrain.py:156: The name tf.logging.info is deprecated. Please use tf.compat.v1.logging.info instead.

INFO:tensorflow:Looking for images in 'Abnormal'
I0127 00:59:14.466543 140335769773888 retrain.py:156] Looking for images in 'Abnormal'
INFO:tensorflow:Looking for images in 'Normal'
I0127 00:59:14.482591 140335769773888 retrain.py:156] Looking for images in 'Normal'
WARNING:tensorflow:From /media/dbusaba/SharedData/University/Research/Rust/image_affinity/tensorflow/scripts/retrain.py:1004: The name tf.Session is deprecated. Please use tf.compat.v1.Session instead.

W0127 00:59:14.494827 140335769773888 deprecation_wrapper.py:119] From /media/dbusaba/SharedData/University/Research/Rust/image_affinity/tensorflow/scripts/retrain.py:1004: The name tf.Session is deprecated. Please use tf.compat.v1.Session instead.

2020-01-27 00:59:14.495322: I tensorflow/core/platform/cpu_feature_guard.cc:142] Your CPU supports instructions that this TensorFlow binary was not compiled to use: AVX2 FMA
2020-01-27 00:59:14.517659: I tensorflow/core/platform/profile_utils/cpu_utils.cc:94] CPU Frequency: 2799925000 Hz
2020-01-27 00:59:14.518329: I tensorflow/compiler/xla/service/service.cc:168] XLA service 0x2f3d3c0 executing computations on platform Host. Devices:
2020-01-27 00:59:14.518386: I tensorflow/compiler/xla/service/service.cc:175]   StreamExecutor device (0): <undefined>, <undefined>
WARNING:tensorflow:From /media/dbusaba/SharedData/University/Research/Rust/image_affinity/tensorflow/scripts/retrain.py:954: The name tf.placeholder is deprecated. Please use tf.compat.v1.placeholder instead.

W0127 00:59:14.519878 140335769773888 deprecation_wrapper.py:119] From /media/dbusaba/SharedData/University/Research/Rust/image_affinity/tensorflow/scripts/retrain.py:954: The name tf.placeholder is deprecated. Please use tf.compat.v1.placeholder instead.

WARNING:tensorflow:From /media/dbusaba/SharedData/University/Research/Rust/image_affinity/tensorflow/scripts/retrain.py:960: The name tf.image.resize_bilinear is deprecated. Please use tf.compat.v1.image.resize_bilinear instead.

W0127 00:59:14.532650 140335769773888 deprecation_wrapper.py:119] From /media/dbusaba/SharedData/University/Research/Rust/image_affinity/tensorflow/scripts/retrain.py:960: The name tf.image.resize_bilinear is deprecated. Please use tf.compat.v1.image.resize_bilinear instead.

INFO:tensorflow:100 bottleneck files created.
I0127 00:59:14.601723 140335769773888 retrain.py:481] 100 bottleneck files created.
INFO:tensorflow:200 bottleneck files created.
I0127 00:59:14.660195 140335769773888 retrain.py:481] 200 bottleneck files created.
INFO:tensorflow:300 bottleneck files created.
I0127 00:59:14.717871 140335769773888 retrain.py:481] 300 bottleneck files created.
WARNING:tensorflow:From /media/dbusaba/SharedData/University/Research/Rust/image_affinity/tensorflow/scripts/retrain.py:758: The name tf.placeholder_with_default is deprecated. Please use tf.compat.v1.placeholder_with_default instead.

W0127 00:59:14.731149 140335769773888 deprecation_wrapper.py:119] From /media/dbusaba/SharedData/University/Research/Rust/image_affinity/tensorflow/scripts/retrain.py:758: The name tf.placeholder_with_default is deprecated. Please use tf.compat.v1.placeholder_with_default instead.

WARNING:tensorflow:From /media/dbusaba/SharedData/University/Research/Rust/image_affinity/tensorflow/scripts/retrain.py:772: The name tf.truncated_normal is deprecated. Please use tf.random.truncated_normal instead.

W0127 00:59:14.732823 140335769773888 deprecation_wrapper.py:119] From /media/dbusaba/SharedData/University/Research/Rust/image_affinity/tensorflow/scripts/retrain.py:772: The name tf.truncated_normal is deprecated. Please use tf.random.truncated_normal instead.

WARNING:tensorflow:From /media/dbusaba/SharedData/University/Research/Rust/image_affinity/tensorflow/scripts/retrain.py:726: The name tf.summary.scalar is deprecated. Please use tf.compat.v1.summary.scalar instead.

W0127 00:59:14.740735 140335769773888 deprecation_wrapper.py:119] From /media/dbusaba/SharedData/University/Research/Rust/image_affinity/tensorflow/scripts/retrain.py:726: The name tf.summary.scalar is deprecated. Please use tf.compat.v1.summary.scalar instead.

WARNING:tensorflow:From /media/dbusaba/SharedData/University/Research/Rust/image_affinity/tensorflow/scripts/retrain.py:732: The name tf.summary.histogram is deprecated. Please use tf.compat.v1.summary.histogram instead.

W0127 00:59:14.752861 140335769773888 deprecation_wrapper.py:119] From /media/dbusaba/SharedData/University/Research/Rust/image_affinity/tensorflow/scripts/retrain.py:732: The name tf.summary.histogram is deprecated. Please use tf.compat.v1.summary.histogram instead.

WARNING:tensorflow:From /media/dbusaba/SharedData/University/Research/Rust/image_affinity/tensorflow/scripts/retrain.py:790: softmax_cross_entropy_with_logits (from tensorflow.python.ops.nn_ops) is deprecated and will be removed in a future version.
Instructions for updating:

Future major versions of TensorFlow will allow gradients to flow
into the labels input on backprop by default.

See `tf.nn.softmax_cross_entropy_with_logits_v2`.

W0127 00:59:14.774548 140335769773888 deprecation.py:323] From /media/dbusaba/SharedData/University/Research/Rust/image_affinity/tensorflow/scripts/retrain.py:790: softmax_cross_entropy_with_logits (from tensorflow.python.ops.nn_ops) is deprecated and will be removed in a future version.
Instructions for updating:

Future major versions of TensorFlow will allow gradients to flow
into the labels input on backprop by default.

See `tf.nn.softmax_cross_entropy_with_logits_v2`.

WARNING:tensorflow:From /media/dbusaba/SharedData/University/Research/Rust/image_affinity/tensorflow/scripts/retrain.py:796: The name tf.train.GradientDescentOptimizer is deprecated. Please use tf.compat.v1.train.GradientDescentOptimizer instead.

W0127 00:59:14.793265 140335769773888 deprecation_wrapper.py:119] From /media/dbusaba/SharedData/University/Research/Rust/image_affinity/tensorflow/scripts/retrain.py:796: The name tf.train.GradientDescentOptimizer is deprecated. Please use tf.compat.v1.train.GradientDescentOptimizer instead.

WARNING:tensorflow:From /media/dbusaba/SharedData/University/Research/Rust/image_affinity/tensorflow/scripts/retrain.py:1038: The name tf.summary.merge_all is deprecated. Please use tf.compat.v1.summary.merge_all instead.

W0127 00:59:14.828103 140335769773888 deprecation_wrapper.py:119] From /media/dbusaba/SharedData/University/Research/Rust/image_affinity/tensorflow/scripts/retrain.py:1038: The name tf.summary.merge_all is deprecated. Please use tf.compat.v1.summary.merge_all instead.

WARNING:tensorflow:From /media/dbusaba/SharedData/University/Research/Rust/image_affinity/tensorflow/scripts/retrain.py:1039: The name tf.summary.FileWriter is deprecated. Please use tf.compat.v1.summary.FileWriter instead.

W0127 00:59:14.829293 140335769773888 deprecation_wrapper.py:119] From /media/dbusaba/SharedData/University/Research/Rust/image_affinity/tensorflow/scripts/retrain.py:1039: The name tf.summary.FileWriter is deprecated. Please use tf.compat.v1.summary.FileWriter instead.

2020-01-27 00:59:18.366088: W tensorflow/compiler/jit/mark_for_compilation_pass.cc:1412] (One-time warning): Not using XLA:CPU for cluster because envvar TF_XLA_FLAGS=--tf_xla_cpu_global_jit was not set.  If you want XLA:CPU, either set that envvar, or use experimental_jit_scope to enable XLA:CPU.  To confirm that XLA is active, pass --vmodule=xla_compilation_cache=1 (as a proper command-line flag, not via TF_XLA_FLAGS) or set the envvar XLA_FLAGS=--xla_hlo_profile.
INFO:tensorflow:2020-01-27 00:59:22.065682: Step 0: Train accuracy = 53.0%
I0127 00:59:22.065761 140335769773888 retrain.py:1082] 2020-01-27 00:59:22.065682: Step 0: Train accuracy = 53.0%
INFO:tensorflow:2020-01-27 00:59:22.065933: Step 0: Cross entropy = 0.686783
I0127 00:59:22.065955 140335769773888 retrain.py:1084] 2020-01-27 00:59:22.065933: Step 0: Cross entropy = 0.686783
INFO:tensorflow:2020-01-27 00:59:23.736095: Step 0: Validation accuracy = 40.0% (N=100)
I0127 00:59:23.736162 140335769773888 retrain.py:1100] 2020-01-27 00:59:23.736095: Step 0: Validation accuracy = 40.0% (N=100)
INFO:tensorflow:2020-01-27 00:59:24.481745: Step 10: Train accuracy = 56.0%
I0127 00:59:24.481804 140335769773888 retrain.py:1082] 2020-01-27 00:59:24.481745: Step 10: Train accuracy = 56.0%
INFO:tensorflow:2020-01-27 00:59:24.481962: Step 10: Cross entropy = 0.667624
I0127 00:59:24.481985 140335769773888 retrain.py:1084] 2020-01-27 00:59:24.481962: Step 10: Cross entropy = 0.667624
INFO:tensorflow:2020-01-27 00:59:24.556562: Step 10: Validation accuracy = 51.0% (N=100)
I0127 00:59:24.556621 140335769773888 retrain.py:1100] 2020-01-27 00:59:24.556562: Step 10: Validation accuracy = 51.0% (N=100)
INFO:tensorflow:2020-01-27 00:59:25.288024: Step 20: Train accuracy = 57.0%
I0127 00:59:25.288080 140335769773888 retrain.py:1082] 2020-01-27 00:59:25.288024: Step 20: Train accuracy = 57.0%
INFO:tensorflow:2020-01-27 00:59:25.288224: Step 20: Cross entropy = 0.649872
I0127 00:59:25.288241 140335769773888 retrain.py:1084] 2020-01-27 00:59:25.288224: Step 20: Cross entropy = 0.649872
INFO:tensorflow:2020-01-27 00:59:25.359439: Step 20: Validation accuracy = 54.0% (N=100)
I0127 00:59:25.359495 140335769773888 retrain.py:1100] 2020-01-27 00:59:25.359439: Step 20: Validation accuracy = 54.0% (N=100)
INFO:tensorflow:2020-01-27 00:59:26.056130: Step 30: Train accuracy = 68.0%
I0127 00:59:26.056187 140335769773888 retrain.py:1082] 2020-01-27 00:59:26.056130: Step 30: Train accuracy = 68.0%
INFO:tensorflow:2020-01-27 00:59:26.056328: Step 30: Cross entropy = 0.658297
I0127 00:59:26.056346 140335769773888 retrain.py:1084] 2020-01-27 00:59:26.056328: Step 30: Cross entropy = 0.658297
INFO:tensorflow:2020-01-27 00:59:26.122217: Step 30: Validation accuracy = 50.0% (N=100)
I0127 00:59:26.122271 140335769773888 retrain.py:1100] 2020-01-27 00:59:26.122217: Step 30: Validation accuracy = 50.0% (N=100)
INFO:tensorflow:2020-01-27 00:59:26.847858: Step 40: Train accuracy = 66.0%
I0127 00:59:26.847916 140335769773888 retrain.py:1082] 2020-01-27 00:59:26.847858: Step 40: Train accuracy = 66.0%
INFO:tensorflow:2020-01-27 00:59:26.848068: Step 40: Cross entropy = 0.609737
I0127 00:59:26.848088 140335769773888 retrain.py:1084] 2020-01-27 00:59:26.848068: Step 40: Cross entropy = 0.609737
INFO:tensorflow:2020-01-27 00:59:26.912879: Step 40: Validation accuracy = 47.0% (N=100)
I0127 00:59:26.912937 140335769773888 retrain.py:1100] 2020-01-27 00:59:26.912879: Step 40: Validation accuracy = 47.0% (N=100)
INFO:tensorflow:2020-01-27 00:59:27.731145: Step 50: Train accuracy = 68.0%
I0127 00:59:27.731202 140335769773888 retrain.py:1082] 2020-01-27 00:59:27.731145: Step 50: Train accuracy = 68.0%
INFO:tensorflow:2020-01-27 00:59:27.731332: Step 50: Cross entropy = 0.626922
I0127 00:59:27.731349 140335769773888 retrain.py:1084] 2020-01-27 00:59:27.731332: Step 50: Cross entropy = 0.626922
INFO:tensorflow:2020-01-27 00:59:27.796607: Step 50: Validation accuracy = 60.0% (N=100)
I0127 00:59:27.796663 140335769773888 retrain.py:1100] 2020-01-27 00:59:27.796607: Step 50: Validation accuracy = 60.0% (N=100)
INFO:tensorflow:2020-01-27 00:59:28.514159: Step 60: Train accuracy = 61.0%
I0127 00:59:28.514214 140335769773888 retrain.py:1082] 2020-01-27 00:59:28.514159: Step 60: Train accuracy = 61.0%
INFO:tensorflow:2020-01-27 00:59:28.514346: Step 60: Cross entropy = 0.615075
I0127 00:59:28.514362 140335769773888 retrain.py:1084] 2020-01-27 00:59:28.514346: Step 60: Cross entropy = 0.615075
INFO:tensorflow:2020-01-27 00:59:28.579004: Step 60: Validation accuracy = 51.0% (N=100)
I0127 00:59:28.579056 140335769773888 retrain.py:1100] 2020-01-27 00:59:28.579004: Step 60: Validation accuracy = 51.0% (N=100)
INFO:tensorflow:2020-01-27 00:59:29.292601: Step 70: Train accuracy = 73.0%
I0127 00:59:29.292657 140335769773888 retrain.py:1082] 2020-01-27 00:59:29.292601: Step 70: Train accuracy = 73.0%
INFO:tensorflow:2020-01-27 00:59:29.292788: Step 70: Cross entropy = 0.591041
I0127 00:59:29.292803 140335769773888 retrain.py:1084] 2020-01-27 00:59:29.292788: Step 70: Cross entropy = 0.591041
INFO:tensorflow:2020-01-27 00:59:29.359034: Step 70: Validation accuracy = 37.0% (N=100)
I0127 00:59:29.359091 140335769773888 retrain.py:1100] 2020-01-27 00:59:29.359034: Step 70: Validation accuracy = 37.0% (N=100)
INFO:tensorflow:2020-01-27 00:59:30.041334: Step 80: Train accuracy = 69.0%
I0127 00:59:30.041389 140335769773888 retrain.py:1082] 2020-01-27 00:59:30.041334: Step 80: Train accuracy = 69.0%
INFO:tensorflow:2020-01-27 00:59:30.041529: Step 80: Cross entropy = 0.611821
I0127 00:59:30.041546 140335769773888 retrain.py:1084] 2020-01-27 00:59:30.041529: Step 80: Cross entropy = 0.611821
INFO:tensorflow:2020-01-27 00:59:30.106542: Step 80: Validation accuracy = 61.0% (N=100)
I0127 00:59:30.106596 140335769773888 retrain.py:1100] 2020-01-27 00:59:30.106542: Step 80: Validation accuracy = 61.0% (N=100)
INFO:tensorflow:2020-01-27 00:59:30.823318: Step 90: Train accuracy = 79.0%
I0127 00:59:30.823373 140335769773888 retrain.py:1082] 2020-01-27 00:59:30.823318: Step 90: Train accuracy = 79.0%
INFO:tensorflow:2020-01-27 00:59:30.823504: Step 90: Cross entropy = 0.590957
I0127 00:59:30.823520 140335769773888 retrain.py:1084] 2020-01-27 00:59:30.823504: Step 90: Cross entropy = 0.590957
INFO:tensorflow:2020-01-27 00:59:30.892731: Step 90: Validation accuracy = 41.0% (N=100)
I0127 00:59:30.892787 140335769773888 retrain.py:1100] 2020-01-27 00:59:30.892731: Step 90: Validation accuracy = 41.0% (N=100)
INFO:tensorflow:2020-01-27 00:59:31.616475: Step 100: Train accuracy = 71.0%
I0127 00:59:31.616532 140335769773888 retrain.py:1082] 2020-01-27 00:59:31.616475: Step 100: Train accuracy = 71.0%
INFO:tensorflow:2020-01-27 00:59:31.616685: Step 100: Cross entropy = 0.586840
I0127 00:59:31.616702 140335769773888 retrain.py:1084] 2020-01-27 00:59:31.616685: Step 100: Cross entropy = 0.586840
INFO:tensorflow:2020-01-27 00:59:31.684808: Step 100: Validation accuracy = 55.0% (N=100)
I0127 00:59:31.684863 140335769773888 retrain.py:1100] 2020-01-27 00:59:31.684808: Step 100: Validation accuracy = 55.0% (N=100)
INFO:tensorflow:2020-01-27 00:59:32.405208: Step 110: Train accuracy = 66.0%
I0127 00:59:32.405265 140335769773888 retrain.py:1082] 2020-01-27 00:59:32.405208: Step 110: Train accuracy = 66.0%
INFO:tensorflow:2020-01-27 00:59:32.405397: Step 110: Cross entropy = 0.598269
I0127 00:59:32.405414 140335769773888 retrain.py:1084] 2020-01-27 00:59:32.405397: Step 110: Cross entropy = 0.598269
INFO:tensorflow:2020-01-27 00:59:32.470799: Step 110: Validation accuracy = 38.0% (N=100)
I0127 00:59:32.470871 140335769773888 retrain.py:1100] 2020-01-27 00:59:32.470799: Step 110: Validation accuracy = 38.0% (N=100)
INFO:tensorflow:2020-01-27 00:59:33.289620: Step 120: Train accuracy = 80.0%
I0127 00:59:33.289684 140335769773888 retrain.py:1082] 2020-01-27 00:59:33.289620: Step 120: Train accuracy = 80.0%
INFO:tensorflow:2020-01-27 00:59:33.289845: Step 120: Cross entropy = 0.556534
I0127 00:59:33.289866 140335769773888 retrain.py:1084] 2020-01-27 00:59:33.289845: Step 120: Cross entropy = 0.556534
INFO:tensorflow:2020-01-27 00:59:33.370577: Step 120: Validation accuracy = 44.0% (N=100)
I0127 00:59:33.370649 140335769773888 retrain.py:1100] 2020-01-27 00:59:33.370577: Step 120: Validation accuracy = 44.0% (N=100)
INFO:tensorflow:2020-01-27 00:59:34.302261: Step 130: Train accuracy = 81.0%
I0127 00:59:34.302330 140335769773888 retrain.py:1082] 2020-01-27 00:59:34.302261: Step 130: Train accuracy = 81.0%
INFO:tensorflow:2020-01-27 00:59:34.302496: Step 130: Cross entropy = 0.582806
I0127 00:59:34.302514 140335769773888 retrain.py:1084] 2020-01-27 00:59:34.302496: Step 130: Cross entropy = 0.582806
INFO:tensorflow:2020-01-27 00:59:34.383825: Step 130: Validation accuracy = 46.0% (N=100)
I0127 00:59:34.383899 140335769773888 retrain.py:1100] 2020-01-27 00:59:34.383825: Step 130: Validation accuracy = 46.0% (N=100)
INFO:tensorflow:2020-01-27 00:59:35.298231: Step 140: Train accuracy = 69.0%
I0127 00:59:35.298302 140335769773888 retrain.py:1082] 2020-01-27 00:59:35.298231: Step 140: Train accuracy = 69.0%
INFO:tensorflow:2020-01-27 00:59:35.298475: Step 140: Cross entropy = 0.573081
I0127 00:59:35.298493 140335769773888 retrain.py:1084] 2020-01-27 00:59:35.298475: Step 140: Cross entropy = 0.573081
INFO:tensorflow:2020-01-27 00:59:35.397454: Step 140: Validation accuracy = 48.0% (N=100)
I0127 00:59:35.397526 140335769773888 retrain.py:1100] 2020-01-27 00:59:35.397454: Step 140: Validation accuracy = 48.0% (N=100)
INFO:tensorflow:2020-01-27 00:59:36.335439: Step 150: Train accuracy = 75.0%
I0127 00:59:36.335514 140335769773888 retrain.py:1082] 2020-01-27 00:59:36.335439: Step 150: Train accuracy = 75.0%
INFO:tensorflow:2020-01-27 00:59:36.335715: Step 150: Cross entropy = 0.527426
I0127 00:59:36.335739 140335769773888 retrain.py:1084] 2020-01-27 00:59:36.335715: Step 150: Cross entropy = 0.527426
INFO:tensorflow:2020-01-27 00:59:36.425671: Step 150: Validation accuracy = 38.0% (N=100)
I0127 00:59:36.425737 140335769773888 retrain.py:1100] 2020-01-27 00:59:36.425671: Step 150: Validation accuracy = 38.0% (N=100)
INFO:tensorflow:2020-01-27 00:59:37.336631: Step 160: Train accuracy = 74.0%
I0127 00:59:37.336702 140335769773888 retrain.py:1082] 2020-01-27 00:59:37.336631: Step 160: Train accuracy = 74.0%
INFO:tensorflow:2020-01-27 00:59:37.336882: Step 160: Cross entropy = 0.562286
I0127 00:59:37.336904 140335769773888 retrain.py:1084] 2020-01-27 00:59:37.336882: Step 160: Cross entropy = 0.562286
INFO:tensorflow:2020-01-27 00:59:37.427889: Step 160: Validation accuracy = 46.0% (N=100)
I0127 00:59:37.427947 140335769773888 retrain.py:1100] 2020-01-27 00:59:37.427889: Step 160: Validation accuracy = 46.0% (N=100)
INFO:tensorflow:2020-01-27 00:59:38.227482: Step 170: Train accuracy = 81.0%
I0127 00:59:38.227541 140335769773888 retrain.py:1082] 2020-01-27 00:59:38.227482: Step 170: Train accuracy = 81.0%
INFO:tensorflow:2020-01-27 00:59:38.227676: Step 170: Cross entropy = 0.568431
I0127 00:59:38.227694 140335769773888 retrain.py:1084] 2020-01-27 00:59:38.227676: Step 170: Cross entropy = 0.568431
INFO:tensorflow:2020-01-27 00:59:38.296664: Step 170: Validation accuracy = 52.0% (N=100)
I0127 00:59:38.296722 140335769773888 retrain.py:1100] 2020-01-27 00:59:38.296664: Step 170: Validation accuracy = 52.0% (N=100)
INFO:tensorflow:2020-01-27 00:59:38.971400: Step 180: Train accuracy = 76.0%
I0127 00:59:38.971454 140335769773888 retrain.py:1082] 2020-01-27 00:59:38.971400: Step 180: Train accuracy = 76.0%
INFO:tensorflow:2020-01-27 00:59:38.971579: Step 180: Cross entropy = 0.526598
I0127 00:59:38.971595 140335769773888 retrain.py:1084] 2020-01-27 00:59:38.971579: Step 180: Cross entropy = 0.526598
INFO:tensorflow:2020-01-27 00:59:39.039530: Step 180: Validation accuracy = 45.0% (N=100)
I0127 00:59:39.039588 140335769773888 retrain.py:1100] 2020-01-27 00:59:39.039530: Step 180: Validation accuracy = 45.0% (N=100)
INFO:tensorflow:2020-01-27 00:59:39.760993: Step 190: Train accuracy = 80.0%
I0127 00:59:39.761049 140335769773888 retrain.py:1082] 2020-01-27 00:59:39.760993: Step 190: Train accuracy = 80.0%
INFO:tensorflow:2020-01-27 00:59:39.761218: Step 190: Cross entropy = 0.564750
I0127 00:59:39.761235 140335769773888 retrain.py:1084] 2020-01-27 00:59:39.761218: Step 190: Cross entropy = 0.564750
INFO:tensorflow:2020-01-27 00:59:39.826664: Step 190: Validation accuracy = 39.0% (N=100)
I0127 00:59:39.826717 140335769773888 retrain.py:1100] 2020-01-27 00:59:39.826664: Step 190: Validation accuracy = 39.0% (N=100)
INFO:tensorflow:2020-01-27 00:59:40.570158: Step 200: Train accuracy = 81.0%
I0127 00:59:40.570216 140335769773888 retrain.py:1082] 2020-01-27 00:59:40.570158: Step 200: Train accuracy = 81.0%
INFO:tensorflow:2020-01-27 00:59:40.570348: Step 200: Cross entropy = 0.551575
I0127 00:59:40.570364 140335769773888 retrain.py:1084] 2020-01-27 00:59:40.570348: Step 200: Cross entropy = 0.551575
INFO:tensorflow:2020-01-27 00:59:40.639481: Step 200: Validation accuracy = 54.0% (N=100)
I0127 00:59:40.639537 140335769773888 retrain.py:1100] 2020-01-27 00:59:40.639481: Step 200: Validation accuracy = 54.0% (N=100)
INFO:tensorflow:2020-01-27 00:59:41.363703: Step 210: Train accuracy = 77.0%
I0127 00:59:41.363762 140335769773888 retrain.py:1082] 2020-01-27 00:59:41.363703: Step 210: Train accuracy = 77.0%
INFO:tensorflow:2020-01-27 00:59:41.363900: Step 210: Cross entropy = 0.586337
I0127 00:59:41.363916 140335769773888 retrain.py:1084] 2020-01-27 00:59:41.363900: Step 210: Cross entropy = 0.586337
INFO:tensorflow:2020-01-27 00:59:41.430783: Step 210: Validation accuracy = 52.0% (N=100)
I0127 00:59:41.430839 140335769773888 retrain.py:1100] 2020-01-27 00:59:41.430783: Step 210: Validation accuracy = 52.0% (N=100)
INFO:tensorflow:2020-01-27 00:59:42.140298: Step 220: Train accuracy = 78.0%
I0127 00:59:42.140356 140335769773888 retrain.py:1082] 2020-01-27 00:59:42.140298: Step 220: Train accuracy = 78.0%
INFO:tensorflow:2020-01-27 00:59:42.140499: Step 220: Cross entropy = 0.530792
I0127 00:59:42.140519 140335769773888 retrain.py:1084] 2020-01-27 00:59:42.140499: Step 220: Cross entropy = 0.530792
INFO:tensorflow:2020-01-27 00:59:42.243052: Step 220: Validation accuracy = 30.0% (N=100)
I0127 00:59:42.243110 140335769773888 retrain.py:1100] 2020-01-27 00:59:42.243052: Step 220: Validation accuracy = 30.0% (N=100)
INFO:tensorflow:2020-01-27 00:59:42.936279: Step 230: Train accuracy = 79.0%
I0127 00:59:42.936335 140335769773888 retrain.py:1082] 2020-01-27 00:59:42.936279: Step 230: Train accuracy = 79.0%
INFO:tensorflow:2020-01-27 00:59:42.936484: Step 230: Cross entropy = 0.560445
I0127 00:59:42.936504 140335769773888 retrain.py:1084] 2020-01-27 00:59:42.936484: Step 230: Cross entropy = 0.560445
INFO:tensorflow:2020-01-27 00:59:43.002057: Step 230: Validation accuracy = 46.0% (N=100)
I0127 00:59:43.002113 140335769773888 retrain.py:1100] 2020-01-27 00:59:43.002057: Step 230: Validation accuracy = 46.0% (N=100)
INFO:tensorflow:2020-01-27 00:59:43.724068: Step 240: Train accuracy = 84.0%
I0127 00:59:43.724125 140335769773888 retrain.py:1082] 2020-01-27 00:59:43.724068: Step 240: Train accuracy = 84.0%
INFO:tensorflow:2020-01-27 00:59:43.724254: Step 240: Cross entropy = 0.521994
I0127 00:59:43.724270 140335769773888 retrain.py:1084] 2020-01-27 00:59:43.724254: Step 240: Cross entropy = 0.521994
INFO:tensorflow:2020-01-27 00:59:43.792412: Step 240: Validation accuracy = 48.0% (N=100)
I0127 00:59:43.792465 140335769773888 retrain.py:1100] 2020-01-27 00:59:43.792412: Step 240: Validation accuracy = 48.0% (N=100)
INFO:tensorflow:2020-01-27 00:59:44.512696: Step 250: Train accuracy = 80.0%
I0127 00:59:44.512753 140335769773888 retrain.py:1082] 2020-01-27 00:59:44.512696: Step 250: Train accuracy = 80.0%
INFO:tensorflow:2020-01-27 00:59:44.512884: Step 250: Cross entropy = 0.541112
I0127 00:59:44.512899 140335769773888 retrain.py:1084] 2020-01-27 00:59:44.512884: Step 250: Cross entropy = 0.541112
INFO:tensorflow:2020-01-27 00:59:44.578337: Step 250: Validation accuracy = 55.0% (N=100)
I0127 00:59:44.578393 140335769773888 retrain.py:1100] 2020-01-27 00:59:44.578337: Step 250: Validation accuracy = 55.0% (N=100)
INFO:tensorflow:2020-01-27 00:59:45.304452: Step 260: Train accuracy = 87.0%
I0127 00:59:45.304510 140335769773888 retrain.py:1082] 2020-01-27 00:59:45.304452: Step 260: Train accuracy = 87.0%
INFO:tensorflow:2020-01-27 00:59:45.304657: Step 260: Cross entropy = 0.493264
I0127 00:59:45.304675 140335769773888 retrain.py:1084] 2020-01-27 00:59:45.304657: Step 260: Cross entropy = 0.493264
INFO:tensorflow:2020-01-27 00:59:45.371724: Step 260: Validation accuracy = 53.0% (N=100)
I0127 00:59:45.371783 140335769773888 retrain.py:1100] 2020-01-27 00:59:45.371724: Step 260: Validation accuracy = 53.0% (N=100)
INFO:tensorflow:2020-01-27 00:59:46.060690: Step 270: Train accuracy = 87.0%
I0127 00:59:46.060746 140335769773888 retrain.py:1082] 2020-01-27 00:59:46.060690: Step 270: Train accuracy = 87.0%
INFO:tensorflow:2020-01-27 00:59:46.060905: Step 270: Cross entropy = 0.493626
I0127 00:59:46.060921 140335769773888 retrain.py:1084] 2020-01-27 00:59:46.060905: Step 270: Cross entropy = 0.493626
INFO:tensorflow:2020-01-27 00:59:46.126530: Step 270: Validation accuracy = 53.0% (N=100)
I0127 00:59:46.126603 140335769773888 retrain.py:1100] 2020-01-27 00:59:46.126530: Step 270: Validation accuracy = 53.0% (N=100)
INFO:tensorflow:2020-01-27 00:59:46.865606: Step 280: Train accuracy = 81.0%
I0127 00:59:46.865663 140335769773888 retrain.py:1082] 2020-01-27 00:59:46.865606: Step 280: Train accuracy = 81.0%
INFO:tensorflow:2020-01-27 00:59:46.865812: Step 280: Cross entropy = 0.503571
I0127 00:59:46.865829 140335769773888 retrain.py:1084] 2020-01-27 00:59:46.865812: Step 280: Cross entropy = 0.503571
INFO:tensorflow:2020-01-27 00:59:46.931389: Step 280: Validation accuracy = 55.0% (N=100)
I0127 00:59:46.931443 140335769773888 retrain.py:1100] 2020-01-27 00:59:46.931389: Step 280: Validation accuracy = 55.0% (N=100)
INFO:tensorflow:2020-01-27 00:59:47.660391: Step 290: Train accuracy = 85.0%
I0127 00:59:47.660448 140335769773888 retrain.py:1082] 2020-01-27 00:59:47.660391: Step 290: Train accuracy = 85.0%
INFO:tensorflow:2020-01-27 00:59:47.660597: Step 290: Cross entropy = 0.513671
I0127 00:59:47.660613 140335769773888 retrain.py:1084] 2020-01-27 00:59:47.660597: Step 290: Cross entropy = 0.513671
INFO:tensorflow:2020-01-27 00:59:47.727222: Step 290: Validation accuracy = 43.0% (N=100)
I0127 00:59:47.727279 140335769773888 retrain.py:1100] 2020-01-27 00:59:47.727222: Step 290: Validation accuracy = 43.0% (N=100)
INFO:tensorflow:2020-01-27 00:59:48.458617: Step 300: Train accuracy = 70.0%
I0127 00:59:48.458673 140335769773888 retrain.py:1082] 2020-01-27 00:59:48.458617: Step 300: Train accuracy = 70.0%
INFO:tensorflow:2020-01-27 00:59:48.458837: Step 300: Cross entropy = 0.493502
I0127 00:59:48.458855 140335769773888 retrain.py:1084] 2020-01-27 00:59:48.458837: Step 300: Cross entropy = 0.493502
INFO:tensorflow:2020-01-27 00:59:48.526758: Step 300: Validation accuracy = 59.0% (N=100)
I0127 00:59:48.526812 140335769773888 retrain.py:1100] 2020-01-27 00:59:48.526758: Step 300: Validation accuracy = 59.0% (N=100)
INFO:tensorflow:2020-01-27 00:59:49.257849: Step 310: Train accuracy = 87.0%
I0127 00:59:49.257905 140335769773888 retrain.py:1082] 2020-01-27 00:59:49.257849: Step 310: Train accuracy = 87.0%
INFO:tensorflow:2020-01-27 00:59:49.258054: Step 310: Cross entropy = 0.471664
I0127 00:59:49.258070 140335769773888 retrain.py:1084] 2020-01-27 00:59:49.258054: Step 310: Cross entropy = 0.471664
INFO:tensorflow:2020-01-27 00:59:49.323435: Step 310: Validation accuracy = 51.0% (N=100)
I0127 00:59:49.323489 140335769773888 retrain.py:1100] 2020-01-27 00:59:49.323435: Step 310: Validation accuracy = 51.0% (N=100)
INFO:tensorflow:2020-01-27 00:59:50.011201: Step 320: Train accuracy = 89.0%
I0127 00:59:50.011258 140335769773888 retrain.py:1082] 2020-01-27 00:59:50.011201: Step 320: Train accuracy = 89.0%
INFO:tensorflow:2020-01-27 00:59:50.011388: Step 320: Cross entropy = 0.478063
I0127 00:59:50.011404 140335769773888 retrain.py:1084] 2020-01-27 00:59:50.011388: Step 320: Cross entropy = 0.478063
INFO:tensorflow:2020-01-27 00:59:50.076811: Step 320: Validation accuracy = 60.0% (N=100)
I0127 00:59:50.076867 140335769773888 retrain.py:1100] 2020-01-27 00:59:50.076811: Step 320: Validation accuracy = 60.0% (N=100)
INFO:tensorflow:2020-01-27 00:59:50.804323: Step 330: Train accuracy = 80.0%
I0127 00:59:50.804380 140335769773888 retrain.py:1082] 2020-01-27 00:59:50.804323: Step 330: Train accuracy = 80.0%
INFO:tensorflow:2020-01-27 00:59:50.804517: Step 330: Cross entropy = 0.499032
I0127 00:59:50.804532 140335769773888 retrain.py:1084] 2020-01-27 00:59:50.804517: Step 330: Cross entropy = 0.499032
INFO:tensorflow:2020-01-27 00:59:50.871310: Step 330: Validation accuracy = 53.0% (N=100)
I0127 00:59:50.871366 140335769773888 retrain.py:1100] 2020-01-27 00:59:50.871310: Step 330: Validation accuracy = 53.0% (N=100)
INFO:tensorflow:2020-01-27 00:59:51.599361: Step 340: Train accuracy = 86.0%
I0127 00:59:51.599419 140335769773888 retrain.py:1082] 2020-01-27 00:59:51.599361: Step 340: Train accuracy = 86.0%
INFO:tensorflow:2020-01-27 00:59:51.599574: Step 340: Cross entropy = 0.484376
I0127 00:59:51.599595 140335769773888 retrain.py:1084] 2020-01-27 00:59:51.599574: Step 340: Cross entropy = 0.484376
INFO:tensorflow:2020-01-27 00:59:51.668597: Step 340: Validation accuracy = 49.0% (N=100)
I0127 00:59:51.668653 140335769773888 retrain.py:1100] 2020-01-27 00:59:51.668597: Step 340: Validation accuracy = 49.0% (N=100)
INFO:tensorflow:2020-01-27 00:59:52.398714: Step 350: Train accuracy = 80.0%
I0127 00:59:52.398772 140335769773888 retrain.py:1082] 2020-01-27 00:59:52.398714: Step 350: Train accuracy = 80.0%
INFO:tensorflow:2020-01-27 00:59:52.398918: Step 350: Cross entropy = 0.497300
I0127 00:59:52.398936 140335769773888 retrain.py:1084] 2020-01-27 00:59:52.398918: Step 350: Cross entropy = 0.497300
INFO:tensorflow:2020-01-27 00:59:52.464140: Step 350: Validation accuracy = 51.0% (N=100)
I0127 00:59:52.464197 140335769773888 retrain.py:1100] 2020-01-27 00:59:52.464140: Step 350: Validation accuracy = 51.0% (N=100)
INFO:tensorflow:2020-01-27 00:59:53.176789: Step 360: Train accuracy = 86.0%
I0127 00:59:53.177110 140335769773888 retrain.py:1082] 2020-01-27 00:59:53.176789: Step 360: Train accuracy = 86.0%
INFO:tensorflow:2020-01-27 00:59:53.178481: Step 360: Cross entropy = 0.484531
I0127 00:59:53.178711 140335769773888 retrain.py:1084] 2020-01-27 00:59:53.178481: Step 360: Cross entropy = 0.484531
INFO:tensorflow:2020-01-27 00:59:53.263971: Step 360: Validation accuracy = 40.0% (N=100)
I0127 00:59:53.264028 140335769773888 retrain.py:1100] 2020-01-27 00:59:53.263971: Step 360: Validation accuracy = 40.0% (N=100)
INFO:tensorflow:2020-01-27 00:59:53.953168: Step 370: Train accuracy = 90.0%
I0127 00:59:53.953238 140335769773888 retrain.py:1082] 2020-01-27 00:59:53.953168: Step 370: Train accuracy = 90.0%
INFO:tensorflow:2020-01-27 00:59:53.953369: Step 370: Cross entropy = 0.453678
I0127 00:59:53.953385 140335769773888 retrain.py:1084] 2020-01-27 00:59:53.953369: Step 370: Cross entropy = 0.453678
INFO:tensorflow:2020-01-27 00:59:54.019107: Step 370: Validation accuracy = 53.0% (N=100)
I0127 00:59:54.019162 140335769773888 retrain.py:1100] 2020-01-27 00:59:54.019107: Step 370: Validation accuracy = 53.0% (N=100)
INFO:tensorflow:2020-01-27 00:59:54.742352: Step 380: Train accuracy = 86.0%
I0127 00:59:54.742409 140335769773888 retrain.py:1082] 2020-01-27 00:59:54.742352: Step 380: Train accuracy = 86.0%
INFO:tensorflow:2020-01-27 00:59:54.742562: Step 380: Cross entropy = 0.459078
I0127 00:59:54.742582 140335769773888 retrain.py:1084] 2020-01-27 00:59:54.742562: Step 380: Cross entropy = 0.459078
INFO:tensorflow:2020-01-27 00:59:54.809319: Step 380: Validation accuracy = 37.0% (N=100)
I0127 00:59:54.809375 140335769773888 retrain.py:1100] 2020-01-27 00:59:54.809319: Step 380: Validation accuracy = 37.0% (N=100)
INFO:tensorflow:2020-01-27 00:59:55.537145: Step 390: Train accuracy = 89.0%
I0127 00:59:55.537212 140335769773888 retrain.py:1082] 2020-01-27 00:59:55.537145: Step 390: Train accuracy = 89.0%
INFO:tensorflow:2020-01-27 00:59:55.537361: Step 390: Cross entropy = 0.483871
I0127 00:59:55.537377 140335769773888 retrain.py:1084] 2020-01-27 00:59:55.537361: Step 390: Cross entropy = 0.483871
INFO:tensorflow:2020-01-27 00:59:55.603233: Step 390: Validation accuracy = 53.0% (N=100)
I0127 00:59:55.603288 140335769773888 retrain.py:1100] 2020-01-27 00:59:55.603233: Step 390: Validation accuracy = 53.0% (N=100)
INFO:tensorflow:2020-01-27 00:59:56.332238: Step 400: Train accuracy = 77.0%
I0127 00:59:56.332296 140335769773888 retrain.py:1082] 2020-01-27 00:59:56.332238: Step 400: Train accuracy = 77.0%
INFO:tensorflow:2020-01-27 00:59:56.332427: Step 400: Cross entropy = 0.497380
I0127 00:59:56.332443 140335769773888 retrain.py:1084] 2020-01-27 00:59:56.332427: Step 400: Cross entropy = 0.497380
INFO:tensorflow:2020-01-27 00:59:56.401902: Step 400: Validation accuracy = 51.0% (N=100)
I0127 00:59:56.401960 140335769773888 retrain.py:1100] 2020-01-27 00:59:56.401902: Step 400: Validation accuracy = 51.0% (N=100)
INFO:tensorflow:2020-01-27 00:59:57.106849: Step 410: Train accuracy = 82.0%
I0127 00:59:57.106906 140335769773888 retrain.py:1082] 2020-01-27 00:59:57.106849: Step 410: Train accuracy = 82.0%
INFO:tensorflow:2020-01-27 00:59:57.107038: Step 410: Cross entropy = 0.460667
I0127 00:59:57.107055 140335769773888 retrain.py:1084] 2020-01-27 00:59:57.107038: Step 410: Cross entropy = 0.460667
INFO:tensorflow:2020-01-27 00:59:57.206697: Step 410: Validation accuracy = 52.0% (N=100)
I0127 00:59:57.206755 140335769773888 retrain.py:1100] 2020-01-27 00:59:57.206697: Step 410: Validation accuracy = 52.0% (N=100)
INFO:tensorflow:2020-01-27 00:59:57.911524: Step 420: Train accuracy = 83.0%
I0127 00:59:57.911580 140335769773888 retrain.py:1082] 2020-01-27 00:59:57.911524: Step 420: Train accuracy = 83.0%
INFO:tensorflow:2020-01-27 00:59:57.911724: Step 420: Cross entropy = 0.472795
I0127 00:59:57.911742 140335769773888 retrain.py:1084] 2020-01-27 00:59:57.911724: Step 420: Cross entropy = 0.472795
INFO:tensorflow:2020-01-27 00:59:57.977378: Step 420: Validation accuracy = 51.0% (N=100)
I0127 00:59:57.977451 140335769773888 retrain.py:1100] 2020-01-27 00:59:57.977378: Step 420: Validation accuracy = 51.0% (N=100)
INFO:tensorflow:2020-01-27 00:59:58.704356: Step 430: Train accuracy = 88.0%
I0127 00:59:58.704412 140335769773888 retrain.py:1082] 2020-01-27 00:59:58.704356: Step 430: Train accuracy = 88.0%
INFO:tensorflow:2020-01-27 00:59:58.704562: Step 430: Cross entropy = 0.487864
I0127 00:59:58.704580 140335769773888 retrain.py:1084] 2020-01-27 00:59:58.704562: Step 430: Cross entropy = 0.487864
INFO:tensorflow:2020-01-27 00:59:58.770670: Step 430: Validation accuracy = 54.0% (N=100)
I0127 00:59:58.770724 140335769773888 retrain.py:1100] 2020-01-27 00:59:58.770670: Step 430: Validation accuracy = 54.0% (N=100)
INFO:tensorflow:2020-01-27 00:59:59.495388: Step 440: Train accuracy = 90.0%
I0127 00:59:59.495445 140335769773888 retrain.py:1082] 2020-01-27 00:59:59.495388: Step 440: Train accuracy = 90.0%
INFO:tensorflow:2020-01-27 00:59:59.495575: Step 440: Cross entropy = 0.445746
I0127 00:59:59.495591 140335769773888 retrain.py:1084] 2020-01-27 00:59:59.495575: Step 440: Cross entropy = 0.445746
INFO:tensorflow:2020-01-27 00:59:59.564378: Step 440: Validation accuracy = 45.0% (N=100)
I0127 00:59:59.564434 140335769773888 retrain.py:1100] 2020-01-27 00:59:59.564378: Step 440: Validation accuracy = 45.0% (N=100)
INFO:tensorflow:2020-01-27 01:00:00.283486: Step 450: Train accuracy = 87.0%
I0127 01:00:00.283541 140335769773888 retrain.py:1082] 2020-01-27 01:00:00.283486: Step 450: Train accuracy = 87.0%
INFO:tensorflow:2020-01-27 01:00:00.283672: Step 450: Cross entropy = 0.424191
I0127 01:00:00.283689 140335769773888 retrain.py:1084] 2020-01-27 01:00:00.283672: Step 450: Cross entropy = 0.424191
INFO:tensorflow:2020-01-27 01:00:00.351325: Step 450: Validation accuracy = 54.0% (N=100)
I0127 01:00:00.351382 140335769773888 retrain.py:1100] 2020-01-27 01:00:00.351325: Step 450: Validation accuracy = 54.0% (N=100)
INFO:tensorflow:2020-01-27 01:00:01.049568: Step 460: Train accuracy = 89.0%
I0127 01:00:01.049625 140335769773888 retrain.py:1082] 2020-01-27 01:00:01.049568: Step 460: Train accuracy = 89.0%
INFO:tensorflow:2020-01-27 01:00:01.049782: Step 460: Cross entropy = 0.415777
I0127 01:00:01.049804 140335769773888 retrain.py:1084] 2020-01-27 01:00:01.049782: Step 460: Cross entropy = 0.415777
INFO:tensorflow:2020-01-27 01:00:01.115895: Step 460: Validation accuracy = 50.0% (N=100)
I0127 01:00:01.115952 140335769773888 retrain.py:1100] 2020-01-27 01:00:01.115895: Step 460: Validation accuracy = 50.0% (N=100)
INFO:tensorflow:2020-01-27 01:00:01.835757: Step 470: Train accuracy = 89.0%
I0127 01:00:01.835813 140335769773888 retrain.py:1082] 2020-01-27 01:00:01.835757: Step 470: Train accuracy = 89.0%
INFO:tensorflow:2020-01-27 01:00:01.835947: Step 470: Cross entropy = 0.493897
I0127 01:00:01.835964 140335769773888 retrain.py:1084] 2020-01-27 01:00:01.835947: Step 470: Cross entropy = 0.493897
INFO:tensorflow:2020-01-27 01:00:01.902482: Step 470: Validation accuracy = 46.0% (N=100)
I0127 01:00:01.902538 140335769773888 retrain.py:1100] 2020-01-27 01:00:01.902482: Step 470: Validation accuracy = 46.0% (N=100)
INFO:tensorflow:2020-01-27 01:00:02.633720: Step 480: Train accuracy = 88.0%
I0127 01:00:02.633776 140335769773888 retrain.py:1082] 2020-01-27 01:00:02.633720: Step 480: Train accuracy = 88.0%
INFO:tensorflow:2020-01-27 01:00:02.633928: Step 480: Cross entropy = 0.462712
I0127 01:00:02.633943 140335769773888 retrain.py:1084] 2020-01-27 01:00:02.633928: Step 480: Cross entropy = 0.462712
INFO:tensorflow:2020-01-27 01:00:02.700788: Step 480: Validation accuracy = 41.0% (N=100)
I0127 01:00:02.700844 140335769773888 retrain.py:1100] 2020-01-27 01:00:02.700788: Step 480: Validation accuracy = 41.0% (N=100)
INFO:tensorflow:2020-01-27 01:00:03.428487: Step 490: Train accuracy = 84.0%
I0127 01:00:03.428544 140335769773888 retrain.py:1082] 2020-01-27 01:00:03.428487: Step 490: Train accuracy = 84.0%
INFO:tensorflow:2020-01-27 01:00:03.428685: Step 490: Cross entropy = 0.451408
I0127 01:00:03.428704 140335769773888 retrain.py:1084] 2020-01-27 01:00:03.428685: Step 490: Cross entropy = 0.451408
INFO:tensorflow:2020-01-27 01:00:03.497615: Step 490: Validation accuracy = 47.0% (N=100)
I0127 01:00:03.497672 140335769773888 retrain.py:1100] 2020-01-27 01:00:03.497615: Step 490: Validation accuracy = 47.0% (N=100)
INFO:tensorflow:2020-01-27 01:00:04.219497: Step 500: Train accuracy = 89.0%
I0127 01:00:04.219556 140335769773888 retrain.py:1082] 2020-01-27 01:00:04.219497: Step 500: Train accuracy = 89.0%
INFO:tensorflow:2020-01-27 01:00:04.219700: Step 500: Cross entropy = 0.433283
I0127 01:00:04.219987 140335769773888 retrain.py:1084] 2020-01-27 01:00:04.219700: Step 500: Cross entropy = 0.433283
INFO:tensorflow:2020-01-27 01:00:04.289812: Step 500: Validation accuracy = 48.0% (N=100)
I0127 01:00:04.289870 140335769773888 retrain.py:1100] 2020-01-27 01:00:04.289812: Step 500: Validation accuracy = 48.0% (N=100)
INFO:tensorflow:2020-01-27 01:00:04.987167: Step 510: Train accuracy = 86.0%
I0127 01:00:04.987223 140335769773888 retrain.py:1082] 2020-01-27 01:00:04.987167: Step 510: Train accuracy = 86.0%
INFO:tensorflow:2020-01-27 01:00:04.987362: Step 510: Cross entropy = 0.433403
I0127 01:00:04.987379 140335769773888 retrain.py:1084] 2020-01-27 01:00:04.987362: Step 510: Cross entropy = 0.433403
INFO:tensorflow:2020-01-27 01:00:05.053560: Step 510: Validation accuracy = 45.0% (N=100)
I0127 01:00:05.053618 140335769773888 retrain.py:1100] 2020-01-27 01:00:05.053560: Step 510: Validation accuracy = 45.0% (N=100)
INFO:tensorflow:2020-01-27 01:00:05.779256: Step 520: Train accuracy = 86.0%
I0127 01:00:05.779312 140335769773888 retrain.py:1082] 2020-01-27 01:00:05.779256: Step 520: Train accuracy = 86.0%
INFO:tensorflow:2020-01-27 01:00:05.779443: Step 520: Cross entropy = 0.453560
I0127 01:00:05.779459 140335769773888 retrain.py:1084] 2020-01-27 01:00:05.779443: Step 520: Cross entropy = 0.453560
INFO:tensorflow:2020-01-27 01:00:05.846380: Step 520: Validation accuracy = 44.0% (N=100)
I0127 01:00:05.846437 140335769773888 retrain.py:1100] 2020-01-27 01:00:05.846380: Step 520: Validation accuracy = 44.0% (N=100)
INFO:tensorflow:2020-01-27 01:00:06.573053: Step 530: Train accuracy = 92.0%
I0127 01:00:06.573108 140335769773888 retrain.py:1082] 2020-01-27 01:00:06.573053: Step 530: Train accuracy = 92.0%
INFO:tensorflow:2020-01-27 01:00:06.573275: Step 530: Cross entropy = 0.394548
I0127 01:00:06.573293 140335769773888 retrain.py:1084] 2020-01-27 01:00:06.573275: Step 530: Cross entropy = 0.394548
INFO:tensorflow:2020-01-27 01:00:06.642422: Step 530: Validation accuracy = 47.0% (N=100)
I0127 01:00:06.642478 140335769773888 retrain.py:1100] 2020-01-27 01:00:06.642422: Step 530: Validation accuracy = 47.0% (N=100)
INFO:tensorflow:2020-01-27 01:00:07.370370: Step 540: Train accuracy = 83.0%
I0127 01:00:07.370427 140335769773888 retrain.py:1082] 2020-01-27 01:00:07.370370: Step 540: Train accuracy = 83.0%
INFO:tensorflow:2020-01-27 01:00:07.370583: Step 540: Cross entropy = 0.465488
I0127 01:00:07.370602 140335769773888 retrain.py:1084] 2020-01-27 01:00:07.370583: Step 540: Cross entropy = 0.465488
INFO:tensorflow:2020-01-27 01:00:07.437298: Step 540: Validation accuracy = 43.0% (N=100)
I0127 01:00:07.437354 140335769773888 retrain.py:1100] 2020-01-27 01:00:07.437298: Step 540: Validation accuracy = 43.0% (N=100)
INFO:tensorflow:2020-01-27 01:00:08.124217: Step 550: Train accuracy = 84.0%
I0127 01:00:08.124273 140335769773888 retrain.py:1082] 2020-01-27 01:00:08.124217: Step 550: Train accuracy = 84.0%
INFO:tensorflow:2020-01-27 01:00:08.124424: Step 550: Cross entropy = 0.458473
I0127 01:00:08.124440 140335769773888 retrain.py:1084] 2020-01-27 01:00:08.124424: Step 550: Cross entropy = 0.458473
INFO:tensorflow:2020-01-27 01:00:08.223729: Step 550: Validation accuracy = 53.0% (N=100)
I0127 01:00:08.223789 140335769773888 retrain.py:1100] 2020-01-27 01:00:08.223729: Step 550: Validation accuracy = 53.0% (N=100)
INFO:tensorflow:2020-01-27 01:00:08.933496: Step 560: Train accuracy = 84.0%
I0127 01:00:08.933554 140335769773888 retrain.py:1082] 2020-01-27 01:00:08.933496: Step 560: Train accuracy = 84.0%
INFO:tensorflow:2020-01-27 01:00:08.933707: Step 560: Cross entropy = 0.450203
I0127 01:00:08.933729 140335769773888 retrain.py:1084] 2020-01-27 01:00:08.933707: Step 560: Cross entropy = 0.450203
INFO:tensorflow:2020-01-27 01:00:08.999875: Step 560: Validation accuracy = 52.0% (N=100)
I0127 01:00:08.999933 140335769773888 retrain.py:1100] 2020-01-27 01:00:08.999875: Step 560: Validation accuracy = 52.0% (N=100)
INFO:tensorflow:2020-01-27 01:00:09.732608: Step 570: Train accuracy = 88.0%
I0127 01:00:09.732666 140335769773888 retrain.py:1082] 2020-01-27 01:00:09.732608: Step 570: Train accuracy = 88.0%
INFO:tensorflow:2020-01-27 01:00:09.732791: Step 570: Cross entropy = 0.403320
I0127 01:00:09.732808 140335769773888 retrain.py:1084] 2020-01-27 01:00:09.732791: Step 570: Cross entropy = 0.403320
INFO:tensorflow:2020-01-27 01:00:09.798503: Step 570: Validation accuracy = 44.0% (N=100)
I0127 01:00:09.798559 140335769773888 retrain.py:1100] 2020-01-27 01:00:09.798503: Step 570: Validation accuracy = 44.0% (N=100)
INFO:tensorflow:2020-01-27 01:00:10.533180: Step 580: Train accuracy = 89.0%
I0127 01:00:10.533248 140335769773888 retrain.py:1082] 2020-01-27 01:00:10.533180: Step 580: Train accuracy = 89.0%
INFO:tensorflow:2020-01-27 01:00:10.533383: Step 580: Cross entropy = 0.404681
I0127 01:00:10.533399 140335769773888 retrain.py:1084] 2020-01-27 01:00:10.533383: Step 580: Cross entropy = 0.404681
INFO:tensorflow:2020-01-27 01:00:10.602753: Step 580: Validation accuracy = 43.0% (N=100)
I0127 01:00:10.602808 140335769773888 retrain.py:1100] 2020-01-27 01:00:10.602753: Step 580: Validation accuracy = 43.0% (N=100)
INFO:tensorflow:2020-01-27 01:00:11.332377: Step 590: Train accuracy = 92.0%
I0127 01:00:11.332435 140335769773888 retrain.py:1082] 2020-01-27 01:00:11.332377: Step 590: Train accuracy = 92.0%
INFO:tensorflow:2020-01-27 01:00:11.332583: Step 590: Cross entropy = 0.409138
I0127 01:00:11.332600 140335769773888 retrain.py:1084] 2020-01-27 01:00:11.332583: Step 590: Cross entropy = 0.409138
INFO:tensorflow:2020-01-27 01:00:11.401534: Step 590: Validation accuracy = 50.0% (N=100)
I0127 01:00:11.401592 140335769773888 retrain.py:1100] 2020-01-27 01:00:11.401534: Step 590: Validation accuracy = 50.0% (N=100)
INFO:tensorflow:2020-01-27 01:00:12.090875: Step 600: Train accuracy = 89.0%
I0127 01:00:12.090932 140335769773888 retrain.py:1082] 2020-01-27 01:00:12.090875: Step 600: Train accuracy = 89.0%
INFO:tensorflow:2020-01-27 01:00:12.091060: Step 600: Cross entropy = 0.407009
I0127 01:00:12.091077 140335769773888 retrain.py:1084] 2020-01-27 01:00:12.091060: Step 600: Cross entropy = 0.407009
INFO:tensorflow:2020-01-27 01:00:12.188946: Step 600: Validation accuracy = 43.0% (N=100)
I0127 01:00:12.189049 140335769773888 retrain.py:1100] 2020-01-27 01:00:12.188946: Step 600: Validation accuracy = 43.0% (N=100)
INFO:tensorflow:2020-01-27 01:00:12.886473: Step 610: Train accuracy = 91.0%
I0127 01:00:12.886538 140335769773888 retrain.py:1082] 2020-01-27 01:00:12.886473: Step 610: Train accuracy = 91.0%
INFO:tensorflow:2020-01-27 01:00:12.886675: Step 610: Cross entropy = 0.432608
I0127 01:00:12.886693 140335769773888 retrain.py:1084] 2020-01-27 01:00:12.886675: Step 610: Cross entropy = 0.432608
INFO:tensorflow:2020-01-27 01:00:12.955736: Step 610: Validation accuracy = 45.0% (N=100)
I0127 01:00:12.955794 140335769773888 retrain.py:1100] 2020-01-27 01:00:12.955736: Step 610: Validation accuracy = 45.0% (N=100)
INFO:tensorflow:2020-01-27 01:00:13.689253: Step 620: Train accuracy = 90.0%
I0127 01:00:13.689311 140335769773888 retrain.py:1082] 2020-01-27 01:00:13.689253: Step 620: Train accuracy = 90.0%
INFO:tensorflow:2020-01-27 01:00:13.689456: Step 620: Cross entropy = 0.420433
I0127 01:00:13.689474 140335769773888 retrain.py:1084] 2020-01-27 01:00:13.689456: Step 620: Cross entropy = 0.420433
INFO:tensorflow:2020-01-27 01:00:13.755481: Step 620: Validation accuracy = 49.0% (N=100)
I0127 01:00:13.755539 140335769773888 retrain.py:1100] 2020-01-27 01:00:13.755481: Step 620: Validation accuracy = 49.0% (N=100)
INFO:tensorflow:2020-01-27 01:00:14.475391: Step 630: Train accuracy = 91.0%
I0127 01:00:14.475448 140335769773888 retrain.py:1082] 2020-01-27 01:00:14.475391: Step 630: Train accuracy = 91.0%
INFO:tensorflow:2020-01-27 01:00:14.475582: Step 630: Cross entropy = 0.395118
I0127 01:00:14.475599 140335769773888 retrain.py:1084] 2020-01-27 01:00:14.475582: Step 630: Cross entropy = 0.395118
INFO:tensorflow:2020-01-27 01:00:14.541454: Step 630: Validation accuracy = 40.0% (N=100)
I0127 01:00:14.541510 140335769773888 retrain.py:1100] 2020-01-27 01:00:14.541454: Step 630: Validation accuracy = 40.0% (N=100)
INFO:tensorflow:2020-01-27 01:00:15.272485: Step 640: Train accuracy = 83.0%
I0127 01:00:15.272543 140335769773888 retrain.py:1082] 2020-01-27 01:00:15.272485: Step 640: Train accuracy = 83.0%
INFO:tensorflow:2020-01-27 01:00:15.272671: Step 640: Cross entropy = 0.405717
I0127 01:00:15.272688 140335769773888 retrain.py:1084] 2020-01-27 01:00:15.272671: Step 640: Cross entropy = 0.405717
INFO:tensorflow:2020-01-27 01:00:15.341377: Step 640: Validation accuracy = 41.0% (N=100)
I0127 01:00:15.341433 140335769773888 retrain.py:1100] 2020-01-27 01:00:15.341377: Step 640: Validation accuracy = 41.0% (N=100)
INFO:tensorflow:2020-01-27 01:00:16.040022: Step 650: Train accuracy = 85.0%
I0127 01:00:16.040079 140335769773888 retrain.py:1082] 2020-01-27 01:00:16.040022: Step 650: Train accuracy = 85.0%
INFO:tensorflow:2020-01-27 01:00:16.040207: Step 650: Cross entropy = 0.424454
I0127 01:00:16.040223 140335769773888 retrain.py:1084] 2020-01-27 01:00:16.040207: Step 650: Cross entropy = 0.424454
INFO:tensorflow:2020-01-27 01:00:16.109436: Step 650: Validation accuracy = 43.0% (N=100)
I0127 01:00:16.109493 140335769773888 retrain.py:1100] 2020-01-27 01:00:16.109436: Step 650: Validation accuracy = 43.0% (N=100)
INFO:tensorflow:2020-01-27 01:00:16.841097: Step 660: Train accuracy = 85.0%
I0127 01:00:16.841154 140335769773888 retrain.py:1082] 2020-01-27 01:00:16.841097: Step 660: Train accuracy = 85.0%
INFO:tensorflow:2020-01-27 01:00:16.841311: Step 660: Cross entropy = 0.446377
I0127 01:00:16.841333 140335769773888 retrain.py:1084] 2020-01-27 01:00:16.841311: Step 660: Cross entropy = 0.446377
INFO:tensorflow:2020-01-27 01:00:16.907093: Step 660: Validation accuracy = 42.0% (N=100)
I0127 01:00:16.907166 140335769773888 retrain.py:1100] 2020-01-27 01:00:16.907093: Step 660: Validation accuracy = 42.0% (N=100)
INFO:tensorflow:2020-01-27 01:00:17.628631: Step 670: Train accuracy = 88.0%
I0127 01:00:17.628687 140335769773888 retrain.py:1082] 2020-01-27 01:00:17.628631: Step 670: Train accuracy = 88.0%
INFO:tensorflow:2020-01-27 01:00:17.628837: Step 670: Cross entropy = 0.415422
I0127 01:00:17.628853 140335769773888 retrain.py:1084] 2020-01-27 01:00:17.628837: Step 670: Cross entropy = 0.415422
INFO:tensorflow:2020-01-27 01:00:17.695697: Step 670: Validation accuracy = 52.0% (N=100)
I0127 01:00:17.695754 140335769773888 retrain.py:1100] 2020-01-27 01:00:17.695697: Step 670: Validation accuracy = 52.0% (N=100)
INFO:tensorflow:2020-01-27 01:00:18.420220: Step 680: Train accuracy = 87.0%
I0127 01:00:18.420278 140335769773888 retrain.py:1082] 2020-01-27 01:00:18.420220: Step 680: Train accuracy = 87.0%
INFO:tensorflow:2020-01-27 01:00:18.420437: Step 680: Cross entropy = 0.401415
I0127 01:00:18.420456 140335769773888 retrain.py:1084] 2020-01-27 01:00:18.420437: Step 680: Cross entropy = 0.401415
INFO:tensorflow:2020-01-27 01:00:18.487401: Step 680: Validation accuracy = 37.0% (N=100)
I0127 01:00:18.487457 140335769773888 retrain.py:1100] 2020-01-27 01:00:18.487401: Step 680: Validation accuracy = 37.0% (N=100)
INFO:tensorflow:2020-01-27 01:00:19.235225: Step 690: Train accuracy = 90.0%
I0127 01:00:19.235284 140335769773888 retrain.py:1082] 2020-01-27 01:00:19.235225: Step 690: Train accuracy = 90.0%
INFO:tensorflow:2020-01-27 01:00:19.235421: Step 690: Cross entropy = 0.407816
I0127 01:00:19.235438 140335769773888 retrain.py:1084] 2020-01-27 01:00:19.235421: Step 690: Cross entropy = 0.407816
INFO:tensorflow:2020-01-27 01:00:19.304300: Step 690: Validation accuracy = 55.0% (N=100)
I0127 01:00:19.304356 140335769773888 retrain.py:1100] 2020-01-27 01:00:19.304300: Step 690: Validation accuracy = 55.0% (N=100)
INFO:tensorflow:2020-01-27 01:00:20.002892: Step 700: Train accuracy = 91.0%
I0127 01:00:20.002948 140335769773888 retrain.py:1082] 2020-01-27 01:00:20.002892: Step 700: Train accuracy = 91.0%
INFO:tensorflow:2020-01-27 01:00:20.003087: Step 700: Cross entropy = 0.414308
I0127 01:00:20.003104 140335769773888 retrain.py:1084] 2020-01-27 01:00:20.003087: Step 700: Cross entropy = 0.414308
INFO:tensorflow:2020-01-27 01:00:20.073552: Step 700: Validation accuracy = 41.0% (N=100)
I0127 01:00:20.073609 140335769773888 retrain.py:1100] 2020-01-27 01:00:20.073552: Step 700: Validation accuracy = 41.0% (N=100)
INFO:tensorflow:2020-01-27 01:00:20.831968: Step 710: Train accuracy = 94.0%
I0127 01:00:20.832026 140335769773888 retrain.py:1082] 2020-01-27 01:00:20.831968: Step 710: Train accuracy = 94.0%
INFO:tensorflow:2020-01-27 01:00:20.832159: Step 710: Cross entropy = 0.384388
I0127 01:00:20.832177 140335769773888 retrain.py:1084] 2020-01-27 01:00:20.832159: Step 710: Cross entropy = 0.384388
INFO:tensorflow:2020-01-27 01:00:20.901538: Step 710: Validation accuracy = 46.0% (N=100)
I0127 01:00:20.901594 140335769773888 retrain.py:1100] 2020-01-27 01:00:20.901538: Step 710: Validation accuracy = 46.0% (N=100)
INFO:tensorflow:2020-01-27 01:00:21.624226: Step 720: Train accuracy = 92.0%
I0127 01:00:21.624282 140335769773888 retrain.py:1082] 2020-01-27 01:00:21.624226: Step 720: Train accuracy = 92.0%
INFO:tensorflow:2020-01-27 01:00:21.624434: Step 720: Cross entropy = 0.376051
I0127 01:00:21.624452 140335769773888 retrain.py:1084] 2020-01-27 01:00:21.624434: Step 720: Cross entropy = 0.376051
INFO:tensorflow:2020-01-27 01:00:21.690103: Step 720: Validation accuracy = 44.0% (N=100)
I0127 01:00:21.690162 140335769773888 retrain.py:1100] 2020-01-27 01:00:21.690103: Step 720: Validation accuracy = 44.0% (N=100)
INFO:tensorflow:2020-01-27 01:00:22.426419: Step 730: Train accuracy = 91.0%
I0127 01:00:22.426475 140335769773888 retrain.py:1082] 2020-01-27 01:00:22.426419: Step 730: Train accuracy = 91.0%
INFO:tensorflow:2020-01-27 01:00:22.426634: Step 730: Cross entropy = 0.398189
I0127 01:00:22.426651 140335769773888 retrain.py:1084] 2020-01-27 01:00:22.426634: Step 730: Cross entropy = 0.398189
INFO:tensorflow:2020-01-27 01:00:22.492850: Step 730: Validation accuracy = 42.0% (N=100)
I0127 01:00:22.492907 140335769773888 retrain.py:1100] 2020-01-27 01:00:22.492850: Step 730: Validation accuracy = 42.0% (N=100)
INFO:tensorflow:2020-01-27 01:00:23.235116: Step 740: Train accuracy = 90.0%
I0127 01:00:23.235173 140335769773888 retrain.py:1082] 2020-01-27 01:00:23.235116: Step 740: Train accuracy = 90.0%
INFO:tensorflow:2020-01-27 01:00:23.235327: Step 740: Cross entropy = 0.399141
I0127 01:00:23.235344 140335769773888 retrain.py:1084] 2020-01-27 01:00:23.235327: Step 740: Cross entropy = 0.399141
INFO:tensorflow:2020-01-27 01:00:23.302987: Step 740: Validation accuracy = 39.0% (N=100)
I0127 01:00:23.303042 140335769773888 retrain.py:1100] 2020-01-27 01:00:23.302987: Step 740: Validation accuracy = 39.0% (N=100)
INFO:tensorflow:2020-01-27 01:00:23.988937: Step 750: Train accuracy = 95.0%
I0127 01:00:23.988993 140335769773888 retrain.py:1082] 2020-01-27 01:00:23.988937: Step 750: Train accuracy = 95.0%
INFO:tensorflow:2020-01-27 01:00:23.989139: Step 750: Cross entropy = 0.375774
I0127 01:00:23.989156 140335769773888 retrain.py:1084] 2020-01-27 01:00:23.989139: Step 750: Cross entropy = 0.375774
INFO:tensorflow:2020-01-27 01:00:24.054963: Step 750: Validation accuracy = 40.0% (N=100)
I0127 01:00:24.055018 140335769773888 retrain.py:1100] 2020-01-27 01:00:24.054963: Step 750: Validation accuracy = 40.0% (N=100)
INFO:tensorflow:2020-01-27 01:00:24.792278: Step 760: Train accuracy = 86.0%
I0127 01:00:24.792336 140335769773888 retrain.py:1082] 2020-01-27 01:00:24.792278: Step 760: Train accuracy = 86.0%
INFO:tensorflow:2020-01-27 01:00:24.792468: Step 760: Cross entropy = 0.414403
I0127 01:00:24.792484 140335769773888 retrain.py:1084] 2020-01-27 01:00:24.792468: Step 760: Cross entropy = 0.414403
INFO:tensorflow:2020-01-27 01:00:24.859896: Step 760: Validation accuracy = 48.0% (N=100)
I0127 01:00:24.859953 140335769773888 retrain.py:1100] 2020-01-27 01:00:24.859896: Step 760: Validation accuracy = 48.0% (N=100)
INFO:tensorflow:2020-01-27 01:00:25.591593: Step 770: Train accuracy = 87.0%
I0127 01:00:25.591650 140335769773888 retrain.py:1082] 2020-01-27 01:00:25.591593: Step 770: Train accuracy = 87.0%
INFO:tensorflow:2020-01-27 01:00:25.591778: Step 770: Cross entropy = 0.389121
I0127 01:00:25.591794 140335769773888 retrain.py:1084] 2020-01-27 01:00:25.591778: Step 770: Cross entropy = 0.389121
INFO:tensorflow:2020-01-27 01:00:25.660929: Step 770: Validation accuracy = 57.0% (N=100)
I0127 01:00:25.660986 140335769773888 retrain.py:1100] 2020-01-27 01:00:25.660929: Step 770: Validation accuracy = 57.0% (N=100)
INFO:tensorflow:2020-01-27 01:00:26.383409: Step 780: Train accuracy = 87.0%
I0127 01:00:26.383463 140335769773888 retrain.py:1082] 2020-01-27 01:00:26.383409: Step 780: Train accuracy = 87.0%
INFO:tensorflow:2020-01-27 01:00:26.383603: Step 780: Cross entropy = 0.390881
I0127 01:00:26.383619 140335769773888 retrain.py:1084] 2020-01-27 01:00:26.383603: Step 780: Cross entropy = 0.390881
INFO:tensorflow:2020-01-27 01:00:26.449250: Step 780: Validation accuracy = 49.0% (N=100)
I0127 01:00:26.449309 140335769773888 retrain.py:1100] 2020-01-27 01:00:26.449250: Step 780: Validation accuracy = 49.0% (N=100)
INFO:tensorflow:2020-01-27 01:00:27.146772: Step 790: Train accuracy = 89.0%
I0127 01:00:27.146828 140335769773888 retrain.py:1082] 2020-01-27 01:00:27.146772: Step 790: Train accuracy = 89.0%
INFO:tensorflow:2020-01-27 01:00:27.146977: Step 790: Cross entropy = 0.420538
I0127 01:00:27.146994 140335769773888 retrain.py:1084] 2020-01-27 01:00:27.146977: Step 790: Cross entropy = 0.420538
INFO:tensorflow:2020-01-27 01:00:27.249039: Step 790: Validation accuracy = 46.0% (N=100)
I0127 01:00:27.249096 140335769773888 retrain.py:1100] 2020-01-27 01:00:27.249039: Step 790: Validation accuracy = 46.0% (N=100)
INFO:tensorflow:2020-01-27 01:00:27.947287: Step 800: Train accuracy = 92.0%
I0127 01:00:27.947342 140335769773888 retrain.py:1082] 2020-01-27 01:00:27.947287: Step 800: Train accuracy = 92.0%
INFO:tensorflow:2020-01-27 01:00:27.947485: Step 800: Cross entropy = 0.372221
I0127 01:00:27.947503 140335769773888 retrain.py:1084] 2020-01-27 01:00:27.947485: Step 800: Cross entropy = 0.372221
INFO:tensorflow:2020-01-27 01:00:28.014384: Step 800: Validation accuracy = 45.0% (N=100)
I0127 01:00:28.014441 140335769773888 retrain.py:1100] 2020-01-27 01:00:28.014384: Step 800: Validation accuracy = 45.0% (N=100)
INFO:tensorflow:2020-01-27 01:00:28.740834: Step 810: Train accuracy = 87.0%
I0127 01:00:28.740891 140335769773888 retrain.py:1082] 2020-01-27 01:00:28.740834: Step 810: Train accuracy = 87.0%
INFO:tensorflow:2020-01-27 01:00:28.741044: Step 810: Cross entropy = 0.419808
I0127 01:00:28.741063 140335769773888 retrain.py:1084] 2020-01-27 01:00:28.741044: Step 810: Cross entropy = 0.419808
INFO:tensorflow:2020-01-27 01:00:28.807243: Step 810: Validation accuracy = 56.0% (N=100)
I0127 01:00:28.807300 140335769773888 retrain.py:1100] 2020-01-27 01:00:28.807243: Step 810: Validation accuracy = 56.0% (N=100)
INFO:tensorflow:2020-01-27 01:00:29.529869: Step 820: Train accuracy = 95.0%
I0127 01:00:29.529925 140335769773888 retrain.py:1082] 2020-01-27 01:00:29.529869: Step 820: Train accuracy = 95.0%
INFO:tensorflow:2020-01-27 01:00:29.530068: Step 820: Cross entropy = 0.396489
I0127 01:00:29.530086 140335769773888 retrain.py:1084] 2020-01-27 01:00:29.530068: Step 820: Cross entropy = 0.396489
INFO:tensorflow:2020-01-27 01:00:29.598062: Step 820: Validation accuracy = 38.0% (N=100)
I0127 01:00:29.598118 140335769773888 retrain.py:1100] 2020-01-27 01:00:29.598062: Step 820: Validation accuracy = 38.0% (N=100)
INFO:tensorflow:2020-01-27 01:00:30.315760: Step 830: Train accuracy = 88.0%
I0127 01:00:30.315816 140335769773888 retrain.py:1082] 2020-01-27 01:00:30.315760: Step 830: Train accuracy = 88.0%
INFO:tensorflow:2020-01-27 01:00:30.315992: Step 830: Cross entropy = 0.408946
I0127 01:00:30.316008 140335769773888 retrain.py:1084] 2020-01-27 01:00:30.315992: Step 830: Cross entropy = 0.408946
INFO:tensorflow:2020-01-27 01:00:30.383874: Step 830: Validation accuracy = 45.0% (N=100)
I0127 01:00:30.383928 140335769773888 retrain.py:1100] 2020-01-27 01:00:30.383874: Step 830: Validation accuracy = 45.0% (N=100)
INFO:tensorflow:2020-01-27 01:00:31.079144: Step 840: Train accuracy = 94.0%
I0127 01:00:31.079200 140335769773888 retrain.py:1082] 2020-01-27 01:00:31.079144: Step 840: Train accuracy = 94.0%
INFO:tensorflow:2020-01-27 01:00:31.079340: Step 840: Cross entropy = 0.367505
I0127 01:00:31.079360 140335769773888 retrain.py:1084] 2020-01-27 01:00:31.079340: Step 840: Cross entropy = 0.367505
INFO:tensorflow:2020-01-27 01:00:31.148538: Step 840: Validation accuracy = 48.0% (N=100)
I0127 01:00:31.148594 140335769773888 retrain.py:1100] 2020-01-27 01:00:31.148538: Step 840: Validation accuracy = 48.0% (N=100)
INFO:tensorflow:2020-01-27 01:00:31.887395: Step 850: Train accuracy = 92.0%
I0127 01:00:31.887450 140335769773888 retrain.py:1082] 2020-01-27 01:00:31.887395: Step 850: Train accuracy = 92.0%
INFO:tensorflow:2020-01-27 01:00:31.887598: Step 850: Cross entropy = 0.343804
I0127 01:00:31.887616 140335769773888 retrain.py:1084] 2020-01-27 01:00:31.887598: Step 850: Cross entropy = 0.343804
INFO:tensorflow:2020-01-27 01:00:31.953053: Step 850: Validation accuracy = 62.0% (N=100)
I0127 01:00:31.953109 140335769773888 retrain.py:1100] 2020-01-27 01:00:31.953053: Step 850: Validation accuracy = 62.0% (N=100)
INFO:tensorflow:2020-01-27 01:00:32.674899: Step 860: Train accuracy = 98.0%
I0127 01:00:32.674957 140335769773888 retrain.py:1082] 2020-01-27 01:00:32.674899: Step 860: Train accuracy = 98.0%
INFO:tensorflow:2020-01-27 01:00:32.675097: Step 860: Cross entropy = 0.346649
I0127 01:00:32.675114 140335769773888 retrain.py:1084] 2020-01-27 01:00:32.675097: Step 860: Cross entropy = 0.346649
INFO:tensorflow:2020-01-27 01:00:32.741542: Step 860: Validation accuracy = 57.0% (N=100)
I0127 01:00:32.741597 140335769773888 retrain.py:1100] 2020-01-27 01:00:32.741542: Step 860: Validation accuracy = 57.0% (N=100)
INFO:tensorflow:2020-01-27 01:00:33.474166: Step 870: Train accuracy = 91.0%
I0127 01:00:33.474222 140335769773888 retrain.py:1082] 2020-01-27 01:00:33.474166: Step 870: Train accuracy = 91.0%
INFO:tensorflow:2020-01-27 01:00:33.474358: Step 870: Cross entropy = 0.380801
I0127 01:00:33.474374 140335769773888 retrain.py:1084] 2020-01-27 01:00:33.474358: Step 870: Cross entropy = 0.380801
INFO:tensorflow:2020-01-27 01:00:33.542678: Step 870: Validation accuracy = 45.0% (N=100)
I0127 01:00:33.542737 140335769773888 retrain.py:1100] 2020-01-27 01:00:33.542678: Step 870: Validation accuracy = 45.0% (N=100)
INFO:tensorflow:2020-01-27 01:00:34.264165: Step 880: Train accuracy = 88.0%
I0127 01:00:34.264225 140335769773888 retrain.py:1082] 2020-01-27 01:00:34.264165: Step 880: Train accuracy = 88.0%
INFO:tensorflow:2020-01-27 01:00:34.264358: Step 880: Cross entropy = 0.420621
I0127 01:00:34.264373 140335769773888 retrain.py:1084] 2020-01-27 01:00:34.264358: Step 880: Cross entropy = 0.420621
INFO:tensorflow:2020-01-27 01:00:34.333626: Step 880: Validation accuracy = 42.0% (N=100)
I0127 01:00:34.333683 140335769773888 retrain.py:1100] 2020-01-27 01:00:34.333626: Step 880: Validation accuracy = 42.0% (N=100)
INFO:tensorflow:2020-01-27 01:00:35.033552: Step 890: Train accuracy = 97.0%
I0127 01:00:35.033609 140335769773888 retrain.py:1082] 2020-01-27 01:00:35.033552: Step 890: Train accuracy = 97.0%
INFO:tensorflow:2020-01-27 01:00:35.033757: Step 890: Cross entropy = 0.336044
I0127 01:00:35.033774 140335769773888 retrain.py:1084] 2020-01-27 01:00:35.033757: Step 890: Cross entropy = 0.336044
INFO:tensorflow:2020-01-27 01:00:35.099490: Step 890: Validation accuracy = 59.0% (N=100)
I0127 01:00:35.099547 140335769773888 retrain.py:1100] 2020-01-27 01:00:35.099490: Step 890: Validation accuracy = 59.0% (N=100)
INFO:tensorflow:2020-01-27 01:00:35.820285: Step 900: Train accuracy = 96.0%
I0127 01:00:35.820344 140335769773888 retrain.py:1082] 2020-01-27 01:00:35.820285: Step 900: Train accuracy = 96.0%
INFO:tensorflow:2020-01-27 01:00:35.820475: Step 900: Cross entropy = 0.329827
I0127 01:00:35.820492 140335769773888 retrain.py:1084] 2020-01-27 01:00:35.820475: Step 900: Cross entropy = 0.329827
INFO:tensorflow:2020-01-27 01:00:35.887283: Step 900: Validation accuracy = 41.0% (N=100)
I0127 01:00:35.887339 140335769773888 retrain.py:1100] 2020-01-27 01:00:35.887283: Step 900: Validation accuracy = 41.0% (N=100)
INFO:tensorflow:2020-01-27 01:00:36.603209: Step 910: Train accuracy = 89.0%
I0127 01:00:36.603264 140335769773888 retrain.py:1082] 2020-01-27 01:00:36.603209: Step 910: Train accuracy = 89.0%
INFO:tensorflow:2020-01-27 01:00:36.603414: Step 910: Cross entropy = 0.361759
I0127 01:00:36.603428 140335769773888 retrain.py:1084] 2020-01-27 01:00:36.603414: Step 910: Cross entropy = 0.361759
INFO:tensorflow:2020-01-27 01:00:36.669067: Step 910: Validation accuracy = 49.0% (N=100)
I0127 01:00:36.669124 140335769773888 retrain.py:1100] 2020-01-27 01:00:36.669067: Step 910: Validation accuracy = 49.0% (N=100)
INFO:tensorflow:2020-01-27 01:00:37.397011: Step 920: Train accuracy = 91.0%
I0127 01:00:37.397067 140335769773888 retrain.py:1082] 2020-01-27 01:00:37.397011: Step 920: Train accuracy = 91.0%
INFO:tensorflow:2020-01-27 01:00:37.397237: Step 920: Cross entropy = 0.378307
I0127 01:00:37.397256 140335769773888 retrain.py:1084] 2020-01-27 01:00:37.397237: Step 920: Cross entropy = 0.378307
INFO:tensorflow:2020-01-27 01:00:37.466915: Step 920: Validation accuracy = 49.0% (N=100)
I0127 01:00:37.466973 140335769773888 retrain.py:1100] 2020-01-27 01:00:37.466915: Step 920: Validation accuracy = 49.0% (N=100)
INFO:tensorflow:2020-01-27 01:00:38.206584: Step 930: Train accuracy = 92.0%
I0127 01:00:38.206642 140335769773888 retrain.py:1082] 2020-01-27 01:00:38.206584: Step 930: Train accuracy = 92.0%
INFO:tensorflow:2020-01-27 01:00:38.206809: Step 930: Cross entropy = 0.375576
I0127 01:00:38.206835 140335769773888 retrain.py:1084] 2020-01-27 01:00:38.206809: Step 930: Cross entropy = 0.375576
INFO:tensorflow:2020-01-27 01:00:38.274952: Step 930: Validation accuracy = 54.0% (N=100)
I0127 01:00:38.275009 140335769773888 retrain.py:1100] 2020-01-27 01:00:38.274952: Step 930: Validation accuracy = 54.0% (N=100)
INFO:tensorflow:2020-01-27 01:00:38.968728: Step 940: Train accuracy = 89.0%
I0127 01:00:38.968785 140335769773888 retrain.py:1082] 2020-01-27 01:00:38.968728: Step 940: Train accuracy = 89.0%
INFO:tensorflow:2020-01-27 01:00:38.968920: Step 940: Cross entropy = 0.384806
I0127 01:00:38.968937 140335769773888 retrain.py:1084] 2020-01-27 01:00:38.968920: Step 940: Cross entropy = 0.384806
INFO:tensorflow:2020-01-27 01:00:39.036980: Step 940: Validation accuracy = 46.0% (N=100)
I0127 01:00:39.037039 140335769773888 retrain.py:1100] 2020-01-27 01:00:39.036980: Step 940: Validation accuracy = 46.0% (N=100)
INFO:tensorflow:2020-01-27 01:00:39.767828: Step 950: Train accuracy = 93.0%
I0127 01:00:39.767884 140335769773888 retrain.py:1082] 2020-01-27 01:00:39.767828: Step 950: Train accuracy = 93.0%
INFO:tensorflow:2020-01-27 01:00:39.768010: Step 950: Cross entropy = 0.350935
I0127 01:00:39.768025 140335769773888 retrain.py:1084] 2020-01-27 01:00:39.768010: Step 950: Cross entropy = 0.350935
INFO:tensorflow:2020-01-27 01:00:39.833340: Step 950: Validation accuracy = 45.0% (N=100)
I0127 01:00:39.833396 140335769773888 retrain.py:1100] 2020-01-27 01:00:39.833340: Step 950: Validation accuracy = 45.0% (N=100)
INFO:tensorflow:2020-01-27 01:00:40.552520: Step 960: Train accuracy = 87.0%
I0127 01:00:40.552577 140335769773888 retrain.py:1082] 2020-01-27 01:00:40.552520: Step 960: Train accuracy = 87.0%
INFO:tensorflow:2020-01-27 01:00:40.552728: Step 960: Cross entropy = 0.391556
I0127 01:00:40.552747 140335769773888 retrain.py:1084] 2020-01-27 01:00:40.552728: Step 960: Cross entropy = 0.391556
INFO:tensorflow:2020-01-27 01:00:40.618929: Step 960: Validation accuracy = 40.0% (N=100)
I0127 01:00:40.618985 140335769773888 retrain.py:1100] 2020-01-27 01:00:40.618929: Step 960: Validation accuracy = 40.0% (N=100)
INFO:tensorflow:2020-01-27 01:00:41.347662: Step 970: Train accuracy = 94.0%
I0127 01:00:41.347718 140335769773888 retrain.py:1082] 2020-01-27 01:00:41.347662: Step 970: Train accuracy = 94.0%
INFO:tensorflow:2020-01-27 01:00:41.347851: Step 970: Cross entropy = 0.351950
I0127 01:00:41.347869 140335769773888 retrain.py:1084] 2020-01-27 01:00:41.347851: Step 970: Cross entropy = 0.351950
INFO:tensorflow:2020-01-27 01:00:41.417046: Step 970: Validation accuracy = 46.0% (N=100)
I0127 01:00:41.417103 140335769773888 retrain.py:1100] 2020-01-27 01:00:41.417046: Step 970: Validation accuracy = 46.0% (N=100)
INFO:tensorflow:2020-01-27 01:00:42.106786: Step 980: Train accuracy = 95.0%
I0127 01:00:42.106844 140335769773888 retrain.py:1082] 2020-01-27 01:00:42.106786: Step 980: Train accuracy = 95.0%
INFO:tensorflow:2020-01-27 01:00:42.106993: Step 980: Cross entropy = 0.340531
I0127 01:00:42.107011 140335769773888 retrain.py:1084] 2020-01-27 01:00:42.106993: Step 980: Cross entropy = 0.340531
INFO:tensorflow:2020-01-27 01:00:42.205988: Step 980: Validation accuracy = 45.0% (N=100)
I0127 01:00:42.206046 140335769773888 retrain.py:1100] 2020-01-27 01:00:42.205988: Step 980: Validation accuracy = 45.0% (N=100)
INFO:tensorflow:2020-01-27 01:00:42.914545: Step 990: Train accuracy = 92.0%
I0127 01:00:42.914600 140335769773888 retrain.py:1082] 2020-01-27 01:00:42.914545: Step 990: Train accuracy = 92.0%
INFO:tensorflow:2020-01-27 01:00:42.914732: Step 990: Cross entropy = 0.339028
I0127 01:00:42.914751 140335769773888 retrain.py:1084] 2020-01-27 01:00:42.914732: Step 990: Cross entropy = 0.339028
INFO:tensorflow:2020-01-27 01:00:42.983174: Step 990: Validation accuracy = 56.0% (N=100)
I0127 01:00:42.983229 140335769773888 retrain.py:1100] 2020-01-27 01:00:42.983174: Step 990: Validation accuracy = 56.0% (N=100)
INFO:tensorflow:2020-01-27 01:00:43.700967: Step 1000: Train accuracy = 89.0%
I0127 01:00:43.701024 140335769773888 retrain.py:1082] 2020-01-27 01:00:43.700967: Step 1000: Train accuracy = 89.0%
INFO:tensorflow:2020-01-27 01:00:43.701154: Step 1000: Cross entropy = 0.373674
I0127 01:00:43.701168 140335769773888 retrain.py:1084] 2020-01-27 01:00:43.701154: Step 1000: Cross entropy = 0.373674
INFO:tensorflow:2020-01-27 01:00:43.766812: Step 1000: Validation accuracy = 43.0% (N=100)
I0127 01:00:43.766867 140335769773888 retrain.py:1100] 2020-01-27 01:00:43.766812: Step 1000: Validation accuracy = 43.0% (N=100)
INFO:tensorflow:2020-01-27 01:00:44.492279: Step 1010: Train accuracy = 92.0%
I0127 01:00:44.492335 140335769773888 retrain.py:1082] 2020-01-27 01:00:44.492279: Step 1010: Train accuracy = 92.0%
INFO:tensorflow:2020-01-27 01:00:44.492481: Step 1010: Cross entropy = 0.357583
I0127 01:00:44.492497 140335769773888 retrain.py:1084] 2020-01-27 01:00:44.492481: Step 1010: Cross entropy = 0.357583
INFO:tensorflow:2020-01-27 01:00:44.557918: Step 1010: Validation accuracy = 50.0% (N=100)
I0127 01:00:44.557976 140335769773888 retrain.py:1100] 2020-01-27 01:00:44.557918: Step 1010: Validation accuracy = 50.0% (N=100)
INFO:tensorflow:2020-01-27 01:00:45.283537: Step 1020: Train accuracy = 93.0%
I0127 01:00:45.283593 140335769773888 retrain.py:1082] 2020-01-27 01:00:45.283537: Step 1020: Train accuracy = 93.0%
INFO:tensorflow:2020-01-27 01:00:45.283730: Step 1020: Cross entropy = 0.350424
I0127 01:00:45.283747 140335769773888 retrain.py:1084] 2020-01-27 01:00:45.283730: Step 1020: Cross entropy = 0.350424
INFO:tensorflow:2020-01-27 01:00:45.350022: Step 1020: Validation accuracy = 49.0% (N=100)
I0127 01:00:45.350078 140335769773888 retrain.py:1100] 2020-01-27 01:00:45.350022: Step 1020: Validation accuracy = 49.0% (N=100)
INFO:tensorflow:2020-01-27 01:00:46.040693: Step 1030: Train accuracy = 93.0%
I0127 01:00:46.040752 140335769773888 retrain.py:1082] 2020-01-27 01:00:46.040693: Step 1030: Train accuracy = 93.0%
INFO:tensorflow:2020-01-27 01:00:46.040895: Step 1030: Cross entropy = 0.315063
I0127 01:00:46.040912 140335769773888 retrain.py:1084] 2020-01-27 01:00:46.040895: Step 1030: Cross entropy = 0.315063
INFO:tensorflow:2020-01-27 01:00:46.110246: Step 1030: Validation accuracy = 50.0% (N=100)
I0127 01:00:46.110301 140335769773888 retrain.py:1100] 2020-01-27 01:00:46.110246: Step 1030: Validation accuracy = 50.0% (N=100)
INFO:tensorflow:2020-01-27 01:00:46.836933: Step 1040: Train accuracy = 95.0%
I0127 01:00:46.836989 140335769773888 retrain.py:1082] 2020-01-27 01:00:46.836933: Step 1040: Train accuracy = 95.0%
INFO:tensorflow:2020-01-27 01:00:46.837151: Step 1040: Cross entropy = 0.356676
I0127 01:00:46.837171 140335769773888 retrain.py:1084] 2020-01-27 01:00:46.837151: Step 1040: Cross entropy = 0.356676
INFO:tensorflow:2020-01-27 01:00:46.904524: Step 1040: Validation accuracy = 61.0% (N=100)
I0127 01:00:46.904580 140335769773888 retrain.py:1100] 2020-01-27 01:00:46.904524: Step 1040: Validation accuracy = 61.0% (N=100)
INFO:tensorflow:2020-01-27 01:00:47.633572: Step 1050: Train accuracy = 95.0%
I0127 01:00:47.633629 140335769773888 retrain.py:1082] 2020-01-27 01:00:47.633572: Step 1050: Train accuracy = 95.0%
INFO:tensorflow:2020-01-27 01:00:47.633809: Step 1050: Cross entropy = 0.333473
I0127 01:00:47.633828 140335769773888 retrain.py:1084] 2020-01-27 01:00:47.633809: Step 1050: Cross entropy = 0.333473
INFO:tensorflow:2020-01-27 01:00:47.699428: Step 1050: Validation accuracy = 56.0% (N=100)
I0127 01:00:47.699485 140335769773888 retrain.py:1100] 2020-01-27 01:00:47.699428: Step 1050: Validation accuracy = 56.0% (N=100)
INFO:tensorflow:2020-01-27 01:00:48.420554: Step 1060: Train accuracy = 94.0%
I0127 01:00:48.420610 140335769773888 retrain.py:1082] 2020-01-27 01:00:48.420554: Step 1060: Train accuracy = 94.0%
INFO:tensorflow:2020-01-27 01:00:48.420759: Step 1060: Cross entropy = 0.363433
I0127 01:00:48.420773 140335769773888 retrain.py:1084] 2020-01-27 01:00:48.420759: Step 1060: Cross entropy = 0.363433
INFO:tensorflow:2020-01-27 01:00:48.488216: Step 1060: Validation accuracy = 44.0% (N=100)
I0127 01:00:48.488273 140335769773888 retrain.py:1100] 2020-01-27 01:00:48.488216: Step 1060: Validation accuracy = 44.0% (N=100)
INFO:tensorflow:2020-01-27 01:00:49.209696: Step 1070: Train accuracy = 95.0%
I0127 01:00:49.209754 140335769773888 retrain.py:1082] 2020-01-27 01:00:49.209696: Step 1070: Train accuracy = 95.0%
INFO:tensorflow:2020-01-27 01:00:49.209918: Step 1070: Cross entropy = 0.334589
I0127 01:00:49.209940 140335769773888 retrain.py:1084] 2020-01-27 01:00:49.209918: Step 1070: Cross entropy = 0.334589
INFO:tensorflow:2020-01-27 01:00:49.280319: Step 1070: Validation accuracy = 48.0% (N=100)
I0127 01:00:49.280374 140335769773888 retrain.py:1100] 2020-01-27 01:00:49.280319: Step 1070: Validation accuracy = 48.0% (N=100)
INFO:tensorflow:2020-01-27 01:00:49.974966: Step 1080: Train accuracy = 97.0%
I0127 01:00:49.975024 140335769773888 retrain.py:1082] 2020-01-27 01:00:49.974966: Step 1080: Train accuracy = 97.0%
INFO:tensorflow:2020-01-27 01:00:49.975162: Step 1080: Cross entropy = 0.306186
I0127 01:00:49.975178 140335769773888 retrain.py:1084] 2020-01-27 01:00:49.975162: Step 1080: Cross entropy = 0.306186
INFO:tensorflow:2020-01-27 01:00:50.042862: Step 1080: Validation accuracy = 47.0% (N=100)
I0127 01:00:50.042919 140335769773888 retrain.py:1100] 2020-01-27 01:00:50.042862: Step 1080: Validation accuracy = 47.0% (N=100)
INFO:tensorflow:2020-01-27 01:00:50.771567: Step 1090: Train accuracy = 94.0%
I0127 01:00:50.771626 140335769773888 retrain.py:1082] 2020-01-27 01:00:50.771567: Step 1090: Train accuracy = 94.0%
INFO:tensorflow:2020-01-27 01:00:50.771777: Step 1090: Cross entropy = 0.336316
I0127 01:00:50.771791 140335769773888 retrain.py:1084] 2020-01-27 01:00:50.771777: Step 1090: Cross entropy = 0.336316
INFO:tensorflow:2020-01-27 01:00:50.838866: Step 1090: Validation accuracy = 51.0% (N=100)
I0127 01:00:50.838922 140335769773888 retrain.py:1100] 2020-01-27 01:00:50.838866: Step 1090: Validation accuracy = 51.0% (N=100)
INFO:tensorflow:2020-01-27 01:00:51.567074: Step 1100: Train accuracy = 92.0%
I0127 01:00:51.567132 140335769773888 retrain.py:1082] 2020-01-27 01:00:51.567074: Step 1100: Train accuracy = 92.0%
INFO:tensorflow:2020-01-27 01:00:51.567261: Step 1100: Cross entropy = 0.361093
I0127 01:00:51.567276 140335769773888 retrain.py:1084] 2020-01-27 01:00:51.567261: Step 1100: Cross entropy = 0.361093
INFO:tensorflow:2020-01-27 01:00:51.632815: Step 1100: Validation accuracy = 42.0% (N=100)
I0127 01:00:51.632872 140335769773888 retrain.py:1100] 2020-01-27 01:00:51.632815: Step 1100: Validation accuracy = 42.0% (N=100)
INFO:tensorflow:2020-01-27 01:00:52.366434: Step 1110: Train accuracy = 93.0%
I0127 01:00:52.366489 140335769773888 retrain.py:1082] 2020-01-27 01:00:52.366434: Step 1110: Train accuracy = 93.0%
INFO:tensorflow:2020-01-27 01:00:52.366628: Step 1110: Cross entropy = 0.353647
I0127 01:00:52.366645 140335769773888 retrain.py:1084] 2020-01-27 01:00:52.366628: Step 1110: Cross entropy = 0.353647
INFO:tensorflow:2020-01-27 01:00:52.434666: Step 1110: Validation accuracy = 46.0% (N=100)
I0127 01:00:52.434721 140335769773888 retrain.py:1100] 2020-01-27 01:00:52.434666: Step 1110: Validation accuracy = 46.0% (N=100)
INFO:tensorflow:2020-01-27 01:00:53.120795: Step 1120: Train accuracy = 91.0%
I0127 01:00:53.120852 140335769773888 retrain.py:1082] 2020-01-27 01:00:53.120795: Step 1120: Train accuracy = 91.0%
INFO:tensorflow:2020-01-27 01:00:53.121000: Step 1120: Cross entropy = 0.374476
I0127 01:00:53.121017 140335769773888 retrain.py:1084] 2020-01-27 01:00:53.121000: Step 1120: Cross entropy = 0.374476
INFO:tensorflow:2020-01-27 01:00:53.220325: Step 1120: Validation accuracy = 50.0% (N=100)
I0127 01:00:53.220381 140335769773888 retrain.py:1100] 2020-01-27 01:00:53.220325: Step 1120: Validation accuracy = 50.0% (N=100)
INFO:tensorflow:2020-01-27 01:00:53.907307: Step 1130: Train accuracy = 91.0%
I0127 01:00:53.907364 140335769773888 retrain.py:1082] 2020-01-27 01:00:53.907307: Step 1130: Train accuracy = 91.0%
INFO:tensorflow:2020-01-27 01:00:53.907514: Step 1130: Cross entropy = 0.341558
I0127 01:00:53.907531 140335769773888 retrain.py:1084] 2020-01-27 01:00:53.907514: Step 1130: Cross entropy = 0.341558
INFO:tensorflow:2020-01-27 01:00:53.974138: Step 1130: Validation accuracy = 45.0% (N=100)
I0127 01:00:53.974194 140335769773888 retrain.py:1100] 2020-01-27 01:00:53.974138: Step 1130: Validation accuracy = 45.0% (N=100)
INFO:tensorflow:2020-01-27 01:00:54.710371: Step 1140: Train accuracy = 87.0%
I0127 01:00:54.710428 140335769773888 retrain.py:1082] 2020-01-27 01:00:54.710371: Step 1140: Train accuracy = 87.0%
INFO:tensorflow:2020-01-27 01:00:54.710567: Step 1140: Cross entropy = 0.376094
I0127 01:00:54.710585 140335769773888 retrain.py:1084] 2020-01-27 01:00:54.710567: Step 1140: Cross entropy = 0.376094
INFO:tensorflow:2020-01-27 01:00:54.776493: Step 1140: Validation accuracy = 56.0% (N=100)
I0127 01:00:54.776548 140335769773888 retrain.py:1100] 2020-01-27 01:00:54.776493: Step 1140: Validation accuracy = 56.0% (N=100)
INFO:tensorflow:2020-01-27 01:00:55.509199: Step 1150: Train accuracy = 94.0%
I0127 01:00:55.509257 140335769773888 retrain.py:1082] 2020-01-27 01:00:55.509199: Step 1150: Train accuracy = 94.0%
INFO:tensorflow:2020-01-27 01:00:55.509389: Step 1150: Cross entropy = 0.330649
I0127 01:00:55.509405 140335769773888 retrain.py:1084] 2020-01-27 01:00:55.509389: Step 1150: Cross entropy = 0.330649
INFO:tensorflow:2020-01-27 01:00:55.576263: Step 1150: Validation accuracy = 44.0% (N=100)
I0127 01:00:55.576327 140335769773888 retrain.py:1100] 2020-01-27 01:00:55.576263: Step 1150: Validation accuracy = 44.0% (N=100)
INFO:tensorflow:2020-01-27 01:00:56.308726: Step 1160: Train accuracy = 94.0%
I0127 01:00:56.308782 140335769773888 retrain.py:1082] 2020-01-27 01:00:56.308726: Step 1160: Train accuracy = 94.0%
INFO:tensorflow:2020-01-27 01:00:56.308941: Step 1160: Cross entropy = 0.331564
I0127 01:00:56.308962 140335769773888 retrain.py:1084] 2020-01-27 01:00:56.308941: Step 1160: Cross entropy = 0.331564
INFO:tensorflow:2020-01-27 01:00:56.377091: Step 1160: Validation accuracy = 50.0% (N=100)
I0127 01:00:56.377149 140335769773888 retrain.py:1100] 2020-01-27 01:00:56.377091: Step 1160: Validation accuracy = 50.0% (N=100)
INFO:tensorflow:2020-01-27 01:00:57.075808: Step 1170: Train accuracy = 93.0%
I0127 01:00:57.075865 140335769773888 retrain.py:1082] 2020-01-27 01:00:57.075808: Step 1170: Train accuracy = 93.0%
INFO:tensorflow:2020-01-27 01:00:57.075996: Step 1170: Cross entropy = 0.305468
I0127 01:00:57.076013 140335769773888 retrain.py:1084] 2020-01-27 01:00:57.075996: Step 1170: Cross entropy = 0.305468
INFO:tensorflow:2020-01-27 01:00:57.145962: Step 1170: Validation accuracy = 55.0% (N=100)
I0127 01:00:57.146019 140335769773888 retrain.py:1100] 2020-01-27 01:00:57.145962: Step 1170: Validation accuracy = 55.0% (N=100)
INFO:tensorflow:2020-01-27 01:00:57.874840: Step 1180: Train accuracy = 96.0%
I0127 01:00:57.874896 140335769773888 retrain.py:1082] 2020-01-27 01:00:57.874840: Step 1180: Train accuracy = 96.0%
INFO:tensorflow:2020-01-27 01:00:57.875031: Step 1180: Cross entropy = 0.313590
I0127 01:00:57.875051 140335769773888 retrain.py:1084] 2020-01-27 01:00:57.875031: Step 1180: Cross entropy = 0.313590
INFO:tensorflow:2020-01-27 01:00:57.944554: Step 1180: Validation accuracy = 51.0% (N=100)
I0127 01:00:57.944610 140335769773888 retrain.py:1100] 2020-01-27 01:00:57.944554: Step 1180: Validation accuracy = 51.0% (N=100)
INFO:tensorflow:2020-01-27 01:00:58.667548: Step 1190: Train accuracy = 93.0%
I0127 01:00:58.667603 140335769773888 retrain.py:1082] 2020-01-27 01:00:58.667548: Step 1190: Train accuracy = 93.0%
INFO:tensorflow:2020-01-27 01:00:58.667733: Step 1190: Cross entropy = 0.315559
I0127 01:00:58.667748 140335769773888 retrain.py:1084] 2020-01-27 01:00:58.667733: Step 1190: Cross entropy = 0.315559
INFO:tensorflow:2020-01-27 01:00:58.737258: Step 1190: Validation accuracy = 43.0% (N=100)
I0127 01:00:58.737315 140335769773888 retrain.py:1100] 2020-01-27 01:00:58.737258: Step 1190: Validation accuracy = 43.0% (N=100)
INFO:tensorflow:2020-01-27 01:00:59.461504: Step 1200: Train accuracy = 94.0%
I0127 01:00:59.461561 140335769773888 retrain.py:1082] 2020-01-27 01:00:59.461504: Step 1200: Train accuracy = 94.0%
INFO:tensorflow:2020-01-27 01:00:59.461689: Step 1200: Cross entropy = 0.305612
I0127 01:00:59.461706 140335769773888 retrain.py:1084] 2020-01-27 01:00:59.461689: Step 1200: Cross entropy = 0.305612
INFO:tensorflow:2020-01-27 01:00:59.528976: Step 1200: Validation accuracy = 51.0% (N=100)
I0127 01:00:59.529032 140335769773888 retrain.py:1100] 2020-01-27 01:00:59.528976: Step 1200: Validation accuracy = 51.0% (N=100)
INFO:tensorflow:2020-01-27 01:01:00.265454: Step 1210: Train accuracy = 98.0%
I0127 01:01:00.265512 140335769773888 retrain.py:1082] 2020-01-27 01:01:00.265454: Step 1210: Train accuracy = 98.0%
INFO:tensorflow:2020-01-27 01:01:00.265649: Step 1210: Cross entropy = 0.314094
I0127 01:01:00.265666 140335769773888 retrain.py:1084] 2020-01-27 01:01:00.265649: Step 1210: Cross entropy = 0.314094
INFO:tensorflow:2020-01-27 01:01:00.334041: Step 1210: Validation accuracy = 50.0% (N=100)
I0127 01:01:00.334115 140335769773888 retrain.py:1100] 2020-01-27 01:01:00.334041: Step 1210: Validation accuracy = 50.0% (N=100)
INFO:tensorflow:2020-01-27 01:01:01.034238: Step 1220: Train accuracy = 92.0%
I0127 01:01:01.034295 140335769773888 retrain.py:1082] 2020-01-27 01:01:01.034238: Step 1220: Train accuracy = 92.0%
INFO:tensorflow:2020-01-27 01:01:01.034456: Step 1220: Cross entropy = 0.356406
I0127 01:01:01.034476 140335769773888 retrain.py:1084] 2020-01-27 01:01:01.034456: Step 1220: Cross entropy = 0.356406
INFO:tensorflow:2020-01-27 01:01:01.102068: Step 1220: Validation accuracy = 51.0% (N=100)
I0127 01:01:01.102125 140335769773888 retrain.py:1100] 2020-01-27 01:01:01.102068: Step 1220: Validation accuracy = 51.0% (N=100)
INFO:tensorflow:2020-01-27 01:01:01.829922: Step 1230: Train accuracy = 90.0%
I0127 01:01:01.829978 140335769773888 retrain.py:1082] 2020-01-27 01:01:01.829922: Step 1230: Train accuracy = 90.0%
INFO:tensorflow:2020-01-27 01:01:01.830108: Step 1230: Cross entropy = 0.379109
I0127 01:01:01.830123 140335769773888 retrain.py:1084] 2020-01-27 01:01:01.830108: Step 1230: Cross entropy = 0.379109
INFO:tensorflow:2020-01-27 01:01:01.897062: Step 1230: Validation accuracy = 48.0% (N=100)
I0127 01:01:01.897119 140335769773888 retrain.py:1100] 2020-01-27 01:01:01.897062: Step 1230: Validation accuracy = 48.0% (N=100)
INFO:tensorflow:2020-01-27 01:01:02.617544: Step 1240: Train accuracy = 93.0%
I0127 01:01:02.617604 140335769773888 retrain.py:1082] 2020-01-27 01:01:02.617544: Step 1240: Train accuracy = 93.0%
INFO:tensorflow:2020-01-27 01:01:02.617754: Step 1240: Cross entropy = 0.318760
I0127 01:01:02.617770 140335769773888 retrain.py:1084] 2020-01-27 01:01:02.617754: Step 1240: Cross entropy = 0.318760
INFO:tensorflow:2020-01-27 01:01:02.687143: Step 1240: Validation accuracy = 50.0% (N=100)
I0127 01:01:02.687198 140335769773888 retrain.py:1100] 2020-01-27 01:01:02.687143: Step 1240: Validation accuracy = 50.0% (N=100)
INFO:tensorflow:2020-01-27 01:01:03.412048: Step 1250: Train accuracy = 86.0%
I0127 01:01:03.412104 140335769773888 retrain.py:1082] 2020-01-27 01:01:03.412048: Step 1250: Train accuracy = 86.0%
INFO:tensorflow:2020-01-27 01:01:03.412236: Step 1250: Cross entropy = 0.351218
I0127 01:01:03.412255 140335769773888 retrain.py:1084] 2020-01-27 01:01:03.412236: Step 1250: Cross entropy = 0.351218
INFO:tensorflow:2020-01-27 01:01:03.480953: Step 1250: Validation accuracy = 62.0% (N=100)
I0127 01:01:03.481009 140335769773888 retrain.py:1100] 2020-01-27 01:01:03.480953: Step 1250: Validation accuracy = 62.0% (N=100)
INFO:tensorflow:2020-01-27 01:01:04.202535: Step 1260: Train accuracy = 95.0%
I0127 01:01:04.202598 140335769773888 retrain.py:1082] 2020-01-27 01:01:04.202535: Step 1260: Train accuracy = 95.0%
INFO:tensorflow:2020-01-27 01:01:04.202746: Step 1260: Cross entropy = 0.322126
I0127 01:01:04.202766 140335769773888 retrain.py:1084] 2020-01-27 01:01:04.202746: Step 1260: Cross entropy = 0.322126
INFO:tensorflow:2020-01-27 01:01:04.271420: Step 1260: Validation accuracy = 47.0% (N=100)
I0127 01:01:04.271477 140335769773888 retrain.py:1100] 2020-01-27 01:01:04.271420: Step 1260: Validation accuracy = 47.0% (N=100)
INFO:tensorflow:2020-01-27 01:01:04.973683: Step 1270: Train accuracy = 99.0%
I0127 01:01:04.973740 140335769773888 retrain.py:1082] 2020-01-27 01:01:04.973683: Step 1270: Train accuracy = 99.0%
INFO:tensorflow:2020-01-27 01:01:04.973872: Step 1270: Cross entropy = 0.316040
I0127 01:01:04.973889 140335769773888 retrain.py:1084] 2020-01-27 01:01:04.973872: Step 1270: Cross entropy = 0.316040
INFO:tensorflow:2020-01-27 01:01:05.040879: Step 1270: Validation accuracy = 50.0% (N=100)
I0127 01:01:05.040935 140335769773888 retrain.py:1100] 2020-01-27 01:01:05.040879: Step 1270: Validation accuracy = 50.0% (N=100)
INFO:tensorflow:2020-01-27 01:01:05.769177: Step 1280: Train accuracy = 92.0%
I0127 01:01:05.769246 140335769773888 retrain.py:1082] 2020-01-27 01:01:05.769177: Step 1280: Train accuracy = 92.0%
INFO:tensorflow:2020-01-27 01:01:05.769401: Step 1280: Cross entropy = 0.335792
I0127 01:01:05.769419 140335769773888 retrain.py:1084] 2020-01-27 01:01:05.769401: Step 1280: Cross entropy = 0.335792
INFO:tensorflow:2020-01-27 01:01:05.836854: Step 1280: Validation accuracy = 45.0% (N=100)
I0127 01:01:05.836909 140335769773888 retrain.py:1100] 2020-01-27 01:01:05.836854: Step 1280: Validation accuracy = 45.0% (N=100)
INFO:tensorflow:2020-01-27 01:01:06.571727: Step 1290: Train accuracy = 97.0%
I0127 01:01:06.571784 140335769773888 retrain.py:1082] 2020-01-27 01:01:06.571727: Step 1290: Train accuracy = 97.0%
INFO:tensorflow:2020-01-27 01:01:06.571914: Step 1290: Cross entropy = 0.326957
I0127 01:01:06.571930 140335769773888 retrain.py:1084] 2020-01-27 01:01:06.571914: Step 1290: Cross entropy = 0.326957
INFO:tensorflow:2020-01-27 01:01:06.641262: Step 1290: Validation accuracy = 54.0% (N=100)
I0127 01:01:06.641319 140335769773888 retrain.py:1100] 2020-01-27 01:01:06.641262: Step 1290: Validation accuracy = 54.0% (N=100)
INFO:tensorflow:2020-01-27 01:01:07.364879: Step 1300: Train accuracy = 96.0%
I0127 01:01:07.364936 140335769773888 retrain.py:1082] 2020-01-27 01:01:07.364879: Step 1300: Train accuracy = 96.0%
INFO:tensorflow:2020-01-27 01:01:07.365063: Step 1300: Cross entropy = 0.305172
I0127 01:01:07.365081 140335769773888 retrain.py:1084] 2020-01-27 01:01:07.365063: Step 1300: Cross entropy = 0.305172
INFO:tensorflow:2020-01-27 01:01:07.434786: Step 1300: Validation accuracy = 45.0% (N=100)
I0127 01:01:07.434843 140335769773888 retrain.py:1100] 2020-01-27 01:01:07.434786: Step 1300: Validation accuracy = 45.0% (N=100)
INFO:tensorflow:2020-01-27 01:01:08.130839: Step 1310: Train accuracy = 93.0%
I0127 01:01:08.130895 140335769773888 retrain.py:1082] 2020-01-27 01:01:08.130839: Step 1310: Train accuracy = 93.0%
INFO:tensorflow:2020-01-27 01:01:08.131033: Step 1310: Cross entropy = 0.324151
I0127 01:01:08.131051 140335769773888 retrain.py:1084] 2020-01-27 01:01:08.131033: Step 1310: Cross entropy = 0.324151
INFO:tensorflow:2020-01-27 01:01:08.234744: Step 1310: Validation accuracy = 48.0% (N=100)
I0127 01:01:08.234802 140335769773888 retrain.py:1100] 2020-01-27 01:01:08.234744: Step 1310: Validation accuracy = 48.0% (N=100)
INFO:tensorflow:2020-01-27 01:01:08.920878: Step 1320: Train accuracy = 93.0%
I0127 01:01:08.920946 140335769773888 retrain.py:1082] 2020-01-27 01:01:08.920878: Step 1320: Train accuracy = 93.0%
INFO:tensorflow:2020-01-27 01:01:08.921142: Step 1320: Cross entropy = 0.293053
I0127 01:01:08.921169 140335769773888 retrain.py:1084] 2020-01-27 01:01:08.921142: Step 1320: Cross entropy = 0.293053
INFO:tensorflow:2020-01-27 01:01:08.987193: Step 1320: Validation accuracy = 48.0% (N=100)
I0127 01:01:08.987251 140335769773888 retrain.py:1100] 2020-01-27 01:01:08.987193: Step 1320: Validation accuracy = 48.0% (N=100)
INFO:tensorflow:2020-01-27 01:01:09.725618: Step 1330: Train accuracy = 94.0%
I0127 01:01:09.725675 140335769773888 retrain.py:1082] 2020-01-27 01:01:09.725618: Step 1330: Train accuracy = 94.0%
INFO:tensorflow:2020-01-27 01:01:09.725814: Step 1330: Cross entropy = 0.305853
I0127 01:01:09.725830 140335769773888 retrain.py:1084] 2020-01-27 01:01:09.725814: Step 1330: Cross entropy = 0.305853
INFO:tensorflow:2020-01-27 01:01:09.795197: Step 1330: Validation accuracy = 45.0% (N=100)
I0127 01:01:09.795253 140335769773888 retrain.py:1100] 2020-01-27 01:01:09.795197: Step 1330: Validation accuracy = 45.0% (N=100)
INFO:tensorflow:2020-01-27 01:01:10.535638: Step 1340: Train accuracy = 93.0%
I0127 01:01:10.535695 140335769773888 retrain.py:1082] 2020-01-27 01:01:10.535638: Step 1340: Train accuracy = 93.0%
INFO:tensorflow:2020-01-27 01:01:10.535850: Step 1340: Cross entropy = 0.310013
I0127 01:01:10.535873 140335769773888 retrain.py:1084] 2020-01-27 01:01:10.535850: Step 1340: Cross entropy = 0.310013
INFO:tensorflow:2020-01-27 01:01:10.605079: Step 1340: Validation accuracy = 40.0% (N=100)
I0127 01:01:10.605135 140335769773888 retrain.py:1100] 2020-01-27 01:01:10.605079: Step 1340: Validation accuracy = 40.0% (N=100)
INFO:tensorflow:2020-01-27 01:01:11.334364: Step 1350: Train accuracy = 95.0%
I0127 01:01:11.334421 140335769773888 retrain.py:1082] 2020-01-27 01:01:11.334364: Step 1350: Train accuracy = 95.0%
INFO:tensorflow:2020-01-27 01:01:11.334558: Step 1350: Cross entropy = 0.290760
I0127 01:01:11.334575 140335769773888 retrain.py:1084] 2020-01-27 01:01:11.334558: Step 1350: Cross entropy = 0.290760
INFO:tensorflow:2020-01-27 01:01:11.401096: Step 1350: Validation accuracy = 53.0% (N=100)
I0127 01:01:11.401154 140335769773888 retrain.py:1100] 2020-01-27 01:01:11.401096: Step 1350: Validation accuracy = 53.0% (N=100)
INFO:tensorflow:2020-01-27 01:01:12.102585: Step 1360: Train accuracy = 99.0%
I0127 01:01:12.102646 140335769773888 retrain.py:1082] 2020-01-27 01:01:12.102585: Step 1360: Train accuracy = 99.0%
INFO:tensorflow:2020-01-27 01:01:12.102796: Step 1360: Cross entropy = 0.283562
I0127 01:01:12.102812 140335769773888 retrain.py:1084] 2020-01-27 01:01:12.102796: Step 1360: Cross entropy = 0.283562
INFO:tensorflow:2020-01-27 01:01:12.199837: Step 1360: Validation accuracy = 57.0% (N=100)
I0127 01:01:12.199899 140335769773888 retrain.py:1100] 2020-01-27 01:01:12.199837: Step 1360: Validation accuracy = 57.0% (N=100)
INFO:tensorflow:2020-01-27 01:01:12.901566: Step 1370: Train accuracy = 95.0%
I0127 01:01:12.901621 140335769773888 retrain.py:1082] 2020-01-27 01:01:12.901566: Step 1370: Train accuracy = 95.0%
INFO:tensorflow:2020-01-27 01:01:12.901771: Step 1370: Cross entropy = 0.325020
I0127 01:01:12.901789 140335769773888 retrain.py:1084] 2020-01-27 01:01:12.901771: Step 1370: Cross entropy = 0.325020
INFO:tensorflow:2020-01-27 01:01:12.971239: Step 1370: Validation accuracy = 57.0% (N=100)
I0127 01:01:12.971296 140335769773888 retrain.py:1100] 2020-01-27 01:01:12.971239: Step 1370: Validation accuracy = 57.0% (N=100)
INFO:tensorflow:2020-01-27 01:01:13.690824: Step 1380: Train accuracy = 97.0%
I0127 01:01:13.690881 140335769773888 retrain.py:1082] 2020-01-27 01:01:13.690824: Step 1380: Train accuracy = 97.0%
INFO:tensorflow:2020-01-27 01:01:13.691008: Step 1380: Cross entropy = 0.303718
I0127 01:01:13.691022 140335769773888 retrain.py:1084] 2020-01-27 01:01:13.691008: Step 1380: Cross entropy = 0.303718
INFO:tensorflow:2020-01-27 01:01:13.757742: Step 1380: Validation accuracy = 53.0% (N=100)
I0127 01:01:13.757797 140335769773888 retrain.py:1100] 2020-01-27 01:01:13.757742: Step 1380: Validation accuracy = 53.0% (N=100)
INFO:tensorflow:2020-01-27 01:01:14.489386: Step 1390: Train accuracy = 93.0%
I0127 01:01:14.489442 140335769773888 retrain.py:1082] 2020-01-27 01:01:14.489386: Step 1390: Train accuracy = 93.0%
INFO:tensorflow:2020-01-27 01:01:14.489587: Step 1390: Cross entropy = 0.298045
I0127 01:01:14.489604 140335769773888 retrain.py:1084] 2020-01-27 01:01:14.489587: Step 1390: Cross entropy = 0.298045
INFO:tensorflow:2020-01-27 01:01:14.555767: Step 1390: Validation accuracy = 50.0% (N=100)
I0127 01:01:14.555824 140335769773888 retrain.py:1100] 2020-01-27 01:01:14.555767: Step 1390: Validation accuracy = 50.0% (N=100)
INFO:tensorflow:2020-01-27 01:01:15.287898: Step 1400: Train accuracy = 99.0%
I0127 01:01:15.287955 140335769773888 retrain.py:1082] 2020-01-27 01:01:15.287898: Step 1400: Train accuracy = 99.0%
INFO:tensorflow:2020-01-27 01:01:15.288092: Step 1400: Cross entropy = 0.300826
I0127 01:01:15.288110 140335769773888 retrain.py:1084] 2020-01-27 01:01:15.288092: Step 1400: Cross entropy = 0.300826
INFO:tensorflow:2020-01-27 01:01:15.354099: Step 1400: Validation accuracy = 49.0% (N=100)
I0127 01:01:15.354154 140335769773888 retrain.py:1100] 2020-01-27 01:01:15.354099: Step 1400: Validation accuracy = 49.0% (N=100)
INFO:tensorflow:2020-01-27 01:01:16.044450: Step 1410: Train accuracy = 95.0%
I0127 01:01:16.044507 140335769773888 retrain.py:1082] 2020-01-27 01:01:16.044450: Step 1410: Train accuracy = 95.0%
INFO:tensorflow:2020-01-27 01:01:16.044648: Step 1410: Cross entropy = 0.335272
I0127 01:01:16.044667 140335769773888 retrain.py:1084] 2020-01-27 01:01:16.044648: Step 1410: Cross entropy = 0.335272
INFO:tensorflow:2020-01-27 01:01:16.110196: Step 1410: Validation accuracy = 40.0% (N=100)
I0127 01:01:16.110253 140335769773888 retrain.py:1100] 2020-01-27 01:01:16.110196: Step 1410: Validation accuracy = 40.0% (N=100)
INFO:tensorflow:2020-01-27 01:01:16.836288: Step 1420: Train accuracy = 97.0%
I0127 01:01:16.836345 140335769773888 retrain.py:1082] 2020-01-27 01:01:16.836288: Step 1420: Train accuracy = 97.0%
INFO:tensorflow:2020-01-27 01:01:16.836518: Step 1420: Cross entropy = 0.291702
I0127 01:01:16.836537 140335769773888 retrain.py:1084] 2020-01-27 01:01:16.836518: Step 1420: Cross entropy = 0.291702
INFO:tensorflow:2020-01-27 01:01:16.902547: Step 1420: Validation accuracy = 47.0% (N=100)
I0127 01:01:16.902603 140335769773888 retrain.py:1100] 2020-01-27 01:01:16.902547: Step 1420: Validation accuracy = 47.0% (N=100)
INFO:tensorflow:2020-01-27 01:01:17.636585: Step 1430: Train accuracy = 94.0%
I0127 01:01:17.636643 140335769773888 retrain.py:1082] 2020-01-27 01:01:17.636585: Step 1430: Train accuracy = 94.0%
INFO:tensorflow:2020-01-27 01:01:17.636786: Step 1430: Cross entropy = 0.296658
I0127 01:01:17.636803 140335769773888 retrain.py:1084] 2020-01-27 01:01:17.636786: Step 1430: Cross entropy = 0.296658
INFO:tensorflow:2020-01-27 01:01:17.702721: Step 1430: Validation accuracy = 46.0% (N=100)
I0127 01:01:17.702776 140335769773888 retrain.py:1100] 2020-01-27 01:01:17.702721: Step 1430: Validation accuracy = 46.0% (N=100)
INFO:tensorflow:2020-01-27 01:01:18.442144: Step 1440: Train accuracy = 95.0%
I0127 01:01:18.442202 140335769773888 retrain.py:1082] 2020-01-27 01:01:18.442144: Step 1440: Train accuracy = 95.0%
INFO:tensorflow:2020-01-27 01:01:18.442351: Step 1440: Cross entropy = 0.296482
I0127 01:01:18.442371 140335769773888 retrain.py:1084] 2020-01-27 01:01:18.442351: Step 1440: Cross entropy = 0.296482
INFO:tensorflow:2020-01-27 01:01:18.508730: Step 1440: Validation accuracy = 55.0% (N=100)
I0127 01:01:18.508786 140335769773888 retrain.py:1100] 2020-01-27 01:01:18.508730: Step 1440: Validation accuracy = 55.0% (N=100)
INFO:tensorflow:2020-01-27 01:01:19.239596: Step 1450: Train accuracy = 90.0%
I0127 01:01:19.239653 140335769773888 retrain.py:1082] 2020-01-27 01:01:19.239596: Step 1450: Train accuracy = 90.0%
INFO:tensorflow:2020-01-27 01:01:19.239811: Step 1450: Cross entropy = 0.319747
I0127 01:01:19.239833 140335769773888 retrain.py:1084] 2020-01-27 01:01:19.239811: Step 1450: Cross entropy = 0.319747
INFO:tensorflow:2020-01-27 01:01:19.308664: Step 1450: Validation accuracy = 50.0% (N=100)
I0127 01:01:19.308720 140335769773888 retrain.py:1100] 2020-01-27 01:01:19.308664: Step 1450: Validation accuracy = 50.0% (N=100)
INFO:tensorflow:2020-01-27 01:01:20.007074: Step 1460: Train accuracy = 96.0%
I0127 01:01:20.007131 140335769773888 retrain.py:1082] 2020-01-27 01:01:20.007074: Step 1460: Train accuracy = 96.0%
INFO:tensorflow:2020-01-27 01:01:20.007281: Step 1460: Cross entropy = 0.295409
I0127 01:01:20.007300 140335769773888 retrain.py:1084] 2020-01-27 01:01:20.007281: Step 1460: Cross entropy = 0.295409
INFO:tensorflow:2020-01-27 01:01:20.073854: Step 1460: Validation accuracy = 48.0% (N=100)
I0127 01:01:20.073910 140335769773888 retrain.py:1100] 2020-01-27 01:01:20.073854: Step 1460: Validation accuracy = 48.0% (N=100)
INFO:tensorflow:2020-01-27 01:01:20.806505: Step 1470: Train accuracy = 95.0%
I0127 01:01:20.806561 140335769773888 retrain.py:1082] 2020-01-27 01:01:20.806505: Step 1470: Train accuracy = 95.0%
INFO:tensorflow:2020-01-27 01:01:20.806714: Step 1470: Cross entropy = 0.276035
I0127 01:01:20.806735 140335769773888 retrain.py:1084] 2020-01-27 01:01:20.806714: Step 1470: Cross entropy = 0.276035
INFO:tensorflow:2020-01-27 01:01:20.875518: Step 1470: Validation accuracy = 49.0% (N=100)
I0127 01:01:20.875575 140335769773888 retrain.py:1100] 2020-01-27 01:01:20.875518: Step 1470: Validation accuracy = 49.0% (N=100)
INFO:tensorflow:2020-01-27 01:01:21.606563: Step 1480: Train accuracy = 92.0%
I0127 01:01:21.606619 140335769773888 retrain.py:1082] 2020-01-27 01:01:21.606563: Step 1480: Train accuracy = 92.0%
INFO:tensorflow:2020-01-27 01:01:21.606772: Step 1480: Cross entropy = 0.299259
I0127 01:01:21.606788 140335769773888 retrain.py:1084] 2020-01-27 01:01:21.606772: Step 1480: Cross entropy = 0.299259
INFO:tensorflow:2020-01-27 01:01:21.674276: Step 1480: Validation accuracy = 49.0% (N=100)
I0127 01:01:21.674333 140335769773888 retrain.py:1100] 2020-01-27 01:01:21.674276: Step 1480: Validation accuracy = 49.0% (N=100)
INFO:tensorflow:2020-01-27 01:01:22.395005: Step 1490: Train accuracy = 93.0%
I0127 01:01:22.395061 140335769773888 retrain.py:1082] 2020-01-27 01:01:22.395005: Step 1490: Train accuracy = 93.0%
INFO:tensorflow:2020-01-27 01:01:22.395210: Step 1490: Cross entropy = 0.298078
I0127 01:01:22.395224 140335769773888 retrain.py:1084] 2020-01-27 01:01:22.395210: Step 1490: Cross entropy = 0.298078
INFO:tensorflow:2020-01-27 01:01:22.461164: Step 1490: Validation accuracy = 53.0% (N=100)
I0127 01:01:22.461232 140335769773888 retrain.py:1100] 2020-01-27 01:01:22.461164: Step 1490: Validation accuracy = 53.0% (N=100)
INFO:tensorflow:2020-01-27 01:01:23.175475: Step 1500: Train accuracy = 94.0%
I0127 01:01:23.175794 140335769773888 retrain.py:1082] 2020-01-27 01:01:23.175475: Step 1500: Train accuracy = 94.0%
INFO:tensorflow:2020-01-27 01:01:23.176951: Step 1500: Cross entropy = 0.283250
I0127 01:01:23.177276 140335769773888 retrain.py:1084] 2020-01-27 01:01:23.176951: Step 1500: Cross entropy = 0.283250
INFO:tensorflow:2020-01-27 01:01:23.260527: Step 1500: Validation accuracy = 43.0% (N=100)
I0127 01:01:23.260584 140335769773888 retrain.py:1100] 2020-01-27 01:01:23.260527: Step 1500: Validation accuracy = 43.0% (N=100)
INFO:tensorflow:2020-01-27 01:01:23.953089: Step 1510: Train accuracy = 96.0%
I0127 01:01:23.953146 140335769773888 retrain.py:1082] 2020-01-27 01:01:23.953089: Step 1510: Train accuracy = 96.0%
INFO:tensorflow:2020-01-27 01:01:23.953294: Step 1510: Cross entropy = 0.264681
I0127 01:01:23.953313 140335769773888 retrain.py:1084] 2020-01-27 01:01:23.953294: Step 1510: Cross entropy = 0.264681
INFO:tensorflow:2020-01-27 01:01:24.019287: Step 1510: Validation accuracy = 43.0% (N=100)
I0127 01:01:24.019343 140335769773888 retrain.py:1100] 2020-01-27 01:01:24.019287: Step 1510: Validation accuracy = 43.0% (N=100)
INFO:tensorflow:2020-01-27 01:01:24.746069: Step 1520: Train accuracy = 94.0%
I0127 01:01:24.746125 140335769773888 retrain.py:1082] 2020-01-27 01:01:24.746069: Step 1520: Train accuracy = 94.0%
INFO:tensorflow:2020-01-27 01:01:24.746297: Step 1520: Cross entropy = 0.330986
I0127 01:01:24.746315 140335769773888 retrain.py:1084] 2020-01-27 01:01:24.746297: Step 1520: Cross entropy = 0.330986
INFO:tensorflow:2020-01-27 01:01:24.812676: Step 1520: Validation accuracy = 51.0% (N=100)
I0127 01:01:24.812731 140335769773888 retrain.py:1100] 2020-01-27 01:01:24.812676: Step 1520: Validation accuracy = 51.0% (N=100)
INFO:tensorflow:2020-01-27 01:01:25.546791: Step 1530: Train accuracy = 91.0%
I0127 01:01:25.546849 140335769773888 retrain.py:1082] 2020-01-27 01:01:25.546791: Step 1530: Train accuracy = 91.0%
INFO:tensorflow:2020-01-27 01:01:25.546995: Step 1530: Cross entropy = 0.318384
I0127 01:01:25.547014 140335769773888 retrain.py:1084] 2020-01-27 01:01:25.546995: Step 1530: Cross entropy = 0.318384
INFO:tensorflow:2020-01-27 01:01:25.613682: Step 1530: Validation accuracy = 54.0% (N=100)
I0127 01:01:25.613739 140335769773888 retrain.py:1100] 2020-01-27 01:01:25.613682: Step 1530: Validation accuracy = 54.0% (N=100)
INFO:tensorflow:2020-01-27 01:01:26.352437: Step 1540: Train accuracy = 97.0%
I0127 01:01:26.352496 140335769773888 retrain.py:1082] 2020-01-27 01:01:26.352437: Step 1540: Train accuracy = 97.0%
INFO:tensorflow:2020-01-27 01:01:26.352655: Step 1540: Cross entropy = 0.284297
I0127 01:01:26.352673 140335769773888 retrain.py:1084] 2020-01-27 01:01:26.352655: Step 1540: Cross entropy = 0.284297
INFO:tensorflow:2020-01-27 01:01:26.422691: Step 1540: Validation accuracy = 48.0% (N=100)
I0127 01:01:26.422748 140335769773888 retrain.py:1100] 2020-01-27 01:01:26.422691: Step 1540: Validation accuracy = 48.0% (N=100)
INFO:tensorflow:2020-01-27 01:01:27.130788: Step 1550: Train accuracy = 96.0%
I0127 01:01:27.130845 140335769773888 retrain.py:1082] 2020-01-27 01:01:27.130788: Step 1550: Train accuracy = 96.0%
INFO:tensorflow:2020-01-27 01:01:27.130996: Step 1550: Cross entropy = 0.284441
I0127 01:01:27.131016 140335769773888 retrain.py:1084] 2020-01-27 01:01:27.130996: Step 1550: Cross entropy = 0.284441
INFO:tensorflow:2020-01-27 01:01:27.235217: Step 1550: Validation accuracy = 58.0% (N=100)
I0127 01:01:27.235291 140335769773888 retrain.py:1100] 2020-01-27 01:01:27.235217: Step 1550: Validation accuracy = 58.0% (N=100)
INFO:tensorflow:2020-01-27 01:01:27.925072: Step 1560: Train accuracy = 94.0%
I0127 01:01:27.925129 140335769773888 retrain.py:1082] 2020-01-27 01:01:27.925072: Step 1560: Train accuracy = 94.0%
INFO:tensorflow:2020-01-27 01:01:27.925315: Step 1560: Cross entropy = 0.282294
I0127 01:01:27.925337 140335769773888 retrain.py:1084] 2020-01-27 01:01:27.925315: Step 1560: Cross entropy = 0.282294
INFO:tensorflow:2020-01-27 01:01:27.993259: Step 1560: Validation accuracy = 47.0% (N=100)
I0127 01:01:27.993313 140335769773888 retrain.py:1100] 2020-01-27 01:01:27.993259: Step 1560: Validation accuracy = 47.0% (N=100)
INFO:tensorflow:2020-01-27 01:01:28.731039: Step 1570: Train accuracy = 96.0%
I0127 01:01:28.731096 140335769773888 retrain.py:1082] 2020-01-27 01:01:28.731039: Step 1570: Train accuracy = 96.0%
INFO:tensorflow:2020-01-27 01:01:28.731237: Step 1570: Cross entropy = 0.273143
I0127 01:01:28.731255 140335769773888 retrain.py:1084] 2020-01-27 01:01:28.731237: Step 1570: Cross entropy = 0.273143
INFO:tensorflow:2020-01-27 01:01:28.800591: Step 1570: Validation accuracy = 59.0% (N=100)
I0127 01:01:28.800647 140335769773888 retrain.py:1100] 2020-01-27 01:01:28.800591: Step 1570: Validation accuracy = 59.0% (N=100)
INFO:tensorflow:2020-01-27 01:01:29.528794: Step 1580: Train accuracy = 97.0%
I0127 01:01:29.528853 140335769773888 retrain.py:1082] 2020-01-27 01:01:29.528794: Step 1580: Train accuracy = 97.0%
INFO:tensorflow:2020-01-27 01:01:29.529003: Step 1580: Cross entropy = 0.274246
I0127 01:01:29.529020 140335769773888 retrain.py:1084] 2020-01-27 01:01:29.529003: Step 1580: Cross entropy = 0.274246
INFO:tensorflow:2020-01-27 01:01:29.595570: Step 1580: Validation accuracy = 54.0% (N=100)
I0127 01:01:29.595627 140335769773888 retrain.py:1100] 2020-01-27 01:01:29.595570: Step 1580: Validation accuracy = 54.0% (N=100)
INFO:tensorflow:2020-01-27 01:01:30.321372: Step 1590: Train accuracy = 95.0%
I0127 01:01:30.321430 140335769773888 retrain.py:1082] 2020-01-27 01:01:30.321372: Step 1590: Train accuracy = 95.0%
INFO:tensorflow:2020-01-27 01:01:30.321575: Step 1590: Cross entropy = 0.279790
I0127 01:01:30.321593 140335769773888 retrain.py:1084] 2020-01-27 01:01:30.321575: Step 1590: Cross entropy = 0.279790
INFO:tensorflow:2020-01-27 01:01:30.387872: Step 1590: Validation accuracy = 59.0% (N=100)
I0127 01:01:30.387926 140335769773888 retrain.py:1100] 2020-01-27 01:01:30.387872: Step 1590: Validation accuracy = 59.0% (N=100)
INFO:tensorflow:2020-01-27 01:01:31.088008: Step 1600: Train accuracy = 96.0%
I0127 01:01:31.088067 140335769773888 retrain.py:1082] 2020-01-27 01:01:31.088008: Step 1600: Train accuracy = 96.0%
INFO:tensorflow:2020-01-27 01:01:31.088198: Step 1600: Cross entropy = 0.279949
I0127 01:01:31.088215 140335769773888 retrain.py:1084] 2020-01-27 01:01:31.088198: Step 1600: Cross entropy = 0.279949
INFO:tensorflow:2020-01-27 01:01:31.178112: Step 1600: Validation accuracy = 47.0% (N=100)
I0127 01:01:31.178402 140335769773888 retrain.py:1100] 2020-01-27 01:01:31.178112: Step 1600: Validation accuracy = 47.0% (N=100)
INFO:tensorflow:2020-01-27 01:01:31.879780: Step 1610: Train accuracy = 95.0%
I0127 01:01:31.879836 140335769773888 retrain.py:1082] 2020-01-27 01:01:31.879780: Step 1610: Train accuracy = 95.0%
INFO:tensorflow:2020-01-27 01:01:31.879963: Step 1610: Cross entropy = 0.293204
I0127 01:01:31.879978 140335769773888 retrain.py:1084] 2020-01-27 01:01:31.879963: Step 1610: Cross entropy = 0.293204
INFO:tensorflow:2020-01-27 01:01:31.947424: Step 1610: Validation accuracy = 54.0% (N=100)
I0127 01:01:31.947479 140335769773888 retrain.py:1100] 2020-01-27 01:01:31.947424: Step 1610: Validation accuracy = 54.0% (N=100)
INFO:tensorflow:2020-01-27 01:01:32.687715: Step 1620: Train accuracy = 93.0%
I0127 01:01:32.687784 140335769773888 retrain.py:1082] 2020-01-27 01:01:32.687715: Step 1620: Train accuracy = 93.0%
INFO:tensorflow:2020-01-27 01:01:32.687934: Step 1620: Cross entropy = 0.283074
I0127 01:01:32.687951 140335769773888 retrain.py:1084] 2020-01-27 01:01:32.687934: Step 1620: Cross entropy = 0.283074
INFO:tensorflow:2020-01-27 01:01:32.756533: Step 1620: Validation accuracy = 46.0% (N=100)
I0127 01:01:32.756589 140335769773888 retrain.py:1100] 2020-01-27 01:01:32.756533: Step 1620: Validation accuracy = 46.0% (N=100)
INFO:tensorflow:2020-01-27 01:01:33.496040: Step 1630: Train accuracy = 94.0%
I0127 01:01:33.496098 140335769773888 retrain.py:1082] 2020-01-27 01:01:33.496040: Step 1630: Train accuracy = 94.0%
INFO:tensorflow:2020-01-27 01:01:33.496255: Step 1630: Cross entropy = 0.321213
I0127 01:01:33.496273 140335769773888 retrain.py:1084] 2020-01-27 01:01:33.496255: Step 1630: Cross entropy = 0.321213
INFO:tensorflow:2020-01-27 01:01:33.563334: Step 1630: Validation accuracy = 48.0% (N=100)
I0127 01:01:33.563392 140335769773888 retrain.py:1100] 2020-01-27 01:01:33.563334: Step 1630: Validation accuracy = 48.0% (N=100)
INFO:tensorflow:2020-01-27 01:01:34.299425: Step 1640: Train accuracy = 96.0%
I0127 01:01:34.299481 140335769773888 retrain.py:1082] 2020-01-27 01:01:34.299425: Step 1640: Train accuracy = 96.0%
INFO:tensorflow:2020-01-27 01:01:34.299616: Step 1640: Cross entropy = 0.293716
I0127 01:01:34.299630 140335769773888 retrain.py:1084] 2020-01-27 01:01:34.299616: Step 1640: Cross entropy = 0.293716
INFO:tensorflow:2020-01-27 01:01:34.369533: Step 1640: Validation accuracy = 57.0% (N=100)
I0127 01:01:34.369588 140335769773888 retrain.py:1100] 2020-01-27 01:01:34.369533: Step 1640: Validation accuracy = 57.0% (N=100)
INFO:tensorflow:2020-01-27 01:01:35.057276: Step 1650: Train accuracy = 94.0%
I0127 01:01:35.057334 140335769773888 retrain.py:1082] 2020-01-27 01:01:35.057276: Step 1650: Train accuracy = 94.0%
INFO:tensorflow:2020-01-27 01:01:35.057468: Step 1650: Cross entropy = 0.297485
I0127 01:01:35.057485 140335769773888 retrain.py:1084] 2020-01-27 01:01:35.057468: Step 1650: Cross entropy = 0.297485
INFO:tensorflow:2020-01-27 01:01:35.123810: Step 1650: Validation accuracy = 54.0% (N=100)
I0127 01:01:35.123867 140335769773888 retrain.py:1100] 2020-01-27 01:01:35.123810: Step 1650: Validation accuracy = 54.0% (N=100)
INFO:tensorflow:2020-01-27 01:01:35.855693: Step 1660: Train accuracy = 95.0%
I0127 01:01:35.855749 140335769773888 retrain.py:1082] 2020-01-27 01:01:35.855693: Step 1660: Train accuracy = 95.0%
INFO:tensorflow:2020-01-27 01:01:35.855895: Step 1660: Cross entropy = 0.271832
I0127 01:01:35.855914 140335769773888 retrain.py:1084] 2020-01-27 01:01:35.855895: Step 1660: Cross entropy = 0.271832
INFO:tensorflow:2020-01-27 01:01:35.922292: Step 1660: Validation accuracy = 60.0% (N=100)
I0127 01:01:35.922349 140335769773888 retrain.py:1100] 2020-01-27 01:01:35.922292: Step 1660: Validation accuracy = 60.0% (N=100)
INFO:tensorflow:2020-01-27 01:01:36.655585: Step 1670: Train accuracy = 97.0%
I0127 01:01:36.655641 140335769773888 retrain.py:1082] 2020-01-27 01:01:36.655585: Step 1670: Train accuracy = 97.0%
INFO:tensorflow:2020-01-27 01:01:36.655774: Step 1670: Cross entropy = 0.265859
I0127 01:01:36.655791 140335769773888 retrain.py:1084] 2020-01-27 01:01:36.655774: Step 1670: Cross entropy = 0.265859
INFO:tensorflow:2020-01-27 01:01:36.721776: Step 1670: Validation accuracy = 53.0% (N=100)
I0127 01:01:36.721832 140335769773888 retrain.py:1100] 2020-01-27 01:01:36.721776: Step 1670: Validation accuracy = 53.0% (N=100)
INFO:tensorflow:2020-01-27 01:01:37.455957: Step 1680: Train accuracy = 96.0%
I0127 01:01:37.456016 140335769773888 retrain.py:1082] 2020-01-27 01:01:37.455957: Step 1680: Train accuracy = 96.0%
INFO:tensorflow:2020-01-27 01:01:37.456181: Step 1680: Cross entropy = 0.262571
I0127 01:01:37.456198 140335769773888 retrain.py:1084] 2020-01-27 01:01:37.456181: Step 1680: Cross entropy = 0.262571
INFO:tensorflow:2020-01-27 01:01:37.522490: Step 1680: Validation accuracy = 47.0% (N=100)
I0127 01:01:37.522546 140335769773888 retrain.py:1100] 2020-01-27 01:01:37.522490: Step 1680: Validation accuracy = 47.0% (N=100)
INFO:tensorflow:2020-01-27 01:01:38.251724: Step 1690: Train accuracy = 99.0%
I0127 01:01:38.251780 140335769773888 retrain.py:1082] 2020-01-27 01:01:38.251724: Step 1690: Train accuracy = 99.0%
INFO:tensorflow:2020-01-27 01:01:38.251957: Step 1690: Cross entropy = 0.247202
I0127 01:01:38.251973 140335769773888 retrain.py:1084] 2020-01-27 01:01:38.251957: Step 1690: Cross entropy = 0.247202
INFO:tensorflow:2020-01-27 01:01:38.319308: Step 1690: Validation accuracy = 42.0% (N=100)
I0127 01:01:38.319365 140335769773888 retrain.py:1100] 2020-01-27 01:01:38.319308: Step 1690: Validation accuracy = 42.0% (N=100)
INFO:tensorflow:2020-01-27 01:01:39.013367: Step 1700: Train accuracy = 98.0%
I0127 01:01:39.013423 140335769773888 retrain.py:1082] 2020-01-27 01:01:39.013367: Step 1700: Train accuracy = 98.0%
INFO:tensorflow:2020-01-27 01:01:39.013557: Step 1700: Cross entropy = 0.258488
I0127 01:01:39.013572 140335769773888 retrain.py:1084] 2020-01-27 01:01:39.013557: Step 1700: Cross entropy = 0.258488
INFO:tensorflow:2020-01-27 01:01:39.080593: Step 1700: Validation accuracy = 52.0% (N=100)
I0127 01:01:39.080649 140335769773888 retrain.py:1100] 2020-01-27 01:01:39.080593: Step 1700: Validation accuracy = 52.0% (N=100)
INFO:tensorflow:2020-01-27 01:01:39.803380: Step 1710: Train accuracy = 96.0%
I0127 01:01:39.803437 140335769773888 retrain.py:1082] 2020-01-27 01:01:39.803380: Step 1710: Train accuracy = 96.0%
INFO:tensorflow:2020-01-27 01:01:39.803570: Step 1710: Cross entropy = 0.266702
I0127 01:01:39.803587 140335769773888 retrain.py:1084] 2020-01-27 01:01:39.803570: Step 1710: Cross entropy = 0.266702
INFO:tensorflow:2020-01-27 01:01:39.873464: Step 1710: Validation accuracy = 41.0% (N=100)
I0127 01:01:39.873521 140335769773888 retrain.py:1100] 2020-01-27 01:01:39.873464: Step 1710: Validation accuracy = 41.0% (N=100)
INFO:tensorflow:2020-01-27 01:01:40.600767: Step 1720: Train accuracy = 95.0%
I0127 01:01:40.600826 140335769773888 retrain.py:1082] 2020-01-27 01:01:40.600767: Step 1720: Train accuracy = 95.0%
INFO:tensorflow:2020-01-27 01:01:40.600985: Step 1720: Cross entropy = 0.290011
I0127 01:01:40.601009 140335769773888 retrain.py:1084] 2020-01-27 01:01:40.600985: Step 1720: Cross entropy = 0.290011
INFO:tensorflow:2020-01-27 01:01:40.676857: Step 1720: Validation accuracy = 46.0% (N=100)
I0127 01:01:40.676915 140335769773888 retrain.py:1100] 2020-01-27 01:01:40.676857: Step 1720: Validation accuracy = 46.0% (N=100)
INFO:tensorflow:2020-01-27 01:01:41.406409: Step 1730: Train accuracy = 95.0%
I0127 01:01:41.406464 140335769773888 retrain.py:1082] 2020-01-27 01:01:41.406409: Step 1730: Train accuracy = 95.0%
INFO:tensorflow:2020-01-27 01:01:41.406622: Step 1730: Cross entropy = 0.283306
I0127 01:01:41.406641 140335769773888 retrain.py:1084] 2020-01-27 01:01:41.406622: Step 1730: Cross entropy = 0.283306
INFO:tensorflow:2020-01-27 01:01:41.475316: Step 1730: Validation accuracy = 41.0% (N=100)
I0127 01:01:41.475379 140335769773888 retrain.py:1100] 2020-01-27 01:01:41.475316: Step 1730: Validation accuracy = 41.0% (N=100)
INFO:tensorflow:2020-01-27 01:01:42.203437: Step 1740: Train accuracy = 93.0%
I0127 01:01:42.203500 140335769773888 retrain.py:1082] 2020-01-27 01:01:42.203437: Step 1740: Train accuracy = 93.0%
INFO:tensorflow:2020-01-27 01:01:42.203659: Step 1740: Cross entropy = 0.279253
I0127 01:01:42.203682 140335769773888 retrain.py:1084] 2020-01-27 01:01:42.203659: Step 1740: Cross entropy = 0.279253
INFO:tensorflow:2020-01-27 01:01:42.274837: Step 1740: Validation accuracy = 48.0% (N=100)
I0127 01:01:42.274893 140335769773888 retrain.py:1100] 2020-01-27 01:01:42.274837: Step 1740: Validation accuracy = 48.0% (N=100)
INFO:tensorflow:2020-01-27 01:01:42.985043: Step 1750: Train accuracy = 97.0%
I0127 01:01:42.985100 140335769773888 retrain.py:1082] 2020-01-27 01:01:42.985043: Step 1750: Train accuracy = 97.0%
INFO:tensorflow:2020-01-27 01:01:42.985264: Step 1750: Cross entropy = 0.283420
I0127 01:01:42.985283 140335769773888 retrain.py:1084] 2020-01-27 01:01:42.985264: Step 1750: Cross entropy = 0.283420
INFO:tensorflow:2020-01-27 01:01:43.052132: Step 1750: Validation accuracy = 50.0% (N=100)
I0127 01:01:43.052189 140335769773888 retrain.py:1100] 2020-01-27 01:01:43.052132: Step 1750: Validation accuracy = 50.0% (N=100)
INFO:tensorflow:2020-01-27 01:01:43.783838: Step 1760: Train accuracy = 98.0%
I0127 01:01:43.783895 140335769773888 retrain.py:1082] 2020-01-27 01:01:43.783838: Step 1760: Train accuracy = 98.0%
INFO:tensorflow:2020-01-27 01:01:43.784029: Step 1760: Cross entropy = 0.235972
I0127 01:01:43.784046 140335769773888 retrain.py:1084] 2020-01-27 01:01:43.784029: Step 1760: Cross entropy = 0.235972
INFO:tensorflow:2020-01-27 01:01:43.850997: Step 1760: Validation accuracy = 52.0% (N=100)
I0127 01:01:43.851055 140335769773888 retrain.py:1100] 2020-01-27 01:01:43.850997: Step 1760: Validation accuracy = 52.0% (N=100)
INFO:tensorflow:2020-01-27 01:01:44.589383: Step 1770: Train accuracy = 95.0%
I0127 01:01:44.589438 140335769773888 retrain.py:1082] 2020-01-27 01:01:44.589383: Step 1770: Train accuracy = 95.0%
INFO:tensorflow:2020-01-27 01:01:44.589571: Step 1770: Cross entropy = 0.262530
I0127 01:01:44.589587 140335769773888 retrain.py:1084] 2020-01-27 01:01:44.589571: Step 1770: Cross entropy = 0.262530
INFO:tensorflow:2020-01-27 01:01:44.657419: Step 1770: Validation accuracy = 37.0% (N=100)
I0127 01:01:44.657477 140335769773888 retrain.py:1100] 2020-01-27 01:01:44.657419: Step 1770: Validation accuracy = 37.0% (N=100)
INFO:tensorflow:2020-01-27 01:01:45.387372: Step 1780: Train accuracy = 99.0%
I0127 01:01:45.387430 140335769773888 retrain.py:1082] 2020-01-27 01:01:45.387372: Step 1780: Train accuracy = 99.0%
INFO:tensorflow:2020-01-27 01:01:45.387580: Step 1780: Cross entropy = 0.238102
I0127 01:01:45.387595 140335769773888 retrain.py:1084] 2020-01-27 01:01:45.387580: Step 1780: Cross entropy = 0.238102
INFO:tensorflow:2020-01-27 01:01:45.457248: Step 1780: Validation accuracy = 45.0% (N=100)
I0127 01:01:45.457305 140335769773888 retrain.py:1100] 2020-01-27 01:01:45.457248: Step 1780: Validation accuracy = 45.0% (N=100)
INFO:tensorflow:2020-01-27 01:01:46.197151: Step 1790: Train accuracy = 98.0%
I0127 01:01:46.197238 140335769773888 retrain.py:1082] 2020-01-27 01:01:46.197151: Step 1790: Train accuracy = 98.0%
INFO:tensorflow:2020-01-27 01:01:46.197436: Step 1790: Cross entropy = 0.267556
I0127 01:01:46.197462 140335769773888 retrain.py:1084] 2020-01-27 01:01:46.197436: Step 1790: Cross entropy = 0.267556
INFO:tensorflow:2020-01-27 01:01:46.271268: Step 1790: Validation accuracy = 50.0% (N=100)
I0127 01:01:46.271325 140335769773888 retrain.py:1100] 2020-01-27 01:01:46.271268: Step 1790: Validation accuracy = 50.0% (N=100)
INFO:tensorflow:2020-01-27 01:01:46.975612: Step 1800: Train accuracy = 91.0%
I0127 01:01:46.975668 140335769773888 retrain.py:1082] 2020-01-27 01:01:46.975612: Step 1800: Train accuracy = 91.0%
INFO:tensorflow:2020-01-27 01:01:46.975818: Step 1800: Cross entropy = 0.325546
I0127 01:01:46.975835 140335769773888 retrain.py:1084] 2020-01-27 01:01:46.975818: Step 1800: Cross entropy = 0.325546
INFO:tensorflow:2020-01-27 01:01:47.042523: Step 1800: Validation accuracy = 49.0% (N=100)
I0127 01:01:47.042579 140335769773888 retrain.py:1100] 2020-01-27 01:01:47.042523: Step 1800: Validation accuracy = 49.0% (N=100)
INFO:tensorflow:2020-01-27 01:01:47.778028: Step 1810: Train accuracy = 96.0%
I0127 01:01:47.778083 140335769773888 retrain.py:1082] 2020-01-27 01:01:47.778028: Step 1810: Train accuracy = 96.0%
INFO:tensorflow:2020-01-27 01:01:47.778236: Step 1810: Cross entropy = 0.240326
I0127 01:01:47.778254 140335769773888 retrain.py:1084] 2020-01-27 01:01:47.778236: Step 1810: Cross entropy = 0.240326
INFO:tensorflow:2020-01-27 01:01:47.845712: Step 1810: Validation accuracy = 62.0% (N=100)
I0127 01:01:47.845769 140335769773888 retrain.py:1100] 2020-01-27 01:01:47.845712: Step 1810: Validation accuracy = 62.0% (N=100)
INFO:tensorflow:2020-01-27 01:01:48.577378: Step 1820: Train accuracy = 96.0%
I0127 01:01:48.577436 140335769773888 retrain.py:1082] 2020-01-27 01:01:48.577378: Step 1820: Train accuracy = 96.0%
INFO:tensorflow:2020-01-27 01:01:48.577588: Step 1820: Cross entropy = 0.264224
I0127 01:01:48.577607 140335769773888 retrain.py:1084] 2020-01-27 01:01:48.577588: Step 1820: Cross entropy = 0.264224
INFO:tensorflow:2020-01-27 01:01:48.644315: Step 1820: Validation accuracy = 53.0% (N=100)
I0127 01:01:48.644372 140335769773888 retrain.py:1100] 2020-01-27 01:01:48.644315: Step 1820: Validation accuracy = 53.0% (N=100)
INFO:tensorflow:2020-01-27 01:01:49.386627: Step 1830: Train accuracy = 97.0%
I0127 01:01:49.386684 140335769773888 retrain.py:1082] 2020-01-27 01:01:49.386627: Step 1830: Train accuracy = 97.0%
INFO:tensorflow:2020-01-27 01:01:49.386822: Step 1830: Cross entropy = 0.238317
I0127 01:01:49.386840 140335769773888 retrain.py:1084] 2020-01-27 01:01:49.386822: Step 1830: Cross entropy = 0.238317
INFO:tensorflow:2020-01-27 01:01:49.456822: Step 1830: Validation accuracy = 47.0% (N=100)
I0127 01:01:49.456878 140335769773888 retrain.py:1100] 2020-01-27 01:01:49.456822: Step 1830: Validation accuracy = 47.0% (N=100)
INFO:tensorflow:2020-01-27 01:01:50.185182: Step 1840: Train accuracy = 95.0%
I0127 01:01:50.185525 140335769773888 retrain.py:1082] 2020-01-27 01:01:50.185182: Step 1840: Train accuracy = 95.0%
INFO:tensorflow:2020-01-27 01:01:50.186530: Step 1840: Cross entropy = 0.268873
I0127 01:01:50.186705 140335769773888 retrain.py:1084] 2020-01-27 01:01:50.186530: Step 1840: Cross entropy = 0.268873
INFO:tensorflow:2020-01-27 01:01:50.261424: Step 1840: Validation accuracy = 42.0% (N=100)
I0127 01:01:50.261482 140335769773888 retrain.py:1100] 2020-01-27 01:01:50.261424: Step 1840: Validation accuracy = 42.0% (N=100)
INFO:tensorflow:2020-01-27 01:01:50.963942: Step 1850: Train accuracy = 98.0%
I0127 01:01:50.963998 140335769773888 retrain.py:1082] 2020-01-27 01:01:50.963942: Step 1850: Train accuracy = 98.0%
INFO:tensorflow:2020-01-27 01:01:50.964152: Step 1850: Cross entropy = 0.244548
I0127 01:01:50.964167 140335769773888 retrain.py:1084] 2020-01-27 01:01:50.964152: Step 1850: Cross entropy = 0.244548
INFO:tensorflow:2020-01-27 01:01:51.032938: Step 1850: Validation accuracy = 44.0% (N=100)
I0127 01:01:51.032996 140335769773888 retrain.py:1100] 2020-01-27 01:01:51.032938: Step 1850: Validation accuracy = 44.0% (N=100)
INFO:tensorflow:2020-01-27 01:01:51.762370: Step 1860: Train accuracy = 100.0%
I0127 01:01:51.762428 140335769773888 retrain.py:1082] 2020-01-27 01:01:51.762370: Step 1860: Train accuracy = 100.0%
INFO:tensorflow:2020-01-27 01:01:51.762573: Step 1860: Cross entropy = 0.239956
I0127 01:01:51.762592 140335769773888 retrain.py:1084] 2020-01-27 01:01:51.762573: Step 1860: Cross entropy = 0.239956
INFO:tensorflow:2020-01-27 01:01:51.829672: Step 1860: Validation accuracy = 48.0% (N=100)
I0127 01:01:51.829728 140335769773888 retrain.py:1100] 2020-01-27 01:01:51.829672: Step 1860: Validation accuracy = 48.0% (N=100)
INFO:tensorflow:2020-01-27 01:01:52.563179: Step 1870: Train accuracy = 98.0%
I0127 01:01:52.563237 140335769773888 retrain.py:1082] 2020-01-27 01:01:52.563179: Step 1870: Train accuracy = 98.0%
INFO:tensorflow:2020-01-27 01:01:52.563370: Step 1870: Cross entropy = 0.250205
I0127 01:01:52.563387 140335769773888 retrain.py:1084] 2020-01-27 01:01:52.563370: Step 1870: Cross entropy = 0.250205
INFO:tensorflow:2020-01-27 01:01:52.633535: Step 1870: Validation accuracy = 50.0% (N=100)
I0127 01:01:52.633591 140335769773888 retrain.py:1100] 2020-01-27 01:01:52.633535: Step 1870: Validation accuracy = 50.0% (N=100)
INFO:tensorflow:2020-01-27 01:01:53.368083: Step 1880: Train accuracy = 98.0%
I0127 01:01:53.368140 140335769773888 retrain.py:1082] 2020-01-27 01:01:53.368083: Step 1880: Train accuracy = 98.0%
INFO:tensorflow:2020-01-27 01:01:53.368294: Step 1880: Cross entropy = 0.241095
I0127 01:01:53.368312 140335769773888 retrain.py:1084] 2020-01-27 01:01:53.368294: Step 1880: Cross entropy = 0.241095
INFO:tensorflow:2020-01-27 01:01:53.436245: Step 1880: Validation accuracy = 43.0% (N=100)
I0127 01:01:53.436304 140335769773888 retrain.py:1100] 2020-01-27 01:01:53.436245: Step 1880: Validation accuracy = 43.0% (N=100)
INFO:tensorflow:2020-01-27 01:01:54.130122: Step 1890: Train accuracy = 94.0%
I0127 01:01:54.130180 140335769773888 retrain.py:1082] 2020-01-27 01:01:54.130122: Step 1890: Train accuracy = 94.0%
INFO:tensorflow:2020-01-27 01:01:54.130335: Step 1890: Cross entropy = 0.273413
I0127 01:01:54.130358 140335769773888 retrain.py:1084] 2020-01-27 01:01:54.130335: Step 1890: Cross entropy = 0.273413
INFO:tensorflow:2020-01-27 01:01:54.233032: Step 1890: Validation accuracy = 48.0% (N=100)
I0127 01:01:54.233089 140335769773888 retrain.py:1100] 2020-01-27 01:01:54.233032: Step 1890: Validation accuracy = 48.0% (N=100)
INFO:tensorflow:2020-01-27 01:01:54.929549: Step 1900: Train accuracy = 98.0%
I0127 01:01:54.929607 140335769773888 retrain.py:1082] 2020-01-27 01:01:54.929549: Step 1900: Train accuracy = 98.0%
INFO:tensorflow:2020-01-27 01:01:54.929770: Step 1900: Cross entropy = 0.258304
I0127 01:01:54.929794 140335769773888 retrain.py:1084] 2020-01-27 01:01:54.929770: Step 1900: Cross entropy = 0.258304
INFO:tensorflow:2020-01-27 01:01:54.998341: Step 1900: Validation accuracy = 56.0% (N=100)
I0127 01:01:54.998397 140335769773888 retrain.py:1100] 2020-01-27 01:01:54.998341: Step 1900: Validation accuracy = 56.0% (N=100)
INFO:tensorflow:2020-01-27 01:01:55.731909: Step 1910: Train accuracy = 98.0%
I0127 01:01:55.731967 140335769773888 retrain.py:1082] 2020-01-27 01:01:55.731909: Step 1910: Train accuracy = 98.0%
INFO:tensorflow:2020-01-27 01:01:55.732117: Step 1910: Cross entropy = 0.251642
I0127 01:01:55.732136 140335769773888 retrain.py:1084] 2020-01-27 01:01:55.732117: Step 1910: Cross entropy = 0.251642
INFO:tensorflow:2020-01-27 01:01:55.798427: Step 1910: Validation accuracy = 56.0% (N=100)
I0127 01:01:55.798483 140335769773888 retrain.py:1100] 2020-01-27 01:01:55.798427: Step 1910: Validation accuracy = 56.0% (N=100)
INFO:tensorflow:2020-01-27 01:01:56.523537: Step 1920: Train accuracy = 95.0%
I0127 01:01:56.523593 140335769773888 retrain.py:1082] 2020-01-27 01:01:56.523537: Step 1920: Train accuracy = 95.0%
INFO:tensorflow:2020-01-27 01:01:56.523729: Step 1920: Cross entropy = 0.250116
I0127 01:01:56.523746 140335769773888 retrain.py:1084] 2020-01-27 01:01:56.523729: Step 1920: Cross entropy = 0.250116
INFO:tensorflow:2020-01-27 01:01:56.591513: Step 1920: Validation accuracy = 56.0% (N=100)
I0127 01:01:56.591568 140335769773888 retrain.py:1100] 2020-01-27 01:01:56.591513: Step 1920: Validation accuracy = 56.0% (N=100)
INFO:tensorflow:2020-01-27 01:01:57.323060: Step 1930: Train accuracy = 95.0%
I0127 01:01:57.323117 140335769773888 retrain.py:1082] 2020-01-27 01:01:57.323060: Step 1930: Train accuracy = 95.0%
INFO:tensorflow:2020-01-27 01:01:57.323268: Step 1930: Cross entropy = 0.277930
I0127 01:01:57.323286 140335769773888 retrain.py:1084] 2020-01-27 01:01:57.323268: Step 1930: Cross entropy = 0.277930
INFO:tensorflow:2020-01-27 01:01:57.390522: Step 1930: Validation accuracy = 51.0% (N=100)
I0127 01:01:57.390579 140335769773888 retrain.py:1100] 2020-01-27 01:01:57.390522: Step 1930: Validation accuracy = 51.0% (N=100)
INFO:tensorflow:2020-01-27 01:01:58.089959: Step 1940: Train accuracy = 97.0%
I0127 01:01:58.090015 140335769773888 retrain.py:1082] 2020-01-27 01:01:58.089959: Step 1940: Train accuracy = 97.0%
INFO:tensorflow:2020-01-27 01:01:58.090153: Step 1940: Cross entropy = 0.278397
I0127 01:01:58.090169 140335769773888 retrain.py:1084] 2020-01-27 01:01:58.090153: Step 1940: Cross entropy = 0.278397
INFO:tensorflow:2020-01-27 01:01:58.186731: Step 1940: Validation accuracy = 48.0% (N=100)
I0127 01:01:58.187031 140335769773888 retrain.py:1100] 2020-01-27 01:01:58.186731: Step 1940: Validation accuracy = 48.0% (N=100)
INFO:tensorflow:2020-01-27 01:01:58.906338: Step 1950: Train accuracy = 95.0%
I0127 01:01:58.906395 140335769773888 retrain.py:1082] 2020-01-27 01:01:58.906338: Step 1950: Train accuracy = 95.0%
INFO:tensorflow:2020-01-27 01:01:58.906548: Step 1950: Cross entropy = 0.285480
I0127 01:01:58.906565 140335769773888 retrain.py:1084] 2020-01-27 01:01:58.906548: Step 1950: Cross entropy = 0.285480
INFO:tensorflow:2020-01-27 01:01:58.972909: Step 1950: Validation accuracy = 58.0% (N=100)
I0127 01:01:58.972980 140335769773888 retrain.py:1100] 2020-01-27 01:01:58.972909: Step 1950: Validation accuracy = 58.0% (N=100)
INFO:tensorflow:2020-01-27 01:01:59.698359: Step 1960: Train accuracy = 99.0%
I0127 01:01:59.698418 140335769773888 retrain.py:1082] 2020-01-27 01:01:59.698359: Step 1960: Train accuracy = 99.0%
INFO:tensorflow:2020-01-27 01:01:59.698570: Step 1960: Cross entropy = 0.215533
I0127 01:01:59.698587 140335769773888 retrain.py:1084] 2020-01-27 01:01:59.698570: Step 1960: Cross entropy = 0.215533
INFO:tensorflow:2020-01-27 01:01:59.767695: Step 1960: Validation accuracy = 45.0% (N=100)
I0127 01:01:59.767752 140335769773888 retrain.py:1100] 2020-01-27 01:01:59.767695: Step 1960: Validation accuracy = 45.0% (N=100)
INFO:tensorflow:2020-01-27 01:02:00.500611: Step 1970: Train accuracy = 91.0%
I0127 01:02:00.500669 140335769773888 retrain.py:1082] 2020-01-27 01:02:00.500611: Step 1970: Train accuracy = 91.0%
INFO:tensorflow:2020-01-27 01:02:00.500803: Step 1970: Cross entropy = 0.325038
I0127 01:02:00.500820 140335769773888 retrain.py:1084] 2020-01-27 01:02:00.500803: Step 1970: Cross entropy = 0.325038
INFO:tensorflow:2020-01-27 01:02:00.567324: Step 1970: Validation accuracy = 45.0% (N=100)
I0127 01:02:00.567381 140335769773888 retrain.py:1100] 2020-01-27 01:02:00.567324: Step 1970: Validation accuracy = 45.0% (N=100)
INFO:tensorflow:2020-01-27 01:02:01.300550: Step 1980: Train accuracy = 95.0%
I0127 01:02:01.300607 140335769773888 retrain.py:1082] 2020-01-27 01:02:01.300550: Step 1980: Train accuracy = 95.0%
INFO:tensorflow:2020-01-27 01:02:01.300740: Step 1980: Cross entropy = 0.258509
I0127 01:02:01.300755 140335769773888 retrain.py:1084] 2020-01-27 01:02:01.300740: Step 1980: Cross entropy = 0.258509
INFO:tensorflow:2020-01-27 01:02:01.367284: Step 1980: Validation accuracy = 42.0% (N=100)
I0127 01:02:01.367340 140335769773888 retrain.py:1100] 2020-01-27 01:02:01.367284: Step 1980: Validation accuracy = 42.0% (N=100)
INFO:tensorflow:2020-01-27 01:02:02.071585: Step 1990: Train accuracy = 98.0%
I0127 01:02:02.071642 140335769773888 retrain.py:1082] 2020-01-27 01:02:02.071585: Step 1990: Train accuracy = 98.0%
INFO:tensorflow:2020-01-27 01:02:02.071779: Step 1990: Cross entropy = 0.248394
I0127 01:02:02.071796 140335769773888 retrain.py:1084] 2020-01-27 01:02:02.071779: Step 1990: Cross entropy = 0.248394
INFO:tensorflow:2020-01-27 01:02:02.139344: Step 1990: Validation accuracy = 48.0% (N=100)
I0127 01:02:02.139402 140335769773888 retrain.py:1100] 2020-01-27 01:02:02.139344: Step 1990: Validation accuracy = 48.0% (N=100)
INFO:tensorflow:2020-01-27 01:02:02.876125: Step 2000: Train accuracy = 93.0%
I0127 01:02:02.876183 140335769773888 retrain.py:1082] 2020-01-27 01:02:02.876125: Step 2000: Train accuracy = 93.0%
INFO:tensorflow:2020-01-27 01:02:02.876340: Step 2000: Cross entropy = 0.267923
I0127 01:02:02.876359 140335769773888 retrain.py:1084] 2020-01-27 01:02:02.876340: Step 2000: Cross entropy = 0.267923
INFO:tensorflow:2020-01-27 01:02:02.946526: Step 2000: Validation accuracy = 38.0% (N=100)
I0127 01:02:02.946583 140335769773888 retrain.py:1100] 2020-01-27 01:02:02.946526: Step 2000: Validation accuracy = 38.0% (N=100)
INFO:tensorflow:2020-01-27 01:02:03.684421: Step 2010: Train accuracy = 94.0%
I0127 01:02:03.684478 140335769773888 retrain.py:1082] 2020-01-27 01:02:03.684421: Step 2010: Train accuracy = 94.0%
INFO:tensorflow:2020-01-27 01:02:03.684609: Step 2010: Cross entropy = 0.275260
I0127 01:02:03.684625 140335769773888 retrain.py:1084] 2020-01-27 01:02:03.684609: Step 2010: Cross entropy = 0.275260
INFO:tensorflow:2020-01-27 01:02:03.754582: Step 2010: Validation accuracy = 49.0% (N=100)
I0127 01:02:03.754639 140335769773888 retrain.py:1100] 2020-01-27 01:02:03.754582: Step 2010: Validation accuracy = 49.0% (N=100)
INFO:tensorflow:2020-01-27 01:02:04.493730: Step 2020: Train accuracy = 95.0%
I0127 01:02:04.493788 140335769773888 retrain.py:1082] 2020-01-27 01:02:04.493730: Step 2020: Train accuracy = 95.0%
INFO:tensorflow:2020-01-27 01:02:04.493935: Step 2020: Cross entropy = 0.262388
I0127 01:02:04.493953 140335769773888 retrain.py:1084] 2020-01-27 01:02:04.493935: Step 2020: Cross entropy = 0.262388
INFO:tensorflow:2020-01-27 01:02:04.560105: Step 2020: Validation accuracy = 53.0% (N=100)
I0127 01:02:04.560161 140335769773888 retrain.py:1100] 2020-01-27 01:02:04.560105: Step 2020: Validation accuracy = 53.0% (N=100)
INFO:tensorflow:2020-01-27 01:02:05.301995: Step 2030: Train accuracy = 98.0%
I0127 01:02:05.302053 140335769773888 retrain.py:1082] 2020-01-27 01:02:05.301995: Step 2030: Train accuracy = 98.0%
INFO:tensorflow:2020-01-27 01:02:05.302188: Step 2030: Cross entropy = 0.257029
I0127 01:02:05.302205 140335769773888 retrain.py:1084] 2020-01-27 01:02:05.302188: Step 2030: Cross entropy = 0.257029
INFO:tensorflow:2020-01-27 01:02:05.372039: Step 2030: Validation accuracy = 46.0% (N=100)
I0127 01:02:05.372094 140335769773888 retrain.py:1100] 2020-01-27 01:02:05.372039: Step 2030: Validation accuracy = 46.0% (N=100)
INFO:tensorflow:2020-01-27 01:02:06.079039: Step 2040: Train accuracy = 93.0%
I0127 01:02:06.079095 140335769773888 retrain.py:1082] 2020-01-27 01:02:06.079039: Step 2040: Train accuracy = 93.0%
INFO:tensorflow:2020-01-27 01:02:06.079230: Step 2040: Cross entropy = 0.260179
I0127 01:02:06.079248 140335769773888 retrain.py:1084] 2020-01-27 01:02:06.079230: Step 2040: Cross entropy = 0.260179
INFO:tensorflow:2020-01-27 01:02:06.145723: Step 2040: Validation accuracy = 44.0% (N=100)
I0127 01:02:06.145788 140335769773888 retrain.py:1100] 2020-01-27 01:02:06.145723: Step 2040: Validation accuracy = 44.0% (N=100)
INFO:tensorflow:2020-01-27 01:02:06.876250: Step 2050: Train accuracy = 98.0%
I0127 01:02:06.876307 140335769773888 retrain.py:1082] 2020-01-27 01:02:06.876250: Step 2050: Train accuracy = 98.0%
INFO:tensorflow:2020-01-27 01:02:06.876449: Step 2050: Cross entropy = 0.237825
I0127 01:02:06.876465 140335769773888 retrain.py:1084] 2020-01-27 01:02:06.876449: Step 2050: Cross entropy = 0.237825
INFO:tensorflow:2020-01-27 01:02:06.946586: Step 2050: Validation accuracy = 57.0% (N=100)
I0127 01:02:06.946645 140335769773888 retrain.py:1100] 2020-01-27 01:02:06.946586: Step 2050: Validation accuracy = 57.0% (N=100)
INFO:tensorflow:2020-01-27 01:02:07.686898: Step 2060: Train accuracy = 99.0%
I0127 01:02:07.686953 140335769773888 retrain.py:1082] 2020-01-27 01:02:07.686898: Step 2060: Train accuracy = 99.0%
INFO:tensorflow:2020-01-27 01:02:07.687118: Step 2060: Cross entropy = 0.230450
I0127 01:02:07.687138 140335769773888 retrain.py:1084] 2020-01-27 01:02:07.687118: Step 2060: Cross entropy = 0.230450
INFO:tensorflow:2020-01-27 01:02:07.754649: Step 2060: Validation accuracy = 52.0% (N=100)
I0127 01:02:07.754705 140335769773888 retrain.py:1100] 2020-01-27 01:02:07.754649: Step 2060: Validation accuracy = 52.0% (N=100)
INFO:tensorflow:2020-01-27 01:02:08.498626: Step 2070: Train accuracy = 97.0%
I0127 01:02:08.498683 140335769773888 retrain.py:1082] 2020-01-27 01:02:08.498626: Step 2070: Train accuracy = 97.0%
INFO:tensorflow:2020-01-27 01:02:08.498817: Step 2070: Cross entropy = 0.248380
I0127 01:02:08.498835 140335769773888 retrain.py:1084] 2020-01-27 01:02:08.498817: Step 2070: Cross entropy = 0.248380
INFO:tensorflow:2020-01-27 01:02:08.567262: Step 2070: Validation accuracy = 40.0% (N=100)
I0127 01:02:08.567317 140335769773888 retrain.py:1100] 2020-01-27 01:02:08.567262: Step 2070: Validation accuracy = 40.0% (N=100)
INFO:tensorflow:2020-01-27 01:02:09.305235: Step 2080: Train accuracy = 96.0%
I0127 01:02:09.305292 140335769773888 retrain.py:1082] 2020-01-27 01:02:09.305235: Step 2080: Train accuracy = 96.0%
INFO:tensorflow:2020-01-27 01:02:09.305431: Step 2080: Cross entropy = 0.262452
I0127 01:02:09.305449 140335769773888 retrain.py:1084] 2020-01-27 01:02:09.305431: Step 2080: Cross entropy = 0.262452
INFO:tensorflow:2020-01-27 01:02:09.371612: Step 2080: Validation accuracy = 44.0% (N=100)
I0127 01:02:09.371669 140335769773888 retrain.py:1100] 2020-01-27 01:02:09.371612: Step 2080: Validation accuracy = 44.0% (N=100)
INFO:tensorflow:2020-01-27 01:02:10.073693: Step 2090: Train accuracy = 95.0%
I0127 01:02:10.073749 140335769773888 retrain.py:1082] 2020-01-27 01:02:10.073693: Step 2090: Train accuracy = 95.0%
INFO:tensorflow:2020-01-27 01:02:10.073887: Step 2090: Cross entropy = 0.254287
I0127 01:02:10.073903 140335769773888 retrain.py:1084] 2020-01-27 01:02:10.073887: Step 2090: Cross entropy = 0.254287
INFO:tensorflow:2020-01-27 01:02:10.140472: Step 2090: Validation accuracy = 55.0% (N=100)
I0127 01:02:10.140528 140335769773888 retrain.py:1100] 2020-01-27 01:02:10.140472: Step 2090: Validation accuracy = 55.0% (N=100)
INFO:tensorflow:2020-01-27 01:02:10.871540: Step 2100: Train accuracy = 96.0%
I0127 01:02:10.871599 140335769773888 retrain.py:1082] 2020-01-27 01:02:10.871540: Step 2100: Train accuracy = 96.0%
INFO:tensorflow:2020-01-27 01:02:10.871753: Step 2100: Cross entropy = 0.249003
I0127 01:02:10.871777 140335769773888 retrain.py:1084] 2020-01-27 01:02:10.871753: Step 2100: Cross entropy = 0.249003
INFO:tensorflow:2020-01-27 01:02:10.938402: Step 2100: Validation accuracy = 54.0% (N=100)
I0127 01:02:10.938457 140335769773888 retrain.py:1100] 2020-01-27 01:02:10.938402: Step 2100: Validation accuracy = 54.0% (N=100)
INFO:tensorflow:2020-01-27 01:02:11.686776: Step 2110: Train accuracy = 96.0%
I0127 01:02:11.686834 140335769773888 retrain.py:1082] 2020-01-27 01:02:11.686776: Step 2110: Train accuracy = 96.0%
INFO:tensorflow:2020-01-27 01:02:11.686982: Step 2110: Cross entropy = 0.260332
I0127 01:02:11.687000 140335769773888 retrain.py:1084] 2020-01-27 01:02:11.686982: Step 2110: Cross entropy = 0.260332
INFO:tensorflow:2020-01-27 01:02:11.753725: Step 2110: Validation accuracy = 54.0% (N=100)
I0127 01:02:11.753782 140335769773888 retrain.py:1100] 2020-01-27 01:02:11.753725: Step 2110: Validation accuracy = 54.0% (N=100)
INFO:tensorflow:2020-01-27 01:02:12.483493: Step 2120: Train accuracy = 98.0%
I0127 01:02:12.483548 140335769773888 retrain.py:1082] 2020-01-27 01:02:12.483493: Step 2120: Train accuracy = 98.0%
INFO:tensorflow:2020-01-27 01:02:12.483681: Step 2120: Cross entropy = 0.235194
I0127 01:02:12.483697 140335769773888 retrain.py:1084] 2020-01-27 01:02:12.483681: Step 2120: Cross entropy = 0.235194
INFO:tensorflow:2020-01-27 01:02:12.549655: Step 2120: Validation accuracy = 59.0% (N=100)
I0127 01:02:12.549714 140335769773888 retrain.py:1100] 2020-01-27 01:02:12.549655: Step 2120: Validation accuracy = 59.0% (N=100)
INFO:tensorflow:2020-01-27 01:02:13.290026: Step 2130: Train accuracy = 98.0%
I0127 01:02:13.290083 140335769773888 retrain.py:1082] 2020-01-27 01:02:13.290026: Step 2130: Train accuracy = 98.0%
INFO:tensorflow:2020-01-27 01:02:13.290237: Step 2130: Cross entropy = 0.229942
I0127 01:02:13.290253 140335769773888 retrain.py:1084] 2020-01-27 01:02:13.290237: Step 2130: Cross entropy = 0.229942
INFO:tensorflow:2020-01-27 01:02:13.360245: Step 2130: Validation accuracy = 54.0% (N=100)
I0127 01:02:13.360301 140335769773888 retrain.py:1100] 2020-01-27 01:02:13.360245: Step 2130: Validation accuracy = 54.0% (N=100)
INFO:tensorflow:2020-01-27 01:02:14.067208: Step 2140: Train accuracy = 100.0%
I0127 01:02:14.067265 140335769773888 retrain.py:1082] 2020-01-27 01:02:14.067208: Step 2140: Train accuracy = 100.0%
INFO:tensorflow:2020-01-27 01:02:14.067424: Step 2140: Cross entropy = 0.204467
I0127 01:02:14.067448 140335769773888 retrain.py:1084] 2020-01-27 01:02:14.067424: Step 2140: Cross entropy = 0.204467
INFO:tensorflow:2020-01-27 01:02:14.137479: Step 2140: Validation accuracy = 50.0% (N=100)
I0127 01:02:14.137535 140335769773888 retrain.py:1100] 2020-01-27 01:02:14.137479: Step 2140: Validation accuracy = 50.0% (N=100)
INFO:tensorflow:2020-01-27 01:02:14.877157: Step 2150: Train accuracy = 97.0%
I0127 01:02:14.877223 140335769773888 retrain.py:1082] 2020-01-27 01:02:14.877157: Step 2150: Train accuracy = 97.0%
INFO:tensorflow:2020-01-27 01:02:14.877353: Step 2150: Cross entropy = 0.226597
I0127 01:02:14.877371 140335769773888 retrain.py:1084] 2020-01-27 01:02:14.877353: Step 2150: Cross entropy = 0.226597
INFO:tensorflow:2020-01-27 01:02:14.947846: Step 2150: Validation accuracy = 49.0% (N=100)
I0127 01:02:14.947903 140335769773888 retrain.py:1100] 2020-01-27 01:02:14.947846: Step 2150: Validation accuracy = 49.0% (N=100)
INFO:tensorflow:2020-01-27 01:02:15.687158: Step 2160: Train accuracy = 99.0%
I0127 01:02:15.687214 140335769773888 retrain.py:1082] 2020-01-27 01:02:15.687158: Step 2160: Train accuracy = 99.0%
INFO:tensorflow:2020-01-27 01:02:15.687346: Step 2160: Cross entropy = 0.239183
I0127 01:02:15.687363 140335769773888 retrain.py:1084] 2020-01-27 01:02:15.687346: Step 2160: Cross entropy = 0.239183
INFO:tensorflow:2020-01-27 01:02:15.754290: Step 2160: Validation accuracy = 47.0% (N=100)
I0127 01:02:15.754345 140335769773888 retrain.py:1100] 2020-01-27 01:02:15.754290: Step 2160: Validation accuracy = 47.0% (N=100)
INFO:tensorflow:2020-01-27 01:02:16.488231: Step 2170: Train accuracy = 99.0%
I0127 01:02:16.488289 140335769773888 retrain.py:1082] 2020-01-27 01:02:16.488231: Step 2170: Train accuracy = 99.0%
INFO:tensorflow:2020-01-27 01:02:16.488441: Step 2170: Cross entropy = 0.207826
I0127 01:02:16.488457 140335769773888 retrain.py:1084] 2020-01-27 01:02:16.488441: Step 2170: Cross entropy = 0.207826
INFO:tensorflow:2020-01-27 01:02:16.556653: Step 2170: Validation accuracy = 50.0% (N=100)
I0127 01:02:16.556708 140335769773888 retrain.py:1100] 2020-01-27 01:02:16.556653: Step 2170: Validation accuracy = 50.0% (N=100)
INFO:tensorflow:2020-01-27 01:02:17.285536: Step 2180: Train accuracy = 98.0%
I0127 01:02:17.285592 140335769773888 retrain.py:1082] 2020-01-27 01:02:17.285536: Step 2180: Train accuracy = 98.0%
INFO:tensorflow:2020-01-27 01:02:17.285745: Step 2180: Cross entropy = 0.249122
I0127 01:02:17.285763 140335769773888 retrain.py:1084] 2020-01-27 01:02:17.285745: Step 2180: Cross entropy = 0.249122
INFO:tensorflow:2020-01-27 01:02:17.355526: Step 2180: Validation accuracy = 60.0% (N=100)
I0127 01:02:17.355582 140335769773888 retrain.py:1100] 2020-01-27 01:02:17.355526: Step 2180: Validation accuracy = 60.0% (N=100)
INFO:tensorflow:2020-01-27 01:02:18.053292: Step 2190: Train accuracy = 97.0%
I0127 01:02:18.053348 140335769773888 retrain.py:1082] 2020-01-27 01:02:18.053292: Step 2190: Train accuracy = 97.0%
INFO:tensorflow:2020-01-27 01:02:18.053481: Step 2190: Cross entropy = 0.214033
I0127 01:02:18.053496 140335769773888 retrain.py:1084] 2020-01-27 01:02:18.053481: Step 2190: Cross entropy = 0.214033
INFO:tensorflow:2020-01-27 01:02:18.119591: Step 2190: Validation accuracy = 43.0% (N=100)
I0127 01:02:18.119649 140335769773888 retrain.py:1100] 2020-01-27 01:02:18.119591: Step 2190: Validation accuracy = 43.0% (N=100)
INFO:tensorflow:2020-01-27 01:02:18.859014: Step 2200: Train accuracy = 98.0%
I0127 01:02:18.859071 140335769773888 retrain.py:1082] 2020-01-27 01:02:18.859014: Step 2200: Train accuracy = 98.0%
INFO:tensorflow:2020-01-27 01:02:18.859217: Step 2200: Cross entropy = 0.213927
I0127 01:02:18.859238 140335769773888 retrain.py:1084] 2020-01-27 01:02:18.859217: Step 2200: Cross entropy = 0.213927
INFO:tensorflow:2020-01-27 01:02:18.925173: Step 2200: Validation accuracy = 57.0% (N=100)
I0127 01:02:18.925240 140335769773888 retrain.py:1100] 2020-01-27 01:02:18.925173: Step 2200: Validation accuracy = 57.0% (N=100)
INFO:tensorflow:2020-01-27 01:02:19.671312: Step 2210: Train accuracy = 97.0%
I0127 01:02:19.671369 140335769773888 retrain.py:1082] 2020-01-27 01:02:19.671312: Step 2210: Train accuracy = 97.0%
INFO:tensorflow:2020-01-27 01:02:19.671502: Step 2210: Cross entropy = 0.265222
I0127 01:02:19.671530 140335769773888 retrain.py:1084] 2020-01-27 01:02:19.671502: Step 2210: Cross entropy = 0.265222
INFO:tensorflow:2020-01-27 01:02:19.737995: Step 2210: Validation accuracy = 37.0% (N=100)
I0127 01:02:19.738051 140335769773888 retrain.py:1100] 2020-01-27 01:02:19.737995: Step 2210: Validation accuracy = 37.0% (N=100)
INFO:tensorflow:2020-01-27 01:02:20.480273: Step 2220: Train accuracy = 97.0%
I0127 01:02:20.480329 140335769773888 retrain.py:1082] 2020-01-27 01:02:20.480273: Step 2220: Train accuracy = 97.0%
INFO:tensorflow:2020-01-27 01:02:20.480455: Step 2220: Cross entropy = 0.231896
I0127 01:02:20.480470 140335769773888 retrain.py:1084] 2020-01-27 01:02:20.480455: Step 2220: Cross entropy = 0.231896
INFO:tensorflow:2020-01-27 01:02:20.549956: Step 2220: Validation accuracy = 41.0% (N=100)
I0127 01:02:20.550014 140335769773888 retrain.py:1100] 2020-01-27 01:02:20.549956: Step 2220: Validation accuracy = 41.0% (N=100)
INFO:tensorflow:2020-01-27 01:02:21.281933: Step 2230: Train accuracy = 97.0%
I0127 01:02:21.281991 140335769773888 retrain.py:1082] 2020-01-27 01:02:21.281933: Step 2230: Train accuracy = 97.0%
INFO:tensorflow:2020-01-27 01:02:21.282140: Step 2230: Cross entropy = 0.269099
I0127 01:02:21.282158 140335769773888 retrain.py:1084] 2020-01-27 01:02:21.282140: Step 2230: Cross entropy = 0.269099
INFO:tensorflow:2020-01-27 01:02:21.349053: Step 2230: Validation accuracy = 56.0% (N=100)
I0127 01:02:21.349111 140335769773888 retrain.py:1100] 2020-01-27 01:02:21.349053: Step 2230: Validation accuracy = 56.0% (N=100)
INFO:tensorflow:2020-01-27 01:02:22.041981: Step 2240: Train accuracy = 97.0%
I0127 01:02:22.042038 140335769773888 retrain.py:1082] 2020-01-27 01:02:22.041981: Step 2240: Train accuracy = 97.0%
INFO:tensorflow:2020-01-27 01:02:22.042176: Step 2240: Cross entropy = 0.229922
I0127 01:02:22.042196 140335769773888 retrain.py:1084] 2020-01-27 01:02:22.042176: Step 2240: Cross entropy = 0.229922
INFO:tensorflow:2020-01-27 01:02:22.108243: Step 2240: Validation accuracy = 45.0% (N=100)
I0127 01:02:22.108299 140335769773888 retrain.py:1100] 2020-01-27 01:02:22.108243: Step 2240: Validation accuracy = 45.0% (N=100)
INFO:tensorflow:2020-01-27 01:02:22.847418: Step 2250: Train accuracy = 100.0%
I0127 01:02:22.847475 140335769773888 retrain.py:1082] 2020-01-27 01:02:22.847418: Step 2250: Train accuracy = 100.0%
INFO:tensorflow:2020-01-27 01:02:22.847633: Step 2250: Cross entropy = 0.207558
I0127 01:02:22.847654 140335769773888 retrain.py:1084] 2020-01-27 01:02:22.847633: Step 2250: Cross entropy = 0.207558
INFO:tensorflow:2020-01-27 01:02:22.916936: Step 2250: Validation accuracy = 49.0% (N=100)
I0127 01:02:22.916992 140335769773888 retrain.py:1100] 2020-01-27 01:02:22.916936: Step 2250: Validation accuracy = 49.0% (N=100)
INFO:tensorflow:2020-01-27 01:02:23.651823: Step 2260: Train accuracy = 97.0%
I0127 01:02:23.651878 140335769773888 retrain.py:1082] 2020-01-27 01:02:23.651823: Step 2260: Train accuracy = 97.0%
INFO:tensorflow:2020-01-27 01:02:23.652019: Step 2260: Cross entropy = 0.242273
I0127 01:02:23.652036 140335769773888 retrain.py:1084] 2020-01-27 01:02:23.652019: Step 2260: Cross entropy = 0.242273
INFO:tensorflow:2020-01-27 01:02:23.719688: Step 2260: Validation accuracy = 46.0% (N=100)
I0127 01:02:23.719745 140335769773888 retrain.py:1100] 2020-01-27 01:02:23.719688: Step 2260: Validation accuracy = 46.0% (N=100)
INFO:tensorflow:2020-01-27 01:02:24.453100: Step 2270: Train accuracy = 100.0%
I0127 01:02:24.453157 140335769773888 retrain.py:1082] 2020-01-27 01:02:24.453100: Step 2270: Train accuracy = 100.0%
INFO:tensorflow:2020-01-27 01:02:24.453309: Step 2270: Cross entropy = 0.238238
I0127 01:02:24.453329 140335769773888 retrain.py:1084] 2020-01-27 01:02:24.453309: Step 2270: Cross entropy = 0.238238
INFO:tensorflow:2020-01-27 01:02:24.519866: Step 2270: Validation accuracy = 55.0% (N=100)
I0127 01:02:24.519923 140335769773888 retrain.py:1100] 2020-01-27 01:02:24.519866: Step 2270: Validation accuracy = 55.0% (N=100)
INFO:tensorflow:2020-01-27 01:02:25.243717: Step 2280: Train accuracy = 100.0%
I0127 01:02:25.243775 140335769773888 retrain.py:1082] 2020-01-27 01:02:25.243717: Step 2280: Train accuracy = 100.0%
INFO:tensorflow:2020-01-27 01:02:25.243913: Step 2280: Cross entropy = 0.200564
I0127 01:02:25.243929 140335769773888 retrain.py:1084] 2020-01-27 01:02:25.243913: Step 2280: Cross entropy = 0.200564
INFO:tensorflow:2020-01-27 01:02:25.310924: Step 2280: Validation accuracy = 54.0% (N=100)
I0127 01:02:25.310981 140335769773888 retrain.py:1100] 2020-01-27 01:02:25.310924: Step 2280: Validation accuracy = 54.0% (N=100)
INFO:tensorflow:2020-01-27 01:02:26.012106: Step 2290: Train accuracy = 98.0%
I0127 01:02:26.012164 140335769773888 retrain.py:1082] 2020-01-27 01:02:26.012106: Step 2290: Train accuracy = 98.0%
INFO:tensorflow:2020-01-27 01:02:26.012322: Step 2290: Cross entropy = 0.232734
I0127 01:02:26.012341 140335769773888 retrain.py:1084] 2020-01-27 01:02:26.012322: Step 2290: Cross entropy = 0.232734
INFO:tensorflow:2020-01-27 01:02:26.079422: Step 2290: Validation accuracy = 48.0% (N=100)
I0127 01:02:26.079480 140335769773888 retrain.py:1100] 2020-01-27 01:02:26.079422: Step 2290: Validation accuracy = 48.0% (N=100)
INFO:tensorflow:2020-01-27 01:02:26.822879: Step 2300: Train accuracy = 99.0%
I0127 01:02:26.822936 140335769773888 retrain.py:1082] 2020-01-27 01:02:26.822879: Step 2300: Train accuracy = 99.0%
INFO:tensorflow:2020-01-27 01:02:26.823081: Step 2300: Cross entropy = 0.198214
I0127 01:02:26.823099 140335769773888 retrain.py:1084] 2020-01-27 01:02:26.823081: Step 2300: Cross entropy = 0.198214
INFO:tensorflow:2020-01-27 01:02:26.893116: Step 2300: Validation accuracy = 51.0% (N=100)
I0127 01:02:26.893171 140335769773888 retrain.py:1100] 2020-01-27 01:02:26.893116: Step 2300: Validation accuracy = 51.0% (N=100)
INFO:tensorflow:2020-01-27 01:02:27.626027: Step 2310: Train accuracy = 99.0%
I0127 01:02:27.626085 140335769773888 retrain.py:1082] 2020-01-27 01:02:27.626027: Step 2310: Train accuracy = 99.0%
INFO:tensorflow:2020-01-27 01:02:27.626218: Step 2310: Cross entropy = 0.221617
I0127 01:02:27.626234 140335769773888 retrain.py:1084] 2020-01-27 01:02:27.626218: Step 2310: Cross entropy = 0.221617
INFO:tensorflow:2020-01-27 01:02:27.693244: Step 2310: Validation accuracy = 57.0% (N=100)
I0127 01:02:27.693302 140335769773888 retrain.py:1100] 2020-01-27 01:02:27.693244: Step 2310: Validation accuracy = 57.0% (N=100)
INFO:tensorflow:2020-01-27 01:02:28.443605: Step 2320: Train accuracy = 96.0%
I0127 01:02:28.443662 140335769773888 retrain.py:1082] 2020-01-27 01:02:28.443605: Step 2320: Train accuracy = 96.0%
INFO:tensorflow:2020-01-27 01:02:28.443798: Step 2320: Cross entropy = 0.225338
I0127 01:02:28.443817 140335769773888 retrain.py:1084] 2020-01-27 01:02:28.443798: Step 2320: Cross entropy = 0.225338
INFO:tensorflow:2020-01-27 01:02:28.511466: Step 2320: Validation accuracy = 42.0% (N=100)
I0127 01:02:28.511524 140335769773888 retrain.py:1100] 2020-01-27 01:02:28.511466: Step 2320: Validation accuracy = 42.0% (N=100)
INFO:tensorflow:2020-01-27 01:02:29.248402: Step 2330: Train accuracy = 98.0%
I0127 01:02:29.248460 140335769773888 retrain.py:1082] 2020-01-27 01:02:29.248402: Step 2330: Train accuracy = 98.0%
INFO:tensorflow:2020-01-27 01:02:29.248591: Step 2330: Cross entropy = 0.258041
I0127 01:02:29.248608 140335769773888 retrain.py:1084] 2020-01-27 01:02:29.248591: Step 2330: Cross entropy = 0.258041
INFO:tensorflow:2020-01-27 01:02:29.319408: Step 2330: Validation accuracy = 55.0% (N=100)
I0127 01:02:29.319465 140335769773888 retrain.py:1100] 2020-01-27 01:02:29.319408: Step 2330: Validation accuracy = 55.0% (N=100)
INFO:tensorflow:2020-01-27 01:02:30.024265: Step 2340: Train accuracy = 99.0%
I0127 01:02:30.024319 140335769773888 retrain.py:1082] 2020-01-27 01:02:30.024265: Step 2340: Train accuracy = 99.0%
INFO:tensorflow:2020-01-27 01:02:30.024455: Step 2340: Cross entropy = 0.221098
I0127 01:02:30.024472 140335769773888 retrain.py:1084] 2020-01-27 01:02:30.024455: Step 2340: Cross entropy = 0.221098
INFO:tensorflow:2020-01-27 01:02:30.092982: Step 2340: Validation accuracy = 60.0% (N=100)
I0127 01:02:30.093039 140335769773888 retrain.py:1100] 2020-01-27 01:02:30.092982: Step 2340: Validation accuracy = 60.0% (N=100)
INFO:tensorflow:2020-01-27 01:02:30.828862: Step 2350: Train accuracy = 99.0%
I0127 01:02:30.828918 140335769773888 retrain.py:1082] 2020-01-27 01:02:30.828862: Step 2350: Train accuracy = 99.0%
INFO:tensorflow:2020-01-27 01:02:30.829063: Step 2350: Cross entropy = 0.205104
I0127 01:02:30.829081 140335769773888 retrain.py:1084] 2020-01-27 01:02:30.829063: Step 2350: Cross entropy = 0.205104
INFO:tensorflow:2020-01-27 01:02:30.899509: Step 2350: Validation accuracy = 50.0% (N=100)
I0127 01:02:30.899567 140335769773888 retrain.py:1100] 2020-01-27 01:02:30.899509: Step 2350: Validation accuracy = 50.0% (N=100)
INFO:tensorflow:2020-01-27 01:02:31.637746: Step 2360: Train accuracy = 99.0%
I0127 01:02:31.637804 140335769773888 retrain.py:1082] 2020-01-27 01:02:31.637746: Step 2360: Train accuracy = 99.0%
INFO:tensorflow:2020-01-27 01:02:31.637960: Step 2360: Cross entropy = 0.238958
I0127 01:02:31.637981 140335769773888 retrain.py:1084] 2020-01-27 01:02:31.637960: Step 2360: Cross entropy = 0.238958
INFO:tensorflow:2020-01-27 01:02:31.704825: Step 2360: Validation accuracy = 49.0% (N=100)
I0127 01:02:31.704881 140335769773888 retrain.py:1100] 2020-01-27 01:02:31.704825: Step 2360: Validation accuracy = 49.0% (N=100)
INFO:tensorflow:2020-01-27 01:02:32.439611: Step 2370: Train accuracy = 98.0%
I0127 01:02:32.439668 140335769773888 retrain.py:1082] 2020-01-27 01:02:32.439611: Step 2370: Train accuracy = 98.0%
INFO:tensorflow:2020-01-27 01:02:32.439801: Step 2370: Cross entropy = 0.205305
I0127 01:02:32.439819 140335769773888 retrain.py:1084] 2020-01-27 01:02:32.439801: Step 2370: Cross entropy = 0.205305
INFO:tensorflow:2020-01-27 01:02:32.510118: Step 2370: Validation accuracy = 59.0% (N=100)
I0127 01:02:32.510176 140335769773888 retrain.py:1100] 2020-01-27 01:02:32.510118: Step 2370: Validation accuracy = 59.0% (N=100)
INFO:tensorflow:2020-01-27 01:02:33.251081: Step 2380: Train accuracy = 99.0%
I0127 01:02:33.251139 140335769773888 retrain.py:1082] 2020-01-27 01:02:33.251081: Step 2380: Train accuracy = 99.0%
INFO:tensorflow:2020-01-27 01:02:33.251335: Step 2380: Cross entropy = 0.210221
I0127 01:02:33.251377 140335769773888 retrain.py:1084] 2020-01-27 01:02:33.251335: Step 2380: Cross entropy = 0.210221
INFO:tensorflow:2020-01-27 01:02:33.321451: Step 2380: Validation accuracy = 47.0% (N=100)
I0127 01:02:33.321508 140335769773888 retrain.py:1100] 2020-01-27 01:02:33.321451: Step 2380: Validation accuracy = 47.0% (N=100)
INFO:tensorflow:2020-01-27 01:02:34.028095: Step 2390: Train accuracy = 97.0%
I0127 01:02:34.028152 140335769773888 retrain.py:1082] 2020-01-27 01:02:34.028095: Step 2390: Train accuracy = 97.0%
INFO:tensorflow:2020-01-27 01:02:34.028299: Step 2390: Cross entropy = 0.254197
I0127 01:02:34.028318 140335769773888 retrain.py:1084] 2020-01-27 01:02:34.028299: Step 2390: Cross entropy = 0.254197
INFO:tensorflow:2020-01-27 01:02:34.098669: Step 2390: Validation accuracy = 45.0% (N=100)
I0127 01:02:34.098724 140335769773888 retrain.py:1100] 2020-01-27 01:02:34.098669: Step 2390: Validation accuracy = 45.0% (N=100)
INFO:tensorflow:2020-01-27 01:02:34.840037: Step 2400: Train accuracy = 100.0%
I0127 01:02:34.840094 140335769773888 retrain.py:1082] 2020-01-27 01:02:34.840037: Step 2400: Train accuracy = 100.0%
INFO:tensorflow:2020-01-27 01:02:34.840252: Step 2400: Cross entropy = 0.221926
I0127 01:02:34.840276 140335769773888 retrain.py:1084] 2020-01-27 01:02:34.840252: Step 2400: Cross entropy = 0.221926
INFO:tensorflow:2020-01-27 01:02:34.910725: Step 2400: Validation accuracy = 52.0% (N=100)
I0127 01:02:34.910780 140335769773888 retrain.py:1100] 2020-01-27 01:02:34.910725: Step 2400: Validation accuracy = 52.0% (N=100)
INFO:tensorflow:2020-01-27 01:02:35.644694: Step 2410: Train accuracy = 98.0%
I0127 01:02:35.644750 140335769773888 retrain.py:1082] 2020-01-27 01:02:35.644694: Step 2410: Train accuracy = 98.0%
INFO:tensorflow:2020-01-27 01:02:35.644900: Step 2410: Cross entropy = 0.240051
I0127 01:02:35.644919 140335769773888 retrain.py:1084] 2020-01-27 01:02:35.644900: Step 2410: Cross entropy = 0.240051
INFO:tensorflow:2020-01-27 01:02:35.712967: Step 2410: Validation accuracy = 55.0% (N=100)
I0127 01:02:35.713024 140335769773888 retrain.py:1100] 2020-01-27 01:02:35.712967: Step 2410: Validation accuracy = 55.0% (N=100)
INFO:tensorflow:2020-01-27 01:02:36.461117: Step 2420: Train accuracy = 99.0%
I0127 01:02:36.461175 140335769773888 retrain.py:1082] 2020-01-27 01:02:36.461117: Step 2420: Train accuracy = 99.0%
INFO:tensorflow:2020-01-27 01:02:36.461322: Step 2420: Cross entropy = 0.228047
I0127 01:02:36.461337 140335769773888 retrain.py:1084] 2020-01-27 01:02:36.461322: Step 2420: Cross entropy = 0.228047
INFO:tensorflow:2020-01-27 01:02:36.527861: Step 2420: Validation accuracy = 53.0% (N=100)
I0127 01:02:36.527917 140335769773888 retrain.py:1100] 2020-01-27 01:02:36.527861: Step 2420: Validation accuracy = 53.0% (N=100)
INFO:tensorflow:2020-01-27 01:02:37.261845: Step 2430: Train accuracy = 100.0%
I0127 01:02:37.261901 140335769773888 retrain.py:1082] 2020-01-27 01:02:37.261845: Step 2430: Train accuracy = 100.0%
INFO:tensorflow:2020-01-27 01:02:37.262032: Step 2430: Cross entropy = 0.248767
I0127 01:02:37.262048 140335769773888 retrain.py:1084] 2020-01-27 01:02:37.262032: Step 2430: Cross entropy = 0.248767
INFO:tensorflow:2020-01-27 01:02:37.332632: Step 2430: Validation accuracy = 45.0% (N=100)
I0127 01:02:37.332687 140335769773888 retrain.py:1100] 2020-01-27 01:02:37.332632: Step 2430: Validation accuracy = 45.0% (N=100)
INFO:tensorflow:2020-01-27 01:02:38.030468: Step 2440: Train accuracy = 99.0%
I0127 01:02:38.030524 140335769773888 retrain.py:1082] 2020-01-27 01:02:38.030468: Step 2440: Train accuracy = 99.0%
INFO:tensorflow:2020-01-27 01:02:38.030668: Step 2440: Cross entropy = 0.222525
I0127 01:02:38.030687 140335769773888 retrain.py:1084] 2020-01-27 01:02:38.030668: Step 2440: Cross entropy = 0.222525
INFO:tensorflow:2020-01-27 01:02:38.097426: Step 2440: Validation accuracy = 49.0% (N=100)
I0127 01:02:38.097483 140335769773888 retrain.py:1100] 2020-01-27 01:02:38.097426: Step 2440: Validation accuracy = 49.0% (N=100)
INFO:tensorflow:2020-01-27 01:02:38.841791: Step 2450: Train accuracy = 97.0%
I0127 01:02:38.841848 140335769773888 retrain.py:1082] 2020-01-27 01:02:38.841791: Step 2450: Train accuracy = 97.0%
INFO:tensorflow:2020-01-27 01:02:38.841997: Step 2450: Cross entropy = 0.254183
I0127 01:02:38.842015 140335769773888 retrain.py:1084] 2020-01-27 01:02:38.841997: Step 2450: Cross entropy = 0.254183
INFO:tensorflow:2020-01-27 01:02:38.911890: Step 2450: Validation accuracy = 45.0% (N=100)
I0127 01:02:38.911946 140335769773888 retrain.py:1100] 2020-01-27 01:02:38.911890: Step 2450: Validation accuracy = 45.0% (N=100)
INFO:tensorflow:2020-01-27 01:02:39.641844: Step 2460: Train accuracy = 98.0%
I0127 01:02:39.641900 140335769773888 retrain.py:1082] 2020-01-27 01:02:39.641844: Step 2460: Train accuracy = 98.0%
INFO:tensorflow:2020-01-27 01:02:39.642040: Step 2460: Cross entropy = 0.240439
I0127 01:02:39.642057 140335769773888 retrain.py:1084] 2020-01-27 01:02:39.642040: Step 2460: Cross entropy = 0.240439
INFO:tensorflow:2020-01-27 01:02:39.712184: Step 2460: Validation accuracy = 45.0% (N=100)
I0127 01:02:39.712241 140335769773888 retrain.py:1100] 2020-01-27 01:02:39.712184: Step 2460: Validation accuracy = 45.0% (N=100)
INFO:tensorflow:2020-01-27 01:02:40.453946: Step 2470: Train accuracy = 97.0%
I0127 01:02:40.454002 140335769773888 retrain.py:1082] 2020-01-27 01:02:40.453946: Step 2470: Train accuracy = 97.0%
INFO:tensorflow:2020-01-27 01:02:40.454160: Step 2470: Cross entropy = 0.229400
I0127 01:02:40.454183 140335769773888 retrain.py:1084] 2020-01-27 01:02:40.454160: Step 2470: Cross entropy = 0.229400
INFO:tensorflow:2020-01-27 01:02:40.521904: Step 2470: Validation accuracy = 44.0% (N=100)
I0127 01:02:40.521962 140335769773888 retrain.py:1100] 2020-01-27 01:02:40.521904: Step 2470: Validation accuracy = 44.0% (N=100)
INFO:tensorflow:2020-01-27 01:02:41.251666: Step 2480: Train accuracy = 98.0%
I0127 01:02:41.251723 140335769773888 retrain.py:1082] 2020-01-27 01:02:41.251666: Step 2480: Train accuracy = 98.0%
INFO:tensorflow:2020-01-27 01:02:41.251855: Step 2480: Cross entropy = 0.255961
I0127 01:02:41.251873 140335769773888 retrain.py:1084] 2020-01-27 01:02:41.251855: Step 2480: Cross entropy = 0.255961
INFO:tensorflow:2020-01-27 01:02:41.319619: Step 2480: Validation accuracy = 52.0% (N=100)
I0127 01:02:41.319677 140335769773888 retrain.py:1100] 2020-01-27 01:02:41.319619: Step 2480: Validation accuracy = 52.0% (N=100)
INFO:tensorflow:2020-01-27 01:02:42.030044: Step 2490: Train accuracy = 100.0%
I0127 01:02:42.030101 140335769773888 retrain.py:1082] 2020-01-27 01:02:42.030044: Step 2490: Train accuracy = 100.0%
INFO:tensorflow:2020-01-27 01:02:42.030234: Step 2490: Cross entropy = 0.187565
I0127 01:02:42.030252 140335769773888 retrain.py:1084] 2020-01-27 01:02:42.030234: Step 2490: Cross entropy = 0.187565
INFO:tensorflow:2020-01-27 01:02:42.114714: Step 2490: Validation accuracy = 50.0% (N=100)
I0127 01:02:42.114771 140335769773888 retrain.py:1100] 2020-01-27 01:02:42.114714: Step 2490: Validation accuracy = 50.0% (N=100)
INFO:tensorflow:2020-01-27 01:02:42.860809: Step 2500: Train accuracy = 99.0%
I0127 01:02:42.860867 140335769773888 retrain.py:1082] 2020-01-27 01:02:42.860809: Step 2500: Train accuracy = 99.0%
INFO:tensorflow:2020-01-27 01:02:42.861017: Step 2500: Cross entropy = 0.220584
I0127 01:02:42.861035 140335769773888 retrain.py:1084] 2020-01-27 01:02:42.861017: Step 2500: Cross entropy = 0.220584
INFO:tensorflow:2020-01-27 01:02:42.927794: Step 2500: Validation accuracy = 48.0% (N=100)
I0127 01:02:42.927849 140335769773888 retrain.py:1100] 2020-01-27 01:02:42.927794: Step 2500: Validation accuracy = 48.0% (N=100)
INFO:tensorflow:2020-01-27 01:02:43.666309: Step 2510: Train accuracy = 99.0%
I0127 01:02:43.666366 140335769773888 retrain.py:1082] 2020-01-27 01:02:43.666309: Step 2510: Train accuracy = 99.0%
INFO:tensorflow:2020-01-27 01:02:43.666516: Step 2510: Cross entropy = 0.202751
I0127 01:02:43.666533 140335769773888 retrain.py:1084] 2020-01-27 01:02:43.666516: Step 2510: Cross entropy = 0.202751
INFO:tensorflow:2020-01-27 01:02:43.734832: Step 2510: Validation accuracy = 42.0% (N=100)
I0127 01:02:43.734888 140335769773888 retrain.py:1100] 2020-01-27 01:02:43.734832: Step 2510: Validation accuracy = 42.0% (N=100)
INFO:tensorflow:2020-01-27 01:02:44.485103: Step 2520: Train accuracy = 98.0%
I0127 01:02:44.485160 140335769773888 retrain.py:1082] 2020-01-27 01:02:44.485103: Step 2520: Train accuracy = 98.0%
INFO:tensorflow:2020-01-27 01:02:44.485331: Step 2520: Cross entropy = 0.223412
I0127 01:02:44.485349 140335769773888 retrain.py:1084] 2020-01-27 01:02:44.485331: Step 2520: Cross entropy = 0.223412
INFO:tensorflow:2020-01-27 01:02:44.552251: Step 2520: Validation accuracy = 43.0% (N=100)
I0127 01:02:44.552308 140335769773888 retrain.py:1100] 2020-01-27 01:02:44.552251: Step 2520: Validation accuracy = 43.0% (N=100)
INFO:tensorflow:2020-01-27 01:02:45.292405: Step 2530: Train accuracy = 99.0%
I0127 01:02:45.292462 140335769773888 retrain.py:1082] 2020-01-27 01:02:45.292405: Step 2530: Train accuracy = 99.0%
INFO:tensorflow:2020-01-27 01:02:45.292608: Step 2530: Cross entropy = 0.208110
I0127 01:02:45.292626 140335769773888 retrain.py:1084] 2020-01-27 01:02:45.292608: Step 2530: Cross entropy = 0.208110
INFO:tensorflow:2020-01-27 01:02:45.359841: Step 2530: Validation accuracy = 43.0% (N=100)
I0127 01:02:45.359897 140335769773888 retrain.py:1100] 2020-01-27 01:02:45.359841: Step 2530: Validation accuracy = 43.0% (N=100)
INFO:tensorflow:2020-01-27 01:02:46.065575: Step 2540: Train accuracy = 99.0%
I0127 01:02:46.065632 140335769773888 retrain.py:1082] 2020-01-27 01:02:46.065575: Step 2540: Train accuracy = 99.0%
INFO:tensorflow:2020-01-27 01:02:46.065788: Step 2540: Cross entropy = 0.219557
I0127 01:02:46.065802 140335769773888 retrain.py:1084] 2020-01-27 01:02:46.065788: Step 2540: Cross entropy = 0.219557
INFO:tensorflow:2020-01-27 01:02:46.132776: Step 2540: Validation accuracy = 55.0% (N=100)
I0127 01:02:46.132833 140335769773888 retrain.py:1100] 2020-01-27 01:02:46.132776: Step 2540: Validation accuracy = 55.0% (N=100)
INFO:tensorflow:2020-01-27 01:02:46.875943: Step 2550: Train accuracy = 97.0%
I0127 01:02:46.876001 140335769773888 retrain.py:1082] 2020-01-27 01:02:46.875943: Step 2550: Train accuracy = 97.0%
INFO:tensorflow:2020-01-27 01:02:46.876133: Step 2550: Cross entropy = 0.221141
I0127 01:02:46.876150 140335769773888 retrain.py:1084] 2020-01-27 01:02:46.876133: Step 2550: Cross entropy = 0.221141
INFO:tensorflow:2020-01-27 01:02:46.943641: Step 2550: Validation accuracy = 53.0% (N=100)
I0127 01:02:46.943698 140335769773888 retrain.py:1100] 2020-01-27 01:02:46.943641: Step 2550: Validation accuracy = 53.0% (N=100)
INFO:tensorflow:2020-01-27 01:02:47.678641: Step 2560: Train accuracy = 99.0%
I0127 01:02:47.678698 140335769773888 retrain.py:1082] 2020-01-27 01:02:47.678641: Step 2560: Train accuracy = 99.0%
INFO:tensorflow:2020-01-27 01:02:47.678831: Step 2560: Cross entropy = 0.225495
I0127 01:02:47.678848 140335769773888 retrain.py:1084] 2020-01-27 01:02:47.678831: Step 2560: Cross entropy = 0.225495
INFO:tensorflow:2020-01-27 01:02:47.746022: Step 2560: Validation accuracy = 55.0% (N=100)
I0127 01:02:47.746079 140335769773888 retrain.py:1100] 2020-01-27 01:02:47.746022: Step 2560: Validation accuracy = 55.0% (N=100)
INFO:tensorflow:2020-01-27 01:02:48.489547: Step 2570: Train accuracy = 100.0%
I0127 01:02:48.489603 140335769773888 retrain.py:1082] 2020-01-27 01:02:48.489547: Step 2570: Train accuracy = 100.0%
INFO:tensorflow:2020-01-27 01:02:48.489806: Step 2570: Cross entropy = 0.230132
I0127 01:02:48.489827 140335769773888 retrain.py:1084] 2020-01-27 01:02:48.489806: Step 2570: Cross entropy = 0.230132
INFO:tensorflow:2020-01-27 01:02:48.556871: Step 2570: Validation accuracy = 50.0% (N=100)
I0127 01:02:48.556929 140335769773888 retrain.py:1100] 2020-01-27 01:02:48.556871: Step 2570: Validation accuracy = 50.0% (N=100)
INFO:tensorflow:2020-01-27 01:02:49.296385: Step 2580: Train accuracy = 100.0%
I0127 01:02:49.296442 140335769773888 retrain.py:1082] 2020-01-27 01:02:49.296385: Step 2580: Train accuracy = 100.0%
INFO:tensorflow:2020-01-27 01:02:49.296600: Step 2580: Cross entropy = 0.217971
I0127 01:02:49.296623 140335769773888 retrain.py:1084] 2020-01-27 01:02:49.296600: Step 2580: Cross entropy = 0.217971
INFO:tensorflow:2020-01-27 01:02:49.365696: Step 2580: Validation accuracy = 52.0% (N=100)
I0127 01:02:49.365753 140335769773888 retrain.py:1100] 2020-01-27 01:02:49.365696: Step 2580: Validation accuracy = 52.0% (N=100)
INFO:tensorflow:2020-01-27 01:02:50.070907: Step 2590: Train accuracy = 97.0%
I0127 01:02:50.070965 140335769773888 retrain.py:1082] 2020-01-27 01:02:50.070907: Step 2590: Train accuracy = 97.0%
INFO:tensorflow:2020-01-27 01:02:50.071126: Step 2590: Cross entropy = 0.230405
I0127 01:02:50.071142 140335769773888 retrain.py:1084] 2020-01-27 01:02:50.071126: Step 2590: Cross entropy = 0.230405
INFO:tensorflow:2020-01-27 01:02:50.138264: Step 2590: Validation accuracy = 54.0% (N=100)
I0127 01:02:50.138321 140335769773888 retrain.py:1100] 2020-01-27 01:02:50.138264: Step 2590: Validation accuracy = 54.0% (N=100)
INFO:tensorflow:2020-01-27 01:02:50.887347: Step 2600: Train accuracy = 99.0%
I0127 01:02:50.887402 140335769773888 retrain.py:1082] 2020-01-27 01:02:50.887347: Step 2600: Train accuracy = 99.0%
INFO:tensorflow:2020-01-27 01:02:50.887537: Step 2600: Cross entropy = 0.219413
I0127 01:02:50.887556 140335769773888 retrain.py:1084] 2020-01-27 01:02:50.887537: Step 2600: Cross entropy = 0.219413
INFO:tensorflow:2020-01-27 01:02:50.957691: Step 2600: Validation accuracy = 46.0% (N=100)
I0127 01:02:50.957746 140335769773888 retrain.py:1100] 2020-01-27 01:02:50.957691: Step 2600: Validation accuracy = 46.0% (N=100)
INFO:tensorflow:2020-01-27 01:02:51.699806: Step 2610: Train accuracy = 98.0%
I0127 01:02:51.699863 140335769773888 retrain.py:1082] 2020-01-27 01:02:51.699806: Step 2610: Train accuracy = 98.0%
INFO:tensorflow:2020-01-27 01:02:51.700017: Step 2610: Cross entropy = 0.216250
I0127 01:02:51.700038 140335769773888 retrain.py:1084] 2020-01-27 01:02:51.700017: Step 2610: Cross entropy = 0.216250
INFO:tensorflow:2020-01-27 01:02:51.766837: Step 2610: Validation accuracy = 48.0% (N=100)
I0127 01:02:51.766894 140335769773888 retrain.py:1100] 2020-01-27 01:02:51.766837: Step 2610: Validation accuracy = 48.0% (N=100)
INFO:tensorflow:2020-01-27 01:02:52.511923: Step 2620: Train accuracy = 98.0%
I0127 01:02:52.511979 140335769773888 retrain.py:1082] 2020-01-27 01:02:52.511923: Step 2620: Train accuracy = 98.0%
INFO:tensorflow:2020-01-27 01:02:52.512114: Step 2620: Cross entropy = 0.237756
I0127 01:02:52.512134 140335769773888 retrain.py:1084] 2020-01-27 01:02:52.512114: Step 2620: Cross entropy = 0.237756
INFO:tensorflow:2020-01-27 01:02:52.579928: Step 2620: Validation accuracy = 56.0% (N=100)
I0127 01:02:52.579985 140335769773888 retrain.py:1100] 2020-01-27 01:02:52.579928: Step 2620: Validation accuracy = 56.0% (N=100)
INFO:tensorflow:2020-01-27 01:02:53.314176: Step 2630: Train accuracy = 97.0%
I0127 01:02:53.314233 140335769773888 retrain.py:1082] 2020-01-27 01:02:53.314176: Step 2630: Train accuracy = 97.0%
INFO:tensorflow:2020-01-27 01:02:53.314371: Step 2630: Cross entropy = 0.247008
I0127 01:02:53.314388 140335769773888 retrain.py:1084] 2020-01-27 01:02:53.314371: Step 2630: Cross entropy = 0.247008
INFO:tensorflow:2020-01-27 01:02:53.383587: Step 2630: Validation accuracy = 48.0% (N=100)
I0127 01:02:53.383642 140335769773888 retrain.py:1100] 2020-01-27 01:02:53.383587: Step 2630: Validation accuracy = 48.0% (N=100)
INFO:tensorflow:2020-01-27 01:02:54.088748: Step 2640: Train accuracy = 99.0%
I0127 01:02:54.088804 140335769773888 retrain.py:1082] 2020-01-27 01:02:54.088748: Step 2640: Train accuracy = 99.0%
INFO:tensorflow:2020-01-27 01:02:54.088956: Step 2640: Cross entropy = 0.199085
I0127 01:02:54.088971 140335769773888 retrain.py:1084] 2020-01-27 01:02:54.088956: Step 2640: Cross entropy = 0.199085
INFO:tensorflow:2020-01-27 01:02:54.183468: Step 2640: Validation accuracy = 54.0% (N=100)
I0127 01:02:54.183753 140335769773888 retrain.py:1100] 2020-01-27 01:02:54.183468: Step 2640: Validation accuracy = 54.0% (N=100)
INFO:tensorflow:2020-01-27 01:02:54.890876: Step 2650: Train accuracy = 99.0%
I0127 01:02:54.890933 140335769773888 retrain.py:1082] 2020-01-27 01:02:54.890876: Step 2650: Train accuracy = 99.0%
INFO:tensorflow:2020-01-27 01:02:54.891063: Step 2650: Cross entropy = 0.200715
I0127 01:02:54.891078 140335769773888 retrain.py:1084] 2020-01-27 01:02:54.891063: Step 2650: Cross entropy = 0.200715
INFO:tensorflow:2020-01-27 01:02:54.961224: Step 2650: Validation accuracy = 46.0% (N=100)
I0127 01:02:54.961281 140335769773888 retrain.py:1100] 2020-01-27 01:02:54.961224: Step 2650: Validation accuracy = 46.0% (N=100)
INFO:tensorflow:2020-01-27 01:02:55.704603: Step 2660: Train accuracy = 98.0%
I0127 01:02:55.704658 140335769773888 retrain.py:1082] 2020-01-27 01:02:55.704603: Step 2660: Train accuracy = 98.0%
INFO:tensorflow:2020-01-27 01:02:55.704809: Step 2660: Cross entropy = 0.199909
I0127 01:02:55.704823 140335769773888 retrain.py:1084] 2020-01-27 01:02:55.704809: Step 2660: Cross entropy = 0.199909
INFO:tensorflow:2020-01-27 01:02:55.771195: Step 2660: Validation accuracy = 44.0% (N=100)
I0127 01:02:55.771250 140335769773888 retrain.py:1100] 2020-01-27 01:02:55.771195: Step 2660: Validation accuracy = 44.0% (N=100)
INFO:tensorflow:2020-01-27 01:02:56.514263: Step 2670: Train accuracy = 99.0%
I0127 01:02:56.514320 140335769773888 retrain.py:1082] 2020-01-27 01:02:56.514263: Step 2670: Train accuracy = 99.0%
INFO:tensorflow:2020-01-27 01:02:56.514450: Step 2670: Cross entropy = 0.220287
I0127 01:02:56.514467 140335769773888 retrain.py:1084] 2020-01-27 01:02:56.514450: Step 2670: Cross entropy = 0.220287
INFO:tensorflow:2020-01-27 01:02:56.583737: Step 2670: Validation accuracy = 60.0% (N=100)
I0127 01:02:56.583793 140335769773888 retrain.py:1100] 2020-01-27 01:02:56.583737: Step 2670: Validation accuracy = 60.0% (N=100)
INFO:tensorflow:2020-01-27 01:02:57.332936: Step 2680: Train accuracy = 99.0%
I0127 01:02:57.332993 140335769773888 retrain.py:1082] 2020-01-27 01:02:57.332936: Step 2680: Train accuracy = 99.0%
INFO:tensorflow:2020-01-27 01:02:57.333150: Step 2680: Cross entropy = 0.203538
I0127 01:02:57.333171 140335769773888 retrain.py:1084] 2020-01-27 01:02:57.333150: Step 2680: Cross entropy = 0.203538
INFO:tensorflow:2020-01-27 01:02:57.399976: Step 2680: Validation accuracy = 42.0% (N=100)
I0127 01:02:57.400032 140335769773888 retrain.py:1100] 2020-01-27 01:02:57.399976: Step 2680: Validation accuracy = 42.0% (N=100)
INFO:tensorflow:2020-01-27 01:02:58.108553: Step 2690: Train accuracy = 97.0%
I0127 01:02:58.108610 140335769773888 retrain.py:1082] 2020-01-27 01:02:58.108553: Step 2690: Train accuracy = 97.0%
INFO:tensorflow:2020-01-27 01:02:58.108747: Step 2690: Cross entropy = 0.218461
I0127 01:02:58.108769 140335769773888 retrain.py:1084] 2020-01-27 01:02:58.108747: Step 2690: Cross entropy = 0.218461
INFO:tensorflow:2020-01-27 01:02:58.209441: Step 2690: Validation accuracy = 48.0% (N=100)
I0127 01:02:58.209498 140335769773888 retrain.py:1100] 2020-01-27 01:02:58.209441: Step 2690: Validation accuracy = 48.0% (N=100)
INFO:tensorflow:2020-01-27 01:02:58.925000: Step 2700: Train accuracy = 96.0%
I0127 01:02:58.925071 140335769773888 retrain.py:1082] 2020-01-27 01:02:58.925000: Step 2700: Train accuracy = 96.0%
INFO:tensorflow:2020-01-27 01:02:58.925238: Step 2700: Cross entropy = 0.190991
I0127 01:02:58.925256 140335769773888 retrain.py:1084] 2020-01-27 01:02:58.925238: Step 2700: Cross entropy = 0.190991
INFO:tensorflow:2020-01-27 01:02:58.994777: Step 2700: Validation accuracy = 51.0% (N=100)
I0127 01:02:58.994833 140335769773888 retrain.py:1100] 2020-01-27 01:02:58.994777: Step 2700: Validation accuracy = 51.0% (N=100)
INFO:tensorflow:2020-01-27 01:02:59.740360: Step 2710: Train accuracy = 98.0%
I0127 01:02:59.740418 140335769773888 retrain.py:1082] 2020-01-27 01:02:59.740360: Step 2710: Train accuracy = 98.0%
INFO:tensorflow:2020-01-27 01:02:59.740566: Step 2710: Cross entropy = 0.213067
I0127 01:02:59.740583 140335769773888 retrain.py:1084] 2020-01-27 01:02:59.740566: Step 2710: Cross entropy = 0.213067
INFO:tensorflow:2020-01-27 01:02:59.807620: Step 2710: Validation accuracy = 57.0% (N=100)
I0127 01:02:59.807676 140335769773888 retrain.py:1100] 2020-01-27 01:02:59.807620: Step 2710: Validation accuracy = 57.0% (N=100)
INFO:tensorflow:2020-01-27 01:03:00.554697: Step 2720: Train accuracy = 99.0%
I0127 01:03:00.554754 140335769773888 retrain.py:1082] 2020-01-27 01:03:00.554697: Step 2720: Train accuracy = 99.0%
INFO:tensorflow:2020-01-27 01:03:00.554907: Step 2720: Cross entropy = 0.193349
I0127 01:03:00.554924 140335769773888 retrain.py:1084] 2020-01-27 01:03:00.554907: Step 2720: Cross entropy = 0.193349
INFO:tensorflow:2020-01-27 01:03:00.621952: Step 2720: Validation accuracy = 42.0% (N=100)
I0127 01:03:00.622009 140335769773888 retrain.py:1100] 2020-01-27 01:03:00.621952: Step 2720: Validation accuracy = 42.0% (N=100)
INFO:tensorflow:2020-01-27 01:03:01.354997: Step 2730: Train accuracy = 97.0%
I0127 01:03:01.355053 140335769773888 retrain.py:1082] 2020-01-27 01:03:01.354997: Step 2730: Train accuracy = 97.0%
INFO:tensorflow:2020-01-27 01:03:01.355199: Step 2730: Cross entropy = 0.211538
I0127 01:03:01.355217 140335769773888 retrain.py:1084] 2020-01-27 01:03:01.355199: Step 2730: Cross entropy = 0.211538
INFO:tensorflow:2020-01-27 01:03:01.423958: Step 2730: Validation accuracy = 47.0% (N=100)
I0127 01:03:01.424014 140335769773888 retrain.py:1100] 2020-01-27 01:03:01.423958: Step 2730: Validation accuracy = 47.0% (N=100)
INFO:tensorflow:2020-01-27 01:03:02.137833: Step 2740: Train accuracy = 99.0%
I0127 01:03:02.137888 140335769773888 retrain.py:1082] 2020-01-27 01:03:02.137833: Step 2740: Train accuracy = 99.0%
INFO:tensorflow:2020-01-27 01:03:02.138022: Step 2740: Cross entropy = 0.212437
I0127 01:03:02.138038 140335769773888 retrain.py:1084] 2020-01-27 01:03:02.138022: Step 2740: Cross entropy = 0.212437
INFO:tensorflow:2020-01-27 01:03:02.243607: Step 2740: Validation accuracy = 48.0% (N=100)
I0127 01:03:02.243664 140335769773888 retrain.py:1100] 2020-01-27 01:03:02.243607: Step 2740: Validation accuracy = 48.0% (N=100)
INFO:tensorflow:2020-01-27 01:03:02.955649: Step 2750: Train accuracy = 100.0%
I0127 01:03:02.955707 140335769773888 retrain.py:1082] 2020-01-27 01:03:02.955649: Step 2750: Train accuracy = 100.0%
INFO:tensorflow:2020-01-27 01:03:02.955840: Step 2750: Cross entropy = 0.222284
I0127 01:03:02.955858 140335769773888 retrain.py:1084] 2020-01-27 01:03:02.955840: Step 2750: Cross entropy = 0.222284
INFO:tensorflow:2020-01-27 01:03:03.025585: Step 2750: Validation accuracy = 44.0% (N=100)
I0127 01:03:03.025643 140335769773888 retrain.py:1100] 2020-01-27 01:03:03.025585: Step 2750: Validation accuracy = 44.0% (N=100)
INFO:tensorflow:2020-01-27 01:03:03.759796: Step 2760: Train accuracy = 100.0%
I0127 01:03:03.759852 140335769773888 retrain.py:1082] 2020-01-27 01:03:03.759796: Step 2760: Train accuracy = 100.0%
INFO:tensorflow:2020-01-27 01:03:03.759996: Step 2760: Cross entropy = 0.231032
I0127 01:03:03.760011 140335769773888 retrain.py:1084] 2020-01-27 01:03:03.759996: Step 2760: Cross entropy = 0.231032
INFO:tensorflow:2020-01-27 01:03:03.826697: Step 2760: Validation accuracy = 59.0% (N=100)
I0127 01:03:03.826754 140335769773888 retrain.py:1100] 2020-01-27 01:03:03.826697: Step 2760: Validation accuracy = 59.0% (N=100)
INFO:tensorflow:2020-01-27 01:03:04.578626: Step 2770: Train accuracy = 99.0%
I0127 01:03:04.578682 140335769773888 retrain.py:1082] 2020-01-27 01:03:04.578626: Step 2770: Train accuracy = 99.0%
INFO:tensorflow:2020-01-27 01:03:04.578830: Step 2770: Cross entropy = 0.211748
I0127 01:03:04.578850 140335769773888 retrain.py:1084] 2020-01-27 01:03:04.578830: Step 2770: Cross entropy = 0.211748
INFO:tensorflow:2020-01-27 01:03:04.646634: Step 2770: Validation accuracy = 49.0% (N=100)
I0127 01:03:04.646691 140335769773888 retrain.py:1100] 2020-01-27 01:03:04.646634: Step 2770: Validation accuracy = 49.0% (N=100)
INFO:tensorflow:2020-01-27 01:03:05.389458: Step 2780: Train accuracy = 97.0%
I0127 01:03:05.389517 140335769773888 retrain.py:1082] 2020-01-27 01:03:05.389458: Step 2780: Train accuracy = 97.0%
INFO:tensorflow:2020-01-27 01:03:05.389648: Step 2780: Cross entropy = 0.205882
I0127 01:03:05.389665 140335769773888 retrain.py:1084] 2020-01-27 01:03:05.389648: Step 2780: Cross entropy = 0.205882
INFO:tensorflow:2020-01-27 01:03:05.456776: Step 2780: Validation accuracy = 49.0% (N=100)
I0127 01:03:05.456833 140335769773888 retrain.py:1100] 2020-01-27 01:03:05.456776: Step 2780: Validation accuracy = 49.0% (N=100)
INFO:tensorflow:2020-01-27 01:03:06.182497: Step 2790: Train accuracy = 96.0%
I0127 01:03:06.182823 140335769773888 retrain.py:1082] 2020-01-27 01:03:06.182497: Step 2790: Train accuracy = 96.0%
INFO:tensorflow:2020-01-27 01:03:06.183980: Step 2790: Cross entropy = 0.220925
I0127 01:03:06.184166 140335769773888 retrain.py:1084] 2020-01-27 01:03:06.183980: Step 2790: Cross entropy = 0.220925
INFO:tensorflow:2020-01-27 01:03:06.263491: Step 2790: Validation accuracy = 39.0% (N=100)
I0127 01:03:06.263547 140335769773888 retrain.py:1100] 2020-01-27 01:03:06.263491: Step 2790: Validation accuracy = 39.0% (N=100)
INFO:tensorflow:2020-01-27 01:03:06.975766: Step 2800: Train accuracy = 100.0%
I0127 01:03:06.975822 140335769773888 retrain.py:1082] 2020-01-27 01:03:06.975766: Step 2800: Train accuracy = 100.0%
INFO:tensorflow:2020-01-27 01:03:06.975976: Step 2800: Cross entropy = 0.209766
I0127 01:03:06.975996 140335769773888 retrain.py:1084] 2020-01-27 01:03:06.975976: Step 2800: Cross entropy = 0.209766
INFO:tensorflow:2020-01-27 01:03:07.042818: Step 2800: Validation accuracy = 53.0% (N=100)
I0127 01:03:07.042875 140335769773888 retrain.py:1100] 2020-01-27 01:03:07.042818: Step 2800: Validation accuracy = 53.0% (N=100)
INFO:tensorflow:2020-01-27 01:03:07.792513: Step 2810: Train accuracy = 100.0%
I0127 01:03:07.792572 140335769773888 retrain.py:1082] 2020-01-27 01:03:07.792513: Step 2810: Train accuracy = 100.0%
INFO:tensorflow:2020-01-27 01:03:07.792709: Step 2810: Cross entropy = 0.185517
I0127 01:03:07.792726 140335769773888 retrain.py:1084] 2020-01-27 01:03:07.792709: Step 2810: Cross entropy = 0.185517
INFO:tensorflow:2020-01-27 01:03:07.862791: Step 2810: Validation accuracy = 51.0% (N=100)
I0127 01:03:07.862849 140335769773888 retrain.py:1100] 2020-01-27 01:03:07.862791: Step 2810: Validation accuracy = 51.0% (N=100)
INFO:tensorflow:2020-01-27 01:03:08.604304: Step 2820: Train accuracy = 99.0%
I0127 01:03:08.604361 140335769773888 retrain.py:1082] 2020-01-27 01:03:08.604304: Step 2820: Train accuracy = 99.0%
INFO:tensorflow:2020-01-27 01:03:08.604518: Step 2820: Cross entropy = 0.207674
I0127 01:03:08.604540 140335769773888 retrain.py:1084] 2020-01-27 01:03:08.604518: Step 2820: Cross entropy = 0.207674
INFO:tensorflow:2020-01-27 01:03:08.674969: Step 2820: Validation accuracy = 52.0% (N=100)
I0127 01:03:08.675026 140335769773888 retrain.py:1100] 2020-01-27 01:03:08.674969: Step 2820: Validation accuracy = 52.0% (N=100)
INFO:tensorflow:2020-01-27 01:03:09.420114: Step 2830: Train accuracy = 98.0%
I0127 01:03:09.420172 140335769773888 retrain.py:1082] 2020-01-27 01:03:09.420114: Step 2830: Train accuracy = 98.0%
INFO:tensorflow:2020-01-27 01:03:09.420322: Step 2830: Cross entropy = 0.210252
I0127 01:03:09.420340 140335769773888 retrain.py:1084] 2020-01-27 01:03:09.420322: Step 2830: Cross entropy = 0.210252
INFO:tensorflow:2020-01-27 01:03:09.487353: Step 2830: Validation accuracy = 45.0% (N=100)
I0127 01:03:09.487411 140335769773888 retrain.py:1100] 2020-01-27 01:03:09.487353: Step 2830: Validation accuracy = 45.0% (N=100)
INFO:tensorflow:2020-01-27 01:03:10.221962: Step 2840: Train accuracy = 98.0%
I0127 01:03:10.222019 140335769773888 retrain.py:1082] 2020-01-27 01:03:10.221962: Step 2840: Train accuracy = 98.0%
INFO:tensorflow:2020-01-27 01:03:10.222151: Step 2840: Cross entropy = 0.209249
I0127 01:03:10.222167 140335769773888 retrain.py:1084] 2020-01-27 01:03:10.222151: Step 2840: Cross entropy = 0.209249
INFO:tensorflow:2020-01-27 01:03:10.291752: Step 2840: Validation accuracy = 42.0% (N=100)
I0127 01:03:10.291810 140335769773888 retrain.py:1100] 2020-01-27 01:03:10.291752: Step 2840: Validation accuracy = 42.0% (N=100)
INFO:tensorflow:2020-01-27 01:03:11.009805: Step 2850: Train accuracy = 99.0%
I0127 01:03:11.009877 140335769773888 retrain.py:1082] 2020-01-27 01:03:11.009805: Step 2850: Train accuracy = 99.0%
INFO:tensorflow:2020-01-27 01:03:11.010035: Step 2850: Cross entropy = 0.221170
I0127 01:03:11.010049 140335769773888 retrain.py:1084] 2020-01-27 01:03:11.010035: Step 2850: Cross entropy = 0.221170
INFO:tensorflow:2020-01-27 01:03:11.079458: Step 2850: Validation accuracy = 55.0% (N=100)
I0127 01:03:11.079516 140335769773888 retrain.py:1100] 2020-01-27 01:03:11.079458: Step 2850: Validation accuracy = 55.0% (N=100)
INFO:tensorflow:2020-01-27 01:03:11.815894: Step 2860: Train accuracy = 97.0%
I0127 01:03:11.815950 140335769773888 retrain.py:1082] 2020-01-27 01:03:11.815894: Step 2860: Train accuracy = 97.0%
INFO:tensorflow:2020-01-27 01:03:11.816100: Step 2860: Cross entropy = 0.236798
I0127 01:03:11.816117 140335769773888 retrain.py:1084] 2020-01-27 01:03:11.816100: Step 2860: Cross entropy = 0.236798
INFO:tensorflow:2020-01-27 01:03:11.882975: Step 2860: Validation accuracy = 52.0% (N=100)
I0127 01:03:11.883032 140335769773888 retrain.py:1100] 2020-01-27 01:03:11.882975: Step 2860: Validation accuracy = 52.0% (N=100)
INFO:tensorflow:2020-01-27 01:03:12.619504: Step 2870: Train accuracy = 98.0%
I0127 01:03:12.619562 140335769773888 retrain.py:1082] 2020-01-27 01:03:12.619504: Step 2870: Train accuracy = 98.0%
INFO:tensorflow:2020-01-27 01:03:12.619708: Step 2870: Cross entropy = 0.204257
I0127 01:03:12.619727 140335769773888 retrain.py:1084] 2020-01-27 01:03:12.619708: Step 2870: Cross entropy = 0.204257
INFO:tensorflow:2020-01-27 01:03:12.687723: Step 2870: Validation accuracy = 48.0% (N=100)
I0127 01:03:12.687779 140335769773888 retrain.py:1100] 2020-01-27 01:03:12.687723: Step 2870: Validation accuracy = 48.0% (N=100)
INFO:tensorflow:2020-01-27 01:03:13.432474: Step 2880: Train accuracy = 98.0%
I0127 01:03:13.432532 140335769773888 retrain.py:1082] 2020-01-27 01:03:13.432474: Step 2880: Train accuracy = 98.0%
INFO:tensorflow:2020-01-27 01:03:13.432670: Step 2880: Cross entropy = 0.217605
I0127 01:03:13.432690 140335769773888 retrain.py:1084] 2020-01-27 01:03:13.432670: Step 2880: Cross entropy = 0.217605
INFO:tensorflow:2020-01-27 01:03:13.499516: Step 2880: Validation accuracy = 45.0% (N=100)
I0127 01:03:13.499571 140335769773888 retrain.py:1100] 2020-01-27 01:03:13.499516: Step 2880: Validation accuracy = 45.0% (N=100)
INFO:tensorflow:2020-01-27 01:03:14.240781: Step 2890: Train accuracy = 100.0%
I0127 01:03:14.240839 140335769773888 retrain.py:1082] 2020-01-27 01:03:14.240781: Step 2890: Train accuracy = 100.0%
INFO:tensorflow:2020-01-27 01:03:14.240992: Step 2890: Cross entropy = 0.191769
I0127 01:03:14.241010 140335769773888 retrain.py:1084] 2020-01-27 01:03:14.240992: Step 2890: Cross entropy = 0.191769
INFO:tensorflow:2020-01-27 01:03:14.311032: Step 2890: Validation accuracy = 43.0% (N=100)
I0127 01:03:14.311087 140335769773888 retrain.py:1100] 2020-01-27 01:03:14.311032: Step 2890: Validation accuracy = 43.0% (N=100)
INFO:tensorflow:2020-01-27 01:03:15.008210: Step 2900: Train accuracy = 99.0%
I0127 01:03:15.008268 140335769773888 retrain.py:1082] 2020-01-27 01:03:15.008210: Step 2900: Train accuracy = 99.0%
INFO:tensorflow:2020-01-27 01:03:15.008404: Step 2900: Cross entropy = 0.178879
I0127 01:03:15.008422 140335769773888 retrain.py:1084] 2020-01-27 01:03:15.008404: Step 2900: Cross entropy = 0.178879
INFO:tensorflow:2020-01-27 01:03:15.078351: Step 2900: Validation accuracy = 49.0% (N=100)
I0127 01:03:15.078407 140335769773888 retrain.py:1100] 2020-01-27 01:03:15.078351: Step 2900: Validation accuracy = 49.0% (N=100)
INFO:tensorflow:2020-01-27 01:03:15.823071: Step 2910: Train accuracy = 98.0%
I0127 01:03:15.823136 140335769773888 retrain.py:1082] 2020-01-27 01:03:15.823071: Step 2910: Train accuracy = 98.0%
INFO:tensorflow:2020-01-27 01:03:15.823282: Step 2910: Cross entropy = 0.209089
I0127 01:03:15.823300 140335769773888 retrain.py:1084] 2020-01-27 01:03:15.823282: Step 2910: Cross entropy = 0.209089
INFO:tensorflow:2020-01-27 01:03:15.889821: Step 2910: Validation accuracy = 37.0% (N=100)
I0127 01:03:15.889878 140335769773888 retrain.py:1100] 2020-01-27 01:03:15.889821: Step 2910: Validation accuracy = 37.0% (N=100)
INFO:tensorflow:2020-01-27 01:03:16.633006: Step 2920: Train accuracy = 99.0%
I0127 01:03:16.633063 140335769773888 retrain.py:1082] 2020-01-27 01:03:16.633006: Step 2920: Train accuracy = 99.0%
INFO:tensorflow:2020-01-27 01:03:16.633233: Step 2920: Cross entropy = 0.187181
I0127 01:03:16.633256 140335769773888 retrain.py:1084] 2020-01-27 01:03:16.633233: Step 2920: Cross entropy = 0.187181
INFO:tensorflow:2020-01-27 01:03:16.703989: Step 2920: Validation accuracy = 54.0% (N=100)
I0127 01:03:16.704049 140335769773888 retrain.py:1100] 2020-01-27 01:03:16.703989: Step 2920: Validation accuracy = 54.0% (N=100)
INFO:tensorflow:2020-01-27 01:03:17.453039: Step 2930: Train accuracy = 100.0%
I0127 01:03:17.453096 140335769773888 retrain.py:1082] 2020-01-27 01:03:17.453039: Step 2930: Train accuracy = 100.0%
INFO:tensorflow:2020-01-27 01:03:17.453275: Step 2930: Cross entropy = 0.171457
I0127 01:03:17.453299 140335769773888 retrain.py:1084] 2020-01-27 01:03:17.453275: Step 2930: Cross entropy = 0.171457
INFO:tensorflow:2020-01-27 01:03:17.522638: Step 2930: Validation accuracy = 49.0% (N=100)
I0127 01:03:17.522692 140335769773888 retrain.py:1100] 2020-01-27 01:03:17.522638: Step 2930: Validation accuracy = 49.0% (N=100)
INFO:tensorflow:2020-01-27 01:03:18.271488: Step 2940: Train accuracy = 99.0%
I0127 01:03:18.271545 140335769773888 retrain.py:1082] 2020-01-27 01:03:18.271488: Step 2940: Train accuracy = 99.0%
INFO:tensorflow:2020-01-27 01:03:18.271690: Step 2940: Cross entropy = 0.200892
I0127 01:03:18.271708 140335769773888 retrain.py:1084] 2020-01-27 01:03:18.271690: Step 2940: Cross entropy = 0.200892
INFO:tensorflow:2020-01-27 01:03:18.338811: Step 2940: Validation accuracy = 53.0% (N=100)
I0127 01:03:18.338866 140335769773888 retrain.py:1100] 2020-01-27 01:03:18.338811: Step 2940: Validation accuracy = 53.0% (N=100)
INFO:tensorflow:2020-01-27 01:03:19.047626: Step 2950: Train accuracy = 99.0%
I0127 01:03:19.047683 140335769773888 retrain.py:1082] 2020-01-27 01:03:19.047626: Step 2950: Train accuracy = 99.0%
INFO:tensorflow:2020-01-27 01:03:19.047833: Step 2950: Cross entropy = 0.199412
I0127 01:03:19.047851 140335769773888 retrain.py:1084] 2020-01-27 01:03:19.047833: Step 2950: Cross entropy = 0.199412
INFO:tensorflow:2020-01-27 01:03:19.114681: Step 2950: Validation accuracy = 54.0% (N=100)
I0127 01:03:19.114738 140335769773888 retrain.py:1100] 2020-01-27 01:03:19.114681: Step 2950: Validation accuracy = 54.0% (N=100)
INFO:tensorflow:2020-01-27 01:03:19.857364: Step 2960: Train accuracy = 99.0%
I0127 01:03:19.857420 140335769773888 retrain.py:1082] 2020-01-27 01:03:19.857364: Step 2960: Train accuracy = 99.0%
INFO:tensorflow:2020-01-27 01:03:19.857561: Step 2960: Cross entropy = 0.194972
I0127 01:03:19.857578 140335769773888 retrain.py:1084] 2020-01-27 01:03:19.857561: Step 2960: Cross entropy = 0.194972
INFO:tensorflow:2020-01-27 01:03:19.927755: Step 2960: Validation accuracy = 48.0% (N=100)
I0127 01:03:19.927814 140335769773888 retrain.py:1100] 2020-01-27 01:03:19.927755: Step 2960: Validation accuracy = 48.0% (N=100)
INFO:tensorflow:2020-01-27 01:03:20.659412: Step 2970: Train accuracy = 99.0%
I0127 01:03:20.659468 140335769773888 retrain.py:1082] 2020-01-27 01:03:20.659412: Step 2970: Train accuracy = 99.0%
INFO:tensorflow:2020-01-27 01:03:20.659599: Step 2970: Cross entropy = 0.160945
I0127 01:03:20.659617 140335769773888 retrain.py:1084] 2020-01-27 01:03:20.659599: Step 2970: Cross entropy = 0.160945
INFO:tensorflow:2020-01-27 01:03:20.729499: Step 2970: Validation accuracy = 47.0% (N=100)
I0127 01:03:20.729555 140335769773888 retrain.py:1100] 2020-01-27 01:03:20.729499: Step 2970: Validation accuracy = 47.0% (N=100)
INFO:tensorflow:2020-01-27 01:03:21.472961: Step 2980: Train accuracy = 100.0%
I0127 01:03:21.473019 140335769773888 retrain.py:1082] 2020-01-27 01:03:21.472961: Step 2980: Train accuracy = 100.0%
INFO:tensorflow:2020-01-27 01:03:21.473165: Step 2980: Cross entropy = 0.184452
I0127 01:03:21.473195 140335769773888 retrain.py:1084] 2020-01-27 01:03:21.473165: Step 2980: Cross entropy = 0.184452
INFO:tensorflow:2020-01-27 01:03:21.543384: Step 2980: Validation accuracy = 58.0% (N=100)
I0127 01:03:21.543438 140335769773888 retrain.py:1100] 2020-01-27 01:03:21.543384: Step 2980: Validation accuracy = 58.0% (N=100)
INFO:tensorflow:2020-01-27 01:03:22.283189: Step 2990: Train accuracy = 100.0%
I0127 01:03:22.283245 140335769773888 retrain.py:1082] 2020-01-27 01:03:22.283189: Step 2990: Train accuracy = 100.0%
INFO:tensorflow:2020-01-27 01:03:22.283381: Step 2990: Cross entropy = 0.165868
I0127 01:03:22.283396 140335769773888 retrain.py:1084] 2020-01-27 01:03:22.283381: Step 2990: Cross entropy = 0.165868
INFO:tensorflow:2020-01-27 01:03:22.353326: Step 2990: Validation accuracy = 46.0% (N=100)
I0127 01:03:22.353385 140335769773888 retrain.py:1100] 2020-01-27 01:03:22.353326: Step 2990: Validation accuracy = 46.0% (N=100)
INFO:tensorflow:2020-01-27 01:03:23.055905: Step 3000: Train accuracy = 100.0%
I0127 01:03:23.055960 140335769773888 retrain.py:1082] 2020-01-27 01:03:23.055905: Step 3000: Train accuracy = 100.0%
INFO:tensorflow:2020-01-27 01:03:23.056092: Step 3000: Cross entropy = 0.207895
I0127 01:03:23.056109 140335769773888 retrain.py:1084] 2020-01-27 01:03:23.056092: Step 3000: Cross entropy = 0.207895
INFO:tensorflow:2020-01-27 01:03:23.123048: Step 3000: Validation accuracy = 49.0% (N=100)
I0127 01:03:23.123104 140335769773888 retrain.py:1100] 2020-01-27 01:03:23.123048: Step 3000: Validation accuracy = 49.0% (N=100)
INFO:tensorflow:2020-01-27 01:03:23.869571: Step 3010: Train accuracy = 97.0%
I0127 01:03:23.869629 140335769773888 retrain.py:1082] 2020-01-27 01:03:23.869571: Step 3010: Train accuracy = 97.0%
INFO:tensorflow:2020-01-27 01:03:23.869783: Step 3010: Cross entropy = 0.214046
I0127 01:03:23.869801 140335769773888 retrain.py:1084] 2020-01-27 01:03:23.869783: Step 3010: Cross entropy = 0.214046
INFO:tensorflow:2020-01-27 01:03:23.938975: Step 3010: Validation accuracy = 51.0% (N=100)
I0127 01:03:23.939031 140335769773888 retrain.py:1100] 2020-01-27 01:03:23.938975: Step 3010: Validation accuracy = 51.0% (N=100)
INFO:tensorflow:2020-01-27 01:03:24.682589: Step 3020: Train accuracy = 97.0%
I0127 01:03:24.682645 140335769773888 retrain.py:1082] 2020-01-27 01:03:24.682589: Step 3020: Train accuracy = 97.0%
INFO:tensorflow:2020-01-27 01:03:24.682779: Step 3020: Cross entropy = 0.197629
I0127 01:03:24.682795 140335769773888 retrain.py:1084] 2020-01-27 01:03:24.682779: Step 3020: Cross entropy = 0.197629
INFO:tensorflow:2020-01-27 01:03:24.753376: Step 3020: Validation accuracy = 49.0% (N=100)
I0127 01:03:24.753434 140335769773888 retrain.py:1100] 2020-01-27 01:03:24.753376: Step 3020: Validation accuracy = 49.0% (N=100)
INFO:tensorflow:2020-01-27 01:03:25.493495: Step 3030: Train accuracy = 99.0%
I0127 01:03:25.493553 140335769773888 retrain.py:1082] 2020-01-27 01:03:25.493495: Step 3030: Train accuracy = 99.0%
INFO:tensorflow:2020-01-27 01:03:25.493687: Step 3030: Cross entropy = 0.185084
I0127 01:03:25.493704 140335769773888 retrain.py:1084] 2020-01-27 01:03:25.493687: Step 3030: Cross entropy = 0.185084
INFO:tensorflow:2020-01-27 01:03:25.562969: Step 3030: Validation accuracy = 49.0% (N=100)
I0127 01:03:25.563025 140335769773888 retrain.py:1100] 2020-01-27 01:03:25.562969: Step 3030: Validation accuracy = 49.0% (N=100)
INFO:tensorflow:2020-01-27 01:03:26.300800: Step 3040: Train accuracy = 100.0%
I0127 01:03:26.300856 140335769773888 retrain.py:1082] 2020-01-27 01:03:26.300800: Step 3040: Train accuracy = 100.0%
INFO:tensorflow:2020-01-27 01:03:26.301005: Step 3040: Cross entropy = 0.170400
I0127 01:03:26.301027 140335769773888 retrain.py:1084] 2020-01-27 01:03:26.301005: Step 3040: Cross entropy = 0.170400
INFO:tensorflow:2020-01-27 01:03:26.371704: Step 3040: Validation accuracy = 47.0% (N=100)
I0127 01:03:26.371761 140335769773888 retrain.py:1100] 2020-01-27 01:03:26.371704: Step 3040: Validation accuracy = 47.0% (N=100)
INFO:tensorflow:2020-01-27 01:03:27.081017: Step 3050: Train accuracy = 100.0%
I0127 01:03:27.081075 140335769773888 retrain.py:1082] 2020-01-27 01:03:27.081017: Step 3050: Train accuracy = 100.0%
INFO:tensorflow:2020-01-27 01:03:27.081243: Step 3050: Cross entropy = 0.173518
I0127 01:03:27.081268 140335769773888 retrain.py:1084] 2020-01-27 01:03:27.081243: Step 3050: Cross entropy = 0.173518
INFO:tensorflow:2020-01-27 01:03:27.165430: Step 3050: Validation accuracy = 49.0% (N=100)
I0127 01:03:27.165655 140335769773888 retrain.py:1100] 2020-01-27 01:03:27.165430: Step 3050: Validation accuracy = 49.0% (N=100)
INFO:tensorflow:2020-01-27 01:03:27.896927: Step 3060: Train accuracy = 100.0%
I0127 01:03:27.896985 140335769773888 retrain.py:1082] 2020-01-27 01:03:27.896927: Step 3060: Train accuracy = 100.0%
INFO:tensorflow:2020-01-27 01:03:27.897136: Step 3060: Cross entropy = 0.207060
I0127 01:03:27.897151 140335769773888 retrain.py:1084] 2020-01-27 01:03:27.897136: Step 3060: Cross entropy = 0.207060
INFO:tensorflow:2020-01-27 01:03:27.967757: Step 3060: Validation accuracy = 54.0% (N=100)
I0127 01:03:27.967813 140335769773888 retrain.py:1100] 2020-01-27 01:03:27.967757: Step 3060: Validation accuracy = 54.0% (N=100)
INFO:tensorflow:2020-01-27 01:03:28.715106: Step 3070: Train accuracy = 97.0%
I0127 01:03:28.715162 140335769773888 retrain.py:1082] 2020-01-27 01:03:28.715106: Step 3070: Train accuracy = 97.0%
INFO:tensorflow:2020-01-27 01:03:28.715297: Step 3070: Cross entropy = 0.210138
I0127 01:03:28.715316 140335769773888 retrain.py:1084] 2020-01-27 01:03:28.715297: Step 3070: Cross entropy = 0.210138
INFO:tensorflow:2020-01-27 01:03:28.783884: Step 3070: Validation accuracy = 51.0% (N=100)
I0127 01:03:28.783940 140335769773888 retrain.py:1100] 2020-01-27 01:03:28.783884: Step 3070: Validation accuracy = 51.0% (N=100)
INFO:tensorflow:2020-01-27 01:03:29.525416: Step 3080: Train accuracy = 100.0%
I0127 01:03:29.525473 140335769773888 retrain.py:1082] 2020-01-27 01:03:29.525416: Step 3080: Train accuracy = 100.0%
INFO:tensorflow:2020-01-27 01:03:29.525603: Step 3080: Cross entropy = 0.198704
I0127 01:03:29.525619 140335769773888 retrain.py:1084] 2020-01-27 01:03:29.525603: Step 3080: Cross entropy = 0.198704
INFO:tensorflow:2020-01-27 01:03:29.595628: Step 3080: Validation accuracy = 45.0% (N=100)
I0127 01:03:29.595684 140335769773888 retrain.py:1100] 2020-01-27 01:03:29.595628: Step 3080: Validation accuracy = 45.0% (N=100)
INFO:tensorflow:2020-01-27 01:03:30.337011: Step 3090: Train accuracy = 97.0%
I0127 01:03:30.337068 140335769773888 retrain.py:1082] 2020-01-27 01:03:30.337011: Step 3090: Train accuracy = 97.0%
INFO:tensorflow:2020-01-27 01:03:30.337234: Step 3090: Cross entropy = 0.208692
I0127 01:03:30.337252 140335769773888 retrain.py:1084] 2020-01-27 01:03:30.337234: Step 3090: Cross entropy = 0.208692
INFO:tensorflow:2020-01-27 01:03:30.406248: Step 3090: Validation accuracy = 57.0% (N=100)
I0127 01:03:30.406305 140335769773888 retrain.py:1100] 2020-01-27 01:03:30.406248: Step 3090: Validation accuracy = 57.0% (N=100)
INFO:tensorflow:2020-01-27 01:03:31.112605: Step 3100: Train accuracy = 97.0%
I0127 01:03:31.112662 140335769773888 retrain.py:1082] 2020-01-27 01:03:31.112605: Step 3100: Train accuracy = 97.0%
INFO:tensorflow:2020-01-27 01:03:31.112791: Step 3100: Cross entropy = 0.193927
I0127 01:03:31.112807 140335769773888 retrain.py:1084] 2020-01-27 01:03:31.112791: Step 3100: Cross entropy = 0.193927
INFO:tensorflow:2020-01-27 01:03:31.217463: Step 3100: Validation accuracy = 46.0% (N=100)
I0127 01:03:31.217519 140335769773888 retrain.py:1100] 2020-01-27 01:03:31.217463: Step 3100: Validation accuracy = 46.0% (N=100)
INFO:tensorflow:2020-01-27 01:03:31.930985: Step 3110: Train accuracy = 97.0%
I0127 01:03:31.931043 140335769773888 retrain.py:1082] 2020-01-27 01:03:31.930985: Step 3110: Train accuracy = 97.0%
INFO:tensorflow:2020-01-27 01:03:31.931188: Step 3110: Cross entropy = 0.213324
I0127 01:03:31.931204 140335769773888 retrain.py:1084] 2020-01-27 01:03:31.931188: Step 3110: Cross entropy = 0.213324
INFO:tensorflow:2020-01-27 01:03:31.998501: Step 3110: Validation accuracy = 54.0% (N=100)
I0127 01:03:31.998558 140335769773888 retrain.py:1100] 2020-01-27 01:03:31.998501: Step 3110: Validation accuracy = 54.0% (N=100)
INFO:tensorflow:2020-01-27 01:03:32.740334: Step 3120: Train accuracy = 100.0%
I0127 01:03:32.740389 140335769773888 retrain.py:1082] 2020-01-27 01:03:32.740334: Step 3120: Train accuracy = 100.0%
INFO:tensorflow:2020-01-27 01:03:32.740541: Step 3120: Cross entropy = 0.177604
I0127 01:03:32.740559 140335769773888 retrain.py:1084] 2020-01-27 01:03:32.740541: Step 3120: Cross entropy = 0.177604
INFO:tensorflow:2020-01-27 01:03:32.809651: Step 3120: Validation accuracy = 42.0% (N=100)
I0127 01:03:32.809708 140335769773888 retrain.py:1100] 2020-01-27 01:03:32.809651: Step 3120: Validation accuracy = 42.0% (N=100)
INFO:tensorflow:2020-01-27 01:03:33.550907: Step 3130: Train accuracy = 100.0%
I0127 01:03:33.550964 140335769773888 retrain.py:1082] 2020-01-27 01:03:33.550907: Step 3130: Train accuracy = 100.0%
INFO:tensorflow:2020-01-27 01:03:33.551118: Step 3130: Cross entropy = 0.168233
I0127 01:03:33.551132 140335769773888 retrain.py:1084] 2020-01-27 01:03:33.551118: Step 3130: Cross entropy = 0.168233
INFO:tensorflow:2020-01-27 01:03:33.619835: Step 3130: Validation accuracy = 53.0% (N=100)
I0127 01:03:33.619892 140335769773888 retrain.py:1100] 2020-01-27 01:03:33.619835: Step 3130: Validation accuracy = 53.0% (N=100)
INFO:tensorflow:2020-01-27 01:03:34.360561: Step 3140: Train accuracy = 98.0%
I0127 01:03:34.360617 140335769773888 retrain.py:1082] 2020-01-27 01:03:34.360561: Step 3140: Train accuracy = 98.0%
INFO:tensorflow:2020-01-27 01:03:34.360768: Step 3140: Cross entropy = 0.207260
I0127 01:03:34.360783 140335769773888 retrain.py:1084] 2020-01-27 01:03:34.360768: Step 3140: Cross entropy = 0.207260
INFO:tensorflow:2020-01-27 01:03:34.429286: Step 3140: Validation accuracy = 47.0% (N=100)
I0127 01:03:34.429343 140335769773888 retrain.py:1100] 2020-01-27 01:03:34.429286: Step 3140: Validation accuracy = 47.0% (N=100)
INFO:tensorflow:2020-01-27 01:03:35.129524: Step 3150: Train accuracy = 99.0%
I0127 01:03:35.129582 140335769773888 retrain.py:1082] 2020-01-27 01:03:35.129524: Step 3150: Train accuracy = 99.0%
INFO:tensorflow:2020-01-27 01:03:35.129774: Step 3150: Cross entropy = 0.192839
I0127 01:03:35.129801 140335769773888 retrain.py:1084] 2020-01-27 01:03:35.129774: Step 3150: Cross entropy = 0.192839
INFO:tensorflow:2020-01-27 01:03:35.232709: Step 3150: Validation accuracy = 56.0% (N=100)
I0127 01:03:35.232766 140335769773888 retrain.py:1100] 2020-01-27 01:03:35.232709: Step 3150: Validation accuracy = 56.0% (N=100)
INFO:tensorflow:2020-01-27 01:03:35.941481: Step 3160: Train accuracy = 99.0%
I0127 01:03:35.941537 140335769773888 retrain.py:1082] 2020-01-27 01:03:35.941481: Step 3160: Train accuracy = 99.0%
INFO:tensorflow:2020-01-27 01:03:35.941684: Step 3160: Cross entropy = 0.186964
I0127 01:03:35.941703 140335769773888 retrain.py:1084] 2020-01-27 01:03:35.941684: Step 3160: Cross entropy = 0.186964
INFO:tensorflow:2020-01-27 01:03:36.009091: Step 3160: Validation accuracy = 46.0% (N=100)
I0127 01:03:36.009147 140335769773888 retrain.py:1100] 2020-01-27 01:03:36.009091: Step 3160: Validation accuracy = 46.0% (N=100)
INFO:tensorflow:2020-01-27 01:03:36.757334: Step 3170: Train accuracy = 98.0%
I0127 01:03:36.757390 140335769773888 retrain.py:1082] 2020-01-27 01:03:36.757334: Step 3170: Train accuracy = 98.0%
INFO:tensorflow:2020-01-27 01:03:36.757534: Step 3170: Cross entropy = 0.230594
I0127 01:03:36.757551 140335769773888 retrain.py:1084] 2020-01-27 01:03:36.757534: Step 3170: Cross entropy = 0.230594
INFO:tensorflow:2020-01-27 01:03:36.824600: Step 3170: Validation accuracy = 49.0% (N=100)
I0127 01:03:36.824658 140335769773888 retrain.py:1100] 2020-01-27 01:03:36.824600: Step 3170: Validation accuracy = 49.0% (N=100)
INFO:tensorflow:2020-01-27 01:03:37.559376: Step 3180: Train accuracy = 100.0%
I0127 01:03:37.559431 140335769773888 retrain.py:1082] 2020-01-27 01:03:37.559376: Step 3180: Train accuracy = 100.0%
INFO:tensorflow:2020-01-27 01:03:37.559566: Step 3180: Cross entropy = 0.193047
I0127 01:03:37.559580 140335769773888 retrain.py:1084] 2020-01-27 01:03:37.559566: Step 3180: Cross entropy = 0.193047
INFO:tensorflow:2020-01-27 01:03:37.626285: Step 3180: Validation accuracy = 48.0% (N=100)
I0127 01:03:37.626341 140335769773888 retrain.py:1100] 2020-01-27 01:03:37.626285: Step 3180: Validation accuracy = 48.0% (N=100)
INFO:tensorflow:2020-01-27 01:03:38.364129: Step 3190: Train accuracy = 100.0%
I0127 01:03:38.364192 140335769773888 retrain.py:1082] 2020-01-27 01:03:38.364129: Step 3190: Train accuracy = 100.0%
INFO:tensorflow:2020-01-27 01:03:38.364343: Step 3190: Cross entropy = 0.217389
I0127 01:03:38.364364 140335769773888 retrain.py:1084] 2020-01-27 01:03:38.364343: Step 3190: Cross entropy = 0.217389
INFO:tensorflow:2020-01-27 01:03:38.431478: Step 3190: Validation accuracy = 44.0% (N=100)
I0127 01:03:38.431536 140335769773888 retrain.py:1100] 2020-01-27 01:03:38.431478: Step 3190: Validation accuracy = 44.0% (N=100)
INFO:tensorflow:2020-01-27 01:03:39.128999: Step 3200: Train accuracy = 98.0%
I0127 01:03:39.129054 140335769773888 retrain.py:1082] 2020-01-27 01:03:39.128999: Step 3200: Train accuracy = 98.0%
INFO:tensorflow:2020-01-27 01:03:39.129241: Step 3200: Cross entropy = 0.188087
I0127 01:03:39.129259 140335769773888 retrain.py:1084] 2020-01-27 01:03:39.129241: Step 3200: Cross entropy = 0.188087
INFO:tensorflow:2020-01-27 01:03:39.231211: Step 3200: Validation accuracy = 49.0% (N=100)
I0127 01:03:39.231270 140335769773888 retrain.py:1100] 2020-01-27 01:03:39.231211: Step 3200: Validation accuracy = 49.0% (N=100)
INFO:tensorflow:2020-01-27 01:03:39.944079: Step 3210: Train accuracy = 99.0%
I0127 01:03:39.944134 140335769773888 retrain.py:1082] 2020-01-27 01:03:39.944079: Step 3210: Train accuracy = 99.0%
INFO:tensorflow:2020-01-27 01:03:39.944268: Step 3210: Cross entropy = 0.218915
I0127 01:03:39.944282 140335769773888 retrain.py:1084] 2020-01-27 01:03:39.944268: Step 3210: Cross entropy = 0.218915
INFO:tensorflow:2020-01-27 01:03:40.014102: Step 3210: Validation accuracy = 44.0% (N=100)
I0127 01:03:40.014159 140335769773888 retrain.py:1100] 2020-01-27 01:03:40.014102: Step 3210: Validation accuracy = 44.0% (N=100)
INFO:tensorflow:2020-01-27 01:03:40.758179: Step 3220: Train accuracy = 99.0%
I0127 01:03:40.758237 140335769773888 retrain.py:1082] 2020-01-27 01:03:40.758179: Step 3220: Train accuracy = 99.0%
INFO:tensorflow:2020-01-27 01:03:40.758370: Step 3220: Cross entropy = 0.187672
I0127 01:03:40.758383 140335769773888 retrain.py:1084] 2020-01-27 01:03:40.758370: Step 3220: Cross entropy = 0.187672
INFO:tensorflow:2020-01-27 01:03:40.828472: Step 3220: Validation accuracy = 40.0% (N=100)
I0127 01:03:40.828528 140335769773888 retrain.py:1100] 2020-01-27 01:03:40.828472: Step 3220: Validation accuracy = 40.0% (N=100)
INFO:tensorflow:2020-01-27 01:03:41.577126: Step 3230: Train accuracy = 100.0%
I0127 01:03:41.577183 140335769773888 retrain.py:1082] 2020-01-27 01:03:41.577126: Step 3230: Train accuracy = 100.0%
INFO:tensorflow:2020-01-27 01:03:41.577347: Step 3230: Cross entropy = 0.197840
I0127 01:03:41.577362 140335769773888 retrain.py:1084] 2020-01-27 01:03:41.577347: Step 3230: Cross entropy = 0.197840
INFO:tensorflow:2020-01-27 01:03:41.646075: Step 3230: Validation accuracy = 45.0% (N=100)
I0127 01:03:41.646133 140335769773888 retrain.py:1100] 2020-01-27 01:03:41.646075: Step 3230: Validation accuracy = 45.0% (N=100)
INFO:tensorflow:2020-01-27 01:03:42.384751: Step 3240: Train accuracy = 100.0%
I0127 01:03:42.384808 140335769773888 retrain.py:1082] 2020-01-27 01:03:42.384751: Step 3240: Train accuracy = 100.0%
INFO:tensorflow:2020-01-27 01:03:42.384956: Step 3240: Cross entropy = 0.179135
I0127 01:03:42.384976 140335769773888 retrain.py:1084] 2020-01-27 01:03:42.384956: Step 3240: Cross entropy = 0.179135
INFO:tensorflow:2020-01-27 01:03:42.456042: Step 3240: Validation accuracy = 49.0% (N=100)
I0127 01:03:42.456100 140335769773888 retrain.py:1100] 2020-01-27 01:03:42.456042: Step 3240: Validation accuracy = 49.0% (N=100)
INFO:tensorflow:2020-01-27 01:03:43.201629: Step 3250: Train accuracy = 97.0%
I0127 01:03:43.201711 140335769773888 retrain.py:1082] 2020-01-27 01:03:43.201629: Step 3250: Train accuracy = 97.0%
INFO:tensorflow:2020-01-27 01:03:43.201901: Step 3250: Cross entropy = 0.205736
I0127 01:03:43.201921 140335769773888 retrain.py:1084] 2020-01-27 01:03:43.201901: Step 3250: Cross entropy = 0.205736
INFO:tensorflow:2020-01-27 01:03:43.273440: Step 3250: Validation accuracy = 39.0% (N=100)
I0127 01:03:43.273514 140335769773888 retrain.py:1100] 2020-01-27 01:03:43.273440: Step 3250: Validation accuracy = 39.0% (N=100)
INFO:tensorflow:2020-01-27 01:03:43.987490: Step 3260: Train accuracy = 100.0%
I0127 01:03:43.987546 140335769773888 retrain.py:1082] 2020-01-27 01:03:43.987490: Step 3260: Train accuracy = 100.0%
INFO:tensorflow:2020-01-27 01:03:43.987706: Step 3260: Cross entropy = 0.183197
I0127 01:03:43.987728 140335769773888 retrain.py:1084] 2020-01-27 01:03:43.987706: Step 3260: Cross entropy = 0.183197
INFO:tensorflow:2020-01-27 01:03:44.058481: Step 3260: Validation accuracy = 49.0% (N=100)
I0127 01:03:44.058536 140335769773888 retrain.py:1100] 2020-01-27 01:03:44.058481: Step 3260: Validation accuracy = 49.0% (N=100)
INFO:tensorflow:2020-01-27 01:03:44.808268: Step 3270: Train accuracy = 98.0%
I0127 01:03:44.808326 140335769773888 retrain.py:1082] 2020-01-27 01:03:44.808268: Step 3270: Train accuracy = 98.0%
INFO:tensorflow:2020-01-27 01:03:44.808483: Step 3270: Cross entropy = 0.186799
I0127 01:03:44.808505 140335769773888 retrain.py:1084] 2020-01-27 01:03:44.808483: Step 3270: Cross entropy = 0.186799
INFO:tensorflow:2020-01-27 01:03:44.878335: Step 3270: Validation accuracy = 39.0% (N=100)
I0127 01:03:44.878393 140335769773888 retrain.py:1100] 2020-01-27 01:03:44.878335: Step 3270: Validation accuracy = 39.0% (N=100)
INFO:tensorflow:2020-01-27 01:03:45.627574: Step 3280: Train accuracy = 98.0%
I0127 01:03:45.627629 140335769773888 retrain.py:1082] 2020-01-27 01:03:45.627574: Step 3280: Train accuracy = 98.0%
INFO:tensorflow:2020-01-27 01:03:45.627759: Step 3280: Cross entropy = 0.179473
I0127 01:03:45.627776 140335769773888 retrain.py:1084] 2020-01-27 01:03:45.627759: Step 3280: Cross entropy = 0.179473
INFO:tensorflow:2020-01-27 01:03:45.698199: Step 3280: Validation accuracy = 46.0% (N=100)
I0127 01:03:45.698257 140335769773888 retrain.py:1100] 2020-01-27 01:03:45.698199: Step 3280: Validation accuracy = 46.0% (N=100)
INFO:tensorflow:2020-01-27 01:03:46.447687: Step 3290: Train accuracy = 99.0%
I0127 01:03:46.447744 140335769773888 retrain.py:1082] 2020-01-27 01:03:46.447687: Step 3290: Train accuracy = 99.0%
INFO:tensorflow:2020-01-27 01:03:46.447887: Step 3290: Cross entropy = 0.188026
I0127 01:03:46.447906 140335769773888 retrain.py:1084] 2020-01-27 01:03:46.447887: Step 3290: Cross entropy = 0.188026
INFO:tensorflow:2020-01-27 01:03:46.518166: Step 3290: Validation accuracy = 50.0% (N=100)
I0127 01:03:46.518220 140335769773888 retrain.py:1100] 2020-01-27 01:03:46.518166: Step 3290: Validation accuracy = 50.0% (N=100)
INFO:tensorflow:2020-01-27 01:03:47.264753: Step 3300: Train accuracy = 99.0%
I0127 01:03:47.264811 140335769773888 retrain.py:1082] 2020-01-27 01:03:47.264753: Step 3300: Train accuracy = 99.0%
INFO:tensorflow:2020-01-27 01:03:47.264946: Step 3300: Cross entropy = 0.173729
I0127 01:03:47.264963 140335769773888 retrain.py:1084] 2020-01-27 01:03:47.264946: Step 3300: Cross entropy = 0.173729
INFO:tensorflow:2020-01-27 01:03:47.335293: Step 3300: Validation accuracy = 45.0% (N=100)
I0127 01:03:47.335350 140335769773888 retrain.py:1100] 2020-01-27 01:03:47.335293: Step 3300: Validation accuracy = 45.0% (N=100)
INFO:tensorflow:2020-01-27 01:03:48.051490: Step 3310: Train accuracy = 99.0%
I0127 01:03:48.051546 140335769773888 retrain.py:1082] 2020-01-27 01:03:48.051490: Step 3310: Train accuracy = 99.0%
INFO:tensorflow:2020-01-27 01:03:48.051675: Step 3310: Cross entropy = 0.163404
I0127 01:03:48.051690 140335769773888 retrain.py:1084] 2020-01-27 01:03:48.051675: Step 3310: Cross entropy = 0.163404
INFO:tensorflow:2020-01-27 01:03:48.119503: Step 3310: Validation accuracy = 51.0% (N=100)
I0127 01:03:48.119559 140335769773888 retrain.py:1100] 2020-01-27 01:03:48.119503: Step 3310: Validation accuracy = 51.0% (N=100)
INFO:tensorflow:2020-01-27 01:03:48.863470: Step 3320: Train accuracy = 98.0%
I0127 01:03:48.863528 140335769773888 retrain.py:1082] 2020-01-27 01:03:48.863470: Step 3320: Train accuracy = 98.0%
INFO:tensorflow:2020-01-27 01:03:48.863680: Step 3320: Cross entropy = 0.206007
I0127 01:03:48.863694 140335769773888 retrain.py:1084] 2020-01-27 01:03:48.863680: Step 3320: Cross entropy = 0.206007
INFO:tensorflow:2020-01-27 01:03:48.931164: Step 3320: Validation accuracy = 63.0% (N=100)
I0127 01:03:48.931221 140335769773888 retrain.py:1100] 2020-01-27 01:03:48.931164: Step 3320: Validation accuracy = 63.0% (N=100)
INFO:tensorflow:2020-01-27 01:03:49.671662: Step 3330: Train accuracy = 100.0%
I0127 01:03:49.671718 140335769773888 retrain.py:1082] 2020-01-27 01:03:49.671662: Step 3330: Train accuracy = 100.0%
INFO:tensorflow:2020-01-27 01:03:49.671852: Step 3330: Cross entropy = 0.148953
I0127 01:03:49.671869 140335769773888 retrain.py:1084] 2020-01-27 01:03:49.671852: Step 3330: Cross entropy = 0.148953
INFO:tensorflow:2020-01-27 01:03:49.742224: Step 3330: Validation accuracy = 40.0% (N=100)
I0127 01:03:49.742280 140335769773888 retrain.py:1100] 2020-01-27 01:03:49.742224: Step 3330: Validation accuracy = 40.0% (N=100)
INFO:tensorflow:2020-01-27 01:03:50.481459: Step 3340: Train accuracy = 98.0%
I0127 01:03:50.481515 140335769773888 retrain.py:1082] 2020-01-27 01:03:50.481459: Step 3340: Train accuracy = 98.0%
INFO:tensorflow:2020-01-27 01:03:50.481647: Step 3340: Cross entropy = 0.163924
I0127 01:03:50.481661 140335769773888 retrain.py:1084] 2020-01-27 01:03:50.481647: Step 3340: Cross entropy = 0.163924
INFO:tensorflow:2020-01-27 01:03:50.549096: Step 3340: Validation accuracy = 51.0% (N=100)
I0127 01:03:50.549150 140335769773888 retrain.py:1100] 2020-01-27 01:03:50.549096: Step 3340: Validation accuracy = 51.0% (N=100)
INFO:tensorflow:2020-01-27 01:03:51.295784: Step 3350: Train accuracy = 99.0%
I0127 01:03:51.295840 140335769773888 retrain.py:1082] 2020-01-27 01:03:51.295784: Step 3350: Train accuracy = 99.0%
INFO:tensorflow:2020-01-27 01:03:51.295976: Step 3350: Cross entropy = 0.188342
I0127 01:03:51.295990 140335769773888 retrain.py:1084] 2020-01-27 01:03:51.295976: Step 3350: Cross entropy = 0.188342
INFO:tensorflow:2020-01-27 01:03:51.363605: Step 3350: Validation accuracy = 41.0% (N=100)
I0127 01:03:51.363663 140335769773888 retrain.py:1100] 2020-01-27 01:03:51.363605: Step 3350: Validation accuracy = 41.0% (N=100)
INFO:tensorflow:2020-01-27 01:03:52.078105: Step 3360: Train accuracy = 100.0%
I0127 01:03:52.078162 140335769773888 retrain.py:1082] 2020-01-27 01:03:52.078105: Step 3360: Train accuracy = 100.0%
INFO:tensorflow:2020-01-27 01:03:52.078312: Step 3360: Cross entropy = 0.170492
I0127 01:03:52.078326 140335769773888 retrain.py:1084] 2020-01-27 01:03:52.078312: Step 3360: Cross entropy = 0.170492
INFO:tensorflow:2020-01-27 01:03:52.145957: Step 3360: Validation accuracy = 56.0% (N=100)
I0127 01:03:52.146013 140335769773888 retrain.py:1100] 2020-01-27 01:03:52.145957: Step 3360: Validation accuracy = 56.0% (N=100)
INFO:tensorflow:2020-01-27 01:03:52.885681: Step 3370: Train accuracy = 100.0%
I0127 01:03:52.885740 140335769773888 retrain.py:1082] 2020-01-27 01:03:52.885681: Step 3370: Train accuracy = 100.0%
INFO:tensorflow:2020-01-27 01:03:52.885899: Step 3370: Cross entropy = 0.179675
I0127 01:03:52.885917 140335769773888 retrain.py:1084] 2020-01-27 01:03:52.885899: Step 3370: Cross entropy = 0.179675
INFO:tensorflow:2020-01-27 01:03:52.954365: Step 3370: Validation accuracy = 51.0% (N=100)
I0127 01:03:52.954423 140335769773888 retrain.py:1100] 2020-01-27 01:03:52.954365: Step 3370: Validation accuracy = 51.0% (N=100)
INFO:tensorflow:2020-01-27 01:03:53.690141: Step 3380: Train accuracy = 99.0%
I0127 01:03:53.690199 140335769773888 retrain.py:1082] 2020-01-27 01:03:53.690141: Step 3380: Train accuracy = 99.0%
INFO:tensorflow:2020-01-27 01:03:53.690349: Step 3380: Cross entropy = 0.210622
I0127 01:03:53.690369 140335769773888 retrain.py:1084] 2020-01-27 01:03:53.690349: Step 3380: Cross entropy = 0.210622
INFO:tensorflow:2020-01-27 01:03:53.757984: Step 3380: Validation accuracy = 51.0% (N=100)
I0127 01:03:53.758040 140335769773888 retrain.py:1100] 2020-01-27 01:03:53.757984: Step 3380: Validation accuracy = 51.0% (N=100)
INFO:tensorflow:2020-01-27 01:03:54.500166: Step 3390: Train accuracy = 100.0%
I0127 01:03:54.500224 140335769773888 retrain.py:1082] 2020-01-27 01:03:54.500166: Step 3390: Train accuracy = 100.0%
INFO:tensorflow:2020-01-27 01:03:54.500462: Step 3390: Cross entropy = 0.193281
I0127 01:03:54.500481 140335769773888 retrain.py:1084] 2020-01-27 01:03:54.500462: Step 3390: Cross entropy = 0.193281
INFO:tensorflow:2020-01-27 01:03:54.567307: Step 3390: Validation accuracy = 53.0% (N=100)
I0127 01:03:54.567363 140335769773888 retrain.py:1100] 2020-01-27 01:03:54.567307: Step 3390: Validation accuracy = 53.0% (N=100)
INFO:tensorflow:2020-01-27 01:03:55.313863: Step 3400: Train accuracy = 99.0%
I0127 01:03:55.313920 140335769773888 retrain.py:1082] 2020-01-27 01:03:55.313863: Step 3400: Train accuracy = 99.0%
INFO:tensorflow:2020-01-27 01:03:55.314073: Step 3400: Cross entropy = 0.174255
I0127 01:03:55.314091 140335769773888 retrain.py:1084] 2020-01-27 01:03:55.314073: Step 3400: Cross entropy = 0.174255
INFO:tensorflow:2020-01-27 01:03:55.381611: Step 3400: Validation accuracy = 49.0% (N=100)
I0127 01:03:55.381670 140335769773888 retrain.py:1100] 2020-01-27 01:03:55.381611: Step 3400: Validation accuracy = 49.0% (N=100)
INFO:tensorflow:2020-01-27 01:03:56.100849: Step 3410: Train accuracy = 98.0%
I0127 01:03:56.100906 140335769773888 retrain.py:1082] 2020-01-27 01:03:56.100849: Step 3410: Train accuracy = 98.0%
INFO:tensorflow:2020-01-27 01:03:56.101039: Step 3410: Cross entropy = 0.189887
I0127 01:03:56.101056 140335769773888 retrain.py:1084] 2020-01-27 01:03:56.101039: Step 3410: Cross entropy = 0.189887
INFO:tensorflow:2020-01-27 01:03:56.202980: Step 3410: Validation accuracy = 57.0% (N=100)
I0127 01:03:56.203043 140335769773888 retrain.py:1100] 2020-01-27 01:03:56.202980: Step 3410: Validation accuracy = 57.0% (N=100)
INFO:tensorflow:2020-01-27 01:03:56.912344: Step 3420: Train accuracy = 98.0%
I0127 01:03:56.912400 140335769773888 retrain.py:1082] 2020-01-27 01:03:56.912344: Step 3420: Train accuracy = 98.0%
INFO:tensorflow:2020-01-27 01:03:56.912544: Step 3420: Cross entropy = 0.186510
I0127 01:03:56.912562 140335769773888 retrain.py:1084] 2020-01-27 01:03:56.912544: Step 3420: Cross entropy = 0.186510
INFO:tensorflow:2020-01-27 01:03:56.980055: Step 3420: Validation accuracy = 57.0% (N=100)
I0127 01:03:56.980113 140335769773888 retrain.py:1100] 2020-01-27 01:03:56.980055: Step 3420: Validation accuracy = 57.0% (N=100)
INFO:tensorflow:2020-01-27 01:03:57.727934: Step 3430: Train accuracy = 99.0%
I0127 01:03:57.727990 140335769773888 retrain.py:1082] 2020-01-27 01:03:57.727934: Step 3430: Train accuracy = 99.0%
INFO:tensorflow:2020-01-27 01:03:57.728127: Step 3430: Cross entropy = 0.189608
I0127 01:03:57.728143 140335769773888 retrain.py:1084] 2020-01-27 01:03:57.728127: Step 3430: Cross entropy = 0.189608
INFO:tensorflow:2020-01-27 01:03:57.797385: Step 3430: Validation accuracy = 50.0% (N=100)
I0127 01:03:57.797443 140335769773888 retrain.py:1100] 2020-01-27 01:03:57.797385: Step 3430: Validation accuracy = 50.0% (N=100)
INFO:tensorflow:2020-01-27 01:03:58.532687: Step 3440: Train accuracy = 100.0%
I0127 01:03:58.532745 140335769773888 retrain.py:1082] 2020-01-27 01:03:58.532687: Step 3440: Train accuracy = 100.0%
INFO:tensorflow:2020-01-27 01:03:58.532884: Step 3440: Cross entropy = 0.179530
I0127 01:03:58.532899 140335769773888 retrain.py:1084] 2020-01-27 01:03:58.532884: Step 3440: Cross entropy = 0.179530
INFO:tensorflow:2020-01-27 01:03:58.602138: Step 3440: Validation accuracy = 37.0% (N=100)
I0127 01:03:58.602194 140335769773888 retrain.py:1100] 2020-01-27 01:03:58.602138: Step 3440: Validation accuracy = 37.0% (N=100)
INFO:tensorflow:2020-01-27 01:03:59.350312: Step 3450: Train accuracy = 100.0%
I0127 01:03:59.350368 140335769773888 retrain.py:1082] 2020-01-27 01:03:59.350312: Step 3450: Train accuracy = 100.0%
INFO:tensorflow:2020-01-27 01:03:59.350521: Step 3450: Cross entropy = 0.195533
I0127 01:03:59.350540 140335769773888 retrain.py:1084] 2020-01-27 01:03:59.350521: Step 3450: Cross entropy = 0.195533
INFO:tensorflow:2020-01-27 01:03:59.418779: Step 3450: Validation accuracy = 47.0% (N=100)
I0127 01:03:59.418836 140335769773888 retrain.py:1100] 2020-01-27 01:03:59.418779: Step 3450: Validation accuracy = 47.0% (N=100)
INFO:tensorflow:2020-01-27 01:04:00.122597: Step 3460: Train accuracy = 100.0%
I0127 01:04:00.122654 140335769773888 retrain.py:1082] 2020-01-27 01:04:00.122597: Step 3460: Train accuracy = 100.0%
INFO:tensorflow:2020-01-27 01:04:00.122794: Step 3460: Cross entropy = 0.176746
I0127 01:04:00.122812 140335769773888 retrain.py:1084] 2020-01-27 01:04:00.122794: Step 3460: Cross entropy = 0.176746
INFO:tensorflow:2020-01-27 01:04:00.230467: Step 3460: Validation accuracy = 52.0% (N=100)
I0127 01:04:00.230524 140335769773888 retrain.py:1100] 2020-01-27 01:04:00.230467: Step 3460: Validation accuracy = 52.0% (N=100)
INFO:tensorflow:2020-01-27 01:04:00.943833: Step 3470: Train accuracy = 99.0%
I0127 01:04:00.943891 140335769773888 retrain.py:1082] 2020-01-27 01:04:00.943833: Step 3470: Train accuracy = 99.0%
INFO:tensorflow:2020-01-27 01:04:00.944025: Step 3470: Cross entropy = 0.159630
I0127 01:04:00.944040 140335769773888 retrain.py:1084] 2020-01-27 01:04:00.944025: Step 3470: Cross entropy = 0.159630
INFO:tensorflow:2020-01-27 01:04:01.013912: Step 3470: Validation accuracy = 48.0% (N=100)
I0127 01:04:01.013968 140335769773888 retrain.py:1100] 2020-01-27 01:04:01.013912: Step 3470: Validation accuracy = 48.0% (N=100)
INFO:tensorflow:2020-01-27 01:04:01.753522: Step 3480: Train accuracy = 100.0%
I0127 01:04:01.753578 140335769773888 retrain.py:1082] 2020-01-27 01:04:01.753522: Step 3480: Train accuracy = 100.0%
INFO:tensorflow:2020-01-27 01:04:01.753741: Step 3480: Cross entropy = 0.172960
I0127 01:04:01.753758 140335769773888 retrain.py:1084] 2020-01-27 01:04:01.753741: Step 3480: Cross entropy = 0.172960
INFO:tensorflow:2020-01-27 01:04:01.820969: Step 3480: Validation accuracy = 50.0% (N=100)
I0127 01:04:01.821027 140335769773888 retrain.py:1100] 2020-01-27 01:04:01.820969: Step 3480: Validation accuracy = 50.0% (N=100)
INFO:tensorflow:2020-01-27 01:04:02.570048: Step 3490: Train accuracy = 99.0%
I0127 01:04:02.570103 140335769773888 retrain.py:1082] 2020-01-27 01:04:02.570048: Step 3490: Train accuracy = 99.0%
INFO:tensorflow:2020-01-27 01:04:02.570256: Step 3490: Cross entropy = 0.189812
I0127 01:04:02.570274 140335769773888 retrain.py:1084] 2020-01-27 01:04:02.570256: Step 3490: Cross entropy = 0.189812
INFO:tensorflow:2020-01-27 01:04:02.637667: Step 3490: Validation accuracy = 47.0% (N=100)
I0127 01:04:02.637722 140335769773888 retrain.py:1100] 2020-01-27 01:04:02.637667: Step 3490: Validation accuracy = 47.0% (N=100)
INFO:tensorflow:2020-01-27 01:04:03.379516: Step 3500: Train accuracy = 100.0%
I0127 01:04:03.379581 140335769773888 retrain.py:1082] 2020-01-27 01:04:03.379516: Step 3500: Train accuracy = 100.0%
INFO:tensorflow:2020-01-27 01:04:03.379756: Step 3500: Cross entropy = 0.166827
I0127 01:04:03.379776 140335769773888 retrain.py:1084] 2020-01-27 01:04:03.379756: Step 3500: Cross entropy = 0.166827
INFO:tensorflow:2020-01-27 01:04:03.447873: Step 3500: Validation accuracy = 53.0% (N=100)
I0127 01:04:03.447931 140335769773888 retrain.py:1100] 2020-01-27 01:04:03.447873: Step 3500: Validation accuracy = 53.0% (N=100)
INFO:tensorflow:2020-01-27 01:04:04.165804: Step 3510: Train accuracy = 100.0%
I0127 01:04:04.165975 140335769773888 retrain.py:1082] 2020-01-27 01:04:04.165804: Step 3510: Train accuracy = 100.0%
INFO:tensorflow:2020-01-27 01:04:04.166374: Step 3510: Cross entropy = 0.167278
I0127 01:04:04.166420 140335769773888 retrain.py:1084] 2020-01-27 01:04:04.166374: Step 3510: Cross entropy = 0.167278
INFO:tensorflow:2020-01-27 01:04:04.254997: Step 3510: Validation accuracy = 46.0% (N=100)
I0127 01:04:04.255053 140335769773888 retrain.py:1100] 2020-01-27 01:04:04.254997: Step 3510: Validation accuracy = 46.0% (N=100)
INFO:tensorflow:2020-01-27 01:04:04.964690: Step 3520: Train accuracy = 100.0%
I0127 01:04:04.964746 140335769773888 retrain.py:1082] 2020-01-27 01:04:04.964690: Step 3520: Train accuracy = 100.0%
INFO:tensorflow:2020-01-27 01:04:04.964889: Step 3520: Cross entropy = 0.166165
I0127 01:04:04.964907 140335769773888 retrain.py:1084] 2020-01-27 01:04:04.964889: Step 3520: Cross entropy = 0.166165
INFO:tensorflow:2020-01-27 01:04:05.033025: Step 3520: Validation accuracy = 51.0% (N=100)
I0127 01:04:05.033082 140335769773888 retrain.py:1100] 2020-01-27 01:04:05.033025: Step 3520: Validation accuracy = 51.0% (N=100)
INFO:tensorflow:2020-01-27 01:04:05.769876: Step 3530: Train accuracy = 100.0%
I0127 01:04:05.769935 140335769773888 retrain.py:1082] 2020-01-27 01:04:05.769876: Step 3530: Train accuracy = 100.0%
INFO:tensorflow:2020-01-27 01:04:05.770066: Step 3530: Cross entropy = 0.171104
I0127 01:04:05.770082 140335769773888 retrain.py:1084] 2020-01-27 01:04:05.770066: Step 3530: Cross entropy = 0.171104
INFO:tensorflow:2020-01-27 01:04:05.838924: Step 3530: Validation accuracy = 52.0% (N=100)
I0127 01:04:05.838983 140335769773888 retrain.py:1100] 2020-01-27 01:04:05.838924: Step 3530: Validation accuracy = 52.0% (N=100)
INFO:tensorflow:2020-01-27 01:04:06.582495: Step 3540: Train accuracy = 99.0%
I0127 01:04:06.582553 140335769773888 retrain.py:1082] 2020-01-27 01:04:06.582495: Step 3540: Train accuracy = 99.0%
INFO:tensorflow:2020-01-27 01:04:06.582692: Step 3540: Cross entropy = 0.157997
I0127 01:04:06.582709 140335769773888 retrain.py:1084] 2020-01-27 01:04:06.582692: Step 3540: Cross entropy = 0.157997
INFO:tensorflow:2020-01-27 01:04:06.653534: Step 3540: Validation accuracy = 45.0% (N=100)
I0127 01:04:06.653591 140335769773888 retrain.py:1100] 2020-01-27 01:04:06.653534: Step 3540: Validation accuracy = 45.0% (N=100)
INFO:tensorflow:2020-01-27 01:04:07.405493: Step 3550: Train accuracy = 99.0%
I0127 01:04:07.405549 140335769773888 retrain.py:1082] 2020-01-27 01:04:07.405493: Step 3550: Train accuracy = 99.0%
INFO:tensorflow:2020-01-27 01:04:07.405697: Step 3550: Cross entropy = 0.183675
I0127 01:04:07.405714 140335769773888 retrain.py:1084] 2020-01-27 01:04:07.405697: Step 3550: Cross entropy = 0.183675
INFO:tensorflow:2020-01-27 01:04:07.472927: Step 3550: Validation accuracy = 47.0% (N=100)
I0127 01:04:07.472983 140335769773888 retrain.py:1100] 2020-01-27 01:04:07.472927: Step 3550: Validation accuracy = 47.0% (N=100)
INFO:tensorflow:2020-01-27 01:04:08.210008: Step 3560: Train accuracy = 100.0%
I0127 01:04:08.210068 140335769773888 retrain.py:1082] 2020-01-27 01:04:08.210008: Step 3560: Train accuracy = 100.0%
INFO:tensorflow:2020-01-27 01:04:08.210239: Step 3560: Cross entropy = 0.180833
I0127 01:04:08.210263 140335769773888 retrain.py:1084] 2020-01-27 01:04:08.210239: Step 3560: Cross entropy = 0.180833
INFO:tensorflow:2020-01-27 01:04:08.280238: Step 3560: Validation accuracy = 50.0% (N=100)
I0127 01:04:08.280294 140335769773888 retrain.py:1100] 2020-01-27 01:04:08.280238: Step 3560: Validation accuracy = 50.0% (N=100)
INFO:tensorflow:2020-01-27 01:04:08.992234: Step 3570: Train accuracy = 100.0%
I0127 01:04:08.992292 140335769773888 retrain.py:1082] 2020-01-27 01:04:08.992234: Step 3570: Train accuracy = 100.0%
INFO:tensorflow:2020-01-27 01:04:08.992440: Step 3570: Cross entropy = 0.177917
I0127 01:04:08.992457 140335769773888 retrain.py:1084] 2020-01-27 01:04:08.992440: Step 3570: Cross entropy = 0.177917
INFO:tensorflow:2020-01-27 01:04:09.059648: Step 3570: Validation accuracy = 41.0% (N=100)
I0127 01:04:09.059704 140335769773888 retrain.py:1100] 2020-01-27 01:04:09.059648: Step 3570: Validation accuracy = 41.0% (N=100)
INFO:tensorflow:2020-01-27 01:04:09.815049: Step 3580: Train accuracy = 99.0%
I0127 01:04:09.815107 140335769773888 retrain.py:1082] 2020-01-27 01:04:09.815049: Step 3580: Train accuracy = 99.0%
INFO:tensorflow:2020-01-27 01:04:09.815245: Step 3580: Cross entropy = 0.178777
I0127 01:04:09.815264 140335769773888 retrain.py:1084] 2020-01-27 01:04:09.815245: Step 3580: Cross entropy = 0.178777
INFO:tensorflow:2020-01-27 01:04:09.883348: Step 3580: Validation accuracy = 43.0% (N=100)
I0127 01:04:09.883404 140335769773888 retrain.py:1100] 2020-01-27 01:04:09.883348: Step 3580: Validation accuracy = 43.0% (N=100)
INFO:tensorflow:2020-01-27 01:04:10.618685: Step 3590: Train accuracy = 99.0%
I0127 01:04:10.618743 140335769773888 retrain.py:1082] 2020-01-27 01:04:10.618685: Step 3590: Train accuracy = 99.0%
INFO:tensorflow:2020-01-27 01:04:10.618883: Step 3590: Cross entropy = 0.164555
I0127 01:04:10.618898 140335769773888 retrain.py:1084] 2020-01-27 01:04:10.618883: Step 3590: Cross entropy = 0.164555
INFO:tensorflow:2020-01-27 01:04:10.688425: Step 3590: Validation accuracy = 52.0% (N=100)
I0127 01:04:10.688484 140335769773888 retrain.py:1100] 2020-01-27 01:04:10.688425: Step 3590: Validation accuracy = 52.0% (N=100)
INFO:tensorflow:2020-01-27 01:04:11.433446: Step 3600: Train accuracy = 100.0%
I0127 01:04:11.433503 140335769773888 retrain.py:1082] 2020-01-27 01:04:11.433446: Step 3600: Train accuracy = 100.0%
INFO:tensorflow:2020-01-27 01:04:11.433635: Step 3600: Cross entropy = 0.158810
I0127 01:04:11.433650 140335769773888 retrain.py:1084] 2020-01-27 01:04:11.433635: Step 3600: Cross entropy = 0.158810
INFO:tensorflow:2020-01-27 01:04:11.503990: Step 3600: Validation accuracy = 46.0% (N=100)
I0127 01:04:11.504047 140335769773888 retrain.py:1100] 2020-01-27 01:04:11.503990: Step 3600: Validation accuracy = 46.0% (N=100)
INFO:tensorflow:2020-01-27 01:04:12.249328: Step 3610: Train accuracy = 100.0%
I0127 01:04:12.249387 140335769773888 retrain.py:1082] 2020-01-27 01:04:12.249328: Step 3610: Train accuracy = 100.0%
INFO:tensorflow:2020-01-27 01:04:12.249540: Step 3610: Cross entropy = 0.162511
I0127 01:04:12.249560 140335769773888 retrain.py:1084] 2020-01-27 01:04:12.249540: Step 3610: Cross entropy = 0.162511
INFO:tensorflow:2020-01-27 01:04:12.321027: Step 3610: Validation accuracy = 47.0% (N=100)
I0127 01:04:12.321084 140335769773888 retrain.py:1100] 2020-01-27 01:04:12.321027: Step 3610: Validation accuracy = 47.0% (N=100)
INFO:tensorflow:2020-01-27 01:04:13.027098: Step 3620: Train accuracy = 100.0%
I0127 01:04:13.027155 140335769773888 retrain.py:1082] 2020-01-27 01:04:13.027098: Step 3620: Train accuracy = 100.0%
INFO:tensorflow:2020-01-27 01:04:13.027307: Step 3620: Cross entropy = 0.161585
I0127 01:04:13.027326 140335769773888 retrain.py:1084] 2020-01-27 01:04:13.027307: Step 3620: Cross entropy = 0.161585
INFO:tensorflow:2020-01-27 01:04:13.096323: Step 3620: Validation accuracy = 55.0% (N=100)
I0127 01:04:13.096379 140335769773888 retrain.py:1100] 2020-01-27 01:04:13.096323: Step 3620: Validation accuracy = 55.0% (N=100)
INFO:tensorflow:2020-01-27 01:04:13.841946: Step 3630: Train accuracy = 100.0%
I0127 01:04:13.842004 140335769773888 retrain.py:1082] 2020-01-27 01:04:13.841946: Step 3630: Train accuracy = 100.0%
INFO:tensorflow:2020-01-27 01:04:13.842149: Step 3630: Cross entropy = 0.169082
I0127 01:04:13.842169 140335769773888 retrain.py:1084] 2020-01-27 01:04:13.842149: Step 3630: Cross entropy = 0.169082
INFO:tensorflow:2020-01-27 01:04:13.909884: Step 3630: Validation accuracy = 52.0% (N=100)
I0127 01:04:13.909940 140335769773888 retrain.py:1100] 2020-01-27 01:04:13.909884: Step 3630: Validation accuracy = 52.0% (N=100)
INFO:tensorflow:2020-01-27 01:04:14.662915: Step 3640: Train accuracy = 100.0%
I0127 01:04:14.662971 140335769773888 retrain.py:1082] 2020-01-27 01:04:14.662915: Step 3640: Train accuracy = 100.0%
INFO:tensorflow:2020-01-27 01:04:14.663128: Step 3640: Cross entropy = 0.170293
I0127 01:04:14.663148 140335769773888 retrain.py:1084] 2020-01-27 01:04:14.663128: Step 3640: Cross entropy = 0.170293
INFO:tensorflow:2020-01-27 01:04:14.731868: Step 3640: Validation accuracy = 53.0% (N=100)
I0127 01:04:14.731924 140335769773888 retrain.py:1100] 2020-01-27 01:04:14.731868: Step 3640: Validation accuracy = 53.0% (N=100)
INFO:tensorflow:2020-01-27 01:04:15.482157: Step 3650: Train accuracy = 98.0%
I0127 01:04:15.482214 140335769773888 retrain.py:1082] 2020-01-27 01:04:15.482157: Step 3650: Train accuracy = 98.0%
INFO:tensorflow:2020-01-27 01:04:15.482351: Step 3650: Cross entropy = 0.196856
I0127 01:04:15.482370 140335769773888 retrain.py:1084] 2020-01-27 01:04:15.482351: Step 3650: Cross entropy = 0.196856
INFO:tensorflow:2020-01-27 01:04:15.550457: Step 3650: Validation accuracy = 49.0% (N=100)
I0127 01:04:15.550512 140335769773888 retrain.py:1100] 2020-01-27 01:04:15.550457: Step 3650: Validation accuracy = 49.0% (N=100)
INFO:tensorflow:2020-01-27 01:04:16.292647: Step 3660: Train accuracy = 99.0%
I0127 01:04:16.292704 140335769773888 retrain.py:1082] 2020-01-27 01:04:16.292647: Step 3660: Train accuracy = 99.0%
INFO:tensorflow:2020-01-27 01:04:16.292846: Step 3660: Cross entropy = 0.171090
I0127 01:04:16.292863 140335769773888 retrain.py:1084] 2020-01-27 01:04:16.292846: Step 3660: Cross entropy = 0.171090
INFO:tensorflow:2020-01-27 01:04:16.361182: Step 3660: Validation accuracy = 51.0% (N=100)
I0127 01:04:16.361248 140335769773888 retrain.py:1100] 2020-01-27 01:04:16.361182: Step 3660: Validation accuracy = 51.0% (N=100)
INFO:tensorflow:2020-01-27 01:04:17.065794: Step 3670: Train accuracy = 100.0%
I0127 01:04:17.065853 140335769773888 retrain.py:1082] 2020-01-27 01:04:17.065794: Step 3670: Train accuracy = 100.0%
INFO:tensorflow:2020-01-27 01:04:17.066003: Step 3670: Cross entropy = 0.203180
I0127 01:04:17.066018 140335769773888 retrain.py:1084] 2020-01-27 01:04:17.066003: Step 3670: Cross entropy = 0.203180
INFO:tensorflow:2020-01-27 01:04:17.134088: Step 3670: Validation accuracy = 45.0% (N=100)
I0127 01:04:17.134154 140335769773888 retrain.py:1100] 2020-01-27 01:04:17.134088: Step 3670: Validation accuracy = 45.0% (N=100)
INFO:tensorflow:2020-01-27 01:04:17.872265: Step 3680: Train accuracy = 100.0%
I0127 01:04:17.872322 140335769773888 retrain.py:1082] 2020-01-27 01:04:17.872265: Step 3680: Train accuracy = 100.0%
INFO:tensorflow:2020-01-27 01:04:17.872457: Step 3680: Cross entropy = 0.170057
I0127 01:04:17.872475 140335769773888 retrain.py:1084] 2020-01-27 01:04:17.872457: Step 3680: Cross entropy = 0.170057
INFO:tensorflow:2020-01-27 01:04:17.941656: Step 3680: Validation accuracy = 54.0% (N=100)
I0127 01:04:17.941713 140335769773888 retrain.py:1100] 2020-01-27 01:04:17.941656: Step 3680: Validation accuracy = 54.0% (N=100)
INFO:tensorflow:2020-01-27 01:04:18.676538: Step 3690: Train accuracy = 100.0%
I0127 01:04:18.676596 140335769773888 retrain.py:1082] 2020-01-27 01:04:18.676538: Step 3690: Train accuracy = 100.0%
INFO:tensorflow:2020-01-27 01:04:18.676737: Step 3690: Cross entropy = 0.184315
I0127 01:04:18.676754 140335769773888 retrain.py:1084] 2020-01-27 01:04:18.676737: Step 3690: Cross entropy = 0.184315
INFO:tensorflow:2020-01-27 01:04:18.743862: Step 3690: Validation accuracy = 49.0% (N=100)
I0127 01:04:18.743919 140335769773888 retrain.py:1100] 2020-01-27 01:04:18.743862: Step 3690: Validation accuracy = 49.0% (N=100)
INFO:tensorflow:2020-01-27 01:04:19.492175: Step 3700: Train accuracy = 98.0%
I0127 01:04:19.492233 140335769773888 retrain.py:1082] 2020-01-27 01:04:19.492175: Step 3700: Train accuracy = 98.0%
INFO:tensorflow:2020-01-27 01:04:19.492394: Step 3700: Cross entropy = 0.170157
I0127 01:04:19.492416 140335769773888 retrain.py:1084] 2020-01-27 01:04:19.492394: Step 3700: Cross entropy = 0.170157
INFO:tensorflow:2020-01-27 01:04:19.560318: Step 3700: Validation accuracy = 54.0% (N=100)
I0127 01:04:19.560375 140335769773888 retrain.py:1100] 2020-01-27 01:04:19.560318: Step 3700: Validation accuracy = 54.0% (N=100)
INFO:tensorflow:2020-01-27 01:04:20.305643: Step 3710: Train accuracy = 100.0%
I0127 01:04:20.305700 140335769773888 retrain.py:1082] 2020-01-27 01:04:20.305643: Step 3710: Train accuracy = 100.0%
INFO:tensorflow:2020-01-27 01:04:20.305833: Step 3710: Cross entropy = 0.159594
I0127 01:04:20.305849 140335769773888 retrain.py:1084] 2020-01-27 01:04:20.305833: Step 3710: Cross entropy = 0.159594
INFO:tensorflow:2020-01-27 01:04:20.375631: Step 3710: Validation accuracy = 53.0% (N=100)
I0127 01:04:20.375687 140335769773888 retrain.py:1100] 2020-01-27 01:04:20.375631: Step 3710: Validation accuracy = 53.0% (N=100)
INFO:tensorflow:2020-01-27 01:04:21.095299: Step 3720: Train accuracy = 100.0%
I0127 01:04:21.095356 140335769773888 retrain.py:1082] 2020-01-27 01:04:21.095299: Step 3720: Train accuracy = 100.0%
INFO:tensorflow:2020-01-27 01:04:21.095520: Step 3720: Cross entropy = 0.179876
I0127 01:04:21.095541 140335769773888 retrain.py:1084] 2020-01-27 01:04:21.095520: Step 3720: Cross entropy = 0.179876
INFO:tensorflow:2020-01-27 01:04:21.197711: Step 3720: Validation accuracy = 47.0% (N=100)
I0127 01:04:21.197782 140335769773888 retrain.py:1100] 2020-01-27 01:04:21.197711: Step 3720: Validation accuracy = 47.0% (N=100)
INFO:tensorflow:2020-01-27 01:04:21.911906: Step 3730: Train accuracy = 99.0%
I0127 01:04:21.911964 140335769773888 retrain.py:1082] 2020-01-27 01:04:21.911906: Step 3730: Train accuracy = 99.0%
INFO:tensorflow:2020-01-27 01:04:21.912116: Step 3730: Cross entropy = 0.180886
I0127 01:04:21.912133 140335769773888 retrain.py:1084] 2020-01-27 01:04:21.912116: Step 3730: Cross entropy = 0.180886
INFO:tensorflow:2020-01-27 01:04:21.979154: Step 3730: Validation accuracy = 46.0% (N=100)
I0127 01:04:21.979211 140335769773888 retrain.py:1100] 2020-01-27 01:04:21.979154: Step 3730: Validation accuracy = 46.0% (N=100)
INFO:tensorflow:2020-01-27 01:04:22.728312: Step 3740: Train accuracy = 100.0%
I0127 01:04:22.728370 140335769773888 retrain.py:1082] 2020-01-27 01:04:22.728312: Step 3740: Train accuracy = 100.0%
INFO:tensorflow:2020-01-27 01:04:22.728516: Step 3740: Cross entropy = 0.166237
I0127 01:04:22.728533 140335769773888 retrain.py:1084] 2020-01-27 01:04:22.728516: Step 3740: Cross entropy = 0.166237
INFO:tensorflow:2020-01-27 01:04:22.799194: Step 3740: Validation accuracy = 59.0% (N=100)
I0127 01:04:22.799251 140335769773888 retrain.py:1100] 2020-01-27 01:04:22.799194: Step 3740: Validation accuracy = 59.0% (N=100)
INFO:tensorflow:2020-01-27 01:04:23.544499: Step 3750: Train accuracy = 100.0%
I0127 01:04:23.544557 140335769773888 retrain.py:1082] 2020-01-27 01:04:23.544499: Step 3750: Train accuracy = 100.0%
INFO:tensorflow:2020-01-27 01:04:23.544702: Step 3750: Cross entropy = 0.167653
I0127 01:04:23.544720 140335769773888 retrain.py:1084] 2020-01-27 01:04:23.544702: Step 3750: Cross entropy = 0.167653
INFO:tensorflow:2020-01-27 01:04:23.612659: Step 3750: Validation accuracy = 44.0% (N=100)
I0127 01:04:23.612715 140335769773888 retrain.py:1100] 2020-01-27 01:04:23.612659: Step 3750: Validation accuracy = 44.0% (N=100)
INFO:tensorflow:2020-01-27 01:04:24.353141: Step 3760: Train accuracy = 100.0%
I0127 01:04:24.353208 140335769773888 retrain.py:1082] 2020-01-27 01:04:24.353141: Step 3760: Train accuracy = 100.0%
INFO:tensorflow:2020-01-27 01:04:24.353344: Step 3760: Cross entropy = 0.159997
I0127 01:04:24.353361 140335769773888 retrain.py:1084] 2020-01-27 01:04:24.353344: Step 3760: Cross entropy = 0.159997
INFO:tensorflow:2020-01-27 01:04:24.424071: Step 3760: Validation accuracy = 46.0% (N=100)
I0127 01:04:24.424128 140335769773888 retrain.py:1100] 2020-01-27 01:04:24.424071: Step 3760: Validation accuracy = 46.0% (N=100)
INFO:tensorflow:2020-01-27 01:04:25.126636: Step 3770: Train accuracy = 100.0%
I0127 01:04:25.126694 140335769773888 retrain.py:1082] 2020-01-27 01:04:25.126636: Step 3770: Train accuracy = 100.0%
INFO:tensorflow:2020-01-27 01:04:25.126841: Step 3770: Cross entropy = 0.200124
I0127 01:04:25.126860 140335769773888 retrain.py:1084] 2020-01-27 01:04:25.126841: Step 3770: Cross entropy = 0.200124
INFO:tensorflow:2020-01-27 01:04:25.233304: Step 3770: Validation accuracy = 52.0% (N=100)
I0127 01:04:25.233361 140335769773888 retrain.py:1100] 2020-01-27 01:04:25.233304: Step 3770: Validation accuracy = 52.0% (N=100)
INFO:tensorflow:2020-01-27 01:04:25.949967: Step 3780: Train accuracy = 100.0%
I0127 01:04:25.950023 140335769773888 retrain.py:1082] 2020-01-27 01:04:25.949967: Step 3780: Train accuracy = 100.0%
INFO:tensorflow:2020-01-27 01:04:25.950156: Step 3780: Cross entropy = 0.182432
I0127 01:04:25.950173 140335769773888 retrain.py:1084] 2020-01-27 01:04:25.950156: Step 3780: Cross entropy = 0.182432
INFO:tensorflow:2020-01-27 01:04:26.017927: Step 3780: Validation accuracy = 45.0% (N=100)
I0127 01:04:26.017982 140335769773888 retrain.py:1100] 2020-01-27 01:04:26.017927: Step 3780: Validation accuracy = 45.0% (N=100)
INFO:tensorflow:2020-01-27 01:04:26.767445: Step 3790: Train accuracy = 100.0%
I0127 01:04:26.767501 140335769773888 retrain.py:1082] 2020-01-27 01:04:26.767445: Step 3790: Train accuracy = 100.0%
INFO:tensorflow:2020-01-27 01:04:26.767636: Step 3790: Cross entropy = 0.163330
I0127 01:04:26.767653 140335769773888 retrain.py:1084] 2020-01-27 01:04:26.767636: Step 3790: Cross entropy = 0.163330
INFO:tensorflow:2020-01-27 01:04:26.838515: Step 3790: Validation accuracy = 48.0% (N=100)
I0127 01:04:26.838572 140335769773888 retrain.py:1100] 2020-01-27 01:04:26.838515: Step 3790: Validation accuracy = 48.0% (N=100)
INFO:tensorflow:2020-01-27 01:04:27.582992: Step 3800: Train accuracy = 99.0%
I0127 01:04:27.583048 140335769773888 retrain.py:1082] 2020-01-27 01:04:27.582992: Step 3800: Train accuracy = 99.0%
INFO:tensorflow:2020-01-27 01:04:27.583179: Step 3800: Cross entropy = 0.189974
I0127 01:04:27.583196 140335769773888 retrain.py:1084] 2020-01-27 01:04:27.583179: Step 3800: Cross entropy = 0.189974
INFO:tensorflow:2020-01-27 01:04:27.653731: Step 3800: Validation accuracy = 48.0% (N=100)
I0127 01:04:27.653788 140335769773888 retrain.py:1100] 2020-01-27 01:04:27.653731: Step 3800: Validation accuracy = 48.0% (N=100)
INFO:tensorflow:2020-01-27 01:04:28.401341: Step 3810: Train accuracy = 100.0%
I0127 01:04:28.401398 140335769773888 retrain.py:1082] 2020-01-27 01:04:28.401341: Step 3810: Train accuracy = 100.0%
INFO:tensorflow:2020-01-27 01:04:28.401532: Step 3810: Cross entropy = 0.188311
I0127 01:04:28.401549 140335769773888 retrain.py:1084] 2020-01-27 01:04:28.401532: Step 3810: Cross entropy = 0.188311
INFO:tensorflow:2020-01-27 01:04:28.468613: Step 3810: Validation accuracy = 53.0% (N=100)
I0127 01:04:28.468670 140335769773888 retrain.py:1100] 2020-01-27 01:04:28.468613: Step 3810: Validation accuracy = 53.0% (N=100)
INFO:tensorflow:2020-01-27 01:04:29.220466: Step 3820: Train accuracy = 100.0%
I0127 01:04:29.220527 140335769773888 retrain.py:1082] 2020-01-27 01:04:29.220466: Step 3820: Train accuracy = 100.0%
INFO:tensorflow:2020-01-27 01:04:29.220690: Step 3820: Cross entropy = 0.173227
I0127 01:04:29.220706 140335769773888 retrain.py:1084] 2020-01-27 01:04:29.220690: Step 3820: Cross entropy = 0.173227
INFO:tensorflow:2020-01-27 01:04:29.288615: Step 3820: Validation accuracy = 46.0% (N=100)
I0127 01:04:29.288673 140335769773888 retrain.py:1100] 2020-01-27 01:04:29.288615: Step 3820: Validation accuracy = 46.0% (N=100)
INFO:tensorflow:2020-01-27 01:04:30.003440: Step 3830: Train accuracy = 100.0%
I0127 01:04:30.003497 140335769773888 retrain.py:1082] 2020-01-27 01:04:30.003440: Step 3830: Train accuracy = 100.0%
INFO:tensorflow:2020-01-27 01:04:30.003634: Step 3830: Cross entropy = 0.153782
I0127 01:04:30.003652 140335769773888 retrain.py:1084] 2020-01-27 01:04:30.003634: Step 3830: Cross entropy = 0.153782
INFO:tensorflow:2020-01-27 01:04:30.072309: Step 3830: Validation accuracy = 50.0% (N=100)
I0127 01:04:30.072365 140335769773888 retrain.py:1100] 2020-01-27 01:04:30.072309: Step 3830: Validation accuracy = 50.0% (N=100)
INFO:tensorflow:2020-01-27 01:04:30.816992: Step 3840: Train accuracy = 99.0%
I0127 01:04:30.817050 140335769773888 retrain.py:1082] 2020-01-27 01:04:30.816992: Step 3840: Train accuracy = 99.0%
INFO:tensorflow:2020-01-27 01:04:30.817207: Step 3840: Cross entropy = 0.156332
I0127 01:04:30.817225 140335769773888 retrain.py:1084] 2020-01-27 01:04:30.817207: Step 3840: Cross entropy = 0.156332
INFO:tensorflow:2020-01-27 01:04:30.888580: Step 3840: Validation accuracy = 50.0% (N=100)
I0127 01:04:30.888637 140335769773888 retrain.py:1100] 2020-01-27 01:04:30.888580: Step 3840: Validation accuracy = 50.0% (N=100)
INFO:tensorflow:2020-01-27 01:04:31.630583: Step 3850: Train accuracy = 100.0%
I0127 01:04:31.630639 140335769773888 retrain.py:1082] 2020-01-27 01:04:31.630583: Step 3850: Train accuracy = 100.0%
INFO:tensorflow:2020-01-27 01:04:31.630783: Step 3850: Cross entropy = 0.167302
I0127 01:04:31.630800 140335769773888 retrain.py:1084] 2020-01-27 01:04:31.630783: Step 3850: Cross entropy = 0.167302
INFO:tensorflow:2020-01-27 01:04:31.700009: Step 3850: Validation accuracy = 42.0% (N=100)
I0127 01:04:31.700064 140335769773888 retrain.py:1100] 2020-01-27 01:04:31.700009: Step 3850: Validation accuracy = 42.0% (N=100)
INFO:tensorflow:2020-01-27 01:04:32.452269: Step 3860: Train accuracy = 99.0%
I0127 01:04:32.452327 140335769773888 retrain.py:1082] 2020-01-27 01:04:32.452269: Step 3860: Train accuracy = 99.0%
INFO:tensorflow:2020-01-27 01:04:32.452477: Step 3860: Cross entropy = 0.159362
I0127 01:04:32.452496 140335769773888 retrain.py:1084] 2020-01-27 01:04:32.452477: Step 3860: Cross entropy = 0.159362
INFO:tensorflow:2020-01-27 01:04:32.521513: Step 3860: Validation accuracy = 55.0% (N=100)
I0127 01:04:32.521569 140335769773888 retrain.py:1100] 2020-01-27 01:04:32.521513: Step 3860: Validation accuracy = 55.0% (N=100)
INFO:tensorflow:2020-01-27 01:04:33.266636: Step 3870: Train accuracy = 99.0%
I0127 01:04:33.266693 140335769773888 retrain.py:1082] 2020-01-27 01:04:33.266636: Step 3870: Train accuracy = 99.0%
INFO:tensorflow:2020-01-27 01:04:33.266851: Step 3870: Cross entropy = 0.162827
I0127 01:04:33.266873 140335769773888 retrain.py:1084] 2020-01-27 01:04:33.266851: Step 3870: Cross entropy = 0.162827
INFO:tensorflow:2020-01-27 01:04:33.336864: Step 3870: Validation accuracy = 57.0% (N=100)
I0127 01:04:33.336920 140335769773888 retrain.py:1100] 2020-01-27 01:04:33.336864: Step 3870: Validation accuracy = 57.0% (N=100)
INFO:tensorflow:2020-01-27 01:04:34.060389: Step 3880: Train accuracy = 97.0%
I0127 01:04:34.060449 140335769773888 retrain.py:1082] 2020-01-27 01:04:34.060389: Step 3880: Train accuracy = 97.0%
INFO:tensorflow:2020-01-27 01:04:34.060597: Step 3880: Cross entropy = 0.162420
I0127 01:04:34.060616 140335769773888 retrain.py:1084] 2020-01-27 01:04:34.060597: Step 3880: Cross entropy = 0.162420
INFO:tensorflow:2020-01-27 01:04:34.128268: Step 3880: Validation accuracy = 51.0% (N=100)
I0127 01:04:34.128325 140335769773888 retrain.py:1100] 2020-01-27 01:04:34.128268: Step 3880: Validation accuracy = 51.0% (N=100)
INFO:tensorflow:2020-01-27 01:04:34.871825: Step 3890: Train accuracy = 100.0%
I0127 01:04:34.871882 140335769773888 retrain.py:1082] 2020-01-27 01:04:34.871825: Step 3890: Train accuracy = 100.0%
INFO:tensorflow:2020-01-27 01:04:34.872018: Step 3890: Cross entropy = 0.152326
I0127 01:04:34.872035 140335769773888 retrain.py:1084] 2020-01-27 01:04:34.872018: Step 3890: Cross entropy = 0.152326
INFO:tensorflow:2020-01-27 01:04:34.940242: Step 3890: Validation accuracy = 54.0% (N=100)
I0127 01:04:34.940299 140335769773888 retrain.py:1100] 2020-01-27 01:04:34.940242: Step 3890: Validation accuracy = 54.0% (N=100)
INFO:tensorflow:2020-01-27 01:04:35.680994: Step 3900: Train accuracy = 100.0%
I0127 01:04:35.681052 140335769773888 retrain.py:1082] 2020-01-27 01:04:35.680994: Step 3900: Train accuracy = 100.0%
INFO:tensorflow:2020-01-27 01:04:35.681214: Step 3900: Cross entropy = 0.156855
I0127 01:04:35.681233 140335769773888 retrain.py:1084] 2020-01-27 01:04:35.681214: Step 3900: Cross entropy = 0.156855
INFO:tensorflow:2020-01-27 01:04:35.749474: Step 3900: Validation accuracy = 54.0% (N=100)
I0127 01:04:35.749532 140335769773888 retrain.py:1100] 2020-01-27 01:04:35.749474: Step 3900: Validation accuracy = 54.0% (N=100)
INFO:tensorflow:2020-01-27 01:04:36.498446: Step 3910: Train accuracy = 100.0%
I0127 01:04:36.498506 140335769773888 retrain.py:1082] 2020-01-27 01:04:36.498446: Step 3910: Train accuracy = 100.0%
INFO:tensorflow:2020-01-27 01:04:36.498660: Step 3910: Cross entropy = 0.166615
I0127 01:04:36.498680 140335769773888 retrain.py:1084] 2020-01-27 01:04:36.498660: Step 3910: Cross entropy = 0.166615
INFO:tensorflow:2020-01-27 01:04:36.569405: Step 3910: Validation accuracy = 53.0% (N=100)
I0127 01:04:36.569461 140335769773888 retrain.py:1100] 2020-01-27 01:04:36.569405: Step 3910: Validation accuracy = 53.0% (N=100)
INFO:tensorflow:2020-01-27 01:04:37.326524: Step 3920: Train accuracy = 99.0%
I0127 01:04:37.326581 140335769773888 retrain.py:1082] 2020-01-27 01:04:37.326524: Step 3920: Train accuracy = 99.0%
INFO:tensorflow:2020-01-27 01:04:37.326719: Step 3920: Cross entropy = 0.149763
I0127 01:04:37.326737 140335769773888 retrain.py:1084] 2020-01-27 01:04:37.326719: Step 3920: Cross entropy = 0.149763
INFO:tensorflow:2020-01-27 01:04:37.398095: Step 3920: Validation accuracy = 40.0% (N=100)
I0127 01:04:37.398153 140335769773888 retrain.py:1100] 2020-01-27 01:04:37.398095: Step 3920: Validation accuracy = 40.0% (N=100)
INFO:tensorflow:2020-01-27 01:04:38.124841: Step 3930: Train accuracy = 100.0%
I0127 01:04:38.124898 140335769773888 retrain.py:1082] 2020-01-27 01:04:38.124841: Step 3930: Train accuracy = 100.0%
INFO:tensorflow:2020-01-27 01:04:38.125048: Step 3930: Cross entropy = 0.173251
I0127 01:04:38.125064 140335769773888 retrain.py:1084] 2020-01-27 01:04:38.125048: Step 3930: Cross entropy = 0.173251
INFO:tensorflow:2020-01-27 01:04:38.231596: Step 3930: Validation accuracy = 53.0% (N=100)
I0127 01:04:38.231654 140335769773888 retrain.py:1100] 2020-01-27 01:04:38.231596: Step 3930: Validation accuracy = 53.0% (N=100)
INFO:tensorflow:2020-01-27 01:04:38.940164: Step 3940: Train accuracy = 100.0%
I0127 01:04:38.940219 140335769773888 retrain.py:1082] 2020-01-27 01:04:38.940164: Step 3940: Train accuracy = 100.0%
INFO:tensorflow:2020-01-27 01:04:38.940349: Step 3940: Cross entropy = 0.196654
I0127 01:04:38.940366 140335769773888 retrain.py:1084] 2020-01-27 01:04:38.940349: Step 3940: Cross entropy = 0.196654
INFO:tensorflow:2020-01-27 01:04:39.008257: Step 3940: Validation accuracy = 51.0% (N=100)
I0127 01:04:39.008314 140335769773888 retrain.py:1100] 2020-01-27 01:04:39.008257: Step 3940: Validation accuracy = 51.0% (N=100)
INFO:tensorflow:2020-01-27 01:04:39.759937: Step 3950: Train accuracy = 98.0%
I0127 01:04:39.759994 140335769773888 retrain.py:1082] 2020-01-27 01:04:39.759937: Step 3950: Train accuracy = 98.0%
INFO:tensorflow:2020-01-27 01:04:39.760124: Step 3950: Cross entropy = 0.175600
I0127 01:04:39.760141 140335769773888 retrain.py:1084] 2020-01-27 01:04:39.760124: Step 3950: Cross entropy = 0.175600
INFO:tensorflow:2020-01-27 01:04:39.833058: Step 3950: Validation accuracy = 48.0% (N=100)
I0127 01:04:39.833119 140335769773888 retrain.py:1100] 2020-01-27 01:04:39.833058: Step 3950: Validation accuracy = 48.0% (N=100)
INFO:tensorflow:2020-01-27 01:04:40.603671: Step 3960: Train accuracy = 100.0%
I0127 01:04:40.603727 140335769773888 retrain.py:1082] 2020-01-27 01:04:40.603671: Step 3960: Train accuracy = 100.0%
INFO:tensorflow:2020-01-27 01:04:40.603859: Step 3960: Cross entropy = 0.156457
I0127 01:04:40.603878 140335769773888 retrain.py:1084] 2020-01-27 01:04:40.603859: Step 3960: Cross entropy = 0.156457
INFO:tensorflow:2020-01-27 01:04:40.675393: Step 3960: Validation accuracy = 45.0% (N=100)
I0127 01:04:40.675450 140335769773888 retrain.py:1100] 2020-01-27 01:04:40.675393: Step 3960: Validation accuracy = 45.0% (N=100)
INFO:tensorflow:2020-01-27 01:04:41.427197: Step 3970: Train accuracy = 100.0%
I0127 01:04:41.427253 140335769773888 retrain.py:1082] 2020-01-27 01:04:41.427197: Step 3970: Train accuracy = 100.0%
INFO:tensorflow:2020-01-27 01:04:41.427386: Step 3970: Cross entropy = 0.139297
I0127 01:04:41.427403 140335769773888 retrain.py:1084] 2020-01-27 01:04:41.427386: Step 3970: Cross entropy = 0.139297
INFO:tensorflow:2020-01-27 01:04:41.497706: Step 3970: Validation accuracy = 54.0% (N=100)
I0127 01:04:41.497762 140335769773888 retrain.py:1100] 2020-01-27 01:04:41.497706: Step 3970: Validation accuracy = 54.0% (N=100)
INFO:tensorflow:2020-01-27 01:04:42.243063: Step 3980: Train accuracy = 98.0%
I0127 01:04:42.243121 140335769773888 retrain.py:1082] 2020-01-27 01:04:42.243063: Step 3980: Train accuracy = 98.0%
INFO:tensorflow:2020-01-27 01:04:42.243288: Step 3980: Cross entropy = 0.141643
I0127 01:04:42.243309 140335769773888 retrain.py:1084] 2020-01-27 01:04:42.243288: Step 3980: Cross entropy = 0.141643
INFO:tensorflow:2020-01-27 01:04:42.313011: Step 3980: Validation accuracy = 52.0% (N=100)
I0127 01:04:42.313069 140335769773888 retrain.py:1100] 2020-01-27 01:04:42.313011: Step 3980: Validation accuracy = 52.0% (N=100)
INFO:tensorflow:2020-01-27 01:04:43.033732: Step 3990: Train accuracy = 100.0%
I0127 01:04:43.033789 140335769773888 retrain.py:1082] 2020-01-27 01:04:43.033732: Step 3990: Train accuracy = 100.0%
INFO:tensorflow:2020-01-27 01:04:43.033921: Step 3990: Cross entropy = 0.147789
I0127 01:04:43.033936 140335769773888 retrain.py:1084] 2020-01-27 01:04:43.033921: Step 3990: Cross entropy = 0.147789
INFO:tensorflow:2020-01-27 01:04:43.101769: Step 3990: Validation accuracy = 58.0% (N=100)
I0127 01:04:43.101826 140335769773888 retrain.py:1100] 2020-01-27 01:04:43.101769: Step 3990: Validation accuracy = 58.0% (N=100)
INFO:tensorflow:2020-01-27 01:04:43.771951: Step 3999: Train accuracy = 100.0%
I0127 01:04:43.772009 140335769773888 retrain.py:1082] 2020-01-27 01:04:43.771951: Step 3999: Train accuracy = 100.0%
INFO:tensorflow:2020-01-27 01:04:43.772156: Step 3999: Cross entropy = 0.172789
I0127 01:04:43.772175 140335769773888 retrain.py:1084] 2020-01-27 01:04:43.772156: Step 3999: Cross entropy = 0.172789
INFO:tensorflow:2020-01-27 01:04:43.839898: Step 3999: Validation accuracy = 42.0% (N=100)
I0127 01:04:43.839956 140335769773888 retrain.py:1100] 2020-01-27 01:04:43.839898: Step 3999: Validation accuracy = 42.0% (N=100)
INFO:tensorflow:Final test accuracy = 47.6% (N=21)
I0127 01:04:45.317879 140335769773888 retrain.py:1126] Final test accuracy = 47.6% (N=21)
WARNING:tensorflow:From /media/dbusaba/SharedData/University/Research/Rust/image_affinity/tensorflow/scripts/retrain.py:827: convert_variables_to_constants (from tensorflow.python.framework.graph_util_impl) is deprecated and will be removed in a future version.
Instructions for updating:
Use `tf.compat.v1.graph_util.convert_variables_to_constants`
W0127 01:04:45.498384 140335769773888 deprecation.py:323] From /media/dbusaba/SharedData/University/Research/Rust/image_affinity/tensorflow/scripts/retrain.py:827: convert_variables_to_constants (from tensorflow.python.framework.graph_util_impl) is deprecated and will be removed in a future version.
Instructions for updating:
Use `tf.compat.v1.graph_util.convert_variables_to_constants`
WARNING:tensorflow:From /home/dbusaba/.local/lib/python3.7/site-packages/tensorflow/python/framework/graph_util_impl.py:270: extract_sub_graph (from tensorflow.python.framework.graph_util_impl) is deprecated and will be removed in a future version.
Instructions for updating:
Use `tf.compat.v1.graph_util.extract_sub_graph`
W0127 01:04:45.498571 140335769773888 deprecation.py:323] From /home/dbusaba/.local/lib/python3.7/site-packages/tensorflow/python/framework/graph_util_impl.py:270: extract_sub_graph (from tensorflow.python.framework.graph_util_impl) is deprecated and will be removed in a future version.
Instructions for updating:
Use `tf.compat.v1.graph_util.extract_sub_graph`
INFO:tensorflow:Froze 2 variables.
I0127 01:04:45.599800 140335769773888 graph_util_impl.py:311] Froze 2 variables.
INFO:tensorflow:Converted 2 variables to const ops.
I0127 01:04:45.617184 140335769773888 graph_util_impl.py:364] Converted 2 variables to const ops.
