WARNING:tensorflow:From /media/dbusaba/SharedData/University/Research/Rust/image_affinity/tensorflow/scripts/retrain.py:1326: The name tf.app.run is deprecated. Please use tf.compat.v1.app.run instead.

WARNING:tensorflow:From /media/dbusaba/SharedData/University/Research/Rust/image_affinity/tensorflow/scripts/retrain.py:970: The name tf.logging.set_verbosity is deprecated. Please use tf.compat.v1.logging.set_verbosity instead.

W0105 20:37:38.629180 139731002489728 deprecation_wrapper.py:119] From /media/dbusaba/SharedData/University/Research/Rust/image_affinity/tensorflow/scripts/retrain.py:970: The name tf.logging.set_verbosity is deprecated. Please use tf.compat.v1.logging.set_verbosity instead.

WARNING:tensorflow:From /media/dbusaba/SharedData/University/Research/Rust/image_affinity/tensorflow/scripts/retrain.py:970: The name tf.logging.INFO is deprecated. Please use tf.compat.v1.logging.INFO instead.

W0105 20:37:38.629375 139731002489728 deprecation_wrapper.py:119] From /media/dbusaba/SharedData/University/Research/Rust/image_affinity/tensorflow/scripts/retrain.py:970: The name tf.logging.INFO is deprecated. Please use tf.compat.v1.logging.INFO instead.

WARNING:tensorflow:From /media/dbusaba/SharedData/University/Research/Rust/image_affinity/tensorflow/scripts/retrain.py:835: The name tf.gfile.Exists is deprecated. Please use tf.io.gfile.exists instead.

W0105 20:37:38.629514 139731002489728 deprecation_wrapper.py:119] From /media/dbusaba/SharedData/University/Research/Rust/image_affinity/tensorflow/scripts/retrain.py:835: The name tf.gfile.Exists is deprecated. Please use tf.io.gfile.exists instead.

WARNING:tensorflow:From /media/dbusaba/SharedData/University/Research/Rust/image_affinity/tensorflow/scripts/retrain.py:836: The name tf.gfile.DeleteRecursively is deprecated. Please use tf.io.gfile.rmtree instead.

W0105 20:37:38.630400 139731002489728 deprecation_wrapper.py:119] From /media/dbusaba/SharedData/University/Research/Rust/image_affinity/tensorflow/scripts/retrain.py:836: The name tf.gfile.DeleteRecursively is deprecated. Please use tf.io.gfile.rmtree instead.

WARNING:tensorflow:From /media/dbusaba/SharedData/University/Research/Rust/image_affinity/tensorflow/scripts/retrain.py:837: The name tf.gfile.MakeDirs is deprecated. Please use tf.io.gfile.makedirs instead.

W0105 20:37:38.635784 139731002489728 deprecation_wrapper.py:119] From /media/dbusaba/SharedData/University/Research/Rust/image_affinity/tensorflow/scripts/retrain.py:837: The name tf.gfile.MakeDirs is deprecated. Please use tf.io.gfile.makedirs instead.

WARNING:tensorflow:From /media/dbusaba/SharedData/University/Research/Rust/image_affinity/tensorflow/scripts/retrain.py:274: FastGFile.__init__ (from tensorflow.python.platform.gfile) is deprecated and will be removed in a future version.
Instructions for updating:
Use tf.gfile.GFile.
W0105 20:37:41.575841 139731002489728 deprecation.py:323] From /media/dbusaba/SharedData/University/Research/Rust/image_affinity/tensorflow/scripts/retrain.py:274: FastGFile.__init__ (from tensorflow.python.platform.gfile) is deprecated and will be removed in a future version.
Instructions for updating:
Use tf.gfile.GFile.
WARNING:tensorflow:From /media/dbusaba/SharedData/University/Research/Rust/image_affinity/tensorflow/scripts/retrain.py:275: The name tf.GraphDef is deprecated. Please use tf.compat.v1.GraphDef instead.

W0105 20:37:41.577354 139731002489728 deprecation_wrapper.py:119] From /media/dbusaba/SharedData/University/Research/Rust/image_affinity/tensorflow/scripts/retrain.py:275: The name tf.GraphDef is deprecated. Please use tf.compat.v1.GraphDef instead.

2020-01-05 20:37:42.216573: W tensorflow/core/framework/op_def_util.cc:357] Op BatchNormWithGlobalNormalization is deprecated. It will cease to work in GraphDef version 9. Use tf.nn.batch_normalization().
WARNING:tensorflow:From /media/dbusaba/SharedData/University/Research/Rust/image_affinity/tensorflow/scripts/retrain.py:156: The name tf.logging.info is deprecated. Please use tf.compat.v1.logging.info instead.

W0105 20:37:42.414202 139731002489728 deprecation_wrapper.py:119] From /media/dbusaba/SharedData/University/Research/Rust/image_affinity/tensorflow/scripts/retrain.py:156: The name tf.logging.info is deprecated. Please use tf.compat.v1.logging.info instead.

INFO:tensorflow:Looking for images in 'Abnormal'
I0105 20:37:42.414412 139731002489728 retrain.py:156] Looking for images in 'Abnormal'
INFO:tensorflow:Looking for images in 'Normal'
I0105 20:37:42.423615 139731002489728 retrain.py:156] Looking for images in 'Normal'
WARNING:tensorflow:From /media/dbusaba/SharedData/University/Research/Rust/image_affinity/tensorflow/scripts/retrain.py:1004: The name tf.Session is deprecated. Please use tf.compat.v1.Session instead.

W0105 20:37:42.444169 139731002489728 deprecation_wrapper.py:119] From /media/dbusaba/SharedData/University/Research/Rust/image_affinity/tensorflow/scripts/retrain.py:1004: The name tf.Session is deprecated. Please use tf.compat.v1.Session instead.

2020-01-05 20:37:42.444892: I tensorflow/core/platform/cpu_feature_guard.cc:142] Your CPU supports instructions that this TensorFlow binary was not compiled to use: AVX2 FMA
2020-01-05 20:37:42.478158: I tensorflow/core/platform/profile_utils/cpu_utils.cc:94] CPU Frequency: 2799925000 Hz
2020-01-05 20:37:42.478540: I tensorflow/compiler/xla/service/service.cc:168] XLA service 0x3111050 executing computations on platform Host. Devices:
2020-01-05 20:37:42.478564: I tensorflow/compiler/xla/service/service.cc:175]   StreamExecutor device (0): <undefined>, <undefined>
WARNING:tensorflow:From /media/dbusaba/SharedData/University/Research/Rust/image_affinity/tensorflow/scripts/retrain.py:954: The name tf.placeholder is deprecated. Please use tf.compat.v1.placeholder instead.

W0105 20:37:42.480450 139731002489728 deprecation_wrapper.py:119] From /media/dbusaba/SharedData/University/Research/Rust/image_affinity/tensorflow/scripts/retrain.py:954: The name tf.placeholder is deprecated. Please use tf.compat.v1.placeholder instead.

WARNING:tensorflow:From /media/dbusaba/SharedData/University/Research/Rust/image_affinity/tensorflow/scripts/retrain.py:960: The name tf.image.resize_bilinear is deprecated. Please use tf.compat.v1.image.resize_bilinear instead.

W0105 20:37:42.488070 139731002489728 deprecation_wrapper.py:119] From /media/dbusaba/SharedData/University/Research/Rust/image_affinity/tensorflow/scripts/retrain.py:960: The name tf.image.resize_bilinear is deprecated. Please use tf.compat.v1.image.resize_bilinear instead.

INFO:tensorflow:100 bottleneck files created.
I0105 20:37:42.630811 139731002489728 retrain.py:481] 100 bottleneck files created.
INFO:tensorflow:200 bottleneck files created.
I0105 20:37:42.766826 139731002489728 retrain.py:481] 200 bottleneck files created.
INFO:tensorflow:300 bottleneck files created.
I0105 20:37:42.901329 139731002489728 retrain.py:481] 300 bottleneck files created.
WARNING:tensorflow:From /media/dbusaba/SharedData/University/Research/Rust/image_affinity/tensorflow/scripts/retrain.py:758: The name tf.placeholder_with_default is deprecated. Please use tf.compat.v1.placeholder_with_default instead.

W0105 20:37:42.939607 139731002489728 deprecation_wrapper.py:119] From /media/dbusaba/SharedData/University/Research/Rust/image_affinity/tensorflow/scripts/retrain.py:758: The name tf.placeholder_with_default is deprecated. Please use tf.compat.v1.placeholder_with_default instead.

WARNING:tensorflow:From /media/dbusaba/SharedData/University/Research/Rust/image_affinity/tensorflow/scripts/retrain.py:772: The name tf.truncated_normal is deprecated. Please use tf.random.truncated_normal instead.

W0105 20:37:42.941852 139731002489728 deprecation_wrapper.py:119] From /media/dbusaba/SharedData/University/Research/Rust/image_affinity/tensorflow/scripts/retrain.py:772: The name tf.truncated_normal is deprecated. Please use tf.random.truncated_normal instead.

WARNING:tensorflow:From /media/dbusaba/SharedData/University/Research/Rust/image_affinity/tensorflow/scripts/retrain.py:726: The name tf.summary.scalar is deprecated. Please use tf.compat.v1.summary.scalar instead.

W0105 20:37:42.958595 139731002489728 deprecation_wrapper.py:119] From /media/dbusaba/SharedData/University/Research/Rust/image_affinity/tensorflow/scripts/retrain.py:726: The name tf.summary.scalar is deprecated. Please use tf.compat.v1.summary.scalar instead.

WARNING:tensorflow:From /media/dbusaba/SharedData/University/Research/Rust/image_affinity/tensorflow/scripts/retrain.py:732: The name tf.summary.histogram is deprecated. Please use tf.compat.v1.summary.histogram instead.

W0105 20:37:42.974888 139731002489728 deprecation_wrapper.py:119] From /media/dbusaba/SharedData/University/Research/Rust/image_affinity/tensorflow/scripts/retrain.py:732: The name tf.summary.histogram is deprecated. Please use tf.compat.v1.summary.histogram instead.

WARNING:tensorflow:From /media/dbusaba/SharedData/University/Research/Rust/image_affinity/tensorflow/scripts/retrain.py:790: softmax_cross_entropy_with_logits (from tensorflow.python.ops.nn_ops) is deprecated and will be removed in a future version.
Instructions for updating:

Future major versions of TensorFlow will allow gradients to flow
into the labels input on backprop by default.

See `tf.nn.softmax_cross_entropy_with_logits_v2`.

W0105 20:37:43.006855 139731002489728 deprecation.py:323] From /media/dbusaba/SharedData/University/Research/Rust/image_affinity/tensorflow/scripts/retrain.py:790: softmax_cross_entropy_with_logits (from tensorflow.python.ops.nn_ops) is deprecated and will be removed in a future version.
Instructions for updating:

Future major versions of TensorFlow will allow gradients to flow
into the labels input on backprop by default.

See `tf.nn.softmax_cross_entropy_with_logits_v2`.

WARNING:tensorflow:From /media/dbusaba/SharedData/University/Research/Rust/image_affinity/tensorflow/scripts/retrain.py:796: The name tf.train.GradientDescentOptimizer is deprecated. Please use tf.compat.v1.train.GradientDescentOptimizer instead.

W0105 20:37:43.044946 139731002489728 deprecation_wrapper.py:119] From /media/dbusaba/SharedData/University/Research/Rust/image_affinity/tensorflow/scripts/retrain.py:796: The name tf.train.GradientDescentOptimizer is deprecated. Please use tf.compat.v1.train.GradientDescentOptimizer instead.

WARNING:tensorflow:From /media/dbusaba/SharedData/University/Research/Rust/image_affinity/tensorflow/scripts/retrain.py:1038: The name tf.summary.merge_all is deprecated. Please use tf.compat.v1.summary.merge_all instead.

W0105 20:37:43.097433 139731002489728 deprecation_wrapper.py:119] From /media/dbusaba/SharedData/University/Research/Rust/image_affinity/tensorflow/scripts/retrain.py:1038: The name tf.summary.merge_all is deprecated. Please use tf.compat.v1.summary.merge_all instead.

WARNING:tensorflow:From /media/dbusaba/SharedData/University/Research/Rust/image_affinity/tensorflow/scripts/retrain.py:1039: The name tf.summary.FileWriter is deprecated. Please use tf.compat.v1.summary.FileWriter instead.

W0105 20:37:43.098701 139731002489728 deprecation_wrapper.py:119] From /media/dbusaba/SharedData/University/Research/Rust/image_affinity/tensorflow/scripts/retrain.py:1039: The name tf.summary.FileWriter is deprecated. Please use tf.compat.v1.summary.FileWriter instead.

2020-01-05 20:37:46.722159: W tensorflow/compiler/jit/mark_for_compilation_pass.cc:1412] (One-time warning): Not using XLA:CPU for cluster because envvar TF_XLA_FLAGS=--tf_xla_cpu_global_jit was not set.  If you want XLA:CPU, either set that envvar, or use experimental_jit_scope to enable XLA:CPU.  To confirm that XLA is active, pass --vmodule=xla_compilation_cache=1 (as a proper command-line flag, not via TF_XLA_FLAGS) or set the envvar XLA_FLAGS=--xla_hlo_profile.
INFO:tensorflow:2020-01-05 20:37:51.311027: Step 0: Train accuracy = 56.0%
I0105 20:37:51.311126 139731002489728 retrain.py:1082] 2020-01-05 20:37:51.311027: Step 0: Train accuracy = 56.0%
INFO:tensorflow:2020-01-05 20:37:51.311343: Step 0: Cross entropy = 0.682987
I0105 20:37:51.311362 139731002489728 retrain.py:1084] 2020-01-05 20:37:51.311343: Step 0: Cross entropy = 0.682987
INFO:tensorflow:2020-01-05 20:37:53.251017: Step 0: Validation accuracy = 55.0% (N=100)
I0105 20:37:53.251117 139731002489728 retrain.py:1100] 2020-01-05 20:37:53.251017: Step 0: Validation accuracy = 55.0% (N=100)
INFO:tensorflow:2020-01-05 20:37:54.012268: Step 10: Train accuracy = 57.0%
I0105 20:37:54.012343 139731002489728 retrain.py:1082] 2020-01-05 20:37:54.012268: Step 10: Train accuracy = 57.0%
INFO:tensorflow:2020-01-05 20:37:54.012483: Step 10: Cross entropy = 0.672023
I0105 20:37:54.012500 139731002489728 retrain.py:1084] 2020-01-05 20:37:54.012483: Step 10: Cross entropy = 0.672023
INFO:tensorflow:2020-01-05 20:37:54.093591: Step 10: Validation accuracy = 56.0% (N=100)
I0105 20:37:54.093656 139731002489728 retrain.py:1100] 2020-01-05 20:37:54.093591: Step 10: Validation accuracy = 56.0% (N=100)
INFO:tensorflow:2020-01-05 20:37:54.844822: Step 20: Train accuracy = 62.0%
I0105 20:37:54.844878 139731002489728 retrain.py:1082] 2020-01-05 20:37:54.844822: Step 20: Train accuracy = 62.0%
INFO:tensorflow:2020-01-05 20:37:54.845036: Step 20: Cross entropy = 0.671891
I0105 20:37:54.845055 139731002489728 retrain.py:1084] 2020-01-05 20:37:54.845036: Step 20: Cross entropy = 0.671891
INFO:tensorflow:2020-01-05 20:37:54.923806: Step 20: Validation accuracy = 62.0% (N=100)
I0105 20:37:54.923861 139731002489728 retrain.py:1100] 2020-01-05 20:37:54.923806: Step 20: Validation accuracy = 62.0% (N=100)
INFO:tensorflow:2020-01-05 20:37:55.657848: Step 30: Train accuracy = 62.0%
I0105 20:37:55.657950 139731002489728 retrain.py:1082] 2020-01-05 20:37:55.657848: Step 30: Train accuracy = 62.0%
INFO:tensorflow:2020-01-05 20:37:55.658109: Step 30: Cross entropy = 0.639423
I0105 20:37:55.658132 139731002489728 retrain.py:1084] 2020-01-05 20:37:55.658109: Step 30: Cross entropy = 0.639423
INFO:tensorflow:2020-01-05 20:37:55.736122: Step 30: Validation accuracy = 56.0% (N=100)
I0105 20:37:55.736216 139731002489728 retrain.py:1100] 2020-01-05 20:37:55.736122: Step 30: Validation accuracy = 56.0% (N=100)
INFO:tensorflow:2020-01-05 20:37:56.463640: Step 40: Train accuracy = 62.0%
I0105 20:37:56.463717 139731002489728 retrain.py:1082] 2020-01-05 20:37:56.463640: Step 40: Train accuracy = 62.0%
INFO:tensorflow:2020-01-05 20:37:56.463875: Step 40: Cross entropy = 0.646312
I0105 20:37:56.463895 139731002489728 retrain.py:1084] 2020-01-05 20:37:56.463875: Step 40: Cross entropy = 0.646312
INFO:tensorflow:2020-01-05 20:37:56.543746: Step 40: Validation accuracy = 62.0% (N=100)
I0105 20:37:56.543804 139731002489728 retrain.py:1100] 2020-01-05 20:37:56.543746: Step 40: Validation accuracy = 62.0% (N=100)
INFO:tensorflow:2020-01-05 20:37:57.266360: Step 50: Train accuracy = 64.0%
I0105 20:37:57.266429 139731002489728 retrain.py:1082] 2020-01-05 20:37:57.266360: Step 50: Train accuracy = 64.0%
INFO:tensorflow:2020-01-05 20:37:57.266612: Step 50: Cross entropy = 0.657293
I0105 20:37:57.266634 139731002489728 retrain.py:1084] 2020-01-05 20:37:57.266612: Step 50: Cross entropy = 0.657293
INFO:tensorflow:2020-01-05 20:37:57.346962: Step 50: Validation accuracy = 59.0% (N=100)
I0105 20:37:57.347033 139731002489728 retrain.py:1100] 2020-01-05 20:37:57.346962: Step 50: Validation accuracy = 59.0% (N=100)
INFO:tensorflow:2020-01-05 20:37:58.055946: Step 60: Train accuracy = 62.0%
I0105 20:37:58.056003 139731002489728 retrain.py:1082] 2020-01-05 20:37:58.055946: Step 60: Train accuracy = 62.0%
INFO:tensorflow:2020-01-05 20:37:58.056159: Step 60: Cross entropy = 0.626804
I0105 20:37:58.056179 139731002489728 retrain.py:1084] 2020-01-05 20:37:58.056159: Step 60: Cross entropy = 0.626804
INFO:tensorflow:2020-01-05 20:37:58.134975: Step 60: Validation accuracy = 54.0% (N=100)
I0105 20:37:58.135030 139731002489728 retrain.py:1100] 2020-01-05 20:37:58.134975: Step 60: Validation accuracy = 54.0% (N=100)
INFO:tensorflow:2020-01-05 20:37:58.860863: Step 70: Train accuracy = 65.0%
I0105 20:37:58.860918 139731002489728 retrain.py:1082] 2020-01-05 20:37:58.860863: Step 70: Train accuracy = 65.0%
INFO:tensorflow:2020-01-05 20:37:58.861097: Step 70: Cross entropy = 0.639659
I0105 20:37:58.861114 139731002489728 retrain.py:1084] 2020-01-05 20:37:58.861097: Step 70: Cross entropy = 0.639659
INFO:tensorflow:2020-01-05 20:37:58.941260: Step 70: Validation accuracy = 62.0% (N=100)
I0105 20:37:58.941337 139731002489728 retrain.py:1100] 2020-01-05 20:37:58.941260: Step 70: Validation accuracy = 62.0% (N=100)
INFO:tensorflow:2020-01-05 20:37:59.670038: Step 80: Train accuracy = 62.0%
I0105 20:37:59.670094 139731002489728 retrain.py:1082] 2020-01-05 20:37:59.670038: Step 80: Train accuracy = 62.0%
INFO:tensorflow:2020-01-05 20:37:59.670283: Step 80: Cross entropy = 0.642566
I0105 20:37:59.670308 139731002489728 retrain.py:1084] 2020-01-05 20:37:59.670283: Step 80: Cross entropy = 0.642566
INFO:tensorflow:2020-01-05 20:37:59.749694: Step 80: Validation accuracy = 57.0% (N=100)
I0105 20:37:59.749764 139731002489728 retrain.py:1100] 2020-01-05 20:37:59.749694: Step 80: Validation accuracy = 57.0% (N=100)
INFO:tensorflow:2020-01-05 20:38:00.470593: Step 90: Train accuracy = 71.0%
I0105 20:38:00.470669 139731002489728 retrain.py:1082] 2020-01-05 20:38:00.470593: Step 90: Train accuracy = 71.0%
INFO:tensorflow:2020-01-05 20:38:00.470829: Step 90: Cross entropy = 0.608554
I0105 20:38:00.470846 139731002489728 retrain.py:1084] 2020-01-05 20:38:00.470829: Step 90: Cross entropy = 0.608554
INFO:tensorflow:2020-01-05 20:38:00.548403: Step 90: Validation accuracy = 52.0% (N=100)
I0105 20:38:00.548462 139731002489728 retrain.py:1100] 2020-01-05 20:38:00.548403: Step 90: Validation accuracy = 52.0% (N=100)
INFO:tensorflow:2020-01-05 20:38:01.293445: Step 100: Train accuracy = 66.0%
I0105 20:38:01.293502 139731002489728 retrain.py:1082] 2020-01-05 20:38:01.293445: Step 100: Train accuracy = 66.0%
INFO:tensorflow:2020-01-05 20:38:01.293669: Step 100: Cross entropy = 0.587140
I0105 20:38:01.293690 139731002489728 retrain.py:1084] 2020-01-05 20:38:01.293669: Step 100: Cross entropy = 0.587140
INFO:tensorflow:2020-01-05 20:38:01.370682: Step 100: Validation accuracy = 69.0% (N=100)
I0105 20:38:01.370738 139731002489728 retrain.py:1100] 2020-01-05 20:38:01.370682: Step 100: Validation accuracy = 69.0% (N=100)
INFO:tensorflow:2020-01-05 20:38:02.085364: Step 110: Train accuracy = 66.0%
I0105 20:38:02.085417 139731002489728 retrain.py:1082] 2020-01-05 20:38:02.085364: Step 110: Train accuracy = 66.0%
INFO:tensorflow:2020-01-05 20:38:02.085569: Step 110: Cross entropy = 0.596874
I0105 20:38:02.085584 139731002489728 retrain.py:1084] 2020-01-05 20:38:02.085569: Step 110: Cross entropy = 0.596874
INFO:tensorflow:2020-01-05 20:38:02.164879: Step 110: Validation accuracy = 62.0% (N=100)
I0105 20:38:02.164937 139731002489728 retrain.py:1100] 2020-01-05 20:38:02.164879: Step 110: Validation accuracy = 62.0% (N=100)
INFO:tensorflow:2020-01-05 20:38:02.889420: Step 120: Train accuracy = 72.0%
I0105 20:38:02.889475 139731002489728 retrain.py:1082] 2020-01-05 20:38:02.889420: Step 120: Train accuracy = 72.0%
INFO:tensorflow:2020-01-05 20:38:02.889749: Step 120: Cross entropy = 0.581815
I0105 20:38:02.889773 139731002489728 retrain.py:1084] 2020-01-05 20:38:02.889749: Step 120: Cross entropy = 0.581815
INFO:tensorflow:2020-01-05 20:38:02.976493: Step 120: Validation accuracy = 55.0% (N=100)
I0105 20:38:02.976561 139731002489728 retrain.py:1100] 2020-01-05 20:38:02.976493: Step 120: Validation accuracy = 55.0% (N=100)
INFO:tensorflow:2020-01-05 20:38:03.694340: Step 130: Train accuracy = 65.0%
I0105 20:38:03.694395 139731002489728 retrain.py:1082] 2020-01-05 20:38:03.694340: Step 130: Train accuracy = 65.0%
INFO:tensorflow:2020-01-05 20:38:03.694571: Step 130: Cross entropy = 0.613181
I0105 20:38:03.694588 139731002489728 retrain.py:1084] 2020-01-05 20:38:03.694571: Step 130: Cross entropy = 0.613181
INFO:tensorflow:2020-01-05 20:38:03.774089: Step 130: Validation accuracy = 50.0% (N=100)
I0105 20:38:03.774144 139731002489728 retrain.py:1100] 2020-01-05 20:38:03.774089: Step 130: Validation accuracy = 50.0% (N=100)
INFO:tensorflow:2020-01-05 20:38:04.504708: Step 140: Train accuracy = 64.0%
I0105 20:38:04.504762 139731002489728 retrain.py:1082] 2020-01-05 20:38:04.504708: Step 140: Train accuracy = 64.0%
INFO:tensorflow:2020-01-05 20:38:04.504894: Step 140: Cross entropy = 0.586391
I0105 20:38:04.504913 139731002489728 retrain.py:1084] 2020-01-05 20:38:04.504894: Step 140: Cross entropy = 0.586391
INFO:tensorflow:2020-01-05 20:38:04.581748: Step 140: Validation accuracy = 51.0% (N=100)
I0105 20:38:04.581805 139731002489728 retrain.py:1100] 2020-01-05 20:38:04.581748: Step 140: Validation accuracy = 51.0% (N=100)
INFO:tensorflow:2020-01-05 20:38:05.295590: Step 150: Train accuracy = 72.0%
I0105 20:38:05.295665 139731002489728 retrain.py:1082] 2020-01-05 20:38:05.295590: Step 150: Train accuracy = 72.0%
INFO:tensorflow:2020-01-05 20:38:05.295800: Step 150: Cross entropy = 0.579097
I0105 20:38:05.295818 139731002489728 retrain.py:1084] 2020-01-05 20:38:05.295800: Step 150: Cross entropy = 0.579097
INFO:tensorflow:2020-01-05 20:38:05.374940: Step 150: Validation accuracy = 50.0% (N=100)
I0105 20:38:05.374992 139731002489728 retrain.py:1100] 2020-01-05 20:38:05.374940: Step 150: Validation accuracy = 50.0% (N=100)
INFO:tensorflow:2020-01-05 20:38:06.119816: Step 160: Train accuracy = 71.0%
I0105 20:38:06.119892 139731002489728 retrain.py:1082] 2020-01-05 20:38:06.119816: Step 160: Train accuracy = 71.0%
INFO:tensorflow:2020-01-05 20:38:06.120057: Step 160: Cross entropy = 0.589121
I0105 20:38:06.120080 139731002489728 retrain.py:1084] 2020-01-05 20:38:06.120057: Step 160: Cross entropy = 0.589121
INFO:tensorflow:2020-01-05 20:38:06.206667: Step 160: Validation accuracy = 63.0% (N=100)
I0105 20:38:06.206741 139731002489728 retrain.py:1100] 2020-01-05 20:38:06.206667: Step 160: Validation accuracy = 63.0% (N=100)
INFO:tensorflow:2020-01-05 20:38:06.932771: Step 170: Train accuracy = 73.0%
I0105 20:38:06.932825 139731002489728 retrain.py:1082] 2020-01-05 20:38:06.932771: Step 170: Train accuracy = 73.0%
INFO:tensorflow:2020-01-05 20:38:06.932967: Step 170: Cross entropy = 0.573016
I0105 20:38:06.932994 139731002489728 retrain.py:1084] 2020-01-05 20:38:06.932967: Step 170: Cross entropy = 0.573016
INFO:tensorflow:2020-01-05 20:38:07.014805: Step 170: Validation accuracy = 59.0% (N=100)
I0105 20:38:07.014861 139731002489728 retrain.py:1100] 2020-01-05 20:38:07.014805: Step 170: Validation accuracy = 59.0% (N=100)
INFO:tensorflow:2020-01-05 20:38:07.744214: Step 180: Train accuracy = 70.0%
I0105 20:38:07.744270 139731002489728 retrain.py:1082] 2020-01-05 20:38:07.744214: Step 180: Train accuracy = 70.0%
INFO:tensorflow:2020-01-05 20:38:07.744402: Step 180: Cross entropy = 0.587872
I0105 20:38:07.744423 139731002489728 retrain.py:1084] 2020-01-05 20:38:07.744402: Step 180: Cross entropy = 0.587872
INFO:tensorflow:2020-01-05 20:38:07.833675: Step 180: Validation accuracy = 60.0% (N=100)
I0105 20:38:07.833731 139731002489728 retrain.py:1100] 2020-01-05 20:38:07.833675: Step 180: Validation accuracy = 60.0% (N=100)
INFO:tensorflow:2020-01-05 20:38:08.568247: Step 190: Train accuracy = 71.0%
I0105 20:38:08.568302 139731002489728 retrain.py:1082] 2020-01-05 20:38:08.568247: Step 190: Train accuracy = 71.0%
INFO:tensorflow:2020-01-05 20:38:08.568474: Step 190: Cross entropy = 0.585510
I0105 20:38:08.568505 139731002489728 retrain.py:1084] 2020-01-05 20:38:08.568474: Step 190: Cross entropy = 0.585510
INFO:tensorflow:2020-01-05 20:38:08.647509: Step 190: Validation accuracy = 56.0% (N=100)
I0105 20:38:08.647569 139731002489728 retrain.py:1100] 2020-01-05 20:38:08.647509: Step 190: Validation accuracy = 56.0% (N=100)
INFO:tensorflow:2020-01-05 20:38:09.370110: Step 200: Train accuracy = 79.0%
I0105 20:38:09.370177 139731002489728 retrain.py:1082] 2020-01-05 20:38:09.370110: Step 200: Train accuracy = 79.0%
INFO:tensorflow:2020-01-05 20:38:09.370352: Step 200: Cross entropy = 0.551652
I0105 20:38:09.370426 139731002489728 retrain.py:1084] 2020-01-05 20:38:09.370352: Step 200: Cross entropy = 0.551652
INFO:tensorflow:2020-01-05 20:38:09.448734: Step 200: Validation accuracy = 59.0% (N=100)
I0105 20:38:09.448791 139731002489728 retrain.py:1100] 2020-01-05 20:38:09.448734: Step 200: Validation accuracy = 59.0% (N=100)
INFO:tensorflow:2020-01-05 20:38:10.184742: Step 210: Train accuracy = 79.0%
I0105 20:38:10.184811 139731002489728 retrain.py:1082] 2020-01-05 20:38:10.184742: Step 210: Train accuracy = 79.0%
INFO:tensorflow:2020-01-05 20:38:10.184985: Step 210: Cross entropy = 0.558951
I0105 20:38:10.185093 139731002489728 retrain.py:1084] 2020-01-05 20:38:10.184985: Step 210: Cross entropy = 0.558951
INFO:tensorflow:2020-01-05 20:38:10.273317: Step 210: Validation accuracy = 53.0% (N=100)
I0105 20:38:10.273396 139731002489728 retrain.py:1100] 2020-01-05 20:38:10.273317: Step 210: Validation accuracy = 53.0% (N=100)
INFO:tensorflow:2020-01-05 20:38:11.006362: Step 220: Train accuracy = 78.0%
I0105 20:38:11.006419 139731002489728 retrain.py:1082] 2020-01-05 20:38:11.006362: Step 220: Train accuracy = 78.0%
INFO:tensorflow:2020-01-05 20:38:11.006564: Step 220: Cross entropy = 0.549541
I0105 20:38:11.006584 139731002489728 retrain.py:1084] 2020-01-05 20:38:11.006564: Step 220: Cross entropy = 0.549541
INFO:tensorflow:2020-01-05 20:38:11.086478: Step 220: Validation accuracy = 64.0% (N=100)
I0105 20:38:11.086551 139731002489728 retrain.py:1100] 2020-01-05 20:38:11.086478: Step 220: Validation accuracy = 64.0% (N=100)
INFO:tensorflow:2020-01-05 20:38:11.829659: Step 230: Train accuracy = 81.0%
I0105 20:38:11.829753 139731002489728 retrain.py:1082] 2020-01-05 20:38:11.829659: Step 230: Train accuracy = 81.0%
INFO:tensorflow:2020-01-05 20:38:11.829900: Step 230: Cross entropy = 0.532291
I0105 20:38:11.829921 139731002489728 retrain.py:1084] 2020-01-05 20:38:11.829900: Step 230: Cross entropy = 0.532291
INFO:tensorflow:2020-01-05 20:38:11.907737: Step 230: Validation accuracy = 63.0% (N=100)
I0105 20:38:11.907792 139731002489728 retrain.py:1100] 2020-01-05 20:38:11.907737: Step 230: Validation accuracy = 63.0% (N=100)
INFO:tensorflow:2020-01-05 20:38:12.649580: Step 240: Train accuracy = 79.0%
I0105 20:38:12.649645 139731002489728 retrain.py:1082] 2020-01-05 20:38:12.649580: Step 240: Train accuracy = 79.0%
INFO:tensorflow:2020-01-05 20:38:12.649796: Step 240: Cross entropy = 0.508737
I0105 20:38:12.649815 139731002489728 retrain.py:1084] 2020-01-05 20:38:12.649796: Step 240: Cross entropy = 0.508737
INFO:tensorflow:2020-01-05 20:38:12.732315: Step 240: Validation accuracy = 66.0% (N=100)
I0105 20:38:12.732398 139731002489728 retrain.py:1100] 2020-01-05 20:38:12.732315: Step 240: Validation accuracy = 66.0% (N=100)
INFO:tensorflow:2020-01-05 20:38:13.459771: Step 250: Train accuracy = 79.0%
I0105 20:38:13.459826 139731002489728 retrain.py:1082] 2020-01-05 20:38:13.459771: Step 250: Train accuracy = 79.0%
INFO:tensorflow:2020-01-05 20:38:13.459988: Step 250: Cross entropy = 0.567452
I0105 20:38:13.460022 139731002489728 retrain.py:1084] 2020-01-05 20:38:13.459988: Step 250: Cross entropy = 0.567452
INFO:tensorflow:2020-01-05 20:38:13.538422: Step 250: Validation accuracy = 53.0% (N=100)
I0105 20:38:13.538500 139731002489728 retrain.py:1100] 2020-01-05 20:38:13.538422: Step 250: Validation accuracy = 53.0% (N=100)
INFO:tensorflow:2020-01-05 20:38:14.329926: Step 260: Train accuracy = 74.0%
I0105 20:38:14.329980 139731002489728 retrain.py:1082] 2020-01-05 20:38:14.329926: Step 260: Train accuracy = 74.0%
INFO:tensorflow:2020-01-05 20:38:14.330145: Step 260: Cross entropy = 0.545523
I0105 20:38:14.330164 139731002489728 retrain.py:1084] 2020-01-05 20:38:14.330145: Step 260: Cross entropy = 0.545523
INFO:tensorflow:2020-01-05 20:38:14.410138: Step 260: Validation accuracy = 52.0% (N=100)
I0105 20:38:14.410193 139731002489728 retrain.py:1100] 2020-01-05 20:38:14.410138: Step 260: Validation accuracy = 52.0% (N=100)
INFO:tensorflow:2020-01-05 20:38:15.130375: Step 270: Train accuracy = 76.0%
I0105 20:38:15.130441 139731002489728 retrain.py:1082] 2020-01-05 20:38:15.130375: Step 270: Train accuracy = 76.0%
INFO:tensorflow:2020-01-05 20:38:15.130574: Step 270: Cross entropy = 0.523548
I0105 20:38:15.130591 139731002489728 retrain.py:1084] 2020-01-05 20:38:15.130574: Step 270: Cross entropy = 0.523548
INFO:tensorflow:2020-01-05 20:38:15.219736: Step 270: Validation accuracy = 51.0% (N=100)
I0105 20:38:15.219816 139731002489728 retrain.py:1100] 2020-01-05 20:38:15.219736: Step 270: Validation accuracy = 51.0% (N=100)
INFO:tensorflow:2020-01-05 20:38:15.950201: Step 280: Train accuracy = 82.0%
I0105 20:38:15.950255 139731002489728 retrain.py:1082] 2020-01-05 20:38:15.950201: Step 280: Train accuracy = 82.0%
INFO:tensorflow:2020-01-05 20:38:15.950405: Step 280: Cross entropy = 0.546946
I0105 20:38:15.950422 139731002489728 retrain.py:1084] 2020-01-05 20:38:15.950405: Step 280: Cross entropy = 0.546946
INFO:tensorflow:2020-01-05 20:38:16.028615: Step 280: Validation accuracy = 58.0% (N=100)
I0105 20:38:16.028671 139731002489728 retrain.py:1100] 2020-01-05 20:38:16.028615: Step 280: Validation accuracy = 58.0% (N=100)
INFO:tensorflow:2020-01-05 20:38:16.752265: Step 290: Train accuracy = 87.0%
I0105 20:38:16.752344 139731002489728 retrain.py:1082] 2020-01-05 20:38:16.752265: Step 290: Train accuracy = 87.0%
INFO:tensorflow:2020-01-05 20:38:16.752489: Step 290: Cross entropy = 0.487129
I0105 20:38:16.752509 139731002489728 retrain.py:1084] 2020-01-05 20:38:16.752489: Step 290: Cross entropy = 0.487129
INFO:tensorflow:2020-01-05 20:38:16.833001: Step 290: Validation accuracy = 64.0% (N=100)
I0105 20:38:16.833057 139731002489728 retrain.py:1100] 2020-01-05 20:38:16.833001: Step 290: Validation accuracy = 64.0% (N=100)
INFO:tensorflow:2020-01-05 20:38:17.553924: Step 300: Train accuracy = 86.0%
I0105 20:38:17.553978 139731002489728 retrain.py:1082] 2020-01-05 20:38:17.553924: Step 300: Train accuracy = 86.0%
INFO:tensorflow:2020-01-05 20:38:17.554132: Step 300: Cross entropy = 0.507893
I0105 20:38:17.554172 139731002489728 retrain.py:1084] 2020-01-05 20:38:17.554132: Step 300: Cross entropy = 0.507893
INFO:tensorflow:2020-01-05 20:38:17.637106: Step 300: Validation accuracy = 65.0% (N=100)
I0105 20:38:17.637184 139731002489728 retrain.py:1100] 2020-01-05 20:38:17.637106: Step 300: Validation accuracy = 65.0% (N=100)
INFO:tensorflow:2020-01-05 20:38:18.360181: Step 310: Train accuracy = 83.0%
I0105 20:38:18.360258 139731002489728 retrain.py:1082] 2020-01-05 20:38:18.360181: Step 310: Train accuracy = 83.0%
INFO:tensorflow:2020-01-05 20:38:18.360402: Step 310: Cross entropy = 0.507640
I0105 20:38:18.360421 139731002489728 retrain.py:1084] 2020-01-05 20:38:18.360402: Step 310: Cross entropy = 0.507640
INFO:tensorflow:2020-01-05 20:38:18.436858: Step 310: Validation accuracy = 58.0% (N=100)
I0105 20:38:18.436914 139731002489728 retrain.py:1100] 2020-01-05 20:38:18.436858: Step 310: Validation accuracy = 58.0% (N=100)
INFO:tensorflow:2020-01-05 20:38:19.173632: Step 320: Train accuracy = 84.0%
I0105 20:38:19.173686 139731002489728 retrain.py:1082] 2020-01-05 20:38:19.173632: Step 320: Train accuracy = 84.0%
INFO:tensorflow:2020-01-05 20:38:19.173838: Step 320: Cross entropy = 0.507929
I0105 20:38:19.173874 139731002489728 retrain.py:1084] 2020-01-05 20:38:19.173838: Step 320: Cross entropy = 0.507929
INFO:tensorflow:2020-01-05 20:38:19.252284: Step 320: Validation accuracy = 57.0% (N=100)
I0105 20:38:19.252340 139731002489728 retrain.py:1100] 2020-01-05 20:38:19.252284: Step 320: Validation accuracy = 57.0% (N=100)
INFO:tensorflow:2020-01-05 20:38:19.988433: Step 330: Train accuracy = 79.0%
I0105 20:38:19.988487 139731002489728 retrain.py:1082] 2020-01-05 20:38:19.988433: Step 330: Train accuracy = 79.0%
INFO:tensorflow:2020-01-05 20:38:19.988654: Step 330: Cross entropy = 0.513199
I0105 20:38:19.988672 139731002489728 retrain.py:1084] 2020-01-05 20:38:19.988654: Step 330: Cross entropy = 0.513199
INFO:tensorflow:2020-01-05 20:38:20.071427: Step 330: Validation accuracy = 61.0% (N=100)
I0105 20:38:20.071485 139731002489728 retrain.py:1100] 2020-01-05 20:38:20.071427: Step 330: Validation accuracy = 61.0% (N=100)
INFO:tensorflow:2020-01-05 20:38:20.802998: Step 340: Train accuracy = 72.0%
I0105 20:38:20.803051 139731002489728 retrain.py:1082] 2020-01-05 20:38:20.802998: Step 340: Train accuracy = 72.0%
INFO:tensorflow:2020-01-05 20:38:20.803191: Step 340: Cross entropy = 0.499375
I0105 20:38:20.803210 139731002489728 retrain.py:1084] 2020-01-05 20:38:20.803191: Step 340: Cross entropy = 0.499375
INFO:tensorflow:2020-01-05 20:38:20.886981: Step 340: Validation accuracy = 61.0% (N=100)
I0105 20:38:20.887036 139731002489728 retrain.py:1100] 2020-01-05 20:38:20.886981: Step 340: Validation accuracy = 61.0% (N=100)
INFO:tensorflow:2020-01-05 20:38:21.623896: Step 350: Train accuracy = 81.0%
I0105 20:38:21.623988 139731002489728 retrain.py:1082] 2020-01-05 20:38:21.623896: Step 350: Train accuracy = 81.0%
INFO:tensorflow:2020-01-05 20:38:21.624133: Step 350: Cross entropy = 0.517426
I0105 20:38:21.624151 139731002489728 retrain.py:1084] 2020-01-05 20:38:21.624133: Step 350: Cross entropy = 0.517426
INFO:tensorflow:2020-01-05 20:38:21.702535: Step 350: Validation accuracy = 54.0% (N=100)
I0105 20:38:21.702620 139731002489728 retrain.py:1100] 2020-01-05 20:38:21.702535: Step 350: Validation accuracy = 54.0% (N=100)
INFO:tensorflow:2020-01-05 20:38:22.434308: Step 360: Train accuracy = 82.0%
I0105 20:38:22.434377 139731002489728 retrain.py:1082] 2020-01-05 20:38:22.434308: Step 360: Train accuracy = 82.0%
INFO:tensorflow:2020-01-05 20:38:22.434508: Step 360: Cross entropy = 0.497763
I0105 20:38:22.434550 139731002489728 retrain.py:1084] 2020-01-05 20:38:22.434508: Step 360: Cross entropy = 0.497763
INFO:tensorflow:2020-01-05 20:38:22.513006: Step 360: Validation accuracy = 61.0% (N=100)
I0105 20:38:22.513062 139731002489728 retrain.py:1100] 2020-01-05 20:38:22.513006: Step 360: Validation accuracy = 61.0% (N=100)
INFO:tensorflow:2020-01-05 20:38:23.247253: Step 370: Train accuracy = 82.0%
I0105 20:38:23.247330 139731002489728 retrain.py:1082] 2020-01-05 20:38:23.247253: Step 370: Train accuracy = 82.0%
INFO:tensorflow:2020-01-05 20:38:23.247467: Step 370: Cross entropy = 0.494403
I0105 20:38:23.247485 139731002489728 retrain.py:1084] 2020-01-05 20:38:23.247467: Step 370: Cross entropy = 0.494403
INFO:tensorflow:2020-01-05 20:38:23.327488: Step 370: Validation accuracy = 61.0% (N=100)
I0105 20:38:23.327545 139731002489728 retrain.py:1100] 2020-01-05 20:38:23.327488: Step 370: Validation accuracy = 61.0% (N=100)
INFO:tensorflow:2020-01-05 20:38:24.057536: Step 380: Train accuracy = 85.0%
I0105 20:38:24.057590 139731002489728 retrain.py:1082] 2020-01-05 20:38:24.057536: Step 380: Train accuracy = 85.0%
INFO:tensorflow:2020-01-05 20:38:24.057774: Step 380: Cross entropy = 0.512043
I0105 20:38:24.057795 139731002489728 retrain.py:1084] 2020-01-05 20:38:24.057774: Step 380: Cross entropy = 0.512043
INFO:tensorflow:2020-01-05 20:38:24.139591: Step 380: Validation accuracy = 58.0% (N=100)
I0105 20:38:24.139648 139731002489728 retrain.py:1100] 2020-01-05 20:38:24.139591: Step 380: Validation accuracy = 58.0% (N=100)
INFO:tensorflow:2020-01-05 20:38:24.871855: Step 390: Train accuracy = 85.0%
I0105 20:38:24.871922 139731002489728 retrain.py:1082] 2020-01-05 20:38:24.871855: Step 390: Train accuracy = 85.0%
INFO:tensorflow:2020-01-05 20:38:24.872065: Step 390: Cross entropy = 0.489719
I0105 20:38:24.872083 139731002489728 retrain.py:1084] 2020-01-05 20:38:24.872065: Step 390: Cross entropy = 0.489719
INFO:tensorflow:2020-01-05 20:38:24.952667: Step 390: Validation accuracy = 55.0% (N=100)
I0105 20:38:24.952723 139731002489728 retrain.py:1100] 2020-01-05 20:38:24.952667: Step 390: Validation accuracy = 55.0% (N=100)
INFO:tensorflow:2020-01-05 20:38:25.680728: Step 400: Train accuracy = 85.0%
I0105 20:38:25.680804 139731002489728 retrain.py:1082] 2020-01-05 20:38:25.680728: Step 400: Train accuracy = 85.0%
INFO:tensorflow:2020-01-05 20:38:25.680957: Step 400: Cross entropy = 0.479107
I0105 20:38:25.680979 139731002489728 retrain.py:1084] 2020-01-05 20:38:25.680957: Step 400: Cross entropy = 0.479107
INFO:tensorflow:2020-01-05 20:38:25.769351: Step 400: Validation accuracy = 65.0% (N=100)
I0105 20:38:25.769407 139731002489728 retrain.py:1100] 2020-01-05 20:38:25.769351: Step 400: Validation accuracy = 65.0% (N=100)
INFO:tensorflow:2020-01-05 20:38:26.505401: Step 410: Train accuracy = 87.0%
I0105 20:38:26.505454 139731002489728 retrain.py:1082] 2020-01-05 20:38:26.505401: Step 410: Train accuracy = 87.0%
INFO:tensorflow:2020-01-05 20:38:26.505624: Step 410: Cross entropy = 0.494300
I0105 20:38:26.505640 139731002489728 retrain.py:1084] 2020-01-05 20:38:26.505624: Step 410: Cross entropy = 0.494300
INFO:tensorflow:2020-01-05 20:38:26.582997: Step 410: Validation accuracy = 51.0% (N=100)
I0105 20:38:26.583053 139731002489728 retrain.py:1100] 2020-01-05 20:38:26.582997: Step 410: Validation accuracy = 51.0% (N=100)
INFO:tensorflow:2020-01-05 20:38:27.305516: Step 420: Train accuracy = 85.0%
I0105 20:38:27.305591 139731002489728 retrain.py:1082] 2020-01-05 20:38:27.305516: Step 420: Train accuracy = 85.0%
INFO:tensorflow:2020-01-05 20:38:27.305754: Step 420: Cross entropy = 0.501544
I0105 20:38:27.305775 139731002489728 retrain.py:1084] 2020-01-05 20:38:27.305754: Step 420: Cross entropy = 0.501544
INFO:tensorflow:2020-01-05 20:38:27.393868: Step 420: Validation accuracy = 65.0% (N=100)
I0105 20:38:27.393926 139731002489728 retrain.py:1100] 2020-01-05 20:38:27.393868: Step 420: Validation accuracy = 65.0% (N=100)
INFO:tensorflow:2020-01-05 20:38:28.133124: Step 430: Train accuracy = 81.0%
I0105 20:38:28.133187 139731002489728 retrain.py:1082] 2020-01-05 20:38:28.133124: Step 430: Train accuracy = 81.0%
INFO:tensorflow:2020-01-05 20:38:28.133318: Step 430: Cross entropy = 0.527985
I0105 20:38:28.133337 139731002489728 retrain.py:1084] 2020-01-05 20:38:28.133318: Step 430: Cross entropy = 0.527985
INFO:tensorflow:2020-01-05 20:38:28.211830: Step 430: Validation accuracy = 64.0% (N=100)
I0105 20:38:28.211888 139731002489728 retrain.py:1100] 2020-01-05 20:38:28.211830: Step 430: Validation accuracy = 64.0% (N=100)
INFO:tensorflow:2020-01-05 20:38:28.926988: Step 440: Train accuracy = 89.0%
I0105 20:38:28.927042 139731002489728 retrain.py:1082] 2020-01-05 20:38:28.926988: Step 440: Train accuracy = 89.0%
INFO:tensorflow:2020-01-05 20:38:28.927173: Step 440: Cross entropy = 0.476193
I0105 20:38:28.927193 139731002489728 retrain.py:1084] 2020-01-05 20:38:28.927173: Step 440: Cross entropy = 0.476193
INFO:tensorflow:2020-01-05 20:38:29.006790: Step 440: Validation accuracy = 48.0% (N=100)
I0105 20:38:29.006845 139731002489728 retrain.py:1100] 2020-01-05 20:38:29.006790: Step 440: Validation accuracy = 48.0% (N=100)
INFO:tensorflow:2020-01-05 20:38:29.743423: Step 450: Train accuracy = 83.0%
I0105 20:38:29.743490 139731002489728 retrain.py:1082] 2020-01-05 20:38:29.743423: Step 450: Train accuracy = 83.0%
INFO:tensorflow:2020-01-05 20:38:29.743643: Step 450: Cross entropy = 0.474570
I0105 20:38:29.743662 139731002489728 retrain.py:1084] 2020-01-05 20:38:29.743643: Step 450: Cross entropy = 0.474570
INFO:tensorflow:2020-01-05 20:38:29.824027: Step 450: Validation accuracy = 61.0% (N=100)
I0105 20:38:29.824095 139731002489728 retrain.py:1100] 2020-01-05 20:38:29.824027: Step 450: Validation accuracy = 61.0% (N=100)
INFO:tensorflow:2020-01-05 20:38:30.552176: Step 460: Train accuracy = 88.0%
I0105 20:38:30.552232 139731002489728 retrain.py:1082] 2020-01-05 20:38:30.552176: Step 460: Train accuracy = 88.0%
INFO:tensorflow:2020-01-05 20:38:30.552361: Step 460: Cross entropy = 0.464886
I0105 20:38:30.552381 139731002489728 retrain.py:1084] 2020-01-05 20:38:30.552361: Step 460: Cross entropy = 0.464886
INFO:tensorflow:2020-01-05 20:38:30.633643: Step 460: Validation accuracy = 56.0% (N=100)
I0105 20:38:30.633700 139731002489728 retrain.py:1100] 2020-01-05 20:38:30.633643: Step 460: Validation accuracy = 56.0% (N=100)
INFO:tensorflow:2020-01-05 20:38:31.369186: Step 470: Train accuracy = 84.0%
I0105 20:38:31.369241 139731002489728 retrain.py:1082] 2020-01-05 20:38:31.369186: Step 470: Train accuracy = 84.0%
INFO:tensorflow:2020-01-05 20:38:31.369421: Step 470: Cross entropy = 0.472823
I0105 20:38:31.369441 139731002489728 retrain.py:1084] 2020-01-05 20:38:31.369421: Step 470: Cross entropy = 0.472823
INFO:tensorflow:2020-01-05 20:38:31.451504: Step 470: Validation accuracy = 56.0% (N=100)
I0105 20:38:31.451562 139731002489728 retrain.py:1100] 2020-01-05 20:38:31.451504: Step 470: Validation accuracy = 56.0% (N=100)
INFO:tensorflow:2020-01-05 20:38:32.191215: Step 480: Train accuracy = 86.0%
I0105 20:38:32.191271 139731002489728 retrain.py:1082] 2020-01-05 20:38:32.191215: Step 480: Train accuracy = 86.0%
INFO:tensorflow:2020-01-05 20:38:32.191406: Step 480: Cross entropy = 0.477116
I0105 20:38:32.191425 139731002489728 retrain.py:1084] 2020-01-05 20:38:32.191406: Step 480: Cross entropy = 0.477116
INFO:tensorflow:2020-01-05 20:38:32.269733: Step 480: Validation accuracy = 62.0% (N=100)
I0105 20:38:32.269804 139731002489728 retrain.py:1100] 2020-01-05 20:38:32.269733: Step 480: Validation accuracy = 62.0% (N=100)
INFO:tensorflow:2020-01-05 20:38:33.010125: Step 490: Train accuracy = 86.0%
I0105 20:38:33.010177 139731002489728 retrain.py:1082] 2020-01-05 20:38:33.010125: Step 490: Train accuracy = 86.0%
INFO:tensorflow:2020-01-05 20:38:33.010340: Step 490: Cross entropy = 0.481039
I0105 20:38:33.010372 139731002489728 retrain.py:1084] 2020-01-05 20:38:33.010340: Step 490: Cross entropy = 0.481039
INFO:tensorflow:2020-01-05 20:38:33.093068: Step 490: Validation accuracy = 51.0% (N=100)
I0105 20:38:33.093125 139731002489728 retrain.py:1100] 2020-01-05 20:38:33.093068: Step 490: Validation accuracy = 51.0% (N=100)
INFO:tensorflow:2020-01-05 20:38:33.816875: Step 500: Train accuracy = 84.0%
I0105 20:38:33.816951 139731002489728 retrain.py:1082] 2020-01-05 20:38:33.816875: Step 500: Train accuracy = 84.0%
INFO:tensorflow:2020-01-05 20:38:33.817112: Step 500: Cross entropy = 0.443306
I0105 20:38:33.817131 139731002489728 retrain.py:1084] 2020-01-05 20:38:33.817112: Step 500: Cross entropy = 0.443306
INFO:tensorflow:2020-01-05 20:38:33.902604: Step 500: Validation accuracy = 55.0% (N=100)
I0105 20:38:33.902658 139731002489728 retrain.py:1100] 2020-01-05 20:38:33.902604: Step 500: Validation accuracy = 55.0% (N=100)
INFO:tensorflow:2020-01-05 20:38:34.632620: Step 510: Train accuracy = 90.0%
I0105 20:38:34.632685 139731002489728 retrain.py:1082] 2020-01-05 20:38:34.632620: Step 510: Train accuracy = 90.0%
INFO:tensorflow:2020-01-05 20:38:34.632823: Step 510: Cross entropy = 0.454551
I0105 20:38:34.632843 139731002489728 retrain.py:1084] 2020-01-05 20:38:34.632823: Step 510: Cross entropy = 0.454551
INFO:tensorflow:2020-01-05 20:38:34.711784: Step 510: Validation accuracy = 59.0% (N=100)
I0105 20:38:34.711839 139731002489728 retrain.py:1100] 2020-01-05 20:38:34.711784: Step 510: Validation accuracy = 59.0% (N=100)
INFO:tensorflow:2020-01-05 20:38:35.450579: Step 520: Train accuracy = 83.0%
I0105 20:38:35.450633 139731002489728 retrain.py:1082] 2020-01-05 20:38:35.450579: Step 520: Train accuracy = 83.0%
INFO:tensorflow:2020-01-05 20:38:35.450792: Step 520: Cross entropy = 0.481939
I0105 20:38:35.450807 139731002489728 retrain.py:1084] 2020-01-05 20:38:35.450792: Step 520: Cross entropy = 0.481939
INFO:tensorflow:2020-01-05 20:38:35.529448: Step 520: Validation accuracy = 56.0% (N=100)
I0105 20:38:35.529504 139731002489728 retrain.py:1100] 2020-01-05 20:38:35.529448: Step 520: Validation accuracy = 56.0% (N=100)
INFO:tensorflow:2020-01-05 20:38:36.279104: Step 530: Train accuracy = 91.0%
I0105 20:38:36.279157 139731002489728 retrain.py:1082] 2020-01-05 20:38:36.279104: Step 530: Train accuracy = 91.0%
INFO:tensorflow:2020-01-05 20:38:36.279310: Step 530: Cross entropy = 0.444985
I0105 20:38:36.279329 139731002489728 retrain.py:1084] 2020-01-05 20:38:36.279310: Step 530: Cross entropy = 0.444985
INFO:tensorflow:2020-01-05 20:38:36.360185: Step 530: Validation accuracy = 60.0% (N=100)
I0105 20:38:36.360244 139731002489728 retrain.py:1100] 2020-01-05 20:38:36.360185: Step 530: Validation accuracy = 60.0% (N=100)
INFO:tensorflow:2020-01-05 20:38:37.098116: Step 540: Train accuracy = 86.0%
I0105 20:38:37.098173 139731002489728 retrain.py:1082] 2020-01-05 20:38:37.098116: Step 540: Train accuracy = 86.0%
INFO:tensorflow:2020-01-05 20:38:37.098321: Step 540: Cross entropy = 0.471471
I0105 20:38:37.098340 139731002489728 retrain.py:1084] 2020-01-05 20:38:37.098321: Step 540: Cross entropy = 0.471471
INFO:tensorflow:2020-01-05 20:38:37.187289: Step 540: Validation accuracy = 66.0% (N=100)
I0105 20:38:37.187344 139731002489728 retrain.py:1100] 2020-01-05 20:38:37.187289: Step 540: Validation accuracy = 66.0% (N=100)
INFO:tensorflow:2020-01-05 20:38:37.909326: Step 550: Train accuracy = 87.0%
I0105 20:38:37.909380 139731002489728 retrain.py:1082] 2020-01-05 20:38:37.909326: Step 550: Train accuracy = 87.0%
INFO:tensorflow:2020-01-05 20:38:37.909526: Step 550: Cross entropy = 0.428664
I0105 20:38:37.909569 139731002489728 retrain.py:1084] 2020-01-05 20:38:37.909526: Step 550: Cross entropy = 0.428664
INFO:tensorflow:2020-01-05 20:38:37.999508: Step 550: Validation accuracy = 60.0% (N=100)
I0105 20:38:37.999600 139731002489728 retrain.py:1100] 2020-01-05 20:38:37.999508: Step 550: Validation accuracy = 60.0% (N=100)
INFO:tensorflow:2020-01-05 20:38:38.726201: Step 560: Train accuracy = 90.0%
I0105 20:38:38.726255 139731002489728 retrain.py:1082] 2020-01-05 20:38:38.726201: Step 560: Train accuracy = 90.0%
INFO:tensorflow:2020-01-05 20:38:38.726419: Step 560: Cross entropy = 0.443456
I0105 20:38:38.726546 139731002489728 retrain.py:1084] 2020-01-05 20:38:38.726419: Step 560: Cross entropy = 0.443456
INFO:tensorflow:2020-01-05 20:38:38.814440: Step 560: Validation accuracy = 58.0% (N=100)
I0105 20:38:38.814496 139731002489728 retrain.py:1100] 2020-01-05 20:38:38.814440: Step 560: Validation accuracy = 58.0% (N=100)
INFO:tensorflow:2020-01-05 20:38:39.547834: Step 570: Train accuracy = 87.0%
I0105 20:38:39.547890 139731002489728 retrain.py:1082] 2020-01-05 20:38:39.547834: Step 570: Train accuracy = 87.0%
INFO:tensorflow:2020-01-05 20:38:39.548032: Step 570: Cross entropy = 0.438356
I0105 20:38:39.548050 139731002489728 retrain.py:1084] 2020-01-05 20:38:39.548032: Step 570: Cross entropy = 0.438356
INFO:tensorflow:2020-01-05 20:38:39.628288: Step 570: Validation accuracy = 61.0% (N=100)
I0105 20:38:39.628368 139731002489728 retrain.py:1100] 2020-01-05 20:38:39.628288: Step 570: Validation accuracy = 61.0% (N=100)
INFO:tensorflow:2020-01-05 20:38:40.372143: Step 580: Train accuracy = 90.0%
I0105 20:38:40.372197 139731002489728 retrain.py:1082] 2020-01-05 20:38:40.372143: Step 580: Train accuracy = 90.0%
INFO:tensorflow:2020-01-05 20:38:40.372329: Step 580: Cross entropy = 0.425666
I0105 20:38:40.372348 139731002489728 retrain.py:1084] 2020-01-05 20:38:40.372329: Step 580: Cross entropy = 0.425666
INFO:tensorflow:2020-01-05 20:38:40.453389: Step 580: Validation accuracy = 56.0% (N=100)
I0105 20:38:40.453446 139731002489728 retrain.py:1100] 2020-01-05 20:38:40.453389: Step 580: Validation accuracy = 56.0% (N=100)
INFO:tensorflow:2020-01-05 20:38:41.182066: Step 590: Train accuracy = 87.0%
I0105 20:38:41.182121 139731002489728 retrain.py:1082] 2020-01-05 20:38:41.182066: Step 590: Train accuracy = 87.0%
INFO:tensorflow:2020-01-05 20:38:41.182270: Step 590: Cross entropy = 0.456244
I0105 20:38:41.182307 139731002489728 retrain.py:1084] 2020-01-05 20:38:41.182270: Step 590: Cross entropy = 0.456244
INFO:tensorflow:2020-01-05 20:38:41.263174: Step 590: Validation accuracy = 47.0% (N=100)
I0105 20:38:41.263230 139731002489728 retrain.py:1100] 2020-01-05 20:38:41.263174: Step 590: Validation accuracy = 47.0% (N=100)
INFO:tensorflow:2020-01-05 20:38:41.992859: Step 600: Train accuracy = 89.0%
I0105 20:38:41.992913 139731002489728 retrain.py:1082] 2020-01-05 20:38:41.992859: Step 600: Train accuracy = 89.0%
INFO:tensorflow:2020-01-05 20:38:41.993049: Step 600: Cross entropy = 0.452252
I0105 20:38:41.993071 139731002489728 retrain.py:1084] 2020-01-05 20:38:41.993049: Step 600: Cross entropy = 0.452252
INFO:tensorflow:2020-01-05 20:38:42.072163: Step 600: Validation accuracy = 58.0% (N=100)
I0105 20:38:42.072216 139731002489728 retrain.py:1100] 2020-01-05 20:38:42.072163: Step 600: Validation accuracy = 58.0% (N=100)
INFO:tensorflow:2020-01-05 20:38:42.805149: Step 610: Train accuracy = 85.0%
I0105 20:38:42.805226 139731002489728 retrain.py:1082] 2020-01-05 20:38:42.805149: Step 610: Train accuracy = 85.0%
INFO:tensorflow:2020-01-05 20:38:42.805393: Step 610: Cross entropy = 0.438591
I0105 20:38:42.805418 139731002489728 retrain.py:1084] 2020-01-05 20:38:42.805393: Step 610: Cross entropy = 0.438591
INFO:tensorflow:2020-01-05 20:38:42.896159: Step 610: Validation accuracy = 52.0% (N=100)
I0105 20:38:42.896216 139731002489728 retrain.py:1100] 2020-01-05 20:38:42.896159: Step 610: Validation accuracy = 52.0% (N=100)
INFO:tensorflow:2020-01-05 20:38:43.635984: Step 620: Train accuracy = 88.0%
I0105 20:38:43.636038 139731002489728 retrain.py:1082] 2020-01-05 20:38:43.635984: Step 620: Train accuracy = 88.0%
INFO:tensorflow:2020-01-05 20:38:43.636180: Step 620: Cross entropy = 0.434117
I0105 20:38:43.636201 139731002489728 retrain.py:1084] 2020-01-05 20:38:43.636180: Step 620: Cross entropy = 0.434117
INFO:tensorflow:2020-01-05 20:38:43.715724: Step 620: Validation accuracy = 56.0% (N=100)
I0105 20:38:43.715802 139731002489728 retrain.py:1100] 2020-01-05 20:38:43.715724: Step 620: Validation accuracy = 56.0% (N=100)
INFO:tensorflow:2020-01-05 20:38:44.443613: Step 630: Train accuracy = 92.0%
I0105 20:38:44.443668 139731002489728 retrain.py:1082] 2020-01-05 20:38:44.443613: Step 630: Train accuracy = 92.0%
INFO:tensorflow:2020-01-05 20:38:44.443815: Step 630: Cross entropy = 0.427855
I0105 20:38:44.443832 139731002489728 retrain.py:1084] 2020-01-05 20:38:44.443815: Step 630: Cross entropy = 0.427855
INFO:tensorflow:2020-01-05 20:38:44.523974: Step 630: Validation accuracy = 52.0% (N=100)
I0105 20:38:44.524041 139731002489728 retrain.py:1100] 2020-01-05 20:38:44.523974: Step 630: Validation accuracy = 52.0% (N=100)
INFO:tensorflow:2020-01-05 20:38:45.259169: Step 640: Train accuracy = 93.0%
I0105 20:38:45.259246 139731002489728 retrain.py:1082] 2020-01-05 20:38:45.259169: Step 640: Train accuracy = 93.0%
INFO:tensorflow:2020-01-05 20:38:45.259380: Step 640: Cross entropy = 0.412102
I0105 20:38:45.259410 139731002489728 retrain.py:1084] 2020-01-05 20:38:45.259380: Step 640: Cross entropy = 0.412102
INFO:tensorflow:2020-01-05 20:38:45.341637: Step 640: Validation accuracy = 56.0% (N=100)
I0105 20:38:45.341692 139731002489728 retrain.py:1100] 2020-01-05 20:38:45.341637: Step 640: Validation accuracy = 56.0% (N=100)
INFO:tensorflow:2020-01-05 20:38:46.083986: Step 650: Train accuracy = 96.0%
I0105 20:38:46.084041 139731002489728 retrain.py:1082] 2020-01-05 20:38:46.083986: Step 650: Train accuracy = 96.0%
INFO:tensorflow:2020-01-05 20:38:46.084216: Step 650: Cross entropy = 0.404664
I0105 20:38:46.084232 139731002489728 retrain.py:1084] 2020-01-05 20:38:46.084216: Step 650: Cross entropy = 0.404664
INFO:tensorflow:2020-01-05 20:38:46.176204: Step 650: Validation accuracy = 55.0% (N=100)
I0105 20:38:46.176261 139731002489728 retrain.py:1100] 2020-01-05 20:38:46.176204: Step 650: Validation accuracy = 55.0% (N=100)
INFO:tensorflow:2020-01-05 20:38:46.911498: Step 660: Train accuracy = 87.0%
I0105 20:38:46.911552 139731002489728 retrain.py:1082] 2020-01-05 20:38:46.911498: Step 660: Train accuracy = 87.0%
INFO:tensorflow:2020-01-05 20:38:46.911714: Step 660: Cross entropy = 0.440755
I0105 20:38:46.911735 139731002489728 retrain.py:1084] 2020-01-05 20:38:46.911714: Step 660: Cross entropy = 0.440755
INFO:tensorflow:2020-01-05 20:38:46.991667: Step 660: Validation accuracy = 61.0% (N=100)
I0105 20:38:46.991721 139731002489728 retrain.py:1100] 2020-01-05 20:38:46.991667: Step 660: Validation accuracy = 61.0% (N=100)
INFO:tensorflow:2020-01-05 20:38:47.720237: Step 670: Train accuracy = 88.0%
I0105 20:38:47.720292 139731002489728 retrain.py:1082] 2020-01-05 20:38:47.720237: Step 670: Train accuracy = 88.0%
INFO:tensorflow:2020-01-05 20:38:47.720447: Step 670: Cross entropy = 0.431993
I0105 20:38:47.720493 139731002489728 retrain.py:1084] 2020-01-05 20:38:47.720447: Step 670: Cross entropy = 0.431993
INFO:tensorflow:2020-01-05 20:38:47.800623: Step 670: Validation accuracy = 61.0% (N=100)
I0105 20:38:47.800714 139731002489728 retrain.py:1100] 2020-01-05 20:38:47.800623: Step 670: Validation accuracy = 61.0% (N=100)
INFO:tensorflow:2020-01-05 20:38:48.551599: Step 680: Train accuracy = 94.0%
I0105 20:38:48.551653 139731002489728 retrain.py:1082] 2020-01-05 20:38:48.551599: Step 680: Train accuracy = 94.0%
INFO:tensorflow:2020-01-05 20:38:48.551794: Step 680: Cross entropy = 0.415086
I0105 20:38:48.551814 139731002489728 retrain.py:1084] 2020-01-05 20:38:48.551794: Step 680: Cross entropy = 0.415086
INFO:tensorflow:2020-01-05 20:38:48.630579: Step 680: Validation accuracy = 52.0% (N=100)
I0105 20:38:48.630637 139731002489728 retrain.py:1100] 2020-01-05 20:38:48.630579: Step 680: Validation accuracy = 52.0% (N=100)
INFO:tensorflow:2020-01-05 20:38:49.365753: Step 690: Train accuracy = 91.0%
I0105 20:38:49.365808 139731002489728 retrain.py:1082] 2020-01-05 20:38:49.365753: Step 690: Train accuracy = 91.0%
INFO:tensorflow:2020-01-05 20:38:49.365977: Step 690: Cross entropy = 0.427077
I0105 20:38:49.366000 139731002489728 retrain.py:1084] 2020-01-05 20:38:49.365977: Step 690: Cross entropy = 0.427077
INFO:tensorflow:2020-01-05 20:38:49.445117: Step 690: Validation accuracy = 57.0% (N=100)
I0105 20:38:49.445185 139731002489728 retrain.py:1100] 2020-01-05 20:38:49.445117: Step 690: Validation accuracy = 57.0% (N=100)
INFO:tensorflow:2020-01-05 20:38:50.200933: Step 700: Train accuracy = 92.0%
I0105 20:38:50.200989 139731002489728 retrain.py:1082] 2020-01-05 20:38:50.200933: Step 700: Train accuracy = 92.0%
INFO:tensorflow:2020-01-05 20:38:50.201166: Step 700: Cross entropy = 0.427665
I0105 20:38:50.201186 139731002489728 retrain.py:1084] 2020-01-05 20:38:50.201166: Step 700: Cross entropy = 0.427665
INFO:tensorflow:2020-01-05 20:38:50.289668: Step 700: Validation accuracy = 50.0% (N=100)
I0105 20:38:50.289724 139731002489728 retrain.py:1100] 2020-01-05 20:38:50.289668: Step 700: Validation accuracy = 50.0% (N=100)
INFO:tensorflow:2020-01-05 20:38:51.021525: Step 710: Train accuracy = 93.0%
I0105 20:38:51.021581 139731002489728 retrain.py:1082] 2020-01-05 20:38:51.021525: Step 710: Train accuracy = 93.0%
INFO:tensorflow:2020-01-05 20:38:51.021749: Step 710: Cross entropy = 0.390463
I0105 20:38:51.021765 139731002489728 retrain.py:1084] 2020-01-05 20:38:51.021749: Step 710: Cross entropy = 0.390463
INFO:tensorflow:2020-01-05 20:38:51.111047: Step 710: Validation accuracy = 59.0% (N=100)
I0105 20:38:51.111101 139731002489728 retrain.py:1100] 2020-01-05 20:38:51.111047: Step 710: Validation accuracy = 59.0% (N=100)
INFO:tensorflow:2020-01-05 20:38:51.843405: Step 720: Train accuracy = 92.0%
I0105 20:38:51.843459 139731002489728 retrain.py:1082] 2020-01-05 20:38:51.843405: Step 720: Train accuracy = 92.0%
INFO:tensorflow:2020-01-05 20:38:51.843639: Step 720: Cross entropy = 0.429922
I0105 20:38:51.843769 139731002489728 retrain.py:1084] 2020-01-05 20:38:51.843639: Step 720: Cross entropy = 0.429922
INFO:tensorflow:2020-01-05 20:38:51.924162: Step 720: Validation accuracy = 50.0% (N=100)
I0105 20:38:51.924218 139731002489728 retrain.py:1100] 2020-01-05 20:38:51.924162: Step 720: Validation accuracy = 50.0% (N=100)
INFO:tensorflow:2020-01-05 20:38:52.660117: Step 730: Train accuracy = 86.0%
I0105 20:38:52.660172 139731002489728 retrain.py:1082] 2020-01-05 20:38:52.660117: Step 730: Train accuracy = 86.0%
INFO:tensorflow:2020-01-05 20:38:52.660357: Step 730: Cross entropy = 0.416299
I0105 20:38:52.660378 139731002489728 retrain.py:1084] 2020-01-05 20:38:52.660357: Step 730: Cross entropy = 0.416299
INFO:tensorflow:2020-01-05 20:38:52.749384: Step 730: Validation accuracy = 59.0% (N=100)
I0105 20:38:52.749441 139731002489728 retrain.py:1100] 2020-01-05 20:38:52.749384: Step 730: Validation accuracy = 59.0% (N=100)
INFO:tensorflow:2020-01-05 20:38:53.484890: Step 740: Train accuracy = 92.0%
I0105 20:38:53.484944 139731002489728 retrain.py:1082] 2020-01-05 20:38:53.484890: Step 740: Train accuracy = 92.0%
INFO:tensorflow:2020-01-05 20:38:53.485111: Step 740: Cross entropy = 0.425894
I0105 20:38:53.485127 139731002489728 retrain.py:1084] 2020-01-05 20:38:53.485111: Step 740: Cross entropy = 0.425894
INFO:tensorflow:2020-01-05 20:38:53.574920: Step 740: Validation accuracy = 59.0% (N=100)
I0105 20:38:53.574977 139731002489728 retrain.py:1100] 2020-01-05 20:38:53.574920: Step 740: Validation accuracy = 59.0% (N=100)
INFO:tensorflow:2020-01-05 20:38:54.301692: Step 750: Train accuracy = 94.0%
I0105 20:38:54.301747 139731002489728 retrain.py:1082] 2020-01-05 20:38:54.301692: Step 750: Train accuracy = 94.0%
INFO:tensorflow:2020-01-05 20:38:54.301916: Step 750: Cross entropy = 0.380105
I0105 20:38:54.301943 139731002489728 retrain.py:1084] 2020-01-05 20:38:54.301916: Step 750: Cross entropy = 0.380105
INFO:tensorflow:2020-01-05 20:38:54.382186: Step 750: Validation accuracy = 55.0% (N=100)
I0105 20:38:54.382257 139731002489728 retrain.py:1100] 2020-01-05 20:38:54.382186: Step 750: Validation accuracy = 55.0% (N=100)
INFO:tensorflow:2020-01-05 20:38:55.112627: Step 760: Train accuracy = 88.0%
I0105 20:38:55.112679 139731002489728 retrain.py:1082] 2020-01-05 20:38:55.112627: Step 760: Train accuracy = 88.0%
INFO:tensorflow:2020-01-05 20:38:55.112833: Step 760: Cross entropy = 0.416552
I0105 20:38:55.112848 139731002489728 retrain.py:1084] 2020-01-05 20:38:55.112833: Step 760: Cross entropy = 0.416552
INFO:tensorflow:2020-01-05 20:38:55.189876: Step 760: Validation accuracy = 61.0% (N=100)
I0105 20:38:55.189933 139731002489728 retrain.py:1100] 2020-01-05 20:38:55.189876: Step 760: Validation accuracy = 61.0% (N=100)
INFO:tensorflow:2020-01-05 20:38:55.936500: Step 770: Train accuracy = 96.0%
I0105 20:38:55.936554 139731002489728 retrain.py:1082] 2020-01-05 20:38:55.936500: Step 770: Train accuracy = 96.0%
INFO:tensorflow:2020-01-05 20:38:55.936685: Step 770: Cross entropy = 0.409678
I0105 20:38:55.936705 139731002489728 retrain.py:1084] 2020-01-05 20:38:55.936685: Step 770: Cross entropy = 0.409678
INFO:tensorflow:2020-01-05 20:38:56.018384: Step 770: Validation accuracy = 46.0% (N=100)
I0105 20:38:56.018464 139731002489728 retrain.py:1100] 2020-01-05 20:38:56.018384: Step 770: Validation accuracy = 46.0% (N=100)
INFO:tensorflow:2020-01-05 20:38:56.765031: Step 780: Train accuracy = 91.0%
I0105 20:38:56.765085 139731002489728 retrain.py:1082] 2020-01-05 20:38:56.765031: Step 780: Train accuracy = 91.0%
INFO:tensorflow:2020-01-05 20:38:56.765226: Step 780: Cross entropy = 0.405435
I0105 20:38:56.765249 139731002489728 retrain.py:1084] 2020-01-05 20:38:56.765226: Step 780: Cross entropy = 0.405435
INFO:tensorflow:2020-01-05 20:38:56.853757: Step 780: Validation accuracy = 60.0% (N=100)
I0105 20:38:56.853811 139731002489728 retrain.py:1100] 2020-01-05 20:38:56.853757: Step 780: Validation accuracy = 60.0% (N=100)
INFO:tensorflow:2020-01-05 20:38:57.582920: Step 790: Train accuracy = 91.0%
I0105 20:38:57.582976 139731002489728 retrain.py:1082] 2020-01-05 20:38:57.582920: Step 790: Train accuracy = 91.0%
INFO:tensorflow:2020-01-05 20:38:57.583130: Step 790: Cross entropy = 0.408439
I0105 20:38:57.583144 139731002489728 retrain.py:1084] 2020-01-05 20:38:57.583130: Step 790: Cross entropy = 0.408439
INFO:tensorflow:2020-01-05 20:38:57.661333: Step 790: Validation accuracy = 58.0% (N=100)
I0105 20:38:57.661413 139731002489728 retrain.py:1100] 2020-01-05 20:38:57.661333: Step 790: Validation accuracy = 58.0% (N=100)
INFO:tensorflow:2020-01-05 20:38:58.394568: Step 800: Train accuracy = 91.0%
I0105 20:38:58.394657 139731002489728 retrain.py:1082] 2020-01-05 20:38:58.394568: Step 800: Train accuracy = 91.0%
INFO:tensorflow:2020-01-05 20:38:58.394802: Step 800: Cross entropy = 0.393496
I0105 20:38:58.394823 139731002489728 retrain.py:1084] 2020-01-05 20:38:58.394802: Step 800: Cross entropy = 0.393496
INFO:tensorflow:2020-01-05 20:38:58.484579: Step 800: Validation accuracy = 48.0% (N=100)
I0105 20:38:58.484635 139731002489728 retrain.py:1100] 2020-01-05 20:38:58.484579: Step 800: Validation accuracy = 48.0% (N=100)
INFO:tensorflow:2020-01-05 20:38:59.220339: Step 810: Train accuracy = 93.0%
I0105 20:38:59.220393 139731002489728 retrain.py:1082] 2020-01-05 20:38:59.220339: Step 810: Train accuracy = 93.0%
INFO:tensorflow:2020-01-05 20:38:59.220562: Step 810: Cross entropy = 0.367553
I0105 20:38:59.220577 139731002489728 retrain.py:1084] 2020-01-05 20:38:59.220562: Step 810: Cross entropy = 0.367553
INFO:tensorflow:2020-01-05 20:38:59.310581: Step 810: Validation accuracy = 61.0% (N=100)
I0105 20:38:59.310662 139731002489728 retrain.py:1100] 2020-01-05 20:38:59.310581: Step 810: Validation accuracy = 61.0% (N=100)
INFO:tensorflow:2020-01-05 20:39:00.048237: Step 820: Train accuracy = 97.0%
I0105 20:39:00.048292 139731002489728 retrain.py:1082] 2020-01-05 20:39:00.048237: Step 820: Train accuracy = 97.0%
INFO:tensorflow:2020-01-05 20:39:00.048460: Step 820: Cross entropy = 0.364096
I0105 20:39:00.048480 139731002489728 retrain.py:1084] 2020-01-05 20:39:00.048460: Step 820: Cross entropy = 0.364096
INFO:tensorflow:2020-01-05 20:39:00.137535: Step 820: Validation accuracy = 58.0% (N=100)
I0105 20:39:00.137593 139731002489728 retrain.py:1100] 2020-01-05 20:39:00.137535: Step 820: Validation accuracy = 58.0% (N=100)
INFO:tensorflow:2020-01-05 20:39:00.887656: Step 830: Train accuracy = 89.0%
I0105 20:39:00.887723 139731002489728 retrain.py:1082] 2020-01-05 20:39:00.887656: Step 830: Train accuracy = 89.0%
INFO:tensorflow:2020-01-05 20:39:00.887872: Step 830: Cross entropy = 0.391353
I0105 20:39:00.887913 139731002489728 retrain.py:1084] 2020-01-05 20:39:00.887872: Step 830: Cross entropy = 0.391353
INFO:tensorflow:2020-01-05 20:39:00.977678: Step 830: Validation accuracy = 58.0% (N=100)
I0105 20:39:00.977734 139731002489728 retrain.py:1100] 2020-01-05 20:39:00.977678: Step 830: Validation accuracy = 58.0% (N=100)
INFO:tensorflow:2020-01-05 20:39:01.719177: Step 840: Train accuracy = 95.0%
I0105 20:39:01.719232 139731002489728 retrain.py:1082] 2020-01-05 20:39:01.719177: Step 840: Train accuracy = 95.0%
INFO:tensorflow:2020-01-05 20:39:01.719384: Step 840: Cross entropy = 0.386993
I0105 20:39:01.719403 139731002489728 retrain.py:1084] 2020-01-05 20:39:01.719384: Step 840: Cross entropy = 0.386993
INFO:tensorflow:2020-01-05 20:39:01.798421: Step 840: Validation accuracy = 55.0% (N=100)
I0105 20:39:01.798478 139731002489728 retrain.py:1100] 2020-01-05 20:39:01.798421: Step 840: Validation accuracy = 55.0% (N=100)
INFO:tensorflow:2020-01-05 20:39:02.547270: Step 850: Train accuracy = 92.0%
I0105 20:39:02.547326 139731002489728 retrain.py:1082] 2020-01-05 20:39:02.547270: Step 850: Train accuracy = 92.0%
INFO:tensorflow:2020-01-05 20:39:02.547645: Step 850: Cross entropy = 0.433025
I0105 20:39:02.547672 139731002489728 retrain.py:1084] 2020-01-05 20:39:02.547645: Step 850: Cross entropy = 0.433025
INFO:tensorflow:2020-01-05 20:39:02.628017: Step 850: Validation accuracy = 44.0% (N=100)
I0105 20:39:02.628087 139731002489728 retrain.py:1100] 2020-01-05 20:39:02.628017: Step 850: Validation accuracy = 44.0% (N=100)
INFO:tensorflow:2020-01-05 20:39:03.358772: Step 860: Train accuracy = 95.0%
I0105 20:39:03.358828 139731002489728 retrain.py:1082] 2020-01-05 20:39:03.358772: Step 860: Train accuracy = 95.0%
INFO:tensorflow:2020-01-05 20:39:03.359006: Step 860: Cross entropy = 0.397578
I0105 20:39:03.359025 139731002489728 retrain.py:1084] 2020-01-05 20:39:03.359006: Step 860: Cross entropy = 0.397578
INFO:tensorflow:2020-01-05 20:39:03.438251: Step 860: Validation accuracy = 57.0% (N=100)
I0105 20:39:03.438308 139731002489728 retrain.py:1100] 2020-01-05 20:39:03.438251: Step 860: Validation accuracy = 57.0% (N=100)
INFO:tensorflow:2020-01-05 20:39:04.180936: Step 870: Train accuracy = 97.0%
I0105 20:39:04.181012 139731002489728 retrain.py:1082] 2020-01-05 20:39:04.180936: Step 870: Train accuracy = 97.0%
INFO:tensorflow:2020-01-05 20:39:04.181147: Step 870: Cross entropy = 0.357695
I0105 20:39:04.181163 139731002489728 retrain.py:1084] 2020-01-05 20:39:04.181147: Step 870: Cross entropy = 0.357695
INFO:tensorflow:2020-01-05 20:39:04.261668: Step 870: Validation accuracy = 59.0% (N=100)
I0105 20:39:04.261726 139731002489728 retrain.py:1100] 2020-01-05 20:39:04.261668: Step 870: Validation accuracy = 59.0% (N=100)
INFO:tensorflow:2020-01-05 20:39:04.991946: Step 880: Train accuracy = 89.0%
I0105 20:39:04.992000 139731002489728 retrain.py:1082] 2020-01-05 20:39:04.991946: Step 880: Train accuracy = 89.0%
INFO:tensorflow:2020-01-05 20:39:04.992165: Step 880: Cross entropy = 0.411527
I0105 20:39:04.992182 139731002489728 retrain.py:1084] 2020-01-05 20:39:04.992165: Step 880: Cross entropy = 0.411527
INFO:tensorflow:2020-01-05 20:39:05.084709: Step 880: Validation accuracy = 58.0% (N=100)
I0105 20:39:05.084789 139731002489728 retrain.py:1100] 2020-01-05 20:39:05.084709: Step 880: Validation accuracy = 58.0% (N=100)
INFO:tensorflow:2020-01-05 20:39:05.828512: Step 890: Train accuracy = 97.0%
I0105 20:39:05.828566 139731002489728 retrain.py:1082] 2020-01-05 20:39:05.828512: Step 890: Train accuracy = 97.0%
INFO:tensorflow:2020-01-05 20:39:05.828756: Step 890: Cross entropy = 0.365303
I0105 20:39:05.828778 139731002489728 retrain.py:1084] 2020-01-05 20:39:05.828756: Step 890: Cross entropy = 0.365303
INFO:tensorflow:2020-01-05 20:39:05.907547: Step 890: Validation accuracy = 55.0% (N=100)
I0105 20:39:05.907604 139731002489728 retrain.py:1100] 2020-01-05 20:39:05.907547: Step 890: Validation accuracy = 55.0% (N=100)
INFO:tensorflow:2020-01-05 20:39:06.644431: Step 900: Train accuracy = 93.0%
I0105 20:39:06.644487 139731002489728 retrain.py:1082] 2020-01-05 20:39:06.644431: Step 900: Train accuracy = 93.0%
INFO:tensorflow:2020-01-05 20:39:06.644640: Step 900: Cross entropy = 0.359158
I0105 20:39:06.644658 139731002489728 retrain.py:1084] 2020-01-05 20:39:06.644640: Step 900: Cross entropy = 0.359158
INFO:tensorflow:2020-01-05 20:39:06.725231: Step 900: Validation accuracy = 43.0% (N=100)
I0105 20:39:06.725287 139731002489728 retrain.py:1100] 2020-01-05 20:39:06.725231: Step 900: Validation accuracy = 43.0% (N=100)
INFO:tensorflow:2020-01-05 20:39:07.471589: Step 910: Train accuracy = 88.0%
I0105 20:39:07.471644 139731002489728 retrain.py:1082] 2020-01-05 20:39:07.471589: Step 910: Train accuracy = 88.0%
INFO:tensorflow:2020-01-05 20:39:07.471805: Step 910: Cross entropy = 0.393002
I0105 20:39:07.471827 139731002489728 retrain.py:1084] 2020-01-05 20:39:07.471805: Step 910: Cross entropy = 0.393002
INFO:tensorflow:2020-01-05 20:39:07.548995: Step 910: Validation accuracy = 52.0% (N=100)
I0105 20:39:07.549083 139731002489728 retrain.py:1100] 2020-01-05 20:39:07.548995: Step 910: Validation accuracy = 52.0% (N=100)
INFO:tensorflow:2020-01-05 20:39:08.284647: Step 920: Train accuracy = 91.0%
I0105 20:39:08.284702 139731002489728 retrain.py:1082] 2020-01-05 20:39:08.284647: Step 920: Train accuracy = 91.0%
INFO:tensorflow:2020-01-05 20:39:08.284854: Step 920: Cross entropy = 0.404598
I0105 20:39:08.284873 139731002489728 retrain.py:1084] 2020-01-05 20:39:08.284854: Step 920: Cross entropy = 0.404598
INFO:tensorflow:2020-01-05 20:39:08.363330: Step 920: Validation accuracy = 57.0% (N=100)
I0105 20:39:08.363424 139731002489728 retrain.py:1100] 2020-01-05 20:39:08.363330: Step 920: Validation accuracy = 57.0% (N=100)
INFO:tensorflow:2020-01-05 20:39:09.106461: Step 930: Train accuracy = 91.0%
I0105 20:39:09.106515 139731002489728 retrain.py:1082] 2020-01-05 20:39:09.106461: Step 930: Train accuracy = 91.0%
INFO:tensorflow:2020-01-05 20:39:09.106676: Step 930: Cross entropy = 0.376030
I0105 20:39:09.106698 139731002489728 retrain.py:1084] 2020-01-05 20:39:09.106676: Step 930: Cross entropy = 0.376030
INFO:tensorflow:2020-01-05 20:39:09.194363: Step 930: Validation accuracy = 52.0% (N=100)
I0105 20:39:09.194445 139731002489728 retrain.py:1100] 2020-01-05 20:39:09.194363: Step 930: Validation accuracy = 52.0% (N=100)
INFO:tensorflow:2020-01-05 20:39:09.945833: Step 940: Train accuracy = 86.0%
I0105 20:39:09.945933 139731002489728 retrain.py:1082] 2020-01-05 20:39:09.945833: Step 940: Train accuracy = 86.0%
INFO:tensorflow:2020-01-05 20:39:09.946065: Step 940: Cross entropy = 0.402741
I0105 20:39:09.946084 139731002489728 retrain.py:1084] 2020-01-05 20:39:09.946065: Step 940: Cross entropy = 0.402741
INFO:tensorflow:2020-01-05 20:39:10.026455: Step 940: Validation accuracy = 53.0% (N=100)
I0105 20:39:10.026525 139731002489728 retrain.py:1100] 2020-01-05 20:39:10.026455: Step 940: Validation accuracy = 53.0% (N=100)
INFO:tensorflow:2020-01-05 20:39:10.770964: Step 950: Train accuracy = 93.0%
I0105 20:39:10.771018 139731002489728 retrain.py:1082] 2020-01-05 20:39:10.770964: Step 950: Train accuracy = 93.0%
INFO:tensorflow:2020-01-05 20:39:10.771150: Step 950: Cross entropy = 0.371815
I0105 20:39:10.771185 139731002489728 retrain.py:1084] 2020-01-05 20:39:10.771150: Step 950: Cross entropy = 0.371815
INFO:tensorflow:2020-01-05 20:39:10.855561: Step 950: Validation accuracy = 44.0% (N=100)
I0105 20:39:10.855616 139731002489728 retrain.py:1100] 2020-01-05 20:39:10.855561: Step 950: Validation accuracy = 44.0% (N=100)
INFO:tensorflow:2020-01-05 20:39:11.595657: Step 960: Train accuracy = 92.0%
I0105 20:39:11.595712 139731002489728 retrain.py:1082] 2020-01-05 20:39:11.595657: Step 960: Train accuracy = 92.0%
INFO:tensorflow:2020-01-05 20:39:11.595872: Step 960: Cross entropy = 0.370726
I0105 20:39:11.595889 139731002489728 retrain.py:1084] 2020-01-05 20:39:11.595872: Step 960: Cross entropy = 0.370726
INFO:tensorflow:2020-01-05 20:39:11.680613: Step 960: Validation accuracy = 53.0% (N=100)
I0105 20:39:11.680690 139731002489728 retrain.py:1100] 2020-01-05 20:39:11.680613: Step 960: Validation accuracy = 53.0% (N=100)
INFO:tensorflow:2020-01-05 20:39:12.412143: Step 970: Train accuracy = 94.0%
I0105 20:39:12.412197 139731002489728 retrain.py:1082] 2020-01-05 20:39:12.412143: Step 970: Train accuracy = 94.0%
INFO:tensorflow:2020-01-05 20:39:12.412349: Step 970: Cross entropy = 0.344422
I0105 20:39:12.412368 139731002489728 retrain.py:1084] 2020-01-05 20:39:12.412349: Step 970: Cross entropy = 0.344422
INFO:tensorflow:2020-01-05 20:39:12.490523: Step 970: Validation accuracy = 54.0% (N=100)
I0105 20:39:12.490601 139731002489728 retrain.py:1100] 2020-01-05 20:39:12.490523: Step 970: Validation accuracy = 54.0% (N=100)
INFO:tensorflow:2020-01-05 20:39:13.229830: Step 980: Train accuracy = 93.0%
I0105 20:39:13.229933 139731002489728 retrain.py:1082] 2020-01-05 20:39:13.229830: Step 980: Train accuracy = 93.0%
INFO:tensorflow:2020-01-05 20:39:13.230079: Step 980: Cross entropy = 0.348656
I0105 20:39:13.230094 139731002489728 retrain.py:1084] 2020-01-05 20:39:13.230079: Step 980: Cross entropy = 0.348656
INFO:tensorflow:2020-01-05 20:39:13.318537: Step 980: Validation accuracy = 47.0% (N=100)
I0105 20:39:13.318614 139731002489728 retrain.py:1100] 2020-01-05 20:39:13.318537: Step 980: Validation accuracy = 47.0% (N=100)
INFO:tensorflow:2020-01-05 20:39:14.050824: Step 990: Train accuracy = 92.0%
I0105 20:39:14.050879 139731002489728 retrain.py:1082] 2020-01-05 20:39:14.050824: Step 990: Train accuracy = 92.0%
INFO:tensorflow:2020-01-05 20:39:14.051048: Step 990: Cross entropy = 0.378199
I0105 20:39:14.051071 139731002489728 retrain.py:1084] 2020-01-05 20:39:14.051048: Step 990: Cross entropy = 0.378199
INFO:tensorflow:2020-01-05 20:39:14.140168: Step 990: Validation accuracy = 54.0% (N=100)
I0105 20:39:14.140223 139731002489728 retrain.py:1100] 2020-01-05 20:39:14.140168: Step 990: Validation accuracy = 54.0% (N=100)
INFO:tensorflow:2020-01-05 20:39:14.885927: Step 1000: Train accuracy = 88.0%
I0105 20:39:14.885993 139731002489728 retrain.py:1082] 2020-01-05 20:39:14.885927: Step 1000: Train accuracy = 88.0%
INFO:tensorflow:2020-01-05 20:39:14.886169: Step 1000: Cross entropy = 0.376380
I0105 20:39:14.886192 139731002489728 retrain.py:1084] 2020-01-05 20:39:14.886169: Step 1000: Cross entropy = 0.376380
INFO:tensorflow:2020-01-05 20:39:14.964749: Step 1000: Validation accuracy = 55.0% (N=100)
I0105 20:39:14.964816 139731002489728 retrain.py:1100] 2020-01-05 20:39:14.964749: Step 1000: Validation accuracy = 55.0% (N=100)
INFO:tensorflow:2020-01-05 20:39:15.702322: Step 1010: Train accuracy = 87.0%
I0105 20:39:15.702400 139731002489728 retrain.py:1082] 2020-01-05 20:39:15.702322: Step 1010: Train accuracy = 87.0%
INFO:tensorflow:2020-01-05 20:39:15.702545: Step 1010: Cross entropy = 0.372684
I0105 20:39:15.702559 139731002489728 retrain.py:1084] 2020-01-05 20:39:15.702545: Step 1010: Cross entropy = 0.372684
INFO:tensorflow:2020-01-05 20:39:15.792115: Step 1010: Validation accuracy = 53.0% (N=100)
I0105 20:39:15.792172 139731002489728 retrain.py:1100] 2020-01-05 20:39:15.792115: Step 1010: Validation accuracy = 53.0% (N=100)
INFO:tensorflow:2020-01-05 20:39:16.540049: Step 1020: Train accuracy = 96.0%
I0105 20:39:16.540103 139731002489728 retrain.py:1082] 2020-01-05 20:39:16.540049: Step 1020: Train accuracy = 96.0%
INFO:tensorflow:2020-01-05 20:39:16.540257: Step 1020: Cross entropy = 0.365932
I0105 20:39:16.540275 139731002489728 retrain.py:1084] 2020-01-05 20:39:16.540257: Step 1020: Cross entropy = 0.365932
INFO:tensorflow:2020-01-05 20:39:16.618755: Step 1020: Validation accuracy = 50.0% (N=100)
I0105 20:39:16.618810 139731002489728 retrain.py:1100] 2020-01-05 20:39:16.618755: Step 1020: Validation accuracy = 50.0% (N=100)
INFO:tensorflow:2020-01-05 20:39:17.358233: Step 1030: Train accuracy = 94.0%
I0105 20:39:17.358301 139731002489728 retrain.py:1082] 2020-01-05 20:39:17.358233: Step 1030: Train accuracy = 94.0%
INFO:tensorflow:2020-01-05 20:39:17.358456: Step 1030: Cross entropy = 0.334139
I0105 20:39:17.358474 139731002489728 retrain.py:1084] 2020-01-05 20:39:17.358456: Step 1030: Cross entropy = 0.334139
INFO:tensorflow:2020-01-05 20:39:17.454073: Step 1030: Validation accuracy = 48.0% (N=100)
I0105 20:39:17.454129 139731002489728 retrain.py:1100] 2020-01-05 20:39:17.454073: Step 1030: Validation accuracy = 48.0% (N=100)
INFO:tensorflow:2020-01-05 20:39:18.191894: Step 1040: Train accuracy = 91.0%
I0105 20:39:18.191949 139731002489728 retrain.py:1082] 2020-01-05 20:39:18.191894: Step 1040: Train accuracy = 91.0%
INFO:tensorflow:2020-01-05 20:39:18.192121: Step 1040: Cross entropy = 0.357370
I0105 20:39:18.192143 139731002489728 retrain.py:1084] 2020-01-05 20:39:18.192121: Step 1040: Cross entropy = 0.357370
INFO:tensorflow:2020-01-05 20:39:18.277747: Step 1040: Validation accuracy = 52.0% (N=100)
I0105 20:39:18.277803 139731002489728 retrain.py:1100] 2020-01-05 20:39:18.277747: Step 1040: Validation accuracy = 52.0% (N=100)
INFO:tensorflow:2020-01-05 20:39:19.020488: Step 1050: Train accuracy = 96.0%
I0105 20:39:19.020544 139731002489728 retrain.py:1082] 2020-01-05 20:39:19.020488: Step 1050: Train accuracy = 96.0%
INFO:tensorflow:2020-01-05 20:39:19.020676: Step 1050: Cross entropy = 0.334995
I0105 20:39:19.020697 139731002489728 retrain.py:1084] 2020-01-05 20:39:19.020676: Step 1050: Cross entropy = 0.334995
INFO:tensorflow:2020-01-05 20:39:19.101589: Step 1050: Validation accuracy = 49.0% (N=100)
I0105 20:39:19.101645 139731002489728 retrain.py:1100] 2020-01-05 20:39:19.101589: Step 1050: Validation accuracy = 49.0% (N=100)
INFO:tensorflow:2020-01-05 20:39:19.838898: Step 1060: Train accuracy = 96.0%
I0105 20:39:19.838953 139731002489728 retrain.py:1082] 2020-01-05 20:39:19.838898: Step 1060: Train accuracy = 96.0%
INFO:tensorflow:2020-01-05 20:39:19.839123: Step 1060: Cross entropy = 0.347966
I0105 20:39:19.839143 139731002489728 retrain.py:1084] 2020-01-05 20:39:19.839123: Step 1060: Cross entropy = 0.347966
INFO:tensorflow:2020-01-05 20:39:19.923508: Step 1060: Validation accuracy = 51.0% (N=100)
I0105 20:39:19.923565 139731002489728 retrain.py:1100] 2020-01-05 20:39:19.923508: Step 1060: Validation accuracy = 51.0% (N=100)
INFO:tensorflow:2020-01-05 20:39:20.680163: Step 1070: Train accuracy = 90.0%
I0105 20:39:20.680254 139731002489728 retrain.py:1082] 2020-01-05 20:39:20.680163: Step 1070: Train accuracy = 90.0%
INFO:tensorflow:2020-01-05 20:39:20.680404: Step 1070: Cross entropy = 0.356477
I0105 20:39:20.680419 139731002489728 retrain.py:1084] 2020-01-05 20:39:20.680404: Step 1070: Cross entropy = 0.356477
INFO:tensorflow:2020-01-05 20:39:20.762697: Step 1070: Validation accuracy = 59.0% (N=100)
I0105 20:39:20.762753 139731002489728 retrain.py:1100] 2020-01-05 20:39:20.762697: Step 1070: Validation accuracy = 59.0% (N=100)
INFO:tensorflow:2020-01-05 20:39:21.493299: Step 1080: Train accuracy = 88.0%
I0105 20:39:21.493353 139731002489728 retrain.py:1082] 2020-01-05 20:39:21.493299: Step 1080: Train accuracy = 88.0%
INFO:tensorflow:2020-01-05 20:39:21.493513: Step 1080: Cross entropy = 0.381883
I0105 20:39:21.493533 139731002489728 retrain.py:1084] 2020-01-05 20:39:21.493513: Step 1080: Cross entropy = 0.381883
INFO:tensorflow:2020-01-05 20:39:21.570009: Step 1080: Validation accuracy = 54.0% (N=100)
I0105 20:39:21.570065 139731002489728 retrain.py:1100] 2020-01-05 20:39:21.570009: Step 1080: Validation accuracy = 54.0% (N=100)
INFO:tensorflow:2020-01-05 20:39:22.304534: Step 1090: Train accuracy = 94.0%
I0105 20:39:22.304587 139731002489728 retrain.py:1082] 2020-01-05 20:39:22.304534: Step 1090: Train accuracy = 94.0%
INFO:tensorflow:2020-01-05 20:39:22.304723: Step 1090: Cross entropy = 0.368054
I0105 20:39:22.304745 139731002489728 retrain.py:1084] 2020-01-05 20:39:22.304723: Step 1090: Cross entropy = 0.368054
INFO:tensorflow:2020-01-05 20:39:22.392370: Step 1090: Validation accuracy = 55.0% (N=100)
I0105 20:39:22.392427 139731002489728 retrain.py:1100] 2020-01-05 20:39:22.392370: Step 1090: Validation accuracy = 55.0% (N=100)
INFO:tensorflow:2020-01-05 20:39:23.138122: Step 1100: Train accuracy = 94.0%
I0105 20:39:23.138177 139731002489728 retrain.py:1082] 2020-01-05 20:39:23.138122: Step 1100: Train accuracy = 94.0%
INFO:tensorflow:2020-01-05 20:39:23.138325: Step 1100: Cross entropy = 0.355803
I0105 20:39:23.138345 139731002489728 retrain.py:1084] 2020-01-05 20:39:23.138325: Step 1100: Cross entropy = 0.355803
INFO:tensorflow:2020-01-05 20:39:23.226110: Step 1100: Validation accuracy = 41.0% (N=100)
I0105 20:39:23.226163 139731002489728 retrain.py:1100] 2020-01-05 20:39:23.226110: Step 1100: Validation accuracy = 41.0% (N=100)
INFO:tensorflow:2020-01-05 20:39:23.958524: Step 1110: Train accuracy = 96.0%
I0105 20:39:23.958578 139731002489728 retrain.py:1082] 2020-01-05 20:39:23.958524: Step 1110: Train accuracy = 96.0%
INFO:tensorflow:2020-01-05 20:39:23.958707: Step 1110: Cross entropy = 0.364091
I0105 20:39:23.958737 139731002489728 retrain.py:1084] 2020-01-05 20:39:23.958707: Step 1110: Cross entropy = 0.364091
INFO:tensorflow:2020-01-05 20:39:24.043039: Step 1110: Validation accuracy = 49.0% (N=100)
I0105 20:39:24.043096 139731002489728 retrain.py:1100] 2020-01-05 20:39:24.043039: Step 1110: Validation accuracy = 49.0% (N=100)
INFO:tensorflow:2020-01-05 20:39:24.776989: Step 1120: Train accuracy = 91.0%
I0105 20:39:24.777044 139731002489728 retrain.py:1082] 2020-01-05 20:39:24.776989: Step 1120: Train accuracy = 91.0%
INFO:tensorflow:2020-01-05 20:39:24.777188: Step 1120: Cross entropy = 0.370844
I0105 20:39:24.777207 139731002489728 retrain.py:1084] 2020-01-05 20:39:24.777188: Step 1120: Cross entropy = 0.370844
INFO:tensorflow:2020-01-05 20:39:24.855614: Step 1120: Validation accuracy = 53.0% (N=100)
I0105 20:39:24.855681 139731002489728 retrain.py:1100] 2020-01-05 20:39:24.855614: Step 1120: Validation accuracy = 53.0% (N=100)
INFO:tensorflow:2020-01-05 20:39:25.600924: Step 1130: Train accuracy = 98.0%
I0105 20:39:25.600979 139731002489728 retrain.py:1082] 2020-01-05 20:39:25.600924: Step 1130: Train accuracy = 98.0%
INFO:tensorflow:2020-01-05 20:39:25.601137: Step 1130: Cross entropy = 0.298530
I0105 20:39:25.601161 139731002489728 retrain.py:1084] 2020-01-05 20:39:25.601137: Step 1130: Cross entropy = 0.298530
INFO:tensorflow:2020-01-05 20:39:25.679772: Step 1130: Validation accuracy = 56.0% (N=100)
I0105 20:39:25.679852 139731002489728 retrain.py:1100] 2020-01-05 20:39:25.679772: Step 1130: Validation accuracy = 56.0% (N=100)
INFO:tensorflow:2020-01-05 20:39:26.411342: Step 1140: Train accuracy = 92.0%
I0105 20:39:26.411395 139731002489728 retrain.py:1082] 2020-01-05 20:39:26.411342: Step 1140: Train accuracy = 92.0%
INFO:tensorflow:2020-01-05 20:39:26.411575: Step 1140: Cross entropy = 0.357060
I0105 20:39:26.411592 139731002489728 retrain.py:1084] 2020-01-05 20:39:26.411575: Step 1140: Cross entropy = 0.357060
INFO:tensorflow:2020-01-05 20:39:26.497595: Step 1140: Validation accuracy = 55.0% (N=100)
I0105 20:39:26.497652 139731002489728 retrain.py:1100] 2020-01-05 20:39:26.497595: Step 1140: Validation accuracy = 55.0% (N=100)
INFO:tensorflow:2020-01-05 20:39:27.251788: Step 1150: Train accuracy = 96.0%
I0105 20:39:27.251842 139731002489728 retrain.py:1082] 2020-01-05 20:39:27.251788: Step 1150: Train accuracy = 96.0%
INFO:tensorflow:2020-01-05 20:39:27.251992: Step 1150: Cross entropy = 0.350549
I0105 20:39:27.252011 139731002489728 retrain.py:1084] 2020-01-05 20:39:27.251992: Step 1150: Cross entropy = 0.350549
INFO:tensorflow:2020-01-05 20:39:27.332314: Step 1150: Validation accuracy = 60.0% (N=100)
I0105 20:39:27.332370 139731002489728 retrain.py:1100] 2020-01-05 20:39:27.332314: Step 1150: Validation accuracy = 60.0% (N=100)
INFO:tensorflow:2020-01-05 20:39:28.064346: Step 1160: Train accuracy = 98.0%
I0105 20:39:28.064399 139731002489728 retrain.py:1082] 2020-01-05 20:39:28.064346: Step 1160: Train accuracy = 98.0%
INFO:tensorflow:2020-01-05 20:39:28.064569: Step 1160: Cross entropy = 0.325037
I0105 20:39:28.064591 139731002489728 retrain.py:1084] 2020-01-05 20:39:28.064569: Step 1160: Cross entropy = 0.325037
INFO:tensorflow:2020-01-05 20:39:28.148178: Step 1160: Validation accuracy = 64.0% (N=100)
I0105 20:39:28.148236 139731002489728 retrain.py:1100] 2020-01-05 20:39:28.148178: Step 1160: Validation accuracy = 64.0% (N=100)
INFO:tensorflow:2020-01-05 20:39:28.888347: Step 1170: Train accuracy = 93.0%
I0105 20:39:28.888402 139731002489728 retrain.py:1082] 2020-01-05 20:39:28.888347: Step 1170: Train accuracy = 93.0%
INFO:tensorflow:2020-01-05 20:39:28.888557: Step 1170: Cross entropy = 0.345616
I0105 20:39:28.888575 139731002489728 retrain.py:1084] 2020-01-05 20:39:28.888557: Step 1170: Cross entropy = 0.345616
INFO:tensorflow:2020-01-05 20:39:28.974723: Step 1170: Validation accuracy = 51.0% (N=100)
I0105 20:39:28.974803 139731002489728 retrain.py:1100] 2020-01-05 20:39:28.974723: Step 1170: Validation accuracy = 51.0% (N=100)
INFO:tensorflow:2020-01-05 20:39:29.709667: Step 1180: Train accuracy = 98.0%
I0105 20:39:29.709720 139731002489728 retrain.py:1082] 2020-01-05 20:39:29.709667: Step 1180: Train accuracy = 98.0%
INFO:tensorflow:2020-01-05 20:39:29.709918: Step 1180: Cross entropy = 0.331033
I0105 20:39:29.709943 139731002489728 retrain.py:1084] 2020-01-05 20:39:29.709918: Step 1180: Cross entropy = 0.331033
INFO:tensorflow:2020-01-05 20:39:29.788111: Step 1180: Validation accuracy = 53.0% (N=100)
I0105 20:39:29.788192 139731002489728 retrain.py:1100] 2020-01-05 20:39:29.788111: Step 1180: Validation accuracy = 53.0% (N=100)
INFO:tensorflow:2020-01-05 20:39:30.524601: Step 1190: Train accuracy = 89.0%
I0105 20:39:30.524655 139731002489728 retrain.py:1082] 2020-01-05 20:39:30.524601: Step 1190: Train accuracy = 89.0%
INFO:tensorflow:2020-01-05 20:39:30.524815: Step 1190: Cross entropy = 0.382598
I0105 20:39:30.524834 139731002489728 retrain.py:1084] 2020-01-05 20:39:30.524815: Step 1190: Cross entropy = 0.382598
INFO:tensorflow:2020-01-05 20:39:30.612960: Step 1190: Validation accuracy = 57.0% (N=100)
I0105 20:39:30.613015 139731002489728 retrain.py:1100] 2020-01-05 20:39:30.612960: Step 1190: Validation accuracy = 57.0% (N=100)
INFO:tensorflow:2020-01-05 20:39:31.369419: Step 1200: Train accuracy = 97.0%
I0105 20:39:31.369495 139731002489728 retrain.py:1082] 2020-01-05 20:39:31.369419: Step 1200: Train accuracy = 97.0%
INFO:tensorflow:2020-01-05 20:39:31.369647: Step 1200: Cross entropy = 0.345440
I0105 20:39:31.369666 139731002489728 retrain.py:1084] 2020-01-05 20:39:31.369647: Step 1200: Cross entropy = 0.345440
INFO:tensorflow:2020-01-05 20:39:31.448124: Step 1200: Validation accuracy = 60.0% (N=100)
I0105 20:39:31.448182 139731002489728 retrain.py:1100] 2020-01-05 20:39:31.448124: Step 1200: Validation accuracy = 60.0% (N=100)
INFO:tensorflow:2020-01-05 20:39:32.176932: Step 1210: Train accuracy = 91.0%
I0105 20:39:32.176986 139731002489728 retrain.py:1082] 2020-01-05 20:39:32.176932: Step 1210: Train accuracy = 91.0%
INFO:tensorflow:2020-01-05 20:39:32.177145: Step 1210: Cross entropy = 0.354883
I0105 20:39:32.177164 139731002489728 retrain.py:1084] 2020-01-05 20:39:32.177145: Step 1210: Cross entropy = 0.354883
INFO:tensorflow:2020-01-05 20:39:32.264021: Step 1210: Validation accuracy = 61.0% (N=100)
I0105 20:39:32.264077 139731002489728 retrain.py:1100] 2020-01-05 20:39:32.264021: Step 1210: Validation accuracy = 61.0% (N=100)
INFO:tensorflow:2020-01-05 20:39:32.994892: Step 1220: Train accuracy = 92.0%
I0105 20:39:32.994946 139731002489728 retrain.py:1082] 2020-01-05 20:39:32.994892: Step 1220: Train accuracy = 92.0%
INFO:tensorflow:2020-01-05 20:39:32.995095: Step 1220: Cross entropy = 0.368293
I0105 20:39:32.995113 139731002489728 retrain.py:1084] 2020-01-05 20:39:32.995095: Step 1220: Cross entropy = 0.368293
INFO:tensorflow:2020-01-05 20:39:33.082343: Step 1220: Validation accuracy = 47.0% (N=100)
I0105 20:39:33.082423 139731002489728 retrain.py:1100] 2020-01-05 20:39:33.082343: Step 1220: Validation accuracy = 47.0% (N=100)
INFO:tensorflow:2020-01-05 20:39:33.824636: Step 1230: Train accuracy = 95.0%
I0105 20:39:33.824690 139731002489728 retrain.py:1082] 2020-01-05 20:39:33.824636: Step 1230: Train accuracy = 95.0%
INFO:tensorflow:2020-01-05 20:39:33.824834: Step 1230: Cross entropy = 0.362145
I0105 20:39:33.824853 139731002489728 retrain.py:1084] 2020-01-05 20:39:33.824834: Step 1230: Cross entropy = 0.362145
INFO:tensorflow:2020-01-05 20:39:33.913965: Step 1230: Validation accuracy = 57.0% (N=100)
I0105 20:39:33.914021 139731002489728 retrain.py:1100] 2020-01-05 20:39:33.913965: Step 1230: Validation accuracy = 57.0% (N=100)
INFO:tensorflow:2020-01-05 20:39:34.648064: Step 1240: Train accuracy = 95.0%
I0105 20:39:34.648132 139731002489728 retrain.py:1082] 2020-01-05 20:39:34.648064: Step 1240: Train accuracy = 95.0%
INFO:tensorflow:2020-01-05 20:39:34.648300: Step 1240: Cross entropy = 0.342082
I0105 20:39:34.648325 139731002489728 retrain.py:1084] 2020-01-05 20:39:34.648300: Step 1240: Cross entropy = 0.342082
INFO:tensorflow:2020-01-05 20:39:34.735563: Step 1240: Validation accuracy = 66.0% (N=100)
I0105 20:39:34.735630 139731002489728 retrain.py:1100] 2020-01-05 20:39:34.735563: Step 1240: Validation accuracy = 66.0% (N=100)
INFO:tensorflow:2020-01-05 20:39:35.473081: Step 1250: Train accuracy = 99.0%
I0105 20:39:35.473135 139731002489728 retrain.py:1082] 2020-01-05 20:39:35.473081: Step 1250: Train accuracy = 99.0%
INFO:tensorflow:2020-01-05 20:39:35.473324: Step 1250: Cross entropy = 0.337196
I0105 20:39:35.473343 139731002489728 retrain.py:1084] 2020-01-05 20:39:35.473324: Step 1250: Cross entropy = 0.337196
INFO:tensorflow:2020-01-05 20:39:35.561501: Step 1250: Validation accuracy = 67.0% (N=100)
I0105 20:39:35.561576 139731002489728 retrain.py:1100] 2020-01-05 20:39:35.561501: Step 1250: Validation accuracy = 67.0% (N=100)
INFO:tensorflow:2020-01-05 20:39:36.310571: Step 1260: Train accuracy = 96.0%
I0105 20:39:36.310671 139731002489728 retrain.py:1082] 2020-01-05 20:39:36.310571: Step 1260: Train accuracy = 96.0%
INFO:tensorflow:2020-01-05 20:39:36.310821: Step 1260: Cross entropy = 0.321187
I0105 20:39:36.310840 139731002489728 retrain.py:1084] 2020-01-05 20:39:36.310821: Step 1260: Cross entropy = 0.321187
INFO:tensorflow:2020-01-05 20:39:36.399381: Step 1260: Validation accuracy = 50.0% (N=100)
I0105 20:39:36.399462 139731002489728 retrain.py:1100] 2020-01-05 20:39:36.399381: Step 1260: Validation accuracy = 50.0% (N=100)
INFO:tensorflow:2020-01-05 20:39:37.126403: Step 1270: Train accuracy = 100.0%
I0105 20:39:37.126458 139731002489728 retrain.py:1082] 2020-01-05 20:39:37.126403: Step 1270: Train accuracy = 100.0%
INFO:tensorflow:2020-01-05 20:39:37.126621: Step 1270: Cross entropy = 0.313610
I0105 20:39:37.126640 139731002489728 retrain.py:1084] 2020-01-05 20:39:37.126621: Step 1270: Cross entropy = 0.313610
INFO:tensorflow:2020-01-05 20:39:37.214070: Step 1270: Validation accuracy = 46.0% (N=100)
I0105 20:39:37.214154 139731002489728 retrain.py:1100] 2020-01-05 20:39:37.214070: Step 1270: Validation accuracy = 46.0% (N=100)
INFO:tensorflow:2020-01-05 20:39:37.958644: Step 1280: Train accuracy = 93.0%
I0105 20:39:37.958697 139731002489728 retrain.py:1082] 2020-01-05 20:39:37.958644: Step 1280: Train accuracy = 93.0%
INFO:tensorflow:2020-01-05 20:39:37.958831: Step 1280: Cross entropy = 0.375704
I0105 20:39:37.958847 139731002489728 retrain.py:1084] 2020-01-05 20:39:37.958831: Step 1280: Cross entropy = 0.375704
INFO:tensorflow:2020-01-05 20:39:38.046041: Step 1280: Validation accuracy = 58.0% (N=100)
I0105 20:39:38.046158 139731002489728 retrain.py:1100] 2020-01-05 20:39:38.046041: Step 1280: Validation accuracy = 58.0% (N=100)
INFO:tensorflow:2020-01-05 20:39:38.788690: Step 1290: Train accuracy = 94.0%
I0105 20:39:38.788775 139731002489728 retrain.py:1082] 2020-01-05 20:39:38.788690: Step 1290: Train accuracy = 94.0%
INFO:tensorflow:2020-01-05 20:39:38.788952: Step 1290: Cross entropy = 0.334753
I0105 20:39:38.788990 139731002489728 retrain.py:1084] 2020-01-05 20:39:38.788952: Step 1290: Cross entropy = 0.334753
INFO:tensorflow:2020-01-05 20:39:38.873894: Step 1290: Validation accuracy = 60.0% (N=100)
I0105 20:39:38.873960 139731002489728 retrain.py:1100] 2020-01-05 20:39:38.873894: Step 1290: Validation accuracy = 60.0% (N=100)
INFO:tensorflow:2020-01-05 20:39:39.626122: Step 1300: Train accuracy = 97.0%
I0105 20:39:39.626177 139731002489728 retrain.py:1082] 2020-01-05 20:39:39.626122: Step 1300: Train accuracy = 97.0%
INFO:tensorflow:2020-01-05 20:39:39.626311: Step 1300: Cross entropy = 0.330497
I0105 20:39:39.626330 139731002489728 retrain.py:1084] 2020-01-05 20:39:39.626311: Step 1300: Cross entropy = 0.330497
INFO:tensorflow:2020-01-05 20:39:39.704879: Step 1300: Validation accuracy = 50.0% (N=100)
I0105 20:39:39.704972 139731002489728 retrain.py:1100] 2020-01-05 20:39:39.704879: Step 1300: Validation accuracy = 50.0% (N=100)
INFO:tensorflow:2020-01-05 20:39:40.453591: Step 1310: Train accuracy = 94.0%
I0105 20:39:40.453646 139731002489728 retrain.py:1082] 2020-01-05 20:39:40.453591: Step 1310: Train accuracy = 94.0%
INFO:tensorflow:2020-01-05 20:39:40.453807: Step 1310: Cross entropy = 0.331245
I0105 20:39:40.453830 139731002489728 retrain.py:1084] 2020-01-05 20:39:40.453807: Step 1310: Cross entropy = 0.331245
INFO:tensorflow:2020-01-05 20:39:40.531489: Step 1310: Validation accuracy = 48.0% (N=100)
I0105 20:39:40.531545 139731002489728 retrain.py:1100] 2020-01-05 20:39:40.531489: Step 1310: Validation accuracy = 48.0% (N=100)
INFO:tensorflow:2020-01-05 20:39:41.274189: Step 1320: Train accuracy = 97.0%
I0105 20:39:41.274242 139731002489728 retrain.py:1082] 2020-01-05 20:39:41.274189: Step 1320: Train accuracy = 97.0%
INFO:tensorflow:2020-01-05 20:39:41.274411: Step 1320: Cross entropy = 0.293716
I0105 20:39:41.274440 139731002489728 retrain.py:1084] 2020-01-05 20:39:41.274411: Step 1320: Cross entropy = 0.293716
INFO:tensorflow:2020-01-05 20:39:41.353330: Step 1320: Validation accuracy = 57.0% (N=100)
I0105 20:39:41.353387 139731002489728 retrain.py:1100] 2020-01-05 20:39:41.353330: Step 1320: Validation accuracy = 57.0% (N=100)
INFO:tensorflow:2020-01-05 20:39:42.102058: Step 1330: Train accuracy = 94.0%
I0105 20:39:42.102112 139731002489728 retrain.py:1082] 2020-01-05 20:39:42.102058: Step 1330: Train accuracy = 94.0%
INFO:tensorflow:2020-01-05 20:39:42.102279: Step 1330: Cross entropy = 0.331362
I0105 20:39:42.102384 139731002489728 retrain.py:1084] 2020-01-05 20:39:42.102279: Step 1330: Cross entropy = 0.331362
INFO:tensorflow:2020-01-05 20:39:42.188242: Step 1330: Validation accuracy = 37.0% (N=100)
I0105 20:39:42.188298 139731002489728 retrain.py:1100] 2020-01-05 20:39:42.188242: Step 1330: Validation accuracy = 37.0% (N=100)
INFO:tensorflow:2020-01-05 20:39:42.937281: Step 1340: Train accuracy = 90.0%
I0105 20:39:42.937358 139731002489728 retrain.py:1082] 2020-01-05 20:39:42.937281: Step 1340: Train accuracy = 90.0%
INFO:tensorflow:2020-01-05 20:39:42.937488: Step 1340: Cross entropy = 0.343388
I0105 20:39:42.937516 139731002489728 retrain.py:1084] 2020-01-05 20:39:42.937488: Step 1340: Cross entropy = 0.343388
INFO:tensorflow:2020-01-05 20:39:43.015874: Step 1340: Validation accuracy = 53.0% (N=100)
I0105 20:39:43.015929 139731002489728 retrain.py:1100] 2020-01-05 20:39:43.015874: Step 1340: Validation accuracy = 53.0% (N=100)
INFO:tensorflow:2020-01-05 20:39:43.771631: Step 1350: Train accuracy = 96.0%
I0105 20:39:43.771686 139731002489728 retrain.py:1082] 2020-01-05 20:39:43.771631: Step 1350: Train accuracy = 96.0%
INFO:tensorflow:2020-01-05 20:39:43.771818: Step 1350: Cross entropy = 0.312993
I0105 20:39:43.771835 139731002489728 retrain.py:1084] 2020-01-05 20:39:43.771818: Step 1350: Cross entropy = 0.312993
INFO:tensorflow:2020-01-05 20:39:43.851873: Step 1350: Validation accuracy = 51.0% (N=100)
I0105 20:39:43.851929 139731002489728 retrain.py:1100] 2020-01-05 20:39:43.851873: Step 1350: Validation accuracy = 51.0% (N=100)
INFO:tensorflow:2020-01-05 20:39:44.604909: Step 1360: Train accuracy = 91.0%
I0105 20:39:44.604963 139731002489728 retrain.py:1082] 2020-01-05 20:39:44.604909: Step 1360: Train accuracy = 91.0%
INFO:tensorflow:2020-01-05 20:39:44.605096: Step 1360: Cross entropy = 0.366311
I0105 20:39:44.605116 139731002489728 retrain.py:1084] 2020-01-05 20:39:44.605096: Step 1360: Cross entropy = 0.366311
INFO:tensorflow:2020-01-05 20:39:44.682849: Step 1360: Validation accuracy = 52.0% (N=100)
I0105 20:39:44.682904 139731002489728 retrain.py:1100] 2020-01-05 20:39:44.682849: Step 1360: Validation accuracy = 52.0% (N=100)
INFO:tensorflow:2020-01-05 20:39:45.420425: Step 1370: Train accuracy = 96.0%
I0105 20:39:45.420501 139731002489728 retrain.py:1082] 2020-01-05 20:39:45.420425: Step 1370: Train accuracy = 96.0%
INFO:tensorflow:2020-01-05 20:39:45.420655: Step 1370: Cross entropy = 0.304311
I0105 20:39:45.420681 139731002489728 retrain.py:1084] 2020-01-05 20:39:45.420655: Step 1370: Cross entropy = 0.304311
INFO:tensorflow:2020-01-05 20:39:45.498923: Step 1370: Validation accuracy = 53.0% (N=100)
I0105 20:39:45.499001 139731002489728 retrain.py:1100] 2020-01-05 20:39:45.498923: Step 1370: Validation accuracy = 53.0% (N=100)
INFO:tensorflow:2020-01-05 20:39:46.253690: Step 1380: Train accuracy = 94.0%
I0105 20:39:46.253767 139731002489728 retrain.py:1082] 2020-01-05 20:39:46.253690: Step 1380: Train accuracy = 94.0%
INFO:tensorflow:2020-01-05 20:39:46.253925: Step 1380: Cross entropy = 0.322842
I0105 20:39:46.253958 139731002489728 retrain.py:1084] 2020-01-05 20:39:46.253925: Step 1380: Cross entropy = 0.322842
INFO:tensorflow:2020-01-05 20:39:46.331963: Step 1380: Validation accuracy = 54.0% (N=100)
I0105 20:39:46.332020 139731002489728 retrain.py:1100] 2020-01-05 20:39:46.331963: Step 1380: Validation accuracy = 54.0% (N=100)
INFO:tensorflow:2020-01-05 20:39:47.063208: Step 1390: Train accuracy = 93.0%
I0105 20:39:47.063262 139731002489728 retrain.py:1082] 2020-01-05 20:39:47.063208: Step 1390: Train accuracy = 93.0%
INFO:tensorflow:2020-01-05 20:39:47.063401: Step 1390: Cross entropy = 0.346096
I0105 20:39:47.063431 139731002489728 retrain.py:1084] 2020-01-05 20:39:47.063401: Step 1390: Cross entropy = 0.346096
INFO:tensorflow:2020-01-05 20:39:47.142188: Step 1390: Validation accuracy = 48.0% (N=100)
I0105 20:39:47.142261 139731002489728 retrain.py:1100] 2020-01-05 20:39:47.142188: Step 1390: Validation accuracy = 48.0% (N=100)
INFO:tensorflow:2020-01-05 20:39:47.884541: Step 1400: Train accuracy = 96.0%
I0105 20:39:47.884595 139731002489728 retrain.py:1082] 2020-01-05 20:39:47.884541: Step 1400: Train accuracy = 96.0%
INFO:tensorflow:2020-01-05 20:39:47.884777: Step 1400: Cross entropy = 0.283333
I0105 20:39:47.884800 139731002489728 retrain.py:1084] 2020-01-05 20:39:47.884777: Step 1400: Cross entropy = 0.283333
INFO:tensorflow:2020-01-05 20:39:47.967644: Step 1400: Validation accuracy = 64.0% (N=100)
I0105 20:39:47.967720 139731002489728 retrain.py:1100] 2020-01-05 20:39:47.967644: Step 1400: Validation accuracy = 64.0% (N=100)
INFO:tensorflow:2020-01-05 20:39:48.701824: Step 1410: Train accuracy = 96.0%
I0105 20:39:48.701894 139731002489728 retrain.py:1082] 2020-01-05 20:39:48.701824: Step 1410: Train accuracy = 96.0%
INFO:tensorflow:2020-01-05 20:39:48.702050: Step 1410: Cross entropy = 0.315438
I0105 20:39:48.702077 139731002489728 retrain.py:1084] 2020-01-05 20:39:48.702050: Step 1410: Cross entropy = 0.315438
INFO:tensorflow:2020-01-05 20:39:48.788375: Step 1410: Validation accuracy = 66.0% (N=100)
I0105 20:39:48.788450 139731002489728 retrain.py:1100] 2020-01-05 20:39:48.788375: Step 1410: Validation accuracy = 66.0% (N=100)
INFO:tensorflow:2020-01-05 20:39:49.527478: Step 1420: Train accuracy = 96.0%
I0105 20:39:49.527533 139731002489728 retrain.py:1082] 2020-01-05 20:39:49.527478: Step 1420: Train accuracy = 96.0%
INFO:tensorflow:2020-01-05 20:39:49.527677: Step 1420: Cross entropy = 0.280452
I0105 20:39:49.527697 139731002489728 retrain.py:1084] 2020-01-05 20:39:49.527677: Step 1420: Cross entropy = 0.280452
INFO:tensorflow:2020-01-05 20:39:49.616851: Step 1420: Validation accuracy = 55.0% (N=100)
I0105 20:39:49.616922 139731002489728 retrain.py:1100] 2020-01-05 20:39:49.616851: Step 1420: Validation accuracy = 55.0% (N=100)
INFO:tensorflow:2020-01-05 20:39:50.380172: Step 1430: Train accuracy = 95.0%
I0105 20:39:50.380249 139731002489728 retrain.py:1082] 2020-01-05 20:39:50.380172: Step 1430: Train accuracy = 95.0%
INFO:tensorflow:2020-01-05 20:39:50.380419: Step 1430: Cross entropy = 0.307101
I0105 20:39:50.380445 139731002489728 retrain.py:1084] 2020-01-05 20:39:50.380419: Step 1430: Cross entropy = 0.307101
INFO:tensorflow:2020-01-05 20:39:50.457595: Step 1430: Validation accuracy = 50.0% (N=100)
I0105 20:39:50.457651 139731002489728 retrain.py:1100] 2020-01-05 20:39:50.457595: Step 1430: Validation accuracy = 50.0% (N=100)
INFO:tensorflow:2020-01-05 20:39:51.209045: Step 1440: Train accuracy = 95.0%
I0105 20:39:51.209100 139731002489728 retrain.py:1082] 2020-01-05 20:39:51.209045: Step 1440: Train accuracy = 95.0%
INFO:tensorflow:2020-01-05 20:39:51.209233: Step 1440: Cross entropy = 0.322572
I0105 20:39:51.209252 139731002489728 retrain.py:1084] 2020-01-05 20:39:51.209233: Step 1440: Cross entropy = 0.322572
INFO:tensorflow:2020-01-05 20:39:51.287552: Step 1440: Validation accuracy = 58.0% (N=100)
I0105 20:39:51.287647 139731002489728 retrain.py:1100] 2020-01-05 20:39:51.287552: Step 1440: Validation accuracy = 58.0% (N=100)
INFO:tensorflow:2020-01-05 20:39:52.027767: Step 1450: Train accuracy = 97.0%
I0105 20:39:52.027821 139731002489728 retrain.py:1082] 2020-01-05 20:39:52.027767: Step 1450: Train accuracy = 97.0%
INFO:tensorflow:2020-01-05 20:39:52.027989: Step 1450: Cross entropy = 0.304618
I0105 20:39:52.028009 139731002489728 retrain.py:1084] 2020-01-05 20:39:52.027989: Step 1450: Cross entropy = 0.304618
INFO:tensorflow:2020-01-05 20:39:52.117200: Step 1450: Validation accuracy = 44.0% (N=100)
I0105 20:39:52.117254 139731002489728 retrain.py:1100] 2020-01-05 20:39:52.117200: Step 1450: Validation accuracy = 44.0% (N=100)
INFO:tensorflow:2020-01-05 20:39:52.875389: Step 1460: Train accuracy = 97.0%
I0105 20:39:52.875442 139731002489728 retrain.py:1082] 2020-01-05 20:39:52.875389: Step 1460: Train accuracy = 97.0%
INFO:tensorflow:2020-01-05 20:39:52.875617: Step 1460: Cross entropy = 0.267676
I0105 20:39:52.875638 139731002489728 retrain.py:1084] 2020-01-05 20:39:52.875617: Step 1460: Cross entropy = 0.267676
INFO:tensorflow:2020-01-05 20:39:52.952715: Step 1460: Validation accuracy = 57.0% (N=100)
I0105 20:39:52.952772 139731002489728 retrain.py:1100] 2020-01-05 20:39:52.952715: Step 1460: Validation accuracy = 57.0% (N=100)
INFO:tensorflow:2020-01-05 20:39:53.694436: Step 1470: Train accuracy = 94.0%
I0105 20:39:53.694503 139731002489728 retrain.py:1082] 2020-01-05 20:39:53.694436: Step 1470: Train accuracy = 94.0%
INFO:tensorflow:2020-01-05 20:39:53.694660: Step 1470: Cross entropy = 0.319628
I0105 20:39:53.694678 139731002489728 retrain.py:1084] 2020-01-05 20:39:53.694660: Step 1470: Cross entropy = 0.319628
INFO:tensorflow:2020-01-05 20:39:53.771740: Step 1470: Validation accuracy = 57.0% (N=100)
I0105 20:39:53.771797 139731002489728 retrain.py:1100] 2020-01-05 20:39:53.771740: Step 1470: Validation accuracy = 57.0% (N=100)
INFO:tensorflow:2020-01-05 20:39:54.513759: Step 1480: Train accuracy = 94.0%
I0105 20:39:54.513814 139731002489728 retrain.py:1082] 2020-01-05 20:39:54.513759: Step 1480: Train accuracy = 94.0%
INFO:tensorflow:2020-01-05 20:39:54.514013: Step 1480: Cross entropy = 0.341609
I0105 20:39:54.514039 139731002489728 retrain.py:1084] 2020-01-05 20:39:54.514013: Step 1480: Cross entropy = 0.341609
INFO:tensorflow:2020-01-05 20:39:54.590298: Step 1480: Validation accuracy = 41.0% (N=100)
I0105 20:39:54.590353 139731002489728 retrain.py:1100] 2020-01-05 20:39:54.590298: Step 1480: Validation accuracy = 41.0% (N=100)
INFO:tensorflow:2020-01-05 20:39:55.325046: Step 1490: Train accuracy = 96.0%
I0105 20:39:55.325102 139731002489728 retrain.py:1082] 2020-01-05 20:39:55.325046: Step 1490: Train accuracy = 96.0%
INFO:tensorflow:2020-01-05 20:39:55.325249: Step 1490: Cross entropy = 0.307664
I0105 20:39:55.325264 139731002489728 retrain.py:1084] 2020-01-05 20:39:55.325249: Step 1490: Cross entropy = 0.307664
INFO:tensorflow:2020-01-05 20:39:55.401265: Step 1490: Validation accuracy = 42.0% (N=100)
I0105 20:39:55.401321 139731002489728 retrain.py:1100] 2020-01-05 20:39:55.401265: Step 1490: Validation accuracy = 42.0% (N=100)
INFO:tensorflow:2020-01-05 20:39:56.156265: Step 1500: Train accuracy = 92.0%
I0105 20:39:56.156319 139731002489728 retrain.py:1082] 2020-01-05 20:39:56.156265: Step 1500: Train accuracy = 92.0%
INFO:tensorflow:2020-01-05 20:39:56.156492: Step 1500: Cross entropy = 0.333366
I0105 20:39:56.156519 139731002489728 retrain.py:1084] 2020-01-05 20:39:56.156492: Step 1500: Cross entropy = 0.333366
INFO:tensorflow:2020-01-05 20:39:56.244238: Step 1500: Validation accuracy = 52.0% (N=100)
I0105 20:39:56.244294 139731002489728 retrain.py:1100] 2020-01-05 20:39:56.244238: Step 1500: Validation accuracy = 52.0% (N=100)
INFO:tensorflow:2020-01-05 20:39:56.993192: Step 1510: Train accuracy = 98.0%
I0105 20:39:56.993246 139731002489728 retrain.py:1082] 2020-01-05 20:39:56.993192: Step 1510: Train accuracy = 98.0%
INFO:tensorflow:2020-01-05 20:39:56.993397: Step 1510: Cross entropy = 0.333756
I0105 20:39:56.993417 139731002489728 retrain.py:1084] 2020-01-05 20:39:56.993397: Step 1510: Cross entropy = 0.333756
INFO:tensorflow:2020-01-05 20:39:57.071966: Step 1510: Validation accuracy = 55.0% (N=100)
I0105 20:39:57.072024 139731002489728 retrain.py:1100] 2020-01-05 20:39:57.071966: Step 1510: Validation accuracy = 55.0% (N=100)
INFO:tensorflow:2020-01-05 20:39:57.814154: Step 1520: Train accuracy = 95.0%
I0105 20:39:57.814231 139731002489728 retrain.py:1082] 2020-01-05 20:39:57.814154: Step 1520: Train accuracy = 95.0%
INFO:tensorflow:2020-01-05 20:39:57.814364: Step 1520: Cross entropy = 0.321700
I0105 20:39:57.814381 139731002489728 retrain.py:1084] 2020-01-05 20:39:57.814364: Step 1520: Cross entropy = 0.321700
INFO:tensorflow:2020-01-05 20:39:57.902798: Step 1520: Validation accuracy = 48.0% (N=100)
I0105 20:39:57.902861 139731002489728 retrain.py:1100] 2020-01-05 20:39:57.902798: Step 1520: Validation accuracy = 48.0% (N=100)
INFO:tensorflow:2020-01-05 20:39:58.645898: Step 1530: Train accuracy = 96.0%
I0105 20:39:58.645955 139731002489728 retrain.py:1082] 2020-01-05 20:39:58.645898: Step 1530: Train accuracy = 96.0%
INFO:tensorflow:2020-01-05 20:39:58.646092: Step 1530: Cross entropy = 0.297878
I0105 20:39:58.646112 139731002489728 retrain.py:1084] 2020-01-05 20:39:58.646092: Step 1530: Cross entropy = 0.297878
INFO:tensorflow:2020-01-05 20:39:58.730025: Step 1530: Validation accuracy = 58.0% (N=100)
I0105 20:39:58.730094 139731002489728 retrain.py:1100] 2020-01-05 20:39:58.730025: Step 1530: Validation accuracy = 58.0% (N=100)
INFO:tensorflow:2020-01-05 20:39:59.472812: Step 1540: Train accuracy = 98.0%
I0105 20:39:59.472866 139731002489728 retrain.py:1082] 2020-01-05 20:39:59.472812: Step 1540: Train accuracy = 98.0%
INFO:tensorflow:2020-01-05 20:39:59.473035: Step 1540: Cross entropy = 0.259199
I0105 20:39:59.473060 139731002489728 retrain.py:1084] 2020-01-05 20:39:59.473035: Step 1540: Cross entropy = 0.259199
INFO:tensorflow:2020-01-05 20:39:59.551771: Step 1540: Validation accuracy = 45.0% (N=100)
I0105 20:39:59.551826 139731002489728 retrain.py:1100] 2020-01-05 20:39:59.551771: Step 1540: Validation accuracy = 45.0% (N=100)
INFO:tensorflow:2020-01-05 20:40:00.287665: Step 1550: Train accuracy = 97.0%
I0105 20:40:00.287721 139731002489728 retrain.py:1082] 2020-01-05 20:40:00.287665: Step 1550: Train accuracy = 97.0%
INFO:tensorflow:2020-01-05 20:40:00.287890: Step 1550: Cross entropy = 0.311410
I0105 20:40:00.287910 139731002489728 retrain.py:1084] 2020-01-05 20:40:00.287890: Step 1550: Cross entropy = 0.311410
INFO:tensorflow:2020-01-05 20:40:00.375326: Step 1550: Validation accuracy = 51.0% (N=100)
I0105 20:40:00.375383 139731002489728 retrain.py:1100] 2020-01-05 20:40:00.375326: Step 1550: Validation accuracy = 51.0% (N=100)
INFO:tensorflow:2020-01-05 20:40:01.117139: Step 1560: Train accuracy = 98.0%
I0105 20:40:01.117216 139731002489728 retrain.py:1082] 2020-01-05 20:40:01.117139: Step 1560: Train accuracy = 98.0%
INFO:tensorflow:2020-01-05 20:40:01.117352: Step 1560: Cross entropy = 0.290404
I0105 20:40:01.117374 139731002489728 retrain.py:1084] 2020-01-05 20:40:01.117352: Step 1560: Cross entropy = 0.290404
INFO:tensorflow:2020-01-05 20:40:01.195624: Step 1560: Validation accuracy = 51.0% (N=100)
I0105 20:40:01.195703 139731002489728 retrain.py:1100] 2020-01-05 20:40:01.195624: Step 1560: Validation accuracy = 51.0% (N=100)
INFO:tensorflow:2020-01-05 20:40:01.940429: Step 1570: Train accuracy = 96.0%
I0105 20:40:01.940520 139731002489728 retrain.py:1082] 2020-01-05 20:40:01.940429: Step 1570: Train accuracy = 96.0%
INFO:tensorflow:2020-01-05 20:40:01.940652: Step 1570: Cross entropy = 0.318313
I0105 20:40:01.940673 139731002489728 retrain.py:1084] 2020-01-05 20:40:01.940652: Step 1570: Cross entropy = 0.318313
INFO:tensorflow:2020-01-05 20:40:02.027387: Step 1570: Validation accuracy = 57.0% (N=100)
I0105 20:40:02.027441 139731002489728 retrain.py:1100] 2020-01-05 20:40:02.027387: Step 1570: Validation accuracy = 57.0% (N=100)
INFO:tensorflow:2020-01-05 20:40:02.766096: Step 1580: Train accuracy = 96.0%
I0105 20:40:02.766183 139731002489728 retrain.py:1082] 2020-01-05 20:40:02.766096: Step 1580: Train accuracy = 96.0%
INFO:tensorflow:2020-01-05 20:40:02.766355: Step 1580: Cross entropy = 0.317789
I0105 20:40:02.766381 139731002489728 retrain.py:1084] 2020-01-05 20:40:02.766355: Step 1580: Cross entropy = 0.317789
INFO:tensorflow:2020-01-05 20:40:02.845912: Step 1580: Validation accuracy = 49.0% (N=100)
I0105 20:40:02.845968 139731002489728 retrain.py:1100] 2020-01-05 20:40:02.845912: Step 1580: Validation accuracy = 49.0% (N=100)
INFO:tensorflow:2020-01-05 20:40:03.593094: Step 1590: Train accuracy = 96.0%
I0105 20:40:03.593150 139731002489728 retrain.py:1082] 2020-01-05 20:40:03.593094: Step 1590: Train accuracy = 96.0%
INFO:tensorflow:2020-01-05 20:40:03.593303: Step 1590: Cross entropy = 0.296046
I0105 20:40:03.593320 139731002489728 retrain.py:1084] 2020-01-05 20:40:03.593303: Step 1590: Cross entropy = 0.296046
INFO:tensorflow:2020-01-05 20:40:03.671345: Step 1590: Validation accuracy = 45.0% (N=100)
I0105 20:40:03.671402 139731002489728 retrain.py:1100] 2020-01-05 20:40:03.671345: Step 1590: Validation accuracy = 45.0% (N=100)
INFO:tensorflow:2020-01-05 20:40:04.404537: Step 1600: Train accuracy = 92.0%
I0105 20:40:04.404591 139731002489728 retrain.py:1082] 2020-01-05 20:40:04.404537: Step 1600: Train accuracy = 92.0%
INFO:tensorflow:2020-01-05 20:40:04.404761: Step 1600: Cross entropy = 0.341089
I0105 20:40:04.404779 139731002489728 retrain.py:1084] 2020-01-05 20:40:04.404761: Step 1600: Cross entropy = 0.341089
INFO:tensorflow:2020-01-05 20:40:04.491117: Step 1600: Validation accuracy = 60.0% (N=100)
I0105 20:40:04.491172 139731002489728 retrain.py:1100] 2020-01-05 20:40:04.491117: Step 1600: Validation accuracy = 60.0% (N=100)
INFO:tensorflow:2020-01-05 20:40:05.232900: Step 1610: Train accuracy = 94.0%
I0105 20:40:05.232954 139731002489728 retrain.py:1082] 2020-01-05 20:40:05.232900: Step 1610: Train accuracy = 94.0%
INFO:tensorflow:2020-01-05 20:40:05.233083: Step 1610: Cross entropy = 0.306354
I0105 20:40:05.233103 139731002489728 retrain.py:1084] 2020-01-05 20:40:05.233083: Step 1610: Cross entropy = 0.306354
INFO:tensorflow:2020-01-05 20:40:05.310966: Step 1610: Validation accuracy = 55.0% (N=100)
I0105 20:40:05.311045 139731002489728 retrain.py:1100] 2020-01-05 20:40:05.310966: Step 1610: Validation accuracy = 55.0% (N=100)
INFO:tensorflow:2020-01-05 20:40:06.060044: Step 1620: Train accuracy = 96.0%
I0105 20:40:06.060101 139731002489728 retrain.py:1082] 2020-01-05 20:40:06.060044: Step 1620: Train accuracy = 96.0%
INFO:tensorflow:2020-01-05 20:40:06.060236: Step 1620: Cross entropy = 0.308815
I0105 20:40:06.060256 139731002489728 retrain.py:1084] 2020-01-05 20:40:06.060236: Step 1620: Cross entropy = 0.308815
INFO:tensorflow:2020-01-05 20:40:06.138347: Step 1620: Validation accuracy = 57.0% (N=100)
I0105 20:40:06.138401 139731002489728 retrain.py:1100] 2020-01-05 20:40:06.138347: Step 1620: Validation accuracy = 57.0% (N=100)
INFO:tensorflow:2020-01-05 20:40:06.885631: Step 1630: Train accuracy = 95.0%
I0105 20:40:06.885686 139731002489728 retrain.py:1082] 2020-01-05 20:40:06.885631: Step 1630: Train accuracy = 95.0%
INFO:tensorflow:2020-01-05 20:40:06.885841: Step 1630: Cross entropy = 0.311113
I0105 20:40:06.885875 139731002489728 retrain.py:1084] 2020-01-05 20:40:06.885841: Step 1630: Cross entropy = 0.311113
INFO:tensorflow:2020-01-05 20:40:06.962907: Step 1630: Validation accuracy = 48.0% (N=100)
I0105 20:40:06.962963 139731002489728 retrain.py:1100] 2020-01-05 20:40:06.962907: Step 1630: Validation accuracy = 48.0% (N=100)
INFO:tensorflow:2020-01-05 20:40:07.718323: Step 1640: Train accuracy = 97.0%
I0105 20:40:07.718389 139731002489728 retrain.py:1082] 2020-01-05 20:40:07.718323: Step 1640: Train accuracy = 97.0%
INFO:tensorflow:2020-01-05 20:40:07.718534: Step 1640: Cross entropy = 0.299623
I0105 20:40:07.718570 139731002489728 retrain.py:1084] 2020-01-05 20:40:07.718534: Step 1640: Cross entropy = 0.299623
INFO:tensorflow:2020-01-05 20:40:07.799436: Step 1640: Validation accuracy = 55.0% (N=100)
I0105 20:40:07.799493 139731002489728 retrain.py:1100] 2020-01-05 20:40:07.799436: Step 1640: Validation accuracy = 55.0% (N=100)
INFO:tensorflow:2020-01-05 20:40:08.546073: Step 1650: Train accuracy = 96.0%
I0105 20:40:08.546127 139731002489728 retrain.py:1082] 2020-01-05 20:40:08.546073: Step 1650: Train accuracy = 96.0%
INFO:tensorflow:2020-01-05 20:40:08.546268: Step 1650: Cross entropy = 0.280901
I0105 20:40:08.546310 139731002489728 retrain.py:1084] 2020-01-05 20:40:08.546268: Step 1650: Cross entropy = 0.280901
INFO:tensorflow:2020-01-05 20:40:08.625615: Step 1650: Validation accuracy = 56.0% (N=100)
I0105 20:40:08.625670 139731002489728 retrain.py:1100] 2020-01-05 20:40:08.625615: Step 1650: Validation accuracy = 56.0% (N=100)
INFO:tensorflow:2020-01-05 20:40:09.361537: Step 1660: Train accuracy = 99.0%
I0105 20:40:09.361639 139731002489728 retrain.py:1082] 2020-01-05 20:40:09.361537: Step 1660: Train accuracy = 99.0%
INFO:tensorflow:2020-01-05 20:40:09.361784: Step 1660: Cross entropy = 0.268026
I0105 20:40:09.361802 139731002489728 retrain.py:1084] 2020-01-05 20:40:09.361784: Step 1660: Cross entropy = 0.268026
INFO:tensorflow:2020-01-05 20:40:09.439213: Step 1660: Validation accuracy = 48.0% (N=100)
I0105 20:40:09.439307 139731002489728 retrain.py:1100] 2020-01-05 20:40:09.439213: Step 1660: Validation accuracy = 48.0% (N=100)
INFO:tensorflow:2020-01-05 20:40:10.194296: Step 1670: Train accuracy = 95.0%
I0105 20:40:10.194351 139731002489728 retrain.py:1082] 2020-01-05 20:40:10.194296: Step 1670: Train accuracy = 95.0%
INFO:tensorflow:2020-01-05 20:40:10.194484: Step 1670: Cross entropy = 0.285176
I0105 20:40:10.194504 139731002489728 retrain.py:1084] 2020-01-05 20:40:10.194484: Step 1670: Cross entropy = 0.285176
INFO:tensorflow:2020-01-05 20:40:10.284478: Step 1670: Validation accuracy = 58.0% (N=100)
I0105 20:40:10.284547 139731002489728 retrain.py:1100] 2020-01-05 20:40:10.284478: Step 1670: Validation accuracy = 58.0% (N=100)
INFO:tensorflow:2020-01-05 20:40:11.024683: Step 1680: Train accuracy = 97.0%
I0105 20:40:11.024738 139731002489728 retrain.py:1082] 2020-01-05 20:40:11.024683: Step 1680: Train accuracy = 97.0%
INFO:tensorflow:2020-01-05 20:40:11.024883: Step 1680: Cross entropy = 0.277029
I0105 20:40:11.024900 139731002489728 retrain.py:1084] 2020-01-05 20:40:11.024883: Step 1680: Cross entropy = 0.277029
INFO:tensorflow:2020-01-05 20:40:11.112535: Step 1680: Validation accuracy = 49.0% (N=100)
I0105 20:40:11.112594 139731002489728 retrain.py:1100] 2020-01-05 20:40:11.112535: Step 1680: Validation accuracy = 49.0% (N=100)
INFO:tensorflow:2020-01-05 20:40:11.852442: Step 1690: Train accuracy = 99.0%
I0105 20:40:11.852519 139731002489728 retrain.py:1082] 2020-01-05 20:40:11.852442: Step 1690: Train accuracy = 99.0%
INFO:tensorflow:2020-01-05 20:40:11.852685: Step 1690: Cross entropy = 0.264256
I0105 20:40:11.852705 139731002489728 retrain.py:1084] 2020-01-05 20:40:11.852685: Step 1690: Cross entropy = 0.264256
INFO:tensorflow:2020-01-05 20:40:11.940441: Step 1690: Validation accuracy = 58.0% (N=100)
I0105 20:40:11.940499 139731002489728 retrain.py:1100] 2020-01-05 20:40:11.940441: Step 1690: Validation accuracy = 58.0% (N=100)
INFO:tensorflow:2020-01-05 20:40:12.686535: Step 1700: Train accuracy = 97.0%
I0105 20:40:12.686589 139731002489728 retrain.py:1082] 2020-01-05 20:40:12.686535: Step 1700: Train accuracy = 97.0%
INFO:tensorflow:2020-01-05 20:40:12.686754: Step 1700: Cross entropy = 0.292213
I0105 20:40:12.686773 139731002489728 retrain.py:1084] 2020-01-05 20:40:12.686754: Step 1700: Cross entropy = 0.292213
INFO:tensorflow:2020-01-05 20:40:12.774593: Step 1700: Validation accuracy = 54.0% (N=100)
I0105 20:40:12.774650 139731002489728 retrain.py:1100] 2020-01-05 20:40:12.774593: Step 1700: Validation accuracy = 54.0% (N=100)
INFO:tensorflow:2020-01-05 20:40:13.525920: Step 1710: Train accuracy = 100.0%
I0105 20:40:13.525996 139731002489728 retrain.py:1082] 2020-01-05 20:40:13.525920: Step 1710: Train accuracy = 100.0%
INFO:tensorflow:2020-01-05 20:40:13.526160: Step 1710: Cross entropy = 0.256154
I0105 20:40:13.526185 139731002489728 retrain.py:1084] 2020-01-05 20:40:13.526160: Step 1710: Cross entropy = 0.256154
INFO:tensorflow:2020-01-05 20:40:13.605805: Step 1710: Validation accuracy = 54.0% (N=100)
I0105 20:40:13.605895 139731002489728 retrain.py:1100] 2020-01-05 20:40:13.605805: Step 1710: Validation accuracy = 54.0% (N=100)
INFO:tensorflow:2020-01-05 20:40:14.352790: Step 1720: Train accuracy = 96.0%
I0105 20:40:14.352845 139731002489728 retrain.py:1082] 2020-01-05 20:40:14.352790: Step 1720: Train accuracy = 96.0%
INFO:tensorflow:2020-01-05 20:40:14.353004: Step 1720: Cross entropy = 0.275172
I0105 20:40:14.353024 139731002489728 retrain.py:1084] 2020-01-05 20:40:14.353004: Step 1720: Cross entropy = 0.275172
INFO:tensorflow:2020-01-05 20:40:14.438775: Step 1720: Validation accuracy = 51.0% (N=100)
I0105 20:40:14.438858 139731002489728 retrain.py:1100] 2020-01-05 20:40:14.438775: Step 1720: Validation accuracy = 51.0% (N=100)
INFO:tensorflow:2020-01-05 20:40:15.199036: Step 1730: Train accuracy = 97.0%
I0105 20:40:15.199090 139731002489728 retrain.py:1082] 2020-01-05 20:40:15.199036: Step 1730: Train accuracy = 97.0%
INFO:tensorflow:2020-01-05 20:40:15.199232: Step 1730: Cross entropy = 0.289432
I0105 20:40:15.199254 139731002489728 retrain.py:1084] 2020-01-05 20:40:15.199232: Step 1730: Cross entropy = 0.289432
INFO:tensorflow:2020-01-05 20:40:15.277338: Step 1730: Validation accuracy = 62.0% (N=100)
I0105 20:40:15.277395 139731002489728 retrain.py:1100] 2020-01-05 20:40:15.277338: Step 1730: Validation accuracy = 62.0% (N=100)
INFO:tensorflow:2020-01-05 20:40:16.022190: Step 1740: Train accuracy = 93.0%
I0105 20:40:16.022244 139731002489728 retrain.py:1082] 2020-01-05 20:40:16.022190: Step 1740: Train accuracy = 93.0%
INFO:tensorflow:2020-01-05 20:40:16.022411: Step 1740: Cross entropy = 0.278902
I0105 20:40:16.022429 139731002489728 retrain.py:1084] 2020-01-05 20:40:16.022411: Step 1740: Cross entropy = 0.278902
INFO:tensorflow:2020-01-05 20:40:16.110576: Step 1740: Validation accuracy = 50.0% (N=100)
I0105 20:40:16.110634 139731002489728 retrain.py:1100] 2020-01-05 20:40:16.110576: Step 1740: Validation accuracy = 50.0% (N=100)
INFO:tensorflow:2020-01-05 20:40:16.851759: Step 1750: Train accuracy = 95.0%
I0105 20:40:16.851813 139731002489728 retrain.py:1082] 2020-01-05 20:40:16.851759: Step 1750: Train accuracy = 95.0%
INFO:tensorflow:2020-01-05 20:40:16.851947: Step 1750: Cross entropy = 0.300964
I0105 20:40:16.851963 139731002489728 retrain.py:1084] 2020-01-05 20:40:16.851947: Step 1750: Cross entropy = 0.300964
INFO:tensorflow:2020-01-05 20:40:16.938349: Step 1750: Validation accuracy = 51.0% (N=100)
I0105 20:40:16.938405 139731002489728 retrain.py:1100] 2020-01-05 20:40:16.938349: Step 1750: Validation accuracy = 51.0% (N=100)
INFO:tensorflow:2020-01-05 20:40:17.688068: Step 1760: Train accuracy = 95.0%
I0105 20:40:17.688122 139731002489728 retrain.py:1082] 2020-01-05 20:40:17.688068: Step 1760: Train accuracy = 95.0%
INFO:tensorflow:2020-01-05 20:40:17.688271: Step 1760: Cross entropy = 0.274585
I0105 20:40:17.688292 139731002489728 retrain.py:1084] 2020-01-05 20:40:17.688271: Step 1760: Cross entropy = 0.274585
INFO:tensorflow:2020-01-05 20:40:17.775887: Step 1760: Validation accuracy = 54.0% (N=100)
I0105 20:40:17.775943 139731002489728 retrain.py:1100] 2020-01-05 20:40:17.775887: Step 1760: Validation accuracy = 54.0% (N=100)
INFO:tensorflow:2020-01-05 20:40:18.515439: Step 1770: Train accuracy = 96.0%
I0105 20:40:18.515493 139731002489728 retrain.py:1082] 2020-01-05 20:40:18.515439: Step 1770: Train accuracy = 96.0%
INFO:tensorflow:2020-01-05 20:40:18.515645: Step 1770: Cross entropy = 0.296220
I0105 20:40:18.515667 139731002489728 retrain.py:1084] 2020-01-05 20:40:18.515645: Step 1770: Cross entropy = 0.296220
INFO:tensorflow:2020-01-05 20:40:18.602041: Step 1770: Validation accuracy = 64.0% (N=100)
I0105 20:40:18.602097 139731002489728 retrain.py:1100] 2020-01-05 20:40:18.602041: Step 1770: Validation accuracy = 64.0% (N=100)
INFO:tensorflow:2020-01-05 20:40:19.346678: Step 1780: Train accuracy = 95.0%
I0105 20:40:19.346733 139731002489728 retrain.py:1082] 2020-01-05 20:40:19.346678: Step 1780: Train accuracy = 95.0%
INFO:tensorflow:2020-01-05 20:40:19.346864: Step 1780: Cross entropy = 0.296358
I0105 20:40:19.346882 139731002489728 retrain.py:1084] 2020-01-05 20:40:19.346864: Step 1780: Cross entropy = 0.296358
INFO:tensorflow:2020-01-05 20:40:19.424915: Step 1780: Validation accuracy = 47.0% (N=100)
I0105 20:40:19.424995 139731002489728 retrain.py:1100] 2020-01-05 20:40:19.424915: Step 1780: Validation accuracy = 47.0% (N=100)
INFO:tensorflow:2020-01-05 20:40:20.169154: Step 1790: Train accuracy = 96.0%
I0105 20:40:20.169208 139731002489728 retrain.py:1082] 2020-01-05 20:40:20.169154: Step 1790: Train accuracy = 96.0%
INFO:tensorflow:2020-01-05 20:40:20.169362: Step 1790: Cross entropy = 0.256388
I0105 20:40:20.169387 139731002489728 retrain.py:1084] 2020-01-05 20:40:20.169362: Step 1790: Cross entropy = 0.256388
INFO:tensorflow:2020-01-05 20:40:20.247620: Step 1790: Validation accuracy = 62.0% (N=100)
I0105 20:40:20.247674 139731002489728 retrain.py:1100] 2020-01-05 20:40:20.247620: Step 1790: Validation accuracy = 62.0% (N=100)
INFO:tensorflow:2020-01-05 20:40:20.994194: Step 1800: Train accuracy = 97.0%
I0105 20:40:20.994250 139731002489728 retrain.py:1082] 2020-01-05 20:40:20.994194: Step 1800: Train accuracy = 97.0%
INFO:tensorflow:2020-01-05 20:40:20.994425: Step 1800: Cross entropy = 0.271030
I0105 20:40:20.994445 139731002489728 retrain.py:1084] 2020-01-05 20:40:20.994425: Step 1800: Cross entropy = 0.271030
INFO:tensorflow:2020-01-05 20:40:21.072991: Step 1800: Validation accuracy = 58.0% (N=100)
I0105 20:40:21.073062 139731002489728 retrain.py:1100] 2020-01-05 20:40:21.072991: Step 1800: Validation accuracy = 58.0% (N=100)
INFO:tensorflow:2020-01-05 20:40:21.828758: Step 1810: Train accuracy = 92.0%
I0105 20:40:21.828833 139731002489728 retrain.py:1082] 2020-01-05 20:40:21.828758: Step 1810: Train accuracy = 92.0%
INFO:tensorflow:2020-01-05 20:40:21.828994: Step 1810: Cross entropy = 0.299563
I0105 20:40:21.829014 139731002489728 retrain.py:1084] 2020-01-05 20:40:21.828994: Step 1810: Cross entropy = 0.299563
INFO:tensorflow:2020-01-05 20:40:21.918158: Step 1810: Validation accuracy = 62.0% (N=100)
I0105 20:40:21.918214 139731002489728 retrain.py:1100] 2020-01-05 20:40:21.918158: Step 1810: Validation accuracy = 62.0% (N=100)
INFO:tensorflow:2020-01-05 20:40:22.673102: Step 1820: Train accuracy = 93.0%
I0105 20:40:22.673156 139731002489728 retrain.py:1082] 2020-01-05 20:40:22.673102: Step 1820: Train accuracy = 93.0%
INFO:tensorflow:2020-01-05 20:40:22.673288: Step 1820: Cross entropy = 0.299371
I0105 20:40:22.673305 139731002489728 retrain.py:1084] 2020-01-05 20:40:22.673288: Step 1820: Cross entropy = 0.299371
INFO:tensorflow:2020-01-05 20:40:22.753507: Step 1820: Validation accuracy = 54.0% (N=100)
I0105 20:40:22.753564 139731002489728 retrain.py:1100] 2020-01-05 20:40:22.753507: Step 1820: Validation accuracy = 54.0% (N=100)
INFO:tensorflow:2020-01-05 20:40:23.501898: Step 1830: Train accuracy = 99.0%
I0105 20:40:23.501955 139731002489728 retrain.py:1082] 2020-01-05 20:40:23.501898: Step 1830: Train accuracy = 99.0%
INFO:tensorflow:2020-01-05 20:40:23.502117: Step 1830: Cross entropy = 0.235633
I0105 20:40:23.502176 139731002489728 retrain.py:1084] 2020-01-05 20:40:23.502117: Step 1830: Cross entropy = 0.235633
INFO:tensorflow:2020-01-05 20:40:23.580861: Step 1830: Validation accuracy = 58.0% (N=100)
I0105 20:40:23.580937 139731002489728 retrain.py:1100] 2020-01-05 20:40:23.580861: Step 1830: Validation accuracy = 58.0% (N=100)
INFO:tensorflow:2020-01-05 20:40:24.328945: Step 1840: Train accuracy = 98.0%
I0105 20:40:24.329000 139731002489728 retrain.py:1082] 2020-01-05 20:40:24.328945: Step 1840: Train accuracy = 98.0%
INFO:tensorflow:2020-01-05 20:40:24.329136: Step 1840: Cross entropy = 0.279634
I0105 20:40:24.329159 139731002489728 retrain.py:1084] 2020-01-05 20:40:24.329136: Step 1840: Cross entropy = 0.279634
INFO:tensorflow:2020-01-05 20:40:24.410217: Step 1840: Validation accuracy = 58.0% (N=100)
I0105 20:40:24.410287 139731002489728 retrain.py:1100] 2020-01-05 20:40:24.410217: Step 1840: Validation accuracy = 58.0% (N=100)
INFO:tensorflow:2020-01-05 20:40:25.163510: Step 1850: Train accuracy = 97.0%
I0105 20:40:25.163566 139731002489728 retrain.py:1082] 2020-01-05 20:40:25.163510: Step 1850: Train accuracy = 97.0%
INFO:tensorflow:2020-01-05 20:40:25.163718: Step 1850: Cross entropy = 0.255611
I0105 20:40:25.163738 139731002489728 retrain.py:1084] 2020-01-05 20:40:25.163718: Step 1850: Cross entropy = 0.255611
INFO:tensorflow:2020-01-05 20:40:25.244491: Step 1850: Validation accuracy = 47.0% (N=100)
I0105 20:40:25.244547 139731002489728 retrain.py:1100] 2020-01-05 20:40:25.244491: Step 1850: Validation accuracy = 47.0% (N=100)
INFO:tensorflow:2020-01-05 20:40:26.000148: Step 1860: Train accuracy = 96.0%
I0105 20:40:26.000204 139731002489728 retrain.py:1082] 2020-01-05 20:40:26.000148: Step 1860: Train accuracy = 96.0%
INFO:tensorflow:2020-01-05 20:40:26.000390: Step 1860: Cross entropy = 0.295728
I0105 20:40:26.000411 139731002489728 retrain.py:1084] 2020-01-05 20:40:26.000390: Step 1860: Cross entropy = 0.295728
INFO:tensorflow:2020-01-05 20:40:26.081840: Step 1860: Validation accuracy = 59.0% (N=100)
I0105 20:40:26.081907 139731002489728 retrain.py:1100] 2020-01-05 20:40:26.081840: Step 1860: Validation accuracy = 59.0% (N=100)
INFO:tensorflow:2020-01-05 20:40:26.816557: Step 1870: Train accuracy = 96.0%
I0105 20:40:26.816634 139731002489728 retrain.py:1082] 2020-01-05 20:40:26.816557: Step 1870: Train accuracy = 96.0%
INFO:tensorflow:2020-01-05 20:40:26.816782: Step 1870: Cross entropy = 0.265708
I0105 20:40:26.816804 139731002489728 retrain.py:1084] 2020-01-05 20:40:26.816782: Step 1870: Cross entropy = 0.265708
INFO:tensorflow:2020-01-05 20:40:26.894105: Step 1870: Validation accuracy = 50.0% (N=100)
I0105 20:40:26.894183 139731002489728 retrain.py:1100] 2020-01-05 20:40:26.894105: Step 1870: Validation accuracy = 50.0% (N=100)
INFO:tensorflow:2020-01-05 20:40:27.658726: Step 1880: Train accuracy = 98.0%
I0105 20:40:27.658801 139731002489728 retrain.py:1082] 2020-01-05 20:40:27.658726: Step 1880: Train accuracy = 98.0%
INFO:tensorflow:2020-01-05 20:40:27.658951: Step 1880: Cross entropy = 0.248187
I0105 20:40:27.658971 139731002489728 retrain.py:1084] 2020-01-05 20:40:27.658951: Step 1880: Cross entropy = 0.248187
INFO:tensorflow:2020-01-05 20:40:27.738201: Step 1880: Validation accuracy = 64.0% (N=100)
I0105 20:40:27.738259 139731002489728 retrain.py:1100] 2020-01-05 20:40:27.738201: Step 1880: Validation accuracy = 64.0% (N=100)
INFO:tensorflow:2020-01-05 20:40:28.491849: Step 1890: Train accuracy = 99.0%
I0105 20:40:28.491904 139731002489728 retrain.py:1082] 2020-01-05 20:40:28.491849: Step 1890: Train accuracy = 99.0%
INFO:tensorflow:2020-01-05 20:40:28.492080: Step 1890: Cross entropy = 0.234667
I0105 20:40:28.492100 139731002489728 retrain.py:1084] 2020-01-05 20:40:28.492080: Step 1890: Cross entropy = 0.234667
INFO:tensorflow:2020-01-05 20:40:28.577160: Step 1890: Validation accuracy = 51.0% (N=100)
I0105 20:40:28.577214 139731002489728 retrain.py:1100] 2020-01-05 20:40:28.577160: Step 1890: Validation accuracy = 51.0% (N=100)
INFO:tensorflow:2020-01-05 20:40:29.332275: Step 1900: Train accuracy = 98.0%
I0105 20:40:29.332344 139731002489728 retrain.py:1082] 2020-01-05 20:40:29.332275: Step 1900: Train accuracy = 98.0%
INFO:tensorflow:2020-01-05 20:40:29.332519: Step 1900: Cross entropy = 0.244460
I0105 20:40:29.332541 139731002489728 retrain.py:1084] 2020-01-05 20:40:29.332519: Step 1900: Cross entropy = 0.244460
INFO:tensorflow:2020-01-05 20:40:29.410819: Step 1900: Validation accuracy = 60.0% (N=100)
I0105 20:40:29.410897 139731002489728 retrain.py:1100] 2020-01-05 20:40:29.410819: Step 1900: Validation accuracy = 60.0% (N=100)
INFO:tensorflow:2020-01-05 20:40:30.169319: Step 1910: Train accuracy = 94.0%
I0105 20:40:30.169375 139731002489728 retrain.py:1082] 2020-01-05 20:40:30.169319: Step 1910: Train accuracy = 94.0%
INFO:tensorflow:2020-01-05 20:40:30.169528: Step 1910: Cross entropy = 0.279140
I0105 20:40:30.169544 139731002489728 retrain.py:1084] 2020-01-05 20:40:30.169528: Step 1910: Cross entropy = 0.279140
INFO:tensorflow:2020-01-05 20:40:30.256090: Step 1910: Validation accuracy = 58.0% (N=100)
I0105 20:40:30.256144 139731002489728 retrain.py:1100] 2020-01-05 20:40:30.256090: Step 1910: Validation accuracy = 58.0% (N=100)
INFO:tensorflow:2020-01-05 20:40:30.995620: Step 1920: Train accuracy = 99.0%
I0105 20:40:30.995693 139731002489728 retrain.py:1082] 2020-01-05 20:40:30.995620: Step 1920: Train accuracy = 99.0%
INFO:tensorflow:2020-01-05 20:40:30.995829: Step 1920: Cross entropy = 0.245278
I0105 20:40:30.995861 139731002489728 retrain.py:1084] 2020-01-05 20:40:30.995829: Step 1920: Cross entropy = 0.245278
INFO:tensorflow:2020-01-05 20:40:31.075432: Step 1920: Validation accuracy = 59.0% (N=100)
I0105 20:40:31.075510 139731002489728 retrain.py:1100] 2020-01-05 20:40:31.075432: Step 1920: Validation accuracy = 59.0% (N=100)
INFO:tensorflow:2020-01-05 20:40:31.833120: Step 1930: Train accuracy = 96.0%
I0105 20:40:31.833197 139731002489728 retrain.py:1082] 2020-01-05 20:40:31.833120: Step 1930: Train accuracy = 96.0%
INFO:tensorflow:2020-01-05 20:40:31.833374: Step 1930: Cross entropy = 0.285757
I0105 20:40:31.833389 139731002489728 retrain.py:1084] 2020-01-05 20:40:31.833374: Step 1930: Cross entropy = 0.285757
INFO:tensorflow:2020-01-05 20:40:31.914319: Step 1930: Validation accuracy = 59.0% (N=100)
I0105 20:40:31.914376 139731002489728 retrain.py:1100] 2020-01-05 20:40:31.914319: Step 1930: Validation accuracy = 59.0% (N=100)
INFO:tensorflow:2020-01-05 20:40:32.661008: Step 1940: Train accuracy = 98.0%
I0105 20:40:32.661064 139731002489728 retrain.py:1082] 2020-01-05 20:40:32.661008: Step 1940: Train accuracy = 98.0%
INFO:tensorflow:2020-01-05 20:40:32.661240: Step 1940: Cross entropy = 0.237674
I0105 20:40:32.661260 139731002489728 retrain.py:1084] 2020-01-05 20:40:32.661240: Step 1940: Cross entropy = 0.237674
INFO:tensorflow:2020-01-05 20:40:32.740557: Step 1940: Validation accuracy = 58.0% (N=100)
I0105 20:40:32.740612 139731002489728 retrain.py:1100] 2020-01-05 20:40:32.740557: Step 1940: Validation accuracy = 58.0% (N=100)
INFO:tensorflow:2020-01-05 20:40:33.493199: Step 1950: Train accuracy = 98.0%
I0105 20:40:33.493271 139731002489728 retrain.py:1082] 2020-01-05 20:40:33.493199: Step 1950: Train accuracy = 98.0%
INFO:tensorflow:2020-01-05 20:40:33.493426: Step 1950: Cross entropy = 0.256410
I0105 20:40:33.493452 139731002489728 retrain.py:1084] 2020-01-05 20:40:33.493426: Step 1950: Cross entropy = 0.256410
INFO:tensorflow:2020-01-05 20:40:33.570884: Step 1950: Validation accuracy = 60.0% (N=100)
I0105 20:40:33.570941 139731002489728 retrain.py:1100] 2020-01-05 20:40:33.570884: Step 1950: Validation accuracy = 60.0% (N=100)
INFO:tensorflow:2020-01-05 20:40:34.327933: Step 1960: Train accuracy = 97.0%
I0105 20:40:34.327989 139731002489728 retrain.py:1082] 2020-01-05 20:40:34.327933: Step 1960: Train accuracy = 97.0%
INFO:tensorflow:2020-01-05 20:40:34.328160: Step 1960: Cross entropy = 0.252471
I0105 20:40:34.328176 139731002489728 retrain.py:1084] 2020-01-05 20:40:34.328160: Step 1960: Cross entropy = 0.252471
INFO:tensorflow:2020-01-05 20:40:34.416746: Step 1960: Validation accuracy = 54.0% (N=100)
I0105 20:40:34.416801 139731002489728 retrain.py:1100] 2020-01-05 20:40:34.416746: Step 1960: Validation accuracy = 54.0% (N=100)
INFO:tensorflow:2020-01-05 20:40:35.170090: Step 1970: Train accuracy = 94.0%
I0105 20:40:35.170158 139731002489728 retrain.py:1082] 2020-01-05 20:40:35.170090: Step 1970: Train accuracy = 94.0%
INFO:tensorflow:2020-01-05 20:40:35.170310: Step 1970: Cross entropy = 0.291740
I0105 20:40:35.170326 139731002489728 retrain.py:1084] 2020-01-05 20:40:35.170310: Step 1970: Cross entropy = 0.291740
INFO:tensorflow:2020-01-05 20:40:35.249106: Step 1970: Validation accuracy = 51.0% (N=100)
I0105 20:40:35.249162 139731002489728 retrain.py:1100] 2020-01-05 20:40:35.249106: Step 1970: Validation accuracy = 51.0% (N=100)
INFO:tensorflow:2020-01-05 20:40:36.002527: Step 1980: Train accuracy = 98.0%
I0105 20:40:36.002582 139731002489728 retrain.py:1082] 2020-01-05 20:40:36.002527: Step 1980: Train accuracy = 98.0%
INFO:tensorflow:2020-01-05 20:40:36.002739: Step 1980: Cross entropy = 0.279372
I0105 20:40:36.002755 139731002489728 retrain.py:1084] 2020-01-05 20:40:36.002739: Step 1980: Cross entropy = 0.279372
INFO:tensorflow:2020-01-05 20:40:36.081691: Step 1980: Validation accuracy = 59.0% (N=100)
I0105 20:40:36.081748 139731002489728 retrain.py:1100] 2020-01-05 20:40:36.081691: Step 1980: Validation accuracy = 59.0% (N=100)
INFO:tensorflow:2020-01-05 20:40:36.826688: Step 1990: Train accuracy = 96.0%
I0105 20:40:36.826742 139731002489728 retrain.py:1082] 2020-01-05 20:40:36.826688: Step 1990: Train accuracy = 96.0%
INFO:tensorflow:2020-01-05 20:40:36.826895: Step 1990: Cross entropy = 0.273861
I0105 20:40:36.826913 139731002489728 retrain.py:1084] 2020-01-05 20:40:36.826895: Step 1990: Cross entropy = 0.273861
INFO:tensorflow:2020-01-05 20:40:36.915616: Step 1990: Validation accuracy = 58.0% (N=100)
I0105 20:40:36.915673 139731002489728 retrain.py:1100] 2020-01-05 20:40:36.915616: Step 1990: Validation accuracy = 58.0% (N=100)
INFO:tensorflow:2020-01-05 20:40:37.662563: Step 2000: Train accuracy = 97.0%
I0105 20:40:37.662617 139731002489728 retrain.py:1082] 2020-01-05 20:40:37.662563: Step 2000: Train accuracy = 97.0%
INFO:tensorflow:2020-01-05 20:40:37.662778: Step 2000: Cross entropy = 0.284781
I0105 20:40:37.662801 139731002489728 retrain.py:1084] 2020-01-05 20:40:37.662778: Step 2000: Cross entropy = 0.284781
INFO:tensorflow:2020-01-05 20:40:37.745496: Step 2000: Validation accuracy = 51.0% (N=100)
I0105 20:40:37.745551 139731002489728 retrain.py:1100] 2020-01-05 20:40:37.745496: Step 2000: Validation accuracy = 51.0% (N=100)
INFO:tensorflow:2020-01-05 20:40:38.492000: Step 2010: Train accuracy = 96.0%
I0105 20:40:38.492068 139731002489728 retrain.py:1082] 2020-01-05 20:40:38.492000: Step 2010: Train accuracy = 96.0%
INFO:tensorflow:2020-01-05 20:40:38.492223: Step 2010: Cross entropy = 0.270783
I0105 20:40:38.492245 139731002489728 retrain.py:1084] 2020-01-05 20:40:38.492223: Step 2010: Cross entropy = 0.270783
INFO:tensorflow:2020-01-05 20:40:38.571924: Step 2010: Validation accuracy = 49.0% (N=100)
I0105 20:40:38.571979 139731002489728 retrain.py:1100] 2020-01-05 20:40:38.571924: Step 2010: Validation accuracy = 49.0% (N=100)
INFO:tensorflow:2020-01-05 20:40:39.325399: Step 2020: Train accuracy = 94.0%
I0105 20:40:39.325453 139731002489728 retrain.py:1082] 2020-01-05 20:40:39.325399: Step 2020: Train accuracy = 94.0%
INFO:tensorflow:2020-01-05 20:40:39.325592: Step 2020: Cross entropy = 0.296992
I0105 20:40:39.325612 139731002489728 retrain.py:1084] 2020-01-05 20:40:39.325592: Step 2020: Cross entropy = 0.296992
INFO:tensorflow:2020-01-05 20:40:39.413573: Step 2020: Validation accuracy = 48.0% (N=100)
I0105 20:40:39.413665 139731002489728 retrain.py:1100] 2020-01-05 20:40:39.413573: Step 2020: Validation accuracy = 48.0% (N=100)
INFO:tensorflow:2020-01-05 20:40:40.166936: Step 2030: Train accuracy = 96.0%
I0105 20:40:40.166990 139731002489728 retrain.py:1082] 2020-01-05 20:40:40.166936: Step 2030: Train accuracy = 96.0%
INFO:tensorflow:2020-01-05 20:40:40.167170: Step 2030: Cross entropy = 0.267434
I0105 20:40:40.167190 139731002489728 retrain.py:1084] 2020-01-05 20:40:40.167170: Step 2030: Cross entropy = 0.267434
INFO:tensorflow:2020-01-05 20:40:40.246108: Step 2030: Validation accuracy = 55.0% (N=100)
I0105 20:40:40.246169 139731002489728 retrain.py:1100] 2020-01-05 20:40:40.246108: Step 2030: Validation accuracy = 55.0% (N=100)
INFO:tensorflow:2020-01-05 20:40:41.000182: Step 2040: Train accuracy = 99.0%
I0105 20:40:41.000236 139731002489728 retrain.py:1082] 2020-01-05 20:40:41.000182: Step 2040: Train accuracy = 99.0%
INFO:tensorflow:2020-01-05 20:40:41.000400: Step 2040: Cross entropy = 0.253160
I0105 20:40:41.000422 139731002489728 retrain.py:1084] 2020-01-05 20:40:41.000400: Step 2040: Cross entropy = 0.253160
INFO:tensorflow:2020-01-05 20:40:41.079596: Step 2040: Validation accuracy = 58.0% (N=100)
I0105 20:40:41.079653 139731002489728 retrain.py:1100] 2020-01-05 20:40:41.079596: Step 2040: Validation accuracy = 58.0% (N=100)
INFO:tensorflow:2020-01-05 20:40:41.832324: Step 2050: Train accuracy = 96.0%
I0105 20:40:41.832380 139731002489728 retrain.py:1082] 2020-01-05 20:40:41.832324: Step 2050: Train accuracy = 96.0%
INFO:tensorflow:2020-01-05 20:40:41.832545: Step 2050: Cross entropy = 0.271027
I0105 20:40:41.832560 139731002489728 retrain.py:1084] 2020-01-05 20:40:41.832545: Step 2050: Cross entropy = 0.271027
INFO:tensorflow:2020-01-05 20:40:41.919077: Step 2050: Validation accuracy = 55.0% (N=100)
I0105 20:40:41.919136 139731002489728 retrain.py:1100] 2020-01-05 20:40:41.919077: Step 2050: Validation accuracy = 55.0% (N=100)
INFO:tensorflow:2020-01-05 20:40:42.671636: Step 2060: Train accuracy = 96.0%
I0105 20:40:42.671690 139731002489728 retrain.py:1082] 2020-01-05 20:40:42.671636: Step 2060: Train accuracy = 96.0%
INFO:tensorflow:2020-01-05 20:40:42.671847: Step 2060: Cross entropy = 0.257324
I0105 20:40:42.671867 139731002489728 retrain.py:1084] 2020-01-05 20:40:42.671847: Step 2060: Cross entropy = 0.257324
INFO:tensorflow:2020-01-05 20:40:42.755636: Step 2060: Validation accuracy = 45.0% (N=100)
I0105 20:40:42.755701 139731002489728 retrain.py:1100] 2020-01-05 20:40:42.755636: Step 2060: Validation accuracy = 45.0% (N=100)
INFO:tensorflow:2020-01-05 20:40:43.499848: Step 2070: Train accuracy = 96.0%
I0105 20:40:43.499901 139731002489728 retrain.py:1082] 2020-01-05 20:40:43.499848: Step 2070: Train accuracy = 96.0%
INFO:tensorflow:2020-01-05 20:40:43.500029: Step 2070: Cross entropy = 0.268204
I0105 20:40:43.500048 139731002489728 retrain.py:1084] 2020-01-05 20:40:43.500029: Step 2070: Cross entropy = 0.268204
INFO:tensorflow:2020-01-05 20:40:43.580115: Step 2070: Validation accuracy = 56.0% (N=100)
I0105 20:40:43.580172 139731002489728 retrain.py:1100] 2020-01-05 20:40:43.580115: Step 2070: Validation accuracy = 56.0% (N=100)
INFO:tensorflow:2020-01-05 20:40:44.335989: Step 2080: Train accuracy = 99.0%
I0105 20:40:44.336045 139731002489728 retrain.py:1082] 2020-01-05 20:40:44.335989: Step 2080: Train accuracy = 99.0%
INFO:tensorflow:2020-01-05 20:40:44.336177: Step 2080: Cross entropy = 0.227124
I0105 20:40:44.336194 139731002489728 retrain.py:1084] 2020-01-05 20:40:44.336177: Step 2080: Cross entropy = 0.227124
INFO:tensorflow:2020-01-05 20:40:44.425625: Step 2080: Validation accuracy = 52.0% (N=100)
I0105 20:40:44.425718 139731002489728 retrain.py:1100] 2020-01-05 20:40:44.425625: Step 2080: Validation accuracy = 52.0% (N=100)
INFO:tensorflow:2020-01-05 20:40:45.182209: Step 2090: Train accuracy = 98.0%
I0105 20:40:45.182264 139731002489728 retrain.py:1082] 2020-01-05 20:40:45.182209: Step 2090: Train accuracy = 98.0%
INFO:tensorflow:2020-01-05 20:40:45.182434: Step 2090: Cross entropy = 0.239920
I0105 20:40:45.182450 139731002489728 retrain.py:1084] 2020-01-05 20:40:45.182434: Step 2090: Cross entropy = 0.239920
INFO:tensorflow:2020-01-05 20:40:45.262056: Step 2090: Validation accuracy = 47.0% (N=100)
I0105 20:40:45.262111 139731002489728 retrain.py:1100] 2020-01-05 20:40:45.262056: Step 2090: Validation accuracy = 47.0% (N=100)
INFO:tensorflow:2020-01-05 20:40:46.022864: Step 2100: Train accuracy = 98.0%
I0105 20:40:46.022940 139731002489728 retrain.py:1082] 2020-01-05 20:40:46.022864: Step 2100: Train accuracy = 98.0%
INFO:tensorflow:2020-01-05 20:40:46.023110: Step 2100: Cross entropy = 0.251276
I0105 20:40:46.023130 139731002489728 retrain.py:1084] 2020-01-05 20:40:46.023110: Step 2100: Cross entropy = 0.251276
INFO:tensorflow:2020-01-05 20:40:46.103519: Step 2100: Validation accuracy = 51.0% (N=100)
I0105 20:40:46.103576 139731002489728 retrain.py:1100] 2020-01-05 20:40:46.103519: Step 2100: Validation accuracy = 51.0% (N=100)
INFO:tensorflow:2020-01-05 20:40:46.852198: Step 2110: Train accuracy = 96.0%
I0105 20:40:46.852263 139731002489728 retrain.py:1082] 2020-01-05 20:40:46.852198: Step 2110: Train accuracy = 96.0%
INFO:tensorflow:2020-01-05 20:40:46.852453: Step 2110: Cross entropy = 0.276869
I0105 20:40:46.852474 139731002489728 retrain.py:1084] 2020-01-05 20:40:46.852453: Step 2110: Cross entropy = 0.276869
INFO:tensorflow:2020-01-05 20:40:46.932098: Step 2110: Validation accuracy = 59.0% (N=100)
I0105 20:40:46.932157 139731002489728 retrain.py:1100] 2020-01-05 20:40:46.932098: Step 2110: Validation accuracy = 59.0% (N=100)
INFO:tensorflow:2020-01-05 20:40:47.676642: Step 2120: Train accuracy = 95.0%
I0105 20:40:47.676697 139731002489728 retrain.py:1082] 2020-01-05 20:40:47.676642: Step 2120: Train accuracy = 95.0%
INFO:tensorflow:2020-01-05 20:40:47.676842: Step 2120: Cross entropy = 0.248470
I0105 20:40:47.676858 139731002489728 retrain.py:1084] 2020-01-05 20:40:47.676842: Step 2120: Cross entropy = 0.248470
INFO:tensorflow:2020-01-05 20:40:47.764047: Step 2120: Validation accuracy = 55.0% (N=100)
I0105 20:40:47.764101 139731002489728 retrain.py:1100] 2020-01-05 20:40:47.764047: Step 2120: Validation accuracy = 55.0% (N=100)
INFO:tensorflow:2020-01-05 20:40:48.524488: Step 2130: Train accuracy = 96.0%
I0105 20:40:48.524541 139731002489728 retrain.py:1082] 2020-01-05 20:40:48.524488: Step 2130: Train accuracy = 96.0%
INFO:tensorflow:2020-01-05 20:40:48.524726: Step 2130: Cross entropy = 0.254412
I0105 20:40:48.524765 139731002489728 retrain.py:1084] 2020-01-05 20:40:48.524726: Step 2130: Cross entropy = 0.254412
INFO:tensorflow:2020-01-05 20:40:48.613622: Step 2130: Validation accuracy = 52.0% (N=100)
I0105 20:40:48.613692 139731002489728 retrain.py:1100] 2020-01-05 20:40:48.613622: Step 2130: Validation accuracy = 52.0% (N=100)
INFO:tensorflow:2020-01-05 20:40:49.369336: Step 2140: Train accuracy = 99.0%
I0105 20:40:49.369405 139731002489728 retrain.py:1082] 2020-01-05 20:40:49.369336: Step 2140: Train accuracy = 99.0%
INFO:tensorflow:2020-01-05 20:40:49.369580: Step 2140: Cross entropy = 0.238703
I0105 20:40:49.369687 139731002489728 retrain.py:1084] 2020-01-05 20:40:49.369580: Step 2140: Cross entropy = 0.238703
INFO:tensorflow:2020-01-05 20:40:49.457129: Step 2140: Validation accuracy = 56.0% (N=100)
I0105 20:40:49.457184 139731002489728 retrain.py:1100] 2020-01-05 20:40:49.457129: Step 2140: Validation accuracy = 56.0% (N=100)
INFO:tensorflow:2020-01-05 20:40:50.215148: Step 2150: Train accuracy = 98.0%
I0105 20:40:50.215202 139731002489728 retrain.py:1082] 2020-01-05 20:40:50.215148: Step 2150: Train accuracy = 98.0%
INFO:tensorflow:2020-01-05 20:40:50.215358: Step 2150: Cross entropy = 0.228501
I0105 20:40:50.215377 139731002489728 retrain.py:1084] 2020-01-05 20:40:50.215358: Step 2150: Cross entropy = 0.228501
INFO:tensorflow:2020-01-05 20:40:50.300895: Step 2150: Validation accuracy = 55.0% (N=100)
I0105 20:40:50.300953 139731002489728 retrain.py:1100] 2020-01-05 20:40:50.300895: Step 2150: Validation accuracy = 55.0% (N=100)
INFO:tensorflow:2020-01-05 20:40:51.056011: Step 2160: Train accuracy = 96.0%
I0105 20:40:51.056068 139731002489728 retrain.py:1082] 2020-01-05 20:40:51.056011: Step 2160: Train accuracy = 96.0%
INFO:tensorflow:2020-01-05 20:40:51.056253: Step 2160: Cross entropy = 0.264844
I0105 20:40:51.056276 139731002489728 retrain.py:1084] 2020-01-05 20:40:51.056253: Step 2160: Cross entropy = 0.264844
INFO:tensorflow:2020-01-05 20:40:51.144801: Step 2160: Validation accuracy = 55.0% (N=100)
I0105 20:40:51.144857 139731002489728 retrain.py:1100] 2020-01-05 20:40:51.144801: Step 2160: Validation accuracy = 55.0% (N=100)
INFO:tensorflow:2020-01-05 20:40:51.894971: Step 2170: Train accuracy = 93.0%
I0105 20:40:51.895025 139731002489728 retrain.py:1082] 2020-01-05 20:40:51.894971: Step 2170: Train accuracy = 93.0%
INFO:tensorflow:2020-01-05 20:40:51.895191: Step 2170: Cross entropy = 0.279033
I0105 20:40:51.895207 139731002489728 retrain.py:1084] 2020-01-05 20:40:51.895191: Step 2170: Cross entropy = 0.279033
INFO:tensorflow:2020-01-05 20:40:51.975320: Step 2170: Validation accuracy = 57.0% (N=100)
I0105 20:40:51.975401 139731002489728 retrain.py:1100] 2020-01-05 20:40:51.975320: Step 2170: Validation accuracy = 57.0% (N=100)
INFO:tensorflow:2020-01-05 20:40:52.718544: Step 2180: Train accuracy = 96.0%
I0105 20:40:52.718598 139731002489728 retrain.py:1082] 2020-01-05 20:40:52.718544: Step 2180: Train accuracy = 96.0%
INFO:tensorflow:2020-01-05 20:40:52.718741: Step 2180: Cross entropy = 0.246696
I0105 20:40:52.718761 139731002489728 retrain.py:1084] 2020-01-05 20:40:52.718741: Step 2180: Cross entropy = 0.246696
INFO:tensorflow:2020-01-05 20:40:52.805554: Step 2180: Validation accuracy = 47.0% (N=100)
I0105 20:40:52.805619 139731002489728 retrain.py:1100] 2020-01-05 20:40:52.805554: Step 2180: Validation accuracy = 47.0% (N=100)
INFO:tensorflow:2020-01-05 20:40:53.550130: Step 2190: Train accuracy = 96.0%
I0105 20:40:53.550207 139731002489728 retrain.py:1082] 2020-01-05 20:40:53.550130: Step 2190: Train accuracy = 96.0%
INFO:tensorflow:2020-01-05 20:40:53.550351: Step 2190: Cross entropy = 0.287948
I0105 20:40:53.550372 139731002489728 retrain.py:1084] 2020-01-05 20:40:53.550351: Step 2190: Cross entropy = 0.287948
INFO:tensorflow:2020-01-05 20:40:53.638959: Step 2190: Validation accuracy = 61.0% (N=100)
I0105 20:40:53.639040 139731002489728 retrain.py:1100] 2020-01-05 20:40:53.638959: Step 2190: Validation accuracy = 61.0% (N=100)
INFO:tensorflow:2020-01-05 20:40:54.391884: Step 2200: Train accuracy = 99.0%
I0105 20:40:54.391952 139731002489728 retrain.py:1082] 2020-01-05 20:40:54.391884: Step 2200: Train accuracy = 99.0%
INFO:tensorflow:2020-01-05 20:40:54.392130: Step 2200: Cross entropy = 0.269624
I0105 20:40:54.392149 139731002489728 retrain.py:1084] 2020-01-05 20:40:54.392130: Step 2200: Cross entropy = 0.269624
INFO:tensorflow:2020-01-05 20:40:54.478524: Step 2200: Validation accuracy = 59.0% (N=100)
I0105 20:40:54.478580 139731002489728 retrain.py:1100] 2020-01-05 20:40:54.478524: Step 2200: Validation accuracy = 59.0% (N=100)
INFO:tensorflow:2020-01-05 20:40:55.226008: Step 2210: Train accuracy = 98.0%
I0105 20:40:55.226064 139731002489728 retrain.py:1082] 2020-01-05 20:40:55.226008: Step 2210: Train accuracy = 98.0%
INFO:tensorflow:2020-01-05 20:40:55.226224: Step 2210: Cross entropy = 0.261841
I0105 20:40:55.226244 139731002489728 retrain.py:1084] 2020-01-05 20:40:55.226224: Step 2210: Cross entropy = 0.261841
INFO:tensorflow:2020-01-05 20:40:55.314796: Step 2210: Validation accuracy = 55.0% (N=100)
I0105 20:40:55.314875 139731002489728 retrain.py:1100] 2020-01-05 20:40:55.314796: Step 2210: Validation accuracy = 55.0% (N=100)
INFO:tensorflow:2020-01-05 20:40:56.078420: Step 2220: Train accuracy = 97.0%
I0105 20:40:56.078474 139731002489728 retrain.py:1082] 2020-01-05 20:40:56.078420: Step 2220: Train accuracy = 97.0%
INFO:tensorflow:2020-01-05 20:40:56.078646: Step 2220: Cross entropy = 0.250521
I0105 20:40:56.078665 139731002489728 retrain.py:1084] 2020-01-05 20:40:56.078646: Step 2220: Cross entropy = 0.250521
INFO:tensorflow:2020-01-05 20:40:56.160159: Step 2220: Validation accuracy = 50.0% (N=100)
I0105 20:40:56.160235 139731002489728 retrain.py:1100] 2020-01-05 20:40:56.160159: Step 2220: Validation accuracy = 50.0% (N=100)
INFO:tensorflow:2020-01-05 20:40:56.905873: Step 2230: Train accuracy = 98.0%
I0105 20:40:56.905953 139731002489728 retrain.py:1082] 2020-01-05 20:40:56.905873: Step 2230: Train accuracy = 98.0%
INFO:tensorflow:2020-01-05 20:40:56.906088: Step 2230: Cross entropy = 0.261792
I0105 20:40:56.906109 139731002489728 retrain.py:1084] 2020-01-05 20:40:56.906088: Step 2230: Cross entropy = 0.261792
INFO:tensorflow:2020-01-05 20:40:56.984189: Step 2230: Validation accuracy = 61.0% (N=100)
I0105 20:40:56.984271 139731002489728 retrain.py:1100] 2020-01-05 20:40:56.984189: Step 2230: Validation accuracy = 61.0% (N=100)
INFO:tensorflow:2020-01-05 20:40:57.733712: Step 2240: Train accuracy = 99.0%
I0105 20:40:57.733769 139731002489728 retrain.py:1082] 2020-01-05 20:40:57.733712: Step 2240: Train accuracy = 99.0%
INFO:tensorflow:2020-01-05 20:40:57.733945: Step 2240: Cross entropy = 0.248035
I0105 20:40:57.733977 139731002489728 retrain.py:1084] 2020-01-05 20:40:57.733945: Step 2240: Cross entropy = 0.248035
INFO:tensorflow:2020-01-05 20:40:57.815303: Step 2240: Validation accuracy = 51.0% (N=100)
I0105 20:40:57.815359 139731002489728 retrain.py:1100] 2020-01-05 20:40:57.815303: Step 2240: Validation accuracy = 51.0% (N=100)
INFO:tensorflow:2020-01-05 20:40:58.559139: Step 2250: Train accuracy = 98.0%
I0105 20:40:58.559195 139731002489728 retrain.py:1082] 2020-01-05 20:40:58.559139: Step 2250: Train accuracy = 98.0%
INFO:tensorflow:2020-01-05 20:40:58.559371: Step 2250: Cross entropy = 0.246110
I0105 20:40:58.559391 139731002489728 retrain.py:1084] 2020-01-05 20:40:58.559371: Step 2250: Cross entropy = 0.246110
INFO:tensorflow:2020-01-05 20:40:58.638508: Step 2250: Validation accuracy = 53.0% (N=100)
I0105 20:40:58.638588 139731002489728 retrain.py:1100] 2020-01-05 20:40:58.638508: Step 2250: Validation accuracy = 53.0% (N=100)
INFO:tensorflow:2020-01-05 20:40:59.383491: Step 2260: Train accuracy = 97.0%
I0105 20:40:59.383546 139731002489728 retrain.py:1082] 2020-01-05 20:40:59.383491: Step 2260: Train accuracy = 97.0%
INFO:tensorflow:2020-01-05 20:40:59.383717: Step 2260: Cross entropy = 0.247221
I0105 20:40:59.383739 139731002489728 retrain.py:1084] 2020-01-05 20:40:59.383717: Step 2260: Cross entropy = 0.247221
INFO:tensorflow:2020-01-05 20:40:59.470605: Step 2260: Validation accuracy = 55.0% (N=100)
I0105 20:40:59.470675 139731002489728 retrain.py:1100] 2020-01-05 20:40:59.470605: Step 2260: Validation accuracy = 55.0% (N=100)
INFO:tensorflow:2020-01-05 20:41:00.226262: Step 2270: Train accuracy = 100.0%
I0105 20:41:00.226319 139731002489728 retrain.py:1082] 2020-01-05 20:41:00.226262: Step 2270: Train accuracy = 100.0%
INFO:tensorflow:2020-01-05 20:41:00.226489: Step 2270: Cross entropy = 0.238944
I0105 20:41:00.226505 139731002489728 retrain.py:1084] 2020-01-05 20:41:00.226489: Step 2270: Cross entropy = 0.238944
INFO:tensorflow:2020-01-05 20:41:00.306888: Step 2270: Validation accuracy = 57.0% (N=100)
I0105 20:41:00.306943 139731002489728 retrain.py:1100] 2020-01-05 20:41:00.306888: Step 2270: Validation accuracy = 57.0% (N=100)
INFO:tensorflow:2020-01-05 20:41:01.053989: Step 2280: Train accuracy = 97.0%
I0105 20:41:01.054079 139731002489728 retrain.py:1082] 2020-01-05 20:41:01.053989: Step 2280: Train accuracy = 97.0%
INFO:tensorflow:2020-01-05 20:41:01.054213: Step 2280: Cross entropy = 0.264511
I0105 20:41:01.054232 139731002489728 retrain.py:1084] 2020-01-05 20:41:01.054213: Step 2280: Cross entropy = 0.264511
INFO:tensorflow:2020-01-05 20:41:01.136211: Step 2280: Validation accuracy = 61.0% (N=100)
I0105 20:41:01.136266 139731002489728 retrain.py:1100] 2020-01-05 20:41:01.136211: Step 2280: Validation accuracy = 61.0% (N=100)
INFO:tensorflow:2020-01-05 20:41:01.887918: Step 2290: Train accuracy = 99.0%
I0105 20:41:01.887972 139731002489728 retrain.py:1082] 2020-01-05 20:41:01.887918: Step 2290: Train accuracy = 99.0%
INFO:tensorflow:2020-01-05 20:41:01.888107: Step 2290: Cross entropy = 0.269529
I0105 20:41:01.888137 139731002489728 retrain.py:1084] 2020-01-05 20:41:01.888107: Step 2290: Cross entropy = 0.269529
INFO:tensorflow:2020-01-05 20:41:01.970733: Step 2290: Validation accuracy = 62.0% (N=100)
I0105 20:41:01.970789 139731002489728 retrain.py:1100] 2020-01-05 20:41:01.970733: Step 2290: Validation accuracy = 62.0% (N=100)
INFO:tensorflow:2020-01-05 20:41:02.718430: Step 2300: Train accuracy = 98.0%
I0105 20:41:02.718483 139731002489728 retrain.py:1082] 2020-01-05 20:41:02.718430: Step 2300: Train accuracy = 98.0%
INFO:tensorflow:2020-01-05 20:41:02.718667: Step 2300: Cross entropy = 0.218328
I0105 20:41:02.718760 139731002489728 retrain.py:1084] 2020-01-05 20:41:02.718667: Step 2300: Cross entropy = 0.218328
INFO:tensorflow:2020-01-05 20:41:02.795989: Step 2300: Validation accuracy = 54.0% (N=100)
I0105 20:41:02.796044 139731002489728 retrain.py:1100] 2020-01-05 20:41:02.795989: Step 2300: Validation accuracy = 54.0% (N=100)
INFO:tensorflow:2020-01-05 20:41:03.560801: Step 2310: Train accuracy = 95.0%
I0105 20:41:03.560856 139731002489728 retrain.py:1082] 2020-01-05 20:41:03.560801: Step 2310: Train accuracy = 95.0%
INFO:tensorflow:2020-01-05 20:41:03.561019: Step 2310: Cross entropy = 0.256735
I0105 20:41:03.561043 139731002489728 retrain.py:1084] 2020-01-05 20:41:03.561019: Step 2310: Cross entropy = 0.256735
INFO:tensorflow:2020-01-05 20:41:03.642401: Step 2310: Validation accuracy = 43.0% (N=100)
I0105 20:41:03.642460 139731002489728 retrain.py:1100] 2020-01-05 20:41:03.642401: Step 2310: Validation accuracy = 43.0% (N=100)
INFO:tensorflow:2020-01-05 20:41:04.396770: Step 2320: Train accuracy = 97.0%
I0105 20:41:04.396825 139731002489728 retrain.py:1082] 2020-01-05 20:41:04.396770: Step 2320: Train accuracy = 97.0%
INFO:tensorflow:2020-01-05 20:41:04.396963: Step 2320: Cross entropy = 0.253364
I0105 20:41:04.396995 139731002489728 retrain.py:1084] 2020-01-05 20:41:04.396963: Step 2320: Cross entropy = 0.253364
INFO:tensorflow:2020-01-05 20:41:04.483584: Step 2320: Validation accuracy = 59.0% (N=100)
I0105 20:41:04.483665 139731002489728 retrain.py:1100] 2020-01-05 20:41:04.483584: Step 2320: Validation accuracy = 59.0% (N=100)
INFO:tensorflow:2020-01-05 20:41:05.243446: Step 2330: Train accuracy = 100.0%
I0105 20:41:05.243502 139731002489728 retrain.py:1082] 2020-01-05 20:41:05.243446: Step 2330: Train accuracy = 100.0%
INFO:tensorflow:2020-01-05 20:41:05.243638: Step 2330: Cross entropy = 0.207404
I0105 20:41:05.243670 139731002489728 retrain.py:1084] 2020-01-05 20:41:05.243638: Step 2330: Cross entropy = 0.207404
INFO:tensorflow:2020-01-05 20:41:05.332721: Step 2330: Validation accuracy = 60.0% (N=100)
I0105 20:41:05.332776 139731002489728 retrain.py:1100] 2020-01-05 20:41:05.332721: Step 2330: Validation accuracy = 60.0% (N=100)
INFO:tensorflow:2020-01-05 20:41:06.086226: Step 2340: Train accuracy = 98.0%
I0105 20:41:06.086303 139731002489728 retrain.py:1082] 2020-01-05 20:41:06.086226: Step 2340: Train accuracy = 98.0%
INFO:tensorflow:2020-01-05 20:41:06.086468: Step 2340: Cross entropy = 0.252494
I0105 20:41:06.086490 139731002489728 retrain.py:1084] 2020-01-05 20:41:06.086468: Step 2340: Cross entropy = 0.252494
INFO:tensorflow:2020-01-05 20:41:06.165601: Step 2340: Validation accuracy = 50.0% (N=100)
I0105 20:41:06.165671 139731002489728 retrain.py:1100] 2020-01-05 20:41:06.165601: Step 2340: Validation accuracy = 50.0% (N=100)
INFO:tensorflow:2020-01-05 20:41:06.922544: Step 2350: Train accuracy = 97.0%
I0105 20:41:06.922597 139731002489728 retrain.py:1082] 2020-01-05 20:41:06.922544: Step 2350: Train accuracy = 97.0%
INFO:tensorflow:2020-01-05 20:41:06.922769: Step 2350: Cross entropy = 0.224132
I0105 20:41:06.922787 139731002489728 retrain.py:1084] 2020-01-05 20:41:06.922769: Step 2350: Cross entropy = 0.224132
INFO:tensorflow:2020-01-05 20:41:07.010367: Step 2350: Validation accuracy = 58.0% (N=100)
I0105 20:41:07.010421 139731002489728 retrain.py:1100] 2020-01-05 20:41:07.010367: Step 2350: Validation accuracy = 58.0% (N=100)
INFO:tensorflow:2020-01-05 20:41:07.768642: Step 2360: Train accuracy = 97.0%
I0105 20:41:07.768696 139731002489728 retrain.py:1082] 2020-01-05 20:41:07.768642: Step 2360: Train accuracy = 97.0%
INFO:tensorflow:2020-01-05 20:41:07.768869: Step 2360: Cross entropy = 0.267600
I0105 20:41:07.768890 139731002489728 retrain.py:1084] 2020-01-05 20:41:07.768869: Step 2360: Cross entropy = 0.267600
INFO:tensorflow:2020-01-05 20:41:07.847777: Step 2360: Validation accuracy = 51.0% (N=100)
I0105 20:41:07.847835 139731002489728 retrain.py:1100] 2020-01-05 20:41:07.847777: Step 2360: Validation accuracy = 51.0% (N=100)
INFO:tensorflow:2020-01-05 20:41:08.606614: Step 2370: Train accuracy = 97.0%
I0105 20:41:08.606669 139731002489728 retrain.py:1082] 2020-01-05 20:41:08.606614: Step 2370: Train accuracy = 97.0%
INFO:tensorflow:2020-01-05 20:41:08.606810: Step 2370: Cross entropy = 0.226969
I0105 20:41:08.606831 139731002489728 retrain.py:1084] 2020-01-05 20:41:08.606810: Step 2370: Cross entropy = 0.226969
INFO:tensorflow:2020-01-05 20:41:08.686286: Step 2370: Validation accuracy = 49.0% (N=100)
I0105 20:41:08.686343 139731002489728 retrain.py:1100] 2020-01-05 20:41:08.686286: Step 2370: Validation accuracy = 49.0% (N=100)
INFO:tensorflow:2020-01-05 20:41:09.424418: Step 2380: Train accuracy = 96.0%
I0105 20:41:09.424489 139731002489728 retrain.py:1082] 2020-01-05 20:41:09.424418: Step 2380: Train accuracy = 96.0%
INFO:tensorflow:2020-01-05 20:41:09.424648: Step 2380: Cross entropy = 0.235297
I0105 20:41:09.424667 139731002489728 retrain.py:1084] 2020-01-05 20:41:09.424648: Step 2380: Cross entropy = 0.235297
INFO:tensorflow:2020-01-05 20:41:09.504934: Step 2380: Validation accuracy = 51.0% (N=100)
I0105 20:41:09.504989 139731002489728 retrain.py:1100] 2020-01-05 20:41:09.504934: Step 2380: Validation accuracy = 51.0% (N=100)
INFO:tensorflow:2020-01-05 20:41:10.252972: Step 2390: Train accuracy = 97.0%
I0105 20:41:10.253028 139731002489728 retrain.py:1082] 2020-01-05 20:41:10.252972: Step 2390: Train accuracy = 97.0%
INFO:tensorflow:2020-01-05 20:41:10.253195: Step 2390: Cross entropy = 0.245015
I0105 20:41:10.253235 139731002489728 retrain.py:1084] 2020-01-05 20:41:10.253195: Step 2390: Cross entropy = 0.245015
INFO:tensorflow:2020-01-05 20:41:10.333530: Step 2390: Validation accuracy = 58.0% (N=100)
I0105 20:41:10.333587 139731002489728 retrain.py:1100] 2020-01-05 20:41:10.333530: Step 2390: Validation accuracy = 58.0% (N=100)
INFO:tensorflow:2020-01-05 20:41:11.089696: Step 2400: Train accuracy = 98.0%
I0105 20:41:11.089751 139731002489728 retrain.py:1082] 2020-01-05 20:41:11.089696: Step 2400: Train accuracy = 98.0%
INFO:tensorflow:2020-01-05 20:41:11.089909: Step 2400: Cross entropy = 0.227095
I0105 20:41:11.089932 139731002489728 retrain.py:1084] 2020-01-05 20:41:11.089909: Step 2400: Cross entropy = 0.227095
INFO:tensorflow:2020-01-05 20:41:11.169148: Step 2400: Validation accuracy = 52.0% (N=100)
I0105 20:41:11.169237 139731002489728 retrain.py:1100] 2020-01-05 20:41:11.169148: Step 2400: Validation accuracy = 52.0% (N=100)
INFO:tensorflow:2020-01-05 20:41:11.924082: Step 2410: Train accuracy = 99.0%
I0105 20:41:11.924136 139731002489728 retrain.py:1082] 2020-01-05 20:41:11.924082: Step 2410: Train accuracy = 99.0%
INFO:tensorflow:2020-01-05 20:41:11.924287: Step 2410: Cross entropy = 0.241442
I0105 20:41:11.924306 139731002489728 retrain.py:1084] 2020-01-05 20:41:11.924287: Step 2410: Cross entropy = 0.241442
INFO:tensorflow:2020-01-05 20:41:12.009349: Step 2410: Validation accuracy = 58.0% (N=100)
I0105 20:41:12.009404 139731002489728 retrain.py:1100] 2020-01-05 20:41:12.009349: Step 2410: Validation accuracy = 58.0% (N=100)
INFO:tensorflow:2020-01-05 20:41:12.761914: Step 2420: Train accuracy = 99.0%
I0105 20:41:12.761968 139731002489728 retrain.py:1082] 2020-01-05 20:41:12.761914: Step 2420: Train accuracy = 99.0%
INFO:tensorflow:2020-01-05 20:41:12.762137: Step 2420: Cross entropy = 0.237454
I0105 20:41:12.762157 139731002489728 retrain.py:1084] 2020-01-05 20:41:12.762137: Step 2420: Cross entropy = 0.237454
INFO:tensorflow:2020-01-05 20:41:12.849463: Step 2420: Validation accuracy = 63.0% (N=100)
I0105 20:41:12.849559 139731002489728 retrain.py:1100] 2020-01-05 20:41:12.849463: Step 2420: Validation accuracy = 63.0% (N=100)
INFO:tensorflow:2020-01-05 20:41:13.607188: Step 2430: Train accuracy = 96.0%
I0105 20:41:13.607244 139731002489728 retrain.py:1082] 2020-01-05 20:41:13.607188: Step 2430: Train accuracy = 96.0%
INFO:tensorflow:2020-01-05 20:41:13.607402: Step 2430: Cross entropy = 0.261386
I0105 20:41:13.607425 139731002489728 retrain.py:1084] 2020-01-05 20:41:13.607402: Step 2430: Cross entropy = 0.261386
INFO:tensorflow:2020-01-05 20:41:13.686545: Step 2430: Validation accuracy = 48.0% (N=100)
I0105 20:41:13.686622 139731002489728 retrain.py:1100] 2020-01-05 20:41:13.686545: Step 2430: Validation accuracy = 48.0% (N=100)
INFO:tensorflow:2020-01-05 20:41:14.429648: Step 2440: Train accuracy = 96.0%
I0105 20:41:14.429716 139731002489728 retrain.py:1082] 2020-01-05 20:41:14.429648: Step 2440: Train accuracy = 96.0%
INFO:tensorflow:2020-01-05 20:41:14.429881: Step 2440: Cross entropy = 0.240763
I0105 20:41:14.429902 139731002489728 retrain.py:1084] 2020-01-05 20:41:14.429881: Step 2440: Cross entropy = 0.240763
INFO:tensorflow:2020-01-05 20:41:14.517447: Step 2440: Validation accuracy = 62.0% (N=100)
I0105 20:41:14.517503 139731002489728 retrain.py:1100] 2020-01-05 20:41:14.517447: Step 2440: Validation accuracy = 62.0% (N=100)
INFO:tensorflow:2020-01-05 20:41:15.263741: Step 2450: Train accuracy = 99.0%
I0105 20:41:15.263793 139731002489728 retrain.py:1082] 2020-01-05 20:41:15.263741: Step 2450: Train accuracy = 99.0%
INFO:tensorflow:2020-01-05 20:41:15.263928: Step 2450: Cross entropy = 0.248532
I0105 20:41:15.263949 139731002489728 retrain.py:1084] 2020-01-05 20:41:15.263928: Step 2450: Cross entropy = 0.248532
INFO:tensorflow:2020-01-05 20:41:15.345393: Step 2450: Validation accuracy = 59.0% (N=100)
I0105 20:41:15.345449 139731002489728 retrain.py:1100] 2020-01-05 20:41:15.345393: Step 2450: Validation accuracy = 59.0% (N=100)
INFO:tensorflow:2020-01-05 20:41:16.097082: Step 2460: Train accuracy = 97.0%
I0105 20:41:16.097139 139731002489728 retrain.py:1082] 2020-01-05 20:41:16.097082: Step 2460: Train accuracy = 97.0%
INFO:tensorflow:2020-01-05 20:41:16.097275: Step 2460: Cross entropy = 0.247417
I0105 20:41:16.097293 139731002489728 retrain.py:1084] 2020-01-05 20:41:16.097275: Step 2460: Cross entropy = 0.247417
INFO:tensorflow:2020-01-05 20:41:16.183921: Step 2460: Validation accuracy = 52.0% (N=100)
I0105 20:41:16.183992 139731002489728 retrain.py:1100] 2020-01-05 20:41:16.183921: Step 2460: Validation accuracy = 52.0% (N=100)
INFO:tensorflow:2020-01-05 20:41:16.934172: Step 2470: Train accuracy = 98.0%
I0105 20:41:16.934241 139731002489728 retrain.py:1082] 2020-01-05 20:41:16.934172: Step 2470: Train accuracy = 98.0%
INFO:tensorflow:2020-01-05 20:41:16.934412: Step 2470: Cross entropy = 0.250503
I0105 20:41:16.934431 139731002489728 retrain.py:1084] 2020-01-05 20:41:16.934412: Step 2470: Cross entropy = 0.250503
INFO:tensorflow:2020-01-05 20:41:17.011362: Step 2470: Validation accuracy = 59.0% (N=100)
I0105 20:41:17.011444 139731002489728 retrain.py:1100] 2020-01-05 20:41:17.011362: Step 2470: Validation accuracy = 59.0% (N=100)
INFO:tensorflow:2020-01-05 20:41:17.780516: Step 2480: Train accuracy = 96.0%
I0105 20:41:17.780570 139731002489728 retrain.py:1082] 2020-01-05 20:41:17.780516: Step 2480: Train accuracy = 96.0%
INFO:tensorflow:2020-01-05 20:41:17.780706: Step 2480: Cross entropy = 0.259441
I0105 20:41:17.780725 139731002489728 retrain.py:1084] 2020-01-05 20:41:17.780706: Step 2480: Cross entropy = 0.259441
INFO:tensorflow:2020-01-05 20:41:17.861550: Step 2480: Validation accuracy = 53.0% (N=100)
I0105 20:41:17.861640 139731002489728 retrain.py:1100] 2020-01-05 20:41:17.861550: Step 2480: Validation accuracy = 53.0% (N=100)
INFO:tensorflow:2020-01-05 20:41:18.614016: Step 2490: Train accuracy = 98.0%
I0105 20:41:18.614092 139731002489728 retrain.py:1082] 2020-01-05 20:41:18.614016: Step 2490: Train accuracy = 98.0%
INFO:tensorflow:2020-01-05 20:41:18.614242: Step 2490: Cross entropy = 0.259690
I0105 20:41:18.614261 139731002489728 retrain.py:1084] 2020-01-05 20:41:18.614242: Step 2490: Cross entropy = 0.259690
INFO:tensorflow:2020-01-05 20:41:18.693068: Step 2490: Validation accuracy = 60.0% (N=100)
I0105 20:41:18.693135 139731002489728 retrain.py:1100] 2020-01-05 20:41:18.693068: Step 2490: Validation accuracy = 60.0% (N=100)
INFO:tensorflow:2020-01-05 20:41:19.459162: Step 2500: Train accuracy = 100.0%
I0105 20:41:19.459217 139731002489728 retrain.py:1082] 2020-01-05 20:41:19.459162: Step 2500: Train accuracy = 100.0%
INFO:tensorflow:2020-01-05 20:41:19.459371: Step 2500: Cross entropy = 0.231936
I0105 20:41:19.459408 139731002489728 retrain.py:1084] 2020-01-05 20:41:19.459371: Step 2500: Cross entropy = 0.231936
INFO:tensorflow:2020-01-05 20:41:19.537704: Step 2500: Validation accuracy = 51.0% (N=100)
I0105 20:41:19.537788 139731002489728 retrain.py:1100] 2020-01-05 20:41:19.537704: Step 2500: Validation accuracy = 51.0% (N=100)
INFO:tensorflow:2020-01-05 20:41:20.298500: Step 2510: Train accuracy = 95.0%
I0105 20:41:20.298590 139731002489728 retrain.py:1082] 2020-01-05 20:41:20.298500: Step 2510: Train accuracy = 95.0%
INFO:tensorflow:2020-01-05 20:41:20.298744: Step 2510: Cross entropy = 0.270881
I0105 20:41:20.298770 139731002489728 retrain.py:1084] 2020-01-05 20:41:20.298744: Step 2510: Cross entropy = 0.270881
INFO:tensorflow:2020-01-05 20:41:20.380899: Step 2510: Validation accuracy = 55.0% (N=100)
I0105 20:41:20.380980 139731002489728 retrain.py:1100] 2020-01-05 20:41:20.380899: Step 2510: Validation accuracy = 55.0% (N=100)
INFO:tensorflow:2020-01-05 20:41:21.150420: Step 2520: Train accuracy = 98.0%
I0105 20:41:21.150474 139731002489728 retrain.py:1082] 2020-01-05 20:41:21.150420: Step 2520: Train accuracy = 98.0%
INFO:tensorflow:2020-01-05 20:41:21.150643: Step 2520: Cross entropy = 0.222951
I0105 20:41:21.150667 139731002489728 retrain.py:1084] 2020-01-05 20:41:21.150643: Step 2520: Cross entropy = 0.222951
INFO:tensorflow:2020-01-05 20:41:21.233515: Step 2520: Validation accuracy = 52.0% (N=100)
I0105 20:41:21.233570 139731002489728 retrain.py:1100] 2020-01-05 20:41:21.233515: Step 2520: Validation accuracy = 52.0% (N=100)
INFO:tensorflow:2020-01-05 20:41:21.990478: Step 2530: Train accuracy = 98.0%
I0105 20:41:21.990534 139731002489728 retrain.py:1082] 2020-01-05 20:41:21.990478: Step 2530: Train accuracy = 98.0%
INFO:tensorflow:2020-01-05 20:41:21.990721: Step 2530: Cross entropy = 0.249715
I0105 20:41:21.990738 139731002489728 retrain.py:1084] 2020-01-05 20:41:21.990721: Step 2530: Cross entropy = 0.249715
INFO:tensorflow:2020-01-05 20:41:22.075270: Step 2530: Validation accuracy = 65.0% (N=100)
I0105 20:41:22.075337 139731002489728 retrain.py:1100] 2020-01-05 20:41:22.075270: Step 2530: Validation accuracy = 65.0% (N=100)
INFO:tensorflow:2020-01-05 20:41:22.829785: Step 2540: Train accuracy = 99.0%
I0105 20:41:22.829841 139731002489728 retrain.py:1082] 2020-01-05 20:41:22.829785: Step 2540: Train accuracy = 99.0%
INFO:tensorflow:2020-01-05 20:41:22.829998: Step 2540: Cross entropy = 0.216884
I0105 20:41:22.830017 139731002489728 retrain.py:1084] 2020-01-05 20:41:22.829998: Step 2540: Cross entropy = 0.216884
INFO:tensorflow:2020-01-05 20:41:22.910610: Step 2540: Validation accuracy = 61.0% (N=100)
I0105 20:41:22.910665 139731002489728 retrain.py:1100] 2020-01-05 20:41:22.910610: Step 2540: Validation accuracy = 61.0% (N=100)
INFO:tensorflow:2020-01-05 20:41:23.662095: Step 2550: Train accuracy = 98.0%
I0105 20:41:23.662148 139731002489728 retrain.py:1082] 2020-01-05 20:41:23.662095: Step 2550: Train accuracy = 98.0%
INFO:tensorflow:2020-01-05 20:41:23.662280: Step 2550: Cross entropy = 0.225423
I0105 20:41:23.662298 139731002489728 retrain.py:1084] 2020-01-05 20:41:23.662280: Step 2550: Cross entropy = 0.225423
INFO:tensorflow:2020-01-05 20:41:23.750901: Step 2550: Validation accuracy = 54.0% (N=100)
I0105 20:41:23.750960 139731002489728 retrain.py:1100] 2020-01-05 20:41:23.750901: Step 2550: Validation accuracy = 54.0% (N=100)
INFO:tensorflow:2020-01-05 20:41:24.513349: Step 2560: Train accuracy = 98.0%
I0105 20:41:24.513404 139731002489728 retrain.py:1082] 2020-01-05 20:41:24.513349: Step 2560: Train accuracy = 98.0%
INFO:tensorflow:2020-01-05 20:41:24.513580: Step 2560: Cross entropy = 0.238407
I0105 20:41:24.513599 139731002489728 retrain.py:1084] 2020-01-05 20:41:24.513580: Step 2560: Cross entropy = 0.238407
INFO:tensorflow:2020-01-05 20:41:24.601216: Step 2560: Validation accuracy = 59.0% (N=100)
I0105 20:41:24.601284 139731002489728 retrain.py:1100] 2020-01-05 20:41:24.601216: Step 2560: Validation accuracy = 59.0% (N=100)
INFO:tensorflow:2020-01-05 20:41:25.346256: Step 2570: Train accuracy = 97.0%
I0105 20:41:25.346324 139731002489728 retrain.py:1082] 2020-01-05 20:41:25.346256: Step 2570: Train accuracy = 97.0%
INFO:tensorflow:2020-01-05 20:41:25.346461: Step 2570: Cross entropy = 0.233563
I0105 20:41:25.346482 139731002489728 retrain.py:1084] 2020-01-05 20:41:25.346461: Step 2570: Cross entropy = 0.233563
INFO:tensorflow:2020-01-05 20:41:25.426289: Step 2570: Validation accuracy = 58.0% (N=100)
I0105 20:41:25.426346 139731002489728 retrain.py:1100] 2020-01-05 20:41:25.426289: Step 2570: Validation accuracy = 58.0% (N=100)
INFO:tensorflow:2020-01-05 20:41:26.178847: Step 2580: Train accuracy = 98.0%
I0105 20:41:26.178903 139731002489728 retrain.py:1082] 2020-01-05 20:41:26.178847: Step 2580: Train accuracy = 98.0%
INFO:tensorflow:2020-01-05 20:41:26.179067: Step 2580: Cross entropy = 0.230995
I0105 20:41:26.179089 139731002489728 retrain.py:1084] 2020-01-05 20:41:26.179067: Step 2580: Cross entropy = 0.230995
INFO:tensorflow:2020-01-05 20:41:26.261476: Step 2580: Validation accuracy = 55.0% (N=100)
I0105 20:41:26.261560 139731002489728 retrain.py:1100] 2020-01-05 20:41:26.261476: Step 2580: Validation accuracy = 55.0% (N=100)
INFO:tensorflow:2020-01-05 20:41:27.009495: Step 2590: Train accuracy = 97.0%
I0105 20:41:27.009573 139731002489728 retrain.py:1082] 2020-01-05 20:41:27.009495: Step 2590: Train accuracy = 97.0%
INFO:tensorflow:2020-01-05 20:41:27.009738: Step 2590: Cross entropy = 0.263616
I0105 20:41:27.009889 139731002489728 retrain.py:1084] 2020-01-05 20:41:27.009738: Step 2590: Cross entropy = 0.263616
INFO:tensorflow:2020-01-05 20:41:27.102223: Step 2590: Validation accuracy = 50.0% (N=100)
I0105 20:41:27.102279 139731002489728 retrain.py:1100] 2020-01-05 20:41:27.102223: Step 2590: Validation accuracy = 50.0% (N=100)
INFO:tensorflow:2020-01-05 20:41:27.851812: Step 2600: Train accuracy = 98.0%
I0105 20:41:27.851868 139731002489728 retrain.py:1082] 2020-01-05 20:41:27.851812: Step 2600: Train accuracy = 98.0%
INFO:tensorflow:2020-01-05 20:41:27.852019: Step 2600: Cross entropy = 0.256665
I0105 20:41:27.852058 139731002489728 retrain.py:1084] 2020-01-05 20:41:27.852019: Step 2600: Cross entropy = 0.256665
INFO:tensorflow:2020-01-05 20:41:27.938755: Step 2600: Validation accuracy = 58.0% (N=100)
I0105 20:41:27.938813 139731002489728 retrain.py:1100] 2020-01-05 20:41:27.938755: Step 2600: Validation accuracy = 58.0% (N=100)
INFO:tensorflow:2020-01-05 20:41:28.684603: Step 2610: Train accuracy = 98.0%
I0105 20:41:28.684696 139731002489728 retrain.py:1082] 2020-01-05 20:41:28.684603: Step 2610: Train accuracy = 98.0%
INFO:tensorflow:2020-01-05 20:41:28.684848: Step 2610: Cross entropy = 0.206620
I0105 20:41:28.684865 139731002489728 retrain.py:1084] 2020-01-05 20:41:28.684848: Step 2610: Cross entropy = 0.206620
INFO:tensorflow:2020-01-05 20:41:28.764439: Step 2610: Validation accuracy = 57.0% (N=100)
I0105 20:41:28.764497 139731002489728 retrain.py:1100] 2020-01-05 20:41:28.764439: Step 2610: Validation accuracy = 57.0% (N=100)
INFO:tensorflow:2020-01-05 20:41:29.526197: Step 2620: Train accuracy = 98.0%
I0105 20:41:29.526252 139731002489728 retrain.py:1082] 2020-01-05 20:41:29.526197: Step 2620: Train accuracy = 98.0%
INFO:tensorflow:2020-01-05 20:41:29.526411: Step 2620: Cross entropy = 0.228686
I0105 20:41:29.526431 139731002489728 retrain.py:1084] 2020-01-05 20:41:29.526411: Step 2620: Cross entropy = 0.228686
INFO:tensorflow:2020-01-05 20:41:29.605760: Step 2620: Validation accuracy = 52.0% (N=100)
I0105 20:41:29.605848 139731002489728 retrain.py:1100] 2020-01-05 20:41:29.605760: Step 2620: Validation accuracy = 52.0% (N=100)
INFO:tensorflow:2020-01-05 20:41:30.362882: Step 2630: Train accuracy = 98.0%
I0105 20:41:30.362951 139731002489728 retrain.py:1082] 2020-01-05 20:41:30.362882: Step 2630: Train accuracy = 98.0%
INFO:tensorflow:2020-01-05 20:41:30.363111: Step 2630: Cross entropy = 0.246924
I0105 20:41:30.363134 139731002489728 retrain.py:1084] 2020-01-05 20:41:30.363111: Step 2630: Cross entropy = 0.246924
INFO:tensorflow:2020-01-05 20:41:30.441082: Step 2630: Validation accuracy = 57.0% (N=100)
I0105 20:41:30.441137 139731002489728 retrain.py:1100] 2020-01-05 20:41:30.441082: Step 2630: Validation accuracy = 57.0% (N=100)
INFO:tensorflow:2020-01-05 20:41:31.197474: Step 2640: Train accuracy = 98.0%
I0105 20:41:31.197530 139731002489728 retrain.py:1082] 2020-01-05 20:41:31.197474: Step 2640: Train accuracy = 98.0%
INFO:tensorflow:2020-01-05 20:41:31.197696: Step 2640: Cross entropy = 0.231428
I0105 20:41:31.197716 139731002489728 retrain.py:1084] 2020-01-05 20:41:31.197696: Step 2640: Cross entropy = 0.231428
INFO:tensorflow:2020-01-05 20:41:31.277126: Step 2640: Validation accuracy = 54.0% (N=100)
I0105 20:41:31.277194 139731002489728 retrain.py:1100] 2020-01-05 20:41:31.277126: Step 2640: Validation accuracy = 54.0% (N=100)
INFO:tensorflow:2020-01-05 20:41:32.036842: Step 2650: Train accuracy = 98.0%
I0105 20:41:32.036898 139731002489728 retrain.py:1082] 2020-01-05 20:41:32.036842: Step 2650: Train accuracy = 98.0%
INFO:tensorflow:2020-01-05 20:41:32.037062: Step 2650: Cross entropy = 0.233559
I0105 20:41:32.037083 139731002489728 retrain.py:1084] 2020-01-05 20:41:32.037062: Step 2650: Cross entropy = 0.233559
INFO:tensorflow:2020-01-05 20:41:32.117191: Step 2650: Validation accuracy = 49.0% (N=100)
I0105 20:41:32.117259 139731002489728 retrain.py:1100] 2020-01-05 20:41:32.117191: Step 2650: Validation accuracy = 49.0% (N=100)
INFO:tensorflow:2020-01-05 20:41:32.862519: Step 2660: Train accuracy = 96.0%
I0105 20:41:32.862594 139731002489728 retrain.py:1082] 2020-01-05 20:41:32.862519: Step 2660: Train accuracy = 96.0%
INFO:tensorflow:2020-01-05 20:41:32.862746: Step 2660: Cross entropy = 0.232201
I0105 20:41:32.862765 139731002489728 retrain.py:1084] 2020-01-05 20:41:32.862746: Step 2660: Cross entropy = 0.232201
INFO:tensorflow:2020-01-05 20:41:32.950182: Step 2660: Validation accuracy = 45.0% (N=100)
I0105 20:41:32.950237 139731002489728 retrain.py:1100] 2020-01-05 20:41:32.950182: Step 2660: Validation accuracy = 45.0% (N=100)
INFO:tensorflow:2020-01-05 20:41:33.704934: Step 2670: Train accuracy = 99.0%
I0105 20:41:33.704988 139731002489728 retrain.py:1082] 2020-01-05 20:41:33.704934: Step 2670: Train accuracy = 99.0%
INFO:tensorflow:2020-01-05 20:41:33.705155: Step 2670: Cross entropy = 0.221363
I0105 20:41:33.705175 139731002489728 retrain.py:1084] 2020-01-05 20:41:33.705155: Step 2670: Cross entropy = 0.221363
INFO:tensorflow:2020-01-05 20:41:33.784653: Step 2670: Validation accuracy = 42.0% (N=100)
I0105 20:41:33.784710 139731002489728 retrain.py:1100] 2020-01-05 20:41:33.784653: Step 2670: Validation accuracy = 42.0% (N=100)
INFO:tensorflow:2020-01-05 20:41:34.528920: Step 2680: Train accuracy = 99.0%
I0105 20:41:34.528974 139731002489728 retrain.py:1082] 2020-01-05 20:41:34.528920: Step 2680: Train accuracy = 99.0%
INFO:tensorflow:2020-01-05 20:41:34.529150: Step 2680: Cross entropy = 0.233379
I0105 20:41:34.529182 139731002489728 retrain.py:1084] 2020-01-05 20:41:34.529150: Step 2680: Cross entropy = 0.233379
INFO:tensorflow:2020-01-05 20:41:34.609089: Step 2680: Validation accuracy = 41.0% (N=100)
I0105 20:41:34.609146 139731002489728 retrain.py:1100] 2020-01-05 20:41:34.609089: Step 2680: Validation accuracy = 41.0% (N=100)
INFO:tensorflow:2020-01-05 20:41:35.375252: Step 2690: Train accuracy = 97.0%
I0105 20:41:35.375306 139731002489728 retrain.py:1082] 2020-01-05 20:41:35.375252: Step 2690: Train accuracy = 97.0%
INFO:tensorflow:2020-01-05 20:41:35.375462: Step 2690: Cross entropy = 0.204759
I0105 20:41:35.375491 139731002489728 retrain.py:1084] 2020-01-05 20:41:35.375462: Step 2690: Cross entropy = 0.204759
INFO:tensorflow:2020-01-05 20:41:35.454723: Step 2690: Validation accuracy = 62.0% (N=100)
I0105 20:41:35.454778 139731002489728 retrain.py:1100] 2020-01-05 20:41:35.454723: Step 2690: Validation accuracy = 62.0% (N=100)
INFO:tensorflow:2020-01-05 20:41:36.213032: Step 2700: Train accuracy = 100.0%
I0105 20:41:36.213088 139731002489728 retrain.py:1082] 2020-01-05 20:41:36.213032: Step 2700: Train accuracy = 100.0%
INFO:tensorflow:2020-01-05 20:41:36.213281: Step 2700: Cross entropy = 0.200906
I0105 20:41:36.213303 139731002489728 retrain.py:1084] 2020-01-05 20:41:36.213281: Step 2700: Cross entropy = 0.200906
INFO:tensorflow:2020-01-05 20:41:36.292947: Step 2700: Validation accuracy = 59.0% (N=100)
I0105 20:41:36.293001 139731002489728 retrain.py:1100] 2020-01-05 20:41:36.292947: Step 2700: Validation accuracy = 59.0% (N=100)
INFO:tensorflow:2020-01-05 20:41:37.055630: Step 2710: Train accuracy = 94.0%
I0105 20:41:37.055708 139731002489728 retrain.py:1082] 2020-01-05 20:41:37.055630: Step 2710: Train accuracy = 94.0%
INFO:tensorflow:2020-01-05 20:41:37.055848: Step 2710: Cross entropy = 0.220756
I0105 20:41:37.055869 139731002489728 retrain.py:1084] 2020-01-05 20:41:37.055848: Step 2710: Cross entropy = 0.220756
INFO:tensorflow:2020-01-05 20:41:37.144769: Step 2710: Validation accuracy = 56.0% (N=100)
I0105 20:41:37.144823 139731002489728 retrain.py:1100] 2020-01-05 20:41:37.144769: Step 2710: Validation accuracy = 56.0% (N=100)
INFO:tensorflow:2020-01-05 20:41:37.898397: Step 2720: Train accuracy = 98.0%
I0105 20:41:37.898466 139731002489728 retrain.py:1082] 2020-01-05 20:41:37.898397: Step 2720: Train accuracy = 98.0%
INFO:tensorflow:2020-01-05 20:41:37.898599: Step 2720: Cross entropy = 0.227304
I0105 20:41:37.898636 139731002489728 retrain.py:1084] 2020-01-05 20:41:37.898599: Step 2720: Cross entropy = 0.227304
INFO:tensorflow:2020-01-05 20:41:37.986039: Step 2720: Validation accuracy = 58.0% (N=100)
I0105 20:41:37.986116 139731002489728 retrain.py:1100] 2020-01-05 20:41:37.986039: Step 2720: Validation accuracy = 58.0% (N=100)
INFO:tensorflow:2020-01-05 20:41:38.745572: Step 2730: Train accuracy = 99.0%
I0105 20:41:38.745627 139731002489728 retrain.py:1082] 2020-01-05 20:41:38.745572: Step 2730: Train accuracy = 99.0%
INFO:tensorflow:2020-01-05 20:41:38.745801: Step 2730: Cross entropy = 0.225938
I0105 20:41:38.745820 139731002489728 retrain.py:1084] 2020-01-05 20:41:38.745801: Step 2730: Cross entropy = 0.225938
INFO:tensorflow:2020-01-05 20:41:38.833102: Step 2730: Validation accuracy = 55.0% (N=100)
I0105 20:41:38.833159 139731002489728 retrain.py:1100] 2020-01-05 20:41:38.833102: Step 2730: Validation accuracy = 55.0% (N=100)
INFO:tensorflow:2020-01-05 20:41:39.582398: Step 2740: Train accuracy = 98.0%
I0105 20:41:39.582476 139731002489728 retrain.py:1082] 2020-01-05 20:41:39.582398: Step 2740: Train accuracy = 98.0%
INFO:tensorflow:2020-01-05 20:41:39.582616: Step 2740: Cross entropy = 0.252562
I0105 20:41:39.582637 139731002489728 retrain.py:1084] 2020-01-05 20:41:39.582616: Step 2740: Cross entropy = 0.252562
INFO:tensorflow:2020-01-05 20:41:39.662033: Step 2740: Validation accuracy = 48.0% (N=100)
I0105 20:41:39.662090 139731002489728 retrain.py:1100] 2020-01-05 20:41:39.662033: Step 2740: Validation accuracy = 48.0% (N=100)
INFO:tensorflow:2020-01-05 20:41:40.427244: Step 2750: Train accuracy = 99.0%
I0105 20:41:40.427334 139731002489728 retrain.py:1082] 2020-01-05 20:41:40.427244: Step 2750: Train accuracy = 99.0%
INFO:tensorflow:2020-01-05 20:41:40.427466: Step 2750: Cross entropy = 0.204441
I0105 20:41:40.427486 139731002489728 retrain.py:1084] 2020-01-05 20:41:40.427466: Step 2750: Cross entropy = 0.204441
INFO:tensorflow:2020-01-05 20:41:40.518697: Step 2750: Validation accuracy = 60.0% (N=100)
I0105 20:41:40.518767 139731002489728 retrain.py:1100] 2020-01-05 20:41:40.518697: Step 2750: Validation accuracy = 60.0% (N=100)
INFO:tensorflow:2020-01-05 20:41:41.278132: Step 2760: Train accuracy = 95.0%
I0105 20:41:41.278218 139731002489728 retrain.py:1082] 2020-01-05 20:41:41.278132: Step 2760: Train accuracy = 95.0%
INFO:tensorflow:2020-01-05 20:41:41.278387: Step 2760: Cross entropy = 0.235752
I0105 20:41:41.278403 139731002489728 retrain.py:1084] 2020-01-05 20:41:41.278387: Step 2760: Cross entropy = 0.235752
INFO:tensorflow:2020-01-05 20:41:41.368354: Step 2760: Validation accuracy = 55.0% (N=100)
I0105 20:41:41.368412 139731002489728 retrain.py:1100] 2020-01-05 20:41:41.368354: Step 2760: Validation accuracy = 55.0% (N=100)
INFO:tensorflow:2020-01-05 20:41:42.118473: Step 2770: Train accuracy = 98.0%
I0105 20:41:42.118528 139731002489728 retrain.py:1082] 2020-01-05 20:41:42.118473: Step 2770: Train accuracy = 98.0%
INFO:tensorflow:2020-01-05 20:41:42.118660: Step 2770: Cross entropy = 0.217132
I0105 20:41:42.118679 139731002489728 retrain.py:1084] 2020-01-05 20:41:42.118660: Step 2770: Cross entropy = 0.217132
INFO:tensorflow:2020-01-05 20:41:42.207219: Step 2770: Validation accuracy = 57.0% (N=100)
I0105 20:41:42.207273 139731002489728 retrain.py:1100] 2020-01-05 20:41:42.207219: Step 2770: Validation accuracy = 57.0% (N=100)
INFO:tensorflow:2020-01-05 20:41:42.952157: Step 2780: Train accuracy = 99.0%
I0105 20:41:42.952212 139731002489728 retrain.py:1082] 2020-01-05 20:41:42.952157: Step 2780: Train accuracy = 99.0%
INFO:tensorflow:2020-01-05 20:41:42.952382: Step 2780: Cross entropy = 0.233287
I0105 20:41:42.952402 139731002489728 retrain.py:1084] 2020-01-05 20:41:42.952382: Step 2780: Cross entropy = 0.233287
INFO:tensorflow:2020-01-05 20:41:43.041639: Step 2780: Validation accuracy = 54.0% (N=100)
I0105 20:41:43.041692 139731002489728 retrain.py:1100] 2020-01-05 20:41:43.041639: Step 2780: Validation accuracy = 54.0% (N=100)
INFO:tensorflow:2020-01-05 20:41:43.796387: Step 2790: Train accuracy = 97.0%
I0105 20:41:43.796442 139731002489728 retrain.py:1082] 2020-01-05 20:41:43.796387: Step 2790: Train accuracy = 97.0%
INFO:tensorflow:2020-01-05 20:41:43.796612: Step 2790: Cross entropy = 0.232112
I0105 20:41:43.796634 139731002489728 retrain.py:1084] 2020-01-05 20:41:43.796612: Step 2790: Cross entropy = 0.232112
INFO:tensorflow:2020-01-05 20:41:43.884473: Step 2790: Validation accuracy = 58.0% (N=100)
I0105 20:41:43.884529 139731002489728 retrain.py:1100] 2020-01-05 20:41:43.884473: Step 2790: Validation accuracy = 58.0% (N=100)
INFO:tensorflow:2020-01-05 20:41:44.649873: Step 2800: Train accuracy = 99.0%
I0105 20:41:44.649930 139731002489728 retrain.py:1082] 2020-01-05 20:41:44.649873: Step 2800: Train accuracy = 99.0%
INFO:tensorflow:2020-01-05 20:41:44.650089: Step 2800: Cross entropy = 0.227065
I0105 20:41:44.650109 139731002489728 retrain.py:1084] 2020-01-05 20:41:44.650089: Step 2800: Cross entropy = 0.227065
INFO:tensorflow:2020-01-05 20:41:44.729312: Step 2800: Validation accuracy = 46.0% (N=100)
I0105 20:41:44.729372 139731002489728 retrain.py:1100] 2020-01-05 20:41:44.729312: Step 2800: Validation accuracy = 46.0% (N=100)
INFO:tensorflow:2020-01-05 20:41:45.487194: Step 2810: Train accuracy = 98.0%
I0105 20:41:45.487248 139731002489728 retrain.py:1082] 2020-01-05 20:41:45.487194: Step 2810: Train accuracy = 98.0%
INFO:tensorflow:2020-01-05 20:41:45.487412: Step 2810: Cross entropy = 0.200515
I0105 20:41:45.487433 139731002489728 retrain.py:1084] 2020-01-05 20:41:45.487412: Step 2810: Cross entropy = 0.200515
INFO:tensorflow:2020-01-05 20:41:45.569505: Step 2810: Validation accuracy = 52.0% (N=100)
I0105 20:41:45.569568 139731002489728 retrain.py:1100] 2020-01-05 20:41:45.569505: Step 2810: Validation accuracy = 52.0% (N=100)
INFO:tensorflow:2020-01-05 20:41:46.322123: Step 2820: Train accuracy = 96.0%
I0105 20:41:46.322179 139731002489728 retrain.py:1082] 2020-01-05 20:41:46.322123: Step 2820: Train accuracy = 96.0%
INFO:tensorflow:2020-01-05 20:41:46.322352: Step 2820: Cross entropy = 0.217170
I0105 20:41:46.322372 139731002489728 retrain.py:1084] 2020-01-05 20:41:46.322352: Step 2820: Cross entropy = 0.217170
INFO:tensorflow:2020-01-05 20:41:46.408312: Step 2820: Validation accuracy = 54.0% (N=100)
I0105 20:41:46.408369 139731002489728 retrain.py:1100] 2020-01-05 20:41:46.408312: Step 2820: Validation accuracy = 54.0% (N=100)
INFO:tensorflow:2020-01-05 20:41:47.165660: Step 2830: Train accuracy = 97.0%
I0105 20:41:47.165717 139731002489728 retrain.py:1082] 2020-01-05 20:41:47.165660: Step 2830: Train accuracy = 97.0%
INFO:tensorflow:2020-01-05 20:41:47.165906: Step 2830: Cross entropy = 0.206954
I0105 20:41:47.165924 139731002489728 retrain.py:1084] 2020-01-05 20:41:47.165906: Step 2830: Cross entropy = 0.206954
INFO:tensorflow:2020-01-05 20:41:47.245503: Step 2830: Validation accuracy = 58.0% (N=100)
I0105 20:41:47.245559 139731002489728 retrain.py:1100] 2020-01-05 20:41:47.245503: Step 2830: Validation accuracy = 58.0% (N=100)
INFO:tensorflow:2020-01-05 20:41:47.992731: Step 2840: Train accuracy = 100.0%
I0105 20:41:47.992799 139731002489728 retrain.py:1082] 2020-01-05 20:41:47.992731: Step 2840: Train accuracy = 100.0%
INFO:tensorflow:2020-01-05 20:41:47.992956: Step 2840: Cross entropy = 0.213732
I0105 20:41:47.992975 139731002489728 retrain.py:1084] 2020-01-05 20:41:47.992956: Step 2840: Cross entropy = 0.213732
INFO:tensorflow:2020-01-05 20:41:48.081405: Step 2840: Validation accuracy = 58.0% (N=100)
I0105 20:41:48.081461 139731002489728 retrain.py:1100] 2020-01-05 20:41:48.081405: Step 2840: Validation accuracy = 58.0% (N=100)
INFO:tensorflow:2020-01-05 20:41:48.851672: Step 2850: Train accuracy = 98.0%
I0105 20:41:48.851727 139731002489728 retrain.py:1082] 2020-01-05 20:41:48.851672: Step 2850: Train accuracy = 98.0%
INFO:tensorflow:2020-01-05 20:41:48.851908: Step 2850: Cross entropy = 0.214826
I0105 20:41:48.851930 139731002489728 retrain.py:1084] 2020-01-05 20:41:48.851908: Step 2850: Cross entropy = 0.214826
INFO:tensorflow:2020-01-05 20:41:48.930153: Step 2850: Validation accuracy = 56.0% (N=100)
I0105 20:41:48.930208 139731002489728 retrain.py:1100] 2020-01-05 20:41:48.930153: Step 2850: Validation accuracy = 56.0% (N=100)
INFO:tensorflow:2020-01-05 20:41:49.688210: Step 2860: Train accuracy = 100.0%
I0105 20:41:49.688287 139731002489728 retrain.py:1082] 2020-01-05 20:41:49.688210: Step 2860: Train accuracy = 100.0%
INFO:tensorflow:2020-01-05 20:41:49.688434: Step 2860: Cross entropy = 0.190764
I0105 20:41:49.688454 139731002489728 retrain.py:1084] 2020-01-05 20:41:49.688434: Step 2860: Cross entropy = 0.190764
INFO:tensorflow:2020-01-05 20:41:49.774833: Step 2860: Validation accuracy = 59.0% (N=100)
I0105 20:41:49.774910 139731002489728 retrain.py:1100] 2020-01-05 20:41:49.774833: Step 2860: Validation accuracy = 59.0% (N=100)
INFO:tensorflow:2020-01-05 20:41:50.552659: Step 2870: Train accuracy = 99.0%
I0105 20:41:50.552714 139731002489728 retrain.py:1082] 2020-01-05 20:41:50.552659: Step 2870: Train accuracy = 99.0%
INFO:tensorflow:2020-01-05 20:41:50.552869: Step 2870: Cross entropy = 0.210239
I0105 20:41:50.552889 139731002489728 retrain.py:1084] 2020-01-05 20:41:50.552869: Step 2870: Cross entropy = 0.210239
INFO:tensorflow:2020-01-05 20:41:50.631606: Step 2870: Validation accuracy = 59.0% (N=100)
I0105 20:41:50.631662 139731002489728 retrain.py:1100] 2020-01-05 20:41:50.631606: Step 2870: Validation accuracy = 59.0% (N=100)
INFO:tensorflow:2020-01-05 20:41:51.383860: Step 2880: Train accuracy = 100.0%
I0105 20:41:51.383915 139731002489728 retrain.py:1082] 2020-01-05 20:41:51.383860: Step 2880: Train accuracy = 100.0%
INFO:tensorflow:2020-01-05 20:41:51.384095: Step 2880: Cross entropy = 0.196016
I0105 20:41:51.384116 139731002489728 retrain.py:1084] 2020-01-05 20:41:51.384095: Step 2880: Cross entropy = 0.196016
INFO:tensorflow:2020-01-05 20:41:51.467509: Step 2880: Validation accuracy = 54.0% (N=100)
I0105 20:41:51.467579 139731002489728 retrain.py:1100] 2020-01-05 20:41:51.467509: Step 2880: Validation accuracy = 54.0% (N=100)
INFO:tensorflow:2020-01-05 20:41:52.222159: Step 2890: Train accuracy = 95.0%
I0105 20:41:52.222214 139731002489728 retrain.py:1082] 2020-01-05 20:41:52.222159: Step 2890: Train accuracy = 95.0%
INFO:tensorflow:2020-01-05 20:41:52.222382: Step 2890: Cross entropy = 0.239689
I0105 20:41:52.222402 139731002489728 retrain.py:1084] 2020-01-05 20:41:52.222382: Step 2890: Cross entropy = 0.239689
INFO:tensorflow:2020-01-05 20:41:52.304597: Step 2890: Validation accuracy = 64.0% (N=100)
I0105 20:41:52.304653 139731002489728 retrain.py:1100] 2020-01-05 20:41:52.304597: Step 2890: Validation accuracy = 64.0% (N=100)
INFO:tensorflow:2020-01-05 20:41:53.056749: Step 2900: Train accuracy = 97.0%
I0105 20:41:53.056805 139731002489728 retrain.py:1082] 2020-01-05 20:41:53.056749: Step 2900: Train accuracy = 97.0%
INFO:tensorflow:2020-01-05 20:41:53.056957: Step 2900: Cross entropy = 0.223788
I0105 20:41:53.056977 139731002489728 retrain.py:1084] 2020-01-05 20:41:53.056957: Step 2900: Cross entropy = 0.223788
INFO:tensorflow:2020-01-05 20:41:53.138017: Step 2900: Validation accuracy = 63.0% (N=100)
I0105 20:41:53.138112 139731002489728 retrain.py:1100] 2020-01-05 20:41:53.138017: Step 2900: Validation accuracy = 63.0% (N=100)
INFO:tensorflow:2020-01-05 20:41:53.901263: Step 2910: Train accuracy = 99.0%
I0105 20:41:53.901319 139731002489728 retrain.py:1082] 2020-01-05 20:41:53.901263: Step 2910: Train accuracy = 99.0%
INFO:tensorflow:2020-01-05 20:41:53.901494: Step 2910: Cross entropy = 0.209230
I0105 20:41:53.901514 139731002489728 retrain.py:1084] 2020-01-05 20:41:53.901494: Step 2910: Cross entropy = 0.209230
INFO:tensorflow:2020-01-05 20:41:53.982273: Step 2910: Validation accuracy = 56.0% (N=100)
I0105 20:41:53.982342 139731002489728 retrain.py:1100] 2020-01-05 20:41:53.982273: Step 2910: Validation accuracy = 56.0% (N=100)
INFO:tensorflow:2020-01-05 20:41:54.733324: Step 2920: Train accuracy = 100.0%
I0105 20:41:54.733402 139731002489728 retrain.py:1082] 2020-01-05 20:41:54.733324: Step 2920: Train accuracy = 100.0%
INFO:tensorflow:2020-01-05 20:41:54.733562: Step 2920: Cross entropy = 0.212641
I0105 20:41:54.733582 139731002489728 retrain.py:1084] 2020-01-05 20:41:54.733562: Step 2920: Cross entropy = 0.212641
INFO:tensorflow:2020-01-05 20:41:54.812314: Step 2920: Validation accuracy = 55.0% (N=100)
I0105 20:41:54.812371 139731002489728 retrain.py:1100] 2020-01-05 20:41:54.812314: Step 2920: Validation accuracy = 55.0% (N=100)
INFO:tensorflow:2020-01-05 20:41:55.568537: Step 2930: Train accuracy = 98.0%
I0105 20:41:55.568626 139731002489728 retrain.py:1082] 2020-01-05 20:41:55.568537: Step 2930: Train accuracy = 98.0%
INFO:tensorflow:2020-01-05 20:41:55.568808: Step 2930: Cross entropy = 0.234830
I0105 20:41:55.568843 139731002489728 retrain.py:1084] 2020-01-05 20:41:55.568808: Step 2930: Cross entropy = 0.234830
INFO:tensorflow:2020-01-05 20:41:55.650871: Step 2930: Validation accuracy = 53.0% (N=100)
I0105 20:41:55.650960 139731002489728 retrain.py:1100] 2020-01-05 20:41:55.650871: Step 2930: Validation accuracy = 53.0% (N=100)
INFO:tensorflow:2020-01-05 20:41:56.418239: Step 2940: Train accuracy = 97.0%
I0105 20:41:56.418308 139731002489728 retrain.py:1082] 2020-01-05 20:41:56.418239: Step 2940: Train accuracy = 97.0%
INFO:tensorflow:2020-01-05 20:41:56.418453: Step 2940: Cross entropy = 0.229708
I0105 20:41:56.418486 139731002489728 retrain.py:1084] 2020-01-05 20:41:56.418453: Step 2940: Cross entropy = 0.229708
INFO:tensorflow:2020-01-05 20:41:56.508162: Step 2940: Validation accuracy = 62.0% (N=100)
I0105 20:41:56.508228 139731002489728 retrain.py:1100] 2020-01-05 20:41:56.508162: Step 2940: Validation accuracy = 62.0% (N=100)
INFO:tensorflow:2020-01-05 20:41:57.270573: Step 2950: Train accuracy = 97.0%
I0105 20:41:57.270651 139731002489728 retrain.py:1082] 2020-01-05 20:41:57.270573: Step 2950: Train accuracy = 97.0%
INFO:tensorflow:2020-01-05 20:41:57.270803: Step 2950: Cross entropy = 0.199766
I0105 20:41:57.270823 139731002489728 retrain.py:1084] 2020-01-05 20:41:57.270803: Step 2950: Cross entropy = 0.199766
INFO:tensorflow:2020-01-05 20:41:57.358992: Step 2950: Validation accuracy = 50.0% (N=100)
I0105 20:41:57.359066 139731002489728 retrain.py:1100] 2020-01-05 20:41:57.358992: Step 2950: Validation accuracy = 50.0% (N=100)
INFO:tensorflow:2020-01-05 20:41:58.109902: Step 2960: Train accuracy = 100.0%
I0105 20:41:58.109958 139731002489728 retrain.py:1082] 2020-01-05 20:41:58.109902: Step 2960: Train accuracy = 100.0%
INFO:tensorflow:2020-01-05 20:41:58.110149: Step 2960: Cross entropy = 0.200021
I0105 20:41:58.110165 139731002489728 retrain.py:1084] 2020-01-05 20:41:58.110149: Step 2960: Cross entropy = 0.200021
INFO:tensorflow:2020-01-05 20:41:58.189328: Step 2960: Validation accuracy = 52.0% (N=100)
I0105 20:41:58.189383 139731002489728 retrain.py:1100] 2020-01-05 20:41:58.189328: Step 2960: Validation accuracy = 52.0% (N=100)
INFO:tensorflow:2020-01-05 20:41:58.953405: Step 2970: Train accuracy = 97.0%
I0105 20:41:58.953473 139731002489728 retrain.py:1082] 2020-01-05 20:41:58.953405: Step 2970: Train accuracy = 97.0%
INFO:tensorflow:2020-01-05 20:41:58.953721: Step 2970: Cross entropy = 0.231346
I0105 20:41:58.953745 139731002489728 retrain.py:1084] 2020-01-05 20:41:58.953721: Step 2970: Cross entropy = 0.231346
INFO:tensorflow:2020-01-05 20:41:59.040991: Step 2970: Validation accuracy = 47.0% (N=100)
I0105 20:41:59.041047 139731002489728 retrain.py:1100] 2020-01-05 20:41:59.040991: Step 2970: Validation accuracy = 47.0% (N=100)
INFO:tensorflow:2020-01-05 20:41:59.795373: Step 2980: Train accuracy = 100.0%
I0105 20:41:59.795428 139731002489728 retrain.py:1082] 2020-01-05 20:41:59.795373: Step 2980: Train accuracy = 100.0%
INFO:tensorflow:2020-01-05 20:41:59.795606: Step 2980: Cross entropy = 0.195300
I0105 20:41:59.795627 139731002489728 retrain.py:1084] 2020-01-05 20:41:59.795606: Step 2980: Cross entropy = 0.195300
INFO:tensorflow:2020-01-05 20:41:59.886722: Step 2980: Validation accuracy = 48.0% (N=100)
I0105 20:41:59.886780 139731002489728 retrain.py:1100] 2020-01-05 20:41:59.886722: Step 2980: Validation accuracy = 48.0% (N=100)
INFO:tensorflow:2020-01-05 20:42:00.644833: Step 2990: Train accuracy = 97.0%
I0105 20:42:00.644901 139731002489728 retrain.py:1082] 2020-01-05 20:42:00.644833: Step 2990: Train accuracy = 97.0%
INFO:tensorflow:2020-01-05 20:42:00.645044: Step 2990: Cross entropy = 0.192371
I0105 20:42:00.645080 139731002489728 retrain.py:1084] 2020-01-05 20:42:00.645044: Step 2990: Cross entropy = 0.192371
INFO:tensorflow:2020-01-05 20:42:00.731840: Step 2990: Validation accuracy = 57.0% (N=100)
I0105 20:42:00.731896 139731002489728 retrain.py:1100] 2020-01-05 20:42:00.731840: Step 2990: Validation accuracy = 57.0% (N=100)
INFO:tensorflow:2020-01-05 20:42:01.480198: Step 3000: Train accuracy = 97.0%
I0105 20:42:01.480275 139731002489728 retrain.py:1082] 2020-01-05 20:42:01.480198: Step 3000: Train accuracy = 97.0%
INFO:tensorflow:2020-01-05 20:42:01.480424: Step 3000: Cross entropy = 0.227906
I0105 20:42:01.480443 139731002489728 retrain.py:1084] 2020-01-05 20:42:01.480424: Step 3000: Cross entropy = 0.227906
INFO:tensorflow:2020-01-05 20:42:01.560478: Step 3000: Validation accuracy = 55.0% (N=100)
I0105 20:42:01.560538 139731002489728 retrain.py:1100] 2020-01-05 20:42:01.560478: Step 3000: Validation accuracy = 55.0% (N=100)
INFO:tensorflow:2020-01-05 20:42:02.309245: Step 3010: Train accuracy = 100.0%
I0105 20:42:02.309300 139731002489728 retrain.py:1082] 2020-01-05 20:42:02.309245: Step 3010: Train accuracy = 100.0%
INFO:tensorflow:2020-01-05 20:42:02.309473: Step 3010: Cross entropy = 0.210551
I0105 20:42:02.309494 139731002489728 retrain.py:1084] 2020-01-05 20:42:02.309473: Step 3010: Cross entropy = 0.210551
INFO:tensorflow:2020-01-05 20:42:02.393783: Step 3010: Validation accuracy = 58.0% (N=100)
I0105 20:42:02.393838 139731002489728 retrain.py:1100] 2020-01-05 20:42:02.393783: Step 3010: Validation accuracy = 58.0% (N=100)
INFO:tensorflow:2020-01-05 20:42:03.157140: Step 3020: Train accuracy = 99.0%
I0105 20:42:03.157207 139731002489728 retrain.py:1082] 2020-01-05 20:42:03.157140: Step 3020: Train accuracy = 99.0%
INFO:tensorflow:2020-01-05 20:42:03.157339: Step 3020: Cross entropy = 0.216528
I0105 20:42:03.157360 139731002489728 retrain.py:1084] 2020-01-05 20:42:03.157339: Step 3020: Cross entropy = 0.216528
INFO:tensorflow:2020-01-05 20:42:03.235659: Step 3020: Validation accuracy = 63.0% (N=100)
I0105 20:42:03.235714 139731002489728 retrain.py:1100] 2020-01-05 20:42:03.235659: Step 3020: Validation accuracy = 63.0% (N=100)
INFO:tensorflow:2020-01-05 20:42:03.987653: Step 3030: Train accuracy = 97.0%
I0105 20:42:03.987730 139731002489728 retrain.py:1082] 2020-01-05 20:42:03.987653: Step 3030: Train accuracy = 97.0%
INFO:tensorflow:2020-01-05 20:42:03.987862: Step 3030: Cross entropy = 0.209808
I0105 20:42:03.987882 139731002489728 retrain.py:1084] 2020-01-05 20:42:03.987862: Step 3030: Cross entropy = 0.209808
INFO:tensorflow:2020-01-05 20:42:04.078606: Step 3030: Validation accuracy = 59.0% (N=100)
I0105 20:42:04.078663 139731002489728 retrain.py:1100] 2020-01-05 20:42:04.078606: Step 3030: Validation accuracy = 59.0% (N=100)
INFO:tensorflow:2020-01-05 20:42:04.832272: Step 3040: Train accuracy = 98.0%
I0105 20:42:04.832329 139731002489728 retrain.py:1082] 2020-01-05 20:42:04.832272: Step 3040: Train accuracy = 98.0%
INFO:tensorflow:2020-01-05 20:42:04.832481: Step 3040: Cross entropy = 0.207350
I0105 20:42:04.832524 139731002489728 retrain.py:1084] 2020-01-05 20:42:04.832481: Step 3040: Cross entropy = 0.207350
INFO:tensorflow:2020-01-05 20:42:04.910841: Step 3040: Validation accuracy = 55.0% (N=100)
I0105 20:42:04.910897 139731002489728 retrain.py:1100] 2020-01-05 20:42:04.910841: Step 3040: Validation accuracy = 55.0% (N=100)
INFO:tensorflow:2020-01-05 20:42:05.678400: Step 3050: Train accuracy = 98.0%
I0105 20:42:05.678470 139731002489728 retrain.py:1082] 2020-01-05 20:42:05.678400: Step 3050: Train accuracy = 98.0%
INFO:tensorflow:2020-01-05 20:42:05.678655: Step 3050: Cross entropy = 0.241881
I0105 20:42:05.678677 139731002489728 retrain.py:1084] 2020-01-05 20:42:05.678655: Step 3050: Cross entropy = 0.241881
INFO:tensorflow:2020-01-05 20:42:05.794103: Step 3050: Validation accuracy = 54.0% (N=100)
I0105 20:42:05.794159 139731002489728 retrain.py:1100] 2020-01-05 20:42:05.794103: Step 3050: Validation accuracy = 54.0% (N=100)
INFO:tensorflow:2020-01-05 20:42:06.554376: Step 3060: Train accuracy = 98.0%
I0105 20:42:06.554432 139731002489728 retrain.py:1082] 2020-01-05 20:42:06.554376: Step 3060: Train accuracy = 98.0%
INFO:tensorflow:2020-01-05 20:42:06.554592: Step 3060: Cross entropy = 0.212312
I0105 20:42:06.554607 139731002489728 retrain.py:1084] 2020-01-05 20:42:06.554592: Step 3060: Cross entropy = 0.212312
INFO:tensorflow:2020-01-05 20:42:06.634222: Step 3060: Validation accuracy = 62.0% (N=100)
I0105 20:42:06.634279 139731002489728 retrain.py:1100] 2020-01-05 20:42:06.634222: Step 3060: Validation accuracy = 62.0% (N=100)
INFO:tensorflow:2020-01-05 20:42:07.392428: Step 3070: Train accuracy = 99.0%
I0105 20:42:07.392496 139731002489728 retrain.py:1082] 2020-01-05 20:42:07.392428: Step 3070: Train accuracy = 99.0%
INFO:tensorflow:2020-01-05 20:42:07.392668: Step 3070: Cross entropy = 0.205133
I0105 20:42:07.392686 139731002489728 retrain.py:1084] 2020-01-05 20:42:07.392668: Step 3070: Cross entropy = 0.205133
INFO:tensorflow:2020-01-05 20:42:07.473301: Step 3070: Validation accuracy = 56.0% (N=100)
I0105 20:42:07.473430 139731002489728 retrain.py:1100] 2020-01-05 20:42:07.473301: Step 3070: Validation accuracy = 56.0% (N=100)
INFO:tensorflow:2020-01-05 20:42:08.238900: Step 3080: Train accuracy = 99.0%
I0105 20:42:08.238955 139731002489728 retrain.py:1082] 2020-01-05 20:42:08.238900: Step 3080: Train accuracy = 99.0%
INFO:tensorflow:2020-01-05 20:42:08.239122: Step 3080: Cross entropy = 0.227570
I0105 20:42:08.239144 139731002489728 retrain.py:1084] 2020-01-05 20:42:08.239122: Step 3080: Cross entropy = 0.227570
INFO:tensorflow:2020-01-05 20:42:08.323261: Step 3080: Validation accuracy = 42.0% (N=100)
I0105 20:42:08.323338 139731002489728 retrain.py:1100] 2020-01-05 20:42:08.323261: Step 3080: Validation accuracy = 42.0% (N=100)
INFO:tensorflow:2020-01-05 20:42:09.084074: Step 3090: Train accuracy = 97.0%
I0105 20:42:09.084130 139731002489728 retrain.py:1082] 2020-01-05 20:42:09.084074: Step 3090: Train accuracy = 97.0%
INFO:tensorflow:2020-01-05 20:42:09.084293: Step 3090: Cross entropy = 0.213455
I0105 20:42:09.084314 139731002489728 retrain.py:1084] 2020-01-05 20:42:09.084293: Step 3090: Cross entropy = 0.213455
INFO:tensorflow:2020-01-05 20:42:09.172976: Step 3090: Validation accuracy = 56.0% (N=100)
I0105 20:42:09.173031 139731002489728 retrain.py:1100] 2020-01-05 20:42:09.172976: Step 3090: Validation accuracy = 56.0% (N=100)
INFO:tensorflow:2020-01-05 20:42:09.923730: Step 3100: Train accuracy = 100.0%
I0105 20:42:09.923784 139731002489728 retrain.py:1082] 2020-01-05 20:42:09.923730: Step 3100: Train accuracy = 100.0%
INFO:tensorflow:2020-01-05 20:42:09.923966: Step 3100: Cross entropy = 0.194782
I0105 20:42:09.923985 139731002489728 retrain.py:1084] 2020-01-05 20:42:09.923966: Step 3100: Cross entropy = 0.194782
INFO:tensorflow:2020-01-05 20:42:10.012202: Step 3100: Validation accuracy = 55.0% (N=100)
I0105 20:42:10.012283 139731002489728 retrain.py:1100] 2020-01-05 20:42:10.012202: Step 3100: Validation accuracy = 55.0% (N=100)
INFO:tensorflow:2020-01-05 20:42:10.781137: Step 3110: Train accuracy = 99.0%
I0105 20:42:10.781192 139731002489728 retrain.py:1082] 2020-01-05 20:42:10.781137: Step 3110: Train accuracy = 99.0%
INFO:tensorflow:2020-01-05 20:42:10.781338: Step 3110: Cross entropy = 0.212089
I0105 20:42:10.781378 139731002489728 retrain.py:1084] 2020-01-05 20:42:10.781338: Step 3110: Cross entropy = 0.212089
INFO:tensorflow:2020-01-05 20:42:10.871048: Step 3110: Validation accuracy = 59.0% (N=100)
I0105 20:42:10.871139 139731002489728 retrain.py:1100] 2020-01-05 20:42:10.871048: Step 3110: Validation accuracy = 59.0% (N=100)
INFO:tensorflow:2020-01-05 20:42:11.622796: Step 3120: Train accuracy = 99.0%
I0105 20:42:11.622851 139731002489728 retrain.py:1082] 2020-01-05 20:42:11.622796: Step 3120: Train accuracy = 99.0%
INFO:tensorflow:2020-01-05 20:42:11.623023: Step 3120: Cross entropy = 0.178588
I0105 20:42:11.623050 139731002489728 retrain.py:1084] 2020-01-05 20:42:11.623023: Step 3120: Cross entropy = 0.178588
INFO:tensorflow:2020-01-05 20:42:11.710580: Step 3120: Validation accuracy = 55.0% (N=100)
I0105 20:42:11.710637 139731002489728 retrain.py:1100] 2020-01-05 20:42:11.710580: Step 3120: Validation accuracy = 55.0% (N=100)
INFO:tensorflow:2020-01-05 20:42:12.465099: Step 3130: Train accuracy = 98.0%
I0105 20:42:12.465154 139731002489728 retrain.py:1082] 2020-01-05 20:42:12.465099: Step 3130: Train accuracy = 98.0%
INFO:tensorflow:2020-01-05 20:42:12.465312: Step 3130: Cross entropy = 0.215526
I0105 20:42:12.465334 139731002489728 retrain.py:1084] 2020-01-05 20:42:12.465312: Step 3130: Cross entropy = 0.215526
INFO:tensorflow:2020-01-05 20:42:12.545472: Step 3130: Validation accuracy = 63.0% (N=100)
I0105 20:42:12.545530 139731002489728 retrain.py:1100] 2020-01-05 20:42:12.545472: Step 3130: Validation accuracy = 63.0% (N=100)
INFO:tensorflow:2020-01-05 20:42:13.307002: Step 3140: Train accuracy = 96.0%
I0105 20:42:13.307056 139731002489728 retrain.py:1082] 2020-01-05 20:42:13.307002: Step 3140: Train accuracy = 96.0%
INFO:tensorflow:2020-01-05 20:42:13.307231: Step 3140: Cross entropy = 0.221686
I0105 20:42:13.307254 139731002489728 retrain.py:1084] 2020-01-05 20:42:13.307231: Step 3140: Cross entropy = 0.221686
INFO:tensorflow:2020-01-05 20:42:13.397886: Step 3140: Validation accuracy = 65.0% (N=100)
I0105 20:42:13.397946 139731002489728 retrain.py:1100] 2020-01-05 20:42:13.397886: Step 3140: Validation accuracy = 65.0% (N=100)
INFO:tensorflow:2020-01-05 20:42:14.157176: Step 3150: Train accuracy = 99.0%
I0105 20:42:14.157232 139731002489728 retrain.py:1082] 2020-01-05 20:42:14.157176: Step 3150: Train accuracy = 99.0%
INFO:tensorflow:2020-01-05 20:42:14.157433: Step 3150: Cross entropy = 0.206030
I0105 20:42:14.157460 139731002489728 retrain.py:1084] 2020-01-05 20:42:14.157433: Step 3150: Cross entropy = 0.206030
INFO:tensorflow:2020-01-05 20:42:14.246599: Step 3150: Validation accuracy = 68.0% (N=100)
I0105 20:42:14.246659 139731002489728 retrain.py:1100] 2020-01-05 20:42:14.246599: Step 3150: Validation accuracy = 68.0% (N=100)
INFO:tensorflow:2020-01-05 20:42:14.997120: Step 3160: Train accuracy = 100.0%
I0105 20:42:14.997175 139731002489728 retrain.py:1082] 2020-01-05 20:42:14.997120: Step 3160: Train accuracy = 100.0%
INFO:tensorflow:2020-01-05 20:42:14.997321: Step 3160: Cross entropy = 0.189337
I0105 20:42:14.997366 139731002489728 retrain.py:1084] 2020-01-05 20:42:14.997321: Step 3160: Cross entropy = 0.189337
INFO:tensorflow:2020-01-05 20:42:15.085344: Step 3160: Validation accuracy = 59.0% (N=100)
I0105 20:42:15.085401 139731002489728 retrain.py:1100] 2020-01-05 20:42:15.085344: Step 3160: Validation accuracy = 59.0% (N=100)
INFO:tensorflow:2020-01-05 20:42:15.852279: Step 3170: Train accuracy = 99.0%
I0105 20:42:15.852333 139731002489728 retrain.py:1082] 2020-01-05 20:42:15.852279: Step 3170: Train accuracy = 99.0%
INFO:tensorflow:2020-01-05 20:42:15.852516: Step 3170: Cross entropy = 0.182100
I0105 20:42:15.852534 139731002489728 retrain.py:1084] 2020-01-05 20:42:15.852516: Step 3170: Cross entropy = 0.182100
INFO:tensorflow:2020-01-05 20:42:15.940776: Step 3170: Validation accuracy = 47.0% (N=100)
I0105 20:42:15.940833 139731002489728 retrain.py:1100] 2020-01-05 20:42:15.940776: Step 3170: Validation accuracy = 47.0% (N=100)
INFO:tensorflow:2020-01-05 20:42:16.695236: Step 3180: Train accuracy = 97.0%
I0105 20:42:16.695326 139731002489728 retrain.py:1082] 2020-01-05 20:42:16.695236: Step 3180: Train accuracy = 97.0%
INFO:tensorflow:2020-01-05 20:42:16.695464: Step 3180: Cross entropy = 0.203654
I0105 20:42:16.695481 139731002489728 retrain.py:1084] 2020-01-05 20:42:16.695464: Step 3180: Cross entropy = 0.203654
INFO:tensorflow:2020-01-05 20:42:16.774714: Step 3180: Validation accuracy = 51.0% (N=100)
I0105 20:42:16.774770 139731002489728 retrain.py:1100] 2020-01-05 20:42:16.774714: Step 3180: Validation accuracy = 51.0% (N=100)
INFO:tensorflow:2020-01-05 20:42:17.537565: Step 3190: Train accuracy = 98.0%
I0105 20:42:17.537620 139731002489728 retrain.py:1082] 2020-01-05 20:42:17.537565: Step 3190: Train accuracy = 98.0%
INFO:tensorflow:2020-01-05 20:42:17.537804: Step 3190: Cross entropy = 0.191849
I0105 20:42:17.537823 139731002489728 retrain.py:1084] 2020-01-05 20:42:17.537804: Step 3190: Cross entropy = 0.191849
INFO:tensorflow:2020-01-05 20:42:17.626439: Step 3190: Validation accuracy = 57.0% (N=100)
I0105 20:42:17.626497 139731002489728 retrain.py:1100] 2020-01-05 20:42:17.626439: Step 3190: Validation accuracy = 57.0% (N=100)
INFO:tensorflow:2020-01-05 20:42:18.384245: Step 3200: Train accuracy = 99.0%
I0105 20:42:18.384299 139731002489728 retrain.py:1082] 2020-01-05 20:42:18.384245: Step 3200: Train accuracy = 99.0%
INFO:tensorflow:2020-01-05 20:42:18.384456: Step 3200: Cross entropy = 0.185752
I0105 20:42:18.384476 139731002489728 retrain.py:1084] 2020-01-05 20:42:18.384456: Step 3200: Cross entropy = 0.185752
INFO:tensorflow:2020-01-05 20:42:18.463883: Step 3200: Validation accuracy = 54.0% (N=100)
I0105 20:42:18.463954 139731002489728 retrain.py:1100] 2020-01-05 20:42:18.463883: Step 3200: Validation accuracy = 54.0% (N=100)
INFO:tensorflow:2020-01-05 20:42:19.224916: Step 3210: Train accuracy = 99.0%
I0105 20:42:19.224983 139731002489728 retrain.py:1082] 2020-01-05 20:42:19.224916: Step 3210: Train accuracy = 99.0%
INFO:tensorflow:2020-01-05 20:42:19.225117: Step 3210: Cross entropy = 0.217320
I0105 20:42:19.225137 139731002489728 retrain.py:1084] 2020-01-05 20:42:19.225117: Step 3210: Cross entropy = 0.217320
INFO:tensorflow:2020-01-05 20:42:19.312861: Step 3210: Validation accuracy = 55.0% (N=100)
I0105 20:42:19.312917 139731002489728 retrain.py:1100] 2020-01-05 20:42:19.312861: Step 3210: Validation accuracy = 55.0% (N=100)
INFO:tensorflow:2020-01-05 20:42:20.079887: Step 3220: Train accuracy = 97.0%
I0105 20:42:20.079965 139731002489728 retrain.py:1082] 2020-01-05 20:42:20.079887: Step 3220: Train accuracy = 97.0%
INFO:tensorflow:2020-01-05 20:42:20.080124: Step 3220: Cross entropy = 0.218690
I0105 20:42:20.080141 139731002489728 retrain.py:1084] 2020-01-05 20:42:20.080124: Step 3220: Cross entropy = 0.218690
INFO:tensorflow:2020-01-05 20:42:20.159532: Step 3220: Validation accuracy = 61.0% (N=100)
I0105 20:42:20.159601 139731002489728 retrain.py:1100] 2020-01-05 20:42:20.159532: Step 3220: Validation accuracy = 61.0% (N=100)
INFO:tensorflow:2020-01-05 20:42:20.928112: Step 3230: Train accuracy = 100.0%
I0105 20:42:20.928167 139731002489728 retrain.py:1082] 2020-01-05 20:42:20.928112: Step 3230: Train accuracy = 100.0%
INFO:tensorflow:2020-01-05 20:42:20.928361: Step 3230: Cross entropy = 0.190531
I0105 20:42:20.928385 139731002489728 retrain.py:1084] 2020-01-05 20:42:20.928361: Step 3230: Cross entropy = 0.190531
INFO:tensorflow:2020-01-05 20:42:21.011421: Step 3230: Validation accuracy = 64.0% (N=100)
I0105 20:42:21.011477 139731002489728 retrain.py:1100] 2020-01-05 20:42:21.011421: Step 3230: Validation accuracy = 64.0% (N=100)
INFO:tensorflow:2020-01-05 20:42:21.778923: Step 3240: Train accuracy = 98.0%
I0105 20:42:21.778978 139731002489728 retrain.py:1082] 2020-01-05 20:42:21.778923: Step 3240: Train accuracy = 98.0%
INFO:tensorflow:2020-01-05 20:42:21.779134: Step 3240: Cross entropy = 0.182814
I0105 20:42:21.779176 139731002489728 retrain.py:1084] 2020-01-05 20:42:21.779134: Step 3240: Cross entropy = 0.182814
INFO:tensorflow:2020-01-05 20:42:21.859509: Step 3240: Validation accuracy = 53.0% (N=100)
I0105 20:42:21.859565 139731002489728 retrain.py:1100] 2020-01-05 20:42:21.859509: Step 3240: Validation accuracy = 53.0% (N=100)
INFO:tensorflow:2020-01-05 20:42:22.622639: Step 3250: Train accuracy = 98.0%
I0105 20:42:22.622696 139731002489728 retrain.py:1082] 2020-01-05 20:42:22.622639: Step 3250: Train accuracy = 98.0%
INFO:tensorflow:2020-01-05 20:42:22.622874: Step 3250: Cross entropy = 0.196985
I0105 20:42:22.622899 139731002489728 retrain.py:1084] 2020-01-05 20:42:22.622874: Step 3250: Cross entropy = 0.196985
INFO:tensorflow:2020-01-05 20:42:22.713115: Step 3250: Validation accuracy = 56.0% (N=100)
I0105 20:42:22.713171 139731002489728 retrain.py:1100] 2020-01-05 20:42:22.713115: Step 3250: Validation accuracy = 56.0% (N=100)
INFO:tensorflow:2020-01-05 20:42:23.467950: Step 3260: Train accuracy = 96.0%
I0105 20:42:23.468006 139731002489728 retrain.py:1082] 2020-01-05 20:42:23.467950: Step 3260: Train accuracy = 96.0%
INFO:tensorflow:2020-01-05 20:42:23.468163: Step 3260: Cross entropy = 0.231781
I0105 20:42:23.468184 139731002489728 retrain.py:1084] 2020-01-05 20:42:23.468163: Step 3260: Cross entropy = 0.231781
INFO:tensorflow:2020-01-05 20:42:23.555745: Step 3260: Validation accuracy = 42.0% (N=100)
I0105 20:42:23.555801 139731002489728 retrain.py:1100] 2020-01-05 20:42:23.555745: Step 3260: Validation accuracy = 42.0% (N=100)
INFO:tensorflow:2020-01-05 20:42:24.318975: Step 3270: Train accuracy = 99.0%
I0105 20:42:24.319029 139731002489728 retrain.py:1082] 2020-01-05 20:42:24.318975: Step 3270: Train accuracy = 99.0%
INFO:tensorflow:2020-01-05 20:42:24.319177: Step 3270: Cross entropy = 0.204990
I0105 20:42:24.319196 139731002489728 retrain.py:1084] 2020-01-05 20:42:24.319177: Step 3270: Cross entropy = 0.204990
INFO:tensorflow:2020-01-05 20:42:24.409490: Step 3270: Validation accuracy = 50.0% (N=100)
I0105 20:42:24.409548 139731002489728 retrain.py:1100] 2020-01-05 20:42:24.409490: Step 3270: Validation accuracy = 50.0% (N=100)
INFO:tensorflow:2020-01-05 20:42:25.178688: Step 3280: Train accuracy = 98.0%
I0105 20:42:25.178744 139731002489728 retrain.py:1082] 2020-01-05 20:42:25.178688: Step 3280: Train accuracy = 98.0%
INFO:tensorflow:2020-01-05 20:42:25.178920: Step 3280: Cross entropy = 0.218956
I0105 20:42:25.178936 139731002489728 retrain.py:1084] 2020-01-05 20:42:25.178920: Step 3280: Cross entropy = 0.218956
INFO:tensorflow:2020-01-05 20:42:25.256851: Step 3280: Validation accuracy = 50.0% (N=100)
I0105 20:42:25.256908 139731002489728 retrain.py:1100] 2020-01-05 20:42:25.256851: Step 3280: Validation accuracy = 50.0% (N=100)
INFO:tensorflow:2020-01-05 20:42:26.016234: Step 3290: Train accuracy = 100.0%
I0105 20:42:26.016287 139731002489728 retrain.py:1082] 2020-01-05 20:42:26.016234: Step 3290: Train accuracy = 100.0%
INFO:tensorflow:2020-01-05 20:42:26.016440: Step 3290: Cross entropy = 0.185911
I0105 20:42:26.016456 139731002489728 retrain.py:1084] 2020-01-05 20:42:26.016440: Step 3290: Cross entropy = 0.185911
INFO:tensorflow:2020-01-05 20:42:26.096822: Step 3290: Validation accuracy = 47.0% (N=100)
I0105 20:42:26.096881 139731002489728 retrain.py:1100] 2020-01-05 20:42:26.096822: Step 3290: Validation accuracy = 47.0% (N=100)
INFO:tensorflow:2020-01-05 20:42:26.849398: Step 3300: Train accuracy = 99.0%
I0105 20:42:26.849454 139731002489728 retrain.py:1082] 2020-01-05 20:42:26.849398: Step 3300: Train accuracy = 99.0%
INFO:tensorflow:2020-01-05 20:42:26.849634: Step 3300: Cross entropy = 0.185045
I0105 20:42:26.849659 139731002489728 retrain.py:1084] 2020-01-05 20:42:26.849634: Step 3300: Cross entropy = 0.185045
INFO:tensorflow:2020-01-05 20:42:26.928186: Step 3300: Validation accuracy = 55.0% (N=100)
I0105 20:42:26.928242 139731002489728 retrain.py:1100] 2020-01-05 20:42:26.928186: Step 3300: Validation accuracy = 55.0% (N=100)
INFO:tensorflow:2020-01-05 20:42:27.687754: Step 3310: Train accuracy = 99.0%
I0105 20:42:27.687809 139731002489728 retrain.py:1082] 2020-01-05 20:42:27.687754: Step 3310: Train accuracy = 99.0%
INFO:tensorflow:2020-01-05 20:42:27.688005: Step 3310: Cross entropy = 0.212404
I0105 20:42:27.688033 139731002489728 retrain.py:1084] 2020-01-05 20:42:27.688005: Step 3310: Cross entropy = 0.212404
INFO:tensorflow:2020-01-05 20:42:27.767772: Step 3310: Validation accuracy = 61.0% (N=100)
I0105 20:42:27.767827 139731002489728 retrain.py:1100] 2020-01-05 20:42:27.767772: Step 3310: Validation accuracy = 61.0% (N=100)
INFO:tensorflow:2020-01-05 20:42:28.533979: Step 3320: Train accuracy = 99.0%
I0105 20:42:28.534036 139731002489728 retrain.py:1082] 2020-01-05 20:42:28.533979: Step 3320: Train accuracy = 99.0%
INFO:tensorflow:2020-01-05 20:42:28.534201: Step 3320: Cross entropy = 0.205860
I0105 20:42:28.534224 139731002489728 retrain.py:1084] 2020-01-05 20:42:28.534201: Step 3320: Cross entropy = 0.205860
INFO:tensorflow:2020-01-05 20:42:28.622449: Step 3320: Validation accuracy = 48.0% (N=100)
I0105 20:42:28.622505 139731002489728 retrain.py:1100] 2020-01-05 20:42:28.622449: Step 3320: Validation accuracy = 48.0% (N=100)
INFO:tensorflow:2020-01-05 20:42:29.387607: Step 3330: Train accuracy = 99.0%
I0105 20:42:29.387662 139731002489728 retrain.py:1082] 2020-01-05 20:42:29.387607: Step 3330: Train accuracy = 99.0%
INFO:tensorflow:2020-01-05 20:42:29.387796: Step 3330: Cross entropy = 0.168693
I0105 20:42:29.387815 139731002489728 retrain.py:1084] 2020-01-05 20:42:29.387796: Step 3330: Cross entropy = 0.168693
INFO:tensorflow:2020-01-05 20:42:29.466991: Step 3330: Validation accuracy = 54.0% (N=100)
I0105 20:42:29.467044 139731002489728 retrain.py:1100] 2020-01-05 20:42:29.466991: Step 3330: Validation accuracy = 54.0% (N=100)
INFO:tensorflow:2020-01-05 20:42:30.218111: Step 3340: Train accuracy = 98.0%
I0105 20:42:30.218167 139731002489728 retrain.py:1082] 2020-01-05 20:42:30.218111: Step 3340: Train accuracy = 98.0%
INFO:tensorflow:2020-01-05 20:42:30.218311: Step 3340: Cross entropy = 0.202229
I0105 20:42:30.218331 139731002489728 retrain.py:1084] 2020-01-05 20:42:30.218311: Step 3340: Cross entropy = 0.202229
INFO:tensorflow:2020-01-05 20:42:30.297691: Step 3340: Validation accuracy = 57.0% (N=100)
I0105 20:42:30.297759 139731002489728 retrain.py:1100] 2020-01-05 20:42:30.297691: Step 3340: Validation accuracy = 57.0% (N=100)
INFO:tensorflow:2020-01-05 20:42:31.076453: Step 3350: Train accuracy = 99.0%
I0105 20:42:31.076510 139731002489728 retrain.py:1082] 2020-01-05 20:42:31.076453: Step 3350: Train accuracy = 99.0%
INFO:tensorflow:2020-01-05 20:42:31.076658: Step 3350: Cross entropy = 0.182731
I0105 20:42:31.076679 139731002489728 retrain.py:1084] 2020-01-05 20:42:31.076658: Step 3350: Cross entropy = 0.182731
INFO:tensorflow:2020-01-05 20:42:31.157149: Step 3350: Validation accuracy = 51.0% (N=100)
I0105 20:42:31.157227 139731002489728 retrain.py:1100] 2020-01-05 20:42:31.157149: Step 3350: Validation accuracy = 51.0% (N=100)
INFO:tensorflow:2020-01-05 20:42:31.916226: Step 3360: Train accuracy = 99.0%
I0105 20:42:31.916282 139731002489728 retrain.py:1082] 2020-01-05 20:42:31.916226: Step 3360: Train accuracy = 99.0%
INFO:tensorflow:2020-01-05 20:42:31.916469: Step 3360: Cross entropy = 0.196409
I0105 20:42:31.916487 139731002489728 retrain.py:1084] 2020-01-05 20:42:31.916469: Step 3360: Cross entropy = 0.196409
INFO:tensorflow:2020-01-05 20:42:31.996207: Step 3360: Validation accuracy = 55.0% (N=100)
I0105 20:42:31.996288 139731002489728 retrain.py:1100] 2020-01-05 20:42:31.996207: Step 3360: Validation accuracy = 55.0% (N=100)
INFO:tensorflow:2020-01-05 20:42:32.757868: Step 3370: Train accuracy = 100.0%
I0105 20:42:32.757937 139731002489728 retrain.py:1082] 2020-01-05 20:42:32.757868: Step 3370: Train accuracy = 100.0%
INFO:tensorflow:2020-01-05 20:42:32.758098: Step 3370: Cross entropy = 0.186152
I0105 20:42:32.758121 139731002489728 retrain.py:1084] 2020-01-05 20:42:32.758098: Step 3370: Cross entropy = 0.186152
INFO:tensorflow:2020-01-05 20:42:32.837311: Step 3370: Validation accuracy = 62.0% (N=100)
I0105 20:42:32.837368 139731002489728 retrain.py:1100] 2020-01-05 20:42:32.837311: Step 3370: Validation accuracy = 62.0% (N=100)
INFO:tensorflow:2020-01-05 20:42:33.599939: Step 3380: Train accuracy = 100.0%
I0105 20:42:33.599995 139731002489728 retrain.py:1082] 2020-01-05 20:42:33.599939: Step 3380: Train accuracy = 100.0%
INFO:tensorflow:2020-01-05 20:42:33.600149: Step 3380: Cross entropy = 0.178108
I0105 20:42:33.600166 139731002489728 retrain.py:1084] 2020-01-05 20:42:33.600149: Step 3380: Cross entropy = 0.178108
INFO:tensorflow:2020-01-05 20:42:33.689144: Step 3380: Validation accuracy = 55.0% (N=100)
I0105 20:42:33.689199 139731002489728 retrain.py:1100] 2020-01-05 20:42:33.689144: Step 3380: Validation accuracy = 55.0% (N=100)
INFO:tensorflow:2020-01-05 20:42:34.457765: Step 3390: Train accuracy = 97.0%
I0105 20:42:34.457818 139731002489728 retrain.py:1082] 2020-01-05 20:42:34.457765: Step 3390: Train accuracy = 97.0%
INFO:tensorflow:2020-01-05 20:42:34.458006: Step 3390: Cross entropy = 0.200426
I0105 20:42:34.458032 139731002489728 retrain.py:1084] 2020-01-05 20:42:34.458006: Step 3390: Cross entropy = 0.200426
INFO:tensorflow:2020-01-05 20:42:34.546062: Step 3390: Validation accuracy = 63.0% (N=100)
I0105 20:42:34.546118 139731002489728 retrain.py:1100] 2020-01-05 20:42:34.546062: Step 3390: Validation accuracy = 63.0% (N=100)
INFO:tensorflow:2020-01-05 20:42:35.315406: Step 3400: Train accuracy = 99.0%
I0105 20:42:35.315483 139731002489728 retrain.py:1082] 2020-01-05 20:42:35.315406: Step 3400: Train accuracy = 99.0%
INFO:tensorflow:2020-01-05 20:42:35.315615: Step 3400: Cross entropy = 0.194038
I0105 20:42:35.315650 139731002489728 retrain.py:1084] 2020-01-05 20:42:35.315615: Step 3400: Cross entropy = 0.194038
INFO:tensorflow:2020-01-05 20:42:35.397103: Step 3400: Validation accuracy = 58.0% (N=100)
I0105 20:42:35.397161 139731002489728 retrain.py:1100] 2020-01-05 20:42:35.397103: Step 3400: Validation accuracy = 58.0% (N=100)
INFO:tensorflow:2020-01-05 20:42:36.165241: Step 3410: Train accuracy = 98.0%
I0105 20:42:36.165297 139731002489728 retrain.py:1082] 2020-01-05 20:42:36.165241: Step 3410: Train accuracy = 98.0%
INFO:tensorflow:2020-01-05 20:42:36.165465: Step 3410: Cross entropy = 0.206408
I0105 20:42:36.165496 139731002489728 retrain.py:1084] 2020-01-05 20:42:36.165465: Step 3410: Cross entropy = 0.206408
INFO:tensorflow:2020-01-05 20:42:36.253374: Step 3410: Validation accuracy = 55.0% (N=100)
I0105 20:42:36.253430 139731002489728 retrain.py:1100] 2020-01-05 20:42:36.253374: Step 3410: Validation accuracy = 55.0% (N=100)
INFO:tensorflow:2020-01-05 20:42:37.004387: Step 3420: Train accuracy = 100.0%
I0105 20:42:37.004441 139731002489728 retrain.py:1082] 2020-01-05 20:42:37.004387: Step 3420: Train accuracy = 100.0%
INFO:tensorflow:2020-01-05 20:42:37.004619: Step 3420: Cross entropy = 0.201701
I0105 20:42:37.004641 139731002489728 retrain.py:1084] 2020-01-05 20:42:37.004619: Step 3420: Cross entropy = 0.201701
INFO:tensorflow:2020-01-05 20:42:37.086475: Step 3420: Validation accuracy = 53.0% (N=100)
I0105 20:42:37.086533 139731002489728 retrain.py:1100] 2020-01-05 20:42:37.086475: Step 3420: Validation accuracy = 53.0% (N=100)
INFO:tensorflow:2020-01-05 20:42:37.851666: Step 3430: Train accuracy = 100.0%
I0105 20:42:37.851735 139731002489728 retrain.py:1082] 2020-01-05 20:42:37.851666: Step 3430: Train accuracy = 100.0%
INFO:tensorflow:2020-01-05 20:42:37.851919: Step 3430: Cross entropy = 0.207682
I0105 20:42:37.851938 139731002489728 retrain.py:1084] 2020-01-05 20:42:37.851919: Step 3430: Cross entropy = 0.207682
INFO:tensorflow:2020-01-05 20:42:37.932029: Step 3430: Validation accuracy = 54.0% (N=100)
I0105 20:42:37.932086 139731002489728 retrain.py:1100] 2020-01-05 20:42:37.932029: Step 3430: Validation accuracy = 54.0% (N=100)
INFO:tensorflow:2020-01-05 20:42:38.691019: Step 3440: Train accuracy = 98.0%
I0105 20:42:38.691076 139731002489728 retrain.py:1082] 2020-01-05 20:42:38.691019: Step 3440: Train accuracy = 98.0%
INFO:tensorflow:2020-01-05 20:42:38.691268: Step 3440: Cross entropy = 0.202608
I0105 20:42:38.691307 139731002489728 retrain.py:1084] 2020-01-05 20:42:38.691268: Step 3440: Cross entropy = 0.202608
INFO:tensorflow:2020-01-05 20:42:38.782044: Step 3440: Validation accuracy = 57.0% (N=100)
I0105 20:42:38.782101 139731002489728 retrain.py:1100] 2020-01-05 20:42:38.782044: Step 3440: Validation accuracy = 57.0% (N=100)
INFO:tensorflow:2020-01-05 20:42:39.547622: Step 3450: Train accuracy = 98.0%
I0105 20:42:39.547677 139731002489728 retrain.py:1082] 2020-01-05 20:42:39.547622: Step 3450: Train accuracy = 98.0%
INFO:tensorflow:2020-01-05 20:42:39.547862: Step 3450: Cross entropy = 0.180235
I0105 20:42:39.547881 139731002489728 retrain.py:1084] 2020-01-05 20:42:39.547862: Step 3450: Cross entropy = 0.180235
INFO:tensorflow:2020-01-05 20:42:39.631890: Step 3450: Validation accuracy = 60.0% (N=100)
I0105 20:42:39.631947 139731002489728 retrain.py:1100] 2020-01-05 20:42:39.631890: Step 3450: Validation accuracy = 60.0% (N=100)
INFO:tensorflow:2020-01-05 20:42:40.400514: Step 3460: Train accuracy = 96.0%
I0105 20:42:40.400591 139731002489728 retrain.py:1082] 2020-01-05 20:42:40.400514: Step 3460: Train accuracy = 96.0%
INFO:tensorflow:2020-01-05 20:42:40.400753: Step 3460: Cross entropy = 0.213056
I0105 20:42:40.400774 139731002489728 retrain.py:1084] 2020-01-05 20:42:40.400753: Step 3460: Cross entropy = 0.213056
INFO:tensorflow:2020-01-05 20:42:40.479435: Step 3460: Validation accuracy = 49.0% (N=100)
I0105 20:42:40.479515 139731002489728 retrain.py:1100] 2020-01-05 20:42:40.479435: Step 3460: Validation accuracy = 49.0% (N=100)
INFO:tensorflow:2020-01-05 20:42:41.243840: Step 3470: Train accuracy = 97.0%
I0105 20:42:41.243894 139731002489728 retrain.py:1082] 2020-01-05 20:42:41.243840: Step 3470: Train accuracy = 97.0%
INFO:tensorflow:2020-01-05 20:42:41.244026: Step 3470: Cross entropy = 0.198814
I0105 20:42:41.244045 139731002489728 retrain.py:1084] 2020-01-05 20:42:41.244026: Step 3470: Cross entropy = 0.198814
INFO:tensorflow:2020-01-05 20:42:41.325639: Step 3470: Validation accuracy = 51.0% (N=100)
I0105 20:42:41.325695 139731002489728 retrain.py:1100] 2020-01-05 20:42:41.325639: Step 3470: Validation accuracy = 51.0% (N=100)
INFO:tensorflow:2020-01-05 20:42:42.097772: Step 3480: Train accuracy = 98.0%
I0105 20:42:42.097829 139731002489728 retrain.py:1082] 2020-01-05 20:42:42.097772: Step 3480: Train accuracy = 98.0%
INFO:tensorflow:2020-01-05 20:42:42.098012: Step 3480: Cross entropy = 0.190233
I0105 20:42:42.098032 139731002489728 retrain.py:1084] 2020-01-05 20:42:42.098012: Step 3480: Cross entropy = 0.190233
INFO:tensorflow:2020-01-05 20:42:42.177430: Step 3480: Validation accuracy = 58.0% (N=100)
I0105 20:42:42.177500 139731002489728 retrain.py:1100] 2020-01-05 20:42:42.177430: Step 3480: Validation accuracy = 58.0% (N=100)
INFO:tensorflow:2020-01-05 20:42:42.936571: Step 3490: Train accuracy = 100.0%
I0105 20:42:42.936626 139731002489728 retrain.py:1082] 2020-01-05 20:42:42.936571: Step 3490: Train accuracy = 100.0%
INFO:tensorflow:2020-01-05 20:42:42.936786: Step 3490: Cross entropy = 0.188216
I0105 20:42:42.936812 139731002489728 retrain.py:1084] 2020-01-05 20:42:42.936786: Step 3490: Cross entropy = 0.188216
INFO:tensorflow:2020-01-05 20:42:43.023714: Step 3490: Validation accuracy = 53.0% (N=100)
I0105 20:42:43.023773 139731002489728 retrain.py:1100] 2020-01-05 20:42:43.023714: Step 3490: Validation accuracy = 53.0% (N=100)
INFO:tensorflow:2020-01-05 20:42:43.787862: Step 3500: Train accuracy = 100.0%
I0105 20:42:43.787939 139731002489728 retrain.py:1082] 2020-01-05 20:42:43.787862: Step 3500: Train accuracy = 100.0%
INFO:tensorflow:2020-01-05 20:42:43.788103: Step 3500: Cross entropy = 0.189699
I0105 20:42:43.788125 139731002489728 retrain.py:1084] 2020-01-05 20:42:43.788103: Step 3500: Cross entropy = 0.189699
INFO:tensorflow:2020-01-05 20:42:43.867750: Step 3500: Validation accuracy = 60.0% (N=100)
I0105 20:42:43.867819 139731002489728 retrain.py:1100] 2020-01-05 20:42:43.867750: Step 3500: Validation accuracy = 60.0% (N=100)
INFO:tensorflow:2020-01-05 20:42:44.628044: Step 3510: Train accuracy = 99.0%
I0105 20:42:44.628100 139731002489728 retrain.py:1082] 2020-01-05 20:42:44.628044: Step 3510: Train accuracy = 99.0%
INFO:tensorflow:2020-01-05 20:42:44.628261: Step 3510: Cross entropy = 0.187192
I0105 20:42:44.628281 139731002489728 retrain.py:1084] 2020-01-05 20:42:44.628261: Step 3510: Cross entropy = 0.187192
INFO:tensorflow:2020-01-05 20:42:44.715517: Step 3510: Validation accuracy = 55.0% (N=100)
I0105 20:42:44.715574 139731002489728 retrain.py:1100] 2020-01-05 20:42:44.715517: Step 3510: Validation accuracy = 55.0% (N=100)
INFO:tensorflow:2020-01-05 20:42:45.473441: Step 3520: Train accuracy = 97.0%
I0105 20:42:45.473496 139731002489728 retrain.py:1082] 2020-01-05 20:42:45.473441: Step 3520: Train accuracy = 97.0%
INFO:tensorflow:2020-01-05 20:42:45.473671: Step 3520: Cross entropy = 0.209557
I0105 20:42:45.473687 139731002489728 retrain.py:1084] 2020-01-05 20:42:45.473671: Step 3520: Cross entropy = 0.209557
INFO:tensorflow:2020-01-05 20:42:45.552202: Step 3520: Validation accuracy = 61.0% (N=100)
I0105 20:42:45.552259 139731002489728 retrain.py:1100] 2020-01-05 20:42:45.552202: Step 3520: Validation accuracy = 61.0% (N=100)
INFO:tensorflow:2020-01-05 20:42:46.320953: Step 3530: Train accuracy = 95.0%
I0105 20:42:46.321031 139731002489728 retrain.py:1082] 2020-01-05 20:42:46.320953: Step 3530: Train accuracy = 95.0%
INFO:tensorflow:2020-01-05 20:42:46.321171: Step 3530: Cross entropy = 0.212709
I0105 20:42:46.321191 139731002489728 retrain.py:1084] 2020-01-05 20:42:46.321171: Step 3530: Cross entropy = 0.212709
INFO:tensorflow:2020-01-05 20:42:46.404473: Step 3530: Validation accuracy = 58.0% (N=100)
I0105 20:42:46.404527 139731002489728 retrain.py:1100] 2020-01-05 20:42:46.404473: Step 3530: Validation accuracy = 58.0% (N=100)
INFO:tensorflow:2020-01-05 20:42:47.167563: Step 3540: Train accuracy = 98.0%
I0105 20:42:47.167665 139731002489728 retrain.py:1082] 2020-01-05 20:42:47.167563: Step 3540: Train accuracy = 98.0%
INFO:tensorflow:2020-01-05 20:42:47.167820: Step 3540: Cross entropy = 0.197441
I0105 20:42:47.167838 139731002489728 retrain.py:1084] 2020-01-05 20:42:47.167820: Step 3540: Cross entropy = 0.197441
INFO:tensorflow:2020-01-05 20:42:47.246080: Step 3540: Validation accuracy = 55.0% (N=100)
I0105 20:42:47.246139 139731002489728 retrain.py:1100] 2020-01-05 20:42:47.246080: Step 3540: Validation accuracy = 55.0% (N=100)
INFO:tensorflow:2020-01-05 20:42:47.999936: Step 3550: Train accuracy = 100.0%
I0105 20:42:47.999992 139731002489728 retrain.py:1082] 2020-01-05 20:42:47.999936: Step 3550: Train accuracy = 100.0%
INFO:tensorflow:2020-01-05 20:42:48.000129: Step 3550: Cross entropy = 0.175144
I0105 20:42:48.000145 139731002489728 retrain.py:1084] 2020-01-05 20:42:48.000129: Step 3550: Cross entropy = 0.175144
INFO:tensorflow:2020-01-05 20:42:48.080904: Step 3550: Validation accuracy = 56.0% (N=100)
I0105 20:42:48.080963 139731002489728 retrain.py:1100] 2020-01-05 20:42:48.080904: Step 3550: Validation accuracy = 56.0% (N=100)
INFO:tensorflow:2020-01-05 20:42:48.833760: Step 3560: Train accuracy = 99.0%
I0105 20:42:48.833849 139731002489728 retrain.py:1082] 2020-01-05 20:42:48.833760: Step 3560: Train accuracy = 99.0%
INFO:tensorflow:2020-01-05 20:42:48.834028: Step 3560: Cross entropy = 0.185057
I0105 20:42:48.834056 139731002489728 retrain.py:1084] 2020-01-05 20:42:48.834028: Step 3560: Cross entropy = 0.185057
INFO:tensorflow:2020-01-05 20:42:48.920948: Step 3560: Validation accuracy = 58.0% (N=100)
I0105 20:42:48.921004 139731002489728 retrain.py:1100] 2020-01-05 20:42:48.920948: Step 3560: Validation accuracy = 58.0% (N=100)
INFO:tensorflow:2020-01-05 20:42:49.685439: Step 3570: Train accuracy = 99.0%
I0105 20:42:49.685531 139731002489728 retrain.py:1082] 2020-01-05 20:42:49.685439: Step 3570: Train accuracy = 99.0%
INFO:tensorflow:2020-01-05 20:42:49.685663: Step 3570: Cross entropy = 0.197681
I0105 20:42:49.685683 139731002489728 retrain.py:1084] 2020-01-05 20:42:49.685663: Step 3570: Cross entropy = 0.197681
INFO:tensorflow:2020-01-05 20:42:49.773402: Step 3570: Validation accuracy = 58.0% (N=100)
I0105 20:42:49.773473 139731002489728 retrain.py:1100] 2020-01-05 20:42:49.773402: Step 3570: Validation accuracy = 58.0% (N=100)
INFO:tensorflow:2020-01-05 20:42:50.541572: Step 3580: Train accuracy = 100.0%
I0105 20:42:50.541628 139731002489728 retrain.py:1082] 2020-01-05 20:42:50.541572: Step 3580: Train accuracy = 100.0%
INFO:tensorflow:2020-01-05 20:42:50.541803: Step 3580: Cross entropy = 0.184811
I0105 20:42:50.541826 139731002489728 retrain.py:1084] 2020-01-05 20:42:50.541803: Step 3580: Cross entropy = 0.184811
INFO:tensorflow:2020-01-05 20:42:50.629071: Step 3580: Validation accuracy = 58.0% (N=100)
I0105 20:42:50.629128 139731002489728 retrain.py:1100] 2020-01-05 20:42:50.629071: Step 3580: Validation accuracy = 58.0% (N=100)
INFO:tensorflow:2020-01-05 20:42:51.401529: Step 3590: Train accuracy = 100.0%
I0105 20:42:51.401585 139731002489728 retrain.py:1082] 2020-01-05 20:42:51.401529: Step 3590: Train accuracy = 100.0%
INFO:tensorflow:2020-01-05 20:42:51.401734: Step 3590: Cross entropy = 0.158203
I0105 20:42:51.401753 139731002489728 retrain.py:1084] 2020-01-05 20:42:51.401734: Step 3590: Cross entropy = 0.158203
INFO:tensorflow:2020-01-05 20:42:51.486005: Step 3590: Validation accuracy = 52.0% (N=100)
I0105 20:42:51.486061 139731002489728 retrain.py:1100] 2020-01-05 20:42:51.486005: Step 3590: Validation accuracy = 52.0% (N=100)
INFO:tensorflow:2020-01-05 20:42:52.256892: Step 3600: Train accuracy = 98.0%
I0105 20:42:52.256945 139731002489728 retrain.py:1082] 2020-01-05 20:42:52.256892: Step 3600: Train accuracy = 98.0%
INFO:tensorflow:2020-01-05 20:42:52.257113: Step 3600: Cross entropy = 0.205831
I0105 20:42:52.257134 139731002489728 retrain.py:1084] 2020-01-05 20:42:52.257113: Step 3600: Cross entropy = 0.205831
INFO:tensorflow:2020-01-05 20:42:52.337942: Step 3600: Validation accuracy = 58.0% (N=100)
I0105 20:42:52.337998 139731002489728 retrain.py:1100] 2020-01-05 20:42:52.337942: Step 3600: Validation accuracy = 58.0% (N=100)
INFO:tensorflow:2020-01-05 20:42:53.097380: Step 3610: Train accuracy = 99.0%
I0105 20:42:53.097462 139731002489728 retrain.py:1082] 2020-01-05 20:42:53.097380: Step 3610: Train accuracy = 99.0%
INFO:tensorflow:2020-01-05 20:42:53.097612: Step 3610: Cross entropy = 0.195388
I0105 20:42:53.097655 139731002489728 retrain.py:1084] 2020-01-05 20:42:53.097612: Step 3610: Cross entropy = 0.195388
INFO:tensorflow:2020-01-05 20:42:53.187343: Step 3610: Validation accuracy = 65.0% (N=100)
I0105 20:42:53.187422 139731002489728 retrain.py:1100] 2020-01-05 20:42:53.187343: Step 3610: Validation accuracy = 65.0% (N=100)
INFO:tensorflow:2020-01-05 20:42:53.952464: Step 3620: Train accuracy = 100.0%
I0105 20:42:53.952520 139731002489728 retrain.py:1082] 2020-01-05 20:42:53.952464: Step 3620: Train accuracy = 100.0%
INFO:tensorflow:2020-01-05 20:42:53.952663: Step 3620: Cross entropy = 0.151586
I0105 20:42:53.952684 139731002489728 retrain.py:1084] 2020-01-05 20:42:53.952663: Step 3620: Cross entropy = 0.151586
INFO:tensorflow:2020-01-05 20:42:54.030789: Step 3620: Validation accuracy = 62.0% (N=100)
I0105 20:42:54.030843 139731002489728 retrain.py:1100] 2020-01-05 20:42:54.030789: Step 3620: Validation accuracy = 62.0% (N=100)
INFO:tensorflow:2020-01-05 20:42:54.794493: Step 3630: Train accuracy = 99.0%
I0105 20:42:54.794548 139731002489728 retrain.py:1082] 2020-01-05 20:42:54.794493: Step 3630: Train accuracy = 99.0%
INFO:tensorflow:2020-01-05 20:42:54.794714: Step 3630: Cross entropy = 0.180230
I0105 20:42:54.794734 139731002489728 retrain.py:1084] 2020-01-05 20:42:54.794714: Step 3630: Cross entropy = 0.180230
INFO:tensorflow:2020-01-05 20:42:54.883429: Step 3630: Validation accuracy = 65.0% (N=100)
I0105 20:42:54.883485 139731002489728 retrain.py:1100] 2020-01-05 20:42:54.883429: Step 3630: Validation accuracy = 65.0% (N=100)
INFO:tensorflow:2020-01-05 20:42:55.658783: Step 3640: Train accuracy = 97.0%
I0105 20:42:55.658851 139731002489728 retrain.py:1082] 2020-01-05 20:42:55.658783: Step 3640: Train accuracy = 97.0%
INFO:tensorflow:2020-01-05 20:42:55.659041: Step 3640: Cross entropy = 0.230795
I0105 20:42:55.659065 139731002489728 retrain.py:1084] 2020-01-05 20:42:55.659041: Step 3640: Cross entropy = 0.230795
INFO:tensorflow:2020-01-05 20:42:55.738472: Step 3640: Validation accuracy = 53.0% (N=100)
I0105 20:42:55.738546 139731002489728 retrain.py:1100] 2020-01-05 20:42:55.738472: Step 3640: Validation accuracy = 53.0% (N=100)
INFO:tensorflow:2020-01-05 20:42:56.507497: Step 3650: Train accuracy = 99.0%
I0105 20:42:56.507551 139731002489728 retrain.py:1082] 2020-01-05 20:42:56.507497: Step 3650: Train accuracy = 99.0%
INFO:tensorflow:2020-01-05 20:42:56.507705: Step 3650: Cross entropy = 0.195252
I0105 20:42:56.507737 139731002489728 retrain.py:1084] 2020-01-05 20:42:56.507705: Step 3650: Cross entropy = 0.195252
INFO:tensorflow:2020-01-05 20:42:56.594420: Step 3650: Validation accuracy = 59.0% (N=100)
I0105 20:42:56.594498 139731002489728 retrain.py:1100] 2020-01-05 20:42:56.594420: Step 3650: Validation accuracy = 59.0% (N=100)
INFO:tensorflow:2020-01-05 20:42:57.349485: Step 3660: Train accuracy = 95.0%
I0105 20:42:57.349541 139731002489728 retrain.py:1082] 2020-01-05 20:42:57.349485: Step 3660: Train accuracy = 95.0%
INFO:tensorflow:2020-01-05 20:42:57.349695: Step 3660: Cross entropy = 0.224917
I0105 20:42:57.349738 139731002489728 retrain.py:1084] 2020-01-05 20:42:57.349695: Step 3660: Cross entropy = 0.224917
INFO:tensorflow:2020-01-05 20:42:57.438827: Step 3660: Validation accuracy = 64.0% (N=100)
I0105 20:42:57.438883 139731002489728 retrain.py:1100] 2020-01-05 20:42:57.438827: Step 3660: Validation accuracy = 64.0% (N=100)
INFO:tensorflow:2020-01-05 20:42:58.204301: Step 3670: Train accuracy = 97.0%
I0105 20:42:58.204356 139731002489728 retrain.py:1082] 2020-01-05 20:42:58.204301: Step 3670: Train accuracy = 97.0%
INFO:tensorflow:2020-01-05 20:42:58.204501: Step 3670: Cross entropy = 0.209350
I0105 20:42:58.204521 139731002489728 retrain.py:1084] 2020-01-05 20:42:58.204501: Step 3670: Cross entropy = 0.209350
INFO:tensorflow:2020-01-05 20:42:58.285413: Step 3670: Validation accuracy = 56.0% (N=100)
I0105 20:42:58.285469 139731002489728 retrain.py:1100] 2020-01-05 20:42:58.285413: Step 3670: Validation accuracy = 56.0% (N=100)
INFO:tensorflow:2020-01-05 20:42:59.043433: Step 3680: Train accuracy = 97.0%
I0105 20:42:59.043489 139731002489728 retrain.py:1082] 2020-01-05 20:42:59.043433: Step 3680: Train accuracy = 97.0%
INFO:tensorflow:2020-01-05 20:42:59.043664: Step 3680: Cross entropy = 0.181400
I0105 20:42:59.043684 139731002489728 retrain.py:1084] 2020-01-05 20:42:59.043664: Step 3680: Cross entropy = 0.181400
INFO:tensorflow:2020-01-05 20:42:59.131939: Step 3680: Validation accuracy = 56.0% (N=100)
I0105 20:42:59.132008 139731002489728 retrain.py:1100] 2020-01-05 20:42:59.131939: Step 3680: Validation accuracy = 56.0% (N=100)
INFO:tensorflow:2020-01-05 20:42:59.885088: Step 3690: Train accuracy = 100.0%
I0105 20:42:59.885144 139731002489728 retrain.py:1082] 2020-01-05 20:42:59.885088: Step 3690: Train accuracy = 100.0%
INFO:tensorflow:2020-01-05 20:42:59.885316: Step 3690: Cross entropy = 0.192378
I0105 20:42:59.885336 139731002489728 retrain.py:1084] 2020-01-05 20:42:59.885316: Step 3690: Cross entropy = 0.192378
INFO:tensorflow:2020-01-05 20:42:59.965448: Step 3690: Validation accuracy = 52.0% (N=100)
I0105 20:42:59.965503 139731002489728 retrain.py:1100] 2020-01-05 20:42:59.965448: Step 3690: Validation accuracy = 52.0% (N=100)
INFO:tensorflow:2020-01-05 20:43:00.737332: Step 3700: Train accuracy = 97.0%
I0105 20:43:00.737410 139731002489728 retrain.py:1082] 2020-01-05 20:43:00.737332: Step 3700: Train accuracy = 97.0%
INFO:tensorflow:2020-01-05 20:43:00.737568: Step 3700: Cross entropy = 0.212114
I0105 20:43:00.737591 139731002489728 retrain.py:1084] 2020-01-05 20:43:00.737568: Step 3700: Cross entropy = 0.212114
INFO:tensorflow:2020-01-05 20:43:00.820809: Step 3700: Validation accuracy = 60.0% (N=100)
I0105 20:43:00.820879 139731002489728 retrain.py:1100] 2020-01-05 20:43:00.820809: Step 3700: Validation accuracy = 60.0% (N=100)
INFO:tensorflow:2020-01-05 20:43:01.598112: Step 3710: Train accuracy = 100.0%
I0105 20:43:01.598169 139731002489728 retrain.py:1082] 2020-01-05 20:43:01.598112: Step 3710: Train accuracy = 100.0%
INFO:tensorflow:2020-01-05 20:43:01.598342: Step 3710: Cross entropy = 0.212299
I0105 20:43:01.598371 139731002489728 retrain.py:1084] 2020-01-05 20:43:01.598342: Step 3710: Cross entropy = 0.212299
INFO:tensorflow:2020-01-05 20:43:01.678045: Step 3710: Validation accuracy = 56.0% (N=100)
I0105 20:43:01.678120 139731002489728 retrain.py:1100] 2020-01-05 20:43:01.678045: Step 3710: Validation accuracy = 56.0% (N=100)
INFO:tensorflow:2020-01-05 20:43:02.444193: Step 3720: Train accuracy = 99.0%
I0105 20:43:02.444271 139731002489728 retrain.py:1082] 2020-01-05 20:43:02.444193: Step 3720: Train accuracy = 99.0%
INFO:tensorflow:2020-01-05 20:43:02.444420: Step 3720: Cross entropy = 0.201892
I0105 20:43:02.444445 139731002489728 retrain.py:1084] 2020-01-05 20:43:02.444420: Step 3720: Cross entropy = 0.201892
INFO:tensorflow:2020-01-05 20:43:02.524150: Step 3720: Validation accuracy = 41.0% (N=100)
I0105 20:43:02.524204 139731002489728 retrain.py:1100] 2020-01-05 20:43:02.524150: Step 3720: Validation accuracy = 41.0% (N=100)
INFO:tensorflow:2020-01-05 20:43:03.288897: Step 3730: Train accuracy = 100.0%
I0105 20:43:03.288952 139731002489728 retrain.py:1082] 2020-01-05 20:43:03.288897: Step 3730: Train accuracy = 100.0%
INFO:tensorflow:2020-01-05 20:43:03.289109: Step 3730: Cross entropy = 0.172412
I0105 20:43:03.289127 139731002489728 retrain.py:1084] 2020-01-05 20:43:03.289109: Step 3730: Cross entropy = 0.172412
INFO:tensorflow:2020-01-05 20:43:03.376231: Step 3730: Validation accuracy = 54.0% (N=100)
I0105 20:43:03.376287 139731002489728 retrain.py:1100] 2020-01-05 20:43:03.376231: Step 3730: Validation accuracy = 54.0% (N=100)
INFO:tensorflow:2020-01-05 20:43:04.135624: Step 3740: Train accuracy = 98.0%
I0105 20:43:04.135680 139731002489728 retrain.py:1082] 2020-01-05 20:43:04.135624: Step 3740: Train accuracy = 98.0%
INFO:tensorflow:2020-01-05 20:43:04.135864: Step 3740: Cross entropy = 0.184161
I0105 20:43:04.135889 139731002489728 retrain.py:1084] 2020-01-05 20:43:04.135864: Step 3740: Cross entropy = 0.184161
INFO:tensorflow:2020-01-05 20:43:04.223556: Step 3740: Validation accuracy = 58.0% (N=100)
I0105 20:43:04.223613 139731002489728 retrain.py:1100] 2020-01-05 20:43:04.223556: Step 3740: Validation accuracy = 58.0% (N=100)
INFO:tensorflow:2020-01-05 20:43:04.996465: Step 3750: Train accuracy = 99.0%
I0105 20:43:04.996521 139731002489728 retrain.py:1082] 2020-01-05 20:43:04.996465: Step 3750: Train accuracy = 99.0%
INFO:tensorflow:2020-01-05 20:43:04.996676: Step 3750: Cross entropy = 0.189210
I0105 20:43:04.996694 139731002489728 retrain.py:1084] 2020-01-05 20:43:04.996676: Step 3750: Cross entropy = 0.189210
INFO:tensorflow:2020-01-05 20:43:05.076503: Step 3750: Validation accuracy = 58.0% (N=100)
I0105 20:43:05.076559 139731002489728 retrain.py:1100] 2020-01-05 20:43:05.076503: Step 3750: Validation accuracy = 58.0% (N=100)
INFO:tensorflow:2020-01-05 20:43:05.842470: Step 3760: Train accuracy = 100.0%
I0105 20:43:05.842539 139731002489728 retrain.py:1082] 2020-01-05 20:43:05.842470: Step 3760: Train accuracy = 100.0%
INFO:tensorflow:2020-01-05 20:43:05.842718: Step 3760: Cross entropy = 0.184812
I0105 20:43:05.842734 139731002489728 retrain.py:1084] 2020-01-05 20:43:05.842718: Step 3760: Cross entropy = 0.184812
INFO:tensorflow:2020-01-05 20:43:05.930399: Step 3760: Validation accuracy = 59.0% (N=100)
I0105 20:43:05.930492 139731002489728 retrain.py:1100] 2020-01-05 20:43:05.930399: Step 3760: Validation accuracy = 59.0% (N=100)
INFO:tensorflow:2020-01-05 20:43:06.701407: Step 3770: Train accuracy = 100.0%
I0105 20:43:06.701476 139731002489728 retrain.py:1082] 2020-01-05 20:43:06.701407: Step 3770: Train accuracy = 100.0%
INFO:tensorflow:2020-01-05 20:43:06.701654: Step 3770: Cross entropy = 0.180188
I0105 20:43:06.701673 139731002489728 retrain.py:1084] 2020-01-05 20:43:06.701654: Step 3770: Cross entropy = 0.180188
INFO:tensorflow:2020-01-05 20:43:06.780807: Step 3770: Validation accuracy = 56.0% (N=100)
I0105 20:43:06.780860 139731002489728 retrain.py:1100] 2020-01-05 20:43:06.780807: Step 3770: Validation accuracy = 56.0% (N=100)
INFO:tensorflow:2020-01-05 20:43:07.530655: Step 3780: Train accuracy = 99.0%
I0105 20:43:07.530709 139731002489728 retrain.py:1082] 2020-01-05 20:43:07.530655: Step 3780: Train accuracy = 99.0%
INFO:tensorflow:2020-01-05 20:43:07.530844: Step 3780: Cross entropy = 0.187854
I0105 20:43:07.530867 139731002489728 retrain.py:1084] 2020-01-05 20:43:07.530844: Step 3780: Cross entropy = 0.187854
INFO:tensorflow:2020-01-05 20:43:07.620072: Step 3780: Validation accuracy = 62.0% (N=100)
I0105 20:43:07.620152 139731002489728 retrain.py:1100] 2020-01-05 20:43:07.620072: Step 3780: Validation accuracy = 62.0% (N=100)
INFO:tensorflow:2020-01-05 20:43:08.386032: Step 3790: Train accuracy = 99.0%
I0105 20:43:08.386122 139731002489728 retrain.py:1082] 2020-01-05 20:43:08.386032: Step 3790: Train accuracy = 99.0%
INFO:tensorflow:2020-01-05 20:43:08.386273: Step 3790: Cross entropy = 0.208013
I0105 20:43:08.386295 139731002489728 retrain.py:1084] 2020-01-05 20:43:08.386273: Step 3790: Cross entropy = 0.208013
INFO:tensorflow:2020-01-05 20:43:08.471934: Step 3790: Validation accuracy = 56.0% (N=100)
I0105 20:43:08.472012 139731002489728 retrain.py:1100] 2020-01-05 20:43:08.471934: Step 3790: Validation accuracy = 56.0% (N=100)
INFO:tensorflow:2020-01-05 20:43:09.237524: Step 3800: Train accuracy = 98.0%
I0105 20:43:09.237580 139731002489728 retrain.py:1082] 2020-01-05 20:43:09.237524: Step 3800: Train accuracy = 98.0%
INFO:tensorflow:2020-01-05 20:43:09.237766: Step 3800: Cross entropy = 0.212365
I0105 20:43:09.237786 139731002489728 retrain.py:1084] 2020-01-05 20:43:09.237766: Step 3800: Cross entropy = 0.212365
INFO:tensorflow:2020-01-05 20:43:09.327727: Step 3800: Validation accuracy = 59.0% (N=100)
I0105 20:43:09.327784 139731002489728 retrain.py:1100] 2020-01-05 20:43:09.327727: Step 3800: Validation accuracy = 59.0% (N=100)
INFO:tensorflow:2020-01-05 20:43:10.092627: Step 3810: Train accuracy = 99.0%
I0105 20:43:10.092707 139731002489728 retrain.py:1082] 2020-01-05 20:43:10.092627: Step 3810: Train accuracy = 99.0%
INFO:tensorflow:2020-01-05 20:43:10.092859: Step 3810: Cross entropy = 0.182192
I0105 20:43:10.092882 139731002489728 retrain.py:1084] 2020-01-05 20:43:10.092859: Step 3810: Cross entropy = 0.182192
INFO:tensorflow:2020-01-05 20:43:10.171146: Step 3810: Validation accuracy = 52.0% (N=100)
I0105 20:43:10.171227 139731002489728 retrain.py:1100] 2020-01-05 20:43:10.171146: Step 3810: Validation accuracy = 52.0% (N=100)
INFO:tensorflow:2020-01-05 20:43:10.928918: Step 3820: Train accuracy = 99.0%
I0105 20:43:10.928985 139731002489728 retrain.py:1082] 2020-01-05 20:43:10.928918: Step 3820: Train accuracy = 99.0%
INFO:tensorflow:2020-01-05 20:43:10.929142: Step 3820: Cross entropy = 0.185160
I0105 20:43:10.929161 139731002489728 retrain.py:1084] 2020-01-05 20:43:10.929142: Step 3820: Cross entropy = 0.185160
INFO:tensorflow:2020-01-05 20:43:11.017338: Step 3820: Validation accuracy = 44.0% (N=100)
I0105 20:43:11.017405 139731002489728 retrain.py:1100] 2020-01-05 20:43:11.017338: Step 3820: Validation accuracy = 44.0% (N=100)
INFO:tensorflow:2020-01-05 20:43:11.789467: Step 3830: Train accuracy = 99.0%
I0105 20:43:11.789536 139731002489728 retrain.py:1082] 2020-01-05 20:43:11.789467: Step 3830: Train accuracy = 99.0%
INFO:tensorflow:2020-01-05 20:43:11.789713: Step 3830: Cross entropy = 0.201998
I0105 20:43:11.789733 139731002489728 retrain.py:1084] 2020-01-05 20:43:11.789713: Step 3830: Cross entropy = 0.201998
INFO:tensorflow:2020-01-05 20:43:11.870471: Step 3830: Validation accuracy = 54.0% (N=100)
I0105 20:43:11.870535 139731002489728 retrain.py:1100] 2020-01-05 20:43:11.870471: Step 3830: Validation accuracy = 54.0% (N=100)
INFO:tensorflow:2020-01-05 20:43:12.636286: Step 3840: Train accuracy = 99.0%
I0105 20:43:12.636364 139731002489728 retrain.py:1082] 2020-01-05 20:43:12.636286: Step 3840: Train accuracy = 99.0%
INFO:tensorflow:2020-01-05 20:43:12.636517: Step 3840: Cross entropy = 0.173935
I0105 20:43:12.636532 139731002489728 retrain.py:1084] 2020-01-05 20:43:12.636517: Step 3840: Cross entropy = 0.173935
INFO:tensorflow:2020-01-05 20:43:12.725912: Step 3840: Validation accuracy = 51.0% (N=100)
I0105 20:43:12.725982 139731002489728 retrain.py:1100] 2020-01-05 20:43:12.725912: Step 3840: Validation accuracy = 51.0% (N=100)
INFO:tensorflow:2020-01-05 20:43:13.494607: Step 3850: Train accuracy = 100.0%
I0105 20:43:13.494661 139731002489728 retrain.py:1082] 2020-01-05 20:43:13.494607: Step 3850: Train accuracy = 100.0%
INFO:tensorflow:2020-01-05 20:43:13.494812: Step 3850: Cross entropy = 0.207972
I0105 20:43:13.494830 139731002489728 retrain.py:1084] 2020-01-05 20:43:13.494812: Step 3850: Cross entropy = 0.207972
INFO:tensorflow:2020-01-05 20:43:13.575227: Step 3850: Validation accuracy = 58.0% (N=100)
I0105 20:43:13.575285 139731002489728 retrain.py:1100] 2020-01-05 20:43:13.575227: Step 3850: Validation accuracy = 58.0% (N=100)
INFO:tensorflow:2020-01-05 20:43:14.350082: Step 3860: Train accuracy = 97.0%
I0105 20:43:14.350136 139731002489728 retrain.py:1082] 2020-01-05 20:43:14.350082: Step 3860: Train accuracy = 97.0%
INFO:tensorflow:2020-01-05 20:43:14.350273: Step 3860: Cross entropy = 0.186302
I0105 20:43:14.350293 139731002489728 retrain.py:1084] 2020-01-05 20:43:14.350273: Step 3860: Cross entropy = 0.186302
INFO:tensorflow:2020-01-05 20:43:14.438876: Step 3860: Validation accuracy = 45.0% (N=100)
I0105 20:43:14.438934 139731002489728 retrain.py:1100] 2020-01-05 20:43:14.438876: Step 3860: Validation accuracy = 45.0% (N=100)
INFO:tensorflow:2020-01-05 20:43:15.207557: Step 3870: Train accuracy = 100.0%
I0105 20:43:15.207613 139731002489728 retrain.py:1082] 2020-01-05 20:43:15.207557: Step 3870: Train accuracy = 100.0%
INFO:tensorflow:2020-01-05 20:43:15.207769: Step 3870: Cross entropy = 0.153888
I0105 20:43:15.207789 139731002489728 retrain.py:1084] 2020-01-05 20:43:15.207769: Step 3870: Cross entropy = 0.153888
INFO:tensorflow:2020-01-05 20:43:15.286579: Step 3870: Validation accuracy = 43.0% (N=100)
I0105 20:43:15.286634 139731002489728 retrain.py:1100] 2020-01-05 20:43:15.286579: Step 3870: Validation accuracy = 43.0% (N=100)
INFO:tensorflow:2020-01-05 20:43:16.055782: Step 3880: Train accuracy = 99.0%
I0105 20:43:16.055836 139731002489728 retrain.py:1082] 2020-01-05 20:43:16.055782: Step 3880: Train accuracy = 99.0%
INFO:tensorflow:2020-01-05 20:43:16.055986: Step 3880: Cross entropy = 0.184387
I0105 20:43:16.056005 139731002489728 retrain.py:1084] 2020-01-05 20:43:16.055986: Step 3880: Cross entropy = 0.184387
INFO:tensorflow:2020-01-05 20:43:16.139188: Step 3880: Validation accuracy = 60.0% (N=100)
I0105 20:43:16.139265 139731002489728 retrain.py:1100] 2020-01-05 20:43:16.139188: Step 3880: Validation accuracy = 60.0% (N=100)
INFO:tensorflow:2020-01-05 20:43:16.905332: Step 3890: Train accuracy = 99.0%
I0105 20:43:16.905387 139731002489728 retrain.py:1082] 2020-01-05 20:43:16.905332: Step 3890: Train accuracy = 99.0%
INFO:tensorflow:2020-01-05 20:43:16.905569: Step 3890: Cross entropy = 0.184936
I0105 20:43:16.905592 139731002489728 retrain.py:1084] 2020-01-05 20:43:16.905569: Step 3890: Cross entropy = 0.184936
INFO:tensorflow:2020-01-05 20:43:16.995005: Step 3890: Validation accuracy = 64.0% (N=100)
I0105 20:43:16.995063 139731002489728 retrain.py:1100] 2020-01-05 20:43:16.995005: Step 3890: Validation accuracy = 64.0% (N=100)
INFO:tensorflow:2020-01-05 20:43:17.762034: Step 3900: Train accuracy = 99.0%
I0105 20:43:17.762091 139731002489728 retrain.py:1082] 2020-01-05 20:43:17.762034: Step 3900: Train accuracy = 99.0%
INFO:tensorflow:2020-01-05 20:43:17.762248: Step 3900: Cross entropy = 0.196103
I0105 20:43:17.762267 139731002489728 retrain.py:1084] 2020-01-05 20:43:17.762248: Step 3900: Cross entropy = 0.196103
INFO:tensorflow:2020-01-05 20:43:17.851467: Step 3900: Validation accuracy = 58.0% (N=100)
I0105 20:43:17.851525 139731002489728 retrain.py:1100] 2020-01-05 20:43:17.851467: Step 3900: Validation accuracy = 58.0% (N=100)
INFO:tensorflow:2020-01-05 20:43:18.622191: Step 3910: Train accuracy = 99.0%
I0105 20:43:18.622247 139731002489728 retrain.py:1082] 2020-01-05 20:43:18.622191: Step 3910: Train accuracy = 99.0%
INFO:tensorflow:2020-01-05 20:43:18.622428: Step 3910: Cross entropy = 0.194699
I0105 20:43:18.622451 139731002489728 retrain.py:1084] 2020-01-05 20:43:18.622428: Step 3910: Cross entropy = 0.194699
INFO:tensorflow:2020-01-05 20:43:18.701917: Step 3910: Validation accuracy = 59.0% (N=100)
I0105 20:43:18.701973 139731002489728 retrain.py:1100] 2020-01-05 20:43:18.701917: Step 3910: Validation accuracy = 59.0% (N=100)
INFO:tensorflow:2020-01-05 20:43:19.472194: Step 3920: Train accuracy = 100.0%
I0105 20:43:19.472270 139731002489728 retrain.py:1082] 2020-01-05 20:43:19.472194: Step 3920: Train accuracy = 100.0%
INFO:tensorflow:2020-01-05 20:43:19.472406: Step 3920: Cross entropy = 0.202006
I0105 20:43:19.472428 139731002489728 retrain.py:1084] 2020-01-05 20:43:19.472406: Step 3920: Cross entropy = 0.202006
INFO:tensorflow:2020-01-05 20:43:19.562843: Step 3920: Validation accuracy = 66.0% (N=100)
I0105 20:43:19.562901 139731002489728 retrain.py:1100] 2020-01-05 20:43:19.562843: Step 3920: Validation accuracy = 66.0% (N=100)
INFO:tensorflow:2020-01-05 20:43:20.323312: Step 3930: Train accuracy = 100.0%
I0105 20:43:20.323372 139731002489728 retrain.py:1082] 2020-01-05 20:43:20.323312: Step 3930: Train accuracy = 100.0%
INFO:tensorflow:2020-01-05 20:43:20.323538: Step 3930: Cross entropy = 0.176189
I0105 20:43:20.323573 139731002489728 retrain.py:1084] 2020-01-05 20:43:20.323538: Step 3930: Cross entropy = 0.176189
INFO:tensorflow:2020-01-05 20:43:20.410991: Step 3930: Validation accuracy = 59.0% (N=100)
I0105 20:43:20.411069 139731002489728 retrain.py:1100] 2020-01-05 20:43:20.410991: Step 3930: Validation accuracy = 59.0% (N=100)
INFO:tensorflow:2020-01-05 20:43:21.168866: Step 3940: Train accuracy = 99.0%
I0105 20:43:21.168929 139731002489728 retrain.py:1082] 2020-01-05 20:43:21.168866: Step 3940: Train accuracy = 99.0%
INFO:tensorflow:2020-01-05 20:43:21.169124: Step 3940: Cross entropy = 0.191565
I0105 20:43:21.169149 139731002489728 retrain.py:1084] 2020-01-05 20:43:21.169124: Step 3940: Cross entropy = 0.191565
INFO:tensorflow:2020-01-05 20:43:21.248834: Step 3940: Validation accuracy = 49.0% (N=100)
I0105 20:43:21.248890 139731002489728 retrain.py:1100] 2020-01-05 20:43:21.248834: Step 3940: Validation accuracy = 49.0% (N=100)
INFO:tensorflow:2020-01-05 20:43:22.011371: Step 3950: Train accuracy = 100.0%
I0105 20:43:22.011426 139731002489728 retrain.py:1082] 2020-01-05 20:43:22.011371: Step 3950: Train accuracy = 100.0%
INFO:tensorflow:2020-01-05 20:43:22.011610: Step 3950: Cross entropy = 0.155715
I0105 20:43:22.011631 139731002489728 retrain.py:1084] 2020-01-05 20:43:22.011610: Step 3950: Cross entropy = 0.155715
INFO:tensorflow:2020-01-05 20:43:22.092842: Step 3950: Validation accuracy = 59.0% (N=100)
I0105 20:43:22.092922 139731002489728 retrain.py:1100] 2020-01-05 20:43:22.092842: Step 3950: Validation accuracy = 59.0% (N=100)
INFO:tensorflow:2020-01-05 20:43:22.852380: Step 3960: Train accuracy = 100.0%
I0105 20:43:22.852436 139731002489728 retrain.py:1082] 2020-01-05 20:43:22.852380: Step 3960: Train accuracy = 100.0%
INFO:tensorflow:2020-01-05 20:43:22.852611: Step 3960: Cross entropy = 0.161319
I0105 20:43:22.852633 139731002489728 retrain.py:1084] 2020-01-05 20:43:22.852611: Step 3960: Cross entropy = 0.161319
INFO:tensorflow:2020-01-05 20:43:22.940808: Step 3960: Validation accuracy = 54.0% (N=100)
I0105 20:43:22.940865 139731002489728 retrain.py:1100] 2020-01-05 20:43:22.940808: Step 3960: Validation accuracy = 54.0% (N=100)
INFO:tensorflow:2020-01-05 20:43:23.721201: Step 3970: Train accuracy = 98.0%
I0105 20:43:23.721280 139731002489728 retrain.py:1082] 2020-01-05 20:43:23.721201: Step 3970: Train accuracy = 98.0%
INFO:tensorflow:2020-01-05 20:43:23.721450: Step 3970: Cross entropy = 0.197673
I0105 20:43:23.721469 139731002489728 retrain.py:1084] 2020-01-05 20:43:23.721450: Step 3970: Cross entropy = 0.197673
INFO:tensorflow:2020-01-05 20:43:23.803159: Step 3970: Validation accuracy = 64.0% (N=100)
I0105 20:43:23.803216 139731002489728 retrain.py:1100] 2020-01-05 20:43:23.803159: Step 3970: Validation accuracy = 64.0% (N=100)
INFO:tensorflow:2020-01-05 20:43:24.573318: Step 3980: Train accuracy = 100.0%
I0105 20:43:24.573372 139731002489728 retrain.py:1082] 2020-01-05 20:43:24.573318: Step 3980: Train accuracy = 100.0%
INFO:tensorflow:2020-01-05 20:43:24.573555: Step 3980: Cross entropy = 0.179381
I0105 20:43:24.573575 139731002489728 retrain.py:1084] 2020-01-05 20:43:24.573555: Step 3980: Cross entropy = 0.179381
INFO:tensorflow:2020-01-05 20:43:24.657573: Step 3980: Validation accuracy = 55.0% (N=100)
I0105 20:43:24.657644 139731002489728 retrain.py:1100] 2020-01-05 20:43:24.657573: Step 3980: Validation accuracy = 55.0% (N=100)
INFO:tensorflow:2020-01-05 20:43:25.431786: Step 3990: Train accuracy = 100.0%
I0105 20:43:25.431840 139731002489728 retrain.py:1082] 2020-01-05 20:43:25.431786: Step 3990: Train accuracy = 100.0%
INFO:tensorflow:2020-01-05 20:43:25.432001: Step 3990: Cross entropy = 0.204355
I0105 20:43:25.432021 139731002489728 retrain.py:1084] 2020-01-05 20:43:25.432001: Step 3990: Cross entropy = 0.204355
INFO:tensorflow:2020-01-05 20:43:25.511006: Step 3990: Validation accuracy = 52.0% (N=100)
I0105 20:43:25.511065 139731002489728 retrain.py:1100] 2020-01-05 20:43:25.511006: Step 3990: Validation accuracy = 52.0% (N=100)
INFO:tensorflow:2020-01-05 20:43:26.204826: Step 3999: Train accuracy = 100.0%
I0105 20:43:26.204880 139731002489728 retrain.py:1082] 2020-01-05 20:43:26.204826: Step 3999: Train accuracy = 100.0%
INFO:tensorflow:2020-01-05 20:43:26.205061: Step 3999: Cross entropy = 0.176805
I0105 20:43:26.205094 139731002489728 retrain.py:1084] 2020-01-05 20:43:26.205061: Step 3999: Cross entropy = 0.176805
INFO:tensorflow:2020-01-05 20:43:26.285325: Step 3999: Validation accuracy = 65.0% (N=100)
I0105 20:43:26.285381 139731002489728 retrain.py:1100] 2020-01-05 20:43:26.285325: Step 3999: Validation accuracy = 65.0% (N=100)
INFO:tensorflow:Final test accuracy = 57.1% (N=28)
I0105 20:43:27.879101 139731002489728 retrain.py:1126] Final test accuracy = 57.1% (N=28)
WARNING:tensorflow:From /media/dbusaba/SharedData/University/Research/Rust/image_affinity/tensorflow/scripts/retrain.py:827: convert_variables_to_constants (from tensorflow.python.framework.graph_util_impl) is deprecated and will be removed in a future version.
Instructions for updating:
Use `tf.compat.v1.graph_util.convert_variables_to_constants`
W0105 20:43:28.004884 139731002489728 deprecation.py:323] From /media/dbusaba/SharedData/University/Research/Rust/image_affinity/tensorflow/scripts/retrain.py:827: convert_variables_to_constants (from tensorflow.python.framework.graph_util_impl) is deprecated and will be removed in a future version.
Instructions for updating:
Use `tf.compat.v1.graph_util.convert_variables_to_constants`
WARNING:tensorflow:From /home/dbusaba/.local/lib/python3.7/site-packages/tensorflow/python/framework/graph_util_impl.py:270: extract_sub_graph (from tensorflow.python.framework.graph_util_impl) is deprecated and will be removed in a future version.
Instructions for updating:
Use `tf.compat.v1.graph_util.extract_sub_graph`
W0105 20:43:28.005128 139731002489728 deprecation.py:323] From /home/dbusaba/.local/lib/python3.7/site-packages/tensorflow/python/framework/graph_util_impl.py:270: extract_sub_graph (from tensorflow.python.framework.graph_util_impl) is deprecated and will be removed in a future version.
Instructions for updating:
Use `tf.compat.v1.graph_util.extract_sub_graph`
INFO:tensorflow:Froze 2 variables.
I0105 20:43:28.126002 139731002489728 graph_util_impl.py:311] Froze 2 variables.
INFO:tensorflow:Converted 2 variables to const ops.
I0105 20:43:28.154921 139731002489728 graph_util_impl.py:364] Converted 2 variables to const ops.
