WARNING:tensorflow:From /media/dbusaba/SharedData/University/Research/Rust/image_affinity/tensorflow/scripts/retrain.py:1326: The name tf.app.run is deprecated. Please use tf.compat.v1.app.run instead.

WARNING:tensorflow:From /media/dbusaba/SharedData/University/Research/Rust/image_affinity/tensorflow/scripts/retrain.py:970: The name tf.logging.set_verbosity is deprecated. Please use tf.compat.v1.logging.set_verbosity instead.

W0202 00:16:50.781218 140343390071680 deprecation_wrapper.py:119] From /media/dbusaba/SharedData/University/Research/Rust/image_affinity/tensorflow/scripts/retrain.py:970: The name tf.logging.set_verbosity is deprecated. Please use tf.compat.v1.logging.set_verbosity instead.

WARNING:tensorflow:From /media/dbusaba/SharedData/University/Research/Rust/image_affinity/tensorflow/scripts/retrain.py:970: The name tf.logging.INFO is deprecated. Please use tf.compat.v1.logging.INFO instead.

W0202 00:16:50.781443 140343390071680 deprecation_wrapper.py:119] From /media/dbusaba/SharedData/University/Research/Rust/image_affinity/tensorflow/scripts/retrain.py:970: The name tf.logging.INFO is deprecated. Please use tf.compat.v1.logging.INFO instead.

WARNING:tensorflow:From /media/dbusaba/SharedData/University/Research/Rust/image_affinity/tensorflow/scripts/retrain.py:835: The name tf.gfile.Exists is deprecated. Please use tf.io.gfile.exists instead.

W0202 00:16:50.781614 140343390071680 deprecation_wrapper.py:119] From /media/dbusaba/SharedData/University/Research/Rust/image_affinity/tensorflow/scripts/retrain.py:835: The name tf.gfile.Exists is deprecated. Please use tf.io.gfile.exists instead.

WARNING:tensorflow:From /media/dbusaba/SharedData/University/Research/Rust/image_affinity/tensorflow/scripts/retrain.py:836: The name tf.gfile.DeleteRecursively is deprecated. Please use tf.io.gfile.rmtree instead.

W0202 00:16:50.781896 140343390071680 deprecation_wrapper.py:119] From /media/dbusaba/SharedData/University/Research/Rust/image_affinity/tensorflow/scripts/retrain.py:836: The name tf.gfile.DeleteRecursively is deprecated. Please use tf.io.gfile.rmtree instead.

WARNING:tensorflow:From /media/dbusaba/SharedData/University/Research/Rust/image_affinity/tensorflow/scripts/retrain.py:837: The name tf.gfile.MakeDirs is deprecated. Please use tf.io.gfile.makedirs instead.

W0202 00:16:50.802365 140343390071680 deprecation_wrapper.py:119] From /media/dbusaba/SharedData/University/Research/Rust/image_affinity/tensorflow/scripts/retrain.py:837: The name tf.gfile.MakeDirs is deprecated. Please use tf.io.gfile.makedirs instead.

WARNING:tensorflow:From /media/dbusaba/SharedData/University/Research/Rust/image_affinity/tensorflow/scripts/retrain.py:274: FastGFile.__init__ (from tensorflow.python.platform.gfile) is deprecated and will be removed in a future version.
Instructions for updating:
Use tf.gfile.GFile.
W0202 00:16:53.151718 140343390071680 deprecation.py:323] From /media/dbusaba/SharedData/University/Research/Rust/image_affinity/tensorflow/scripts/retrain.py:274: FastGFile.__init__ (from tensorflow.python.platform.gfile) is deprecated and will be removed in a future version.
Instructions for updating:
Use tf.gfile.GFile.
WARNING:tensorflow:From /media/dbusaba/SharedData/University/Research/Rust/image_affinity/tensorflow/scripts/retrain.py:275: The name tf.GraphDef is deprecated. Please use tf.compat.v1.GraphDef instead.

W0202 00:16:53.152003 140343390071680 deprecation_wrapper.py:119] From /media/dbusaba/SharedData/University/Research/Rust/image_affinity/tensorflow/scripts/retrain.py:275: The name tf.GraphDef is deprecated. Please use tf.compat.v1.GraphDef instead.

2020-02-02 00:16:53.602026: W tensorflow/core/framework/op_def_util.cc:357] Op BatchNormWithGlobalNormalization is deprecated. It will cease to work in GraphDef version 9. Use tf.nn.batch_normalization().
WARNING:tensorflow:From /media/dbusaba/SharedData/University/Research/Rust/image_affinity/tensorflow/scripts/retrain.py:156: The name tf.logging.info is deprecated. Please use tf.compat.v1.logging.info instead.

W0202 00:16:53.789035 140343390071680 deprecation_wrapper.py:119] From /media/dbusaba/SharedData/University/Research/Rust/image_affinity/tensorflow/scripts/retrain.py:156: The name tf.logging.info is deprecated. Please use tf.compat.v1.logging.info instead.

INFO:tensorflow:Looking for images in 'Abnormal'
I0202 00:16:53.789258 140343390071680 retrain.py:156] Looking for images in 'Abnormal'
INFO:tensorflow:Looking for images in 'Normal'
I0202 00:16:53.809134 140343390071680 retrain.py:156] Looking for images in 'Normal'
WARNING:tensorflow:From /media/dbusaba/SharedData/University/Research/Rust/image_affinity/tensorflow/scripts/retrain.py:1004: The name tf.Session is deprecated. Please use tf.compat.v1.Session instead.

W0202 00:16:53.830332 140343390071680 deprecation_wrapper.py:119] From /media/dbusaba/SharedData/University/Research/Rust/image_affinity/tensorflow/scripts/retrain.py:1004: The name tf.Session is deprecated. Please use tf.compat.v1.Session instead.

2020-02-02 00:16:53.830862: I tensorflow/core/platform/cpu_feature_guard.cc:142] Your CPU supports instructions that this TensorFlow binary was not compiled to use: AVX2 FMA
2020-02-02 00:16:53.858050: I tensorflow/core/platform/profile_utils/cpu_utils.cc:94] CPU Frequency: 2799925000 Hz
2020-02-02 00:16:53.858389: I tensorflow/compiler/xla/service/service.cc:168] XLA service 0x25ded60 executing computations on platform Host. Devices:
2020-02-02 00:16:53.858411: I tensorflow/compiler/xla/service/service.cc:175]   StreamExecutor device (0): <undefined>, <undefined>
WARNING:tensorflow:From /media/dbusaba/SharedData/University/Research/Rust/image_affinity/tensorflow/scripts/retrain.py:954: The name tf.placeholder is deprecated. Please use tf.compat.v1.placeholder instead.

W0202 00:16:53.858918 140343390071680 deprecation_wrapper.py:119] From /media/dbusaba/SharedData/University/Research/Rust/image_affinity/tensorflow/scripts/retrain.py:954: The name tf.placeholder is deprecated. Please use tf.compat.v1.placeholder instead.

WARNING:tensorflow:From /media/dbusaba/SharedData/University/Research/Rust/image_affinity/tensorflow/scripts/retrain.py:960: The name tf.image.resize_bilinear is deprecated. Please use tf.compat.v1.image.resize_bilinear instead.

W0202 00:16:53.863365 140343390071680 deprecation_wrapper.py:119] From /media/dbusaba/SharedData/University/Research/Rust/image_affinity/tensorflow/scripts/retrain.py:960: The name tf.image.resize_bilinear is deprecated. Please use tf.compat.v1.image.resize_bilinear instead.

INFO:tensorflow:100 bottleneck files created.
I0202 00:16:53.934314 140343390071680 retrain.py:481] 100 bottleneck files created.
INFO:tensorflow:200 bottleneck files created.
I0202 00:16:53.999012 140343390071680 retrain.py:481] 200 bottleneck files created.
INFO:tensorflow:300 bottleneck files created.
I0202 00:16:54.068097 140343390071680 retrain.py:481] 300 bottleneck files created.
WARNING:tensorflow:From /media/dbusaba/SharedData/University/Research/Rust/image_affinity/tensorflow/scripts/retrain.py:758: The name tf.placeholder_with_default is deprecated. Please use tf.compat.v1.placeholder_with_default instead.

W0202 00:16:54.085430 140343390071680 deprecation_wrapper.py:119] From /media/dbusaba/SharedData/University/Research/Rust/image_affinity/tensorflow/scripts/retrain.py:758: The name tf.placeholder_with_default is deprecated. Please use tf.compat.v1.placeholder_with_default instead.

WARNING:tensorflow:From /media/dbusaba/SharedData/University/Research/Rust/image_affinity/tensorflow/scripts/retrain.py:772: The name tf.truncated_normal is deprecated. Please use tf.random.truncated_normal instead.

W0202 00:16:54.087307 140343390071680 deprecation_wrapper.py:119] From /media/dbusaba/SharedData/University/Research/Rust/image_affinity/tensorflow/scripts/retrain.py:772: The name tf.truncated_normal is deprecated. Please use tf.random.truncated_normal instead.

WARNING:tensorflow:From /media/dbusaba/SharedData/University/Research/Rust/image_affinity/tensorflow/scripts/retrain.py:726: The name tf.summary.scalar is deprecated. Please use tf.compat.v1.summary.scalar instead.

W0202 00:16:54.100136 140343390071680 deprecation_wrapper.py:119] From /media/dbusaba/SharedData/University/Research/Rust/image_affinity/tensorflow/scripts/retrain.py:726: The name tf.summary.scalar is deprecated. Please use tf.compat.v1.summary.scalar instead.

WARNING:tensorflow:From /media/dbusaba/SharedData/University/Research/Rust/image_affinity/tensorflow/scripts/retrain.py:732: The name tf.summary.histogram is deprecated. Please use tf.compat.v1.summary.histogram instead.

W0202 00:16:54.120375 140343390071680 deprecation_wrapper.py:119] From /media/dbusaba/SharedData/University/Research/Rust/image_affinity/tensorflow/scripts/retrain.py:732: The name tf.summary.histogram is deprecated. Please use tf.compat.v1.summary.histogram instead.

WARNING:tensorflow:From /media/dbusaba/SharedData/University/Research/Rust/image_affinity/tensorflow/scripts/retrain.py:790: softmax_cross_entropy_with_logits (from tensorflow.python.ops.nn_ops) is deprecated and will be removed in a future version.
Instructions for updating:

Future major versions of TensorFlow will allow gradients to flow
into the labels input on backprop by default.

See `tf.nn.softmax_cross_entropy_with_logits_v2`.

W0202 00:16:54.157514 140343390071680 deprecation.py:323] From /media/dbusaba/SharedData/University/Research/Rust/image_affinity/tensorflow/scripts/retrain.py:790: softmax_cross_entropy_with_logits (from tensorflow.python.ops.nn_ops) is deprecated and will be removed in a future version.
Instructions for updating:

Future major versions of TensorFlow will allow gradients to flow
into the labels input on backprop by default.

See `tf.nn.softmax_cross_entropy_with_logits_v2`.

WARNING:tensorflow:From /media/dbusaba/SharedData/University/Research/Rust/image_affinity/tensorflow/scripts/retrain.py:796: The name tf.train.GradientDescentOptimizer is deprecated. Please use tf.compat.v1.train.GradientDescentOptimizer instead.

W0202 00:16:54.185034 140343390071680 deprecation_wrapper.py:119] From /media/dbusaba/SharedData/University/Research/Rust/image_affinity/tensorflow/scripts/retrain.py:796: The name tf.train.GradientDescentOptimizer is deprecated. Please use tf.compat.v1.train.GradientDescentOptimizer instead.

WARNING:tensorflow:From /media/dbusaba/SharedData/University/Research/Rust/image_affinity/tensorflow/scripts/retrain.py:1038: The name tf.summary.merge_all is deprecated. Please use tf.compat.v1.summary.merge_all instead.

W0202 00:16:54.231167 140343390071680 deprecation_wrapper.py:119] From /media/dbusaba/SharedData/University/Research/Rust/image_affinity/tensorflow/scripts/retrain.py:1038: The name tf.summary.merge_all is deprecated. Please use tf.compat.v1.summary.merge_all instead.

WARNING:tensorflow:From /media/dbusaba/SharedData/University/Research/Rust/image_affinity/tensorflow/scripts/retrain.py:1039: The name tf.summary.FileWriter is deprecated. Please use tf.compat.v1.summary.FileWriter instead.

W0202 00:16:54.232447 140343390071680 deprecation_wrapper.py:119] From /media/dbusaba/SharedData/University/Research/Rust/image_affinity/tensorflow/scripts/retrain.py:1039: The name tf.summary.FileWriter is deprecated. Please use tf.compat.v1.summary.FileWriter instead.

2020-02-02 00:16:58.065694: W tensorflow/compiler/jit/mark_for_compilation_pass.cc:1412] (One-time warning): Not using XLA:CPU for cluster because envvar TF_XLA_FLAGS=--tf_xla_cpu_global_jit was not set.  If you want XLA:CPU, either set that envvar, or use experimental_jit_scope to enable XLA:CPU.  To confirm that XLA is active, pass --vmodule=xla_compilation_cache=1 (as a proper command-line flag, not via TF_XLA_FLAGS) or set the envvar XLA_FLAGS=--xla_hlo_profile.
INFO:tensorflow:2020-02-02 00:17:03.099681: Step 0: Train accuracy = 54.0%
I0202 00:17:03.099773 140343390071680 retrain.py:1082] 2020-02-02 00:17:03.099681: Step 0: Train accuracy = 54.0%
INFO:tensorflow:2020-02-02 00:17:03.099983: Step 0: Cross entropy = 0.683302
I0202 00:17:03.100016 140343390071680 retrain.py:1084] 2020-02-02 00:17:03.099983: Step 0: Cross entropy = 0.683302
INFO:tensorflow:2020-02-02 00:17:05.478685: Step 0: Validation accuracy = 46.0% (N=100)
I0202 00:17:05.478811 140343390071680 retrain.py:1100] 2020-02-02 00:17:05.478685: Step 0: Validation accuracy = 46.0% (N=100)
INFO:tensorflow:2020-02-02 00:17:06.439497: Step 10: Train accuracy = 55.0%
I0202 00:17:06.439558 140343390071680 retrain.py:1082] 2020-02-02 00:17:06.439497: Step 10: Train accuracy = 55.0%
INFO:tensorflow:2020-02-02 00:17:06.439793: Step 10: Cross entropy = 0.669548
I0202 00:17:06.439819 140343390071680 retrain.py:1084] 2020-02-02 00:17:06.439793: Step 10: Cross entropy = 0.669548
INFO:tensorflow:2020-02-02 00:17:06.544455: Step 10: Validation accuracy = 51.0% (N=100)
I0202 00:17:06.544523 140343390071680 retrain.py:1100] 2020-02-02 00:17:06.544455: Step 10: Validation accuracy = 51.0% (N=100)
INFO:tensorflow:2020-02-02 00:17:07.506012: Step 20: Train accuracy = 54.0%
I0202 00:17:07.506117 140343390071680 retrain.py:1082] 2020-02-02 00:17:07.506012: Step 20: Train accuracy = 54.0%
INFO:tensorflow:2020-02-02 00:17:07.506355: Step 20: Cross entropy = 0.678818
I0202 00:17:07.506378 140343390071680 retrain.py:1084] 2020-02-02 00:17:07.506355: Step 20: Cross entropy = 0.678818
INFO:tensorflow:2020-02-02 00:17:07.602258: Step 20: Validation accuracy = 47.0% (N=100)
I0202 00:17:07.602316 140343390071680 retrain.py:1100] 2020-02-02 00:17:07.602258: Step 20: Validation accuracy = 47.0% (N=100)
INFO:tensorflow:2020-02-02 00:17:08.554494: Step 30: Train accuracy = 65.0%
I0202 00:17:08.554557 140343390071680 retrain.py:1082] 2020-02-02 00:17:08.554494: Step 30: Train accuracy = 65.0%
INFO:tensorflow:2020-02-02 00:17:08.554921: Step 30: Cross entropy = 0.665808
I0202 00:17:08.554955 140343390071680 retrain.py:1084] 2020-02-02 00:17:08.554921: Step 30: Cross entropy = 0.665808
INFO:tensorflow:2020-02-02 00:17:08.637647: Step 30: Validation accuracy = 55.0% (N=100)
I0202 00:17:08.637712 140343390071680 retrain.py:1100] 2020-02-02 00:17:08.637647: Step 30: Validation accuracy = 55.0% (N=100)
INFO:tensorflow:2020-02-02 00:17:09.464490: Step 40: Train accuracy = 71.0%
I0202 00:17:09.464587 140343390071680 retrain.py:1082] 2020-02-02 00:17:09.464490: Step 40: Train accuracy = 71.0%
INFO:tensorflow:2020-02-02 00:17:09.464810: Step 40: Cross entropy = 0.640594
I0202 00:17:09.464825 140343390071680 retrain.py:1084] 2020-02-02 00:17:09.464810: Step 40: Cross entropy = 0.640594
INFO:tensorflow:2020-02-02 00:17:09.538133: Step 40: Validation accuracy = 49.0% (N=100)
I0202 00:17:09.538197 140343390071680 retrain.py:1100] 2020-02-02 00:17:09.538133: Step 40: Validation accuracy = 49.0% (N=100)
INFO:tensorflow:2020-02-02 00:17:10.281142: Step 50: Train accuracy = 60.0%
I0202 00:17:10.281222 140343390071680 retrain.py:1082] 2020-02-02 00:17:10.281142: Step 50: Train accuracy = 60.0%
INFO:tensorflow:2020-02-02 00:17:10.281378: Step 50: Cross entropy = 0.641712
I0202 00:17:10.281402 140343390071680 retrain.py:1084] 2020-02-02 00:17:10.281378: Step 50: Cross entropy = 0.641712
INFO:tensorflow:2020-02-02 00:17:10.360340: Step 50: Validation accuracy = 48.0% (N=100)
I0202 00:17:10.360394 140343390071680 retrain.py:1100] 2020-02-02 00:17:10.360340: Step 50: Validation accuracy = 48.0% (N=100)
INFO:tensorflow:2020-02-02 00:17:11.073426: Step 60: Train accuracy = 72.0%
I0202 00:17:11.073494 140343390071680 retrain.py:1082] 2020-02-02 00:17:11.073426: Step 60: Train accuracy = 72.0%
INFO:tensorflow:2020-02-02 00:17:11.073688: Step 60: Cross entropy = 0.631337
I0202 00:17:11.073709 140343390071680 retrain.py:1084] 2020-02-02 00:17:11.073688: Step 60: Cross entropy = 0.631337
INFO:tensorflow:2020-02-02 00:17:11.153398: Step 60: Validation accuracy = 52.0% (N=100)
I0202 00:17:11.153470 140343390071680 retrain.py:1100] 2020-02-02 00:17:11.153398: Step 60: Validation accuracy = 52.0% (N=100)
INFO:tensorflow:2020-02-02 00:17:11.873784: Step 70: Train accuracy = 76.0%
I0202 00:17:11.873839 140343390071680 retrain.py:1082] 2020-02-02 00:17:11.873784: Step 70: Train accuracy = 76.0%
INFO:tensorflow:2020-02-02 00:17:11.874049: Step 70: Cross entropy = 0.621706
I0202 00:17:11.874070 140343390071680 retrain.py:1084] 2020-02-02 00:17:11.874049: Step 70: Cross entropy = 0.621706
INFO:tensorflow:2020-02-02 00:17:11.947952: Step 70: Validation accuracy = 55.0% (N=100)
I0202 00:17:11.948009 140343390071680 retrain.py:1100] 2020-02-02 00:17:11.947952: Step 70: Validation accuracy = 55.0% (N=100)
INFO:tensorflow:2020-02-02 00:17:12.676043: Step 80: Train accuracy = 71.0%
I0202 00:17:12.676099 140343390071680 retrain.py:1082] 2020-02-02 00:17:12.676043: Step 80: Train accuracy = 71.0%
INFO:tensorflow:2020-02-02 00:17:12.676269: Step 80: Cross entropy = 0.619114
I0202 00:17:12.676291 140343390071680 retrain.py:1084] 2020-02-02 00:17:12.676269: Step 80: Cross entropy = 0.619114
INFO:tensorflow:2020-02-02 00:17:12.749700: Step 80: Validation accuracy = 48.0% (N=100)
I0202 00:17:12.749755 140343390071680 retrain.py:1100] 2020-02-02 00:17:12.749700: Step 80: Validation accuracy = 48.0% (N=100)
INFO:tensorflow:2020-02-02 00:17:13.626149: Step 90: Train accuracy = 61.0%
I0202 00:17:13.626230 140343390071680 retrain.py:1082] 2020-02-02 00:17:13.626149: Step 90: Train accuracy = 61.0%
INFO:tensorflow:2020-02-02 00:17:13.626373: Step 90: Cross entropy = 0.614868
I0202 00:17:13.626389 140343390071680 retrain.py:1084] 2020-02-02 00:17:13.626373: Step 90: Cross entropy = 0.614868
INFO:tensorflow:2020-02-02 00:17:13.699713: Step 90: Validation accuracy = 56.0% (N=100)
I0202 00:17:13.699809 140343390071680 retrain.py:1100] 2020-02-02 00:17:13.699713: Step 90: Validation accuracy = 56.0% (N=100)
INFO:tensorflow:2020-02-02 00:17:14.418005: Step 100: Train accuracy = 82.0%
I0202 00:17:14.418071 140343390071680 retrain.py:1082] 2020-02-02 00:17:14.418005: Step 100: Train accuracy = 82.0%
INFO:tensorflow:2020-02-02 00:17:14.418209: Step 100: Cross entropy = 0.560967
I0202 00:17:14.418226 140343390071680 retrain.py:1084] 2020-02-02 00:17:14.418209: Step 100: Cross entropy = 0.560967
INFO:tensorflow:2020-02-02 00:17:14.495146: Step 100: Validation accuracy = 48.0% (N=100)
I0202 00:17:14.495204 140343390071680 retrain.py:1100] 2020-02-02 00:17:14.495146: Step 100: Validation accuracy = 48.0% (N=100)
INFO:tensorflow:2020-02-02 00:17:15.212697: Step 110: Train accuracy = 74.0%
I0202 00:17:15.212762 140343390071680 retrain.py:1082] 2020-02-02 00:17:15.212697: Step 110: Train accuracy = 74.0%
INFO:tensorflow:2020-02-02 00:17:15.212906: Step 110: Cross entropy = 0.582273
I0202 00:17:15.212922 140343390071680 retrain.py:1084] 2020-02-02 00:17:15.212906: Step 110: Cross entropy = 0.582273
INFO:tensorflow:2020-02-02 00:17:15.290316: Step 110: Validation accuracy = 64.0% (N=100)
I0202 00:17:15.290393 140343390071680 retrain.py:1100] 2020-02-02 00:17:15.290316: Step 110: Validation accuracy = 64.0% (N=100)
INFO:tensorflow:2020-02-02 00:17:16.007594: Step 120: Train accuracy = 73.0%
I0202 00:17:16.007664 140343390071680 retrain.py:1082] 2020-02-02 00:17:16.007594: Step 120: Train accuracy = 73.0%
INFO:tensorflow:2020-02-02 00:17:16.007819: Step 120: Cross entropy = 0.598016
I0202 00:17:16.007838 140343390071680 retrain.py:1084] 2020-02-02 00:17:16.007819: Step 120: Cross entropy = 0.598016
INFO:tensorflow:2020-02-02 00:17:16.086425: Step 120: Validation accuracy = 57.0% (N=100)
I0202 00:17:16.086483 140343390071680 retrain.py:1100] 2020-02-02 00:17:16.086425: Step 120: Validation accuracy = 57.0% (N=100)
INFO:tensorflow:2020-02-02 00:17:16.833542: Step 130: Train accuracy = 72.0%
I0202 00:17:16.833597 140343390071680 retrain.py:1082] 2020-02-02 00:17:16.833542: Step 130: Train accuracy = 72.0%
INFO:tensorflow:2020-02-02 00:17:16.833778: Step 130: Cross entropy = 0.594801
I0202 00:17:16.833801 140343390071680 retrain.py:1084] 2020-02-02 00:17:16.833778: Step 130: Cross entropy = 0.594801
INFO:tensorflow:2020-02-02 00:17:16.910754: Step 130: Validation accuracy = 48.0% (N=100)
I0202 00:17:16.910810 140343390071680 retrain.py:1100] 2020-02-02 00:17:16.910754: Step 130: Validation accuracy = 48.0% (N=100)
INFO:tensorflow:2020-02-02 00:17:17.823838: Step 140: Train accuracy = 70.0%
I0202 00:17:17.823916 140343390071680 retrain.py:1082] 2020-02-02 00:17:17.823838: Step 140: Train accuracy = 70.0%
INFO:tensorflow:2020-02-02 00:17:17.824063: Step 140: Cross entropy = 0.601318
I0202 00:17:17.824093 140343390071680 retrain.py:1084] 2020-02-02 00:17:17.824063: Step 140: Cross entropy = 0.601318
INFO:tensorflow:2020-02-02 00:17:17.897605: Step 140: Validation accuracy = 49.0% (N=100)
I0202 00:17:17.897686 140343390071680 retrain.py:1100] 2020-02-02 00:17:17.897605: Step 140: Validation accuracy = 49.0% (N=100)
INFO:tensorflow:2020-02-02 00:17:18.631846: Step 150: Train accuracy = 70.0%
I0202 00:17:18.631924 140343390071680 retrain.py:1082] 2020-02-02 00:17:18.631846: Step 150: Train accuracy = 70.0%
INFO:tensorflow:2020-02-02 00:17:18.632070: Step 150: Cross entropy = 0.612859
I0202 00:17:18.632102 140343390071680 retrain.py:1084] 2020-02-02 00:17:18.632070: Step 150: Cross entropy = 0.612859
INFO:tensorflow:2020-02-02 00:17:18.708764: Step 150: Validation accuracy = 54.0% (N=100)
I0202 00:17:18.708820 140343390071680 retrain.py:1100] 2020-02-02 00:17:18.708764: Step 150: Validation accuracy = 54.0% (N=100)
INFO:tensorflow:2020-02-02 00:17:19.432162: Step 160: Train accuracy = 71.0%
I0202 00:17:19.432230 140343390071680 retrain.py:1082] 2020-02-02 00:17:19.432162: Step 160: Train accuracy = 71.0%
INFO:tensorflow:2020-02-02 00:17:19.432396: Step 160: Cross entropy = 0.584434
I0202 00:17:19.432425 140343390071680 retrain.py:1084] 2020-02-02 00:17:19.432396: Step 160: Cross entropy = 0.584434
INFO:tensorflow:2020-02-02 00:17:19.506541: Step 160: Validation accuracy = 63.0% (N=100)
I0202 00:17:19.506622 140343390071680 retrain.py:1100] 2020-02-02 00:17:19.506541: Step 160: Validation accuracy = 63.0% (N=100)
INFO:tensorflow:2020-02-02 00:17:20.289877: Step 170: Train accuracy = 79.0%
I0202 00:17:20.290003 140343390071680 retrain.py:1082] 2020-02-02 00:17:20.289877: Step 170: Train accuracy = 79.0%
INFO:tensorflow:2020-02-02 00:17:20.290248: Step 170: Cross entropy = 0.555622
I0202 00:17:20.290267 140343390071680 retrain.py:1084] 2020-02-02 00:17:20.290248: Step 170: Cross entropy = 0.555622
INFO:tensorflow:2020-02-02 00:17:20.406701: Step 170: Validation accuracy = 46.0% (N=100)
I0202 00:17:20.406787 140343390071680 retrain.py:1100] 2020-02-02 00:17:20.406701: Step 170: Validation accuracy = 46.0% (N=100)
INFO:tensorflow:2020-02-02 00:17:21.452802: Step 180: Train accuracy = 74.0%
I0202 00:17:21.452880 140343390071680 retrain.py:1082] 2020-02-02 00:17:21.452802: Step 180: Train accuracy = 74.0%
INFO:tensorflow:2020-02-02 00:17:21.453036: Step 180: Cross entropy = 0.558752
I0202 00:17:21.453054 140343390071680 retrain.py:1084] 2020-02-02 00:17:21.453036: Step 180: Cross entropy = 0.558752
INFO:tensorflow:2020-02-02 00:17:21.529499: Step 180: Validation accuracy = 62.0% (N=100)
I0202 00:17:21.529580 140343390071680 retrain.py:1100] 2020-02-02 00:17:21.529499: Step 180: Validation accuracy = 62.0% (N=100)
INFO:tensorflow:2020-02-02 00:17:22.474275: Step 190: Train accuracy = 80.0%
I0202 00:17:22.474348 140343390071680 retrain.py:1082] 2020-02-02 00:17:22.474275: Step 190: Train accuracy = 80.0%
INFO:tensorflow:2020-02-02 00:17:22.474493: Step 190: Cross entropy = 0.562157
I0202 00:17:22.474510 140343390071680 retrain.py:1084] 2020-02-02 00:17:22.474493: Step 190: Cross entropy = 0.562157
INFO:tensorflow:2020-02-02 00:17:22.548870: Step 190: Validation accuracy = 53.0% (N=100)
I0202 00:17:22.548958 140343390071680 retrain.py:1100] 2020-02-02 00:17:22.548870: Step 190: Validation accuracy = 53.0% (N=100)
INFO:tensorflow:2020-02-02 00:17:23.280258: Step 200: Train accuracy = 76.0%
I0202 00:17:23.280323 140343390071680 retrain.py:1082] 2020-02-02 00:17:23.280258: Step 200: Train accuracy = 76.0%
INFO:tensorflow:2020-02-02 00:17:23.280490: Step 200: Cross entropy = 0.557348
I0202 00:17:23.280508 140343390071680 retrain.py:1084] 2020-02-02 00:17:23.280490: Step 200: Cross entropy = 0.557348
INFO:tensorflow:2020-02-02 00:17:23.354578: Step 200: Validation accuracy = 65.0% (N=100)
I0202 00:17:23.354658 140343390071680 retrain.py:1100] 2020-02-02 00:17:23.354578: Step 200: Validation accuracy = 65.0% (N=100)
INFO:tensorflow:2020-02-02 00:17:24.085464: Step 210: Train accuracy = 78.0%
I0202 00:17:24.085535 140343390071680 retrain.py:1082] 2020-02-02 00:17:24.085464: Step 210: Train accuracy = 78.0%
INFO:tensorflow:2020-02-02 00:17:24.085730: Step 210: Cross entropy = 0.536026
I0202 00:17:24.085747 140343390071680 retrain.py:1084] 2020-02-02 00:17:24.085730: Step 210: Cross entropy = 0.536026
INFO:tensorflow:2020-02-02 00:17:24.164339: Step 210: Validation accuracy = 64.0% (N=100)
I0202 00:17:24.164393 140343390071680 retrain.py:1100] 2020-02-02 00:17:24.164339: Step 210: Validation accuracy = 64.0% (N=100)
INFO:tensorflow:2020-02-02 00:17:24.886318: Step 220: Train accuracy = 82.0%
I0202 00:17:24.886384 140343390071680 retrain.py:1082] 2020-02-02 00:17:24.886318: Step 220: Train accuracy = 82.0%
INFO:tensorflow:2020-02-02 00:17:24.886552: Step 220: Cross entropy = 0.538957
I0202 00:17:24.886568 140343390071680 retrain.py:1084] 2020-02-02 00:17:24.886552: Step 220: Cross entropy = 0.538957
INFO:tensorflow:2020-02-02 00:17:24.962071: Step 220: Validation accuracy = 44.0% (N=100)
I0202 00:17:24.962127 140343390071680 retrain.py:1100] 2020-02-02 00:17:24.962071: Step 220: Validation accuracy = 44.0% (N=100)
INFO:tensorflow:2020-02-02 00:17:25.694925: Step 230: Train accuracy = 87.0%
I0202 00:17:25.694980 140343390071680 retrain.py:1082] 2020-02-02 00:17:25.694925: Step 230: Train accuracy = 87.0%
INFO:tensorflow:2020-02-02 00:17:25.695150: Step 230: Cross entropy = 0.474478
I0202 00:17:25.695171 140343390071680 retrain.py:1084] 2020-02-02 00:17:25.695150: Step 230: Cross entropy = 0.474478
INFO:tensorflow:2020-02-02 00:17:25.773149: Step 230: Validation accuracy = 54.0% (N=100)
I0202 00:17:25.773229 140343390071680 retrain.py:1100] 2020-02-02 00:17:25.773149: Step 230: Validation accuracy = 54.0% (N=100)
INFO:tensorflow:2020-02-02 00:17:26.504363: Step 240: Train accuracy = 73.0%
I0202 00:17:26.504418 140343390071680 retrain.py:1082] 2020-02-02 00:17:26.504363: Step 240: Train accuracy = 73.0%
INFO:tensorflow:2020-02-02 00:17:26.504585: Step 240: Cross entropy = 0.571281
I0202 00:17:26.504610 140343390071680 retrain.py:1084] 2020-02-02 00:17:26.504585: Step 240: Cross entropy = 0.571281
INFO:tensorflow:2020-02-02 00:17:26.583272: Step 240: Validation accuracy = 47.0% (N=100)
I0202 00:17:26.583339 140343390071680 retrain.py:1100] 2020-02-02 00:17:26.583272: Step 240: Validation accuracy = 47.0% (N=100)
INFO:tensorflow:2020-02-02 00:17:27.304499: Step 250: Train accuracy = 74.0%
I0202 00:17:27.304576 140343390071680 retrain.py:1082] 2020-02-02 00:17:27.304499: Step 250: Train accuracy = 74.0%
INFO:tensorflow:2020-02-02 00:17:27.304722: Step 250: Cross entropy = 0.533984
I0202 00:17:27.304745 140343390071680 retrain.py:1084] 2020-02-02 00:17:27.304722: Step 250: Cross entropy = 0.533984
INFO:tensorflow:2020-02-02 00:17:27.379202: Step 250: Validation accuracy = 47.0% (N=100)
I0202 00:17:27.379258 140343390071680 retrain.py:1100] 2020-02-02 00:17:27.379202: Step 250: Validation accuracy = 47.0% (N=100)
INFO:tensorflow:2020-02-02 00:17:28.137422: Step 260: Train accuracy = 89.0%
I0202 00:17:28.137476 140343390071680 retrain.py:1082] 2020-02-02 00:17:28.137422: Step 260: Train accuracy = 89.0%
INFO:tensorflow:2020-02-02 00:17:28.137646: Step 260: Cross entropy = 0.489487
I0202 00:17:28.137663 140343390071680 retrain.py:1084] 2020-02-02 00:17:28.137646: Step 260: Cross entropy = 0.489487
INFO:tensorflow:2020-02-02 00:17:28.211051: Step 260: Validation accuracy = 60.0% (N=100)
I0202 00:17:28.211136 140343390071680 retrain.py:1100] 2020-02-02 00:17:28.211051: Step 260: Validation accuracy = 60.0% (N=100)
INFO:tensorflow:2020-02-02 00:17:28.932263: Step 270: Train accuracy = 81.0%
I0202 00:17:28.932318 140343390071680 retrain.py:1082] 2020-02-02 00:17:28.932263: Step 270: Train accuracy = 81.0%
INFO:tensorflow:2020-02-02 00:17:28.932475: Step 270: Cross entropy = 0.536796
I0202 00:17:28.932502 140343390071680 retrain.py:1084] 2020-02-02 00:17:28.932475: Step 270: Cross entropy = 0.536796
INFO:tensorflow:2020-02-02 00:17:29.013060: Step 270: Validation accuracy = 50.0% (N=100)
I0202 00:17:29.013128 140343390071680 retrain.py:1100] 2020-02-02 00:17:29.013060: Step 270: Validation accuracy = 50.0% (N=100)
INFO:tensorflow:2020-02-02 00:17:29.747090: Step 280: Train accuracy = 86.0%
I0202 00:17:29.747169 140343390071680 retrain.py:1082] 2020-02-02 00:17:29.747090: Step 280: Train accuracy = 86.0%
INFO:tensorflow:2020-02-02 00:17:29.747332: Step 280: Cross entropy = 0.518114
I0202 00:17:29.747350 140343390071680 retrain.py:1084] 2020-02-02 00:17:29.747332: Step 280: Cross entropy = 0.518114
INFO:tensorflow:2020-02-02 00:17:29.821558: Step 280: Validation accuracy = 45.0% (N=100)
I0202 00:17:29.821615 140343390071680 retrain.py:1100] 2020-02-02 00:17:29.821558: Step 280: Validation accuracy = 45.0% (N=100)
INFO:tensorflow:2020-02-02 00:17:30.536357: Step 290: Train accuracy = 82.0%
I0202 00:17:30.536413 140343390071680 retrain.py:1082] 2020-02-02 00:17:30.536357: Step 290: Train accuracy = 82.0%
INFO:tensorflow:2020-02-02 00:17:30.536601: Step 290: Cross entropy = 0.512185
I0202 00:17:30.536617 140343390071680 retrain.py:1084] 2020-02-02 00:17:30.536601: Step 290: Cross entropy = 0.512185
INFO:tensorflow:2020-02-02 00:17:30.610738: Step 290: Validation accuracy = 56.0% (N=100)
I0202 00:17:30.610816 140343390071680 retrain.py:1100] 2020-02-02 00:17:30.610738: Step 290: Validation accuracy = 56.0% (N=100)
INFO:tensorflow:2020-02-02 00:17:31.338785: Step 300: Train accuracy = 82.0%
I0202 00:17:31.338840 140343390071680 retrain.py:1082] 2020-02-02 00:17:31.338785: Step 300: Train accuracy = 82.0%
INFO:tensorflow:2020-02-02 00:17:31.339011: Step 300: Cross entropy = 0.499861
I0202 00:17:31.339038 140343390071680 retrain.py:1084] 2020-02-02 00:17:31.339011: Step 300: Cross entropy = 0.499861
INFO:tensorflow:2020-02-02 00:17:31.441303: Step 300: Validation accuracy = 49.0% (N=100)
I0202 00:17:31.441369 140343390071680 retrain.py:1100] 2020-02-02 00:17:31.441303: Step 300: Validation accuracy = 49.0% (N=100)
INFO:tensorflow:2020-02-02 00:17:32.169926: Step 310: Train accuracy = 76.0%
I0202 00:17:32.169992 140343390071680 retrain.py:1082] 2020-02-02 00:17:32.169926: Step 310: Train accuracy = 76.0%
INFO:tensorflow:2020-02-02 00:17:32.170161: Step 310: Cross entropy = 0.531394
I0202 00:17:32.170186 140343390071680 retrain.py:1084] 2020-02-02 00:17:32.170161: Step 310: Cross entropy = 0.531394
INFO:tensorflow:2020-02-02 00:17:32.244517: Step 310: Validation accuracy = 46.0% (N=100)
I0202 00:17:32.244585 140343390071680 retrain.py:1100] 2020-02-02 00:17:32.244517: Step 310: Validation accuracy = 46.0% (N=100)
INFO:tensorflow:2020-02-02 00:17:33.174134: Step 320: Train accuracy = 83.0%
I0202 00:17:33.174228 140343390071680 retrain.py:1082] 2020-02-02 00:17:33.174134: Step 320: Train accuracy = 83.0%
INFO:tensorflow:2020-02-02 00:17:33.174542: Step 320: Cross entropy = 0.485638
I0202 00:17:33.174574 140343390071680 retrain.py:1084] 2020-02-02 00:17:33.174542: Step 320: Cross entropy = 0.485638
INFO:tensorflow:2020-02-02 00:17:33.287490: Step 320: Validation accuracy = 49.0% (N=100)
I0202 00:17:33.287593 140343390071680 retrain.py:1100] 2020-02-02 00:17:33.287490: Step 320: Validation accuracy = 49.0% (N=100)
INFO:tensorflow:2020-02-02 00:17:34.176071: Step 330: Train accuracy = 82.0%
I0202 00:17:34.176125 140343390071680 retrain.py:1082] 2020-02-02 00:17:34.176071: Step 330: Train accuracy = 82.0%
INFO:tensorflow:2020-02-02 00:17:34.176282: Step 330: Cross entropy = 0.490161
I0202 00:17:34.176304 140343390071680 retrain.py:1084] 2020-02-02 00:17:34.176282: Step 330: Cross entropy = 0.490161
INFO:tensorflow:2020-02-02 00:17:34.250541: Step 330: Validation accuracy = 60.0% (N=100)
I0202 00:17:34.250597 140343390071680 retrain.py:1100] 2020-02-02 00:17:34.250541: Step 330: Validation accuracy = 60.0% (N=100)
INFO:tensorflow:2020-02-02 00:17:34.992794: Step 340: Train accuracy = 83.0%
I0202 00:17:34.992849 140343390071680 retrain.py:1082] 2020-02-02 00:17:34.992794: Step 340: Train accuracy = 83.0%
INFO:tensorflow:2020-02-02 00:17:34.993034: Step 340: Cross entropy = 0.484850
I0202 00:17:34.993053 140343390071680 retrain.py:1084] 2020-02-02 00:17:34.993034: Step 340: Cross entropy = 0.484850
INFO:tensorflow:2020-02-02 00:17:35.071498: Step 340: Validation accuracy = 51.0% (N=100)
I0202 00:17:35.071586 140343390071680 retrain.py:1100] 2020-02-02 00:17:35.071498: Step 340: Validation accuracy = 51.0% (N=100)
INFO:tensorflow:2020-02-02 00:17:35.956516: Step 350: Train accuracy = 86.0%
I0202 00:17:35.956585 140343390071680 retrain.py:1082] 2020-02-02 00:17:35.956516: Step 350: Train accuracy = 86.0%
INFO:tensorflow:2020-02-02 00:17:35.956735: Step 350: Cross entropy = 0.493867
I0202 00:17:35.956777 140343390071680 retrain.py:1084] 2020-02-02 00:17:35.956735: Step 350: Cross entropy = 0.493867
INFO:tensorflow:2020-02-02 00:17:36.064457: Step 350: Validation accuracy = 50.0% (N=100)
I0202 00:17:36.064532 140343390071680 retrain.py:1100] 2020-02-02 00:17:36.064457: Step 350: Validation accuracy = 50.0% (N=100)
INFO:tensorflow:2020-02-02 00:17:36.980616: Step 360: Train accuracy = 78.0%
I0202 00:17:36.980701 140343390071680 retrain.py:1082] 2020-02-02 00:17:36.980616: Step 360: Train accuracy = 78.0%
INFO:tensorflow:2020-02-02 00:17:36.980917: Step 360: Cross entropy = 0.478514
I0202 00:17:36.980940 140343390071680 retrain.py:1084] 2020-02-02 00:17:36.980917: Step 360: Cross entropy = 0.478514
INFO:tensorflow:2020-02-02 00:17:37.087990: Step 360: Validation accuracy = 60.0% (N=100)
I0202 00:17:37.088059 140343390071680 retrain.py:1100] 2020-02-02 00:17:37.087990: Step 360: Validation accuracy = 60.0% (N=100)
INFO:tensorflow:2020-02-02 00:17:37.846141: Step 370: Train accuracy = 86.0%
I0202 00:17:37.846195 140343390071680 retrain.py:1082] 2020-02-02 00:17:37.846141: Step 370: Train accuracy = 86.0%
INFO:tensorflow:2020-02-02 00:17:37.846372: Step 370: Cross entropy = 0.460852
I0202 00:17:37.846390 140343390071680 retrain.py:1084] 2020-02-02 00:17:37.846372: Step 370: Cross entropy = 0.460852
INFO:tensorflow:2020-02-02 00:17:37.922867: Step 370: Validation accuracy = 58.0% (N=100)
I0202 00:17:37.922923 140343390071680 retrain.py:1100] 2020-02-02 00:17:37.922867: Step 370: Validation accuracy = 58.0% (N=100)
INFO:tensorflow:2020-02-02 00:17:38.789187: Step 380: Train accuracy = 84.0%
I0202 00:17:38.789243 140343390071680 retrain.py:1082] 2020-02-02 00:17:38.789187: Step 380: Train accuracy = 84.0%
INFO:tensorflow:2020-02-02 00:17:38.789439: Step 380: Cross entropy = 0.495625
I0202 00:17:38.789458 140343390071680 retrain.py:1084] 2020-02-02 00:17:38.789439: Step 380: Cross entropy = 0.495625
INFO:tensorflow:2020-02-02 00:17:38.880435: Step 380: Validation accuracy = 54.0% (N=100)
I0202 00:17:38.880492 140343390071680 retrain.py:1100] 2020-02-02 00:17:38.880435: Step 380: Validation accuracy = 54.0% (N=100)
INFO:tensorflow:2020-02-02 00:17:39.711298: Step 390: Train accuracy = 88.0%
I0202 00:17:39.711358 140343390071680 retrain.py:1082] 2020-02-02 00:17:39.711298: Step 390: Train accuracy = 88.0%
INFO:tensorflow:2020-02-02 00:17:39.711610: Step 390: Cross entropy = 0.451257
I0202 00:17:39.711632 140343390071680 retrain.py:1084] 2020-02-02 00:17:39.711610: Step 390: Cross entropy = 0.451257
INFO:tensorflow:2020-02-02 00:17:39.812637: Step 390: Validation accuracy = 62.0% (N=100)
I0202 00:17:39.812724 140343390071680 retrain.py:1100] 2020-02-02 00:17:39.812637: Step 390: Validation accuracy = 62.0% (N=100)
INFO:tensorflow:2020-02-02 00:17:40.672846: Step 400: Train accuracy = 86.0%
I0202 00:17:40.672914 140343390071680 retrain.py:1082] 2020-02-02 00:17:40.672846: Step 400: Train accuracy = 86.0%
INFO:tensorflow:2020-02-02 00:17:40.673094: Step 400: Cross entropy = 0.493813
I0202 00:17:40.673115 140343390071680 retrain.py:1084] 2020-02-02 00:17:40.673094: Step 400: Cross entropy = 0.493813
INFO:tensorflow:2020-02-02 00:17:40.762889: Step 400: Validation accuracy = 41.0% (N=100)
I0202 00:17:40.762947 140343390071680 retrain.py:1100] 2020-02-02 00:17:40.762889: Step 400: Validation accuracy = 41.0% (N=100)
INFO:tensorflow:2020-02-02 00:17:41.600648: Step 410: Train accuracy = 85.0%
I0202 00:17:41.600702 140343390071680 retrain.py:1082] 2020-02-02 00:17:41.600648: Step 410: Train accuracy = 85.0%
INFO:tensorflow:2020-02-02 00:17:41.600882: Step 410: Cross entropy = 0.474344
I0202 00:17:41.600901 140343390071680 retrain.py:1084] 2020-02-02 00:17:41.600882: Step 410: Cross entropy = 0.474344
INFO:tensorflow:2020-02-02 00:17:41.677520: Step 410: Validation accuracy = 46.0% (N=100)
I0202 00:17:41.677577 140343390071680 retrain.py:1100] 2020-02-02 00:17:41.677520: Step 410: Validation accuracy = 46.0% (N=100)
INFO:tensorflow:2020-02-02 00:17:42.615031: Step 420: Train accuracy = 80.0%
I0202 00:17:42.615100 140343390071680 retrain.py:1082] 2020-02-02 00:17:42.615031: Step 420: Train accuracy = 80.0%
INFO:tensorflow:2020-02-02 00:17:42.615283: Step 420: Cross entropy = 0.498287
I0202 00:17:42.615303 140343390071680 retrain.py:1084] 2020-02-02 00:17:42.615283: Step 420: Cross entropy = 0.498287
INFO:tensorflow:2020-02-02 00:17:42.719835: Step 420: Validation accuracy = 54.0% (N=100)
I0202 00:17:42.719924 140343390071680 retrain.py:1100] 2020-02-02 00:17:42.719835: Step 420: Validation accuracy = 54.0% (N=100)
INFO:tensorflow:2020-02-02 00:17:43.572030: Step 430: Train accuracy = 86.0%
I0202 00:17:43.572094 140343390071680 retrain.py:1082] 2020-02-02 00:17:43.572030: Step 430: Train accuracy = 86.0%
INFO:tensorflow:2020-02-02 00:17:43.572258: Step 430: Cross entropy = 0.456147
I0202 00:17:43.572273 140343390071680 retrain.py:1084] 2020-02-02 00:17:43.572258: Step 430: Cross entropy = 0.456147
INFO:tensorflow:2020-02-02 00:17:43.663135: Step 430: Validation accuracy = 42.0% (N=100)
I0202 00:17:43.663220 140343390071680 retrain.py:1100] 2020-02-02 00:17:43.663135: Step 430: Validation accuracy = 42.0% (N=100)
INFO:tensorflow:2020-02-02 00:17:44.482296: Step 440: Train accuracy = 84.0%
I0202 00:17:44.482363 140343390071680 retrain.py:1082] 2020-02-02 00:17:44.482296: Step 440: Train accuracy = 84.0%
INFO:tensorflow:2020-02-02 00:17:44.482534: Step 440: Cross entropy = 0.484073
I0202 00:17:44.482551 140343390071680 retrain.py:1084] 2020-02-02 00:17:44.482534: Step 440: Cross entropy = 0.484073
INFO:tensorflow:2020-02-02 00:17:44.578431: Step 440: Validation accuracy = 44.0% (N=100)
I0202 00:17:44.578521 140343390071680 retrain.py:1100] 2020-02-02 00:17:44.578431: Step 440: Validation accuracy = 44.0% (N=100)
INFO:tensorflow:2020-02-02 00:17:45.484483: Step 450: Train accuracy = 88.0%
I0202 00:17:45.484550 140343390071680 retrain.py:1082] 2020-02-02 00:17:45.484483: Step 450: Train accuracy = 88.0%
INFO:tensorflow:2020-02-02 00:17:45.484703: Step 450: Cross entropy = 0.471361
I0202 00:17:45.484718 140343390071680 retrain.py:1084] 2020-02-02 00:17:45.484703: Step 450: Cross entropy = 0.471361
INFO:tensorflow:2020-02-02 00:17:45.568425: Step 450: Validation accuracy = 58.0% (N=100)
I0202 00:17:45.568496 140343390071680 retrain.py:1100] 2020-02-02 00:17:45.568425: Step 450: Validation accuracy = 58.0% (N=100)
INFO:tensorflow:2020-02-02 00:17:46.419203: Step 460: Train accuracy = 88.0%
I0202 00:17:46.419262 140343390071680 retrain.py:1082] 2020-02-02 00:17:46.419203: Step 460: Train accuracy = 88.0%
INFO:tensorflow:2020-02-02 00:17:46.419510: Step 460: Cross entropy = 0.452410
I0202 00:17:46.419526 140343390071680 retrain.py:1084] 2020-02-02 00:17:46.419510: Step 460: Cross entropy = 0.452410
INFO:tensorflow:2020-02-02 00:17:46.518094: Step 460: Validation accuracy = 46.0% (N=100)
I0202 00:17:46.518197 140343390071680 retrain.py:1100] 2020-02-02 00:17:46.518094: Step 460: Validation accuracy = 46.0% (N=100)
INFO:tensorflow:2020-02-02 00:17:47.295617: Step 470: Train accuracy = 82.0%
I0202 00:17:47.295673 140343390071680 retrain.py:1082] 2020-02-02 00:17:47.295617: Step 470: Train accuracy = 82.0%
INFO:tensorflow:2020-02-02 00:17:47.295841: Step 470: Cross entropy = 0.492461
I0202 00:17:47.295860 140343390071680 retrain.py:1084] 2020-02-02 00:17:47.295841: Step 470: Cross entropy = 0.492461
INFO:tensorflow:2020-02-02 00:17:47.402662: Step 470: Validation accuracy = 44.0% (N=100)
I0202 00:17:47.402754 140343390071680 retrain.py:1100] 2020-02-02 00:17:47.402662: Step 470: Validation accuracy = 44.0% (N=100)
INFO:tensorflow:2020-02-02 00:17:48.248878: Step 480: Train accuracy = 79.0%
I0202 00:17:48.248961 140343390071680 retrain.py:1082] 2020-02-02 00:17:48.248878: Step 480: Train accuracy = 79.0%
INFO:tensorflow:2020-02-02 00:17:48.249383: Step 480: Cross entropy = 0.489180
I0202 00:17:48.249407 140343390071680 retrain.py:1084] 2020-02-02 00:17:48.249383: Step 480: Cross entropy = 0.489180
INFO:tensorflow:2020-02-02 00:17:48.331114: Step 480: Validation accuracy = 49.0% (N=100)
I0202 00:17:48.331171 140343390071680 retrain.py:1100] 2020-02-02 00:17:48.331114: Step 480: Validation accuracy = 49.0% (N=100)
INFO:tensorflow:2020-02-02 00:17:49.117409: Step 490: Train accuracy = 88.0%
I0202 00:17:49.117465 140343390071680 retrain.py:1082] 2020-02-02 00:17:49.117409: Step 490: Train accuracy = 88.0%
INFO:tensorflow:2020-02-02 00:17:49.117641: Step 490: Cross entropy = 0.462740
I0202 00:17:49.117660 140343390071680 retrain.py:1084] 2020-02-02 00:17:49.117641: Step 490: Cross entropy = 0.462740
INFO:tensorflow:2020-02-02 00:17:49.203484: Step 490: Validation accuracy = 55.0% (N=100)
I0202 00:17:49.203545 140343390071680 retrain.py:1100] 2020-02-02 00:17:49.203484: Step 490: Validation accuracy = 55.0% (N=100)
INFO:tensorflow:2020-02-02 00:17:50.086681: Step 500: Train accuracy = 88.0%
I0202 00:17:50.086749 140343390071680 retrain.py:1082] 2020-02-02 00:17:50.086681: Step 500: Train accuracy = 88.0%
INFO:tensorflow:2020-02-02 00:17:50.086909: Step 500: Cross entropy = 0.436911
I0202 00:17:50.086924 140343390071680 retrain.py:1084] 2020-02-02 00:17:50.086909: Step 500: Cross entropy = 0.436911
INFO:tensorflow:2020-02-02 00:17:50.162958: Step 500: Validation accuracy = 52.0% (N=100)
I0202 00:17:50.163034 140343390071680 retrain.py:1100] 2020-02-02 00:17:50.162958: Step 500: Validation accuracy = 52.0% (N=100)
INFO:tensorflow:2020-02-02 00:17:50.887456: Step 510: Train accuracy = 80.0%
I0202 00:17:50.887524 140343390071680 retrain.py:1082] 2020-02-02 00:17:50.887456: Step 510: Train accuracy = 80.0%
INFO:tensorflow:2020-02-02 00:17:50.887689: Step 510: Cross entropy = 0.481095
I0202 00:17:50.887707 140343390071680 retrain.py:1084] 2020-02-02 00:17:50.887689: Step 510: Cross entropy = 0.481095
INFO:tensorflow:2020-02-02 00:17:50.963829: Step 510: Validation accuracy = 52.0% (N=100)
I0202 00:17:50.963884 140343390071680 retrain.py:1100] 2020-02-02 00:17:50.963829: Step 510: Validation accuracy = 52.0% (N=100)
INFO:tensorflow:2020-02-02 00:17:51.695216: Step 520: Train accuracy = 90.0%
I0202 00:17:51.695284 140343390071680 retrain.py:1082] 2020-02-02 00:17:51.695216: Step 520: Train accuracy = 90.0%
INFO:tensorflow:2020-02-02 00:17:51.695472: Step 520: Cross entropy = 0.431958
I0202 00:17:51.695521 140343390071680 retrain.py:1084] 2020-02-02 00:17:51.695472: Step 520: Cross entropy = 0.431958
INFO:tensorflow:2020-02-02 00:17:51.770073: Step 520: Validation accuracy = 48.0% (N=100)
I0202 00:17:51.770162 140343390071680 retrain.py:1100] 2020-02-02 00:17:51.770073: Step 520: Validation accuracy = 48.0% (N=100)
INFO:tensorflow:2020-02-02 00:17:52.530465: Step 530: Train accuracy = 85.0%
I0202 00:17:52.530528 140343390071680 retrain.py:1082] 2020-02-02 00:17:52.530465: Step 530: Train accuracy = 85.0%
INFO:tensorflow:2020-02-02 00:17:52.530739: Step 530: Cross entropy = 0.443704
I0202 00:17:52.530773 140343390071680 retrain.py:1084] 2020-02-02 00:17:52.530739: Step 530: Cross entropy = 0.443704
INFO:tensorflow:2020-02-02 00:17:52.625028: Step 530: Validation accuracy = 53.0% (N=100)
I0202 00:17:52.625091 140343390071680 retrain.py:1100] 2020-02-02 00:17:52.625028: Step 530: Validation accuracy = 53.0% (N=100)
INFO:tensorflow:2020-02-02 00:17:53.416672: Step 540: Train accuracy = 86.0%
I0202 00:17:53.416752 140343390071680 retrain.py:1082] 2020-02-02 00:17:53.416672: Step 540: Train accuracy = 86.0%
INFO:tensorflow:2020-02-02 00:17:53.416907: Step 540: Cross entropy = 0.412628
I0202 00:17:53.416952 140343390071680 retrain.py:1084] 2020-02-02 00:17:53.416907: Step 540: Cross entropy = 0.412628
INFO:tensorflow:2020-02-02 00:17:53.493332: Step 540: Validation accuracy = 58.0% (N=100)
I0202 00:17:53.493394 140343390071680 retrain.py:1100] 2020-02-02 00:17:53.493332: Step 540: Validation accuracy = 58.0% (N=100)
INFO:tensorflow:2020-02-02 00:17:54.282703: Step 550: Train accuracy = 88.0%
I0202 00:17:54.282783 140343390071680 retrain.py:1082] 2020-02-02 00:17:54.282703: Step 550: Train accuracy = 88.0%
INFO:tensorflow:2020-02-02 00:17:54.282929: Step 550: Cross entropy = 0.429052
I0202 00:17:54.282959 140343390071680 retrain.py:1084] 2020-02-02 00:17:54.282929: Step 550: Cross entropy = 0.429052
INFO:tensorflow:2020-02-02 00:17:54.363184: Step 550: Validation accuracy = 47.0% (N=100)
I0202 00:17:54.363263 140343390071680 retrain.py:1100] 2020-02-02 00:17:54.363184: Step 550: Validation accuracy = 47.0% (N=100)
INFO:tensorflow:2020-02-02 00:17:55.188780: Step 560: Train accuracy = 88.0%
I0202 00:17:55.188862 140343390071680 retrain.py:1082] 2020-02-02 00:17:55.188780: Step 560: Train accuracy = 88.0%
INFO:tensorflow:2020-02-02 00:17:55.189011: Step 560: Cross entropy = 0.411905
I0202 00:17:55.189043 140343390071680 retrain.py:1084] 2020-02-02 00:17:55.189011: Step 560: Cross entropy = 0.411905
INFO:tensorflow:2020-02-02 00:17:55.270217: Step 560: Validation accuracy = 55.0% (N=100)
I0202 00:17:55.270284 140343390071680 retrain.py:1100] 2020-02-02 00:17:55.270217: Step 560: Validation accuracy = 55.0% (N=100)
INFO:tensorflow:2020-02-02 00:17:56.182178: Step 570: Train accuracy = 88.0%
I0202 00:17:56.182235 140343390071680 retrain.py:1082] 2020-02-02 00:17:56.182178: Step 570: Train accuracy = 88.0%
INFO:tensorflow:2020-02-02 00:17:56.182403: Step 570: Cross entropy = 0.411007
I0202 00:17:56.182426 140343390071680 retrain.py:1084] 2020-02-02 00:17:56.182403: Step 570: Cross entropy = 0.411007
INFO:tensorflow:2020-02-02 00:17:56.266727: Step 570: Validation accuracy = 40.0% (N=100)
I0202 00:17:56.266830 140343390071680 retrain.py:1100] 2020-02-02 00:17:56.266727: Step 570: Validation accuracy = 40.0% (N=100)
INFO:tensorflow:2020-02-02 00:17:57.138506: Step 580: Train accuracy = 91.0%
I0202 00:17:57.138562 140343390071680 retrain.py:1082] 2020-02-02 00:17:57.138506: Step 580: Train accuracy = 91.0%
INFO:tensorflow:2020-02-02 00:17:57.138766: Step 580: Cross entropy = 0.423787
I0202 00:17:57.138782 140343390071680 retrain.py:1084] 2020-02-02 00:17:57.138766: Step 580: Cross entropy = 0.423787
INFO:tensorflow:2020-02-02 00:17:57.235053: Step 580: Validation accuracy = 45.0% (N=100)
I0202 00:17:57.235155 140343390071680 retrain.py:1100] 2020-02-02 00:17:57.235053: Step 580: Validation accuracy = 45.0% (N=100)
INFO:tensorflow:2020-02-02 00:17:58.071364: Step 590: Train accuracy = 87.0%
I0202 00:17:58.071441 140343390071680 retrain.py:1082] 2020-02-02 00:17:58.071364: Step 590: Train accuracy = 87.0%
INFO:tensorflow:2020-02-02 00:17:58.071709: Step 590: Cross entropy = 0.432595
I0202 00:17:58.071748 140343390071680 retrain.py:1084] 2020-02-02 00:17:58.071709: Step 590: Cross entropy = 0.432595
INFO:tensorflow:2020-02-02 00:17:58.160032: Step 590: Validation accuracy = 50.0% (N=100)
I0202 00:17:58.160112 140343390071680 retrain.py:1100] 2020-02-02 00:17:58.160032: Step 590: Validation accuracy = 50.0% (N=100)
INFO:tensorflow:2020-02-02 00:17:59.018656: Step 600: Train accuracy = 84.0%
I0202 00:17:59.018712 140343390071680 retrain.py:1082] 2020-02-02 00:17:59.018656: Step 600: Train accuracy = 84.0%
INFO:tensorflow:2020-02-02 00:17:59.018916: Step 600: Cross entropy = 0.439735
I0202 00:17:59.018934 140343390071680 retrain.py:1084] 2020-02-02 00:17:59.018916: Step 600: Cross entropy = 0.439735
INFO:tensorflow:2020-02-02 00:17:59.107550: Step 600: Validation accuracy = 56.0% (N=100)
I0202 00:17:59.107656 140343390071680 retrain.py:1100] 2020-02-02 00:17:59.107550: Step 600: Validation accuracy = 56.0% (N=100)
INFO:tensorflow:2020-02-02 00:17:59.991284: Step 610: Train accuracy = 80.0%
I0202 00:17:59.991355 140343390071680 retrain.py:1082] 2020-02-02 00:17:59.991284: Step 610: Train accuracy = 80.0%
INFO:tensorflow:2020-02-02 00:17:59.991554: Step 610: Cross entropy = 0.453211
I0202 00:17:59.991578 140343390071680 retrain.py:1084] 2020-02-02 00:17:59.991554: Step 610: Cross entropy = 0.453211
INFO:tensorflow:2020-02-02 00:18:00.077621: Step 610: Validation accuracy = 49.0% (N=100)
I0202 00:18:00.077682 140343390071680 retrain.py:1100] 2020-02-02 00:18:00.077621: Step 610: Validation accuracy = 49.0% (N=100)
INFO:tensorflow:2020-02-02 00:18:00.832729: Step 620: Train accuracy = 94.0%
I0202 00:18:00.832793 140343390071680 retrain.py:1082] 2020-02-02 00:18:00.832729: Step 620: Train accuracy = 94.0%
INFO:tensorflow:2020-02-02 00:18:00.832944: Step 620: Cross entropy = 0.405688
I0202 00:18:00.832963 140343390071680 retrain.py:1084] 2020-02-02 00:18:00.832944: Step 620: Cross entropy = 0.405688
INFO:tensorflow:2020-02-02 00:18:00.907040: Step 620: Validation accuracy = 48.0% (N=100)
I0202 00:18:00.907109 140343390071680 retrain.py:1100] 2020-02-02 00:18:00.907040: Step 620: Validation accuracy = 48.0% (N=100)
INFO:tensorflow:2020-02-02 00:18:01.698326: Step 630: Train accuracy = 85.0%
I0202 00:18:01.698397 140343390071680 retrain.py:1082] 2020-02-02 00:18:01.698326: Step 630: Train accuracy = 85.0%
INFO:tensorflow:2020-02-02 00:18:01.698561: Step 630: Cross entropy = 0.438980
I0202 00:18:01.698578 140343390071680 retrain.py:1084] 2020-02-02 00:18:01.698561: Step 630: Cross entropy = 0.438980
INFO:tensorflow:2020-02-02 00:18:01.783010: Step 630: Validation accuracy = 49.0% (N=100)
I0202 00:18:01.783067 140343390071680 retrain.py:1100] 2020-02-02 00:18:01.783010: Step 630: Validation accuracy = 49.0% (N=100)
INFO:tensorflow:2020-02-02 00:18:02.544620: Step 640: Train accuracy = 88.0%
I0202 00:18:02.544708 140343390071680 retrain.py:1082] 2020-02-02 00:18:02.544620: Step 640: Train accuracy = 88.0%
INFO:tensorflow:2020-02-02 00:18:02.544869: Step 640: Cross entropy = 0.429806
I0202 00:18:02.544896 140343390071680 retrain.py:1084] 2020-02-02 00:18:02.544869: Step 640: Cross entropy = 0.429806
INFO:tensorflow:2020-02-02 00:18:02.621853: Step 640: Validation accuracy = 48.0% (N=100)
I0202 00:18:02.621927 140343390071680 retrain.py:1100] 2020-02-02 00:18:02.621853: Step 640: Validation accuracy = 48.0% (N=100)
INFO:tensorflow:2020-02-02 00:18:03.449016: Step 650: Train accuracy = 87.0%
I0202 00:18:03.449070 140343390071680 retrain.py:1082] 2020-02-02 00:18:03.449016: Step 650: Train accuracy = 87.0%
INFO:tensorflow:2020-02-02 00:18:03.449247: Step 650: Cross entropy = 0.446677
I0202 00:18:03.449263 140343390071680 retrain.py:1084] 2020-02-02 00:18:03.449247: Step 650: Cross entropy = 0.446677
INFO:tensorflow:2020-02-02 00:18:03.524228: Step 650: Validation accuracy = 57.0% (N=100)
I0202 00:18:03.524283 140343390071680 retrain.py:1100] 2020-02-02 00:18:03.524228: Step 650: Validation accuracy = 57.0% (N=100)
INFO:tensorflow:2020-02-02 00:18:04.354559: Step 660: Train accuracy = 87.0%
I0202 00:18:04.354630 140343390071680 retrain.py:1082] 2020-02-02 00:18:04.354559: Step 660: Train accuracy = 87.0%
INFO:tensorflow:2020-02-02 00:18:04.354792: Step 660: Cross entropy = 0.395445
I0202 00:18:04.354819 140343390071680 retrain.py:1084] 2020-02-02 00:18:04.354792: Step 660: Cross entropy = 0.395445
INFO:tensorflow:2020-02-02 00:18:04.434018: Step 660: Validation accuracy = 36.0% (N=100)
I0202 00:18:04.434085 140343390071680 retrain.py:1100] 2020-02-02 00:18:04.434018: Step 660: Validation accuracy = 36.0% (N=100)
INFO:tensorflow:2020-02-02 00:18:05.283758: Step 670: Train accuracy = 87.0%
I0202 00:18:05.283812 140343390071680 retrain.py:1082] 2020-02-02 00:18:05.283758: Step 670: Train accuracy = 87.0%
INFO:tensorflow:2020-02-02 00:18:05.283976: Step 670: Cross entropy = 0.410187
I0202 00:18:05.283993 140343390071680 retrain.py:1084] 2020-02-02 00:18:05.283976: Step 670: Cross entropy = 0.410187
INFO:tensorflow:2020-02-02 00:18:05.360397: Step 670: Validation accuracy = 45.0% (N=100)
I0202 00:18:05.360481 140343390071680 retrain.py:1100] 2020-02-02 00:18:05.360397: Step 670: Validation accuracy = 45.0% (N=100)
INFO:tensorflow:2020-02-02 00:18:06.270071: Step 680: Train accuracy = 88.0%
I0202 00:18:06.270130 140343390071680 retrain.py:1082] 2020-02-02 00:18:06.270071: Step 680: Train accuracy = 88.0%
INFO:tensorflow:2020-02-02 00:18:06.270306: Step 680: Cross entropy = 0.416554
I0202 00:18:06.270323 140343390071680 retrain.py:1084] 2020-02-02 00:18:06.270306: Step 680: Cross entropy = 0.416554
INFO:tensorflow:2020-02-02 00:18:06.357266: Step 680: Validation accuracy = 43.0% (N=100)
I0202 00:18:06.357322 140343390071680 retrain.py:1100] 2020-02-02 00:18:06.357266: Step 680: Validation accuracy = 43.0% (N=100)
INFO:tensorflow:2020-02-02 00:18:07.211081: Step 690: Train accuracy = 86.0%
I0202 00:18:07.211135 140343390071680 retrain.py:1082] 2020-02-02 00:18:07.211081: Step 690: Train accuracy = 86.0%
INFO:tensorflow:2020-02-02 00:18:07.211326: Step 690: Cross entropy = 0.394075
I0202 00:18:07.211346 140343390071680 retrain.py:1084] 2020-02-02 00:18:07.211326: Step 690: Cross entropy = 0.394075
INFO:tensorflow:2020-02-02 00:18:07.299914: Step 690: Validation accuracy = 45.0% (N=100)
I0202 00:18:07.299974 140343390071680 retrain.py:1100] 2020-02-02 00:18:07.299914: Step 690: Validation accuracy = 45.0% (N=100)
INFO:tensorflow:2020-02-02 00:18:08.128558: Step 700: Train accuracy = 89.0%
I0202 00:18:08.128660 140343390071680 retrain.py:1082] 2020-02-02 00:18:08.128558: Step 700: Train accuracy = 89.0%
INFO:tensorflow:2020-02-02 00:18:08.128902: Step 700: Cross entropy = 0.409850
I0202 00:18:08.128918 140343390071680 retrain.py:1084] 2020-02-02 00:18:08.128902: Step 700: Cross entropy = 0.409850
INFO:tensorflow:2020-02-02 00:18:08.212079: Step 700: Validation accuracy = 42.0% (N=100)
I0202 00:18:08.212135 140343390071680 retrain.py:1100] 2020-02-02 00:18:08.212079: Step 700: Validation accuracy = 42.0% (N=100)
INFO:tensorflow:2020-02-02 00:18:08.976459: Step 710: Train accuracy = 87.0%
I0202 00:18:08.976543 140343390071680 retrain.py:1082] 2020-02-02 00:18:08.976459: Step 710: Train accuracy = 87.0%
INFO:tensorflow:2020-02-02 00:18:08.976764: Step 710: Cross entropy = 0.420199
I0202 00:18:08.976789 140343390071680 retrain.py:1084] 2020-02-02 00:18:08.976764: Step 710: Cross entropy = 0.420199
INFO:tensorflow:2020-02-02 00:18:09.081621: Step 710: Validation accuracy = 52.0% (N=100)
I0202 00:18:09.081689 140343390071680 retrain.py:1100] 2020-02-02 00:18:09.081621: Step 710: Validation accuracy = 52.0% (N=100)
INFO:tensorflow:2020-02-02 00:18:09.963070: Step 720: Train accuracy = 95.0%
I0202 00:18:09.963138 140343390071680 retrain.py:1082] 2020-02-02 00:18:09.963070: Step 720: Train accuracy = 95.0%
INFO:tensorflow:2020-02-02 00:18:09.963327: Step 720: Cross entropy = 0.378585
I0202 00:18:09.963342 140343390071680 retrain.py:1084] 2020-02-02 00:18:09.963327: Step 720: Cross entropy = 0.378585
INFO:tensorflow:2020-02-02 00:18:10.059246: Step 720: Validation accuracy = 53.0% (N=100)
I0202 00:18:10.059348 140343390071680 retrain.py:1100] 2020-02-02 00:18:10.059246: Step 720: Validation accuracy = 53.0% (N=100)
INFO:tensorflow:2020-02-02 00:18:10.843167: Step 730: Train accuracy = 88.0%
I0202 00:18:10.843225 140343390071680 retrain.py:1082] 2020-02-02 00:18:10.843167: Step 730: Train accuracy = 88.0%
INFO:tensorflow:2020-02-02 00:18:10.843429: Step 730: Cross entropy = 0.391477
I0202 00:18:10.843448 140343390071680 retrain.py:1084] 2020-02-02 00:18:10.843429: Step 730: Cross entropy = 0.391477
INFO:tensorflow:2020-02-02 00:18:10.917751: Step 730: Validation accuracy = 46.0% (N=100)
I0202 00:18:10.917821 140343390071680 retrain.py:1100] 2020-02-02 00:18:10.917751: Step 730: Validation accuracy = 46.0% (N=100)
INFO:tensorflow:2020-02-02 00:18:11.653808: Step 740: Train accuracy = 89.0%
I0202 00:18:11.653863 140343390071680 retrain.py:1082] 2020-02-02 00:18:11.653808: Step 740: Train accuracy = 89.0%
INFO:tensorflow:2020-02-02 00:18:11.654039: Step 740: Cross entropy = 0.406669
I0202 00:18:11.654057 140343390071680 retrain.py:1084] 2020-02-02 00:18:11.654039: Step 740: Cross entropy = 0.406669
INFO:tensorflow:2020-02-02 00:18:11.733033: Step 740: Validation accuracy = 59.0% (N=100)
I0202 00:18:11.733115 140343390071680 retrain.py:1100] 2020-02-02 00:18:11.733033: Step 740: Validation accuracy = 59.0% (N=100)
INFO:tensorflow:2020-02-02 00:18:12.586028: Step 750: Train accuracy = 91.0%
I0202 00:18:12.586083 140343390071680 retrain.py:1082] 2020-02-02 00:18:12.586028: Step 750: Train accuracy = 91.0%
INFO:tensorflow:2020-02-02 00:18:12.586272: Step 750: Cross entropy = 0.407372
I0202 00:18:12.586294 140343390071680 retrain.py:1084] 2020-02-02 00:18:12.586272: Step 750: Cross entropy = 0.407372
INFO:tensorflow:2020-02-02 00:18:12.664558: Step 750: Validation accuracy = 56.0% (N=100)
I0202 00:18:12.664674 140343390071680 retrain.py:1100] 2020-02-02 00:18:12.664558: Step 750: Validation accuracy = 56.0% (N=100)
INFO:tensorflow:2020-02-02 00:18:13.552216: Step 760: Train accuracy = 89.0%
I0202 00:18:13.552286 140343390071680 retrain.py:1082] 2020-02-02 00:18:13.552216: Step 760: Train accuracy = 89.0%
INFO:tensorflow:2020-02-02 00:18:13.552516: Step 760: Cross entropy = 0.415889
I0202 00:18:13.552537 140343390071680 retrain.py:1084] 2020-02-02 00:18:13.552516: Step 760: Cross entropy = 0.415889
INFO:tensorflow:2020-02-02 00:18:13.659338: Step 760: Validation accuracy = 42.0% (N=100)
I0202 00:18:13.659412 140343390071680 retrain.py:1100] 2020-02-02 00:18:13.659338: Step 760: Validation accuracy = 42.0% (N=100)
INFO:tensorflow:2020-02-02 00:18:14.632387: Step 770: Train accuracy = 93.0%
I0202 00:18:14.632478 140343390071680 retrain.py:1082] 2020-02-02 00:18:14.632387: Step 770: Train accuracy = 93.0%
INFO:tensorflow:2020-02-02 00:18:14.633082: Step 770: Cross entropy = 0.370679
I0202 00:18:14.633113 140343390071680 retrain.py:1084] 2020-02-02 00:18:14.633082: Step 770: Cross entropy = 0.370679
INFO:tensorflow:2020-02-02 00:18:14.728351: Step 770: Validation accuracy = 58.0% (N=100)
I0202 00:18:14.728419 140343390071680 retrain.py:1100] 2020-02-02 00:18:14.728351: Step 770: Validation accuracy = 58.0% (N=100)
INFO:tensorflow:2020-02-02 00:18:15.587202: Step 780: Train accuracy = 88.0%
I0202 00:18:15.587314 140343390071680 retrain.py:1082] 2020-02-02 00:18:15.587202: Step 780: Train accuracy = 88.0%
INFO:tensorflow:2020-02-02 00:18:15.587673: Step 780: Cross entropy = 0.393843
I0202 00:18:15.587701 140343390071680 retrain.py:1084] 2020-02-02 00:18:15.587673: Step 780: Cross entropy = 0.393843
INFO:tensorflow:2020-02-02 00:18:15.674566: Step 780: Validation accuracy = 53.0% (N=100)
I0202 00:18:15.674679 140343390071680 retrain.py:1100] 2020-02-02 00:18:15.674566: Step 780: Validation accuracy = 53.0% (N=100)
INFO:tensorflow:2020-02-02 00:18:16.557620: Step 790: Train accuracy = 87.0%
I0202 00:18:16.557688 140343390071680 retrain.py:1082] 2020-02-02 00:18:16.557620: Step 790: Train accuracy = 87.0%
INFO:tensorflow:2020-02-02 00:18:16.557838: Step 790: Cross entropy = 0.395632
I0202 00:18:16.557857 140343390071680 retrain.py:1084] 2020-02-02 00:18:16.557838: Step 790: Cross entropy = 0.395632
INFO:tensorflow:2020-02-02 00:18:16.637983: Step 790: Validation accuracy = 62.0% (N=100)
I0202 00:18:16.638052 140343390071680 retrain.py:1100] 2020-02-02 00:18:16.637983: Step 790: Validation accuracy = 62.0% (N=100)
INFO:tensorflow:2020-02-02 00:18:17.488756: Step 800: Train accuracy = 91.0%
I0202 00:18:17.488852 140343390071680 retrain.py:1082] 2020-02-02 00:18:17.488756: Step 800: Train accuracy = 91.0%
INFO:tensorflow:2020-02-02 00:18:17.489080: Step 800: Cross entropy = 0.392464
I0202 00:18:17.489101 140343390071680 retrain.py:1084] 2020-02-02 00:18:17.489080: Step 800: Cross entropy = 0.392464
INFO:tensorflow:2020-02-02 00:18:17.581553: Step 800: Validation accuracy = 44.0% (N=100)
I0202 00:18:17.581610 140343390071680 retrain.py:1100] 2020-02-02 00:18:17.581553: Step 800: Validation accuracy = 44.0% (N=100)
INFO:tensorflow:2020-02-02 00:18:18.448240: Step 810: Train accuracy = 92.0%
I0202 00:18:18.448351 140343390071680 retrain.py:1082] 2020-02-02 00:18:18.448240: Step 810: Train accuracy = 92.0%
INFO:tensorflow:2020-02-02 00:18:18.448618: Step 810: Cross entropy = 0.356435
I0202 00:18:18.448641 140343390071680 retrain.py:1084] 2020-02-02 00:18:18.448618: Step 810: Cross entropy = 0.356435
INFO:tensorflow:2020-02-02 00:18:18.538258: Step 810: Validation accuracy = 44.0% (N=100)
I0202 00:18:18.538318 140343390071680 retrain.py:1100] 2020-02-02 00:18:18.538258: Step 810: Validation accuracy = 44.0% (N=100)
INFO:tensorflow:2020-02-02 00:18:19.368349: Step 820: Train accuracy = 89.0%
I0202 00:18:19.368406 140343390071680 retrain.py:1082] 2020-02-02 00:18:19.368349: Step 820: Train accuracy = 89.0%
INFO:tensorflow:2020-02-02 00:18:19.368582: Step 820: Cross entropy = 0.402341
I0202 00:18:19.368601 140343390071680 retrain.py:1084] 2020-02-02 00:18:19.368582: Step 820: Cross entropy = 0.402341
INFO:tensorflow:2020-02-02 00:18:19.461267: Step 820: Validation accuracy = 48.0% (N=100)
I0202 00:18:19.461354 140343390071680 retrain.py:1100] 2020-02-02 00:18:19.461267: Step 820: Validation accuracy = 48.0% (N=100)
INFO:tensorflow:2020-02-02 00:18:20.363542: Step 830: Train accuracy = 93.0%
I0202 00:18:20.363617 140343390071680 retrain.py:1082] 2020-02-02 00:18:20.363542: Step 830: Train accuracy = 93.0%
INFO:tensorflow:2020-02-02 00:18:20.364021: Step 830: Cross entropy = 0.360196
I0202 00:18:20.364043 140343390071680 retrain.py:1084] 2020-02-02 00:18:20.364021: Step 830: Cross entropy = 0.360196
INFO:tensorflow:2020-02-02 00:18:20.454470: Step 830: Validation accuracy = 53.0% (N=100)
I0202 00:18:20.454529 140343390071680 retrain.py:1100] 2020-02-02 00:18:20.454470: Step 830: Validation accuracy = 53.0% (N=100)
INFO:tensorflow:2020-02-02 00:18:21.283416: Step 840: Train accuracy = 94.0%
I0202 00:18:21.283471 140343390071680 retrain.py:1082] 2020-02-02 00:18:21.283416: Step 840: Train accuracy = 94.0%
INFO:tensorflow:2020-02-02 00:18:21.283638: Step 840: Cross entropy = 0.329510
I0202 00:18:21.283655 140343390071680 retrain.py:1084] 2020-02-02 00:18:21.283638: Step 840: Cross entropy = 0.329510
INFO:tensorflow:2020-02-02 00:18:21.376863: Step 840: Validation accuracy = 57.0% (N=100)
I0202 00:18:21.376956 140343390071680 retrain.py:1100] 2020-02-02 00:18:21.376863: Step 840: Validation accuracy = 57.0% (N=100)
INFO:tensorflow:2020-02-02 00:18:22.246398: Step 850: Train accuracy = 93.0%
I0202 00:18:22.246454 140343390071680 retrain.py:1082] 2020-02-02 00:18:22.246398: Step 850: Train accuracy = 93.0%
INFO:tensorflow:2020-02-02 00:18:22.246649: Step 850: Cross entropy = 0.374017
I0202 00:18:22.246668 140343390071680 retrain.py:1084] 2020-02-02 00:18:22.246649: Step 850: Cross entropy = 0.374017
INFO:tensorflow:2020-02-02 00:18:22.327086: Step 850: Validation accuracy = 43.0% (N=100)
I0202 00:18:22.327162 140343390071680 retrain.py:1100] 2020-02-02 00:18:22.327086: Step 850: Validation accuracy = 43.0% (N=100)
INFO:tensorflow:2020-02-02 00:18:23.058516: Step 860: Train accuracy = 88.0%
I0202 00:18:23.058581 140343390071680 retrain.py:1082] 2020-02-02 00:18:23.058516: Step 860: Train accuracy = 88.0%
INFO:tensorflow:2020-02-02 00:18:23.058797: Step 860: Cross entropy = 0.369516
I0202 00:18:23.058819 140343390071680 retrain.py:1084] 2020-02-02 00:18:23.058797: Step 860: Cross entropy = 0.369516
INFO:tensorflow:2020-02-02 00:18:23.135513: Step 860: Validation accuracy = 41.0% (N=100)
I0202 00:18:23.135609 140343390071680 retrain.py:1100] 2020-02-02 00:18:23.135513: Step 860: Validation accuracy = 41.0% (N=100)
INFO:tensorflow:2020-02-02 00:18:23.982736: Step 870: Train accuracy = 91.0%
I0202 00:18:23.982792 140343390071680 retrain.py:1082] 2020-02-02 00:18:23.982736: Step 870: Train accuracy = 91.0%
INFO:tensorflow:2020-02-02 00:18:23.982972: Step 870: Cross entropy = 0.378022
I0202 00:18:23.982992 140343390071680 retrain.py:1084] 2020-02-02 00:18:23.982972: Step 870: Cross entropy = 0.378022
INFO:tensorflow:2020-02-02 00:18:24.068595: Step 870: Validation accuracy = 49.0% (N=100)
I0202 00:18:24.068664 140343390071680 retrain.py:1100] 2020-02-02 00:18:24.068595: Step 870: Validation accuracy = 49.0% (N=100)
INFO:tensorflow:2020-02-02 00:18:24.896094: Step 880: Train accuracy = 85.0%
I0202 00:18:24.896161 140343390071680 retrain.py:1082] 2020-02-02 00:18:24.896094: Step 880: Train accuracy = 85.0%
INFO:tensorflow:2020-02-02 00:18:24.896324: Step 880: Cross entropy = 0.397405
I0202 00:18:24.896343 140343390071680 retrain.py:1084] 2020-02-02 00:18:24.896324: Step 880: Cross entropy = 0.397405
INFO:tensorflow:2020-02-02 00:18:24.972877: Step 880: Validation accuracy = 48.0% (N=100)
I0202 00:18:24.972933 140343390071680 retrain.py:1100] 2020-02-02 00:18:24.972877: Step 880: Validation accuracy = 48.0% (N=100)
INFO:tensorflow:2020-02-02 00:18:25.824914: Step 890: Train accuracy = 93.0%
I0202 00:18:25.824969 140343390071680 retrain.py:1082] 2020-02-02 00:18:25.824914: Step 890: Train accuracy = 93.0%
INFO:tensorflow:2020-02-02 00:18:25.825159: Step 890: Cross entropy = 0.366222
I0202 00:18:25.825182 140343390071680 retrain.py:1084] 2020-02-02 00:18:25.825159: Step 890: Cross entropy = 0.366222
INFO:tensorflow:2020-02-02 00:18:25.911803: Step 890: Validation accuracy = 48.0% (N=100)
I0202 00:18:25.911882 140343390071680 retrain.py:1100] 2020-02-02 00:18:25.911803: Step 890: Validation accuracy = 48.0% (N=100)
INFO:tensorflow:2020-02-02 00:18:26.653580: Step 900: Train accuracy = 92.0%
I0202 00:18:26.653654 140343390071680 retrain.py:1082] 2020-02-02 00:18:26.653580: Step 900: Train accuracy = 92.0%
INFO:tensorflow:2020-02-02 00:18:26.653838: Step 900: Cross entropy = 0.341984
I0202 00:18:26.653856 140343390071680 retrain.py:1084] 2020-02-02 00:18:26.653838: Step 900: Cross entropy = 0.341984
INFO:tensorflow:2020-02-02 00:18:26.730095: Step 900: Validation accuracy = 46.0% (N=100)
I0202 00:18:26.730153 140343390071680 retrain.py:1100] 2020-02-02 00:18:26.730095: Step 900: Validation accuracy = 46.0% (N=100)
INFO:tensorflow:2020-02-02 00:18:27.466501: Step 910: Train accuracy = 91.0%
I0202 00:18:27.466598 140343390071680 retrain.py:1082] 2020-02-02 00:18:27.466501: Step 910: Train accuracy = 91.0%
INFO:tensorflow:2020-02-02 00:18:27.466794: Step 910: Cross entropy = 0.377152
I0202 00:18:27.466824 140343390071680 retrain.py:1084] 2020-02-02 00:18:27.466794: Step 910: Cross entropy = 0.377152
INFO:tensorflow:2020-02-02 00:18:27.569757: Step 910: Validation accuracy = 41.0% (N=100)
I0202 00:18:27.569819 140343390071680 retrain.py:1100] 2020-02-02 00:18:27.569757: Step 910: Validation accuracy = 41.0% (N=100)
INFO:tensorflow:2020-02-02 00:18:28.367133: Step 920: Train accuracy = 89.0%
I0202 00:18:28.367222 140343390071680 retrain.py:1082] 2020-02-02 00:18:28.367133: Step 920: Train accuracy = 89.0%
INFO:tensorflow:2020-02-02 00:18:28.367446: Step 920: Cross entropy = 0.395110
I0202 00:18:28.367469 140343390071680 retrain.py:1084] 2020-02-02 00:18:28.367446: Step 920: Cross entropy = 0.395110
INFO:tensorflow:2020-02-02 00:18:28.446247: Step 920: Validation accuracy = 41.0% (N=100)
I0202 00:18:28.446305 140343390071680 retrain.py:1100] 2020-02-02 00:18:28.446247: Step 920: Validation accuracy = 41.0% (N=100)
INFO:tensorflow:2020-02-02 00:18:29.388230: Step 930: Train accuracy = 90.0%
I0202 00:18:29.388312 140343390071680 retrain.py:1082] 2020-02-02 00:18:29.388230: Step 930: Train accuracy = 90.0%
INFO:tensorflow:2020-02-02 00:18:29.388494: Step 930: Cross entropy = 0.379515
I0202 00:18:29.388524 140343390071680 retrain.py:1084] 2020-02-02 00:18:29.388494: Step 930: Cross entropy = 0.379515
INFO:tensorflow:2020-02-02 00:18:29.520633: Step 930: Validation accuracy = 52.0% (N=100)
I0202 00:18:29.520693 140343390071680 retrain.py:1100] 2020-02-02 00:18:29.520633: Step 930: Validation accuracy = 52.0% (N=100)
INFO:tensorflow:2020-02-02 00:18:30.353076: Step 940: Train accuracy = 91.0%
I0202 00:18:30.353167 140343390071680 retrain.py:1082] 2020-02-02 00:18:30.353076: Step 940: Train accuracy = 91.0%
INFO:tensorflow:2020-02-02 00:18:30.353312: Step 940: Cross entropy = 0.372667
I0202 00:18:30.353330 140343390071680 retrain.py:1084] 2020-02-02 00:18:30.353312: Step 940: Cross entropy = 0.372667
INFO:tensorflow:2020-02-02 00:18:30.427563: Step 940: Validation accuracy = 58.0% (N=100)
I0202 00:18:30.427619 140343390071680 retrain.py:1100] 2020-02-02 00:18:30.427563: Step 940: Validation accuracy = 58.0% (N=100)
INFO:tensorflow:2020-02-02 00:18:31.262378: Step 950: Train accuracy = 92.0%
I0202 00:18:31.262434 140343390071680 retrain.py:1082] 2020-02-02 00:18:31.262378: Step 950: Train accuracy = 92.0%
INFO:tensorflow:2020-02-02 00:18:31.262611: Step 950: Cross entropy = 0.382501
I0202 00:18:31.262626 140343390071680 retrain.py:1084] 2020-02-02 00:18:31.262611: Step 950: Cross entropy = 0.382501
INFO:tensorflow:2020-02-02 00:18:31.337201: Step 950: Validation accuracy = 57.0% (N=100)
I0202 00:18:31.337256 140343390071680 retrain.py:1100] 2020-02-02 00:18:31.337201: Step 950: Validation accuracy = 57.0% (N=100)
INFO:tensorflow:2020-02-02 00:18:32.109892: Step 960: Train accuracy = 91.0%
I0202 00:18:32.109963 140343390071680 retrain.py:1082] 2020-02-02 00:18:32.109892: Step 960: Train accuracy = 91.0%
INFO:tensorflow:2020-02-02 00:18:32.110153: Step 960: Cross entropy = 0.360920
I0202 00:18:32.110171 140343390071680 retrain.py:1084] 2020-02-02 00:18:32.110153: Step 960: Cross entropy = 0.360920
INFO:tensorflow:2020-02-02 00:18:32.187339: Step 960: Validation accuracy = 42.0% (N=100)
I0202 00:18:32.187418 140343390071680 retrain.py:1100] 2020-02-02 00:18:32.187339: Step 960: Validation accuracy = 42.0% (N=100)
INFO:tensorflow:2020-02-02 00:18:32.926088: Step 970: Train accuracy = 84.0%
I0202 00:18:32.926145 140343390071680 retrain.py:1082] 2020-02-02 00:18:32.926088: Step 970: Train accuracy = 84.0%
INFO:tensorflow:2020-02-02 00:18:32.926320: Step 970: Cross entropy = 0.388865
I0202 00:18:32.926340 140343390071680 retrain.py:1084] 2020-02-02 00:18:32.926320: Step 970: Cross entropy = 0.388865
INFO:tensorflow:2020-02-02 00:18:33.005766: Step 970: Validation accuracy = 39.0% (N=100)
I0202 00:18:33.005850 140343390071680 retrain.py:1100] 2020-02-02 00:18:33.005766: Step 970: Validation accuracy = 39.0% (N=100)
INFO:tensorflow:2020-02-02 00:18:33.738834: Step 980: Train accuracy = 93.0%
I0202 00:18:33.738925 140343390071680 retrain.py:1082] 2020-02-02 00:18:33.738834: Step 980: Train accuracy = 93.0%
INFO:tensorflow:2020-02-02 00:18:33.739058: Step 980: Cross entropy = 0.365113
I0202 00:18:33.739076 140343390071680 retrain.py:1084] 2020-02-02 00:18:33.739058: Step 980: Cross entropy = 0.365113
INFO:tensorflow:2020-02-02 00:18:33.813793: Step 980: Validation accuracy = 61.0% (N=100)
I0202 00:18:33.813864 140343390071680 retrain.py:1100] 2020-02-02 00:18:33.813793: Step 980: Validation accuracy = 61.0% (N=100)
INFO:tensorflow:2020-02-02 00:18:34.554603: Step 990: Train accuracy = 91.0%
I0202 00:18:34.554673 140343390071680 retrain.py:1082] 2020-02-02 00:18:34.554603: Step 990: Train accuracy = 91.0%
INFO:tensorflow:2020-02-02 00:18:34.554847: Step 990: Cross entropy = 0.360832
I0202 00:18:34.554865 140343390071680 retrain.py:1084] 2020-02-02 00:18:34.554847: Step 990: Cross entropy = 0.360832
INFO:tensorflow:2020-02-02 00:18:34.629895: Step 990: Validation accuracy = 48.0% (N=100)
I0202 00:18:34.629981 140343390071680 retrain.py:1100] 2020-02-02 00:18:34.629895: Step 990: Validation accuracy = 48.0% (N=100)
INFO:tensorflow:2020-02-02 00:18:35.366659: Step 1000: Train accuracy = 90.0%
I0202 00:18:35.366724 140343390071680 retrain.py:1082] 2020-02-02 00:18:35.366659: Step 1000: Train accuracy = 90.0%
INFO:tensorflow:2020-02-02 00:18:35.366902: Step 1000: Cross entropy = 0.366716
I0202 00:18:35.366923 140343390071680 retrain.py:1084] 2020-02-02 00:18:35.366902: Step 1000: Cross entropy = 0.366716
INFO:tensorflow:2020-02-02 00:18:35.440750: Step 1000: Validation accuracy = 54.0% (N=100)
I0202 00:18:35.440814 140343390071680 retrain.py:1100] 2020-02-02 00:18:35.440750: Step 1000: Validation accuracy = 54.0% (N=100)
INFO:tensorflow:2020-02-02 00:18:36.200024: Step 1010: Train accuracy = 93.0%
I0202 00:18:36.200078 140343390071680 retrain.py:1082] 2020-02-02 00:18:36.200024: Step 1010: Train accuracy = 93.0%
INFO:tensorflow:2020-02-02 00:18:36.200251: Step 1010: Cross entropy = 0.363312
I0202 00:18:36.200274 140343390071680 retrain.py:1084] 2020-02-02 00:18:36.200251: Step 1010: Cross entropy = 0.363312
INFO:tensorflow:2020-02-02 00:18:36.276248: Step 1010: Validation accuracy = 53.0% (N=100)
I0202 00:18:36.276333 140343390071680 retrain.py:1100] 2020-02-02 00:18:36.276248: Step 1010: Validation accuracy = 53.0% (N=100)
INFO:tensorflow:2020-02-02 00:18:37.019681: Step 1020: Train accuracy = 93.0%
I0202 00:18:37.019753 140343390071680 retrain.py:1082] 2020-02-02 00:18:37.019681: Step 1020: Train accuracy = 93.0%
INFO:tensorflow:2020-02-02 00:18:37.019936: Step 1020: Cross entropy = 0.344343
I0202 00:18:37.019958 140343390071680 retrain.py:1084] 2020-02-02 00:18:37.019936: Step 1020: Cross entropy = 0.344343
INFO:tensorflow:2020-02-02 00:18:37.101102: Step 1020: Validation accuracy = 53.0% (N=100)
I0202 00:18:37.101172 140343390071680 retrain.py:1100] 2020-02-02 00:18:37.101102: Step 1020: Validation accuracy = 53.0% (N=100)
INFO:tensorflow:2020-02-02 00:18:37.839338: Step 1030: Train accuracy = 97.0%
I0202 00:18:37.839418 140343390071680 retrain.py:1082] 2020-02-02 00:18:37.839338: Step 1030: Train accuracy = 97.0%
INFO:tensorflow:2020-02-02 00:18:37.839563: Step 1030: Cross entropy = 0.322869
I0202 00:18:37.839593 140343390071680 retrain.py:1084] 2020-02-02 00:18:37.839563: Step 1030: Cross entropy = 0.322869
INFO:tensorflow:2020-02-02 00:18:37.912864: Step 1030: Validation accuracy = 46.0% (N=100)
I0202 00:18:37.912930 140343390071680 retrain.py:1100] 2020-02-02 00:18:37.912864: Step 1030: Validation accuracy = 46.0% (N=100)
INFO:tensorflow:2020-02-02 00:18:38.657283: Step 1040: Train accuracy = 91.0%
I0202 00:18:38.657351 140343390071680 retrain.py:1082] 2020-02-02 00:18:38.657283: Step 1040: Train accuracy = 91.0%
INFO:tensorflow:2020-02-02 00:18:38.657523: Step 1040: Cross entropy = 0.349508
I0202 00:18:38.657549 140343390071680 retrain.py:1084] 2020-02-02 00:18:38.657523: Step 1040: Cross entropy = 0.349508
INFO:tensorflow:2020-02-02 00:18:38.737642: Step 1040: Validation accuracy = 50.0% (N=100)
I0202 00:18:38.737699 140343390071680 retrain.py:1100] 2020-02-02 00:18:38.737642: Step 1040: Validation accuracy = 50.0% (N=100)
INFO:tensorflow:2020-02-02 00:18:39.497665: Step 1050: Train accuracy = 89.0%
I0202 00:18:39.497723 140343390071680 retrain.py:1082] 2020-02-02 00:18:39.497665: Step 1050: Train accuracy = 89.0%
INFO:tensorflow:2020-02-02 00:18:39.497928: Step 1050: Cross entropy = 0.340435
I0202 00:18:39.497947 140343390071680 retrain.py:1084] 2020-02-02 00:18:39.497928: Step 1050: Cross entropy = 0.340435
INFO:tensorflow:2020-02-02 00:18:39.575240: Step 1050: Validation accuracy = 49.0% (N=100)
I0202 00:18:39.575296 140343390071680 retrain.py:1100] 2020-02-02 00:18:39.575240: Step 1050: Validation accuracy = 49.0% (N=100)
INFO:tensorflow:2020-02-02 00:18:40.304733: Step 1060: Train accuracy = 91.0%
I0202 00:18:40.304797 140343390071680 retrain.py:1082] 2020-02-02 00:18:40.304733: Step 1060: Train accuracy = 91.0%
INFO:tensorflow:2020-02-02 00:18:40.304950: Step 1060: Cross entropy = 0.362693
I0202 00:18:40.304966 140343390071680 retrain.py:1084] 2020-02-02 00:18:40.304950: Step 1060: Cross entropy = 0.362693
INFO:tensorflow:2020-02-02 00:18:40.380878: Step 1060: Validation accuracy = 49.0% (N=100)
I0202 00:18:40.380933 140343390071680 retrain.py:1100] 2020-02-02 00:18:40.380878: Step 1060: Validation accuracy = 49.0% (N=100)
INFO:tensorflow:2020-02-02 00:18:41.126544: Step 1070: Train accuracy = 90.0%
I0202 00:18:41.126627 140343390071680 retrain.py:1082] 2020-02-02 00:18:41.126544: Step 1070: Train accuracy = 90.0%
INFO:tensorflow:2020-02-02 00:18:41.126795: Step 1070: Cross entropy = 0.371732
I0202 00:18:41.126811 140343390071680 retrain.py:1084] 2020-02-02 00:18:41.126795: Step 1070: Cross entropy = 0.371732
INFO:tensorflow:2020-02-02 00:18:41.205321: Step 1070: Validation accuracy = 60.0% (N=100)
I0202 00:18:41.205389 140343390071680 retrain.py:1100] 2020-02-02 00:18:41.205321: Step 1070: Validation accuracy = 60.0% (N=100)
INFO:tensorflow:2020-02-02 00:18:41.937307: Step 1080: Train accuracy = 96.0%
I0202 00:18:41.937375 140343390071680 retrain.py:1082] 2020-02-02 00:18:41.937307: Step 1080: Train accuracy = 96.0%
INFO:tensorflow:2020-02-02 00:18:41.937528: Step 1080: Cross entropy = 0.341425
I0202 00:18:41.937556 140343390071680 retrain.py:1084] 2020-02-02 00:18:41.937528: Step 1080: Cross entropy = 0.341425
INFO:tensorflow:2020-02-02 00:18:42.030349: Step 1080: Validation accuracy = 49.0% (N=100)
I0202 00:18:42.030438 140343390071680 retrain.py:1100] 2020-02-02 00:18:42.030349: Step 1080: Validation accuracy = 49.0% (N=100)
INFO:tensorflow:2020-02-02 00:18:42.784525: Step 1090: Train accuracy = 91.0%
I0202 00:18:42.784580 140343390071680 retrain.py:1082] 2020-02-02 00:18:42.784525: Step 1090: Train accuracy = 91.0%
INFO:tensorflow:2020-02-02 00:18:42.784739: Step 1090: Cross entropy = 0.339874
I0202 00:18:42.784753 140343390071680 retrain.py:1084] 2020-02-02 00:18:42.784739: Step 1090: Cross entropy = 0.339874
INFO:tensorflow:2020-02-02 00:18:42.862001: Step 1090: Validation accuracy = 43.0% (N=100)
I0202 00:18:42.862091 140343390071680 retrain.py:1100] 2020-02-02 00:18:42.862001: Step 1090: Validation accuracy = 43.0% (N=100)
INFO:tensorflow:2020-02-02 00:18:43.611684: Step 1100: Train accuracy = 90.0%
I0202 00:18:43.611739 140343390071680 retrain.py:1082] 2020-02-02 00:18:43.611684: Step 1100: Train accuracy = 90.0%
INFO:tensorflow:2020-02-02 00:18:43.611929: Step 1100: Cross entropy = 0.346548
I0202 00:18:43.611943 140343390071680 retrain.py:1084] 2020-02-02 00:18:43.611929: Step 1100: Cross entropy = 0.346548
INFO:tensorflow:2020-02-02 00:18:43.690110: Step 1100: Validation accuracy = 53.0% (N=100)
I0202 00:18:43.690191 140343390071680 retrain.py:1100] 2020-02-02 00:18:43.690110: Step 1100: Validation accuracy = 53.0% (N=100)
INFO:tensorflow:2020-02-02 00:18:44.423240: Step 1110: Train accuracy = 91.0%
I0202 00:18:44.423295 140343390071680 retrain.py:1082] 2020-02-02 00:18:44.423240: Step 1110: Train accuracy = 91.0%
INFO:tensorflow:2020-02-02 00:18:44.423445: Step 1110: Cross entropy = 0.345394
I0202 00:18:44.423471 140343390071680 retrain.py:1084] 2020-02-02 00:18:44.423445: Step 1110: Cross entropy = 0.345394
INFO:tensorflow:2020-02-02 00:18:44.504406: Step 1110: Validation accuracy = 60.0% (N=100)
I0202 00:18:44.504477 140343390071680 retrain.py:1100] 2020-02-02 00:18:44.504406: Step 1110: Validation accuracy = 60.0% (N=100)
INFO:tensorflow:2020-02-02 00:18:45.251471: Step 1120: Train accuracy = 90.0%
I0202 00:18:45.251550 140343390071680 retrain.py:1082] 2020-02-02 00:18:45.251471: Step 1120: Train accuracy = 90.0%
INFO:tensorflow:2020-02-02 00:18:45.251710: Step 1120: Cross entropy = 0.374963
I0202 00:18:45.251732 140343390071680 retrain.py:1084] 2020-02-02 00:18:45.251710: Step 1120: Cross entropy = 0.374963
INFO:tensorflow:2020-02-02 00:18:45.335475: Step 1120: Validation accuracy = 51.0% (N=100)
I0202 00:18:45.335546 140343390071680 retrain.py:1100] 2020-02-02 00:18:45.335475: Step 1120: Validation accuracy = 51.0% (N=100)
INFO:tensorflow:2020-02-02 00:18:46.087028: Step 1130: Train accuracy = 93.0%
I0202 00:18:46.087116 140343390071680 retrain.py:1082] 2020-02-02 00:18:46.087028: Step 1130: Train accuracy = 93.0%
INFO:tensorflow:2020-02-02 00:18:46.087269: Step 1130: Cross entropy = 0.334278
I0202 00:18:46.087301 140343390071680 retrain.py:1084] 2020-02-02 00:18:46.087269: Step 1130: Cross entropy = 0.334278
INFO:tensorflow:2020-02-02 00:18:46.168288: Step 1130: Validation accuracy = 63.0% (N=100)
I0202 00:18:46.168358 140343390071680 retrain.py:1100] 2020-02-02 00:18:46.168288: Step 1130: Validation accuracy = 63.0% (N=100)
INFO:tensorflow:2020-02-02 00:18:46.926520: Step 1140: Train accuracy = 92.0%
I0202 00:18:46.926576 140343390071680 retrain.py:1082] 2020-02-02 00:18:46.926520: Step 1140: Train accuracy = 92.0%
INFO:tensorflow:2020-02-02 00:18:46.926762: Step 1140: Cross entropy = 0.372981
I0202 00:18:46.926780 140343390071680 retrain.py:1084] 2020-02-02 00:18:46.926762: Step 1140: Cross entropy = 0.372981
INFO:tensorflow:2020-02-02 00:18:47.006203: Step 1140: Validation accuracy = 58.0% (N=100)
I0202 00:18:47.006286 140343390071680 retrain.py:1100] 2020-02-02 00:18:47.006203: Step 1140: Validation accuracy = 58.0% (N=100)
INFO:tensorflow:2020-02-02 00:18:47.744536: Step 1150: Train accuracy = 92.0%
I0202 00:18:47.744601 140343390071680 retrain.py:1082] 2020-02-02 00:18:47.744536: Step 1150: Train accuracy = 92.0%
INFO:tensorflow:2020-02-02 00:18:47.744759: Step 1150: Cross entropy = 0.338160
I0202 00:18:47.744777 140343390071680 retrain.py:1084] 2020-02-02 00:18:47.744759: Step 1150: Cross entropy = 0.338160
INFO:tensorflow:2020-02-02 00:18:47.820152: Step 1150: Validation accuracy = 44.0% (N=100)
I0202 00:18:47.820219 140343390071680 retrain.py:1100] 2020-02-02 00:18:47.820152: Step 1150: Validation accuracy = 44.0% (N=100)
INFO:tensorflow:2020-02-02 00:18:48.578968: Step 1160: Train accuracy = 89.0%
I0202 00:18:48.579036 140343390071680 retrain.py:1082] 2020-02-02 00:18:48.578968: Step 1160: Train accuracy = 89.0%
INFO:tensorflow:2020-02-02 00:18:48.579211: Step 1160: Cross entropy = 0.370002
I0202 00:18:48.579231 140343390071680 retrain.py:1084] 2020-02-02 00:18:48.579211: Step 1160: Cross entropy = 0.370002
INFO:tensorflow:2020-02-02 00:18:48.656577: Step 1160: Validation accuracy = 57.0% (N=100)
I0202 00:18:48.656659 140343390071680 retrain.py:1100] 2020-02-02 00:18:48.656577: Step 1160: Validation accuracy = 57.0% (N=100)
INFO:tensorflow:2020-02-02 00:18:49.400548: Step 1170: Train accuracy = 93.0%
I0202 00:18:49.400617 140343390071680 retrain.py:1082] 2020-02-02 00:18:49.400548: Step 1170: Train accuracy = 93.0%
INFO:tensorflow:2020-02-02 00:18:49.400799: Step 1170: Cross entropy = 0.345011
I0202 00:18:49.400820 140343390071680 retrain.py:1084] 2020-02-02 00:18:49.400799: Step 1170: Cross entropy = 0.345011
INFO:tensorflow:2020-02-02 00:18:49.482926: Step 1170: Validation accuracy = 55.0% (N=100)
I0202 00:18:49.483006 140343390071680 retrain.py:1100] 2020-02-02 00:18:49.482926: Step 1170: Validation accuracy = 55.0% (N=100)
INFO:tensorflow:2020-02-02 00:18:50.227835: Step 1180: Train accuracy = 95.0%
I0202 00:18:50.227900 140343390071680 retrain.py:1082] 2020-02-02 00:18:50.227835: Step 1180: Train accuracy = 95.0%
INFO:tensorflow:2020-02-02 00:18:50.228079: Step 1180: Cross entropy = 0.325181
I0202 00:18:50.228100 140343390071680 retrain.py:1084] 2020-02-02 00:18:50.228079: Step 1180: Cross entropy = 0.325181
INFO:tensorflow:2020-02-02 00:18:50.305911: Step 1180: Validation accuracy = 62.0% (N=100)
I0202 00:18:50.305991 140343390071680 retrain.py:1100] 2020-02-02 00:18:50.305911: Step 1180: Validation accuracy = 62.0% (N=100)
INFO:tensorflow:2020-02-02 00:18:51.046539: Step 1190: Train accuracy = 98.0%
I0202 00:18:51.046604 140343390071680 retrain.py:1082] 2020-02-02 00:18:51.046539: Step 1190: Train accuracy = 98.0%
INFO:tensorflow:2020-02-02 00:18:51.046760: Step 1190: Cross entropy = 0.286638
I0202 00:18:51.046773 140343390071680 retrain.py:1084] 2020-02-02 00:18:51.046760: Step 1190: Cross entropy = 0.286638
INFO:tensorflow:2020-02-02 00:18:51.123652: Step 1190: Validation accuracy = 41.0% (N=100)
I0202 00:18:51.123718 140343390071680 retrain.py:1100] 2020-02-02 00:18:51.123652: Step 1190: Validation accuracy = 41.0% (N=100)
INFO:tensorflow:2020-02-02 00:18:51.861795: Step 1200: Train accuracy = 93.0%
I0202 00:18:51.861849 140343390071680 retrain.py:1082] 2020-02-02 00:18:51.861795: Step 1200: Train accuracy = 93.0%
INFO:tensorflow:2020-02-02 00:18:51.862036: Step 1200: Cross entropy = 0.336723
I0202 00:18:51.862056 140343390071680 retrain.py:1084] 2020-02-02 00:18:51.862036: Step 1200: Cross entropy = 0.336723
INFO:tensorflow:2020-02-02 00:18:51.940811: Step 1200: Validation accuracy = 50.0% (N=100)
I0202 00:18:51.940893 140343390071680 retrain.py:1100] 2020-02-02 00:18:51.940811: Step 1200: Validation accuracy = 50.0% (N=100)
INFO:tensorflow:2020-02-02 00:18:52.682083: Step 1210: Train accuracy = 91.0%
I0202 00:18:52.682148 140343390071680 retrain.py:1082] 2020-02-02 00:18:52.682083: Step 1210: Train accuracy = 91.0%
INFO:tensorflow:2020-02-02 00:18:52.682326: Step 1210: Cross entropy = 0.326414
I0202 00:18:52.682343 140343390071680 retrain.py:1084] 2020-02-02 00:18:52.682326: Step 1210: Cross entropy = 0.326414
INFO:tensorflow:2020-02-02 00:18:52.762275: Step 1210: Validation accuracy = 47.0% (N=100)
I0202 00:18:52.762333 140343390071680 retrain.py:1100] 2020-02-02 00:18:52.762275: Step 1210: Validation accuracy = 47.0% (N=100)
INFO:tensorflow:2020-02-02 00:18:53.510518: Step 1220: Train accuracy = 91.0%
I0202 00:18:53.510588 140343390071680 retrain.py:1082] 2020-02-02 00:18:53.510518: Step 1220: Train accuracy = 91.0%
INFO:tensorflow:2020-02-02 00:18:53.510743: Step 1220: Cross entropy = 0.336992
I0202 00:18:53.510766 140343390071680 retrain.py:1084] 2020-02-02 00:18:53.510743: Step 1220: Cross entropy = 0.336992
INFO:tensorflow:2020-02-02 00:18:53.589409: Step 1220: Validation accuracy = 46.0% (N=100)
I0202 00:18:53.589478 140343390071680 retrain.py:1100] 2020-02-02 00:18:53.589409: Step 1220: Validation accuracy = 46.0% (N=100)
INFO:tensorflow:2020-02-02 00:18:54.342820: Step 1230: Train accuracy = 95.0%
I0202 00:18:54.342875 140343390071680 retrain.py:1082] 2020-02-02 00:18:54.342820: Step 1230: Train accuracy = 95.0%
INFO:tensorflow:2020-02-02 00:18:54.343040: Step 1230: Cross entropy = 0.328169
I0202 00:18:54.343071 140343390071680 retrain.py:1084] 2020-02-02 00:18:54.343040: Step 1230: Cross entropy = 0.328169
INFO:tensorflow:2020-02-02 00:18:54.420916: Step 1230: Validation accuracy = 52.0% (N=100)
I0202 00:18:54.420975 140343390071680 retrain.py:1100] 2020-02-02 00:18:54.420916: Step 1230: Validation accuracy = 52.0% (N=100)
INFO:tensorflow:2020-02-02 00:18:55.164485: Step 1240: Train accuracy = 93.0%
I0202 00:18:55.164539 140343390071680 retrain.py:1082] 2020-02-02 00:18:55.164485: Step 1240: Train accuracy = 93.0%
INFO:tensorflow:2020-02-02 00:18:55.164689: Step 1240: Cross entropy = 0.306940
I0202 00:18:55.164717 140343390071680 retrain.py:1084] 2020-02-02 00:18:55.164689: Step 1240: Cross entropy = 0.306940
INFO:tensorflow:2020-02-02 00:18:55.243094: Step 1240: Validation accuracy = 45.0% (N=100)
I0202 00:18:55.243151 140343390071680 retrain.py:1100] 2020-02-02 00:18:55.243094: Step 1240: Validation accuracy = 45.0% (N=100)
INFO:tensorflow:2020-02-02 00:18:55.989815: Step 1250: Train accuracy = 94.0%
I0202 00:18:55.989874 140343390071680 retrain.py:1082] 2020-02-02 00:18:55.989815: Step 1250: Train accuracy = 94.0%
INFO:tensorflow:2020-02-02 00:18:55.990069: Step 1250: Cross entropy = 0.343441
I0202 00:18:55.990089 140343390071680 retrain.py:1084] 2020-02-02 00:18:55.990069: Step 1250: Cross entropy = 0.343441
INFO:tensorflow:2020-02-02 00:18:56.066076: Step 1250: Validation accuracy = 62.0% (N=100)
I0202 00:18:56.066148 140343390071680 retrain.py:1100] 2020-02-02 00:18:56.066076: Step 1250: Validation accuracy = 62.0% (N=100)
INFO:tensorflow:2020-02-02 00:18:56.803060: Step 1260: Train accuracy = 94.0%
I0202 00:18:56.803116 140343390071680 retrain.py:1082] 2020-02-02 00:18:56.803060: Step 1260: Train accuracy = 94.0%
INFO:tensorflow:2020-02-02 00:18:56.803294: Step 1260: Cross entropy = 0.311759
I0202 00:18:56.803312 140343390071680 retrain.py:1084] 2020-02-02 00:18:56.803294: Step 1260: Cross entropy = 0.311759
INFO:tensorflow:2020-02-02 00:18:56.879868: Step 1260: Validation accuracy = 52.0% (N=100)
I0202 00:18:56.879933 140343390071680 retrain.py:1100] 2020-02-02 00:18:56.879868: Step 1260: Validation accuracy = 52.0% (N=100)
INFO:tensorflow:2020-02-02 00:18:57.628837: Step 1270: Train accuracy = 93.0%
I0202 00:18:57.628916 140343390071680 retrain.py:1082] 2020-02-02 00:18:57.628837: Step 1270: Train accuracy = 93.0%
INFO:tensorflow:2020-02-02 00:18:57.629096: Step 1270: Cross entropy = 0.316163
I0202 00:18:57.629113 140343390071680 retrain.py:1084] 2020-02-02 00:18:57.629096: Step 1270: Cross entropy = 0.316163
INFO:tensorflow:2020-02-02 00:18:57.706205: Step 1270: Validation accuracy = 48.0% (N=100)
I0202 00:18:57.706275 140343390071680 retrain.py:1100] 2020-02-02 00:18:57.706205: Step 1270: Validation accuracy = 48.0% (N=100)
INFO:tensorflow:2020-02-02 00:18:58.454931: Step 1280: Train accuracy = 93.0%
I0202 00:18:58.455030 140343390071680 retrain.py:1082] 2020-02-02 00:18:58.454931: Step 1280: Train accuracy = 93.0%
INFO:tensorflow:2020-02-02 00:18:58.455262: Step 1280: Cross entropy = 0.339727
I0202 00:18:58.455296 140343390071680 retrain.py:1084] 2020-02-02 00:18:58.455262: Step 1280: Cross entropy = 0.339727
INFO:tensorflow:2020-02-02 00:18:58.539126: Step 1280: Validation accuracy = 55.0% (N=100)
I0202 00:18:58.539196 140343390071680 retrain.py:1100] 2020-02-02 00:18:58.539126: Step 1280: Validation accuracy = 55.0% (N=100)
INFO:tensorflow:2020-02-02 00:18:59.276697: Step 1290: Train accuracy = 94.0%
I0202 00:18:59.276775 140343390071680 retrain.py:1082] 2020-02-02 00:18:59.276697: Step 1290: Train accuracy = 94.0%
INFO:tensorflow:2020-02-02 00:18:59.276968: Step 1290: Cross entropy = 0.308922
I0202 00:18:59.276989 140343390071680 retrain.py:1084] 2020-02-02 00:18:59.276968: Step 1290: Cross entropy = 0.308922
INFO:tensorflow:2020-02-02 00:18:59.356827: Step 1290: Validation accuracy = 43.0% (N=100)
I0202 00:18:59.356886 140343390071680 retrain.py:1100] 2020-02-02 00:18:59.356827: Step 1290: Validation accuracy = 43.0% (N=100)
INFO:tensorflow:2020-02-02 00:19:00.110607: Step 1300: Train accuracy = 98.0%
I0202 00:19:00.110673 140343390071680 retrain.py:1082] 2020-02-02 00:19:00.110607: Step 1300: Train accuracy = 98.0%
INFO:tensorflow:2020-02-02 00:19:00.110852: Step 1300: Cross entropy = 0.305538
I0202 00:19:00.110871 140343390071680 retrain.py:1084] 2020-02-02 00:19:00.110852: Step 1300: Cross entropy = 0.305538
INFO:tensorflow:2020-02-02 00:19:00.187149: Step 1300: Validation accuracy = 56.0% (N=100)
I0202 00:19:00.187207 140343390071680 retrain.py:1100] 2020-02-02 00:19:00.187149: Step 1300: Validation accuracy = 56.0% (N=100)
INFO:tensorflow:2020-02-02 00:19:00.933460: Step 1310: Train accuracy = 90.0%
I0202 00:19:00.933527 140343390071680 retrain.py:1082] 2020-02-02 00:19:00.933460: Step 1310: Train accuracy = 90.0%
INFO:tensorflow:2020-02-02 00:19:00.933706: Step 1310: Cross entropy = 0.369307
I0202 00:19:00.933726 140343390071680 retrain.py:1084] 2020-02-02 00:19:00.933706: Step 1310: Cross entropy = 0.369307
INFO:tensorflow:2020-02-02 00:19:01.016869: Step 1310: Validation accuracy = 51.0% (N=100)
I0202 00:19:01.016927 140343390071680 retrain.py:1100] 2020-02-02 00:19:01.016869: Step 1310: Validation accuracy = 51.0% (N=100)
INFO:tensorflow:2020-02-02 00:19:01.770392: Step 1320: Train accuracy = 92.0%
I0202 00:19:01.770457 140343390071680 retrain.py:1082] 2020-02-02 00:19:01.770392: Step 1320: Train accuracy = 92.0%
INFO:tensorflow:2020-02-02 00:19:01.770621: Step 1320: Cross entropy = 0.323181
I0202 00:19:01.770639 140343390071680 retrain.py:1084] 2020-02-02 00:19:01.770621: Step 1320: Cross entropy = 0.323181
INFO:tensorflow:2020-02-02 00:19:01.847969: Step 1320: Validation accuracy = 49.0% (N=100)
I0202 00:19:01.848023 140343390071680 retrain.py:1100] 2020-02-02 00:19:01.847969: Step 1320: Validation accuracy = 49.0% (N=100)
INFO:tensorflow:2020-02-02 00:19:02.590039: Step 1330: Train accuracy = 94.0%
I0202 00:19:02.590109 140343390071680 retrain.py:1082] 2020-02-02 00:19:02.590039: Step 1330: Train accuracy = 94.0%
INFO:tensorflow:2020-02-02 00:19:02.590262: Step 1330: Cross entropy = 0.315750
I0202 00:19:02.590288 140343390071680 retrain.py:1084] 2020-02-02 00:19:02.590262: Step 1330: Cross entropy = 0.315750
INFO:tensorflow:2020-02-02 00:19:02.664286: Step 1330: Validation accuracy = 53.0% (N=100)
I0202 00:19:02.664380 140343390071680 retrain.py:1100] 2020-02-02 00:19:02.664286: Step 1330: Validation accuracy = 53.0% (N=100)
INFO:tensorflow:2020-02-02 00:19:03.407317: Step 1340: Train accuracy = 91.0%
I0202 00:19:03.407372 140343390071680 retrain.py:1082] 2020-02-02 00:19:03.407317: Step 1340: Train accuracy = 91.0%
INFO:tensorflow:2020-02-02 00:19:03.407540: Step 1340: Cross entropy = 0.316739
I0202 00:19:03.407564 140343390071680 retrain.py:1084] 2020-02-02 00:19:03.407540: Step 1340: Cross entropy = 0.316739
INFO:tensorflow:2020-02-02 00:19:03.487366: Step 1340: Validation accuracy = 47.0% (N=100)
I0202 00:19:03.487436 140343390071680 retrain.py:1100] 2020-02-02 00:19:03.487366: Step 1340: Validation accuracy = 47.0% (N=100)
INFO:tensorflow:2020-02-02 00:19:04.234713: Step 1350: Train accuracy = 88.0%
I0202 00:19:04.234782 140343390071680 retrain.py:1082] 2020-02-02 00:19:04.234713: Step 1350: Train accuracy = 88.0%
INFO:tensorflow:2020-02-02 00:19:04.234943: Step 1350: Cross entropy = 0.327347
I0202 00:19:04.234958 140343390071680 retrain.py:1084] 2020-02-02 00:19:04.234943: Step 1350: Cross entropy = 0.327347
INFO:tensorflow:2020-02-02 00:19:04.314676: Step 1350: Validation accuracy = 53.0% (N=100)
I0202 00:19:04.314742 140343390071680 retrain.py:1100] 2020-02-02 00:19:04.314676: Step 1350: Validation accuracy = 53.0% (N=100)
INFO:tensorflow:2020-02-02 00:19:05.078290: Step 1360: Train accuracy = 94.0%
I0202 00:19:05.078365 140343390071680 retrain.py:1082] 2020-02-02 00:19:05.078290: Step 1360: Train accuracy = 94.0%
INFO:tensorflow:2020-02-02 00:19:05.078552: Step 1360: Cross entropy = 0.290194
I0202 00:19:05.078584 140343390071680 retrain.py:1084] 2020-02-02 00:19:05.078552: Step 1360: Cross entropy = 0.290194
INFO:tensorflow:2020-02-02 00:19:05.157519: Step 1360: Validation accuracy = 56.0% (N=100)
I0202 00:19:05.157576 140343390071680 retrain.py:1100] 2020-02-02 00:19:05.157519: Step 1360: Validation accuracy = 56.0% (N=100)
INFO:tensorflow:2020-02-02 00:19:05.902355: Step 1370: Train accuracy = 95.0%
I0202 00:19:05.902419 140343390071680 retrain.py:1082] 2020-02-02 00:19:05.902355: Step 1370: Train accuracy = 95.0%
INFO:tensorflow:2020-02-02 00:19:05.902578: Step 1370: Cross entropy = 0.308641
I0202 00:19:05.902611 140343390071680 retrain.py:1084] 2020-02-02 00:19:05.902578: Step 1370: Cross entropy = 0.308641
INFO:tensorflow:2020-02-02 00:19:05.985247: Step 1370: Validation accuracy = 47.0% (N=100)
I0202 00:19:05.985346 140343390071680 retrain.py:1100] 2020-02-02 00:19:05.985247: Step 1370: Validation accuracy = 47.0% (N=100)
INFO:tensorflow:2020-02-02 00:19:06.730197: Step 1380: Train accuracy = 92.0%
I0202 00:19:06.730252 140343390071680 retrain.py:1082] 2020-02-02 00:19:06.730197: Step 1380: Train accuracy = 92.0%
INFO:tensorflow:2020-02-02 00:19:06.730426: Step 1380: Cross entropy = 0.328235
I0202 00:19:06.730444 140343390071680 retrain.py:1084] 2020-02-02 00:19:06.730426: Step 1380: Cross entropy = 0.328235
INFO:tensorflow:2020-02-02 00:19:06.805874: Step 1380: Validation accuracy = 60.0% (N=100)
I0202 00:19:06.805951 140343390071680 retrain.py:1100] 2020-02-02 00:19:06.805874: Step 1380: Validation accuracy = 60.0% (N=100)
INFO:tensorflow:2020-02-02 00:19:07.562210: Step 1390: Train accuracy = 96.0%
I0202 00:19:07.562265 140343390071680 retrain.py:1082] 2020-02-02 00:19:07.562210: Step 1390: Train accuracy = 96.0%
INFO:tensorflow:2020-02-02 00:19:07.562428: Step 1390: Cross entropy = 0.306628
I0202 00:19:07.562445 140343390071680 retrain.py:1084] 2020-02-02 00:19:07.562428: Step 1390: Cross entropy = 0.306628
INFO:tensorflow:2020-02-02 00:19:07.638044: Step 1390: Validation accuracy = 59.0% (N=100)
I0202 00:19:07.638114 140343390071680 retrain.py:1100] 2020-02-02 00:19:07.638044: Step 1390: Validation accuracy = 59.0% (N=100)
INFO:tensorflow:2020-02-02 00:19:08.394958: Step 1400: Train accuracy = 93.0%
I0202 00:19:08.395041 140343390071680 retrain.py:1082] 2020-02-02 00:19:08.394958: Step 1400: Train accuracy = 93.0%
INFO:tensorflow:2020-02-02 00:19:08.395227: Step 1400: Cross entropy = 0.318721
I0202 00:19:08.395247 140343390071680 retrain.py:1084] 2020-02-02 00:19:08.395227: Step 1400: Cross entropy = 0.318721
INFO:tensorflow:2020-02-02 00:19:08.472547: Step 1400: Validation accuracy = 43.0% (N=100)
I0202 00:19:08.472604 140343390071680 retrain.py:1100] 2020-02-02 00:19:08.472547: Step 1400: Validation accuracy = 43.0% (N=100)
INFO:tensorflow:2020-02-02 00:19:09.224329: Step 1410: Train accuracy = 95.0%
I0202 00:19:09.224382 140343390071680 retrain.py:1082] 2020-02-02 00:19:09.224329: Step 1410: Train accuracy = 95.0%
INFO:tensorflow:2020-02-02 00:19:09.224547: Step 1410: Cross entropy = 0.295710
I0202 00:19:09.224564 140343390071680 retrain.py:1084] 2020-02-02 00:19:09.224547: Step 1410: Cross entropy = 0.295710
INFO:tensorflow:2020-02-02 00:19:09.304119: Step 1410: Validation accuracy = 58.0% (N=100)
I0202 00:19:09.304178 140343390071680 retrain.py:1100] 2020-02-02 00:19:09.304119: Step 1410: Validation accuracy = 58.0% (N=100)
INFO:tensorflow:2020-02-02 00:19:10.053769: Step 1420: Train accuracy = 97.0%
I0202 00:19:10.053855 140343390071680 retrain.py:1082] 2020-02-02 00:19:10.053769: Step 1420: Train accuracy = 97.0%
INFO:tensorflow:2020-02-02 00:19:10.054104: Step 1420: Cross entropy = 0.287651
I0202 00:19:10.054131 140343390071680 retrain.py:1084] 2020-02-02 00:19:10.054104: Step 1420: Cross entropy = 0.287651
INFO:tensorflow:2020-02-02 00:19:10.134571: Step 1420: Validation accuracy = 50.0% (N=100)
I0202 00:19:10.134635 140343390071680 retrain.py:1100] 2020-02-02 00:19:10.134571: Step 1420: Validation accuracy = 50.0% (N=100)
INFO:tensorflow:2020-02-02 00:19:10.879628: Step 1430: Train accuracy = 93.0%
I0202 00:19:10.879682 140343390071680 retrain.py:1082] 2020-02-02 00:19:10.879628: Step 1430: Train accuracy = 93.0%
INFO:tensorflow:2020-02-02 00:19:10.879871: Step 1430: Cross entropy = 0.319988
I0202 00:19:10.879889 140343390071680 retrain.py:1084] 2020-02-02 00:19:10.879871: Step 1430: Cross entropy = 0.319988
INFO:tensorflow:2020-02-02 00:19:10.957203: Step 1430: Validation accuracy = 55.0% (N=100)
I0202 00:19:10.957299 140343390071680 retrain.py:1100] 2020-02-02 00:19:10.957203: Step 1430: Validation accuracy = 55.0% (N=100)
INFO:tensorflow:2020-02-02 00:19:11.712118: Step 1440: Train accuracy = 100.0%
I0202 00:19:11.712177 140343390071680 retrain.py:1082] 2020-02-02 00:19:11.712118: Step 1440: Train accuracy = 100.0%
INFO:tensorflow:2020-02-02 00:19:11.712359: Step 1440: Cross entropy = 0.282324
I0202 00:19:11.712377 140343390071680 retrain.py:1084] 2020-02-02 00:19:11.712359: Step 1440: Cross entropy = 0.282324
INFO:tensorflow:2020-02-02 00:19:11.788210: Step 1440: Validation accuracy = 49.0% (N=100)
I0202 00:19:11.788279 140343390071680 retrain.py:1100] 2020-02-02 00:19:11.788210: Step 1440: Validation accuracy = 49.0% (N=100)
INFO:tensorflow:2020-02-02 00:19:12.530349: Step 1450: Train accuracy = 94.0%
I0202 00:19:12.530439 140343390071680 retrain.py:1082] 2020-02-02 00:19:12.530349: Step 1450: Train accuracy = 94.0%
INFO:tensorflow:2020-02-02 00:19:12.530596: Step 1450: Cross entropy = 0.282999
I0202 00:19:12.530615 140343390071680 retrain.py:1084] 2020-02-02 00:19:12.530596: Step 1450: Cross entropy = 0.282999
INFO:tensorflow:2020-02-02 00:19:12.604472: Step 1450: Validation accuracy = 53.0% (N=100)
I0202 00:19:12.604539 140343390071680 retrain.py:1100] 2020-02-02 00:19:12.604472: Step 1450: Validation accuracy = 53.0% (N=100)
INFO:tensorflow:2020-02-02 00:19:13.351150: Step 1460: Train accuracy = 93.0%
I0202 00:19:13.351216 140343390071680 retrain.py:1082] 2020-02-02 00:19:13.351150: Step 1460: Train accuracy = 93.0%
INFO:tensorflow:2020-02-02 00:19:13.351381: Step 1460: Cross entropy = 0.337068
I0202 00:19:13.351400 140343390071680 retrain.py:1084] 2020-02-02 00:19:13.351381: Step 1460: Cross entropy = 0.337068
INFO:tensorflow:2020-02-02 00:19:13.426282: Step 1460: Validation accuracy = 49.0% (N=100)
I0202 00:19:13.426348 140343390071680 retrain.py:1100] 2020-02-02 00:19:13.426282: Step 1460: Validation accuracy = 49.0% (N=100)
INFO:tensorflow:2020-02-02 00:19:14.172441: Step 1470: Train accuracy = 96.0%
I0202 00:19:14.172514 140343390071680 retrain.py:1082] 2020-02-02 00:19:14.172441: Step 1470: Train accuracy = 96.0%
INFO:tensorflow:2020-02-02 00:19:14.172712: Step 1470: Cross entropy = 0.277486
I0202 00:19:14.172737 140343390071680 retrain.py:1084] 2020-02-02 00:19:14.172712: Step 1470: Cross entropy = 0.277486
INFO:tensorflow:2020-02-02 00:19:14.246980: Step 1470: Validation accuracy = 56.0% (N=100)
I0202 00:19:14.247045 140343390071680 retrain.py:1100] 2020-02-02 00:19:14.246980: Step 1470: Validation accuracy = 56.0% (N=100)
INFO:tensorflow:2020-02-02 00:19:14.991260: Step 1480: Train accuracy = 95.0%
I0202 00:19:14.991317 140343390071680 retrain.py:1082] 2020-02-02 00:19:14.991260: Step 1480: Train accuracy = 95.0%
INFO:tensorflow:2020-02-02 00:19:14.991504: Step 1480: Cross entropy = 0.316311
I0202 00:19:14.991524 140343390071680 retrain.py:1084] 2020-02-02 00:19:14.991504: Step 1480: Cross entropy = 0.316311
INFO:tensorflow:2020-02-02 00:19:15.072271: Step 1480: Validation accuracy = 47.0% (N=100)
I0202 00:19:15.072326 140343390071680 retrain.py:1100] 2020-02-02 00:19:15.072271: Step 1480: Validation accuracy = 47.0% (N=100)
INFO:tensorflow:2020-02-02 00:19:15.833133: Step 1490: Train accuracy = 98.0%
I0202 00:19:15.833198 140343390071680 retrain.py:1082] 2020-02-02 00:19:15.833133: Step 1490: Train accuracy = 98.0%
INFO:tensorflow:2020-02-02 00:19:15.833381: Step 1490: Cross entropy = 0.304987
I0202 00:19:15.833396 140343390071680 retrain.py:1084] 2020-02-02 00:19:15.833381: Step 1490: Cross entropy = 0.304987
INFO:tensorflow:2020-02-02 00:19:15.912986: Step 1490: Validation accuracy = 53.0% (N=100)
I0202 00:19:15.913052 140343390071680 retrain.py:1100] 2020-02-02 00:19:15.912986: Step 1490: Validation accuracy = 53.0% (N=100)
INFO:tensorflow:2020-02-02 00:19:16.662606: Step 1500: Train accuracy = 96.0%
I0202 00:19:16.662675 140343390071680 retrain.py:1082] 2020-02-02 00:19:16.662606: Step 1500: Train accuracy = 96.0%
INFO:tensorflow:2020-02-02 00:19:16.662835: Step 1500: Cross entropy = 0.292149
I0202 00:19:16.662854 140343390071680 retrain.py:1084] 2020-02-02 00:19:16.662835: Step 1500: Cross entropy = 0.292149
INFO:tensorflow:2020-02-02 00:19:16.739045: Step 1500: Validation accuracy = 51.0% (N=100)
I0202 00:19:16.739100 140343390071680 retrain.py:1100] 2020-02-02 00:19:16.739045: Step 1500: Validation accuracy = 51.0% (N=100)
INFO:tensorflow:2020-02-02 00:19:17.493878: Step 1510: Train accuracy = 94.0%
I0202 00:19:17.493957 140343390071680 retrain.py:1082] 2020-02-02 00:19:17.493878: Step 1510: Train accuracy = 94.0%
INFO:tensorflow:2020-02-02 00:19:17.494140: Step 1510: Cross entropy = 0.303489
I0202 00:19:17.494160 140343390071680 retrain.py:1084] 2020-02-02 00:19:17.494140: Step 1510: Cross entropy = 0.303489
INFO:tensorflow:2020-02-02 00:19:17.571150: Step 1510: Validation accuracy = 50.0% (N=100)
I0202 00:19:17.571229 140343390071680 retrain.py:1100] 2020-02-02 00:19:17.571150: Step 1510: Validation accuracy = 50.0% (N=100)
INFO:tensorflow:2020-02-02 00:19:18.317955: Step 1520: Train accuracy = 97.0%
I0202 00:19:18.318011 140343390071680 retrain.py:1082] 2020-02-02 00:19:18.317955: Step 1520: Train accuracy = 97.0%
INFO:tensorflow:2020-02-02 00:19:18.318185: Step 1520: Cross entropy = 0.291188
I0202 00:19:18.318200 140343390071680 retrain.py:1084] 2020-02-02 00:19:18.318185: Step 1520: Cross entropy = 0.291188
INFO:tensorflow:2020-02-02 00:19:18.393963: Step 1520: Validation accuracy = 60.0% (N=100)
I0202 00:19:18.394051 140343390071680 retrain.py:1100] 2020-02-02 00:19:18.393963: Step 1520: Validation accuracy = 60.0% (N=100)
INFO:tensorflow:2020-02-02 00:19:19.146531: Step 1530: Train accuracy = 96.0%
I0202 00:19:19.146611 140343390071680 retrain.py:1082] 2020-02-02 00:19:19.146531: Step 1530: Train accuracy = 96.0%
INFO:tensorflow:2020-02-02 00:19:19.146787: Step 1530: Cross entropy = 0.328754
I0202 00:19:19.146815 140343390071680 retrain.py:1084] 2020-02-02 00:19:19.146787: Step 1530: Cross entropy = 0.328754
INFO:tensorflow:2020-02-02 00:19:19.222620: Step 1530: Validation accuracy = 55.0% (N=100)
I0202 00:19:19.222686 140343390071680 retrain.py:1100] 2020-02-02 00:19:19.222620: Step 1530: Validation accuracy = 55.0% (N=100)
INFO:tensorflow:2020-02-02 00:19:19.968410: Step 1540: Train accuracy = 95.0%
I0202 00:19:19.968466 140343390071680 retrain.py:1082] 2020-02-02 00:19:19.968410: Step 1540: Train accuracy = 95.0%
INFO:tensorflow:2020-02-02 00:19:19.968659: Step 1540: Cross entropy = 0.319015
I0202 00:19:19.968674 140343390071680 retrain.py:1084] 2020-02-02 00:19:19.968659: Step 1540: Cross entropy = 0.319015
INFO:tensorflow:2020-02-02 00:19:20.046380: Step 1540: Validation accuracy = 44.0% (N=100)
I0202 00:19:20.046469 140343390071680 retrain.py:1100] 2020-02-02 00:19:20.046380: Step 1540: Validation accuracy = 44.0% (N=100)
INFO:tensorflow:2020-02-02 00:19:20.801090: Step 1550: Train accuracy = 91.0%
I0202 00:19:20.801165 140343390071680 retrain.py:1082] 2020-02-02 00:19:20.801090: Step 1550: Train accuracy = 91.0%
INFO:tensorflow:2020-02-02 00:19:20.801330: Step 1550: Cross entropy = 0.321993
I0202 00:19:20.801349 140343390071680 retrain.py:1084] 2020-02-02 00:19:20.801330: Step 1550: Cross entropy = 0.321993
INFO:tensorflow:2020-02-02 00:19:20.875612: Step 1550: Validation accuracy = 52.0% (N=100)
I0202 00:19:20.875667 140343390071680 retrain.py:1100] 2020-02-02 00:19:20.875612: Step 1550: Validation accuracy = 52.0% (N=100)
INFO:tensorflow:2020-02-02 00:19:21.622047: Step 1560: Train accuracy = 96.0%
I0202 00:19:21.622125 140343390071680 retrain.py:1082] 2020-02-02 00:19:21.622047: Step 1560: Train accuracy = 96.0%
INFO:tensorflow:2020-02-02 00:19:21.622274: Step 1560: Cross entropy = 0.290129
I0202 00:19:21.622311 140343390071680 retrain.py:1084] 2020-02-02 00:19:21.622274: Step 1560: Cross entropy = 0.290129
INFO:tensorflow:2020-02-02 00:19:21.698519: Step 1560: Validation accuracy = 55.0% (N=100)
I0202 00:19:21.698573 140343390071680 retrain.py:1100] 2020-02-02 00:19:21.698519: Step 1560: Validation accuracy = 55.0% (N=100)
INFO:tensorflow:2020-02-02 00:19:22.446760: Step 1570: Train accuracy = 93.0%
I0202 00:19:22.446830 140343390071680 retrain.py:1082] 2020-02-02 00:19:22.446760: Step 1570: Train accuracy = 93.0%
INFO:tensorflow:2020-02-02 00:19:22.447011: Step 1570: Cross entropy = 0.302113
I0202 00:19:22.447027 140343390071680 retrain.py:1084] 2020-02-02 00:19:22.447011: Step 1570: Cross entropy = 0.302113
INFO:tensorflow:2020-02-02 00:19:22.532022: Step 1570: Validation accuracy = 47.0% (N=100)
I0202 00:19:22.532106 140343390071680 retrain.py:1100] 2020-02-02 00:19:22.532022: Step 1570: Validation accuracy = 47.0% (N=100)
INFO:tensorflow:2020-02-02 00:19:23.274405: Step 1580: Train accuracy = 98.0%
I0202 00:19:23.274482 140343390071680 retrain.py:1082] 2020-02-02 00:19:23.274405: Step 1580: Train accuracy = 98.0%
INFO:tensorflow:2020-02-02 00:19:23.274656: Step 1580: Cross entropy = 0.270723
I0202 00:19:23.274687 140343390071680 retrain.py:1084] 2020-02-02 00:19:23.274656: Step 1580: Cross entropy = 0.270723
INFO:tensorflow:2020-02-02 00:19:23.349105: Step 1580: Validation accuracy = 45.0% (N=100)
I0202 00:19:23.349170 140343390071680 retrain.py:1100] 2020-02-02 00:19:23.349105: Step 1580: Validation accuracy = 45.0% (N=100)
INFO:tensorflow:2020-02-02 00:19:24.093991: Step 1590: Train accuracy = 96.0%
I0202 00:19:24.094048 140343390071680 retrain.py:1082] 2020-02-02 00:19:24.093991: Step 1590: Train accuracy = 96.0%
INFO:tensorflow:2020-02-02 00:19:24.094254: Step 1590: Cross entropy = 0.298496
I0202 00:19:24.094271 140343390071680 retrain.py:1084] 2020-02-02 00:19:24.094254: Step 1590: Cross entropy = 0.298496
INFO:tensorflow:2020-02-02 00:19:24.173889: Step 1590: Validation accuracy = 39.0% (N=100)
I0202 00:19:24.173961 140343390071680 retrain.py:1100] 2020-02-02 00:19:24.173889: Step 1590: Validation accuracy = 39.0% (N=100)
INFO:tensorflow:2020-02-02 00:19:24.925228: Step 1600: Train accuracy = 94.0%
I0202 00:19:24.925294 140343390071680 retrain.py:1082] 2020-02-02 00:19:24.925228: Step 1600: Train accuracy = 94.0%
INFO:tensorflow:2020-02-02 00:19:24.925475: Step 1600: Cross entropy = 0.282616
I0202 00:19:24.925523 140343390071680 retrain.py:1084] 2020-02-02 00:19:24.925475: Step 1600: Cross entropy = 0.282616
INFO:tensorflow:2020-02-02 00:19:25.005210: Step 1600: Validation accuracy = 53.0% (N=100)
I0202 00:19:25.005276 140343390071680 retrain.py:1100] 2020-02-02 00:19:25.005210: Step 1600: Validation accuracy = 53.0% (N=100)
INFO:tensorflow:2020-02-02 00:19:25.758505: Step 1610: Train accuracy = 94.0%
I0202 00:19:25.758560 140343390071680 retrain.py:1082] 2020-02-02 00:19:25.758505: Step 1610: Train accuracy = 94.0%
INFO:tensorflow:2020-02-02 00:19:25.758754: Step 1610: Cross entropy = 0.308474
I0202 00:19:25.758778 140343390071680 retrain.py:1084] 2020-02-02 00:19:25.758754: Step 1610: Cross entropy = 0.308474
INFO:tensorflow:2020-02-02 00:19:25.839091: Step 1610: Validation accuracy = 42.0% (N=100)
I0202 00:19:25.839160 140343390071680 retrain.py:1100] 2020-02-02 00:19:25.839091: Step 1610: Validation accuracy = 42.0% (N=100)
INFO:tensorflow:2020-02-02 00:19:26.591429: Step 1620: Train accuracy = 98.0%
I0202 00:19:26.591485 140343390071680 retrain.py:1082] 2020-02-02 00:19:26.591429: Step 1620: Train accuracy = 98.0%
INFO:tensorflow:2020-02-02 00:19:26.591640: Step 1620: Cross entropy = 0.298172
I0202 00:19:26.591671 140343390071680 retrain.py:1084] 2020-02-02 00:19:26.591640: Step 1620: Cross entropy = 0.298172
INFO:tensorflow:2020-02-02 00:19:26.666122: Step 1620: Validation accuracy = 43.0% (N=100)
I0202 00:19:26.666206 140343390071680 retrain.py:1100] 2020-02-02 00:19:26.666122: Step 1620: Validation accuracy = 43.0% (N=100)
INFO:tensorflow:2020-02-02 00:19:27.418940: Step 1630: Train accuracy = 98.0%
I0202 00:19:27.418996 140343390071680 retrain.py:1082] 2020-02-02 00:19:27.418940: Step 1630: Train accuracy = 98.0%
INFO:tensorflow:2020-02-02 00:19:27.419169: Step 1630: Cross entropy = 0.291534
I0202 00:19:27.419188 140343390071680 retrain.py:1084] 2020-02-02 00:19:27.419169: Step 1630: Cross entropy = 0.291534
INFO:tensorflow:2020-02-02 00:19:27.497231: Step 1630: Validation accuracy = 51.0% (N=100)
I0202 00:19:27.497290 140343390071680 retrain.py:1100] 2020-02-02 00:19:27.497231: Step 1630: Validation accuracy = 51.0% (N=100)
INFO:tensorflow:2020-02-02 00:19:28.244906: Step 1640: Train accuracy = 96.0%
I0202 00:19:28.244971 140343390071680 retrain.py:1082] 2020-02-02 00:19:28.244906: Step 1640: Train accuracy = 96.0%
INFO:tensorflow:2020-02-02 00:19:28.245142: Step 1640: Cross entropy = 0.287267
I0202 00:19:28.245160 140343390071680 retrain.py:1084] 2020-02-02 00:19:28.245142: Step 1640: Cross entropy = 0.287267
INFO:tensorflow:2020-02-02 00:19:28.320506: Step 1640: Validation accuracy = 53.0% (N=100)
I0202 00:19:28.320575 140343390071680 retrain.py:1100] 2020-02-02 00:19:28.320506: Step 1640: Validation accuracy = 53.0% (N=100)
INFO:tensorflow:2020-02-02 00:19:29.062230: Step 1650: Train accuracy = 93.0%
I0202 00:19:29.062319 140343390071680 retrain.py:1082] 2020-02-02 00:19:29.062230: Step 1650: Train accuracy = 93.0%
INFO:tensorflow:2020-02-02 00:19:29.062464: Step 1650: Cross entropy = 0.326060
I0202 00:19:29.062481 140343390071680 retrain.py:1084] 2020-02-02 00:19:29.062464: Step 1650: Cross entropy = 0.326060
INFO:tensorflow:2020-02-02 00:19:29.143543: Step 1650: Validation accuracy = 56.0% (N=100)
I0202 00:19:29.143598 140343390071680 retrain.py:1100] 2020-02-02 00:19:29.143543: Step 1650: Validation accuracy = 56.0% (N=100)
INFO:tensorflow:2020-02-02 00:19:29.889074: Step 1660: Train accuracy = 95.0%
I0202 00:19:29.889139 140343390071680 retrain.py:1082] 2020-02-02 00:19:29.889074: Step 1660: Train accuracy = 95.0%
INFO:tensorflow:2020-02-02 00:19:29.889315: Step 1660: Cross entropy = 0.297534
I0202 00:19:29.889349 140343390071680 retrain.py:1084] 2020-02-02 00:19:29.889315: Step 1660: Cross entropy = 0.297534
INFO:tensorflow:2020-02-02 00:19:29.965703: Step 1660: Validation accuracy = 50.0% (N=100)
I0202 00:19:29.965793 140343390071680 retrain.py:1100] 2020-02-02 00:19:29.965703: Step 1660: Validation accuracy = 50.0% (N=100)
INFO:tensorflow:2020-02-02 00:19:30.719851: Step 1670: Train accuracy = 95.0%
I0202 00:19:30.719938 140343390071680 retrain.py:1082] 2020-02-02 00:19:30.719851: Step 1670: Train accuracy = 95.0%
INFO:tensorflow:2020-02-02 00:19:30.720093: Step 1670: Cross entropy = 0.307831
I0202 00:19:30.720112 140343390071680 retrain.py:1084] 2020-02-02 00:19:30.720093: Step 1670: Cross entropy = 0.307831
INFO:tensorflow:2020-02-02 00:19:30.794061: Step 1670: Validation accuracy = 54.0% (N=100)
I0202 00:19:30.794126 140343390071680 retrain.py:1100] 2020-02-02 00:19:30.794061: Step 1670: Validation accuracy = 54.0% (N=100)
INFO:tensorflow:2020-02-02 00:19:31.556045: Step 1680: Train accuracy = 97.0%
I0202 00:19:31.556107 140343390071680 retrain.py:1082] 2020-02-02 00:19:31.556045: Step 1680: Train accuracy = 97.0%
INFO:tensorflow:2020-02-02 00:19:31.556265: Step 1680: Cross entropy = 0.289776
I0202 00:19:31.556284 140343390071680 retrain.py:1084] 2020-02-02 00:19:31.556265: Step 1680: Cross entropy = 0.289776
INFO:tensorflow:2020-02-02 00:19:31.636352: Step 1680: Validation accuracy = 60.0% (N=100)
I0202 00:19:31.636407 140343390071680 retrain.py:1100] 2020-02-02 00:19:31.636352: Step 1680: Validation accuracy = 60.0% (N=100)
INFO:tensorflow:2020-02-02 00:19:32.384867: Step 1690: Train accuracy = 98.0%
I0202 00:19:32.384923 140343390071680 retrain.py:1082] 2020-02-02 00:19:32.384867: Step 1690: Train accuracy = 98.0%
INFO:tensorflow:2020-02-02 00:19:32.385093: Step 1690: Cross entropy = 0.274372
I0202 00:19:32.385127 140343390071680 retrain.py:1084] 2020-02-02 00:19:32.385093: Step 1690: Cross entropy = 0.274372
INFO:tensorflow:2020-02-02 00:19:32.462329: Step 1690: Validation accuracy = 55.0% (N=100)
I0202 00:19:32.462404 140343390071680 retrain.py:1100] 2020-02-02 00:19:32.462329: Step 1690: Validation accuracy = 55.0% (N=100)
INFO:tensorflow:2020-02-02 00:19:33.201256: Step 1700: Train accuracy = 94.0%
I0202 00:19:33.201310 140343390071680 retrain.py:1082] 2020-02-02 00:19:33.201256: Step 1700: Train accuracy = 94.0%
INFO:tensorflow:2020-02-02 00:19:33.201484: Step 1700: Cross entropy = 0.302574
I0202 00:19:33.201503 140343390071680 retrain.py:1084] 2020-02-02 00:19:33.201484: Step 1700: Cross entropy = 0.302574
INFO:tensorflow:2020-02-02 00:19:33.280181: Step 1700: Validation accuracy = 59.0% (N=100)
I0202 00:19:33.280251 140343390071680 retrain.py:1100] 2020-02-02 00:19:33.280181: Step 1700: Validation accuracy = 59.0% (N=100)
INFO:tensorflow:2020-02-02 00:19:34.025197: Step 1710: Train accuracy = 99.0%
I0202 00:19:34.025266 140343390071680 retrain.py:1082] 2020-02-02 00:19:34.025197: Step 1710: Train accuracy = 99.0%
INFO:tensorflow:2020-02-02 00:19:34.025420: Step 1710: Cross entropy = 0.257063
I0202 00:19:34.025463 140343390071680 retrain.py:1084] 2020-02-02 00:19:34.025420: Step 1710: Cross entropy = 0.257063
INFO:tensorflow:2020-02-02 00:19:34.102359: Step 1710: Validation accuracy = 54.0% (N=100)
I0202 00:19:34.102427 140343390071680 retrain.py:1100] 2020-02-02 00:19:34.102359: Step 1710: Validation accuracy = 54.0% (N=100)
INFO:tensorflow:2020-02-02 00:19:34.848738: Step 1720: Train accuracy = 98.0%
I0202 00:19:34.848794 140343390071680 retrain.py:1082] 2020-02-02 00:19:34.848738: Step 1720: Train accuracy = 98.0%
INFO:tensorflow:2020-02-02 00:19:34.848983: Step 1720: Cross entropy = 0.264466
I0202 00:19:34.849003 140343390071680 retrain.py:1084] 2020-02-02 00:19:34.848983: Step 1720: Cross entropy = 0.264466
INFO:tensorflow:2020-02-02 00:19:34.925220: Step 1720: Validation accuracy = 44.0% (N=100)
I0202 00:19:34.925275 140343390071680 retrain.py:1100] 2020-02-02 00:19:34.925220: Step 1720: Validation accuracy = 44.0% (N=100)
INFO:tensorflow:2020-02-02 00:19:35.718430: Step 1730: Train accuracy = 97.0%
I0202 00:19:35.718494 140343390071680 retrain.py:1082] 2020-02-02 00:19:35.718430: Step 1730: Train accuracy = 97.0%
INFO:tensorflow:2020-02-02 00:19:35.718675: Step 1730: Cross entropy = 0.278896
I0202 00:19:35.718691 140343390071680 retrain.py:1084] 2020-02-02 00:19:35.718675: Step 1730: Cross entropy = 0.278896
INFO:tensorflow:2020-02-02 00:19:35.796304: Step 1730: Validation accuracy = 52.0% (N=100)
I0202 00:19:35.796359 140343390071680 retrain.py:1100] 2020-02-02 00:19:35.796304: Step 1730: Validation accuracy = 52.0% (N=100)
INFO:tensorflow:2020-02-02 00:19:36.550811: Step 1740: Train accuracy = 97.0%
I0202 00:19:36.550866 140343390071680 retrain.py:1082] 2020-02-02 00:19:36.550811: Step 1740: Train accuracy = 97.0%
INFO:tensorflow:2020-02-02 00:19:36.551052: Step 1740: Cross entropy = 0.263639
I0202 00:19:36.551070 140343390071680 retrain.py:1084] 2020-02-02 00:19:36.551052: Step 1740: Cross entropy = 0.263639
INFO:tensorflow:2020-02-02 00:19:36.625115: Step 1740: Validation accuracy = 51.0% (N=100)
I0202 00:19:36.625171 140343390071680 retrain.py:1100] 2020-02-02 00:19:36.625115: Step 1740: Validation accuracy = 51.0% (N=100)
INFO:tensorflow:2020-02-02 00:19:37.387041: Step 1750: Train accuracy = 98.0%
I0202 00:19:37.387097 140343390071680 retrain.py:1082] 2020-02-02 00:19:37.387041: Step 1750: Train accuracy = 98.0%
INFO:tensorflow:2020-02-02 00:19:37.387287: Step 1750: Cross entropy = 0.272045
I0202 00:19:37.387303 140343390071680 retrain.py:1084] 2020-02-02 00:19:37.387287: Step 1750: Cross entropy = 0.272045
INFO:tensorflow:2020-02-02 00:19:37.466207: Step 1750: Validation accuracy = 54.0% (N=100)
I0202 00:19:37.466277 140343390071680 retrain.py:1100] 2020-02-02 00:19:37.466207: Step 1750: Validation accuracy = 54.0% (N=100)
INFO:tensorflow:2020-02-02 00:19:38.211054: Step 1760: Train accuracy = 96.0%
I0202 00:19:38.211123 140343390071680 retrain.py:1082] 2020-02-02 00:19:38.211054: Step 1760: Train accuracy = 96.0%
INFO:tensorflow:2020-02-02 00:19:38.211301: Step 1760: Cross entropy = 0.289432
I0202 00:19:38.211320 140343390071680 retrain.py:1084] 2020-02-02 00:19:38.211301: Step 1760: Cross entropy = 0.289432
INFO:tensorflow:2020-02-02 00:19:38.286027: Step 1760: Validation accuracy = 51.0% (N=100)
I0202 00:19:38.286086 140343390071680 retrain.py:1100] 2020-02-02 00:19:38.286027: Step 1760: Validation accuracy = 51.0% (N=100)
INFO:tensorflow:2020-02-02 00:19:39.048211: Step 1770: Train accuracy = 98.0%
I0202 00:19:39.048266 140343390071680 retrain.py:1082] 2020-02-02 00:19:39.048211: Step 1770: Train accuracy = 98.0%
INFO:tensorflow:2020-02-02 00:19:39.048431: Step 1770: Cross entropy = 0.275228
I0202 00:19:39.048448 140343390071680 retrain.py:1084] 2020-02-02 00:19:39.048431: Step 1770: Cross entropy = 0.275228
INFO:tensorflow:2020-02-02 00:19:39.129590: Step 1770: Validation accuracy = 40.0% (N=100)
I0202 00:19:39.129647 140343390071680 retrain.py:1100] 2020-02-02 00:19:39.129590: Step 1770: Validation accuracy = 40.0% (N=100)
INFO:tensorflow:2020-02-02 00:19:39.877652: Step 1780: Train accuracy = 95.0%
I0202 00:19:39.877728 140343390071680 retrain.py:1082] 2020-02-02 00:19:39.877652: Step 1780: Train accuracy = 95.0%
INFO:tensorflow:2020-02-02 00:19:39.877908: Step 1780: Cross entropy = 0.279677
I0202 00:19:39.877947 140343390071680 retrain.py:1084] 2020-02-02 00:19:39.877908: Step 1780: Cross entropy = 0.279677
INFO:tensorflow:2020-02-02 00:19:39.960765: Step 1780: Validation accuracy = 44.0% (N=100)
I0202 00:19:39.960842 140343390071680 retrain.py:1100] 2020-02-02 00:19:39.960765: Step 1780: Validation accuracy = 44.0% (N=100)
INFO:tensorflow:2020-02-02 00:19:40.709232: Step 1790: Train accuracy = 96.0%
I0202 00:19:40.709322 140343390071680 retrain.py:1082] 2020-02-02 00:19:40.709232: Step 1790: Train accuracy = 96.0%
INFO:tensorflow:2020-02-02 00:19:40.709459: Step 1790: Cross entropy = 0.261568
I0202 00:19:40.709479 140343390071680 retrain.py:1084] 2020-02-02 00:19:40.709459: Step 1790: Cross entropy = 0.261568
INFO:tensorflow:2020-02-02 00:19:40.787532: Step 1790: Validation accuracy = 53.0% (N=100)
I0202 00:19:40.787588 140343390071680 retrain.py:1100] 2020-02-02 00:19:40.787532: Step 1790: Validation accuracy = 53.0% (N=100)
INFO:tensorflow:2020-02-02 00:19:41.548319: Step 1800: Train accuracy = 98.0%
I0202 00:19:41.548407 140343390071680 retrain.py:1082] 2020-02-02 00:19:41.548319: Step 1800: Train accuracy = 98.0%
INFO:tensorflow:2020-02-02 00:19:41.548572: Step 1800: Cross entropy = 0.273967
I0202 00:19:41.548595 140343390071680 retrain.py:1084] 2020-02-02 00:19:41.548572: Step 1800: Cross entropy = 0.273967
INFO:tensorflow:2020-02-02 00:19:41.624507: Step 1800: Validation accuracy = 44.0% (N=100)
I0202 00:19:41.624562 140343390071680 retrain.py:1100] 2020-02-02 00:19:41.624507: Step 1800: Validation accuracy = 44.0% (N=100)
INFO:tensorflow:2020-02-02 00:19:42.370998: Step 1810: Train accuracy = 96.0%
I0202 00:19:42.371054 140343390071680 retrain.py:1082] 2020-02-02 00:19:42.370998: Step 1810: Train accuracy = 96.0%
INFO:tensorflow:2020-02-02 00:19:42.371212: Step 1810: Cross entropy = 0.326812
I0202 00:19:42.371230 140343390071680 retrain.py:1084] 2020-02-02 00:19:42.371212: Step 1810: Cross entropy = 0.326812
INFO:tensorflow:2020-02-02 00:19:42.450091: Step 1810: Validation accuracy = 51.0% (N=100)
I0202 00:19:42.450161 140343390071680 retrain.py:1100] 2020-02-02 00:19:42.450091: Step 1810: Validation accuracy = 51.0% (N=100)
INFO:tensorflow:2020-02-02 00:19:43.208913: Step 1820: Train accuracy = 97.0%
I0202 00:19:43.208988 140343390071680 retrain.py:1082] 2020-02-02 00:19:43.208913: Step 1820: Train accuracy = 97.0%
INFO:tensorflow:2020-02-02 00:19:43.209145: Step 1820: Cross entropy = 0.276117
I0202 00:19:43.209186 140343390071680 retrain.py:1084] 2020-02-02 00:19:43.209145: Step 1820: Cross entropy = 0.276117
INFO:tensorflow:2020-02-02 00:19:43.289774: Step 1820: Validation accuracy = 47.0% (N=100)
I0202 00:19:43.289855 140343390071680 retrain.py:1100] 2020-02-02 00:19:43.289774: Step 1820: Validation accuracy = 47.0% (N=100)
INFO:tensorflow:2020-02-02 00:19:44.041718: Step 1830: Train accuracy = 100.0%
I0202 00:19:44.041798 140343390071680 retrain.py:1082] 2020-02-02 00:19:44.041718: Step 1830: Train accuracy = 100.0%
INFO:tensorflow:2020-02-02 00:19:44.041981: Step 1830: Cross entropy = 0.242225
I0202 00:19:44.041996 140343390071680 retrain.py:1084] 2020-02-02 00:19:44.041981: Step 1830: Cross entropy = 0.242225
INFO:tensorflow:2020-02-02 00:19:44.126007: Step 1830: Validation accuracy = 55.0% (N=100)
I0202 00:19:44.126066 140343390071680 retrain.py:1100] 2020-02-02 00:19:44.126007: Step 1830: Validation accuracy = 55.0% (N=100)
INFO:tensorflow:2020-02-02 00:19:44.875815: Step 1840: Train accuracy = 100.0%
I0202 00:19:44.875910 140343390071680 retrain.py:1082] 2020-02-02 00:19:44.875815: Step 1840: Train accuracy = 100.0%
INFO:tensorflow:2020-02-02 00:19:44.876197: Step 1840: Cross entropy = 0.236431
I0202 00:19:44.876221 140343390071680 retrain.py:1084] 2020-02-02 00:19:44.876197: Step 1840: Cross entropy = 0.236431
INFO:tensorflow:2020-02-02 00:19:44.957730: Step 1840: Validation accuracy = 49.0% (N=100)
I0202 00:19:44.957807 140343390071680 retrain.py:1100] 2020-02-02 00:19:44.957730: Step 1840: Validation accuracy = 49.0% (N=100)
INFO:tensorflow:2020-02-02 00:19:45.706835: Step 1850: Train accuracy = 93.0%
I0202 00:19:45.706900 140343390071680 retrain.py:1082] 2020-02-02 00:19:45.706835: Step 1850: Train accuracy = 93.0%
INFO:tensorflow:2020-02-02 00:19:45.707067: Step 1850: Cross entropy = 0.289574
I0202 00:19:45.707087 140343390071680 retrain.py:1084] 2020-02-02 00:19:45.707067: Step 1850: Cross entropy = 0.289574
INFO:tensorflow:2020-02-02 00:19:45.783737: Step 1850: Validation accuracy = 60.0% (N=100)
I0202 00:19:45.783792 140343390071680 retrain.py:1100] 2020-02-02 00:19:45.783737: Step 1850: Validation accuracy = 60.0% (N=100)
INFO:tensorflow:2020-02-02 00:19:46.558824: Step 1860: Train accuracy = 98.0%
I0202 00:19:46.558879 140343390071680 retrain.py:1082] 2020-02-02 00:19:46.558824: Step 1860: Train accuracy = 98.0%
INFO:tensorflow:2020-02-02 00:19:46.559062: Step 1860: Cross entropy = 0.249705
I0202 00:19:46.559080 140343390071680 retrain.py:1084] 2020-02-02 00:19:46.559062: Step 1860: Cross entropy = 0.249705
INFO:tensorflow:2020-02-02 00:19:46.636272: Step 1860: Validation accuracy = 43.0% (N=100)
I0202 00:19:46.636328 140343390071680 retrain.py:1100] 2020-02-02 00:19:46.636272: Step 1860: Validation accuracy = 43.0% (N=100)
INFO:tensorflow:2020-02-02 00:19:47.382702: Step 1870: Train accuracy = 98.0%
I0202 00:19:47.382772 140343390071680 retrain.py:1082] 2020-02-02 00:19:47.382702: Step 1870: Train accuracy = 98.0%
INFO:tensorflow:2020-02-02 00:19:47.382944: Step 1870: Cross entropy = 0.237911
I0202 00:19:47.382961 140343390071680 retrain.py:1084] 2020-02-02 00:19:47.382944: Step 1870: Cross entropy = 0.237911
INFO:tensorflow:2020-02-02 00:19:47.461883: Step 1870: Validation accuracy = 51.0% (N=100)
I0202 00:19:47.461977 140343390071680 retrain.py:1100] 2020-02-02 00:19:47.461883: Step 1870: Validation accuracy = 51.0% (N=100)
INFO:tensorflow:2020-02-02 00:19:48.216992: Step 1880: Train accuracy = 100.0%
I0202 00:19:48.217048 140343390071680 retrain.py:1082] 2020-02-02 00:19:48.216992: Step 1880: Train accuracy = 100.0%
INFO:tensorflow:2020-02-02 00:19:48.217235: Step 1880: Cross entropy = 0.245985
I0202 00:19:48.217254 140343390071680 retrain.py:1084] 2020-02-02 00:19:48.217235: Step 1880: Cross entropy = 0.245985
INFO:tensorflow:2020-02-02 00:19:48.301572: Step 1880: Validation accuracy = 54.0% (N=100)
I0202 00:19:48.301629 140343390071680 retrain.py:1100] 2020-02-02 00:19:48.301572: Step 1880: Validation accuracy = 54.0% (N=100)
INFO:tensorflow:2020-02-02 00:19:49.045938: Step 1890: Train accuracy = 95.0%
I0202 00:19:49.046010 140343390071680 retrain.py:1082] 2020-02-02 00:19:49.045938: Step 1890: Train accuracy = 95.0%
INFO:tensorflow:2020-02-02 00:19:49.046163: Step 1890: Cross entropy = 0.253907
I0202 00:19:49.046176 140343390071680 retrain.py:1084] 2020-02-02 00:19:49.046163: Step 1890: Cross entropy = 0.253907
INFO:tensorflow:2020-02-02 00:19:49.124257: Step 1890: Validation accuracy = 50.0% (N=100)
I0202 00:19:49.124312 140343390071680 retrain.py:1100] 2020-02-02 00:19:49.124257: Step 1890: Validation accuracy = 50.0% (N=100)
INFO:tensorflow:2020-02-02 00:19:49.879076: Step 1900: Train accuracy = 96.0%
I0202 00:19:49.879133 140343390071680 retrain.py:1082] 2020-02-02 00:19:49.879076: Step 1900: Train accuracy = 96.0%
INFO:tensorflow:2020-02-02 00:19:49.879294: Step 1900: Cross entropy = 0.272385
I0202 00:19:49.879308 140343390071680 retrain.py:1084] 2020-02-02 00:19:49.879294: Step 1900: Cross entropy = 0.272385
INFO:tensorflow:2020-02-02 00:19:49.957537: Step 1900: Validation accuracy = 56.0% (N=100)
I0202 00:19:49.957614 140343390071680 retrain.py:1100] 2020-02-02 00:19:49.957537: Step 1900: Validation accuracy = 56.0% (N=100)
INFO:tensorflow:2020-02-02 00:19:50.706602: Step 1910: Train accuracy = 96.0%
I0202 00:19:50.706669 140343390071680 retrain.py:1082] 2020-02-02 00:19:50.706602: Step 1910: Train accuracy = 96.0%
INFO:tensorflow:2020-02-02 00:19:50.706831: Step 1910: Cross entropy = 0.298453
I0202 00:19:50.706848 140343390071680 retrain.py:1084] 2020-02-02 00:19:50.706831: Step 1910: Cross entropy = 0.298453
INFO:tensorflow:2020-02-02 00:19:50.783173: Step 1910: Validation accuracy = 57.0% (N=100)
I0202 00:19:50.783239 140343390071680 retrain.py:1100] 2020-02-02 00:19:50.783173: Step 1910: Validation accuracy = 57.0% (N=100)
INFO:tensorflow:2020-02-02 00:19:51.548966: Step 1920: Train accuracy = 99.0%
I0202 00:19:51.549023 140343390071680 retrain.py:1082] 2020-02-02 00:19:51.548966: Step 1920: Train accuracy = 99.0%
INFO:tensorflow:2020-02-02 00:19:51.549194: Step 1920: Cross entropy = 0.295269
I0202 00:19:51.549213 140343390071680 retrain.py:1084] 2020-02-02 00:19:51.549194: Step 1920: Cross entropy = 0.295269
INFO:tensorflow:2020-02-02 00:19:51.626014: Step 1920: Validation accuracy = 57.0% (N=100)
I0202 00:19:51.626081 140343390071680 retrain.py:1100] 2020-02-02 00:19:51.626014: Step 1920: Validation accuracy = 57.0% (N=100)
INFO:tensorflow:2020-02-02 00:19:52.375893: Step 1930: Train accuracy = 93.0%
I0202 00:19:52.375947 140343390071680 retrain.py:1082] 2020-02-02 00:19:52.375893: Step 1930: Train accuracy = 93.0%
INFO:tensorflow:2020-02-02 00:19:52.376127: Step 1930: Cross entropy = 0.268732
I0202 00:19:52.376145 140343390071680 retrain.py:1084] 2020-02-02 00:19:52.376127: Step 1930: Cross entropy = 0.268732
INFO:tensorflow:2020-02-02 00:19:52.454786: Step 1930: Validation accuracy = 63.0% (N=100)
I0202 00:19:52.454848 140343390071680 retrain.py:1100] 2020-02-02 00:19:52.454786: Step 1930: Validation accuracy = 63.0% (N=100)
INFO:tensorflow:2020-02-02 00:19:53.257067: Step 1940: Train accuracy = 98.0%
I0202 00:19:53.257145 140343390071680 retrain.py:1082] 2020-02-02 00:19:53.257067: Step 1940: Train accuracy = 98.0%
INFO:tensorflow:2020-02-02 00:19:53.257310: Step 1940: Cross entropy = 0.258715
I0202 00:19:53.257331 140343390071680 retrain.py:1084] 2020-02-02 00:19:53.257310: Step 1940: Cross entropy = 0.258715
INFO:tensorflow:2020-02-02 00:19:53.334098: Step 1940: Validation accuracy = 56.0% (N=100)
I0202 00:19:53.334155 140343390071680 retrain.py:1100] 2020-02-02 00:19:53.334098: Step 1940: Validation accuracy = 56.0% (N=100)
INFO:tensorflow:2020-02-02 00:19:54.188023: Step 1950: Train accuracy = 95.0%
I0202 00:19:54.188133 140343390071680 retrain.py:1082] 2020-02-02 00:19:54.188023: Step 1950: Train accuracy = 95.0%
INFO:tensorflow:2020-02-02 00:19:54.188453: Step 1950: Cross entropy = 0.279347
I0202 00:19:54.188479 140343390071680 retrain.py:1084] 2020-02-02 00:19:54.188453: Step 1950: Cross entropy = 0.279347
INFO:tensorflow:2020-02-02 00:19:54.269373: Step 1950: Validation accuracy = 54.0% (N=100)
I0202 00:19:54.269455 140343390071680 retrain.py:1100] 2020-02-02 00:19:54.269373: Step 1950: Validation accuracy = 54.0% (N=100)
INFO:tensorflow:2020-02-02 00:19:55.079025: Step 1960: Train accuracy = 98.0%
I0202 00:19:55.079101 140343390071680 retrain.py:1082] 2020-02-02 00:19:55.079025: Step 1960: Train accuracy = 98.0%
INFO:tensorflow:2020-02-02 00:19:55.079306: Step 1960: Cross entropy = 0.274890
I0202 00:19:55.079323 140343390071680 retrain.py:1084] 2020-02-02 00:19:55.079306: Step 1960: Cross entropy = 0.274890
INFO:tensorflow:2020-02-02 00:19:55.161476: Step 1960: Validation accuracy = 57.0% (N=100)
I0202 00:19:55.161543 140343390071680 retrain.py:1100] 2020-02-02 00:19:55.161476: Step 1960: Validation accuracy = 57.0% (N=100)
INFO:tensorflow:2020-02-02 00:19:55.913248: Step 1970: Train accuracy = 98.0%
I0202 00:19:55.913325 140343390071680 retrain.py:1082] 2020-02-02 00:19:55.913248: Step 1970: Train accuracy = 98.0%
INFO:tensorflow:2020-02-02 00:19:55.913490: Step 1970: Cross entropy = 0.262124
I0202 00:19:55.913507 140343390071680 retrain.py:1084] 2020-02-02 00:19:55.913490: Step 1970: Cross entropy = 0.262124
INFO:tensorflow:2020-02-02 00:19:55.993796: Step 1970: Validation accuracy = 63.0% (N=100)
I0202 00:19:55.993853 140343390071680 retrain.py:1100] 2020-02-02 00:19:55.993796: Step 1970: Validation accuracy = 63.0% (N=100)
INFO:tensorflow:2020-02-02 00:19:56.747808: Step 1980: Train accuracy = 100.0%
I0202 00:19:56.747874 140343390071680 retrain.py:1082] 2020-02-02 00:19:56.747808: Step 1980: Train accuracy = 100.0%
INFO:tensorflow:2020-02-02 00:19:56.748051: Step 1980: Cross entropy = 0.275177
I0202 00:19:56.748072 140343390071680 retrain.py:1084] 2020-02-02 00:19:56.748051: Step 1980: Cross entropy = 0.275177
INFO:tensorflow:2020-02-02 00:19:56.823734: Step 1980: Validation accuracy = 50.0% (N=100)
I0202 00:19:56.823804 140343390071680 retrain.py:1100] 2020-02-02 00:19:56.823734: Step 1980: Validation accuracy = 50.0% (N=100)
INFO:tensorflow:2020-02-02 00:19:57.582325: Step 1990: Train accuracy = 96.0%
I0202 00:19:57.582381 140343390071680 retrain.py:1082] 2020-02-02 00:19:57.582325: Step 1990: Train accuracy = 96.0%
INFO:tensorflow:2020-02-02 00:19:57.582562: Step 1990: Cross entropy = 0.297571
I0202 00:19:57.582577 140343390071680 retrain.py:1084] 2020-02-02 00:19:57.582562: Step 1990: Cross entropy = 0.297571
INFO:tensorflow:2020-02-02 00:19:57.660210: Step 1990: Validation accuracy = 57.0% (N=100)
I0202 00:19:57.660277 140343390071680 retrain.py:1100] 2020-02-02 00:19:57.660210: Step 1990: Validation accuracy = 57.0% (N=100)
INFO:tensorflow:2020-02-02 00:19:58.444869: Step 2000: Train accuracy = 96.0%
I0202 00:19:58.444923 140343390071680 retrain.py:1082] 2020-02-02 00:19:58.444869: Step 2000: Train accuracy = 96.0%
INFO:tensorflow:2020-02-02 00:19:58.445083: Step 2000: Cross entropy = 0.260547
I0202 00:19:58.445102 140343390071680 retrain.py:1084] 2020-02-02 00:19:58.445083: Step 2000: Cross entropy = 0.260547
INFO:tensorflow:2020-02-02 00:19:58.532736: Step 2000: Validation accuracy = 46.0% (N=100)
I0202 00:19:58.532793 140343390071680 retrain.py:1100] 2020-02-02 00:19:58.532736: Step 2000: Validation accuracy = 46.0% (N=100)
INFO:tensorflow:2020-02-02 00:19:59.276900: Step 2010: Train accuracy = 94.0%
I0202 00:19:59.276974 140343390071680 retrain.py:1082] 2020-02-02 00:19:59.276900: Step 2010: Train accuracy = 94.0%
INFO:tensorflow:2020-02-02 00:19:59.277149: Step 2010: Cross entropy = 0.273663
I0202 00:19:59.277168 140343390071680 retrain.py:1084] 2020-02-02 00:19:59.277149: Step 2010: Cross entropy = 0.273663
INFO:tensorflow:2020-02-02 00:19:59.357049: Step 2010: Validation accuracy = 52.0% (N=100)
I0202 00:19:59.357104 140343390071680 retrain.py:1100] 2020-02-02 00:19:59.357049: Step 2010: Validation accuracy = 52.0% (N=100)
INFO:tensorflow:2020-02-02 00:20:00.111689: Step 2020: Train accuracy = 97.0%
I0202 00:20:00.111773 140343390071680 retrain.py:1082] 2020-02-02 00:20:00.111689: Step 2020: Train accuracy = 97.0%
INFO:tensorflow:2020-02-02 00:20:00.111922: Step 2020: Cross entropy = 0.266779
I0202 00:20:00.111953 140343390071680 retrain.py:1084] 2020-02-02 00:20:00.111922: Step 2020: Cross entropy = 0.266779
INFO:tensorflow:2020-02-02 00:20:00.187758: Step 2020: Validation accuracy = 50.0% (N=100)
I0202 00:20:00.187824 140343390071680 retrain.py:1100] 2020-02-02 00:20:00.187758: Step 2020: Validation accuracy = 50.0% (N=100)
INFO:tensorflow:2020-02-02 00:20:00.934785: Step 2030: Train accuracy = 97.0%
I0202 00:20:00.934866 140343390071680 retrain.py:1082] 2020-02-02 00:20:00.934785: Step 2030: Train accuracy = 97.0%
INFO:tensorflow:2020-02-02 00:20:00.935006: Step 2030: Cross entropy = 0.267159
I0202 00:20:00.935023 140343390071680 retrain.py:1084] 2020-02-02 00:20:00.935006: Step 2030: Cross entropy = 0.267159
INFO:tensorflow:2020-02-02 00:20:01.019406: Step 2030: Validation accuracy = 55.0% (N=100)
I0202 00:20:01.019482 140343390071680 retrain.py:1100] 2020-02-02 00:20:01.019406: Step 2030: Validation accuracy = 55.0% (N=100)
INFO:tensorflow:2020-02-02 00:20:01.778461: Step 2040: Train accuracy = 98.0%
I0202 00:20:01.778541 140343390071680 retrain.py:1082] 2020-02-02 00:20:01.778461: Step 2040: Train accuracy = 98.0%
INFO:tensorflow:2020-02-02 00:20:01.778717: Step 2040: Cross entropy = 0.240934
I0202 00:20:01.778737 140343390071680 retrain.py:1084] 2020-02-02 00:20:01.778717: Step 2040: Cross entropy = 0.240934
INFO:tensorflow:2020-02-02 00:20:01.854595: Step 2040: Validation accuracy = 55.0% (N=100)
I0202 00:20:01.854652 140343390071680 retrain.py:1100] 2020-02-02 00:20:01.854595: Step 2040: Validation accuracy = 55.0% (N=100)
INFO:tensorflow:2020-02-02 00:20:02.642571: Step 2050: Train accuracy = 96.0%
I0202 00:20:02.642641 140343390071680 retrain.py:1082] 2020-02-02 00:20:02.642571: Step 2050: Train accuracy = 96.0%
INFO:tensorflow:2020-02-02 00:20:02.642811: Step 2050: Cross entropy = 0.261558
I0202 00:20:02.642828 140343390071680 retrain.py:1084] 2020-02-02 00:20:02.642811: Step 2050: Cross entropy = 0.261558
INFO:tensorflow:2020-02-02 00:20:02.725197: Step 2050: Validation accuracy = 55.0% (N=100)
I0202 00:20:02.725253 140343390071680 retrain.py:1100] 2020-02-02 00:20:02.725197: Step 2050: Validation accuracy = 55.0% (N=100)
INFO:tensorflow:2020-02-02 00:20:03.477011: Step 2060: Train accuracy = 100.0%
I0202 00:20:03.477077 140343390071680 retrain.py:1082] 2020-02-02 00:20:03.477011: Step 2060: Train accuracy = 100.0%
INFO:tensorflow:2020-02-02 00:20:03.477227: Step 2060: Cross entropy = 0.231062
I0202 00:20:03.477253 140343390071680 retrain.py:1084] 2020-02-02 00:20:03.477227: Step 2060: Cross entropy = 0.231062
INFO:tensorflow:2020-02-02 00:20:03.555330: Step 2060: Validation accuracy = 50.0% (N=100)
I0202 00:20:03.555406 140343390071680 retrain.py:1100] 2020-02-02 00:20:03.555330: Step 2060: Validation accuracy = 50.0% (N=100)
INFO:tensorflow:2020-02-02 00:20:04.316175: Step 2070: Train accuracy = 97.0%
I0202 00:20:04.316243 140343390071680 retrain.py:1082] 2020-02-02 00:20:04.316175: Step 2070: Train accuracy = 97.0%
INFO:tensorflow:2020-02-02 00:20:04.316430: Step 2070: Cross entropy = 0.267017
I0202 00:20:04.316450 140343390071680 retrain.py:1084] 2020-02-02 00:20:04.316430: Step 2070: Cross entropy = 0.267017
INFO:tensorflow:2020-02-02 00:20:04.397014: Step 2070: Validation accuracy = 50.0% (N=100)
I0202 00:20:04.397071 140343390071680 retrain.py:1100] 2020-02-02 00:20:04.397014: Step 2070: Validation accuracy = 50.0% (N=100)
INFO:tensorflow:2020-02-02 00:20:05.173203: Step 2080: Train accuracy = 98.0%
I0202 00:20:05.173283 140343390071680 retrain.py:1082] 2020-02-02 00:20:05.173203: Step 2080: Train accuracy = 98.0%
INFO:tensorflow:2020-02-02 00:20:05.173472: Step 2080: Cross entropy = 0.221985
I0202 00:20:05.173491 140343390071680 retrain.py:1084] 2020-02-02 00:20:05.173472: Step 2080: Cross entropy = 0.221985
INFO:tensorflow:2020-02-02 00:20:05.252053: Step 2080: Validation accuracy = 55.0% (N=100)
I0202 00:20:05.252132 140343390071680 retrain.py:1100] 2020-02-02 00:20:05.252053: Step 2080: Validation accuracy = 55.0% (N=100)
INFO:tensorflow:2020-02-02 00:20:06.004764: Step 2090: Train accuracy = 98.0%
I0202 00:20:06.004819 140343390071680 retrain.py:1082] 2020-02-02 00:20:06.004764: Step 2090: Train accuracy = 98.0%
INFO:tensorflow:2020-02-02 00:20:06.004992: Step 2090: Cross entropy = 0.235730
I0202 00:20:06.005020 140343390071680 retrain.py:1084] 2020-02-02 00:20:06.004992: Step 2090: Cross entropy = 0.235730
INFO:tensorflow:2020-02-02 00:20:06.090202: Step 2090: Validation accuracy = 58.0% (N=100)
I0202 00:20:06.090271 140343390071680 retrain.py:1100] 2020-02-02 00:20:06.090202: Step 2090: Validation accuracy = 58.0% (N=100)
INFO:tensorflow:2020-02-02 00:20:06.841982: Step 2100: Train accuracy = 97.0%
I0202 00:20:06.842039 140343390071680 retrain.py:1082] 2020-02-02 00:20:06.841982: Step 2100: Train accuracy = 97.0%
INFO:tensorflow:2020-02-02 00:20:06.842207: Step 2100: Cross entropy = 0.258376
I0202 00:20:06.842226 140343390071680 retrain.py:1084] 2020-02-02 00:20:06.842207: Step 2100: Cross entropy = 0.258376
INFO:tensorflow:2020-02-02 00:20:06.921212: Step 2100: Validation accuracy = 52.0% (N=100)
I0202 00:20:06.921279 140343390071680 retrain.py:1100] 2020-02-02 00:20:06.921212: Step 2100: Validation accuracy = 52.0% (N=100)
INFO:tensorflow:2020-02-02 00:20:07.666594: Step 2110: Train accuracy = 98.0%
I0202 00:20:07.666664 140343390071680 retrain.py:1082] 2020-02-02 00:20:07.666594: Step 2110: Train accuracy = 98.0%
INFO:tensorflow:2020-02-02 00:20:07.666837: Step 2110: Cross entropy = 0.229253
I0202 00:20:07.666858 140343390071680 retrain.py:1084] 2020-02-02 00:20:07.666837: Step 2110: Cross entropy = 0.229253
INFO:tensorflow:2020-02-02 00:20:07.742918: Step 2110: Validation accuracy = 60.0% (N=100)
I0202 00:20:07.742985 140343390071680 retrain.py:1100] 2020-02-02 00:20:07.742918: Step 2110: Validation accuracy = 60.0% (N=100)
INFO:tensorflow:2020-02-02 00:20:08.498268: Step 2120: Train accuracy = 95.0%
I0202 00:20:08.498337 140343390071680 retrain.py:1082] 2020-02-02 00:20:08.498268: Step 2120: Train accuracy = 95.0%
INFO:tensorflow:2020-02-02 00:20:08.498528: Step 2120: Cross entropy = 0.251831
I0202 00:20:08.498548 140343390071680 retrain.py:1084] 2020-02-02 00:20:08.498528: Step 2120: Cross entropy = 0.251831
INFO:tensorflow:2020-02-02 00:20:08.578172: Step 2120: Validation accuracy = 54.0% (N=100)
I0202 00:20:08.578261 140343390071680 retrain.py:1100] 2020-02-02 00:20:08.578172: Step 2120: Validation accuracy = 54.0% (N=100)
INFO:tensorflow:2020-02-02 00:20:09.330507: Step 2130: Train accuracy = 99.0%
I0202 00:20:09.330586 140343390071680 retrain.py:1082] 2020-02-02 00:20:09.330507: Step 2130: Train accuracy = 99.0%
INFO:tensorflow:2020-02-02 00:20:09.330747: Step 2130: Cross entropy = 0.243068
I0202 00:20:09.330767 140343390071680 retrain.py:1084] 2020-02-02 00:20:09.330747: Step 2130: Cross entropy = 0.243068
INFO:tensorflow:2020-02-02 00:20:09.409810: Step 2130: Validation accuracy = 50.0% (N=100)
I0202 00:20:09.409865 140343390071680 retrain.py:1100] 2020-02-02 00:20:09.409810: Step 2130: Validation accuracy = 50.0% (N=100)
INFO:tensorflow:2020-02-02 00:20:10.169594: Step 2140: Train accuracy = 98.0%
I0202 00:20:10.169674 140343390071680 retrain.py:1082] 2020-02-02 00:20:10.169594: Step 2140: Train accuracy = 98.0%
INFO:tensorflow:2020-02-02 00:20:10.169856: Step 2140: Cross entropy = 0.228944
I0202 00:20:10.169878 140343390071680 retrain.py:1084] 2020-02-02 00:20:10.169856: Step 2140: Cross entropy = 0.228944
INFO:tensorflow:2020-02-02 00:20:10.244683: Step 2140: Validation accuracy = 57.0% (N=100)
I0202 00:20:10.244753 140343390071680 retrain.py:1100] 2020-02-02 00:20:10.244683: Step 2140: Validation accuracy = 57.0% (N=100)
INFO:tensorflow:2020-02-02 00:20:11.004900: Step 2150: Train accuracy = 96.0%
I0202 00:20:11.004976 140343390071680 retrain.py:1082] 2020-02-02 00:20:11.004900: Step 2150: Train accuracy = 96.0%
INFO:tensorflow:2020-02-02 00:20:11.005131: Step 2150: Cross entropy = 0.246025
I0202 00:20:11.005156 140343390071680 retrain.py:1084] 2020-02-02 00:20:11.005131: Step 2150: Cross entropy = 0.246025
INFO:tensorflow:2020-02-02 00:20:11.089614: Step 2150: Validation accuracy = 53.0% (N=100)
I0202 00:20:11.089682 140343390071680 retrain.py:1100] 2020-02-02 00:20:11.089614: Step 2150: Validation accuracy = 53.0% (N=100)
INFO:tensorflow:2020-02-02 00:20:11.840494: Step 2160: Train accuracy = 98.0%
I0202 00:20:11.840547 140343390071680 retrain.py:1082] 2020-02-02 00:20:11.840494: Step 2160: Train accuracy = 98.0%
INFO:tensorflow:2020-02-02 00:20:11.840720: Step 2160: Cross entropy = 0.259794
I0202 00:20:11.840737 140343390071680 retrain.py:1084] 2020-02-02 00:20:11.840720: Step 2160: Cross entropy = 0.259794
INFO:tensorflow:2020-02-02 00:20:11.916938: Step 2160: Validation accuracy = 54.0% (N=100)
I0202 00:20:11.917006 140343390071680 retrain.py:1100] 2020-02-02 00:20:11.916938: Step 2160: Validation accuracy = 54.0% (N=100)
INFO:tensorflow:2020-02-02 00:20:12.678987: Step 2170: Train accuracy = 98.0%
I0202 00:20:12.679043 140343390071680 retrain.py:1082] 2020-02-02 00:20:12.678987: Step 2170: Train accuracy = 98.0%
INFO:tensorflow:2020-02-02 00:20:12.679225: Step 2170: Cross entropy = 0.266467
I0202 00:20:12.679244 140343390071680 retrain.py:1084] 2020-02-02 00:20:12.679225: Step 2170: Cross entropy = 0.266467
INFO:tensorflow:2020-02-02 00:20:12.755376: Step 2170: Validation accuracy = 56.0% (N=100)
I0202 00:20:12.755433 140343390071680 retrain.py:1100] 2020-02-02 00:20:12.755376: Step 2170: Validation accuracy = 56.0% (N=100)
INFO:tensorflow:2020-02-02 00:20:13.516737: Step 2180: Train accuracy = 99.0%
I0202 00:20:13.516793 140343390071680 retrain.py:1082] 2020-02-02 00:20:13.516737: Step 2180: Train accuracy = 99.0%
INFO:tensorflow:2020-02-02 00:20:13.516990: Step 2180: Cross entropy = 0.229992
I0202 00:20:13.517006 140343390071680 retrain.py:1084] 2020-02-02 00:20:13.516990: Step 2180: Cross entropy = 0.229992
INFO:tensorflow:2020-02-02 00:20:13.593624: Step 2180: Validation accuracy = 55.0% (N=100)
I0202 00:20:13.593694 140343390071680 retrain.py:1100] 2020-02-02 00:20:13.593624: Step 2180: Validation accuracy = 55.0% (N=100)
INFO:tensorflow:2020-02-02 00:20:14.342665: Step 2190: Train accuracy = 98.0%
I0202 00:20:14.342736 140343390071680 retrain.py:1082] 2020-02-02 00:20:14.342665: Step 2190: Train accuracy = 98.0%
INFO:tensorflow:2020-02-02 00:20:14.342915: Step 2190: Cross entropy = 0.264613
I0202 00:20:14.342931 140343390071680 retrain.py:1084] 2020-02-02 00:20:14.342915: Step 2190: Cross entropy = 0.264613
INFO:tensorflow:2020-02-02 00:20:14.418665: Step 2190: Validation accuracy = 67.0% (N=100)
I0202 00:20:14.418745 140343390071680 retrain.py:1100] 2020-02-02 00:20:14.418665: Step 2190: Validation accuracy = 67.0% (N=100)
INFO:tensorflow:2020-02-02 00:20:15.173101: Step 2200: Train accuracy = 99.0%
I0202 00:20:15.173179 140343390071680 retrain.py:1082] 2020-02-02 00:20:15.173101: Step 2200: Train accuracy = 99.0%
INFO:tensorflow:2020-02-02 00:20:15.173342: Step 2200: Cross entropy = 0.246112
I0202 00:20:15.173361 140343390071680 retrain.py:1084] 2020-02-02 00:20:15.173342: Step 2200: Cross entropy = 0.246112
INFO:tensorflow:2020-02-02 00:20:15.250609: Step 2200: Validation accuracy = 53.0% (N=100)
I0202 00:20:15.250666 140343390071680 retrain.py:1100] 2020-02-02 00:20:15.250609: Step 2200: Validation accuracy = 53.0% (N=100)
INFO:tensorflow:2020-02-02 00:20:16.018601: Step 2210: Train accuracy = 99.0%
I0202 00:20:16.018690 140343390071680 retrain.py:1082] 2020-02-02 00:20:16.018601: Step 2210: Train accuracy = 99.0%
INFO:tensorflow:2020-02-02 00:20:16.018822: Step 2210: Cross entropy = 0.254590
I0202 00:20:16.018839 140343390071680 retrain.py:1084] 2020-02-02 00:20:16.018822: Step 2210: Cross entropy = 0.254590
INFO:tensorflow:2020-02-02 00:20:16.097529: Step 2210: Validation accuracy = 64.0% (N=100)
I0202 00:20:16.097597 140343390071680 retrain.py:1100] 2020-02-02 00:20:16.097529: Step 2210: Validation accuracy = 64.0% (N=100)
INFO:tensorflow:2020-02-02 00:20:16.844178: Step 2220: Train accuracy = 98.0%
I0202 00:20:16.844269 140343390071680 retrain.py:1082] 2020-02-02 00:20:16.844178: Step 2220: Train accuracy = 98.0%
INFO:tensorflow:2020-02-02 00:20:16.844437: Step 2220: Cross entropy = 0.253961
I0202 00:20:16.844452 140343390071680 retrain.py:1084] 2020-02-02 00:20:16.844437: Step 2220: Cross entropy = 0.253961
INFO:tensorflow:2020-02-02 00:20:16.923080: Step 2220: Validation accuracy = 57.0% (N=100)
I0202 00:20:16.923162 140343390071680 retrain.py:1100] 2020-02-02 00:20:16.923080: Step 2220: Validation accuracy = 57.0% (N=100)
INFO:tensorflow:2020-02-02 00:20:17.693968: Step 2230: Train accuracy = 95.0%
I0202 00:20:17.694052 140343390071680 retrain.py:1082] 2020-02-02 00:20:17.693968: Step 2230: Train accuracy = 95.0%
INFO:tensorflow:2020-02-02 00:20:17.694236: Step 2230: Cross entropy = 0.242621
I0202 00:20:17.694256 140343390071680 retrain.py:1084] 2020-02-02 00:20:17.694236: Step 2230: Cross entropy = 0.242621
INFO:tensorflow:2020-02-02 00:20:17.771942: Step 2230: Validation accuracy = 63.0% (N=100)
I0202 00:20:17.772007 140343390071680 retrain.py:1100] 2020-02-02 00:20:17.771942: Step 2230: Validation accuracy = 63.0% (N=100)
INFO:tensorflow:2020-02-02 00:20:18.529646: Step 2240: Train accuracy = 96.0%
I0202 00:20:18.529711 140343390071680 retrain.py:1082] 2020-02-02 00:20:18.529646: Step 2240: Train accuracy = 96.0%
INFO:tensorflow:2020-02-02 00:20:18.529898: Step 2240: Cross entropy = 0.254701
I0202 00:20:18.529959 140343390071680 retrain.py:1084] 2020-02-02 00:20:18.529898: Step 2240: Cross entropy = 0.254701
INFO:tensorflow:2020-02-02 00:20:18.605122: Step 2240: Validation accuracy = 50.0% (N=100)
I0202 00:20:18.605178 140343390071680 retrain.py:1100] 2020-02-02 00:20:18.605122: Step 2240: Validation accuracy = 50.0% (N=100)
INFO:tensorflow:2020-02-02 00:20:19.347546: Step 2250: Train accuracy = 98.0%
I0202 00:20:19.347612 140343390071680 retrain.py:1082] 2020-02-02 00:20:19.347546: Step 2250: Train accuracy = 98.0%
INFO:tensorflow:2020-02-02 00:20:19.347790: Step 2250: Cross entropy = 0.236955
I0202 00:20:19.347810 140343390071680 retrain.py:1084] 2020-02-02 00:20:19.347790: Step 2250: Cross entropy = 0.236955
INFO:tensorflow:2020-02-02 00:20:19.424848: Step 2250: Validation accuracy = 46.0% (N=100)
I0202 00:20:19.424926 140343390071680 retrain.py:1100] 2020-02-02 00:20:19.424848: Step 2250: Validation accuracy = 46.0% (N=100)
INFO:tensorflow:2020-02-02 00:20:20.183173: Step 2260: Train accuracy = 96.0%
I0202 00:20:20.183230 140343390071680 retrain.py:1082] 2020-02-02 00:20:20.183173: Step 2260: Train accuracy = 96.0%
INFO:tensorflow:2020-02-02 00:20:20.183396: Step 2260: Cross entropy = 0.247491
I0202 00:20:20.183413 140343390071680 retrain.py:1084] 2020-02-02 00:20:20.183396: Step 2260: Cross entropy = 0.247491
INFO:tensorflow:2020-02-02 00:20:20.259601: Step 2260: Validation accuracy = 51.0% (N=100)
I0202 00:20:20.259682 140343390071680 retrain.py:1100] 2020-02-02 00:20:20.259601: Step 2260: Validation accuracy = 51.0% (N=100)
INFO:tensorflow:2020-02-02 00:20:21.013704: Step 2270: Train accuracy = 99.0%
I0202 00:20:21.013771 140343390071680 retrain.py:1082] 2020-02-02 00:20:21.013704: Step 2270: Train accuracy = 99.0%
INFO:tensorflow:2020-02-02 00:20:21.013968: Step 2270: Cross entropy = 0.216441
I0202 00:20:21.013993 140343390071680 retrain.py:1084] 2020-02-02 00:20:21.013968: Step 2270: Cross entropy = 0.216441
INFO:tensorflow:2020-02-02 00:20:21.094963: Step 2270: Validation accuracy = 49.0% (N=100)
I0202 00:20:21.095034 140343390071680 retrain.py:1100] 2020-02-02 00:20:21.094963: Step 2270: Validation accuracy = 49.0% (N=100)
INFO:tensorflow:2020-02-02 00:20:21.840518: Step 2280: Train accuracy = 96.0%
I0202 00:20:21.840572 140343390071680 retrain.py:1082] 2020-02-02 00:20:21.840518: Step 2280: Train accuracy = 96.0%
INFO:tensorflow:2020-02-02 00:20:21.840744: Step 2280: Cross entropy = 0.278015
I0202 00:20:21.840762 140343390071680 retrain.py:1084] 2020-02-02 00:20:21.840744: Step 2280: Cross entropy = 0.278015
INFO:tensorflow:2020-02-02 00:20:21.925157: Step 2280: Validation accuracy = 58.0% (N=100)
I0202 00:20:21.925214 140343390071680 retrain.py:1100] 2020-02-02 00:20:21.925157: Step 2280: Validation accuracy = 58.0% (N=100)
INFO:tensorflow:2020-02-02 00:20:22.687522: Step 2290: Train accuracy = 94.0%
I0202 00:20:22.687577 140343390071680 retrain.py:1082] 2020-02-02 00:20:22.687522: Step 2290: Train accuracy = 94.0%
INFO:tensorflow:2020-02-02 00:20:22.687750: Step 2290: Cross entropy = 0.270905
I0202 00:20:22.687766 140343390071680 retrain.py:1084] 2020-02-02 00:20:22.687750: Step 2290: Cross entropy = 0.270905
INFO:tensorflow:2020-02-02 00:20:22.764844: Step 2290: Validation accuracy = 51.0% (N=100)
I0202 00:20:22.764908 140343390071680 retrain.py:1100] 2020-02-02 00:20:22.764844: Step 2290: Validation accuracy = 51.0% (N=100)
INFO:tensorflow:2020-02-02 00:20:23.518680: Step 2300: Train accuracy = 99.0%
I0202 00:20:23.518735 140343390071680 retrain.py:1082] 2020-02-02 00:20:23.518680: Step 2300: Train accuracy = 99.0%
INFO:tensorflow:2020-02-02 00:20:23.518926: Step 2300: Cross entropy = 0.244686
I0202 00:20:23.518945 140343390071680 retrain.py:1084] 2020-02-02 00:20:23.518926: Step 2300: Cross entropy = 0.244686
INFO:tensorflow:2020-02-02 00:20:23.595149: Step 2300: Validation accuracy = 45.0% (N=100)
I0202 00:20:23.595226 140343390071680 retrain.py:1100] 2020-02-02 00:20:23.595149: Step 2300: Validation accuracy = 45.0% (N=100)
INFO:tensorflow:2020-02-02 00:20:24.353995: Step 2310: Train accuracy = 98.0%
I0202 00:20:24.354052 140343390071680 retrain.py:1082] 2020-02-02 00:20:24.353995: Step 2310: Train accuracy = 98.0%
INFO:tensorflow:2020-02-02 00:20:24.354306: Step 2310: Cross entropy = 0.241568
I0202 00:20:24.354328 140343390071680 retrain.py:1084] 2020-02-02 00:20:24.354306: Step 2310: Cross entropy = 0.241568
INFO:tensorflow:2020-02-02 00:20:24.431652: Step 2310: Validation accuracy = 57.0% (N=100)
I0202 00:20:24.431733 140343390071680 retrain.py:1100] 2020-02-02 00:20:24.431652: Step 2310: Validation accuracy = 57.0% (N=100)
INFO:tensorflow:2020-02-02 00:20:25.191298: Step 2320: Train accuracy = 99.0%
I0202 00:20:25.191377 140343390071680 retrain.py:1082] 2020-02-02 00:20:25.191298: Step 2320: Train accuracy = 99.0%
INFO:tensorflow:2020-02-02 00:20:25.191558: Step 2320: Cross entropy = 0.236154
I0202 00:20:25.191580 140343390071680 retrain.py:1084] 2020-02-02 00:20:25.191558: Step 2320: Cross entropy = 0.236154
INFO:tensorflow:2020-02-02 00:20:25.267015: Step 2320: Validation accuracy = 39.0% (N=100)
I0202 00:20:25.267081 140343390071680 retrain.py:1100] 2020-02-02 00:20:25.267015: Step 2320: Validation accuracy = 39.0% (N=100)
INFO:tensorflow:2020-02-02 00:20:26.017974: Step 2330: Train accuracy = 100.0%
I0202 00:20:26.018052 140343390071680 retrain.py:1082] 2020-02-02 00:20:26.017974: Step 2330: Train accuracy = 100.0%
INFO:tensorflow:2020-02-02 00:20:26.018211: Step 2330: Cross entropy = 0.206939
I0202 00:20:26.018228 140343390071680 retrain.py:1084] 2020-02-02 00:20:26.018211: Step 2330: Cross entropy = 0.206939
INFO:tensorflow:2020-02-02 00:20:26.103329: Step 2330: Validation accuracy = 54.0% (N=100)
I0202 00:20:26.103410 140343390071680 retrain.py:1100] 2020-02-02 00:20:26.103329: Step 2330: Validation accuracy = 54.0% (N=100)
INFO:tensorflow:2020-02-02 00:20:26.859595: Step 2340: Train accuracy = 99.0%
I0202 00:20:26.859651 140343390071680 retrain.py:1082] 2020-02-02 00:20:26.859595: Step 2340: Train accuracy = 99.0%
INFO:tensorflow:2020-02-02 00:20:26.859832: Step 2340: Cross entropy = 0.221651
I0202 00:20:26.859848 140343390071680 retrain.py:1084] 2020-02-02 00:20:26.859832: Step 2340: Cross entropy = 0.221651
INFO:tensorflow:2020-02-02 00:20:26.939266: Step 2340: Validation accuracy = 48.0% (N=100)
I0202 00:20:26.939345 140343390071680 retrain.py:1100] 2020-02-02 00:20:26.939266: Step 2340: Validation accuracy = 48.0% (N=100)
INFO:tensorflow:2020-02-02 00:20:27.695592: Step 2350: Train accuracy = 99.0%
I0202 00:20:27.695651 140343390071680 retrain.py:1082] 2020-02-02 00:20:27.695592: Step 2350: Train accuracy = 99.0%
INFO:tensorflow:2020-02-02 00:20:27.695849: Step 2350: Cross entropy = 0.245753
I0202 00:20:27.695865 140343390071680 retrain.py:1084] 2020-02-02 00:20:27.695849: Step 2350: Cross entropy = 0.245753
INFO:tensorflow:2020-02-02 00:20:27.774355: Step 2350: Validation accuracy = 58.0% (N=100)
I0202 00:20:27.774433 140343390071680 retrain.py:1100] 2020-02-02 00:20:27.774355: Step 2350: Validation accuracy = 58.0% (N=100)
INFO:tensorflow:2020-02-02 00:20:28.539977: Step 2360: Train accuracy = 96.0%
I0202 00:20:28.540046 140343390071680 retrain.py:1082] 2020-02-02 00:20:28.539977: Step 2360: Train accuracy = 96.0%
INFO:tensorflow:2020-02-02 00:20:28.540243: Step 2360: Cross entropy = 0.250746
I0202 00:20:28.540263 140343390071680 retrain.py:1084] 2020-02-02 00:20:28.540243: Step 2360: Cross entropy = 0.250746
INFO:tensorflow:2020-02-02 00:20:28.619396: Step 2360: Validation accuracy = 54.0% (N=100)
I0202 00:20:28.619453 140343390071680 retrain.py:1100] 2020-02-02 00:20:28.619396: Step 2360: Validation accuracy = 54.0% (N=100)
INFO:tensorflow:2020-02-02 00:20:29.376101: Step 2370: Train accuracy = 98.0%
I0202 00:20:29.376158 140343390071680 retrain.py:1082] 2020-02-02 00:20:29.376101: Step 2370: Train accuracy = 98.0%
INFO:tensorflow:2020-02-02 00:20:29.376348: Step 2370: Cross entropy = 0.225737
I0202 00:20:29.376373 140343390071680 retrain.py:1084] 2020-02-02 00:20:29.376348: Step 2370: Cross entropy = 0.225737
INFO:tensorflow:2020-02-02 00:20:29.453962: Step 2370: Validation accuracy = 60.0% (N=100)
I0202 00:20:29.454037 140343390071680 retrain.py:1100] 2020-02-02 00:20:29.453962: Step 2370: Validation accuracy = 60.0% (N=100)
INFO:tensorflow:2020-02-02 00:20:30.213850: Step 2380: Train accuracy = 99.0%
I0202 00:20:30.213934 140343390071680 retrain.py:1082] 2020-02-02 00:20:30.213850: Step 2380: Train accuracy = 99.0%
INFO:tensorflow:2020-02-02 00:20:30.214099: Step 2380: Cross entropy = 0.239946
I0202 00:20:30.214125 140343390071680 retrain.py:1084] 2020-02-02 00:20:30.214099: Step 2380: Cross entropy = 0.239946
INFO:tensorflow:2020-02-02 00:20:30.293159: Step 2380: Validation accuracy = 61.0% (N=100)
I0202 00:20:30.293219 140343390071680 retrain.py:1100] 2020-02-02 00:20:30.293159: Step 2380: Validation accuracy = 61.0% (N=100)
INFO:tensorflow:2020-02-02 00:20:31.066775: Step 2390: Train accuracy = 98.0%
I0202 00:20:31.066845 140343390071680 retrain.py:1082] 2020-02-02 00:20:31.066775: Step 2390: Train accuracy = 98.0%
INFO:tensorflow:2020-02-02 00:20:31.066991: Step 2390: Cross entropy = 0.211791
I0202 00:20:31.067018 140343390071680 retrain.py:1084] 2020-02-02 00:20:31.066991: Step 2390: Cross entropy = 0.211791
INFO:tensorflow:2020-02-02 00:20:31.147582: Step 2390: Validation accuracy = 47.0% (N=100)
I0202 00:20:31.147662 140343390071680 retrain.py:1100] 2020-02-02 00:20:31.147582: Step 2390: Validation accuracy = 47.0% (N=100)
INFO:tensorflow:2020-02-02 00:20:31.958954: Step 2400: Train accuracy = 100.0%
I0202 00:20:31.959042 140343390071680 retrain.py:1082] 2020-02-02 00:20:31.958954: Step 2400: Train accuracy = 100.0%
INFO:tensorflow:2020-02-02 00:20:31.959229: Step 2400: Cross entropy = 0.219131
I0202 00:20:31.959270 140343390071680 retrain.py:1084] 2020-02-02 00:20:31.959229: Step 2400: Cross entropy = 0.219131
INFO:tensorflow:2020-02-02 00:20:32.042062: Step 2400: Validation accuracy = 53.0% (N=100)
I0202 00:20:32.042127 140343390071680 retrain.py:1100] 2020-02-02 00:20:32.042062: Step 2400: Validation accuracy = 53.0% (N=100)
INFO:tensorflow:2020-02-02 00:20:32.802428: Step 2410: Train accuracy = 97.0%
I0202 00:20:32.802493 140343390071680 retrain.py:1082] 2020-02-02 00:20:32.802428: Step 2410: Train accuracy = 97.0%
INFO:tensorflow:2020-02-02 00:20:32.802663: Step 2410: Cross entropy = 0.240852
I0202 00:20:32.802683 140343390071680 retrain.py:1084] 2020-02-02 00:20:32.802663: Step 2410: Cross entropy = 0.240852
INFO:tensorflow:2020-02-02 00:20:32.877092: Step 2410: Validation accuracy = 56.0% (N=100)
I0202 00:20:32.877155 140343390071680 retrain.py:1100] 2020-02-02 00:20:32.877092: Step 2410: Validation accuracy = 56.0% (N=100)
INFO:tensorflow:2020-02-02 00:20:33.628295: Step 2420: Train accuracy = 100.0%
I0202 00:20:33.628351 140343390071680 retrain.py:1082] 2020-02-02 00:20:33.628295: Step 2420: Train accuracy = 100.0%
INFO:tensorflow:2020-02-02 00:20:33.628546: Step 2420: Cross entropy = 0.250596
I0202 00:20:33.628568 140343390071680 retrain.py:1084] 2020-02-02 00:20:33.628546: Step 2420: Cross entropy = 0.250596
INFO:tensorflow:2020-02-02 00:20:33.703765: Step 2420: Validation accuracy = 58.0% (N=100)
I0202 00:20:33.703823 140343390071680 retrain.py:1100] 2020-02-02 00:20:33.703765: Step 2420: Validation accuracy = 58.0% (N=100)
INFO:tensorflow:2020-02-02 00:20:34.454643: Step 2430: Train accuracy = 98.0%
I0202 00:20:34.454737 140343390071680 retrain.py:1082] 2020-02-02 00:20:34.454643: Step 2430: Train accuracy = 98.0%
INFO:tensorflow:2020-02-02 00:20:34.454954: Step 2430: Cross entropy = 0.245147
I0202 00:20:34.454980 140343390071680 retrain.py:1084] 2020-02-02 00:20:34.454954: Step 2430: Cross entropy = 0.245147
INFO:tensorflow:2020-02-02 00:20:34.542616: Step 2430: Validation accuracy = 51.0% (N=100)
I0202 00:20:34.542671 140343390071680 retrain.py:1100] 2020-02-02 00:20:34.542616: Step 2430: Validation accuracy = 51.0% (N=100)
INFO:tensorflow:2020-02-02 00:20:35.296847: Step 2440: Train accuracy = 97.0%
I0202 00:20:35.296903 140343390071680 retrain.py:1082] 2020-02-02 00:20:35.296847: Step 2440: Train accuracy = 97.0%
INFO:tensorflow:2020-02-02 00:20:35.297088: Step 2440: Cross entropy = 0.241302
I0202 00:20:35.297107 140343390071680 retrain.py:1084] 2020-02-02 00:20:35.297088: Step 2440: Cross entropy = 0.241302
INFO:tensorflow:2020-02-02 00:20:35.375732: Step 2440: Validation accuracy = 55.0% (N=100)
I0202 00:20:35.375825 140343390071680 retrain.py:1100] 2020-02-02 00:20:35.375732: Step 2440: Validation accuracy = 55.0% (N=100)
INFO:tensorflow:2020-02-02 00:20:36.132278: Step 2450: Train accuracy = 98.0%
I0202 00:20:36.132333 140343390071680 retrain.py:1082] 2020-02-02 00:20:36.132278: Step 2450: Train accuracy = 98.0%
INFO:tensorflow:2020-02-02 00:20:36.132493: Step 2450: Cross entropy = 0.209017
I0202 00:20:36.132528 140343390071680 retrain.py:1084] 2020-02-02 00:20:36.132493: Step 2450: Cross entropy = 0.209017
INFO:tensorflow:2020-02-02 00:20:36.212735: Step 2450: Validation accuracy = 59.0% (N=100)
I0202 00:20:36.212804 140343390071680 retrain.py:1100] 2020-02-02 00:20:36.212735: Step 2450: Validation accuracy = 59.0% (N=100)
INFO:tensorflow:2020-02-02 00:20:36.960866: Step 2460: Train accuracy = 97.0%
I0202 00:20:36.960927 140343390071680 retrain.py:1082] 2020-02-02 00:20:36.960866: Step 2460: Train accuracy = 97.0%
INFO:tensorflow:2020-02-02 00:20:36.961124: Step 2460: Cross entropy = 0.246792
I0202 00:20:36.961145 140343390071680 retrain.py:1084] 2020-02-02 00:20:36.961124: Step 2460: Cross entropy = 0.246792
INFO:tensorflow:2020-02-02 00:20:37.043999: Step 2460: Validation accuracy = 52.0% (N=100)
I0202 00:20:37.044056 140343390071680 retrain.py:1100] 2020-02-02 00:20:37.043999: Step 2460: Validation accuracy = 52.0% (N=100)
INFO:tensorflow:2020-02-02 00:20:37.794551: Step 2470: Train accuracy = 100.0%
I0202 00:20:37.794607 140343390071680 retrain.py:1082] 2020-02-02 00:20:37.794551: Step 2470: Train accuracy = 100.0%
INFO:tensorflow:2020-02-02 00:20:37.794794: Step 2470: Cross entropy = 0.217219
I0202 00:20:37.794812 140343390071680 retrain.py:1084] 2020-02-02 00:20:37.794794: Step 2470: Cross entropy = 0.217219
INFO:tensorflow:2020-02-02 00:20:37.871383: Step 2470: Validation accuracy = 50.0% (N=100)
I0202 00:20:37.871439 140343390071680 retrain.py:1100] 2020-02-02 00:20:37.871383: Step 2470: Validation accuracy = 50.0% (N=100)
INFO:tensorflow:2020-02-02 00:20:38.621556: Step 2480: Train accuracy = 99.0%
I0202 00:20:38.621626 140343390071680 retrain.py:1082] 2020-02-02 00:20:38.621556: Step 2480: Train accuracy = 99.0%
INFO:tensorflow:2020-02-02 00:20:38.621769: Step 2480: Cross entropy = 0.215895
I0202 00:20:38.621786 140343390071680 retrain.py:1084] 2020-02-02 00:20:38.621769: Step 2480: Cross entropy = 0.215895
INFO:tensorflow:2020-02-02 00:20:38.704906: Step 2480: Validation accuracy = 67.0% (N=100)
I0202 00:20:38.704971 140343390071680 retrain.py:1100] 2020-02-02 00:20:38.704906: Step 2480: Validation accuracy = 67.0% (N=100)
INFO:tensorflow:2020-02-02 00:20:39.459920: Step 2490: Train accuracy = 98.0%
I0202 00:20:39.460008 140343390071680 retrain.py:1082] 2020-02-02 00:20:39.459920: Step 2490: Train accuracy = 98.0%
INFO:tensorflow:2020-02-02 00:20:39.460197: Step 2490: Cross entropy = 0.210712
I0202 00:20:39.460312 140343390071680 retrain.py:1084] 2020-02-02 00:20:39.460197: Step 2490: Cross entropy = 0.210712
INFO:tensorflow:2020-02-02 00:20:39.538574: Step 2490: Validation accuracy = 51.0% (N=100)
I0202 00:20:39.538631 140343390071680 retrain.py:1100] 2020-02-02 00:20:39.538574: Step 2490: Validation accuracy = 51.0% (N=100)
INFO:tensorflow:2020-02-02 00:20:40.292649: Step 2500: Train accuracy = 100.0%
I0202 00:20:40.292705 140343390071680 retrain.py:1082] 2020-02-02 00:20:40.292649: Step 2500: Train accuracy = 100.0%
INFO:tensorflow:2020-02-02 00:20:40.292877: Step 2500: Cross entropy = 0.200475
I0202 00:20:40.292896 140343390071680 retrain.py:1084] 2020-02-02 00:20:40.292877: Step 2500: Cross entropy = 0.200475
INFO:tensorflow:2020-02-02 00:20:40.369864: Step 2500: Validation accuracy = 64.0% (N=100)
I0202 00:20:40.369939 140343390071680 retrain.py:1100] 2020-02-02 00:20:40.369864: Step 2500: Validation accuracy = 64.0% (N=100)
INFO:tensorflow:2020-02-02 00:20:41.131906: Step 2510: Train accuracy = 98.0%
I0202 00:20:41.131986 140343390071680 retrain.py:1082] 2020-02-02 00:20:41.131906: Step 2510: Train accuracy = 98.0%
INFO:tensorflow:2020-02-02 00:20:41.132143: Step 2510: Cross entropy = 0.251098
I0202 00:20:41.132161 140343390071680 retrain.py:1084] 2020-02-02 00:20:41.132143: Step 2510: Cross entropy = 0.251098
INFO:tensorflow:2020-02-02 00:20:41.208272: Step 2510: Validation accuracy = 51.0% (N=100)
I0202 00:20:41.208337 140343390071680 retrain.py:1100] 2020-02-02 00:20:41.208272: Step 2510: Validation accuracy = 51.0% (N=100)
INFO:tensorflow:2020-02-02 00:20:41.969039: Step 2520: Train accuracy = 98.0%
I0202 00:20:41.969120 140343390071680 retrain.py:1082] 2020-02-02 00:20:41.969039: Step 2520: Train accuracy = 98.0%
INFO:tensorflow:2020-02-02 00:20:41.969292: Step 2520: Cross entropy = 0.229118
I0202 00:20:41.969308 140343390071680 retrain.py:1084] 2020-02-02 00:20:41.969292: Step 2520: Cross entropy = 0.229118
INFO:tensorflow:2020-02-02 00:20:42.046803: Step 2520: Validation accuracy = 49.0% (N=100)
I0202 00:20:42.046884 140343390071680 retrain.py:1100] 2020-02-02 00:20:42.046803: Step 2520: Validation accuracy = 49.0% (N=100)
INFO:tensorflow:2020-02-02 00:20:42.793675: Step 2530: Train accuracy = 99.0%
I0202 00:20:42.793731 140343390071680 retrain.py:1082] 2020-02-02 00:20:42.793675: Step 2530: Train accuracy = 99.0%
INFO:tensorflow:2020-02-02 00:20:42.793902: Step 2530: Cross entropy = 0.245104
I0202 00:20:42.793933 140343390071680 retrain.py:1084] 2020-02-02 00:20:42.793902: Step 2530: Cross entropy = 0.245104
INFO:tensorflow:2020-02-02 00:20:42.870923: Step 2530: Validation accuracy = 56.0% (N=100)
I0202 00:20:42.870999 140343390071680 retrain.py:1100] 2020-02-02 00:20:42.870923: Step 2530: Validation accuracy = 56.0% (N=100)
INFO:tensorflow:2020-02-02 00:20:43.636583: Step 2540: Train accuracy = 99.0%
I0202 00:20:43.636638 140343390071680 retrain.py:1082] 2020-02-02 00:20:43.636583: Step 2540: Train accuracy = 99.0%
INFO:tensorflow:2020-02-02 00:20:43.636823: Step 2540: Cross entropy = 0.193360
I0202 00:20:43.636842 140343390071680 retrain.py:1084] 2020-02-02 00:20:43.636823: Step 2540: Cross entropy = 0.193360
INFO:tensorflow:2020-02-02 00:20:43.712475: Step 2540: Validation accuracy = 45.0% (N=100)
I0202 00:20:43.712555 140343390071680 retrain.py:1100] 2020-02-02 00:20:43.712475: Step 2540: Validation accuracy = 45.0% (N=100)
INFO:tensorflow:2020-02-02 00:20:44.467359: Step 2550: Train accuracy = 99.0%
I0202 00:20:44.467414 140343390071680 retrain.py:1082] 2020-02-02 00:20:44.467359: Step 2550: Train accuracy = 99.0%
INFO:tensorflow:2020-02-02 00:20:44.467600: Step 2550: Cross entropy = 0.219376
I0202 00:20:44.467617 140343390071680 retrain.py:1084] 2020-02-02 00:20:44.467600: Step 2550: Cross entropy = 0.219376
INFO:tensorflow:2020-02-02 00:20:44.548311: Step 2550: Validation accuracy = 50.0% (N=100)
I0202 00:20:44.548393 140343390071680 retrain.py:1100] 2020-02-02 00:20:44.548311: Step 2550: Validation accuracy = 50.0% (N=100)
INFO:tensorflow:2020-02-02 00:20:45.311161: Step 2560: Train accuracy = 99.0%
I0202 00:20:45.311228 140343390071680 retrain.py:1082] 2020-02-02 00:20:45.311161: Step 2560: Train accuracy = 99.0%
INFO:tensorflow:2020-02-02 00:20:45.311391: Step 2560: Cross entropy = 0.225661
I0202 00:20:45.311410 140343390071680 retrain.py:1084] 2020-02-02 00:20:45.311391: Step 2560: Cross entropy = 0.225661
INFO:tensorflow:2020-02-02 00:20:45.388498: Step 2560: Validation accuracy = 56.0% (N=100)
I0202 00:20:45.388553 140343390071680 retrain.py:1100] 2020-02-02 00:20:45.388498: Step 2560: Validation accuracy = 56.0% (N=100)
INFO:tensorflow:2020-02-02 00:20:46.146919: Step 2570: Train accuracy = 99.0%
I0202 00:20:46.146997 140343390071680 retrain.py:1082] 2020-02-02 00:20:46.146919: Step 2570: Train accuracy = 99.0%
INFO:tensorflow:2020-02-02 00:20:46.147167: Step 2570: Cross entropy = 0.201914
I0202 00:20:46.147184 140343390071680 retrain.py:1084] 2020-02-02 00:20:46.147167: Step 2570: Cross entropy = 0.201914
INFO:tensorflow:2020-02-02 00:20:46.224236: Step 2570: Validation accuracy = 59.0% (N=100)
I0202 00:20:46.224293 140343390071680 retrain.py:1100] 2020-02-02 00:20:46.224236: Step 2570: Validation accuracy = 59.0% (N=100)
INFO:tensorflow:2020-02-02 00:20:46.997666: Step 2580: Train accuracy = 100.0%
I0202 00:20:46.997722 140343390071680 retrain.py:1082] 2020-02-02 00:20:46.997666: Step 2580: Train accuracy = 100.0%
INFO:tensorflow:2020-02-02 00:20:46.997907: Step 2580: Cross entropy = 0.200214
I0202 00:20:46.997948 140343390071680 retrain.py:1084] 2020-02-02 00:20:46.997907: Step 2580: Cross entropy = 0.200214
INFO:tensorflow:2020-02-02 00:20:47.084092: Step 2580: Validation accuracy = 49.0% (N=100)
I0202 00:20:47.084162 140343390071680 retrain.py:1100] 2020-02-02 00:20:47.084092: Step 2580: Validation accuracy = 49.0% (N=100)
INFO:tensorflow:2020-02-02 00:20:47.835450: Step 2590: Train accuracy = 96.0%
I0202 00:20:47.835529 140343390071680 retrain.py:1082] 2020-02-02 00:20:47.835450: Step 2590: Train accuracy = 96.0%
INFO:tensorflow:2020-02-02 00:20:47.835698: Step 2590: Cross entropy = 0.227360
I0202 00:20:47.835733 140343390071680 retrain.py:1084] 2020-02-02 00:20:47.835698: Step 2590: Cross entropy = 0.227360
INFO:tensorflow:2020-02-02 00:20:47.915980: Step 2590: Validation accuracy = 61.0% (N=100)
I0202 00:20:47.916050 140343390071680 retrain.py:1100] 2020-02-02 00:20:47.915980: Step 2590: Validation accuracy = 61.0% (N=100)
INFO:tensorflow:2020-02-02 00:20:48.670093: Step 2600: Train accuracy = 98.0%
I0202 00:20:48.670183 140343390071680 retrain.py:1082] 2020-02-02 00:20:48.670093: Step 2600: Train accuracy = 98.0%
INFO:tensorflow:2020-02-02 00:20:48.670315: Step 2600: Cross entropy = 0.232349
I0202 00:20:48.670333 140343390071680 retrain.py:1084] 2020-02-02 00:20:48.670315: Step 2600: Cross entropy = 0.232349
INFO:tensorflow:2020-02-02 00:20:48.748168: Step 2600: Validation accuracy = 51.0% (N=100)
I0202 00:20:48.748235 140343390071680 retrain.py:1100] 2020-02-02 00:20:48.748168: Step 2600: Validation accuracy = 51.0% (N=100)
INFO:tensorflow:2020-02-02 00:20:49.515578: Step 2610: Train accuracy = 100.0%
I0202 00:20:49.515645 140343390071680 retrain.py:1082] 2020-02-02 00:20:49.515578: Step 2610: Train accuracy = 100.0%
INFO:tensorflow:2020-02-02 00:20:49.515817: Step 2610: Cross entropy = 0.181611
I0202 00:20:49.515836 140343390071680 retrain.py:1084] 2020-02-02 00:20:49.515817: Step 2610: Cross entropy = 0.181611
INFO:tensorflow:2020-02-02 00:20:49.592802: Step 2610: Validation accuracy = 54.0% (N=100)
I0202 00:20:49.592872 140343390071680 retrain.py:1100] 2020-02-02 00:20:49.592802: Step 2610: Validation accuracy = 54.0% (N=100)
INFO:tensorflow:2020-02-02 00:20:50.354950: Step 2620: Train accuracy = 99.0%
I0202 00:20:50.355008 140343390071680 retrain.py:1082] 2020-02-02 00:20:50.354950: Step 2620: Train accuracy = 99.0%
INFO:tensorflow:2020-02-02 00:20:50.355180: Step 2620: Cross entropy = 0.215395
I0202 00:20:50.355201 140343390071680 retrain.py:1084] 2020-02-02 00:20:50.355180: Step 2620: Cross entropy = 0.215395
INFO:tensorflow:2020-02-02 00:20:50.431907: Step 2620: Validation accuracy = 55.0% (N=100)
I0202 00:20:50.431964 140343390071680 retrain.py:1100] 2020-02-02 00:20:50.431907: Step 2620: Validation accuracy = 55.0% (N=100)
INFO:tensorflow:2020-02-02 00:20:51.192908: Step 2630: Train accuracy = 99.0%
I0202 00:20:51.192975 140343390071680 retrain.py:1082] 2020-02-02 00:20:51.192908: Step 2630: Train accuracy = 99.0%
INFO:tensorflow:2020-02-02 00:20:51.193144: Step 2630: Cross entropy = 0.238857
I0202 00:20:51.193159 140343390071680 retrain.py:1084] 2020-02-02 00:20:51.193144: Step 2630: Cross entropy = 0.238857
INFO:tensorflow:2020-02-02 00:20:51.275748: Step 2630: Validation accuracy = 57.0% (N=100)
I0202 00:20:51.275829 140343390071680 retrain.py:1100] 2020-02-02 00:20:51.275748: Step 2630: Validation accuracy = 57.0% (N=100)
INFO:tensorflow:2020-02-02 00:20:52.039424: Step 2640: Train accuracy = 99.0%
I0202 00:20:52.039489 140343390071680 retrain.py:1082] 2020-02-02 00:20:52.039424: Step 2640: Train accuracy = 99.0%
INFO:tensorflow:2020-02-02 00:20:52.039656: Step 2640: Cross entropy = 0.207367
I0202 00:20:52.039675 140343390071680 retrain.py:1084] 2020-02-02 00:20:52.039656: Step 2640: Cross entropy = 0.207367
INFO:tensorflow:2020-02-02 00:20:52.118134: Step 2640: Validation accuracy = 43.0% (N=100)
I0202 00:20:52.118192 140343390071680 retrain.py:1100] 2020-02-02 00:20:52.118134: Step 2640: Validation accuracy = 43.0% (N=100)
INFO:tensorflow:2020-02-02 00:20:52.870136: Step 2650: Train accuracy = 99.0%
I0202 00:20:52.870200 140343390071680 retrain.py:1082] 2020-02-02 00:20:52.870136: Step 2650: Train accuracy = 99.0%
INFO:tensorflow:2020-02-02 00:20:52.870369: Step 2650: Cross entropy = 0.229991
I0202 00:20:52.870388 140343390071680 retrain.py:1084] 2020-02-02 00:20:52.870369: Step 2650: Cross entropy = 0.229991
INFO:tensorflow:2020-02-02 00:20:52.951290: Step 2650: Validation accuracy = 53.0% (N=100)
I0202 00:20:52.951372 140343390071680 retrain.py:1100] 2020-02-02 00:20:52.951290: Step 2650: Validation accuracy = 53.0% (N=100)
INFO:tensorflow:2020-02-02 00:20:53.716466: Step 2660: Train accuracy = 100.0%
I0202 00:20:53.716522 140343390071680 retrain.py:1082] 2020-02-02 00:20:53.716466: Step 2660: Train accuracy = 100.0%
INFO:tensorflow:2020-02-02 00:20:53.716704: Step 2660: Cross entropy = 0.216461
I0202 00:20:53.716723 140343390071680 retrain.py:1084] 2020-02-02 00:20:53.716704: Step 2660: Cross entropy = 0.216461
INFO:tensorflow:2020-02-02 00:20:53.791783: Step 2660: Validation accuracy = 52.0% (N=100)
I0202 00:20:53.791839 140343390071680 retrain.py:1100] 2020-02-02 00:20:53.791783: Step 2660: Validation accuracy = 52.0% (N=100)
INFO:tensorflow:2020-02-02 00:20:54.550615: Step 2670: Train accuracy = 98.0%
I0202 00:20:54.550694 140343390071680 retrain.py:1082] 2020-02-02 00:20:54.550615: Step 2670: Train accuracy = 98.0%
INFO:tensorflow:2020-02-02 00:20:54.550878: Step 2670: Cross entropy = 0.204308
I0202 00:20:54.550899 140343390071680 retrain.py:1084] 2020-02-02 00:20:54.550878: Step 2670: Cross entropy = 0.204308
INFO:tensorflow:2020-02-02 00:20:54.630028: Step 2670: Validation accuracy = 56.0% (N=100)
I0202 00:20:54.630095 140343390071680 retrain.py:1100] 2020-02-02 00:20:54.630028: Step 2670: Validation accuracy = 56.0% (N=100)
INFO:tensorflow:2020-02-02 00:20:55.391753: Step 2680: Train accuracy = 99.0%
I0202 00:20:55.391822 140343390071680 retrain.py:1082] 2020-02-02 00:20:55.391753: Step 2680: Train accuracy = 99.0%
INFO:tensorflow:2020-02-02 00:20:55.391971: Step 2680: Cross entropy = 0.223008
I0202 00:20:55.391988 140343390071680 retrain.py:1084] 2020-02-02 00:20:55.391971: Step 2680: Cross entropy = 0.223008
INFO:tensorflow:2020-02-02 00:20:55.479018: Step 2680: Validation accuracy = 47.0% (N=100)
I0202 00:20:55.479086 140343390071680 retrain.py:1100] 2020-02-02 00:20:55.479018: Step 2680: Validation accuracy = 47.0% (N=100)
INFO:tensorflow:2020-02-02 00:20:56.245506: Step 2690: Train accuracy = 99.0%
I0202 00:20:56.245561 140343390071680 retrain.py:1082] 2020-02-02 00:20:56.245506: Step 2690: Train accuracy = 99.0%
INFO:tensorflow:2020-02-02 00:20:56.245755: Step 2690: Cross entropy = 0.211426
I0202 00:20:56.245775 140343390071680 retrain.py:1084] 2020-02-02 00:20:56.245755: Step 2690: Cross entropy = 0.211426
INFO:tensorflow:2020-02-02 00:20:56.322291: Step 2690: Validation accuracy = 47.0% (N=100)
I0202 00:20:56.322347 140343390071680 retrain.py:1100] 2020-02-02 00:20:56.322291: Step 2690: Validation accuracy = 47.0% (N=100)
INFO:tensorflow:2020-02-02 00:20:57.081803: Step 2700: Train accuracy = 100.0%
I0202 00:20:57.081875 140343390071680 retrain.py:1082] 2020-02-02 00:20:57.081803: Step 2700: Train accuracy = 100.0%
INFO:tensorflow:2020-02-02 00:20:57.082085: Step 2700: Cross entropy = 0.180667
I0202 00:20:57.082103 140343390071680 retrain.py:1084] 2020-02-02 00:20:57.082085: Step 2700: Cross entropy = 0.180667
INFO:tensorflow:2020-02-02 00:20:57.158838: Step 2700: Validation accuracy = 56.0% (N=100)
I0202 00:20:57.158910 140343390071680 retrain.py:1100] 2020-02-02 00:20:57.158838: Step 2700: Validation accuracy = 56.0% (N=100)
INFO:tensorflow:2020-02-02 00:20:57.914867: Step 2710: Train accuracy = 99.0%
I0202 00:20:57.914921 140343390071680 retrain.py:1082] 2020-02-02 00:20:57.914867: Step 2710: Train accuracy = 99.0%
INFO:tensorflow:2020-02-02 00:20:57.915101: Step 2710: Cross entropy = 0.184532
I0202 00:20:57.915119 140343390071680 retrain.py:1084] 2020-02-02 00:20:57.915101: Step 2710: Cross entropy = 0.184532
INFO:tensorflow:2020-02-02 00:20:58.000723: Step 2710: Validation accuracy = 60.0% (N=100)
I0202 00:20:58.000780 140343390071680 retrain.py:1100] 2020-02-02 00:20:58.000723: Step 2710: Validation accuracy = 60.0% (N=100)
INFO:tensorflow:2020-02-02 00:20:58.769279: Step 2720: Train accuracy = 99.0%
I0202 00:20:58.769368 140343390071680 retrain.py:1082] 2020-02-02 00:20:58.769279: Step 2720: Train accuracy = 99.0%
INFO:tensorflow:2020-02-02 00:20:58.769549: Step 2720: Cross entropy = 0.206110
I0202 00:20:58.769574 140343390071680 retrain.py:1084] 2020-02-02 00:20:58.769549: Step 2720: Cross entropy = 0.206110
INFO:tensorflow:2020-02-02 00:20:58.845410: Step 2720: Validation accuracy = 67.0% (N=100)
I0202 00:20:58.845466 140343390071680 retrain.py:1100] 2020-02-02 00:20:58.845410: Step 2720: Validation accuracy = 67.0% (N=100)
INFO:tensorflow:2020-02-02 00:20:59.607445: Step 2730: Train accuracy = 98.0%
I0202 00:20:59.607516 140343390071680 retrain.py:1082] 2020-02-02 00:20:59.607445: Step 2730: Train accuracy = 98.0%
INFO:tensorflow:2020-02-02 00:20:59.607743: Step 2730: Cross entropy = 0.221930
I0202 00:20:59.607768 140343390071680 retrain.py:1084] 2020-02-02 00:20:59.607743: Step 2730: Cross entropy = 0.221930
INFO:tensorflow:2020-02-02 00:20:59.689348: Step 2730: Validation accuracy = 51.0% (N=100)
I0202 00:20:59.689429 140343390071680 retrain.py:1100] 2020-02-02 00:20:59.689348: Step 2730: Validation accuracy = 51.0% (N=100)
INFO:tensorflow:2020-02-02 00:21:00.441603: Step 2740: Train accuracy = 96.0%
I0202 00:21:00.441684 140343390071680 retrain.py:1082] 2020-02-02 00:21:00.441603: Step 2740: Train accuracy = 96.0%
INFO:tensorflow:2020-02-02 00:21:00.441850: Step 2740: Cross entropy = 0.222724
I0202 00:21:00.441870 140343390071680 retrain.py:1084] 2020-02-02 00:21:00.441850: Step 2740: Cross entropy = 0.222724
INFO:tensorflow:2020-02-02 00:21:00.523632: Step 2740: Validation accuracy = 52.0% (N=100)
I0202 00:21:00.523699 140343390071680 retrain.py:1100] 2020-02-02 00:21:00.523632: Step 2740: Validation accuracy = 52.0% (N=100)
INFO:tensorflow:2020-02-02 00:21:01.275652: Step 2750: Train accuracy = 99.0%
I0202 00:21:01.275721 140343390071680 retrain.py:1082] 2020-02-02 00:21:01.275652: Step 2750: Train accuracy = 99.0%
INFO:tensorflow:2020-02-02 00:21:01.275909: Step 2750: Cross entropy = 0.185440
I0202 00:21:01.275932 140343390071680 retrain.py:1084] 2020-02-02 00:21:01.275909: Step 2750: Cross entropy = 0.185440
INFO:tensorflow:2020-02-02 00:21:01.355953: Step 2750: Validation accuracy = 57.0% (N=100)
I0202 00:21:01.356020 140343390071680 retrain.py:1100] 2020-02-02 00:21:01.355953: Step 2750: Validation accuracy = 57.0% (N=100)
INFO:tensorflow:2020-02-02 00:21:02.124948: Step 2760: Train accuracy = 98.0%
I0202 00:21:02.125019 140343390071680 retrain.py:1082] 2020-02-02 00:21:02.124948: Step 2760: Train accuracy = 98.0%
INFO:tensorflow:2020-02-02 00:21:02.125202: Step 2760: Cross entropy = 0.206200
I0202 00:21:02.125219 140343390071680 retrain.py:1084] 2020-02-02 00:21:02.125202: Step 2760: Cross entropy = 0.206200
INFO:tensorflow:2020-02-02 00:21:02.200493: Step 2760: Validation accuracy = 53.0% (N=100)
I0202 00:21:02.200560 140343390071680 retrain.py:1100] 2020-02-02 00:21:02.200493: Step 2760: Validation accuracy = 53.0% (N=100)
INFO:tensorflow:2020-02-02 00:21:02.953342: Step 2770: Train accuracy = 99.0%
I0202 00:21:02.953438 140343390071680 retrain.py:1082] 2020-02-02 00:21:02.953342: Step 2770: Train accuracy = 99.0%
INFO:tensorflow:2020-02-02 00:21:02.953637: Step 2770: Cross entropy = 0.222667
I0202 00:21:02.953681 140343390071680 retrain.py:1084] 2020-02-02 00:21:02.953637: Step 2770: Cross entropy = 0.222667
INFO:tensorflow:2020-02-02 00:21:03.033643: Step 2770: Validation accuracy = 49.0% (N=100)
I0202 00:21:03.033722 140343390071680 retrain.py:1100] 2020-02-02 00:21:03.033643: Step 2770: Validation accuracy = 49.0% (N=100)
INFO:tensorflow:2020-02-02 00:21:03.802322: Step 2780: Train accuracy = 99.0%
I0202 00:21:03.802402 140343390071680 retrain.py:1082] 2020-02-02 00:21:03.802322: Step 2780: Train accuracy = 99.0%
INFO:tensorflow:2020-02-02 00:21:03.802583: Step 2780: Cross entropy = 0.200356
I0202 00:21:03.802604 140343390071680 retrain.py:1084] 2020-02-02 00:21:03.802583: Step 2780: Cross entropy = 0.200356
INFO:tensorflow:2020-02-02 00:21:03.880474: Step 2780: Validation accuracy = 59.0% (N=100)
I0202 00:21:03.880532 140343390071680 retrain.py:1100] 2020-02-02 00:21:03.880474: Step 2780: Validation accuracy = 59.0% (N=100)
INFO:tensorflow:2020-02-02 00:21:04.642027: Step 2790: Train accuracy = 99.0%
I0202 00:21:04.642091 140343390071680 retrain.py:1082] 2020-02-02 00:21:04.642027: Step 2790: Train accuracy = 99.0%
INFO:tensorflow:2020-02-02 00:21:04.642265: Step 2790: Cross entropy = 0.216003
I0202 00:21:04.642297 140343390071680 retrain.py:1084] 2020-02-02 00:21:04.642265: Step 2790: Cross entropy = 0.216003
INFO:tensorflow:2020-02-02 00:21:04.717999: Step 2790: Validation accuracy = 51.0% (N=100)
I0202 00:21:04.718069 140343390071680 retrain.py:1100] 2020-02-02 00:21:04.717999: Step 2790: Validation accuracy = 51.0% (N=100)
INFO:tensorflow:2020-02-02 00:21:05.485386: Step 2800: Train accuracy = 99.0%
I0202 00:21:05.485469 140343390071680 retrain.py:1082] 2020-02-02 00:21:05.485386: Step 2800: Train accuracy = 99.0%
INFO:tensorflow:2020-02-02 00:21:05.485615: Step 2800: Cross entropy = 0.201105
I0202 00:21:05.485634 140343390071680 retrain.py:1084] 2020-02-02 00:21:05.485615: Step 2800: Cross entropy = 0.201105
INFO:tensorflow:2020-02-02 00:21:05.562485: Step 2800: Validation accuracy = 56.0% (N=100)
I0202 00:21:05.562554 140343390071680 retrain.py:1100] 2020-02-02 00:21:05.562485: Step 2800: Validation accuracy = 56.0% (N=100)
INFO:tensorflow:2020-02-02 00:21:06.322072: Step 2810: Train accuracy = 98.0%
I0202 00:21:06.322151 140343390071680 retrain.py:1082] 2020-02-02 00:21:06.322072: Step 2810: Train accuracy = 98.0%
INFO:tensorflow:2020-02-02 00:21:06.322301: Step 2810: Cross entropy = 0.234093
I0202 00:21:06.322350 140343390071680 retrain.py:1084] 2020-02-02 00:21:06.322301: Step 2810: Cross entropy = 0.234093
INFO:tensorflow:2020-02-02 00:21:06.403315: Step 2810: Validation accuracy = 48.0% (N=100)
I0202 00:21:06.403382 140343390071680 retrain.py:1100] 2020-02-02 00:21:06.403315: Step 2810: Validation accuracy = 48.0% (N=100)
INFO:tensorflow:2020-02-02 00:21:07.173906: Step 2820: Train accuracy = 97.0%
I0202 00:21:07.173972 140343390071680 retrain.py:1082] 2020-02-02 00:21:07.173906: Step 2820: Train accuracy = 97.0%
INFO:tensorflow:2020-02-02 00:21:07.174157: Step 2820: Cross entropy = 0.222688
I0202 00:21:07.174176 140343390071680 retrain.py:1084] 2020-02-02 00:21:07.174157: Step 2820: Cross entropy = 0.222688
INFO:tensorflow:2020-02-02 00:21:07.253915: Step 2820: Validation accuracy = 56.0% (N=100)
I0202 00:21:07.254002 140343390071680 retrain.py:1100] 2020-02-02 00:21:07.253915: Step 2820: Validation accuracy = 56.0% (N=100)
INFO:tensorflow:2020-02-02 00:21:08.021304: Step 2830: Train accuracy = 98.0%
I0202 00:21:08.021373 140343390071680 retrain.py:1082] 2020-02-02 00:21:08.021304: Step 2830: Train accuracy = 98.0%
INFO:tensorflow:2020-02-02 00:21:08.021526: Step 2830: Cross entropy = 0.189230
I0202 00:21:08.021552 140343390071680 retrain.py:1084] 2020-02-02 00:21:08.021526: Step 2830: Cross entropy = 0.189230
INFO:tensorflow:2020-02-02 00:21:08.103893: Step 2830: Validation accuracy = 65.0% (N=100)
I0202 00:21:08.103991 140343390071680 retrain.py:1100] 2020-02-02 00:21:08.103893: Step 2830: Validation accuracy = 65.0% (N=100)
INFO:tensorflow:2020-02-02 00:21:08.855642: Step 2840: Train accuracy = 100.0%
I0202 00:21:08.855708 140343390071680 retrain.py:1082] 2020-02-02 00:21:08.855642: Step 2840: Train accuracy = 100.0%
INFO:tensorflow:2020-02-02 00:21:08.855865: Step 2840: Cross entropy = 0.206250
I0202 00:21:08.855881 140343390071680 retrain.py:1084] 2020-02-02 00:21:08.855865: Step 2840: Cross entropy = 0.206250
INFO:tensorflow:2020-02-02 00:21:08.934024: Step 2840: Validation accuracy = 54.0% (N=100)
I0202 00:21:08.934081 140343390071680 retrain.py:1100] 2020-02-02 00:21:08.934024: Step 2840: Validation accuracy = 54.0% (N=100)
INFO:tensorflow:2020-02-02 00:21:09.696041: Step 2850: Train accuracy = 100.0%
I0202 00:21:09.696107 140343390071680 retrain.py:1082] 2020-02-02 00:21:09.696041: Step 2850: Train accuracy = 100.0%
INFO:tensorflow:2020-02-02 00:21:09.696276: Step 2850: Cross entropy = 0.208927
I0202 00:21:09.696292 140343390071680 retrain.py:1084] 2020-02-02 00:21:09.696276: Step 2850: Cross entropy = 0.208927
INFO:tensorflow:2020-02-02 00:21:09.772024: Step 2850: Validation accuracy = 59.0% (N=100)
I0202 00:21:09.772081 140343390071680 retrain.py:1100] 2020-02-02 00:21:09.772024: Step 2850: Validation accuracy = 59.0% (N=100)
INFO:tensorflow:2020-02-02 00:21:10.536805: Step 2860: Train accuracy = 98.0%
I0202 00:21:10.536860 140343390071680 retrain.py:1082] 2020-02-02 00:21:10.536805: Step 2860: Train accuracy = 98.0%
INFO:tensorflow:2020-02-02 00:21:10.537036: Step 2860: Cross entropy = 0.184880
I0202 00:21:10.537057 140343390071680 retrain.py:1084] 2020-02-02 00:21:10.537036: Step 2860: Cross entropy = 0.184880
INFO:tensorflow:2020-02-02 00:21:10.614379: Step 2860: Validation accuracy = 59.0% (N=100)
I0202 00:21:10.614451 140343390071680 retrain.py:1100] 2020-02-02 00:21:10.614379: Step 2860: Validation accuracy = 59.0% (N=100)
INFO:tensorflow:2020-02-02 00:21:11.370077: Step 2870: Train accuracy = 100.0%
I0202 00:21:11.370134 140343390071680 retrain.py:1082] 2020-02-02 00:21:11.370077: Step 2870: Train accuracy = 100.0%
INFO:tensorflow:2020-02-02 00:21:11.370305: Step 2870: Cross entropy = 0.220265
I0202 00:21:11.370323 140343390071680 retrain.py:1084] 2020-02-02 00:21:11.370305: Step 2870: Cross entropy = 0.220265
INFO:tensorflow:2020-02-02 00:21:11.451100: Step 2870: Validation accuracy = 53.0% (N=100)
I0202 00:21:11.451179 140343390071680 retrain.py:1100] 2020-02-02 00:21:11.451100: Step 2870: Validation accuracy = 53.0% (N=100)
INFO:tensorflow:2020-02-02 00:21:12.211660: Step 2880: Train accuracy = 97.0%
I0202 00:21:12.211725 140343390071680 retrain.py:1082] 2020-02-02 00:21:12.211660: Step 2880: Train accuracy = 97.0%
INFO:tensorflow:2020-02-02 00:21:12.211903: Step 2880: Cross entropy = 0.208112
I0202 00:21:12.211919 140343390071680 retrain.py:1084] 2020-02-02 00:21:12.211903: Step 2880: Cross entropy = 0.208112
INFO:tensorflow:2020-02-02 00:21:12.292495: Step 2880: Validation accuracy = 55.0% (N=100)
I0202 00:21:12.292575 140343390071680 retrain.py:1100] 2020-02-02 00:21:12.292495: Step 2880: Validation accuracy = 55.0% (N=100)
INFO:tensorflow:2020-02-02 00:21:13.058112: Step 2890: Train accuracy = 99.0%
I0202 00:21:13.058192 140343390071680 retrain.py:1082] 2020-02-02 00:21:13.058112: Step 2890: Train accuracy = 99.0%
INFO:tensorflow:2020-02-02 00:21:13.058357: Step 2890: Cross entropy = 0.206474
I0202 00:21:13.058377 140343390071680 retrain.py:1084] 2020-02-02 00:21:13.058357: Step 2890: Cross entropy = 0.206474
INFO:tensorflow:2020-02-02 00:21:13.139248: Step 2890: Validation accuracy = 46.0% (N=100)
I0202 00:21:13.139318 140343390071680 retrain.py:1100] 2020-02-02 00:21:13.139248: Step 2890: Validation accuracy = 46.0% (N=100)
INFO:tensorflow:2020-02-02 00:21:13.889803: Step 2900: Train accuracy = 99.0%
I0202 00:21:13.889869 140343390071680 retrain.py:1082] 2020-02-02 00:21:13.889803: Step 2900: Train accuracy = 99.0%
INFO:tensorflow:2020-02-02 00:21:13.890053: Step 2900: Cross entropy = 0.208905
I0202 00:21:13.890071 140343390071680 retrain.py:1084] 2020-02-02 00:21:13.890053: Step 2900: Cross entropy = 0.208905
INFO:tensorflow:2020-02-02 00:21:13.970347: Step 2900: Validation accuracy = 64.0% (N=100)
I0202 00:21:13.970418 140343390071680 retrain.py:1100] 2020-02-02 00:21:13.970347: Step 2900: Validation accuracy = 64.0% (N=100)
INFO:tensorflow:2020-02-02 00:21:14.725612: Step 2910: Train accuracy = 100.0%
I0202 00:21:14.725712 140343390071680 retrain.py:1082] 2020-02-02 00:21:14.725612: Step 2910: Train accuracy = 100.0%
INFO:tensorflow:2020-02-02 00:21:14.725880: Step 2910: Cross entropy = 0.207885
I0202 00:21:14.725902 140343390071680 retrain.py:1084] 2020-02-02 00:21:14.725880: Step 2910: Cross entropy = 0.207885
INFO:tensorflow:2020-02-02 00:21:14.801845: Step 2910: Validation accuracy = 55.0% (N=100)
I0202 00:21:14.801938 140343390071680 retrain.py:1100] 2020-02-02 00:21:14.801845: Step 2910: Validation accuracy = 55.0% (N=100)
INFO:tensorflow:2020-02-02 00:21:15.573304: Step 2920: Train accuracy = 98.0%
I0202 00:21:15.573373 140343390071680 retrain.py:1082] 2020-02-02 00:21:15.573304: Step 2920: Train accuracy = 98.0%
INFO:tensorflow:2020-02-02 00:21:15.573566: Step 2920: Cross entropy = 0.198346
I0202 00:21:15.573587 140343390071680 retrain.py:1084] 2020-02-02 00:21:15.573566: Step 2920: Cross entropy = 0.198346
INFO:tensorflow:2020-02-02 00:21:15.651426: Step 2920: Validation accuracy = 52.0% (N=100)
I0202 00:21:15.651506 140343390071680 retrain.py:1100] 2020-02-02 00:21:15.651426: Step 2920: Validation accuracy = 52.0% (N=100)
INFO:tensorflow:2020-02-02 00:21:16.450830: Step 2930: Train accuracy = 97.0%
I0202 00:21:16.450940 140343390071680 retrain.py:1082] 2020-02-02 00:21:16.450830: Step 2930: Train accuracy = 97.0%
INFO:tensorflow:2020-02-02 00:21:16.451187: Step 2930: Cross entropy = 0.206137
I0202 00:21:16.451213 140343390071680 retrain.py:1084] 2020-02-02 00:21:16.451187: Step 2930: Cross entropy = 0.206137
INFO:tensorflow:2020-02-02 00:21:16.539816: Step 2930: Validation accuracy = 58.0% (N=100)
I0202 00:21:16.539873 140343390071680 retrain.py:1100] 2020-02-02 00:21:16.539816: Step 2930: Validation accuracy = 58.0% (N=100)
INFO:tensorflow:2020-02-02 00:21:17.299295: Step 2940: Train accuracy = 100.0%
I0202 00:21:17.299375 140343390071680 retrain.py:1082] 2020-02-02 00:21:17.299295: Step 2940: Train accuracy = 100.0%
INFO:tensorflow:2020-02-02 00:21:17.299540: Step 2940: Cross entropy = 0.176291
I0202 00:21:17.299574 140343390071680 retrain.py:1084] 2020-02-02 00:21:17.299540: Step 2940: Cross entropy = 0.176291
INFO:tensorflow:2020-02-02 00:21:17.392810: Step 2940: Validation accuracy = 62.0% (N=100)
I0202 00:21:17.392867 140343390071680 retrain.py:1100] 2020-02-02 00:21:17.392810: Step 2940: Validation accuracy = 62.0% (N=100)
INFO:tensorflow:2020-02-02 00:21:18.173022: Step 2950: Train accuracy = 100.0%
I0202 00:21:18.173091 140343390071680 retrain.py:1082] 2020-02-02 00:21:18.173022: Step 2950: Train accuracy = 100.0%
INFO:tensorflow:2020-02-02 00:21:18.173269: Step 2950: Cross entropy = 0.212334
I0202 00:21:18.173290 140343390071680 retrain.py:1084] 2020-02-02 00:21:18.173269: Step 2950: Cross entropy = 0.212334
INFO:tensorflow:2020-02-02 00:21:18.254159: Step 2950: Validation accuracy = 53.0% (N=100)
I0202 00:21:18.254230 140343390071680 retrain.py:1100] 2020-02-02 00:21:18.254159: Step 2950: Validation accuracy = 53.0% (N=100)
INFO:tensorflow:2020-02-02 00:21:19.015791: Step 2960: Train accuracy = 100.0%
I0202 00:21:19.015871 140343390071680 retrain.py:1082] 2020-02-02 00:21:19.015791: Step 2960: Train accuracy = 100.0%
INFO:tensorflow:2020-02-02 00:21:19.016042: Step 2960: Cross entropy = 0.178282
I0202 00:21:19.016060 140343390071680 retrain.py:1084] 2020-02-02 00:21:19.016042: Step 2960: Cross entropy = 0.178282
INFO:tensorflow:2020-02-02 00:21:19.099367: Step 2960: Validation accuracy = 55.0% (N=100)
I0202 00:21:19.099424 140343390071680 retrain.py:1100] 2020-02-02 00:21:19.099367: Step 2960: Validation accuracy = 55.0% (N=100)
INFO:tensorflow:2020-02-02 00:21:19.862316: Step 2970: Train accuracy = 99.0%
I0202 00:21:19.862374 140343390071680 retrain.py:1082] 2020-02-02 00:21:19.862316: Step 2970: Train accuracy = 99.0%
INFO:tensorflow:2020-02-02 00:21:19.862559: Step 2970: Cross entropy = 0.198731
I0202 00:21:19.862583 140343390071680 retrain.py:1084] 2020-02-02 00:21:19.862559: Step 2970: Cross entropy = 0.198731
INFO:tensorflow:2020-02-02 00:21:19.940676: Step 2970: Validation accuracy = 57.0% (N=100)
I0202 00:21:19.940766 140343390071680 retrain.py:1100] 2020-02-02 00:21:19.940676: Step 2970: Validation accuracy = 57.0% (N=100)
INFO:tensorflow:2020-02-02 00:21:20.734760: Step 2980: Train accuracy = 98.0%
I0202 00:21:20.734830 140343390071680 retrain.py:1082] 2020-02-02 00:21:20.734760: Step 2980: Train accuracy = 98.0%
INFO:tensorflow:2020-02-02 00:21:20.734999: Step 2980: Cross entropy = 0.198007
I0202 00:21:20.735029 140343390071680 retrain.py:1084] 2020-02-02 00:21:20.734999: Step 2980: Cross entropy = 0.198007
INFO:tensorflow:2020-02-02 00:21:20.811477: Step 2980: Validation accuracy = 57.0% (N=100)
I0202 00:21:20.811532 140343390071680 retrain.py:1100] 2020-02-02 00:21:20.811477: Step 2980: Validation accuracy = 57.0% (N=100)
INFO:tensorflow:2020-02-02 00:21:21.592729: Step 2990: Train accuracy = 99.0%
I0202 00:21:21.592799 140343390071680 retrain.py:1082] 2020-02-02 00:21:21.592729: Step 2990: Train accuracy = 99.0%
INFO:tensorflow:2020-02-02 00:21:21.592937: Step 2990: Cross entropy = 0.200025
I0202 00:21:21.592967 140343390071680 retrain.py:1084] 2020-02-02 00:21:21.592937: Step 2990: Cross entropy = 0.200025
INFO:tensorflow:2020-02-02 00:21:21.669571: Step 2990: Validation accuracy = 57.0% (N=100)
I0202 00:21:21.669665 140343390071680 retrain.py:1100] 2020-02-02 00:21:21.669571: Step 2990: Validation accuracy = 57.0% (N=100)
INFO:tensorflow:2020-02-02 00:21:22.440792: Step 3000: Train accuracy = 99.0%
I0202 00:21:22.440861 140343390071680 retrain.py:1082] 2020-02-02 00:21:22.440792: Step 3000: Train accuracy = 99.0%
INFO:tensorflow:2020-02-02 00:21:22.441027: Step 3000: Cross entropy = 0.195107
I0202 00:21:22.441059 140343390071680 retrain.py:1084] 2020-02-02 00:21:22.441027: Step 3000: Cross entropy = 0.195107
INFO:tensorflow:2020-02-02 00:21:22.529531: Step 3000: Validation accuracy = 62.0% (N=100)
I0202 00:21:22.529598 140343390071680 retrain.py:1100] 2020-02-02 00:21:22.529531: Step 3000: Validation accuracy = 62.0% (N=100)
INFO:tensorflow:2020-02-02 00:21:23.293040: Step 3010: Train accuracy = 99.0%
I0202 00:21:23.293095 140343390071680 retrain.py:1082] 2020-02-02 00:21:23.293040: Step 3010: Train accuracy = 99.0%
INFO:tensorflow:2020-02-02 00:21:23.293272: Step 3010: Cross entropy = 0.190965
I0202 00:21:23.293292 140343390071680 retrain.py:1084] 2020-02-02 00:21:23.293272: Step 3010: Cross entropy = 0.190965
INFO:tensorflow:2020-02-02 00:21:23.369839: Step 3010: Validation accuracy = 52.0% (N=100)
I0202 00:21:23.369937 140343390071680 retrain.py:1100] 2020-02-02 00:21:23.369839: Step 3010: Validation accuracy = 52.0% (N=100)
INFO:tensorflow:2020-02-02 00:21:24.141982: Step 3020: Train accuracy = 99.0%
I0202 00:21:24.142052 140343390071680 retrain.py:1082] 2020-02-02 00:21:24.141982: Step 3020: Train accuracy = 99.0%
INFO:tensorflow:2020-02-02 00:21:24.142199: Step 3020: Cross entropy = 0.191918
I0202 00:21:24.142217 140343390071680 retrain.py:1084] 2020-02-02 00:21:24.142199: Step 3020: Cross entropy = 0.191918
INFO:tensorflow:2020-02-02 00:21:24.219408: Step 3020: Validation accuracy = 59.0% (N=100)
I0202 00:21:24.219475 140343390071680 retrain.py:1100] 2020-02-02 00:21:24.219408: Step 3020: Validation accuracy = 59.0% (N=100)
INFO:tensorflow:2020-02-02 00:21:24.989450: Step 3030: Train accuracy = 100.0%
I0202 00:21:24.989508 140343390071680 retrain.py:1082] 2020-02-02 00:21:24.989450: Step 3030: Train accuracy = 100.0%
INFO:tensorflow:2020-02-02 00:21:24.989673: Step 3030: Cross entropy = 0.180510
I0202 00:21:24.989702 140343390071680 retrain.py:1084] 2020-02-02 00:21:24.989673: Step 3030: Cross entropy = 0.180510
INFO:tensorflow:2020-02-02 00:21:25.067045: Step 3030: Validation accuracy = 55.0% (N=100)
I0202 00:21:25.067104 140343390071680 retrain.py:1100] 2020-02-02 00:21:25.067045: Step 3030: Validation accuracy = 55.0% (N=100)
INFO:tensorflow:2020-02-02 00:21:25.817346: Step 3040: Train accuracy = 99.0%
I0202 00:21:25.817402 140343390071680 retrain.py:1082] 2020-02-02 00:21:25.817346: Step 3040: Train accuracy = 99.0%
INFO:tensorflow:2020-02-02 00:21:25.817571: Step 3040: Cross entropy = 0.186073
I0202 00:21:25.817592 140343390071680 retrain.py:1084] 2020-02-02 00:21:25.817571: Step 3040: Cross entropy = 0.186073
INFO:tensorflow:2020-02-02 00:21:25.893698: Step 3040: Validation accuracy = 50.0% (N=100)
I0202 00:21:25.893767 140343390071680 retrain.py:1100] 2020-02-02 00:21:25.893698: Step 3040: Validation accuracy = 50.0% (N=100)
INFO:tensorflow:2020-02-02 00:21:26.669284: Step 3050: Train accuracy = 98.0%
I0202 00:21:26.669367 140343390071680 retrain.py:1082] 2020-02-02 00:21:26.669284: Step 3050: Train accuracy = 98.0%
INFO:tensorflow:2020-02-02 00:21:26.669542: Step 3050: Cross entropy = 0.191296
I0202 00:21:26.669563 140343390071680 retrain.py:1084] 2020-02-02 00:21:26.669542: Step 3050: Cross entropy = 0.191296
INFO:tensorflow:2020-02-02 00:21:26.751156: Step 3050: Validation accuracy = 49.0% (N=100)
I0202 00:21:26.751222 140343390071680 retrain.py:1100] 2020-02-02 00:21:26.751156: Step 3050: Validation accuracy = 49.0% (N=100)
INFO:tensorflow:2020-02-02 00:21:27.522156: Step 3060: Train accuracy = 99.0%
I0202 00:21:27.522212 140343390071680 retrain.py:1082] 2020-02-02 00:21:27.522156: Step 3060: Train accuracy = 99.0%
INFO:tensorflow:2020-02-02 00:21:27.522404: Step 3060: Cross entropy = 0.193918
I0202 00:21:27.522423 140343390071680 retrain.py:1084] 2020-02-02 00:21:27.522404: Step 3060: Cross entropy = 0.193918
INFO:tensorflow:2020-02-02 00:21:27.601210: Step 3060: Validation accuracy = 57.0% (N=100)
I0202 00:21:27.601266 140343390071680 retrain.py:1100] 2020-02-02 00:21:27.601210: Step 3060: Validation accuracy = 57.0% (N=100)
INFO:tensorflow:2020-02-02 00:21:28.362319: Step 3070: Train accuracy = 98.0%
I0202 00:21:28.362385 140343390071680 retrain.py:1082] 2020-02-02 00:21:28.362319: Step 3070: Train accuracy = 98.0%
INFO:tensorflow:2020-02-02 00:21:28.362564: Step 3070: Cross entropy = 0.207802
I0202 00:21:28.362606 140343390071680 retrain.py:1084] 2020-02-02 00:21:28.362564: Step 3070: Cross entropy = 0.207802
INFO:tensorflow:2020-02-02 00:21:28.443777: Step 3070: Validation accuracy = 67.0% (N=100)
I0202 00:21:28.443848 140343390071680 retrain.py:1100] 2020-02-02 00:21:28.443777: Step 3070: Validation accuracy = 67.0% (N=100)
INFO:tensorflow:2020-02-02 00:21:29.227784: Step 3080: Train accuracy = 99.0%
I0202 00:21:29.227854 140343390071680 retrain.py:1082] 2020-02-02 00:21:29.227784: Step 3080: Train accuracy = 99.0%
INFO:tensorflow:2020-02-02 00:21:29.228005: Step 3080: Cross entropy = 0.204996
I0202 00:21:29.228022 140343390071680 retrain.py:1084] 2020-02-02 00:21:29.228005: Step 3080: Cross entropy = 0.204996
INFO:tensorflow:2020-02-02 00:21:29.307494: Step 3080: Validation accuracy = 61.0% (N=100)
I0202 00:21:29.307592 140343390071680 retrain.py:1100] 2020-02-02 00:21:29.307494: Step 3080: Validation accuracy = 61.0% (N=100)
INFO:tensorflow:2020-02-02 00:21:30.077025: Step 3090: Train accuracy = 98.0%
I0202 00:21:30.077082 140343390071680 retrain.py:1082] 2020-02-02 00:21:30.077025: Step 3090: Train accuracy = 98.0%
INFO:tensorflow:2020-02-02 00:21:30.077272: Step 3090: Cross entropy = 0.207804
I0202 00:21:30.077290 140343390071680 retrain.py:1084] 2020-02-02 00:21:30.077272: Step 3090: Cross entropy = 0.207804
INFO:tensorflow:2020-02-02 00:21:30.160446: Step 3090: Validation accuracy = 55.0% (N=100)
I0202 00:21:30.160511 140343390071680 retrain.py:1100] 2020-02-02 00:21:30.160446: Step 3090: Validation accuracy = 55.0% (N=100)
INFO:tensorflow:2020-02-02 00:21:30.926771: Step 3100: Train accuracy = 99.0%
I0202 00:21:30.926826 140343390071680 retrain.py:1082] 2020-02-02 00:21:30.926771: Step 3100: Train accuracy = 99.0%
INFO:tensorflow:2020-02-02 00:21:30.927017: Step 3100: Cross entropy = 0.213483
I0202 00:21:30.927034 140343390071680 retrain.py:1084] 2020-02-02 00:21:30.927017: Step 3100: Cross entropy = 0.213483
INFO:tensorflow:2020-02-02 00:21:31.007979: Step 3100: Validation accuracy = 54.0% (N=100)
I0202 00:21:31.008077 140343390071680 retrain.py:1100] 2020-02-02 00:21:31.007979: Step 3100: Validation accuracy = 54.0% (N=100)
INFO:tensorflow:2020-02-02 00:21:31.778336: Step 3110: Train accuracy = 100.0%
I0202 00:21:31.778413 140343390071680 retrain.py:1082] 2020-02-02 00:21:31.778336: Step 3110: Train accuracy = 100.0%
INFO:tensorflow:2020-02-02 00:21:31.778580: Step 3110: Cross entropy = 0.180989
I0202 00:21:31.778597 140343390071680 retrain.py:1084] 2020-02-02 00:21:31.778580: Step 3110: Cross entropy = 0.180989
INFO:tensorflow:2020-02-02 00:21:31.855724: Step 3110: Validation accuracy = 63.0% (N=100)
I0202 00:21:31.855789 140343390071680 retrain.py:1100] 2020-02-02 00:21:31.855724: Step 3110: Validation accuracy = 63.0% (N=100)
INFO:tensorflow:2020-02-02 00:21:32.626275: Step 3120: Train accuracy = 99.0%
I0202 00:21:32.626331 140343390071680 retrain.py:1082] 2020-02-02 00:21:32.626275: Step 3120: Train accuracy = 99.0%
INFO:tensorflow:2020-02-02 00:21:32.626501: Step 3120: Cross entropy = 0.189553
I0202 00:21:32.626518 140343390071680 retrain.py:1084] 2020-02-02 00:21:32.626501: Step 3120: Cross entropy = 0.189553
INFO:tensorflow:2020-02-02 00:21:32.708469: Step 3120: Validation accuracy = 62.0% (N=100)
I0202 00:21:32.708528 140343390071680 retrain.py:1100] 2020-02-02 00:21:32.708469: Step 3120: Validation accuracy = 62.0% (N=100)
INFO:tensorflow:2020-02-02 00:21:33.489959: Step 3130: Train accuracy = 99.0%
I0202 00:21:33.490018 140343390071680 retrain.py:1082] 2020-02-02 00:21:33.489959: Step 3130: Train accuracy = 99.0%
INFO:tensorflow:2020-02-02 00:21:33.490219: Step 3130: Cross entropy = 0.187771
I0202 00:21:33.490238 140343390071680 retrain.py:1084] 2020-02-02 00:21:33.490219: Step 3130: Cross entropy = 0.187771
INFO:tensorflow:2020-02-02 00:21:33.569463: Step 3130: Validation accuracy = 67.0% (N=100)
I0202 00:21:33.569519 140343390071680 retrain.py:1100] 2020-02-02 00:21:33.569463: Step 3130: Validation accuracy = 67.0% (N=100)
INFO:tensorflow:2020-02-02 00:21:34.330217: Step 3140: Train accuracy = 99.0%
I0202 00:21:34.330273 140343390071680 retrain.py:1082] 2020-02-02 00:21:34.330217: Step 3140: Train accuracy = 99.0%
INFO:tensorflow:2020-02-02 00:21:34.330442: Step 3140: Cross entropy = 0.213973
I0202 00:21:34.330458 140343390071680 retrain.py:1084] 2020-02-02 00:21:34.330442: Step 3140: Cross entropy = 0.213973
INFO:tensorflow:2020-02-02 00:21:34.408788: Step 3140: Validation accuracy = 53.0% (N=100)
I0202 00:21:34.408859 140343390071680 retrain.py:1100] 2020-02-02 00:21:34.408788: Step 3140: Validation accuracy = 53.0% (N=100)
INFO:tensorflow:2020-02-02 00:21:35.176910: Step 3150: Train accuracy = 97.0%
I0202 00:21:35.176965 140343390071680 retrain.py:1082] 2020-02-02 00:21:35.176910: Step 3150: Train accuracy = 97.0%
INFO:tensorflow:2020-02-02 00:21:35.177133: Step 3150: Cross entropy = 0.205765
I0202 00:21:35.177151 140343390071680 retrain.py:1084] 2020-02-02 00:21:35.177133: Step 3150: Cross entropy = 0.205765
INFO:tensorflow:2020-02-02 00:21:35.254317: Step 3150: Validation accuracy = 54.0% (N=100)
I0202 00:21:35.254398 140343390071680 retrain.py:1100] 2020-02-02 00:21:35.254317: Step 3150: Validation accuracy = 54.0% (N=100)
INFO:tensorflow:2020-02-02 00:21:36.017876: Step 3160: Train accuracy = 99.0%
I0202 00:21:36.017956 140343390071680 retrain.py:1082] 2020-02-02 00:21:36.017876: Step 3160: Train accuracy = 99.0%
INFO:tensorflow:2020-02-02 00:21:36.018134: Step 3160: Cross entropy = 0.204328
I0202 00:21:36.018153 140343390071680 retrain.py:1084] 2020-02-02 00:21:36.018134: Step 3160: Cross entropy = 0.204328
INFO:tensorflow:2020-02-02 00:21:36.101686: Step 3160: Validation accuracy = 55.0% (N=100)
I0202 00:21:36.101759 140343390071680 retrain.py:1100] 2020-02-02 00:21:36.101686: Step 3160: Validation accuracy = 55.0% (N=100)
INFO:tensorflow:2020-02-02 00:21:36.859204: Step 3170: Train accuracy = 100.0%
I0202 00:21:36.859258 140343390071680 retrain.py:1082] 2020-02-02 00:21:36.859204: Step 3170: Train accuracy = 100.0%
INFO:tensorflow:2020-02-02 00:21:36.859449: Step 3170: Cross entropy = 0.192840
I0202 00:21:36.859472 140343390071680 retrain.py:1084] 2020-02-02 00:21:36.859449: Step 3170: Cross entropy = 0.192840
INFO:tensorflow:2020-02-02 00:21:36.941194: Step 3170: Validation accuracy = 58.0% (N=100)
I0202 00:21:36.941260 140343390071680 retrain.py:1100] 2020-02-02 00:21:36.941194: Step 3170: Validation accuracy = 58.0% (N=100)
INFO:tensorflow:2020-02-02 00:21:37.706754: Step 3180: Train accuracy = 98.0%
I0202 00:21:37.706809 140343390071680 retrain.py:1082] 2020-02-02 00:21:37.706754: Step 3180: Train accuracy = 98.0%
INFO:tensorflow:2020-02-02 00:21:37.706971: Step 3180: Cross entropy = 0.182643
I0202 00:21:37.706998 140343390071680 retrain.py:1084] 2020-02-02 00:21:37.706971: Step 3180: Cross entropy = 0.182643
INFO:tensorflow:2020-02-02 00:21:37.783417: Step 3180: Validation accuracy = 59.0% (N=100)
I0202 00:21:37.783485 140343390071680 retrain.py:1100] 2020-02-02 00:21:37.783417: Step 3180: Validation accuracy = 59.0% (N=100)
INFO:tensorflow:2020-02-02 00:21:38.548721: Step 3190: Train accuracy = 99.0%
I0202 00:21:38.548786 140343390071680 retrain.py:1082] 2020-02-02 00:21:38.548721: Step 3190: Train accuracy = 99.0%
INFO:tensorflow:2020-02-02 00:21:38.548959: Step 3190: Cross entropy = 0.188871
I0202 00:21:38.548976 140343390071680 retrain.py:1084] 2020-02-02 00:21:38.548959: Step 3190: Cross entropy = 0.188871
INFO:tensorflow:2020-02-02 00:21:38.627869: Step 3190: Validation accuracy = 59.0% (N=100)
I0202 00:21:38.627936 140343390071680 retrain.py:1100] 2020-02-02 00:21:38.627869: Step 3190: Validation accuracy = 59.0% (N=100)
INFO:tensorflow:2020-02-02 00:21:39.401119: Step 3200: Train accuracy = 99.0%
I0202 00:21:39.401185 140343390071680 retrain.py:1082] 2020-02-02 00:21:39.401119: Step 3200: Train accuracy = 99.0%
INFO:tensorflow:2020-02-02 00:21:39.401343: Step 3200: Cross entropy = 0.208156
I0202 00:21:39.401361 140343390071680 retrain.py:1084] 2020-02-02 00:21:39.401343: Step 3200: Cross entropy = 0.208156
INFO:tensorflow:2020-02-02 00:21:39.481148: Step 3200: Validation accuracy = 56.0% (N=100)
I0202 00:21:39.481207 140343390071680 retrain.py:1100] 2020-02-02 00:21:39.481148: Step 3200: Validation accuracy = 56.0% (N=100)
INFO:tensorflow:2020-02-02 00:21:40.244496: Step 3210: Train accuracy = 99.0%
I0202 00:21:40.244553 140343390071680 retrain.py:1082] 2020-02-02 00:21:40.244496: Step 3210: Train accuracy = 99.0%
INFO:tensorflow:2020-02-02 00:21:40.244701: Step 3210: Cross entropy = 0.210476
I0202 00:21:40.244734 140343390071680 retrain.py:1084] 2020-02-02 00:21:40.244701: Step 3210: Cross entropy = 0.210476
INFO:tensorflow:2020-02-02 00:21:40.322865: Step 3210: Validation accuracy = 56.0% (N=100)
I0202 00:21:40.322935 140343390071680 retrain.py:1100] 2020-02-02 00:21:40.322865: Step 3210: Validation accuracy = 56.0% (N=100)
INFO:tensorflow:2020-02-02 00:21:41.093073: Step 3220: Train accuracy = 100.0%
I0202 00:21:41.093145 140343390071680 retrain.py:1082] 2020-02-02 00:21:41.093073: Step 3220: Train accuracy = 100.0%
INFO:tensorflow:2020-02-02 00:21:41.093332: Step 3220: Cross entropy = 0.179397
I0202 00:21:41.093351 140343390071680 retrain.py:1084] 2020-02-02 00:21:41.093332: Step 3220: Cross entropy = 0.179397
INFO:tensorflow:2020-02-02 00:21:41.181298: Step 3220: Validation accuracy = 54.0% (N=100)
I0202 00:21:41.181367 140343390071680 retrain.py:1100] 2020-02-02 00:21:41.181298: Step 3220: Validation accuracy = 54.0% (N=100)
INFO:tensorflow:2020-02-02 00:21:41.942301: Step 3230: Train accuracy = 97.0%
I0202 00:21:41.942372 140343390071680 retrain.py:1082] 2020-02-02 00:21:41.942301: Step 3230: Train accuracy = 97.0%
INFO:tensorflow:2020-02-02 00:21:41.942559: Step 3230: Cross entropy = 0.193719
I0202 00:21:41.942579 140343390071680 retrain.py:1084] 2020-02-02 00:21:41.942559: Step 3230: Cross entropy = 0.193719
INFO:tensorflow:2020-02-02 00:21:42.023682: Step 3230: Validation accuracy = 50.0% (N=100)
I0202 00:21:42.023755 140343390071680 retrain.py:1100] 2020-02-02 00:21:42.023682: Step 3230: Validation accuracy = 50.0% (N=100)
INFO:tensorflow:2020-02-02 00:21:42.784118: Step 3240: Train accuracy = 99.0%
I0202 00:21:42.784194 140343390071680 retrain.py:1082] 2020-02-02 00:21:42.784118: Step 3240: Train accuracy = 99.0%
INFO:tensorflow:2020-02-02 00:21:42.784375: Step 3240: Cross entropy = 0.173279
I0202 00:21:42.784399 140343390071680 retrain.py:1084] 2020-02-02 00:21:42.784375: Step 3240: Cross entropy = 0.173279
INFO:tensorflow:2020-02-02 00:21:42.865770: Step 3240: Validation accuracy = 54.0% (N=100)
I0202 00:21:42.865871 140343390071680 retrain.py:1100] 2020-02-02 00:21:42.865770: Step 3240: Validation accuracy = 54.0% (N=100)
INFO:tensorflow:2020-02-02 00:21:43.642311: Step 3250: Train accuracy = 99.0%
I0202 00:21:43.642408 140343390071680 retrain.py:1082] 2020-02-02 00:21:43.642311: Step 3250: Train accuracy = 99.0%
INFO:tensorflow:2020-02-02 00:21:43.642551: Step 3250: Cross entropy = 0.181886
I0202 00:21:43.642568 140343390071680 retrain.py:1084] 2020-02-02 00:21:43.642551: Step 3250: Cross entropy = 0.181886
INFO:tensorflow:2020-02-02 00:21:43.720673: Step 3250: Validation accuracy = 50.0% (N=100)
I0202 00:21:43.720743 140343390071680 retrain.py:1100] 2020-02-02 00:21:43.720673: Step 3250: Validation accuracy = 50.0% (N=100)
INFO:tensorflow:2020-02-02 00:21:44.479304: Step 3260: Train accuracy = 98.0%
I0202 00:21:44.479360 140343390071680 retrain.py:1082] 2020-02-02 00:21:44.479304: Step 3260: Train accuracy = 98.0%
INFO:tensorflow:2020-02-02 00:21:44.479553: Step 3260: Cross entropy = 0.194461
I0202 00:21:44.479575 140343390071680 retrain.py:1084] 2020-02-02 00:21:44.479553: Step 3260: Cross entropy = 0.194461
INFO:tensorflow:2020-02-02 00:21:44.561872: Step 3260: Validation accuracy = 61.0% (N=100)
I0202 00:21:44.561981 140343390071680 retrain.py:1100] 2020-02-02 00:21:44.561872: Step 3260: Validation accuracy = 61.0% (N=100)
INFO:tensorflow:2020-02-02 00:21:45.327705: Step 3270: Train accuracy = 100.0%
I0202 00:21:45.327761 140343390071680 retrain.py:1082] 2020-02-02 00:21:45.327705: Step 3270: Train accuracy = 100.0%
INFO:tensorflow:2020-02-02 00:21:45.327941: Step 3270: Cross entropy = 0.189930
I0202 00:21:45.327962 140343390071680 retrain.py:1084] 2020-02-02 00:21:45.327941: Step 3270: Cross entropy = 0.189930
INFO:tensorflow:2020-02-02 00:21:45.407116: Step 3270: Validation accuracy = 56.0% (N=100)
I0202 00:21:45.407172 140343390071680 retrain.py:1100] 2020-02-02 00:21:45.407116: Step 3270: Validation accuracy = 56.0% (N=100)
INFO:tensorflow:2020-02-02 00:21:46.172918: Step 3280: Train accuracy = 98.0%
I0202 00:21:46.172989 140343390071680 retrain.py:1082] 2020-02-02 00:21:46.172918: Step 3280: Train accuracy = 98.0%
INFO:tensorflow:2020-02-02 00:21:46.173161: Step 3280: Cross entropy = 0.216986
I0202 00:21:46.173189 140343390071680 retrain.py:1084] 2020-02-02 00:21:46.173161: Step 3280: Cross entropy = 0.216986
INFO:tensorflow:2020-02-02 00:21:46.250572: Step 3280: Validation accuracy = 58.0% (N=100)
I0202 00:21:46.250629 140343390071680 retrain.py:1100] 2020-02-02 00:21:46.250572: Step 3280: Validation accuracy = 58.0% (N=100)
INFO:tensorflow:2020-02-02 00:21:47.012339: Step 3290: Train accuracy = 98.0%
I0202 00:21:47.012408 140343390071680 retrain.py:1082] 2020-02-02 00:21:47.012339: Step 3290: Train accuracy = 98.0%
INFO:tensorflow:2020-02-02 00:21:47.012568: Step 3290: Cross entropy = 0.182238
I0202 00:21:47.012587 140343390071680 retrain.py:1084] 2020-02-02 00:21:47.012568: Step 3290: Cross entropy = 0.182238
INFO:tensorflow:2020-02-02 00:21:47.095913: Step 3290: Validation accuracy = 56.0% (N=100)
I0202 00:21:47.095983 140343390071680 retrain.py:1100] 2020-02-02 00:21:47.095913: Step 3290: Validation accuracy = 56.0% (N=100)
INFO:tensorflow:2020-02-02 00:21:47.864806: Step 3300: Train accuracy = 99.0%
I0202 00:21:47.864860 140343390071680 retrain.py:1082] 2020-02-02 00:21:47.864806: Step 3300: Train accuracy = 99.0%
INFO:tensorflow:2020-02-02 00:21:47.865032: Step 3300: Cross entropy = 0.178882
I0202 00:21:47.865048 140343390071680 retrain.py:1084] 2020-02-02 00:21:47.865032: Step 3300: Cross entropy = 0.178882
INFO:tensorflow:2020-02-02 00:21:47.946414: Step 3300: Validation accuracy = 59.0% (N=100)
I0202 00:21:47.946470 140343390071680 retrain.py:1100] 2020-02-02 00:21:47.946414: Step 3300: Validation accuracy = 59.0% (N=100)
INFO:tensorflow:2020-02-02 00:21:48.700926: Step 3310: Train accuracy = 99.0%
I0202 00:21:48.700991 140343390071680 retrain.py:1082] 2020-02-02 00:21:48.700926: Step 3310: Train accuracy = 99.0%
INFO:tensorflow:2020-02-02 00:21:48.701159: Step 3310: Cross entropy = 0.195610
I0202 00:21:48.701176 140343390071680 retrain.py:1084] 2020-02-02 00:21:48.701159: Step 3310: Cross entropy = 0.195610
INFO:tensorflow:2020-02-02 00:21:48.781717: Step 3310: Validation accuracy = 55.0% (N=100)
I0202 00:21:48.781781 140343390071680 retrain.py:1100] 2020-02-02 00:21:48.781717: Step 3310: Validation accuracy = 55.0% (N=100)
INFO:tensorflow:2020-02-02 00:21:49.552596: Step 3320: Train accuracy = 98.0%
I0202 00:21:49.552662 140343390071680 retrain.py:1082] 2020-02-02 00:21:49.552596: Step 3320: Train accuracy = 98.0%
INFO:tensorflow:2020-02-02 00:21:49.552819: Step 3320: Cross entropy = 0.173911
I0202 00:21:49.552837 140343390071680 retrain.py:1084] 2020-02-02 00:21:49.552819: Step 3320: Cross entropy = 0.173911
INFO:tensorflow:2020-02-02 00:21:49.631299: Step 3320: Validation accuracy = 54.0% (N=100)
I0202 00:21:49.631357 140343390071680 retrain.py:1100] 2020-02-02 00:21:49.631299: Step 3320: Validation accuracy = 54.0% (N=100)
INFO:tensorflow:2020-02-02 00:21:50.388888: Step 3330: Train accuracy = 99.0%
I0202 00:21:50.388943 140343390071680 retrain.py:1082] 2020-02-02 00:21:50.388888: Step 3330: Train accuracy = 99.0%
INFO:tensorflow:2020-02-02 00:21:50.389108: Step 3330: Cross entropy = 0.191449
I0202 00:21:50.389126 140343390071680 retrain.py:1084] 2020-02-02 00:21:50.389108: Step 3330: Cross entropy = 0.191449
INFO:tensorflow:2020-02-02 00:21:50.469880: Step 3330: Validation accuracy = 51.0% (N=100)
I0202 00:21:50.469982 140343390071680 retrain.py:1100] 2020-02-02 00:21:50.469880: Step 3330: Validation accuracy = 51.0% (N=100)
INFO:tensorflow:2020-02-02 00:21:51.225190: Step 3340: Train accuracy = 95.0%
I0202 00:21:51.225245 140343390071680 retrain.py:1082] 2020-02-02 00:21:51.225190: Step 3340: Train accuracy = 95.0%
INFO:tensorflow:2020-02-02 00:21:51.225438: Step 3340: Cross entropy = 0.197842
I0202 00:21:51.225456 140343390071680 retrain.py:1084] 2020-02-02 00:21:51.225438: Step 3340: Cross entropy = 0.197842
INFO:tensorflow:2020-02-02 00:21:51.308642: Step 3340: Validation accuracy = 65.0% (N=100)
I0202 00:21:51.308715 140343390071680 retrain.py:1100] 2020-02-02 00:21:51.308642: Step 3340: Validation accuracy = 65.0% (N=100)
INFO:tensorflow:2020-02-02 00:21:52.105193: Step 3350: Train accuracy = 99.0%
I0202 00:21:52.105258 140343390071680 retrain.py:1082] 2020-02-02 00:21:52.105193: Step 3350: Train accuracy = 99.0%
INFO:tensorflow:2020-02-02 00:21:52.105443: Step 3350: Cross entropy = 0.200467
I0202 00:21:52.105466 140343390071680 retrain.py:1084] 2020-02-02 00:21:52.105443: Step 3350: Cross entropy = 0.200467
INFO:tensorflow:2020-02-02 00:21:52.181905: Step 3350: Validation accuracy = 51.0% (N=100)
I0202 00:21:52.181994 140343390071680 retrain.py:1100] 2020-02-02 00:21:52.181905: Step 3350: Validation accuracy = 51.0% (N=100)
INFO:tensorflow:2020-02-02 00:21:52.938445: Step 3360: Train accuracy = 100.0%
I0202 00:21:52.938510 140343390071680 retrain.py:1082] 2020-02-02 00:21:52.938445: Step 3360: Train accuracy = 100.0%
INFO:tensorflow:2020-02-02 00:21:52.938679: Step 3360: Cross entropy = 0.173987
I0202 00:21:52.938697 140343390071680 retrain.py:1084] 2020-02-02 00:21:52.938679: Step 3360: Cross entropy = 0.173987
INFO:tensorflow:2020-02-02 00:21:53.021248: Step 3360: Validation accuracy = 58.0% (N=100)
I0202 00:21:53.021305 140343390071680 retrain.py:1100] 2020-02-02 00:21:53.021248: Step 3360: Validation accuracy = 58.0% (N=100)
INFO:tensorflow:2020-02-02 00:21:53.794678: Step 3370: Train accuracy = 100.0%
I0202 00:21:53.794745 140343390071680 retrain.py:1082] 2020-02-02 00:21:53.794678: Step 3370: Train accuracy = 100.0%
INFO:tensorflow:2020-02-02 00:21:53.794924: Step 3370: Cross entropy = 0.194818
I0202 00:21:53.794939 140343390071680 retrain.py:1084] 2020-02-02 00:21:53.794924: Step 3370: Cross entropy = 0.194818
INFO:tensorflow:2020-02-02 00:21:53.874123: Step 3370: Validation accuracy = 64.0% (N=100)
I0202 00:21:53.874216 140343390071680 retrain.py:1100] 2020-02-02 00:21:53.874123: Step 3370: Validation accuracy = 64.0% (N=100)
INFO:tensorflow:2020-02-02 00:21:54.652893: Step 3380: Train accuracy = 100.0%
I0202 00:21:54.652972 140343390071680 retrain.py:1082] 2020-02-02 00:21:54.652893: Step 3380: Train accuracy = 100.0%
INFO:tensorflow:2020-02-02 00:21:54.653154: Step 3380: Cross entropy = 0.182937
I0202 00:21:54.653179 140343390071680 retrain.py:1084] 2020-02-02 00:21:54.653154: Step 3380: Cross entropy = 0.182937
INFO:tensorflow:2020-02-02 00:21:54.735675: Step 3380: Validation accuracy = 54.0% (N=100)
I0202 00:21:54.735751 140343390071680 retrain.py:1100] 2020-02-02 00:21:54.735675: Step 3380: Validation accuracy = 54.0% (N=100)
INFO:tensorflow:2020-02-02 00:21:55.494551: Step 3390: Train accuracy = 100.0%
I0202 00:21:55.494608 140343390071680 retrain.py:1082] 2020-02-02 00:21:55.494551: Step 3390: Train accuracy = 100.0%
INFO:tensorflow:2020-02-02 00:21:55.494793: Step 3390: Cross entropy = 0.194929
I0202 00:21:55.494811 140343390071680 retrain.py:1084] 2020-02-02 00:21:55.494793: Step 3390: Cross entropy = 0.194929
INFO:tensorflow:2020-02-02 00:21:55.573350: Step 3390: Validation accuracy = 60.0% (N=100)
I0202 00:21:55.573405 140343390071680 retrain.py:1100] 2020-02-02 00:21:55.573350: Step 3390: Validation accuracy = 60.0% (N=100)
INFO:tensorflow:2020-02-02 00:21:56.348388: Step 3400: Train accuracy = 100.0%
I0202 00:21:56.348445 140343390071680 retrain.py:1082] 2020-02-02 00:21:56.348388: Step 3400: Train accuracy = 100.0%
INFO:tensorflow:2020-02-02 00:21:56.348609: Step 3400: Cross entropy = 0.176347
I0202 00:21:56.348633 140343390071680 retrain.py:1084] 2020-02-02 00:21:56.348609: Step 3400: Cross entropy = 0.176347
INFO:tensorflow:2020-02-02 00:21:56.426948: Step 3400: Validation accuracy = 54.0% (N=100)
I0202 00:21:56.427013 140343390071680 retrain.py:1100] 2020-02-02 00:21:56.426948: Step 3400: Validation accuracy = 54.0% (N=100)
INFO:tensorflow:2020-02-02 00:21:57.187161: Step 3410: Train accuracy = 100.0%
I0202 00:21:57.187217 140343390071680 retrain.py:1082] 2020-02-02 00:21:57.187161: Step 3410: Train accuracy = 100.0%
INFO:tensorflow:2020-02-02 00:21:57.187405: Step 3410: Cross entropy = 0.191961
I0202 00:21:57.187436 140343390071680 retrain.py:1084] 2020-02-02 00:21:57.187405: Step 3410: Cross entropy = 0.191961
INFO:tensorflow:2020-02-02 00:21:57.265639: Step 3410: Validation accuracy = 51.0% (N=100)
I0202 00:21:57.265743 140343390071680 retrain.py:1100] 2020-02-02 00:21:57.265639: Step 3410: Validation accuracy = 51.0% (N=100)
INFO:tensorflow:2020-02-02 00:21:58.032478: Step 3420: Train accuracy = 98.0%
I0202 00:21:58.032535 140343390071680 retrain.py:1082] 2020-02-02 00:21:58.032478: Step 3420: Train accuracy = 98.0%
INFO:tensorflow:2020-02-02 00:21:58.032709: Step 3420: Cross entropy = 0.189494
I0202 00:21:58.032725 140343390071680 retrain.py:1084] 2020-02-02 00:21:58.032709: Step 3420: Cross entropy = 0.189494
INFO:tensorflow:2020-02-02 00:21:58.115728: Step 3420: Validation accuracy = 53.0% (N=100)
I0202 00:21:58.115796 140343390071680 retrain.py:1100] 2020-02-02 00:21:58.115728: Step 3420: Validation accuracy = 53.0% (N=100)
INFO:tensorflow:2020-02-02 00:21:58.878706: Step 3430: Train accuracy = 99.0%
I0202 00:21:58.878770 140343390071680 retrain.py:1082] 2020-02-02 00:21:58.878706: Step 3430: Train accuracy = 99.0%
INFO:tensorflow:2020-02-02 00:21:58.878951: Step 3430: Cross entropy = 0.208484
I0202 00:21:58.878980 140343390071680 retrain.py:1084] 2020-02-02 00:21:58.878951: Step 3430: Cross entropy = 0.208484
INFO:tensorflow:2020-02-02 00:21:58.955043: Step 3430: Validation accuracy = 56.0% (N=100)
I0202 00:21:58.955150 140343390071680 retrain.py:1100] 2020-02-02 00:21:58.955043: Step 3430: Validation accuracy = 56.0% (N=100)
INFO:tensorflow:2020-02-02 00:21:59.725285: Step 3440: Train accuracy = 100.0%
I0202 00:21:59.725368 140343390071680 retrain.py:1082] 2020-02-02 00:21:59.725285: Step 3440: Train accuracy = 100.0%
INFO:tensorflow:2020-02-02 00:21:59.725528: Step 3440: Cross entropy = 0.180386
I0202 00:21:59.725565 140343390071680 retrain.py:1084] 2020-02-02 00:21:59.725528: Step 3440: Cross entropy = 0.180386
INFO:tensorflow:2020-02-02 00:21:59.805248: Step 3440: Validation accuracy = 62.0% (N=100)
I0202 00:21:59.805333 140343390071680 retrain.py:1100] 2020-02-02 00:21:59.805248: Step 3440: Validation accuracy = 62.0% (N=100)
INFO:tensorflow:2020-02-02 00:22:00.574723: Step 3450: Train accuracy = 100.0%
I0202 00:22:00.574791 140343390071680 retrain.py:1082] 2020-02-02 00:22:00.574723: Step 3450: Train accuracy = 100.0%
INFO:tensorflow:2020-02-02 00:22:00.574970: Step 3450: Cross entropy = 0.202039
I0202 00:22:00.574999 140343390071680 retrain.py:1084] 2020-02-02 00:22:00.574970: Step 3450: Cross entropy = 0.202039
INFO:tensorflow:2020-02-02 00:22:00.651792: Step 3450: Validation accuracy = 57.0% (N=100)
I0202 00:22:00.651848 140343390071680 retrain.py:1100] 2020-02-02 00:22:00.651792: Step 3450: Validation accuracy = 57.0% (N=100)
INFO:tensorflow:2020-02-02 00:22:01.416252: Step 3460: Train accuracy = 100.0%
I0202 00:22:01.416317 140343390071680 retrain.py:1082] 2020-02-02 00:22:01.416252: Step 3460: Train accuracy = 100.0%
INFO:tensorflow:2020-02-02 00:22:01.416493: Step 3460: Cross entropy = 0.179233
I0202 00:22:01.416510 140343390071680 retrain.py:1084] 2020-02-02 00:22:01.416493: Step 3460: Cross entropy = 0.179233
INFO:tensorflow:2020-02-02 00:22:01.511583: Step 3460: Validation accuracy = 63.0% (N=100)
I0202 00:22:01.511653 140343390071680 retrain.py:1100] 2020-02-02 00:22:01.511583: Step 3460: Validation accuracy = 63.0% (N=100)
INFO:tensorflow:2020-02-02 00:22:02.270878: Step 3470: Train accuracy = 99.0%
I0202 00:22:02.270945 140343390071680 retrain.py:1082] 2020-02-02 00:22:02.270878: Step 3470: Train accuracy = 99.0%
INFO:tensorflow:2020-02-02 00:22:02.271116: Step 3470: Cross entropy = 0.171351
I0202 00:22:02.271136 140343390071680 retrain.py:1084] 2020-02-02 00:22:02.271116: Step 3470: Cross entropy = 0.171351
INFO:tensorflow:2020-02-02 00:22:02.353521: Step 3470: Validation accuracy = 60.0% (N=100)
I0202 00:22:02.353601 140343390071680 retrain.py:1100] 2020-02-02 00:22:02.353521: Step 3470: Validation accuracy = 60.0% (N=100)
INFO:tensorflow:2020-02-02 00:22:03.121046: Step 3480: Train accuracy = 98.0%
I0202 00:22:03.121099 140343390071680 retrain.py:1082] 2020-02-02 00:22:03.121046: Step 3480: Train accuracy = 98.0%
INFO:tensorflow:2020-02-02 00:22:03.121291: Step 3480: Cross entropy = 0.195770
I0202 00:22:03.121307 140343390071680 retrain.py:1084] 2020-02-02 00:22:03.121291: Step 3480: Cross entropy = 0.195770
INFO:tensorflow:2020-02-02 00:22:03.197232: Step 3480: Validation accuracy = 56.0% (N=100)
I0202 00:22:03.197299 140343390071680 retrain.py:1100] 2020-02-02 00:22:03.197232: Step 3480: Validation accuracy = 56.0% (N=100)
INFO:tensorflow:2020-02-02 00:22:03.957936: Step 3490: Train accuracy = 99.0%
I0202 00:22:03.958048 140343390071680 retrain.py:1082] 2020-02-02 00:22:03.957936: Step 3490: Train accuracy = 99.0%
INFO:tensorflow:2020-02-02 00:22:03.958240: Step 3490: Cross entropy = 0.192471
I0202 00:22:03.958268 140343390071680 retrain.py:1084] 2020-02-02 00:22:03.958240: Step 3490: Cross entropy = 0.192471
INFO:tensorflow:2020-02-02 00:22:04.040802: Step 3490: Validation accuracy = 49.0% (N=100)
I0202 00:22:04.040882 140343390071680 retrain.py:1100] 2020-02-02 00:22:04.040802: Step 3490: Validation accuracy = 49.0% (N=100)
INFO:tensorflow:2020-02-02 00:22:04.821714: Step 3500: Train accuracy = 99.0%
I0202 00:22:04.821769 140343390071680 retrain.py:1082] 2020-02-02 00:22:04.821714: Step 3500: Train accuracy = 99.0%
INFO:tensorflow:2020-02-02 00:22:04.821958: Step 3500: Cross entropy = 0.199925
I0202 00:22:04.821974 140343390071680 retrain.py:1084] 2020-02-02 00:22:04.821958: Step 3500: Cross entropy = 0.199925
INFO:tensorflow:2020-02-02 00:22:04.897762: Step 3500: Validation accuracy = 68.0% (N=100)
I0202 00:22:04.897853 140343390071680 retrain.py:1100] 2020-02-02 00:22:04.897762: Step 3500: Validation accuracy = 68.0% (N=100)
INFO:tensorflow:2020-02-02 00:22:05.669387: Step 3510: Train accuracy = 100.0%
I0202 00:22:05.669446 140343390071680 retrain.py:1082] 2020-02-02 00:22:05.669387: Step 3510: Train accuracy = 100.0%
INFO:tensorflow:2020-02-02 00:22:05.669625: Step 3510: Cross entropy = 0.151999
I0202 00:22:05.669640 140343390071680 retrain.py:1084] 2020-02-02 00:22:05.669625: Step 3510: Cross entropy = 0.151999
INFO:tensorflow:2020-02-02 00:22:05.748724: Step 3510: Validation accuracy = 49.0% (N=100)
I0202 00:22:05.748807 140343390071680 retrain.py:1100] 2020-02-02 00:22:05.748724: Step 3510: Validation accuracy = 49.0% (N=100)
INFO:tensorflow:2020-02-02 00:22:06.513499: Step 3520: Train accuracy = 100.0%
I0202 00:22:06.513553 140343390071680 retrain.py:1082] 2020-02-02 00:22:06.513499: Step 3520: Train accuracy = 100.0%
INFO:tensorflow:2020-02-02 00:22:06.513749: Step 3520: Cross entropy = 0.210526
I0202 00:22:06.513772 140343390071680 retrain.py:1084] 2020-02-02 00:22:06.513749: Step 3520: Cross entropy = 0.210526
INFO:tensorflow:2020-02-02 00:22:06.591773: Step 3520: Validation accuracy = 57.0% (N=100)
I0202 00:22:06.591841 140343390071680 retrain.py:1100] 2020-02-02 00:22:06.591773: Step 3520: Validation accuracy = 57.0% (N=100)
INFO:tensorflow:2020-02-02 00:22:07.366701: Step 3530: Train accuracy = 100.0%
I0202 00:22:07.366770 140343390071680 retrain.py:1082] 2020-02-02 00:22:07.366701: Step 3530: Train accuracy = 100.0%
INFO:tensorflow:2020-02-02 00:22:07.366933: Step 3530: Cross entropy = 0.192948
I0202 00:22:07.366951 140343390071680 retrain.py:1084] 2020-02-02 00:22:07.366933: Step 3530: Cross entropy = 0.192948
INFO:tensorflow:2020-02-02 00:22:07.446855: Step 3530: Validation accuracy = 53.0% (N=100)
I0202 00:22:07.446937 140343390071680 retrain.py:1100] 2020-02-02 00:22:07.446855: Step 3530: Validation accuracy = 53.0% (N=100)
INFO:tensorflow:2020-02-02 00:22:08.206320: Step 3540: Train accuracy = 99.0%
I0202 00:22:08.206399 140343390071680 retrain.py:1082] 2020-02-02 00:22:08.206320: Step 3540: Train accuracy = 99.0%
INFO:tensorflow:2020-02-02 00:22:08.206553: Step 3540: Cross entropy = 0.193005
I0202 00:22:08.206584 140343390071680 retrain.py:1084] 2020-02-02 00:22:08.206553: Step 3540: Cross entropy = 0.193005
INFO:tensorflow:2020-02-02 00:22:08.287817: Step 3540: Validation accuracy = 55.0% (N=100)
I0202 00:22:08.287898 140343390071680 retrain.py:1100] 2020-02-02 00:22:08.287817: Step 3540: Validation accuracy = 55.0% (N=100)
INFO:tensorflow:2020-02-02 00:22:09.045576: Step 3550: Train accuracy = 99.0%
I0202 00:22:09.045642 140343390071680 retrain.py:1082] 2020-02-02 00:22:09.045576: Step 3550: Train accuracy = 99.0%
INFO:tensorflow:2020-02-02 00:22:09.045814: Step 3550: Cross entropy = 0.203806
I0202 00:22:09.045836 140343390071680 retrain.py:1084] 2020-02-02 00:22:09.045814: Step 3550: Cross entropy = 0.203806
INFO:tensorflow:2020-02-02 00:22:09.125129: Step 3550: Validation accuracy = 57.0% (N=100)
I0202 00:22:09.125188 140343390071680 retrain.py:1100] 2020-02-02 00:22:09.125129: Step 3550: Validation accuracy = 57.0% (N=100)
INFO:tensorflow:2020-02-02 00:22:09.933735: Step 3560: Train accuracy = 98.0%
I0202 00:22:09.933790 140343390071680 retrain.py:1082] 2020-02-02 00:22:09.933735: Step 3560: Train accuracy = 98.0%
INFO:tensorflow:2020-02-02 00:22:09.933986: Step 3560: Cross entropy = 0.178056
I0202 00:22:09.934005 140343390071680 retrain.py:1084] 2020-02-02 00:22:09.933986: Step 3560: Cross entropy = 0.178056
INFO:tensorflow:2020-02-02 00:22:10.014558: Step 3560: Validation accuracy = 54.0% (N=100)
I0202 00:22:10.014637 140343390071680 retrain.py:1100] 2020-02-02 00:22:10.014558: Step 3560: Validation accuracy = 54.0% (N=100)
INFO:tensorflow:2020-02-02 00:22:10.785238: Step 3570: Train accuracy = 100.0%
I0202 00:22:10.785306 140343390071680 retrain.py:1082] 2020-02-02 00:22:10.785238: Step 3570: Train accuracy = 100.0%
INFO:tensorflow:2020-02-02 00:22:10.785493: Step 3570: Cross entropy = 0.184832
I0202 00:22:10.785514 140343390071680 retrain.py:1084] 2020-02-02 00:22:10.785493: Step 3570: Cross entropy = 0.184832
INFO:tensorflow:2020-02-02 00:22:10.863818: Step 3570: Validation accuracy = 50.0% (N=100)
I0202 00:22:10.863885 140343390071680 retrain.py:1100] 2020-02-02 00:22:10.863818: Step 3570: Validation accuracy = 50.0% (N=100)
INFO:tensorflow:2020-02-02 00:22:11.639622: Step 3580: Train accuracy = 100.0%
I0202 00:22:11.639678 140343390071680 retrain.py:1082] 2020-02-02 00:22:11.639622: Step 3580: Train accuracy = 100.0%
INFO:tensorflow:2020-02-02 00:22:11.639854: Step 3580: Cross entropy = 0.182951
I0202 00:22:11.639872 140343390071680 retrain.py:1084] 2020-02-02 00:22:11.639854: Step 3580: Cross entropy = 0.182951
INFO:tensorflow:2020-02-02 00:22:11.724902: Step 3580: Validation accuracy = 50.0% (N=100)
I0202 00:22:11.724972 140343390071680 retrain.py:1100] 2020-02-02 00:22:11.724902: Step 3580: Validation accuracy = 50.0% (N=100)
INFO:tensorflow:2020-02-02 00:22:12.488893: Step 3590: Train accuracy = 99.0%
I0202 00:22:12.488961 140343390071680 retrain.py:1082] 2020-02-02 00:22:12.488893: Step 3590: Train accuracy = 99.0%
INFO:tensorflow:2020-02-02 00:22:12.489146: Step 3590: Cross entropy = 0.169527
I0202 00:22:12.489176 140343390071680 retrain.py:1084] 2020-02-02 00:22:12.489146: Step 3590: Cross entropy = 0.169527
INFO:tensorflow:2020-02-02 00:22:12.567902: Step 3590: Validation accuracy = 57.0% (N=100)
I0202 00:22:12.567988 140343390071680 retrain.py:1100] 2020-02-02 00:22:12.567902: Step 3590: Validation accuracy = 57.0% (N=100)
INFO:tensorflow:2020-02-02 00:22:13.331780: Step 3600: Train accuracy = 97.0%
I0202 00:22:13.331848 140343390071680 retrain.py:1082] 2020-02-02 00:22:13.331780: Step 3600: Train accuracy = 97.0%
INFO:tensorflow:2020-02-02 00:22:13.331997: Step 3600: Cross entropy = 0.196888
I0202 00:22:13.332028 140343390071680 retrain.py:1084] 2020-02-02 00:22:13.331997: Step 3600: Cross entropy = 0.196888
INFO:tensorflow:2020-02-02 00:22:13.411205: Step 3600: Validation accuracy = 57.0% (N=100)
I0202 00:22:13.411262 140343390071680 retrain.py:1100] 2020-02-02 00:22:13.411205: Step 3600: Validation accuracy = 57.0% (N=100)
INFO:tensorflow:2020-02-02 00:22:14.192428: Step 3610: Train accuracy = 100.0%
I0202 00:22:14.192491 140343390071680 retrain.py:1082] 2020-02-02 00:22:14.192428: Step 3610: Train accuracy = 100.0%
INFO:tensorflow:2020-02-02 00:22:14.192662: Step 3610: Cross entropy = 0.159513
I0202 00:22:14.192680 140343390071680 retrain.py:1084] 2020-02-02 00:22:14.192662: Step 3610: Cross entropy = 0.159513
INFO:tensorflow:2020-02-02 00:22:14.267754: Step 3610: Validation accuracy = 53.0% (N=100)
I0202 00:22:14.267825 140343390071680 retrain.py:1100] 2020-02-02 00:22:14.267754: Step 3610: Validation accuracy = 53.0% (N=100)
INFO:tensorflow:2020-02-02 00:22:15.041889: Step 3620: Train accuracy = 98.0%
I0202 00:22:15.041965 140343390071680 retrain.py:1082] 2020-02-02 00:22:15.041889: Step 3620: Train accuracy = 98.0%
INFO:tensorflow:2020-02-02 00:22:15.042123: Step 3620: Cross entropy = 0.181061
I0202 00:22:15.042140 140343390071680 retrain.py:1084] 2020-02-02 00:22:15.042123: Step 3620: Cross entropy = 0.181061
INFO:tensorflow:2020-02-02 00:22:15.125599: Step 3620: Validation accuracy = 52.0% (N=100)
I0202 00:22:15.125656 140343390071680 retrain.py:1100] 2020-02-02 00:22:15.125599: Step 3620: Validation accuracy = 52.0% (N=100)
INFO:tensorflow:2020-02-02 00:22:15.887749: Step 3630: Train accuracy = 100.0%
I0202 00:22:15.887806 140343390071680 retrain.py:1082] 2020-02-02 00:22:15.887749: Step 3630: Train accuracy = 100.0%
INFO:tensorflow:2020-02-02 00:22:15.887996: Step 3630: Cross entropy = 0.145224
I0202 00:22:15.888014 140343390071680 retrain.py:1084] 2020-02-02 00:22:15.887996: Step 3630: Cross entropy = 0.145224
INFO:tensorflow:2020-02-02 00:22:15.969377: Step 3630: Validation accuracy = 58.0% (N=100)
I0202 00:22:15.969463 140343390071680 retrain.py:1100] 2020-02-02 00:22:15.969377: Step 3630: Validation accuracy = 58.0% (N=100)
INFO:tensorflow:2020-02-02 00:22:16.746868: Step 3640: Train accuracy = 98.0%
I0202 00:22:16.746925 140343390071680 retrain.py:1082] 2020-02-02 00:22:16.746868: Step 3640: Train accuracy = 98.0%
INFO:tensorflow:2020-02-02 00:22:16.747102: Step 3640: Cross entropy = 0.183333
I0202 00:22:16.747120 140343390071680 retrain.py:1084] 2020-02-02 00:22:16.747102: Step 3640: Cross entropy = 0.183333
INFO:tensorflow:2020-02-02 00:22:16.824071: Step 3640: Validation accuracy = 56.0% (N=100)
I0202 00:22:16.824141 140343390071680 retrain.py:1100] 2020-02-02 00:22:16.824071: Step 3640: Validation accuracy = 56.0% (N=100)
INFO:tensorflow:2020-02-02 00:22:17.589204: Step 3650: Train accuracy = 99.0%
I0202 00:22:17.589259 140343390071680 retrain.py:1082] 2020-02-02 00:22:17.589204: Step 3650: Train accuracy = 99.0%
INFO:tensorflow:2020-02-02 00:22:17.589434: Step 3650: Cross entropy = 0.187431
I0202 00:22:17.589451 140343390071680 retrain.py:1084] 2020-02-02 00:22:17.589434: Step 3650: Cross entropy = 0.187431
INFO:tensorflow:2020-02-02 00:22:17.670003: Step 3650: Validation accuracy = 62.0% (N=100)
I0202 00:22:17.670072 140343390071680 retrain.py:1100] 2020-02-02 00:22:17.670003: Step 3650: Validation accuracy = 62.0% (N=100)
INFO:tensorflow:2020-02-02 00:22:18.464558: Step 3660: Train accuracy = 97.0%
I0202 00:22:18.464627 140343390071680 retrain.py:1082] 2020-02-02 00:22:18.464558: Step 3660: Train accuracy = 97.0%
INFO:tensorflow:2020-02-02 00:22:18.464808: Step 3660: Cross entropy = 0.203000
I0202 00:22:18.464824 140343390071680 retrain.py:1084] 2020-02-02 00:22:18.464808: Step 3660: Cross entropy = 0.203000
INFO:tensorflow:2020-02-02 00:22:18.543023: Step 3660: Validation accuracy = 52.0% (N=100)
I0202 00:22:18.543098 140343390071680 retrain.py:1100] 2020-02-02 00:22:18.543023: Step 3660: Validation accuracy = 52.0% (N=100)
INFO:tensorflow:2020-02-02 00:22:19.304548: Step 3670: Train accuracy = 99.0%
I0202 00:22:19.304602 140343390071680 retrain.py:1082] 2020-02-02 00:22:19.304548: Step 3670: Train accuracy = 99.0%
INFO:tensorflow:2020-02-02 00:22:19.304771: Step 3670: Cross entropy = 0.178892
I0202 00:22:19.304789 140343390071680 retrain.py:1084] 2020-02-02 00:22:19.304771: Step 3670: Cross entropy = 0.178892
INFO:tensorflow:2020-02-02 00:22:19.381796: Step 3670: Validation accuracy = 49.0% (N=100)
I0202 00:22:19.381863 140343390071680 retrain.py:1100] 2020-02-02 00:22:19.381796: Step 3670: Validation accuracy = 49.0% (N=100)
INFO:tensorflow:2020-02-02 00:22:20.148626: Step 3680: Train accuracy = 99.0%
I0202 00:22:20.148717 140343390071680 retrain.py:1082] 2020-02-02 00:22:20.148626: Step 3680: Train accuracy = 99.0%
INFO:tensorflow:2020-02-02 00:22:20.148871: Step 3680: Cross entropy = 0.176546
I0202 00:22:20.148896 140343390071680 retrain.py:1084] 2020-02-02 00:22:20.148871: Step 3680: Cross entropy = 0.176546
INFO:tensorflow:2020-02-02 00:22:20.225173: Step 3680: Validation accuracy = 53.0% (N=100)
I0202 00:22:20.225229 140343390071680 retrain.py:1100] 2020-02-02 00:22:20.225173: Step 3680: Validation accuracy = 53.0% (N=100)
INFO:tensorflow:2020-02-02 00:22:21.011745: Step 3690: Train accuracy = 100.0%
I0202 00:22:21.011801 140343390071680 retrain.py:1082] 2020-02-02 00:22:21.011745: Step 3690: Train accuracy = 100.0%
INFO:tensorflow:2020-02-02 00:22:21.011983: Step 3690: Cross entropy = 0.187514
I0202 00:22:21.012002 140343390071680 retrain.py:1084] 2020-02-02 00:22:21.011983: Step 3690: Cross entropy = 0.187514
INFO:tensorflow:2020-02-02 00:22:21.089626: Step 3690: Validation accuracy = 42.0% (N=100)
I0202 00:22:21.089689 140343390071680 retrain.py:1100] 2020-02-02 00:22:21.089626: Step 3690: Validation accuracy = 42.0% (N=100)
INFO:tensorflow:2020-02-02 00:22:21.859938: Step 3700: Train accuracy = 99.0%
I0202 00:22:21.859994 140343390071680 retrain.py:1082] 2020-02-02 00:22:21.859938: Step 3700: Train accuracy = 99.0%
INFO:tensorflow:2020-02-02 00:22:21.860183: Step 3700: Cross entropy = 0.185002
I0202 00:22:21.860201 140343390071680 retrain.py:1084] 2020-02-02 00:22:21.860183: Step 3700: Cross entropy = 0.185002
INFO:tensorflow:2020-02-02 00:22:21.939485: Step 3700: Validation accuracy = 53.0% (N=100)
I0202 00:22:21.939551 140343390071680 retrain.py:1100] 2020-02-02 00:22:21.939485: Step 3700: Validation accuracy = 53.0% (N=100)
INFO:tensorflow:2020-02-02 00:22:22.708217: Step 3710: Train accuracy = 99.0%
I0202 00:22:22.708273 140343390071680 retrain.py:1082] 2020-02-02 00:22:22.708217: Step 3710: Train accuracy = 99.0%
INFO:tensorflow:2020-02-02 00:22:22.708456: Step 3710: Cross entropy = 0.174795
I0202 00:22:22.708474 140343390071680 retrain.py:1084] 2020-02-02 00:22:22.708456: Step 3710: Cross entropy = 0.174795
INFO:tensorflow:2020-02-02 00:22:22.783810: Step 3710: Validation accuracy = 51.0% (N=100)
I0202 00:22:22.783866 140343390071680 retrain.py:1100] 2020-02-02 00:22:22.783810: Step 3710: Validation accuracy = 51.0% (N=100)
INFO:tensorflow:2020-02-02 00:22:23.556722: Step 3720: Train accuracy = 99.0%
I0202 00:22:23.556777 140343390071680 retrain.py:1082] 2020-02-02 00:22:23.556722: Step 3720: Train accuracy = 99.0%
INFO:tensorflow:2020-02-02 00:22:23.556950: Step 3720: Cross entropy = 0.170712
I0202 00:22:23.556967 140343390071680 retrain.py:1084] 2020-02-02 00:22:23.556950: Step 3720: Cross entropy = 0.170712
INFO:tensorflow:2020-02-02 00:22:23.634317: Step 3720: Validation accuracy = 49.0% (N=100)
I0202 00:22:23.634374 140343390071680 retrain.py:1100] 2020-02-02 00:22:23.634317: Step 3720: Validation accuracy = 49.0% (N=100)
INFO:tensorflow:2020-02-02 00:22:24.397237: Step 3730: Train accuracy = 100.0%
I0202 00:22:24.397318 140343390071680 retrain.py:1082] 2020-02-02 00:22:24.397237: Step 3730: Train accuracy = 100.0%
INFO:tensorflow:2020-02-02 00:22:24.397487: Step 3730: Cross entropy = 0.175986
I0202 00:22:24.397506 140343390071680 retrain.py:1084] 2020-02-02 00:22:24.397487: Step 3730: Cross entropy = 0.175986
INFO:tensorflow:2020-02-02 00:22:24.479132: Step 3730: Validation accuracy = 57.0% (N=100)
I0202 00:22:24.479191 140343390071680 retrain.py:1100] 2020-02-02 00:22:24.479132: Step 3730: Validation accuracy = 57.0% (N=100)
INFO:tensorflow:2020-02-02 00:22:25.249465: Step 3740: Train accuracy = 100.0%
I0202 00:22:25.249546 140343390071680 retrain.py:1082] 2020-02-02 00:22:25.249465: Step 3740: Train accuracy = 100.0%
INFO:tensorflow:2020-02-02 00:22:25.249703: Step 3740: Cross entropy = 0.162698
I0202 00:22:25.249741 140343390071680 retrain.py:1084] 2020-02-02 00:22:25.249703: Step 3740: Cross entropy = 0.162698
INFO:tensorflow:2020-02-02 00:22:25.327446: Step 3740: Validation accuracy = 58.0% (N=100)
I0202 00:22:25.327517 140343390071680 retrain.py:1100] 2020-02-02 00:22:25.327446: Step 3740: Validation accuracy = 58.0% (N=100)
INFO:tensorflow:2020-02-02 00:22:26.098404: Step 3750: Train accuracy = 100.0%
I0202 00:22:26.098486 140343390071680 retrain.py:1082] 2020-02-02 00:22:26.098404: Step 3750: Train accuracy = 100.0%
INFO:tensorflow:2020-02-02 00:22:26.098676: Step 3750: Cross entropy = 0.191137
I0202 00:22:26.098706 140343390071680 retrain.py:1084] 2020-02-02 00:22:26.098676: Step 3750: Cross entropy = 0.191137
INFO:tensorflow:2020-02-02 00:22:26.180933: Step 3750: Validation accuracy = 65.0% (N=100)
I0202 00:22:26.180988 140343390071680 retrain.py:1100] 2020-02-02 00:22:26.180933: Step 3750: Validation accuracy = 65.0% (N=100)
INFO:tensorflow:2020-02-02 00:22:26.942017: Step 3760: Train accuracy = 100.0%
I0202 00:22:26.942073 140343390071680 retrain.py:1082] 2020-02-02 00:22:26.942017: Step 3760: Train accuracy = 100.0%
INFO:tensorflow:2020-02-02 00:22:26.942256: Step 3760: Cross entropy = 0.186472
I0202 00:22:26.942276 140343390071680 retrain.py:1084] 2020-02-02 00:22:26.942256: Step 3760: Cross entropy = 0.186472
INFO:tensorflow:2020-02-02 00:22:27.022361: Step 3760: Validation accuracy = 57.0% (N=100)
I0202 00:22:27.022439 140343390071680 retrain.py:1100] 2020-02-02 00:22:27.022361: Step 3760: Validation accuracy = 57.0% (N=100)
INFO:tensorflow:2020-02-02 00:22:27.817650: Step 3770: Train accuracy = 100.0%
I0202 00:22:27.817721 140343390071680 retrain.py:1082] 2020-02-02 00:22:27.817650: Step 3770: Train accuracy = 100.0%
INFO:tensorflow:2020-02-02 00:22:27.817900: Step 3770: Cross entropy = 0.186610
I0202 00:22:27.817924 140343390071680 retrain.py:1084] 2020-02-02 00:22:27.817900: Step 3770: Cross entropy = 0.186610
INFO:tensorflow:2020-02-02 00:22:27.900494: Step 3770: Validation accuracy = 52.0% (N=100)
I0202 00:22:27.900564 140343390071680 retrain.py:1100] 2020-02-02 00:22:27.900494: Step 3770: Validation accuracy = 52.0% (N=100)
INFO:tensorflow:2020-02-02 00:22:28.685629: Step 3780: Train accuracy = 100.0%
I0202 00:22:28.685719 140343390071680 retrain.py:1082] 2020-02-02 00:22:28.685629: Step 3780: Train accuracy = 100.0%
INFO:tensorflow:2020-02-02 00:22:28.685891: Step 3780: Cross entropy = 0.158831
I0202 00:22:28.685913 140343390071680 retrain.py:1084] 2020-02-02 00:22:28.685891: Step 3780: Cross entropy = 0.158831
INFO:tensorflow:2020-02-02 00:22:28.767623: Step 3780: Validation accuracy = 52.0% (N=100)
I0202 00:22:28.767681 140343390071680 retrain.py:1100] 2020-02-02 00:22:28.767623: Step 3780: Validation accuracy = 52.0% (N=100)
INFO:tensorflow:2020-02-02 00:22:29.551715: Step 3790: Train accuracy = 100.0%
I0202 00:22:29.551770 140343390071680 retrain.py:1082] 2020-02-02 00:22:29.551715: Step 3790: Train accuracy = 100.0%
INFO:tensorflow:2020-02-02 00:22:29.551953: Step 3790: Cross entropy = 0.180699
I0202 00:22:29.551974 140343390071680 retrain.py:1084] 2020-02-02 00:22:29.551953: Step 3790: Cross entropy = 0.180699
INFO:tensorflow:2020-02-02 00:22:29.632474: Step 3790: Validation accuracy = 51.0% (N=100)
I0202 00:22:29.632530 140343390071680 retrain.py:1100] 2020-02-02 00:22:29.632474: Step 3790: Validation accuracy = 51.0% (N=100)
INFO:tensorflow:2020-02-02 00:22:30.395186: Step 3800: Train accuracy = 99.0%
I0202 00:22:30.395271 140343390071680 retrain.py:1082] 2020-02-02 00:22:30.395186: Step 3800: Train accuracy = 99.0%
INFO:tensorflow:2020-02-02 00:22:30.395494: Step 3800: Cross entropy = 0.160616
I0202 00:22:30.395518 140343390071680 retrain.py:1084] 2020-02-02 00:22:30.395494: Step 3800: Cross entropy = 0.160616
INFO:tensorflow:2020-02-02 00:22:30.477617: Step 3800: Validation accuracy = 56.0% (N=100)
I0202 00:22:30.477695 140343390071680 retrain.py:1100] 2020-02-02 00:22:30.477617: Step 3800: Validation accuracy = 56.0% (N=100)
INFO:tensorflow:2020-02-02 00:22:31.239097: Step 3810: Train accuracy = 100.0%
I0202 00:22:31.239176 140343390071680 retrain.py:1082] 2020-02-02 00:22:31.239097: Step 3810: Train accuracy = 100.0%
INFO:tensorflow:2020-02-02 00:22:31.239350: Step 3810: Cross entropy = 0.173904
I0202 00:22:31.239376 140343390071680 retrain.py:1084] 2020-02-02 00:22:31.239350: Step 3810: Cross entropy = 0.173904
INFO:tensorflow:2020-02-02 00:22:31.320791: Step 3810: Validation accuracy = 54.0% (N=100)
I0202 00:22:31.320846 140343390071680 retrain.py:1100] 2020-02-02 00:22:31.320791: Step 3810: Validation accuracy = 54.0% (N=100)
INFO:tensorflow:2020-02-02 00:22:32.105014: Step 3820: Train accuracy = 100.0%
I0202 00:22:32.105081 140343390071680 retrain.py:1082] 2020-02-02 00:22:32.105014: Step 3820: Train accuracy = 100.0%
INFO:tensorflow:2020-02-02 00:22:32.105257: Step 3820: Cross entropy = 0.157300
I0202 00:22:32.105290 140343390071680 retrain.py:1084] 2020-02-02 00:22:32.105257: Step 3820: Cross entropy = 0.157300
INFO:tensorflow:2020-02-02 00:22:32.183749: Step 3820: Validation accuracy = 58.0% (N=100)
I0202 00:22:32.183817 140343390071680 retrain.py:1100] 2020-02-02 00:22:32.183749: Step 3820: Validation accuracy = 58.0% (N=100)
INFO:tensorflow:2020-02-02 00:22:32.965074: Step 3830: Train accuracy = 100.0%
I0202 00:22:32.965130 140343390071680 retrain.py:1082] 2020-02-02 00:22:32.965074: Step 3830: Train accuracy = 100.0%
INFO:tensorflow:2020-02-02 00:22:32.965298: Step 3830: Cross entropy = 0.152297
I0202 00:22:32.965315 140343390071680 retrain.py:1084] 2020-02-02 00:22:32.965298: Step 3830: Cross entropy = 0.152297
INFO:tensorflow:2020-02-02 00:22:33.042777: Step 3830: Validation accuracy = 59.0% (N=100)
I0202 00:22:33.042832 140343390071680 retrain.py:1100] 2020-02-02 00:22:33.042777: Step 3830: Validation accuracy = 59.0% (N=100)
INFO:tensorflow:2020-02-02 00:22:33.806945: Step 3840: Train accuracy = 100.0%
I0202 00:22:33.807025 140343390071680 retrain.py:1082] 2020-02-02 00:22:33.806945: Step 3840: Train accuracy = 100.0%
INFO:tensorflow:2020-02-02 00:22:33.807169: Step 3840: Cross entropy = 0.172149
I0202 00:22:33.807187 140343390071680 retrain.py:1084] 2020-02-02 00:22:33.807169: Step 3840: Cross entropy = 0.172149
INFO:tensorflow:2020-02-02 00:22:33.889193: Step 3840: Validation accuracy = 57.0% (N=100)
I0202 00:22:33.889251 140343390071680 retrain.py:1100] 2020-02-02 00:22:33.889193: Step 3840: Validation accuracy = 57.0% (N=100)
INFO:tensorflow:2020-02-02 00:22:34.657779: Step 3850: Train accuracy = 99.0%
I0202 00:22:34.657835 140343390071680 retrain.py:1082] 2020-02-02 00:22:34.657779: Step 3850: Train accuracy = 99.0%
INFO:tensorflow:2020-02-02 00:22:34.658044: Step 3850: Cross entropy = 0.161077
I0202 00:22:34.658076 140343390071680 retrain.py:1084] 2020-02-02 00:22:34.658044: Step 3850: Cross entropy = 0.161077
INFO:tensorflow:2020-02-02 00:22:34.735276: Step 3850: Validation accuracy = 60.0% (N=100)
I0202 00:22:34.735332 140343390071680 retrain.py:1100] 2020-02-02 00:22:34.735276: Step 3850: Validation accuracy = 60.0% (N=100)
INFO:tensorflow:2020-02-02 00:22:35.518670: Step 3860: Train accuracy = 98.0%
I0202 00:22:35.518726 140343390071680 retrain.py:1082] 2020-02-02 00:22:35.518670: Step 3860: Train accuracy = 98.0%
INFO:tensorflow:2020-02-02 00:22:35.518890: Step 3860: Cross entropy = 0.189016
I0202 00:22:35.518906 140343390071680 retrain.py:1084] 2020-02-02 00:22:35.518890: Step 3860: Cross entropy = 0.189016
INFO:tensorflow:2020-02-02 00:22:35.600464: Step 3860: Validation accuracy = 53.0% (N=100)
I0202 00:22:35.600521 140343390071680 retrain.py:1100] 2020-02-02 00:22:35.600464: Step 3860: Validation accuracy = 53.0% (N=100)
INFO:tensorflow:2020-02-02 00:22:36.372931: Step 3870: Train accuracy = 99.0%
I0202 00:22:36.373000 140343390071680 retrain.py:1082] 2020-02-02 00:22:36.372931: Step 3870: Train accuracy = 99.0%
INFO:tensorflow:2020-02-02 00:22:36.373187: Step 3870: Cross entropy = 0.162751
I0202 00:22:36.373212 140343390071680 retrain.py:1084] 2020-02-02 00:22:36.373187: Step 3870: Cross entropy = 0.162751
INFO:tensorflow:2020-02-02 00:22:36.454579: Step 3870: Validation accuracy = 53.0% (N=100)
I0202 00:22:36.454668 140343390071680 retrain.py:1100] 2020-02-02 00:22:36.454579: Step 3870: Validation accuracy = 53.0% (N=100)
INFO:tensorflow:2020-02-02 00:22:37.231913: Step 3880: Train accuracy = 100.0%
I0202 00:22:37.231982 140343390071680 retrain.py:1082] 2020-02-02 00:22:37.231913: Step 3880: Train accuracy = 100.0%
INFO:tensorflow:2020-02-02 00:22:37.232148: Step 3880: Cross entropy = 0.181852
I0202 00:22:37.232182 140343390071680 retrain.py:1084] 2020-02-02 00:22:37.232148: Step 3880: Cross entropy = 0.181852
INFO:tensorflow:2020-02-02 00:22:37.314193: Step 3880: Validation accuracy = 51.0% (N=100)
I0202 00:22:37.314260 140343390071680 retrain.py:1100] 2020-02-02 00:22:37.314193: Step 3880: Validation accuracy = 51.0% (N=100)
INFO:tensorflow:2020-02-02 00:22:38.082746: Step 3890: Train accuracy = 100.0%
I0202 00:22:38.082823 140343390071680 retrain.py:1082] 2020-02-02 00:22:38.082746: Step 3890: Train accuracy = 100.0%
INFO:tensorflow:2020-02-02 00:22:38.082983: Step 3890: Cross entropy = 0.165336
I0202 00:22:38.083003 140343390071680 retrain.py:1084] 2020-02-02 00:22:38.082983: Step 3890: Cross entropy = 0.165336
INFO:tensorflow:2020-02-02 00:22:38.160373: Step 3890: Validation accuracy = 57.0% (N=100)
I0202 00:22:38.160464 140343390071680 retrain.py:1100] 2020-02-02 00:22:38.160373: Step 3890: Validation accuracy = 57.0% (N=100)
INFO:tensorflow:2020-02-02 00:22:38.934732: Step 3900: Train accuracy = 98.0%
I0202 00:22:38.934808 140343390071680 retrain.py:1082] 2020-02-02 00:22:38.934732: Step 3900: Train accuracy = 98.0%
INFO:tensorflow:2020-02-02 00:22:38.934956: Step 3900: Cross entropy = 0.176220
I0202 00:22:38.934971 140343390071680 retrain.py:1084] 2020-02-02 00:22:38.934956: Step 3900: Cross entropy = 0.176220
INFO:tensorflow:2020-02-02 00:22:39.020071: Step 3900: Validation accuracy = 51.0% (N=100)
I0202 00:22:39.020153 140343390071680 retrain.py:1100] 2020-02-02 00:22:39.020071: Step 3900: Validation accuracy = 51.0% (N=100)
INFO:tensorflow:2020-02-02 00:22:39.790890: Step 3910: Train accuracy = 99.0%
I0202 00:22:39.790958 140343390071680 retrain.py:1082] 2020-02-02 00:22:39.790890: Step 3910: Train accuracy = 99.0%
INFO:tensorflow:2020-02-02 00:22:39.791152: Step 3910: Cross entropy = 0.174781
I0202 00:22:39.791175 140343390071680 retrain.py:1084] 2020-02-02 00:22:39.791152: Step 3910: Cross entropy = 0.174781
INFO:tensorflow:2020-02-02 00:22:39.869860: Step 3910: Validation accuracy = 54.0% (N=100)
I0202 00:22:39.869953 140343390071680 retrain.py:1100] 2020-02-02 00:22:39.869860: Step 3910: Validation accuracy = 54.0% (N=100)
INFO:tensorflow:2020-02-02 00:22:40.648321: Step 3920: Train accuracy = 98.0%
I0202 00:22:40.648378 140343390071680 retrain.py:1082] 2020-02-02 00:22:40.648321: Step 3920: Train accuracy = 98.0%
INFO:tensorflow:2020-02-02 00:22:40.648569: Step 3920: Cross entropy = 0.173834
I0202 00:22:40.648587 140343390071680 retrain.py:1084] 2020-02-02 00:22:40.648569: Step 3920: Cross entropy = 0.173834
INFO:tensorflow:2020-02-02 00:22:40.727739: Step 3920: Validation accuracy = 54.0% (N=100)
I0202 00:22:40.727816 140343390071680 retrain.py:1100] 2020-02-02 00:22:40.727739: Step 3920: Validation accuracy = 54.0% (N=100)
INFO:tensorflow:2020-02-02 00:22:41.500394: Step 3930: Train accuracy = 100.0%
I0202 00:22:41.500492 140343390071680 retrain.py:1082] 2020-02-02 00:22:41.500394: Step 3930: Train accuracy = 100.0%
INFO:tensorflow:2020-02-02 00:22:41.500635: Step 3930: Cross entropy = 0.181252
I0202 00:22:41.500669 140343390071680 retrain.py:1084] 2020-02-02 00:22:41.500635: Step 3930: Cross entropy = 0.181252
INFO:tensorflow:2020-02-02 00:22:41.578583: Step 3930: Validation accuracy = 60.0% (N=100)
I0202 00:22:41.578640 140343390071680 retrain.py:1100] 2020-02-02 00:22:41.578583: Step 3930: Validation accuracy = 60.0% (N=100)
INFO:tensorflow:2020-02-02 00:22:42.346883: Step 3940: Train accuracy = 97.0%
I0202 00:22:42.346955 140343390071680 retrain.py:1082] 2020-02-02 00:22:42.346883: Step 3940: Train accuracy = 97.0%
INFO:tensorflow:2020-02-02 00:22:42.347119: Step 3940: Cross entropy = 0.187992
I0202 00:22:42.347145 140343390071680 retrain.py:1084] 2020-02-02 00:22:42.347119: Step 3940: Cross entropy = 0.187992
INFO:tensorflow:2020-02-02 00:22:42.430370: Step 3940: Validation accuracy = 53.0% (N=100)
I0202 00:22:42.430464 140343390071680 retrain.py:1100] 2020-02-02 00:22:42.430370: Step 3940: Validation accuracy = 53.0% (N=100)
INFO:tensorflow:2020-02-02 00:22:43.204702: Step 3950: Train accuracy = 100.0%
I0202 00:22:43.204759 140343390071680 retrain.py:1082] 2020-02-02 00:22:43.204702: Step 3950: Train accuracy = 100.0%
INFO:tensorflow:2020-02-02 00:22:43.204951: Step 3950: Cross entropy = 0.182587
I0202 00:22:43.204972 140343390071680 retrain.py:1084] 2020-02-02 00:22:43.204951: Step 3950: Cross entropy = 0.182587
INFO:tensorflow:2020-02-02 00:22:43.280792: Step 3950: Validation accuracy = 64.0% (N=100)
I0202 00:22:43.280848 140343390071680 retrain.py:1100] 2020-02-02 00:22:43.280792: Step 3950: Validation accuracy = 64.0% (N=100)
INFO:tensorflow:2020-02-02 00:22:44.041985: Step 3960: Train accuracy = 100.0%
I0202 00:22:44.042041 140343390071680 retrain.py:1082] 2020-02-02 00:22:44.041985: Step 3960: Train accuracy = 100.0%
INFO:tensorflow:2020-02-02 00:22:44.042224: Step 3960: Cross entropy = 0.174109
I0202 00:22:44.042255 140343390071680 retrain.py:1084] 2020-02-02 00:22:44.042224: Step 3960: Cross entropy = 0.174109
INFO:tensorflow:2020-02-02 00:22:44.125515: Step 3960: Validation accuracy = 49.0% (N=100)
I0202 00:22:44.125587 140343390071680 retrain.py:1100] 2020-02-02 00:22:44.125515: Step 3960: Validation accuracy = 49.0% (N=100)
INFO:tensorflow:2020-02-02 00:22:44.896597: Step 3970: Train accuracy = 100.0%
I0202 00:22:44.896676 140343390071680 retrain.py:1082] 2020-02-02 00:22:44.896597: Step 3970: Train accuracy = 100.0%
INFO:tensorflow:2020-02-02 00:22:44.896874: Step 3970: Cross entropy = 0.150087
I0202 00:22:44.896909 140343390071680 retrain.py:1084] 2020-02-02 00:22:44.896874: Step 3970: Cross entropy = 0.150087
INFO:tensorflow:2020-02-02 00:22:44.977006: Step 3970: Validation accuracy = 59.0% (N=100)
I0202 00:22:44.977064 140343390071680 retrain.py:1100] 2020-02-02 00:22:44.977006: Step 3970: Validation accuracy = 59.0% (N=100)
INFO:tensorflow:2020-02-02 00:22:45.761177: Step 3980: Train accuracy = 100.0%
I0202 00:22:45.761246 140343390071680 retrain.py:1082] 2020-02-02 00:22:45.761177: Step 3980: Train accuracy = 100.0%
INFO:tensorflow:2020-02-02 00:22:45.761441: Step 3980: Cross entropy = 0.171669
I0202 00:22:45.761463 140343390071680 retrain.py:1084] 2020-02-02 00:22:45.761441: Step 3980: Cross entropy = 0.171669
INFO:tensorflow:2020-02-02 00:22:45.838672: Step 3980: Validation accuracy = 54.0% (N=100)
I0202 00:22:45.838734 140343390071680 retrain.py:1100] 2020-02-02 00:22:45.838672: Step 3980: Validation accuracy = 54.0% (N=100)
INFO:tensorflow:2020-02-02 00:22:46.626669: Step 3990: Train accuracy = 99.0%
I0202 00:22:46.626725 140343390071680 retrain.py:1082] 2020-02-02 00:22:46.626669: Step 3990: Train accuracy = 99.0%
INFO:tensorflow:2020-02-02 00:22:46.626907: Step 3990: Cross entropy = 0.161431
I0202 00:22:46.626925 140343390071680 retrain.py:1084] 2020-02-02 00:22:46.626907: Step 3990: Cross entropy = 0.161431
INFO:tensorflow:2020-02-02 00:22:46.704717: Step 3990: Validation accuracy = 64.0% (N=100)
I0202 00:22:46.704789 140343390071680 retrain.py:1100] 2020-02-02 00:22:46.704717: Step 3990: Validation accuracy = 64.0% (N=100)
INFO:tensorflow:2020-02-02 00:22:47.385829: Step 3999: Train accuracy = 100.0%
I0202 00:22:47.385884 140343390071680 retrain.py:1082] 2020-02-02 00:22:47.385829: Step 3999: Train accuracy = 100.0%
INFO:tensorflow:2020-02-02 00:22:47.386056: Step 3999: Cross entropy = 0.201725
I0202 00:22:47.386074 140343390071680 retrain.py:1084] 2020-02-02 00:22:47.386056: Step 3999: Cross entropy = 0.201725
INFO:tensorflow:2020-02-02 00:22:47.468297: Step 3999: Validation accuracy = 47.0% (N=100)
I0202 00:22:47.468366 140343390071680 retrain.py:1100] 2020-02-02 00:22:47.468297: Step 3999: Validation accuracy = 47.0% (N=100)
INFO:tensorflow:Final test accuracy = 65.7% (N=35)
I0202 00:22:49.169858 140343390071680 retrain.py:1126] Final test accuracy = 65.7% (N=35)
WARNING:tensorflow:From /media/dbusaba/SharedData/University/Research/Rust/image_affinity/tensorflow/scripts/retrain.py:827: convert_variables_to_constants (from tensorflow.python.framework.graph_util_impl) is deprecated and will be removed in a future version.
Instructions for updating:
Use `tf.compat.v1.graph_util.convert_variables_to_constants`
W0202 00:22:49.351453 140343390071680 deprecation.py:323] From /media/dbusaba/SharedData/University/Research/Rust/image_affinity/tensorflow/scripts/retrain.py:827: convert_variables_to_constants (from tensorflow.python.framework.graph_util_impl) is deprecated and will be removed in a future version.
Instructions for updating:
Use `tf.compat.v1.graph_util.convert_variables_to_constants`
WARNING:tensorflow:From /home/dbusaba/.local/lib/python3.7/site-packages/tensorflow/python/framework/graph_util_impl.py:270: extract_sub_graph (from tensorflow.python.framework.graph_util_impl) is deprecated and will be removed in a future version.
Instructions for updating:
Use `tf.compat.v1.graph_util.extract_sub_graph`
W0202 00:22:49.351675 140343390071680 deprecation.py:323] From /home/dbusaba/.local/lib/python3.7/site-packages/tensorflow/python/framework/graph_util_impl.py:270: extract_sub_graph (from tensorflow.python.framework.graph_util_impl) is deprecated and will be removed in a future version.
Instructions for updating:
Use `tf.compat.v1.graph_util.extract_sub_graph`
INFO:tensorflow:Froze 2 variables.
I0202 00:22:49.481106 140343390071680 graph_util_impl.py:311] Froze 2 variables.
INFO:tensorflow:Converted 2 variables to const ops.
I0202 00:22:49.503918 140343390071680 graph_util_impl.py:364] Converted 2 variables to const ops.
