WARNING:tensorflow:From /media/dbusaba/SharedData/University/Research/Rust/image_affinity/tensorflow/scripts/retrain.py:1326: The name tf.app.run is deprecated. Please use tf.compat.v1.app.run instead.

WARNING:tensorflow:From /media/dbusaba/SharedData/University/Research/Rust/image_affinity/tensorflow/scripts/retrain.py:970: The name tf.logging.set_verbosity is deprecated. Please use tf.compat.v1.logging.set_verbosity instead.

W0204 22:26:07.046256 140545278417792 deprecation_wrapper.py:119] From /media/dbusaba/SharedData/University/Research/Rust/image_affinity/tensorflow/scripts/retrain.py:970: The name tf.logging.set_verbosity is deprecated. Please use tf.compat.v1.logging.set_verbosity instead.

WARNING:tensorflow:From /media/dbusaba/SharedData/University/Research/Rust/image_affinity/tensorflow/scripts/retrain.py:970: The name tf.logging.INFO is deprecated. Please use tf.compat.v1.logging.INFO instead.

W0204 22:26:07.046428 140545278417792 deprecation_wrapper.py:119] From /media/dbusaba/SharedData/University/Research/Rust/image_affinity/tensorflow/scripts/retrain.py:970: The name tf.logging.INFO is deprecated. Please use tf.compat.v1.logging.INFO instead.

WARNING:tensorflow:From /media/dbusaba/SharedData/University/Research/Rust/image_affinity/tensorflow/scripts/retrain.py:835: The name tf.gfile.Exists is deprecated. Please use tf.io.gfile.exists instead.

W0204 22:26:07.046584 140545278417792 deprecation_wrapper.py:119] From /media/dbusaba/SharedData/University/Research/Rust/image_affinity/tensorflow/scripts/retrain.py:835: The name tf.gfile.Exists is deprecated. Please use tf.io.gfile.exists instead.

WARNING:tensorflow:From /media/dbusaba/SharedData/University/Research/Rust/image_affinity/tensorflow/scripts/retrain.py:836: The name tf.gfile.DeleteRecursively is deprecated. Please use tf.io.gfile.rmtree instead.

W0204 22:26:07.046825 140545278417792 deprecation_wrapper.py:119] From /media/dbusaba/SharedData/University/Research/Rust/image_affinity/tensorflow/scripts/retrain.py:836: The name tf.gfile.DeleteRecursively is deprecated. Please use tf.io.gfile.rmtree instead.

WARNING:tensorflow:From /media/dbusaba/SharedData/University/Research/Rust/image_affinity/tensorflow/scripts/retrain.py:837: The name tf.gfile.MakeDirs is deprecated. Please use tf.io.gfile.makedirs instead.

W0204 22:26:07.066063 140545278417792 deprecation_wrapper.py:119] From /media/dbusaba/SharedData/University/Research/Rust/image_affinity/tensorflow/scripts/retrain.py:837: The name tf.gfile.MakeDirs is deprecated. Please use tf.io.gfile.makedirs instead.

WARNING:tensorflow:From /media/dbusaba/SharedData/University/Research/Rust/image_affinity/tensorflow/scripts/retrain.py:274: FastGFile.__init__ (from tensorflow.python.platform.gfile) is deprecated and will be removed in a future version.
Instructions for updating:
Use tf.gfile.GFile.
W0204 22:26:09.403810 140545278417792 deprecation.py:323] From /media/dbusaba/SharedData/University/Research/Rust/image_affinity/tensorflow/scripts/retrain.py:274: FastGFile.__init__ (from tensorflow.python.platform.gfile) is deprecated and will be removed in a future version.
Instructions for updating:
Use tf.gfile.GFile.
WARNING:tensorflow:From /media/dbusaba/SharedData/University/Research/Rust/image_affinity/tensorflow/scripts/retrain.py:275: The name tf.GraphDef is deprecated. Please use tf.compat.v1.GraphDef instead.

W0204 22:26:09.404066 140545278417792 deprecation_wrapper.py:119] From /media/dbusaba/SharedData/University/Research/Rust/image_affinity/tensorflow/scripts/retrain.py:275: The name tf.GraphDef is deprecated. Please use tf.compat.v1.GraphDef instead.

2020-02-04 22:26:09.852982: W tensorflow/core/framework/op_def_util.cc:357] Op BatchNormWithGlobalNormalization is deprecated. It will cease to work in GraphDef version 9. Use tf.nn.batch_normalization().
WARNING:tensorflow:From /media/dbusaba/SharedData/University/Research/Rust/image_affinity/tensorflow/scripts/retrain.py:156: The name tf.logging.info is deprecated. Please use tf.compat.v1.logging.info instead.

W0204 22:26:10.036119 140545278417792 deprecation_wrapper.py:119] From /media/dbusaba/SharedData/University/Research/Rust/image_affinity/tensorflow/scripts/retrain.py:156: The name tf.logging.info is deprecated. Please use tf.compat.v1.logging.info instead.

INFO:tensorflow:Looking for images in 'Abnormal'
I0204 22:26:10.036316 140545278417792 retrain.py:156] Looking for images in 'Abnormal'
INFO:tensorflow:Looking for images in 'Normal'
I0204 22:26:10.044848 140545278417792 retrain.py:156] Looking for images in 'Normal'
WARNING:tensorflow:From /media/dbusaba/SharedData/University/Research/Rust/image_affinity/tensorflow/scripts/retrain.py:1004: The name tf.Session is deprecated. Please use tf.compat.v1.Session instead.

W0204 22:26:10.062102 140545278417792 deprecation_wrapper.py:119] From /media/dbusaba/SharedData/University/Research/Rust/image_affinity/tensorflow/scripts/retrain.py:1004: The name tf.Session is deprecated. Please use tf.compat.v1.Session instead.

2020-02-04 22:26:10.062619: I tensorflow/core/platform/cpu_feature_guard.cc:142] Your CPU supports instructions that this TensorFlow binary was not compiled to use: AVX2 FMA
2020-02-04 22:26:10.090407: I tensorflow/core/platform/profile_utils/cpu_utils.cc:94] CPU Frequency: 2799925000 Hz
2020-02-04 22:26:10.090866: I tensorflow/compiler/xla/service/service.cc:168] XLA service 0x156a8e0 executing computations on platform Host. Devices:
2020-02-04 22:26:10.090926: I tensorflow/compiler/xla/service/service.cc:175]   StreamExecutor device (0): <undefined>, <undefined>
WARNING:tensorflow:From /media/dbusaba/SharedData/University/Research/Rust/image_affinity/tensorflow/scripts/retrain.py:954: The name tf.placeholder is deprecated. Please use tf.compat.v1.placeholder instead.

W0204 22:26:10.091474 140545278417792 deprecation_wrapper.py:119] From /media/dbusaba/SharedData/University/Research/Rust/image_affinity/tensorflow/scripts/retrain.py:954: The name tf.placeholder is deprecated. Please use tf.compat.v1.placeholder instead.

WARNING:tensorflow:From /media/dbusaba/SharedData/University/Research/Rust/image_affinity/tensorflow/scripts/retrain.py:960: The name tf.image.resize_bilinear is deprecated. Please use tf.compat.v1.image.resize_bilinear instead.

W0204 22:26:10.095408 140545278417792 deprecation_wrapper.py:119] From /media/dbusaba/SharedData/University/Research/Rust/image_affinity/tensorflow/scripts/retrain.py:960: The name tf.image.resize_bilinear is deprecated. Please use tf.compat.v1.image.resize_bilinear instead.

INFO:tensorflow:Creating bottleneck at tf_files/bottlenecks/Abnormal/mdb001.bmp_inception_v3.txt
I0204 22:26:10.099218 140545278417792 retrain.py:361] Creating bottleneck at tf_files/bottlenecks/Abnormal/mdb001.bmp_inception_v3.txt
2020-02-04 22:26:10.409941: W tensorflow/compiler/jit/mark_for_compilation_pass.cc:1412] (One-time warning): Not using XLA:CPU for cluster because envvar TF_XLA_FLAGS=--tf_xla_cpu_global_jit was not set.  If you want XLA:CPU, either set that envvar, or use experimental_jit_scope to enable XLA:CPU.  To confirm that XLA is active, pass --vmodule=xla_compilation_cache=1 (as a proper command-line flag, not via TF_XLA_FLAGS) or set the envvar XLA_FLAGS=--xla_hlo_profile.
INFO:tensorflow:Creating bottleneck at tf_files/bottlenecks/Abnormal/mdb005.bmp_inception_v3.txt
I0204 22:26:10.911720 140545278417792 retrain.py:361] Creating bottleneck at tf_files/bottlenecks/Abnormal/mdb005.bmp_inception_v3.txt
INFO:tensorflow:Creating bottleneck at tf_files/bottlenecks/Abnormal/mdb010.bmp_inception_v3.txt
I0204 22:26:11.092782 140545278417792 retrain.py:361] Creating bottleneck at tf_files/bottlenecks/Abnormal/mdb010.bmp_inception_v3.txt
INFO:tensorflow:Creating bottleneck at tf_files/bottlenecks/Abnormal/mdb012.bmp_inception_v3.txt
I0204 22:26:11.265392 140545278417792 retrain.py:361] Creating bottleneck at tf_files/bottlenecks/Abnormal/mdb012.bmp_inception_v3.txt
INFO:tensorflow:Creating bottleneck at tf_files/bottlenecks/Abnormal/mdb013.bmp_inception_v3.txt
I0204 22:26:11.443311 140545278417792 retrain.py:361] Creating bottleneck at tf_files/bottlenecks/Abnormal/mdb013.bmp_inception_v3.txt
INFO:tensorflow:Creating bottleneck at tf_files/bottlenecks/Abnormal/mdb019.bmp_inception_v3.txt
I0204 22:26:11.613867 140545278417792 retrain.py:361] Creating bottleneck at tf_files/bottlenecks/Abnormal/mdb019.bmp_inception_v3.txt
INFO:tensorflow:Creating bottleneck at tf_files/bottlenecks/Abnormal/mdb021.bmp_inception_v3.txt
I0204 22:26:11.790247 140545278417792 retrain.py:361] Creating bottleneck at tf_files/bottlenecks/Abnormal/mdb021.bmp_inception_v3.txt
INFO:tensorflow:Creating bottleneck at tf_files/bottlenecks/Abnormal/mdb023.bmp_inception_v3.txt
I0204 22:26:11.987713 140545278417792 retrain.py:361] Creating bottleneck at tf_files/bottlenecks/Abnormal/mdb023.bmp_inception_v3.txt
INFO:tensorflow:Creating bottleneck at tf_files/bottlenecks/Abnormal/mdb025.bmp_inception_v3.txt
I0204 22:26:12.161402 140545278417792 retrain.py:361] Creating bottleneck at tf_files/bottlenecks/Abnormal/mdb025.bmp_inception_v3.txt
INFO:tensorflow:Creating bottleneck at tf_files/bottlenecks/Abnormal/mdb028.bmp_inception_v3.txt
I0204 22:26:12.336700 140545278417792 retrain.py:361] Creating bottleneck at tf_files/bottlenecks/Abnormal/mdb028.bmp_inception_v3.txt
INFO:tensorflow:Creating bottleneck at tf_files/bottlenecks/Abnormal/mdb058.bmp_inception_v3.txt
I0204 22:26:12.508446 140545278417792 retrain.py:361] Creating bottleneck at tf_files/bottlenecks/Abnormal/mdb058.bmp_inception_v3.txt
INFO:tensorflow:Creating bottleneck at tf_files/bottlenecks/Abnormal/mdb059.bmp_inception_v3.txt
I0204 22:26:12.683604 140545278417792 retrain.py:361] Creating bottleneck at tf_files/bottlenecks/Abnormal/mdb059.bmp_inception_v3.txt
INFO:tensorflow:Creating bottleneck at tf_files/bottlenecks/Abnormal/mdb063.bmp_inception_v3.txt
I0204 22:26:12.853501 140545278417792 retrain.py:361] Creating bottleneck at tf_files/bottlenecks/Abnormal/mdb063.bmp_inception_v3.txt
INFO:tensorflow:Creating bottleneck at tf_files/bottlenecks/Abnormal/mdb069.bmp_inception_v3.txt
I0204 22:26:13.024570 140545278417792 retrain.py:361] Creating bottleneck at tf_files/bottlenecks/Abnormal/mdb069.bmp_inception_v3.txt
INFO:tensorflow:Creating bottleneck at tf_files/bottlenecks/Abnormal/mdb178.bmp_inception_v3.txt
I0204 22:26:13.198521 140545278417792 retrain.py:361] Creating bottleneck at tf_files/bottlenecks/Abnormal/mdb178.bmp_inception_v3.txt
INFO:tensorflow:Creating bottleneck at tf_files/bottlenecks/Abnormal/mdb179.bmp_inception_v3.txt
I0204 22:26:13.390443 140545278417792 retrain.py:361] Creating bottleneck at tf_files/bottlenecks/Abnormal/mdb179.bmp_inception_v3.txt
INFO:tensorflow:Creating bottleneck at tf_files/bottlenecks/Abnormal/mdb181.bmp_inception_v3.txt
I0204 22:26:13.568794 140545278417792 retrain.py:361] Creating bottleneck at tf_files/bottlenecks/Abnormal/mdb181.bmp_inception_v3.txt
INFO:tensorflow:Creating bottleneck at tf_files/bottlenecks/Abnormal/mdb186.bmp_inception_v3.txt
I0204 22:26:13.745951 140545278417792 retrain.py:361] Creating bottleneck at tf_files/bottlenecks/Abnormal/mdb186.bmp_inception_v3.txt
INFO:tensorflow:Creating bottleneck at tf_files/bottlenecks/Abnormal/mdb188.bmp_inception_v3.txt
I0204 22:26:13.923861 140545278417792 retrain.py:361] Creating bottleneck at tf_files/bottlenecks/Abnormal/mdb188.bmp_inception_v3.txt
INFO:tensorflow:Creating bottleneck at tf_files/bottlenecks/Abnormal/mdb190.bmp_inception_v3.txt
I0204 22:26:14.105787 140545278417792 retrain.py:361] Creating bottleneck at tf_files/bottlenecks/Abnormal/mdb190.bmp_inception_v3.txt
INFO:tensorflow:Creating bottleneck at tf_files/bottlenecks/Abnormal/mdb193.bmp_inception_v3.txt
I0204 22:26:14.282031 140545278417792 retrain.py:361] Creating bottleneck at tf_files/bottlenecks/Abnormal/mdb193.bmp_inception_v3.txt
INFO:tensorflow:Creating bottleneck at tf_files/bottlenecks/Abnormal/mdb195.bmp_inception_v3.txt
I0204 22:26:14.455208 140545278417792 retrain.py:361] Creating bottleneck at tf_files/bottlenecks/Abnormal/mdb195.bmp_inception_v3.txt
INFO:tensorflow:Creating bottleneck at tf_files/bottlenecks/Abnormal/mdb198.bmp_inception_v3.txt
I0204 22:26:14.631419 140545278417792 retrain.py:361] Creating bottleneck at tf_files/bottlenecks/Abnormal/mdb198.bmp_inception_v3.txt
INFO:tensorflow:Creating bottleneck at tf_files/bottlenecks/Abnormal/mdb199.bmp_inception_v3.txt
I0204 22:26:14.806352 140545278417792 retrain.py:361] Creating bottleneck at tf_files/bottlenecks/Abnormal/mdb199.bmp_inception_v3.txt
INFO:tensorflow:Creating bottleneck at tf_files/bottlenecks/Abnormal/mdb204.bmp_inception_v3.txt
I0204 22:26:14.979119 140545278417792 retrain.py:361] Creating bottleneck at tf_files/bottlenecks/Abnormal/mdb204.bmp_inception_v3.txt
INFO:tensorflow:Creating bottleneck at tf_files/bottlenecks/Abnormal/mdb206.bmp_inception_v3.txt
I0204 22:26:15.151338 140545278417792 retrain.py:361] Creating bottleneck at tf_files/bottlenecks/Abnormal/mdb206.bmp_inception_v3.txt
INFO:tensorflow:Creating bottleneck at tf_files/bottlenecks/Abnormal/mdb207.bmp_inception_v3.txt
I0204 22:26:15.324634 140545278417792 retrain.py:361] Creating bottleneck at tf_files/bottlenecks/Abnormal/mdb207.bmp_inception_v3.txt
INFO:tensorflow:Creating bottleneck at tf_files/bottlenecks/Abnormal/mdb209.bmp_inception_v3.txt
I0204 22:26:15.494557 140545278417792 retrain.py:361] Creating bottleneck at tf_files/bottlenecks/Abnormal/mdb209.bmp_inception_v3.txt
INFO:tensorflow:Creating bottleneck at tf_files/bottlenecks/Abnormal/mdb211.bmp_inception_v3.txt
I0204 22:26:15.670564 140545278417792 retrain.py:361] Creating bottleneck at tf_files/bottlenecks/Abnormal/mdb211.bmp_inception_v3.txt
INFO:tensorflow:Creating bottleneck at tf_files/bottlenecks/Abnormal/mdb212.bmp_inception_v3.txt
I0204 22:26:15.844099 140545278417792 retrain.py:361] Creating bottleneck at tf_files/bottlenecks/Abnormal/mdb212.bmp_inception_v3.txt
INFO:tensorflow:Creating bottleneck at tf_files/bottlenecks/Abnormal/mdb091.bmp_inception_v3.txt
I0204 22:26:16.021366 140545278417792 retrain.py:361] Creating bottleneck at tf_files/bottlenecks/Abnormal/mdb091.bmp_inception_v3.txt
INFO:tensorflow:Creating bottleneck at tf_files/bottlenecks/Abnormal/mdb117.bmp_inception_v3.txt
I0204 22:26:16.193531 140545278417792 retrain.py:361] Creating bottleneck at tf_files/bottlenecks/Abnormal/mdb117.bmp_inception_v3.txt
INFO:tensorflow:Creating bottleneck at tf_files/bottlenecks/Abnormal/mdb120.bmp_inception_v3.txt
I0204 22:26:16.369325 140545278417792 retrain.py:361] Creating bottleneck at tf_files/bottlenecks/Abnormal/mdb120.bmp_inception_v3.txt
INFO:tensorflow:Creating bottleneck at tf_files/bottlenecks/Abnormal/mdb121.bmp_inception_v3.txt
I0204 22:26:16.543484 140545278417792 retrain.py:361] Creating bottleneck at tf_files/bottlenecks/Abnormal/mdb121.bmp_inception_v3.txt
INFO:tensorflow:Creating bottleneck at tf_files/bottlenecks/Abnormal/mdb125.bmp_inception_v3.txt
I0204 22:26:16.718066 140545278417792 retrain.py:361] Creating bottleneck at tf_files/bottlenecks/Abnormal/mdb125.bmp_inception_v3.txt
INFO:tensorflow:Creating bottleneck at tf_files/bottlenecks/Abnormal/mdb126.bmp_inception_v3.txt
I0204 22:26:16.893692 140545278417792 retrain.py:361] Creating bottleneck at tf_files/bottlenecks/Abnormal/mdb126.bmp_inception_v3.txt
INFO:tensorflow:Creating bottleneck at tf_files/bottlenecks/Abnormal/mdb127.bmp_inception_v3.txt
I0204 22:26:17.089323 140545278417792 retrain.py:361] Creating bottleneck at tf_files/bottlenecks/Abnormal/mdb127.bmp_inception_v3.txt
INFO:tensorflow:Creating bottleneck at tf_files/bottlenecks/Abnormal/mdb130.bmp_inception_v3.txt
I0204 22:26:17.268017 140545278417792 retrain.py:361] Creating bottleneck at tf_files/bottlenecks/Abnormal/mdb130.bmp_inception_v3.txt
INFO:tensorflow:Creating bottleneck at tf_files/bottlenecks/Abnormal/mdb132.bmp_inception_v3.txt
I0204 22:26:17.442350 140545278417792 retrain.py:361] Creating bottleneck at tf_files/bottlenecks/Abnormal/mdb132.bmp_inception_v3.txt
INFO:tensorflow:Creating bottleneck at tf_files/bottlenecks/Abnormal/mdb134.bmp_inception_v3.txt
I0204 22:26:17.619137 140545278417792 retrain.py:361] Creating bottleneck at tf_files/bottlenecks/Abnormal/mdb134.bmp_inception_v3.txt
INFO:tensorflow:Creating bottleneck at tf_files/bottlenecks/Abnormal/mdb141.bmp_inception_v3.txt
I0204 22:26:17.793540 140545278417792 retrain.py:361] Creating bottleneck at tf_files/bottlenecks/Abnormal/mdb141.bmp_inception_v3.txt
INFO:tensorflow:Creating bottleneck at tf_files/bottlenecks/Abnormal/mdb142.bmp_inception_v3.txt
I0204 22:26:17.969491 140545278417792 retrain.py:361] Creating bottleneck at tf_files/bottlenecks/Abnormal/mdb142.bmp_inception_v3.txt
INFO:tensorflow:Creating bottleneck at tf_files/bottlenecks/Abnormal/mdb144.bmp_inception_v3.txt
I0204 22:26:18.148947 140545278417792 retrain.py:361] Creating bottleneck at tf_files/bottlenecks/Abnormal/mdb144.bmp_inception_v3.txt
INFO:tensorflow:Creating bottleneck at tf_files/bottlenecks/Abnormal/mdb145.bmp_inception_v3.txt
I0204 22:26:18.322651 140545278417792 retrain.py:361] Creating bottleneck at tf_files/bottlenecks/Abnormal/mdb145.bmp_inception_v3.txt
INFO:tensorflow:Creating bottleneck at tf_files/bottlenecks/Abnormal/mdb148.bmp_inception_v3.txt
I0204 22:26:18.498456 140545278417792 retrain.py:361] Creating bottleneck at tf_files/bottlenecks/Abnormal/mdb148.bmp_inception_v3.txt
INFO:tensorflow:Creating bottleneck at tf_files/bottlenecks/Abnormal/mdb150.bmp_inception_v3.txt
I0204 22:26:18.674116 140545278417792 retrain.py:361] Creating bottleneck at tf_files/bottlenecks/Abnormal/mdb150.bmp_inception_v3.txt
INFO:tensorflow:Creating bottleneck at tf_files/bottlenecks/Abnormal/mdb152.bmp_inception_v3.txt
I0204 22:26:18.845840 140545278417792 retrain.py:361] Creating bottleneck at tf_files/bottlenecks/Abnormal/mdb152.bmp_inception_v3.txt
INFO:tensorflow:Creating bottleneck at tf_files/bottlenecks/Abnormal/mdb155.bmp_inception_v3.txt
I0204 22:26:19.020184 140545278417792 retrain.py:361] Creating bottleneck at tf_files/bottlenecks/Abnormal/mdb155.bmp_inception_v3.txt
INFO:tensorflow:Creating bottleneck at tf_files/bottlenecks/Abnormal/mdb158.bmp_inception_v3.txt
I0204 22:26:19.194375 140545278417792 retrain.py:361] Creating bottleneck at tf_files/bottlenecks/Abnormal/mdb158.bmp_inception_v3.txt
INFO:tensorflow:Creating bottleneck at tf_files/bottlenecks/Abnormal/mdb160.bmp_inception_v3.txt
I0204 22:26:19.371225 140545278417792 retrain.py:361] Creating bottleneck at tf_files/bottlenecks/Abnormal/mdb160.bmp_inception_v3.txt
INFO:tensorflow:Creating bottleneck at tf_files/bottlenecks/Abnormal/mdb163.bmp_inception_v3.txt
I0204 22:26:19.545789 140545278417792 retrain.py:361] Creating bottleneck at tf_files/bottlenecks/Abnormal/mdb163.bmp_inception_v3.txt
INFO:tensorflow:Creating bottleneck at tf_files/bottlenecks/Abnormal/mdb171.bmp_inception_v3.txt
I0204 22:26:19.718961 140545278417792 retrain.py:361] Creating bottleneck at tf_files/bottlenecks/Abnormal/mdb171.bmp_inception_v3.txt
INFO:tensorflow:Creating bottleneck at tf_files/bottlenecks/Abnormal/mdb214.bmp_inception_v3.txt
I0204 22:26:19.892537 140545278417792 retrain.py:361] Creating bottleneck at tf_files/bottlenecks/Abnormal/mdb214.bmp_inception_v3.txt
INFO:tensorflow:Creating bottleneck at tf_files/bottlenecks/Abnormal/mdb216.bmp_inception_v3.txt
I0204 22:26:20.064465 140545278417792 retrain.py:361] Creating bottleneck at tf_files/bottlenecks/Abnormal/mdb216.bmp_inception_v3.txt
INFO:tensorflow:Creating bottleneck at tf_files/bottlenecks/Abnormal/mdb218.bmp_inception_v3.txt
I0204 22:26:20.243035 140545278417792 retrain.py:361] Creating bottleneck at tf_files/bottlenecks/Abnormal/mdb218.bmp_inception_v3.txt
INFO:tensorflow:Creating bottleneck at tf_files/bottlenecks/Abnormal/mdb219.bmp_inception_v3.txt
I0204 22:26:20.414627 140545278417792 retrain.py:361] Creating bottleneck at tf_files/bottlenecks/Abnormal/mdb219.bmp_inception_v3.txt
INFO:tensorflow:Creating bottleneck at tf_files/bottlenecks/Abnormal/mdb227.bmp_inception_v3.txt
I0204 22:26:20.587333 140545278417792 retrain.py:361] Creating bottleneck at tf_files/bottlenecks/Abnormal/mdb227.bmp_inception_v3.txt
INFO:tensorflow:Creating bottleneck at tf_files/bottlenecks/Abnormal/mdb231.bmp_inception_v3.txt
I0204 22:26:20.761489 140545278417792 retrain.py:361] Creating bottleneck at tf_files/bottlenecks/Abnormal/mdb231.bmp_inception_v3.txt
INFO:tensorflow:Creating bottleneck at tf_files/bottlenecks/Abnormal/mdb233.bmp_inception_v3.txt
I0204 22:26:20.936144 140545278417792 retrain.py:361] Creating bottleneck at tf_files/bottlenecks/Abnormal/mdb233.bmp_inception_v3.txt
INFO:tensorflow:Creating bottleneck at tf_files/bottlenecks/Abnormal/mdb236.bmp_inception_v3.txt
I0204 22:26:21.110618 140545278417792 retrain.py:361] Creating bottleneck at tf_files/bottlenecks/Abnormal/mdb236.bmp_inception_v3.txt
INFO:tensorflow:Creating bottleneck at tf_files/bottlenecks/Abnormal/mdb238.bmp_inception_v3.txt
I0204 22:26:21.285995 140545278417792 retrain.py:361] Creating bottleneck at tf_files/bottlenecks/Abnormal/mdb238.bmp_inception_v3.txt
INFO:tensorflow:Creating bottleneck at tf_files/bottlenecks/Abnormal/mdb240.bmp_inception_v3.txt
I0204 22:26:21.457961 140545278417792 retrain.py:361] Creating bottleneck at tf_files/bottlenecks/Abnormal/mdb240.bmp_inception_v3.txt
INFO:tensorflow:Creating bottleneck at tf_files/bottlenecks/Abnormal/mdb244.bmp_inception_v3.txt
I0204 22:26:21.629562 140545278417792 retrain.py:361] Creating bottleneck at tf_files/bottlenecks/Abnormal/mdb244.bmp_inception_v3.txt
INFO:tensorflow:Creating bottleneck at tf_files/bottlenecks/Abnormal/mdb245.bmp_inception_v3.txt
I0204 22:26:21.799903 140545278417792 retrain.py:361] Creating bottleneck at tf_files/bottlenecks/Abnormal/mdb245.bmp_inception_v3.txt
INFO:tensorflow:Creating bottleneck at tf_files/bottlenecks/Abnormal/mdb248.bmp_inception_v3.txt
I0204 22:26:21.968378 140545278417792 retrain.py:361] Creating bottleneck at tf_files/bottlenecks/Abnormal/mdb248.bmp_inception_v3.txt
INFO:tensorflow:Creating bottleneck at tf_files/bottlenecks/Abnormal/mdb249.bmp_inception_v3.txt
I0204 22:26:22.143547 140545278417792 retrain.py:361] Creating bottleneck at tf_files/bottlenecks/Abnormal/mdb249.bmp_inception_v3.txt
INFO:tensorflow:Creating bottleneck at tf_files/bottlenecks/Abnormal/mdb253.bmp_inception_v3.txt
I0204 22:26:22.317099 140545278417792 retrain.py:361] Creating bottleneck at tf_files/bottlenecks/Abnormal/mdb253.bmp_inception_v3.txt
INFO:tensorflow:Creating bottleneck at tf_files/bottlenecks/Abnormal/mdb256.bmp_inception_v3.txt
I0204 22:26:22.493886 140545278417792 retrain.py:361] Creating bottleneck at tf_files/bottlenecks/Abnormal/mdb256.bmp_inception_v3.txt
INFO:tensorflow:Creating bottleneck at tf_files/bottlenecks/Abnormal/mdb264.bmp_inception_v3.txt
I0204 22:26:22.666987 140545278417792 retrain.py:361] Creating bottleneck at tf_files/bottlenecks/Abnormal/mdb264.bmp_inception_v3.txt
INFO:tensorflow:Creating bottleneck at tf_files/bottlenecks/Abnormal/mdb265.bmp_inception_v3.txt
I0204 22:26:22.837335 140545278417792 retrain.py:361] Creating bottleneck at tf_files/bottlenecks/Abnormal/mdb265.bmp_inception_v3.txt
INFO:tensorflow:Creating bottleneck at tf_files/bottlenecks/Abnormal/mdb267.bmp_inception_v3.txt
I0204 22:26:23.005999 140545278417792 retrain.py:361] Creating bottleneck at tf_files/bottlenecks/Abnormal/mdb267.bmp_inception_v3.txt
INFO:tensorflow:Creating bottleneck at tf_files/bottlenecks/Abnormal/mdb270.bmp_inception_v3.txt
I0204 22:26:23.182049 140545278417792 retrain.py:361] Creating bottleneck at tf_files/bottlenecks/Abnormal/mdb270.bmp_inception_v3.txt
INFO:tensorflow:Creating bottleneck at tf_files/bottlenecks/Abnormal/mdb274.bmp_inception_v3.txt
I0204 22:26:23.350760 140545278417792 retrain.py:361] Creating bottleneck at tf_files/bottlenecks/Abnormal/mdb274.bmp_inception_v3.txt
INFO:tensorflow:Creating bottleneck at tf_files/bottlenecks/Abnormal/mdb290.bmp_inception_v3.txt
I0204 22:26:23.520292 140545278417792 retrain.py:361] Creating bottleneck at tf_files/bottlenecks/Abnormal/mdb290.bmp_inception_v3.txt
INFO:tensorflow:Creating bottleneck at tf_files/bottlenecks/Abnormal/mdb312.bmp_inception_v3.txt
I0204 22:26:23.694324 140545278417792 retrain.py:361] Creating bottleneck at tf_files/bottlenecks/Abnormal/mdb312.bmp_inception_v3.txt
INFO:tensorflow:Creating bottleneck at tf_files/bottlenecks/Abnormal/mdb314.bmp_inception_v3.txt
I0204 22:26:23.863775 140545278417792 retrain.py:361] Creating bottleneck at tf_files/bottlenecks/Abnormal/mdb314.bmp_inception_v3.txt
INFO:tensorflow:Creating bottleneck at tf_files/bottlenecks/Abnormal/mdb315.bmp_inception_v3.txt
I0204 22:26:24.037114 140545278417792 retrain.py:361] Creating bottleneck at tf_files/bottlenecks/Abnormal/mdb315.bmp_inception_v3.txt
INFO:tensorflow:Creating bottleneck at tf_files/bottlenecks/Abnormal/mdb175.bmp_inception_v3.txt
I0204 22:26:24.208499 140545278417792 retrain.py:361] Creating bottleneck at tf_files/bottlenecks/Abnormal/mdb175.bmp_inception_v3.txt
INFO:tensorflow:Creating bottleneck at tf_files/bottlenecks/Abnormal/mdb213.bmp_inception_v3.txt
I0204 22:26:24.382609 140545278417792 retrain.py:361] Creating bottleneck at tf_files/bottlenecks/Abnormal/mdb213.bmp_inception_v3.txt
INFO:tensorflow:Creating bottleneck at tf_files/bottlenecks/Abnormal/mdb002.bmp_inception_v3.txt
I0204 22:26:24.555905 140545278417792 retrain.py:361] Creating bottleneck at tf_files/bottlenecks/Abnormal/mdb002.bmp_inception_v3.txt
INFO:tensorflow:Creating bottleneck at tf_files/bottlenecks/Abnormal/mdb015.bmp_inception_v3.txt
I0204 22:26:24.730183 140545278417792 retrain.py:361] Creating bottleneck at tf_files/bottlenecks/Abnormal/mdb015.bmp_inception_v3.txt
INFO:tensorflow:Creating bottleneck at tf_files/bottlenecks/Abnormal/mdb030.bmp_inception_v3.txt
I0204 22:26:24.901882 140545278417792 retrain.py:361] Creating bottleneck at tf_files/bottlenecks/Abnormal/mdb030.bmp_inception_v3.txt
INFO:tensorflow:Creating bottleneck at tf_files/bottlenecks/Abnormal/mdb032.bmp_inception_v3.txt
I0204 22:26:25.080511 140545278417792 retrain.py:361] Creating bottleneck at tf_files/bottlenecks/Abnormal/mdb032.bmp_inception_v3.txt
INFO:tensorflow:Creating bottleneck at tf_files/bottlenecks/Abnormal/mdb184.bmp_inception_v3.txt
I0204 22:26:25.250794 140545278417792 retrain.py:361] Creating bottleneck at tf_files/bottlenecks/Abnormal/mdb184.bmp_inception_v3.txt
INFO:tensorflow:Creating bottleneck at tf_files/bottlenecks/Abnormal/mdb165.bmp_inception_v3.txt
I0204 22:26:25.425934 140545278417792 retrain.py:361] Creating bottleneck at tf_files/bottlenecks/Abnormal/mdb165.bmp_inception_v3.txt
INFO:tensorflow:Creating bottleneck at tf_files/bottlenecks/Abnormal/mdb170.bmp_inception_v3.txt
I0204 22:26:25.601230 140545278417792 retrain.py:361] Creating bottleneck at tf_files/bottlenecks/Abnormal/mdb170.bmp_inception_v3.txt
INFO:tensorflow:Creating bottleneck at tf_files/bottlenecks/Abnormal/mdb223.bmp_inception_v3.txt
I0204 22:26:25.771753 140545278417792 retrain.py:361] Creating bottleneck at tf_files/bottlenecks/Abnormal/mdb223.bmp_inception_v3.txt
INFO:tensorflow:Creating bottleneck at tf_files/bottlenecks/Abnormal/mdb226.bmp_inception_v3.txt
I0204 22:26:25.942432 140545278417792 retrain.py:361] Creating bottleneck at tf_files/bottlenecks/Abnormal/mdb226.bmp_inception_v3.txt
INFO:tensorflow:Creating bottleneck at tf_files/bottlenecks/Abnormal/mdb239.bmp_inception_v3.txt
I0204 22:26:26.117495 140545278417792 retrain.py:361] Creating bottleneck at tf_files/bottlenecks/Abnormal/mdb239.bmp_inception_v3.txt
INFO:tensorflow:Creating bottleneck at tf_files/bottlenecks/Abnormal/mdb252.bmp_inception_v3.txt
I0204 22:26:26.292331 140545278417792 retrain.py:361] Creating bottleneck at tf_files/bottlenecks/Abnormal/mdb252.bmp_inception_v3.txt
INFO:tensorflow:Creating bottleneck at tf_files/bottlenecks/Abnormal/mdb271.bmp_inception_v3.txt
I0204 22:26:26.462270 140545278417792 retrain.py:361] Creating bottleneck at tf_files/bottlenecks/Abnormal/mdb271.bmp_inception_v3.txt
INFO:tensorflow:Creating bottleneck at tf_files/bottlenecks/Abnormal/mdb017.bmp_inception_v3.txt
I0204 22:26:26.634002 140545278417792 retrain.py:361] Creating bottleneck at tf_files/bottlenecks/Abnormal/mdb017.bmp_inception_v3.txt
INFO:tensorflow:Creating bottleneck at tf_files/bottlenecks/Abnormal/mdb191.bmp_inception_v3.txt
I0204 22:26:26.811129 140545278417792 retrain.py:361] Creating bottleneck at tf_files/bottlenecks/Abnormal/mdb191.bmp_inception_v3.txt
INFO:tensorflow:Creating bottleneck at tf_files/bottlenecks/Abnormal/mdb202.bmp_inception_v3.txt
I0204 22:26:26.985382 140545278417792 retrain.py:361] Creating bottleneck at tf_files/bottlenecks/Abnormal/mdb202.bmp_inception_v3.txt
INFO:tensorflow:Creating bottleneck at tf_files/bottlenecks/Abnormal/mdb115.bmp_inception_v3.txt
I0204 22:26:27.164699 140545278417792 retrain.py:361] Creating bottleneck at tf_files/bottlenecks/Abnormal/mdb115.bmp_inception_v3.txt
INFO:tensorflow:Creating bottleneck at tf_files/bottlenecks/Abnormal/mdb124.bmp_inception_v3.txt
I0204 22:26:27.333962 140545278417792 retrain.py:361] Creating bottleneck at tf_files/bottlenecks/Abnormal/mdb124.bmp_inception_v3.txt
INFO:tensorflow:Creating bottleneck at tf_files/bottlenecks/Abnormal/mdb167.bmp_inception_v3.txt
I0204 22:26:27.574050 140545278417792 retrain.py:361] Creating bottleneck at tf_files/bottlenecks/Abnormal/mdb167.bmp_inception_v3.txt
INFO:tensorflow:Creating bottleneck at tf_files/bottlenecks/Abnormal/mdb222.bmp_inception_v3.txt
I0204 22:26:27.745595 140545278417792 retrain.py:361] Creating bottleneck at tf_files/bottlenecks/Abnormal/mdb222.bmp_inception_v3.txt
INFO:tensorflow:Creating bottleneck at tf_files/bottlenecks/Abnormal/mdb241.bmp_inception_v3.txt
I0204 22:26:27.916221 140545278417792 retrain.py:361] Creating bottleneck at tf_files/bottlenecks/Abnormal/mdb241.bmp_inception_v3.txt
INFO:tensorflow:Creating bottleneck at tf_files/bottlenecks/Abnormal/mdb080.bmp_inception_v3.txt
I0204 22:26:28.091915 140545278417792 retrain.py:361] Creating bottleneck at tf_files/bottlenecks/Abnormal/mdb080.bmp_inception_v3.txt
INFO:tensorflow:100 bottleneck files created.
I0204 22:26:28.269415 140545278417792 retrain.py:481] 100 bottleneck files created.
INFO:tensorflow:Creating bottleneck at tf_files/bottlenecks/Normal/mdb003.bmp_inception_v3.txt
I0204 22:26:28.269801 140545278417792 retrain.py:361] Creating bottleneck at tf_files/bottlenecks/Normal/mdb003.bmp_inception_v3.txt
INFO:tensorflow:Creating bottleneck at tf_files/bottlenecks/Normal/mdb004.bmp_inception_v3.txt
I0204 22:26:28.442792 140545278417792 retrain.py:361] Creating bottleneck at tf_files/bottlenecks/Normal/mdb004.bmp_inception_v3.txt
INFO:tensorflow:Creating bottleneck at tf_files/bottlenecks/Normal/mdb006.bmp_inception_v3.txt
I0204 22:26:28.616223 140545278417792 retrain.py:361] Creating bottleneck at tf_files/bottlenecks/Normal/mdb006.bmp_inception_v3.txt
INFO:tensorflow:Creating bottleneck at tf_files/bottlenecks/Normal/mdb007.bmp_inception_v3.txt
I0204 22:26:28.791878 140545278417792 retrain.py:361] Creating bottleneck at tf_files/bottlenecks/Normal/mdb007.bmp_inception_v3.txt
INFO:tensorflow:Creating bottleneck at tf_files/bottlenecks/Normal/mdb008.bmp_inception_v3.txt
I0204 22:26:28.966507 140545278417792 retrain.py:361] Creating bottleneck at tf_files/bottlenecks/Normal/mdb008.bmp_inception_v3.txt
INFO:tensorflow:Creating bottleneck at tf_files/bottlenecks/Normal/mdb011.bmp_inception_v3.txt
I0204 22:26:29.143799 140545278417792 retrain.py:361] Creating bottleneck at tf_files/bottlenecks/Normal/mdb011.bmp_inception_v3.txt
INFO:tensorflow:Creating bottleneck at tf_files/bottlenecks/Normal/mdb014.bmp_inception_v3.txt
I0204 22:26:29.314752 140545278417792 retrain.py:361] Creating bottleneck at tf_files/bottlenecks/Normal/mdb014.bmp_inception_v3.txt
INFO:tensorflow:Creating bottleneck at tf_files/bottlenecks/Normal/mdb016.bmp_inception_v3.txt
I0204 22:26:29.484801 140545278417792 retrain.py:361] Creating bottleneck at tf_files/bottlenecks/Normal/mdb016.bmp_inception_v3.txt
INFO:tensorflow:Creating bottleneck at tf_files/bottlenecks/Normal/mdb022.bmp_inception_v3.txt
I0204 22:26:29.656937 140545278417792 retrain.py:361] Creating bottleneck at tf_files/bottlenecks/Normal/mdb022.bmp_inception_v3.txt
INFO:tensorflow:Creating bottleneck at tf_files/bottlenecks/Normal/mdb026.bmp_inception_v3.txt
I0204 22:26:29.832504 140545278417792 retrain.py:361] Creating bottleneck at tf_files/bottlenecks/Normal/mdb026.bmp_inception_v3.txt
INFO:tensorflow:Creating bottleneck at tf_files/bottlenecks/Normal/mdb027.bmp_inception_v3.txt
I0204 22:26:30.002072 140545278417792 retrain.py:361] Creating bottleneck at tf_files/bottlenecks/Normal/mdb027.bmp_inception_v3.txt
INFO:tensorflow:Creating bottleneck at tf_files/bottlenecks/Normal/mdb029.bmp_inception_v3.txt
I0204 22:26:30.182014 140545278417792 retrain.py:361] Creating bottleneck at tf_files/bottlenecks/Normal/mdb029.bmp_inception_v3.txt
INFO:tensorflow:Creating bottleneck at tf_files/bottlenecks/Normal/mdb031.bmp_inception_v3.txt
I0204 22:26:30.354274 140545278417792 retrain.py:361] Creating bottleneck at tf_files/bottlenecks/Normal/mdb031.bmp_inception_v3.txt
INFO:tensorflow:Creating bottleneck at tf_files/bottlenecks/Normal/mdb034.bmp_inception_v3.txt
I0204 22:26:30.525438 140545278417792 retrain.py:361] Creating bottleneck at tf_files/bottlenecks/Normal/mdb034.bmp_inception_v3.txt
INFO:tensorflow:Creating bottleneck at tf_files/bottlenecks/Normal/mdb138.bmp_inception_v3.txt
I0204 22:26:30.702953 140545278417792 retrain.py:361] Creating bottleneck at tf_files/bottlenecks/Normal/mdb138.bmp_inception_v3.txt
INFO:tensorflow:Creating bottleneck at tf_files/bottlenecks/Normal/mdb139.bmp_inception_v3.txt
I0204 22:26:30.877281 140545278417792 retrain.py:361] Creating bottleneck at tf_files/bottlenecks/Normal/mdb139.bmp_inception_v3.txt
INFO:tensorflow:Creating bottleneck at tf_files/bottlenecks/Normal/mdb140.bmp_inception_v3.txt
I0204 22:26:31.052043 140545278417792 retrain.py:361] Creating bottleneck at tf_files/bottlenecks/Normal/mdb140.bmp_inception_v3.txt
INFO:tensorflow:Creating bottleneck at tf_files/bottlenecks/Normal/mdb143.bmp_inception_v3.txt
I0204 22:26:31.267946 140545278417792 retrain.py:361] Creating bottleneck at tf_files/bottlenecks/Normal/mdb143.bmp_inception_v3.txt
INFO:tensorflow:Creating bottleneck at tf_files/bottlenecks/Normal/mdb146.bmp_inception_v3.txt
I0204 22:26:31.501600 140545278417792 retrain.py:361] Creating bottleneck at tf_files/bottlenecks/Normal/mdb146.bmp_inception_v3.txt
INFO:tensorflow:Creating bottleneck at tf_files/bottlenecks/Normal/mdb149.bmp_inception_v3.txt
I0204 22:26:31.769110 140545278417792 retrain.py:361] Creating bottleneck at tf_files/bottlenecks/Normal/mdb149.bmp_inception_v3.txt
INFO:tensorflow:Creating bottleneck at tf_files/bottlenecks/Normal/mdb151.bmp_inception_v3.txt
I0204 22:26:31.982208 140545278417792 retrain.py:361] Creating bottleneck at tf_files/bottlenecks/Normal/mdb151.bmp_inception_v3.txt
INFO:tensorflow:Creating bottleneck at tf_files/bottlenecks/Normal/mdb153.bmp_inception_v3.txt
I0204 22:26:32.390050 140545278417792 retrain.py:361] Creating bottleneck at tf_files/bottlenecks/Normal/mdb153.bmp_inception_v3.txt
INFO:tensorflow:Creating bottleneck at tf_files/bottlenecks/Normal/mdb156.bmp_inception_v3.txt
I0204 22:26:32.618714 140545278417792 retrain.py:361] Creating bottleneck at tf_files/bottlenecks/Normal/mdb156.bmp_inception_v3.txt
INFO:tensorflow:Creating bottleneck at tf_files/bottlenecks/Normal/mdb157.bmp_inception_v3.txt
I0204 22:26:32.886806 140545278417792 retrain.py:361] Creating bottleneck at tf_files/bottlenecks/Normal/mdb157.bmp_inception_v3.txt
INFO:tensorflow:Creating bottleneck at tf_files/bottlenecks/Normal/mdb159.bmp_inception_v3.txt
I0204 22:26:33.179557 140545278417792 retrain.py:361] Creating bottleneck at tf_files/bottlenecks/Normal/mdb159.bmp_inception_v3.txt
INFO:tensorflow:Creating bottleneck at tf_files/bottlenecks/Normal/mdb161.bmp_inception_v3.txt
I0204 22:26:33.560966 140545278417792 retrain.py:361] Creating bottleneck at tf_files/bottlenecks/Normal/mdb161.bmp_inception_v3.txt
INFO:tensorflow:Creating bottleneck at tf_files/bottlenecks/Normal/mdb162.bmp_inception_v3.txt
I0204 22:26:33.791379 140545278417792 retrain.py:361] Creating bottleneck at tf_files/bottlenecks/Normal/mdb162.bmp_inception_v3.txt
INFO:tensorflow:Creating bottleneck at tf_files/bottlenecks/Normal/mdb164.bmp_inception_v3.txt
I0204 22:26:34.342047 140545278417792 retrain.py:361] Creating bottleneck at tf_files/bottlenecks/Normal/mdb164.bmp_inception_v3.txt
INFO:tensorflow:Creating bottleneck at tf_files/bottlenecks/Normal/mdb166.bmp_inception_v3.txt
I0204 22:26:34.566803 140545278417792 retrain.py:361] Creating bottleneck at tf_files/bottlenecks/Normal/mdb166.bmp_inception_v3.txt
INFO:tensorflow:Creating bottleneck at tf_files/bottlenecks/Normal/mdb168.bmp_inception_v3.txt
I0204 22:26:34.774316 140545278417792 retrain.py:361] Creating bottleneck at tf_files/bottlenecks/Normal/mdb168.bmp_inception_v3.txt
INFO:tensorflow:Creating bottleneck at tf_files/bottlenecks/Normal/mdb169.bmp_inception_v3.txt
I0204 22:26:34.948451 140545278417792 retrain.py:361] Creating bottleneck at tf_files/bottlenecks/Normal/mdb169.bmp_inception_v3.txt
INFO:tensorflow:Creating bottleneck at tf_files/bottlenecks/Normal/mdb060.bmp_inception_v3.txt
I0204 22:26:35.125817 140545278417792 retrain.py:361] Creating bottleneck at tf_files/bottlenecks/Normal/mdb060.bmp_inception_v3.txt
INFO:tensorflow:Creating bottleneck at tf_files/bottlenecks/Normal/mdb061.bmp_inception_v3.txt
I0204 22:26:35.297466 140545278417792 retrain.py:361] Creating bottleneck at tf_files/bottlenecks/Normal/mdb061.bmp_inception_v3.txt
INFO:tensorflow:Creating bottleneck at tf_files/bottlenecks/Normal/mdb062.bmp_inception_v3.txt
I0204 22:26:35.466607 140545278417792 retrain.py:361] Creating bottleneck at tf_files/bottlenecks/Normal/mdb062.bmp_inception_v3.txt
INFO:tensorflow:Creating bottleneck at tf_files/bottlenecks/Normal/mdb064.bmp_inception_v3.txt
I0204 22:26:35.637796 140545278417792 retrain.py:361] Creating bottleneck at tf_files/bottlenecks/Normal/mdb064.bmp_inception_v3.txt
INFO:tensorflow:Creating bottleneck at tf_files/bottlenecks/Normal/mdb065.bmp_inception_v3.txt
I0204 22:26:35.808264 140545278417792 retrain.py:361] Creating bottleneck at tf_files/bottlenecks/Normal/mdb065.bmp_inception_v3.txt
INFO:tensorflow:Creating bottleneck at tf_files/bottlenecks/Normal/mdb066.bmp_inception_v3.txt
I0204 22:26:35.978056 140545278417792 retrain.py:361] Creating bottleneck at tf_files/bottlenecks/Normal/mdb066.bmp_inception_v3.txt
INFO:tensorflow:Creating bottleneck at tf_files/bottlenecks/Normal/mdb067.bmp_inception_v3.txt
I0204 22:26:36.150585 140545278417792 retrain.py:361] Creating bottleneck at tf_files/bottlenecks/Normal/mdb067.bmp_inception_v3.txt
INFO:tensorflow:Creating bottleneck at tf_files/bottlenecks/Normal/mdb068.bmp_inception_v3.txt
I0204 22:26:36.322223 140545278417792 retrain.py:361] Creating bottleneck at tf_files/bottlenecks/Normal/mdb068.bmp_inception_v3.txt
INFO:tensorflow:Creating bottleneck at tf_files/bottlenecks/Normal/mdb071.bmp_inception_v3.txt
I0204 22:26:36.492860 140545278417792 retrain.py:361] Creating bottleneck at tf_files/bottlenecks/Normal/mdb071.bmp_inception_v3.txt
INFO:tensorflow:Creating bottleneck at tf_files/bottlenecks/Normal/mdb072.bmp_inception_v3.txt
I0204 22:26:36.663381 140545278417792 retrain.py:361] Creating bottleneck at tf_files/bottlenecks/Normal/mdb072.bmp_inception_v3.txt
INFO:tensorflow:Creating bottleneck at tf_files/bottlenecks/Normal/mdb074.bmp_inception_v3.txt
I0204 22:26:36.832956 140545278417792 retrain.py:361] Creating bottleneck at tf_files/bottlenecks/Normal/mdb074.bmp_inception_v3.txt
INFO:tensorflow:Creating bottleneck at tf_files/bottlenecks/Normal/mdb075.bmp_inception_v3.txt
I0204 22:26:37.004827 140545278417792 retrain.py:361] Creating bottleneck at tf_files/bottlenecks/Normal/mdb075.bmp_inception_v3.txt
INFO:tensorflow:Creating bottleneck at tf_files/bottlenecks/Normal/mdb076.bmp_inception_v3.txt
I0204 22:26:37.179307 140545278417792 retrain.py:361] Creating bottleneck at tf_files/bottlenecks/Normal/mdb076.bmp_inception_v3.txt
INFO:tensorflow:Creating bottleneck at tf_files/bottlenecks/Normal/mdb077.bmp_inception_v3.txt
I0204 22:26:37.352272 140545278417792 retrain.py:361] Creating bottleneck at tf_files/bottlenecks/Normal/mdb077.bmp_inception_v3.txt
INFO:tensorflow:Creating bottleneck at tf_files/bottlenecks/Normal/mdb079.bmp_inception_v3.txt
I0204 22:26:37.525371 140545278417792 retrain.py:361] Creating bottleneck at tf_files/bottlenecks/Normal/mdb079.bmp_inception_v3.txt
INFO:tensorflow:Creating bottleneck at tf_files/bottlenecks/Normal/mdb082.bmp_inception_v3.txt
I0204 22:26:37.697392 140545278417792 retrain.py:361] Creating bottleneck at tf_files/bottlenecks/Normal/mdb082.bmp_inception_v3.txt
INFO:tensorflow:Creating bottleneck at tf_files/bottlenecks/Normal/mdb083.bmp_inception_v3.txt
I0204 22:26:37.873327 140545278417792 retrain.py:361] Creating bottleneck at tf_files/bottlenecks/Normal/mdb083.bmp_inception_v3.txt
INFO:tensorflow:Creating bottleneck at tf_files/bottlenecks/Normal/mdb084.bmp_inception_v3.txt
I0204 22:26:38.047646 140545278417792 retrain.py:361] Creating bottleneck at tf_files/bottlenecks/Normal/mdb084.bmp_inception_v3.txt
INFO:tensorflow:Creating bottleneck at tf_files/bottlenecks/Normal/mdb085.bmp_inception_v3.txt
I0204 22:26:38.224229 140545278417792 retrain.py:361] Creating bottleneck at tf_files/bottlenecks/Normal/mdb085.bmp_inception_v3.txt
INFO:tensorflow:Creating bottleneck at tf_files/bottlenecks/Normal/mdb086.bmp_inception_v3.txt
I0204 22:26:38.409985 140545278417792 retrain.py:361] Creating bottleneck at tf_files/bottlenecks/Normal/mdb086.bmp_inception_v3.txt
INFO:tensorflow:Creating bottleneck at tf_files/bottlenecks/Normal/mdb087.bmp_inception_v3.txt
I0204 22:26:38.585434 140545278417792 retrain.py:361] Creating bottleneck at tf_files/bottlenecks/Normal/mdb087.bmp_inception_v3.txt
INFO:tensorflow:Creating bottleneck at tf_files/bottlenecks/Normal/mdb255.bmp_inception_v3.txt
I0204 22:26:38.756568 140545278417792 retrain.py:361] Creating bottleneck at tf_files/bottlenecks/Normal/mdb255.bmp_inception_v3.txt
INFO:tensorflow:Creating bottleneck at tf_files/bottlenecks/Normal/mdb257.bmp_inception_v3.txt
I0204 22:26:38.928171 140545278417792 retrain.py:361] Creating bottleneck at tf_files/bottlenecks/Normal/mdb257.bmp_inception_v3.txt
INFO:tensorflow:Creating bottleneck at tf_files/bottlenecks/Normal/mdb258.bmp_inception_v3.txt
I0204 22:26:39.102269 140545278417792 retrain.py:361] Creating bottleneck at tf_files/bottlenecks/Normal/mdb258.bmp_inception_v3.txt
INFO:tensorflow:Creating bottleneck at tf_files/bottlenecks/Normal/mdb260.bmp_inception_v3.txt
I0204 22:26:39.274192 140545278417792 retrain.py:361] Creating bottleneck at tf_files/bottlenecks/Normal/mdb260.bmp_inception_v3.txt
INFO:tensorflow:Creating bottleneck at tf_files/bottlenecks/Normal/mdb262.bmp_inception_v3.txt
I0204 22:26:39.447104 140545278417792 retrain.py:361] Creating bottleneck at tf_files/bottlenecks/Normal/mdb262.bmp_inception_v3.txt
INFO:tensorflow:Creating bottleneck at tf_files/bottlenecks/Normal/mdb263.bmp_inception_v3.txt
I0204 22:26:39.618797 140545278417792 retrain.py:361] Creating bottleneck at tf_files/bottlenecks/Normal/mdb263.bmp_inception_v3.txt
INFO:tensorflow:Creating bottleneck at tf_files/bottlenecks/Normal/mdb266.bmp_inception_v3.txt
I0204 22:26:39.816311 140545278417792 retrain.py:361] Creating bottleneck at tf_files/bottlenecks/Normal/mdb266.bmp_inception_v3.txt
INFO:tensorflow:Creating bottleneck at tf_files/bottlenecks/Normal/mdb272.bmp_inception_v3.txt
I0204 22:26:39.988612 140545278417792 retrain.py:361] Creating bottleneck at tf_files/bottlenecks/Normal/mdb272.bmp_inception_v3.txt
INFO:tensorflow:Creating bottleneck at tf_files/bottlenecks/Normal/mdb275.bmp_inception_v3.txt
I0204 22:26:40.163086 140545278417792 retrain.py:361] Creating bottleneck at tf_files/bottlenecks/Normal/mdb275.bmp_inception_v3.txt
INFO:tensorflow:Creating bottleneck at tf_files/bottlenecks/Normal/mdb277.bmp_inception_v3.txt
I0204 22:26:40.334235 140545278417792 retrain.py:361] Creating bottleneck at tf_files/bottlenecks/Normal/mdb277.bmp_inception_v3.txt
INFO:tensorflow:Creating bottleneck at tf_files/bottlenecks/Normal/mdb278.bmp_inception_v3.txt
I0204 22:26:40.506286 140545278417792 retrain.py:361] Creating bottleneck at tf_files/bottlenecks/Normal/mdb278.bmp_inception_v3.txt
INFO:tensorflow:Creating bottleneck at tf_files/bottlenecks/Normal/mdb279.bmp_inception_v3.txt
I0204 22:26:40.677834 140545278417792 retrain.py:361] Creating bottleneck at tf_files/bottlenecks/Normal/mdb279.bmp_inception_v3.txt
INFO:tensorflow:Creating bottleneck at tf_files/bottlenecks/Normal/mdb281.bmp_inception_v3.txt
I0204 22:26:40.848640 140545278417792 retrain.py:361] Creating bottleneck at tf_files/bottlenecks/Normal/mdb281.bmp_inception_v3.txt
INFO:tensorflow:Creating bottleneck at tf_files/bottlenecks/Normal/mdb282.bmp_inception_v3.txt
I0204 22:26:41.019739 140545278417792 retrain.py:361] Creating bottleneck at tf_files/bottlenecks/Normal/mdb282.bmp_inception_v3.txt
INFO:tensorflow:Creating bottleneck at tf_files/bottlenecks/Normal/mdb283.bmp_inception_v3.txt
I0204 22:26:41.193374 140545278417792 retrain.py:361] Creating bottleneck at tf_files/bottlenecks/Normal/mdb283.bmp_inception_v3.txt
INFO:tensorflow:Creating bottleneck at tf_files/bottlenecks/Normal/mdb036.bmp_inception_v3.txt
I0204 22:26:41.380071 140545278417792 retrain.py:361] Creating bottleneck at tf_files/bottlenecks/Normal/mdb036.bmp_inception_v3.txt
INFO:tensorflow:Creating bottleneck at tf_files/bottlenecks/Normal/mdb037.bmp_inception_v3.txt
I0204 22:26:41.558174 140545278417792 retrain.py:361] Creating bottleneck at tf_files/bottlenecks/Normal/mdb037.bmp_inception_v3.txt
INFO:tensorflow:Creating bottleneck at tf_files/bottlenecks/Normal/mdb040.bmp_inception_v3.txt
I0204 22:26:41.731884 140545278417792 retrain.py:361] Creating bottleneck at tf_files/bottlenecks/Normal/mdb040.bmp_inception_v3.txt
INFO:tensorflow:Creating bottleneck at tf_files/bottlenecks/Normal/mdb041.bmp_inception_v3.txt
I0204 22:26:41.908007 140545278417792 retrain.py:361] Creating bottleneck at tf_files/bottlenecks/Normal/mdb041.bmp_inception_v3.txt
INFO:tensorflow:Creating bottleneck at tf_files/bottlenecks/Normal/mdb043.bmp_inception_v3.txt
I0204 22:26:42.085360 140545278417792 retrain.py:361] Creating bottleneck at tf_files/bottlenecks/Normal/mdb043.bmp_inception_v3.txt
INFO:tensorflow:Creating bottleneck at tf_files/bottlenecks/Normal/mdb045.bmp_inception_v3.txt
I0204 22:26:42.256341 140545278417792 retrain.py:361] Creating bottleneck at tf_files/bottlenecks/Normal/mdb045.bmp_inception_v3.txt
INFO:tensorflow:Creating bottleneck at tf_files/bottlenecks/Normal/mdb047.bmp_inception_v3.txt
I0204 22:26:42.425183 140545278417792 retrain.py:361] Creating bottleneck at tf_files/bottlenecks/Normal/mdb047.bmp_inception_v3.txt
INFO:tensorflow:Creating bottleneck at tf_files/bottlenecks/Normal/mdb048.bmp_inception_v3.txt
I0204 22:26:42.595628 140545278417792 retrain.py:361] Creating bottleneck at tf_files/bottlenecks/Normal/mdb048.bmp_inception_v3.txt
INFO:tensorflow:Creating bottleneck at tf_files/bottlenecks/Normal/mdb049.bmp_inception_v3.txt
I0204 22:26:42.770493 140545278417792 retrain.py:361] Creating bottleneck at tf_files/bottlenecks/Normal/mdb049.bmp_inception_v3.txt
INFO:tensorflow:Creating bottleneck at tf_files/bottlenecks/Normal/mdb050.bmp_inception_v3.txt
I0204 22:26:42.944567 140545278417792 retrain.py:361] Creating bottleneck at tf_files/bottlenecks/Normal/mdb050.bmp_inception_v3.txt
INFO:tensorflow:Creating bottleneck at tf_files/bottlenecks/Normal/mdb051.bmp_inception_v3.txt
I0204 22:26:43.122682 140545278417792 retrain.py:361] Creating bottleneck at tf_files/bottlenecks/Normal/mdb051.bmp_inception_v3.txt
INFO:tensorflow:Creating bottleneck at tf_files/bottlenecks/Normal/mdb052.bmp_inception_v3.txt
I0204 22:26:43.296768 140545278417792 retrain.py:361] Creating bottleneck at tf_files/bottlenecks/Normal/mdb052.bmp_inception_v3.txt
INFO:tensorflow:Creating bottleneck at tf_files/bottlenecks/Normal/mdb053.bmp_inception_v3.txt
I0204 22:26:43.470194 140545278417792 retrain.py:361] Creating bottleneck at tf_files/bottlenecks/Normal/mdb053.bmp_inception_v3.txt
INFO:tensorflow:Creating bottleneck at tf_files/bottlenecks/Normal/mdb054.bmp_inception_v3.txt
I0204 22:26:43.643142 140545278417792 retrain.py:361] Creating bottleneck at tf_files/bottlenecks/Normal/mdb054.bmp_inception_v3.txt
INFO:tensorflow:Creating bottleneck at tf_files/bottlenecks/Normal/mdb055.bmp_inception_v3.txt
I0204 22:26:43.814185 140545278417792 retrain.py:361] Creating bottleneck at tf_files/bottlenecks/Normal/mdb055.bmp_inception_v3.txt
INFO:tensorflow:Creating bottleneck at tf_files/bottlenecks/Normal/mdb035.bmp_inception_v3.txt
I0204 22:26:43.986897 140545278417792 retrain.py:361] Creating bottleneck at tf_files/bottlenecks/Normal/mdb035.bmp_inception_v3.txt
INFO:tensorflow:Creating bottleneck at tf_files/bottlenecks/Normal/mdb088.bmp_inception_v3.txt
I0204 22:26:44.163994 140545278417792 retrain.py:361] Creating bottleneck at tf_files/bottlenecks/Normal/mdb088.bmp_inception_v3.txt
INFO:tensorflow:Creating bottleneck at tf_files/bottlenecks/Normal/mdb137.bmp_inception_v3.txt
I0204 22:26:44.337053 140545278417792 retrain.py:361] Creating bottleneck at tf_files/bottlenecks/Normal/mdb137.bmp_inception_v3.txt
INFO:tensorflow:Creating bottleneck at tf_files/bottlenecks/Normal/mdb173.bmp_inception_v3.txt
I0204 22:26:44.510892 140545278417792 retrain.py:361] Creating bottleneck at tf_files/bottlenecks/Normal/mdb173.bmp_inception_v3.txt
INFO:tensorflow:Creating bottleneck at tf_files/bottlenecks/Normal/mdb285.bmp_inception_v3.txt
I0204 22:26:44.682661 140545278417792 retrain.py:361] Creating bottleneck at tf_files/bottlenecks/Normal/mdb285.bmp_inception_v3.txt
INFO:tensorflow:Creating bottleneck at tf_files/bottlenecks/Normal/mdb089.bmp_inception_v3.txt
I0204 22:26:44.856473 140545278417792 retrain.py:361] Creating bottleneck at tf_files/bottlenecks/Normal/mdb089.bmp_inception_v3.txt
INFO:tensorflow:Creating bottleneck at tf_files/bottlenecks/Normal/mdb090.bmp_inception_v3.txt
I0204 22:26:45.030354 140545278417792 retrain.py:361] Creating bottleneck at tf_files/bottlenecks/Normal/mdb090.bmp_inception_v3.txt
INFO:tensorflow:Creating bottleneck at tf_files/bottlenecks/Normal/mdb092.bmp_inception_v3.txt
I0204 22:26:45.204568 140545278417792 retrain.py:361] Creating bottleneck at tf_files/bottlenecks/Normal/mdb092.bmp_inception_v3.txt
INFO:tensorflow:Creating bottleneck at tf_files/bottlenecks/Normal/mdb093.bmp_inception_v3.txt
I0204 22:26:45.375856 140545278417792 retrain.py:361] Creating bottleneck at tf_files/bottlenecks/Normal/mdb093.bmp_inception_v3.txt
INFO:tensorflow:Creating bottleneck at tf_files/bottlenecks/Normal/mdb095.bmp_inception_v3.txt
I0204 22:26:45.547109 140545278417792 retrain.py:361] Creating bottleneck at tf_files/bottlenecks/Normal/mdb095.bmp_inception_v3.txt
INFO:tensorflow:Creating bottleneck at tf_files/bottlenecks/Normal/mdb096.bmp_inception_v3.txt
I0204 22:26:45.718008 140545278417792 retrain.py:361] Creating bottleneck at tf_files/bottlenecks/Normal/mdb096.bmp_inception_v3.txt
INFO:tensorflow:Creating bottleneck at tf_files/bottlenecks/Normal/mdb097.bmp_inception_v3.txt
I0204 22:26:45.886161 140545278417792 retrain.py:361] Creating bottleneck at tf_files/bottlenecks/Normal/mdb097.bmp_inception_v3.txt
INFO:tensorflow:Creating bottleneck at tf_files/bottlenecks/Normal/mdb098.bmp_inception_v3.txt
I0204 22:26:46.059326 140545278417792 retrain.py:361] Creating bottleneck at tf_files/bottlenecks/Normal/mdb098.bmp_inception_v3.txt
INFO:tensorflow:Creating bottleneck at tf_files/bottlenecks/Normal/mdb099.bmp_inception_v3.txt
I0204 22:26:46.234144 140545278417792 retrain.py:361] Creating bottleneck at tf_files/bottlenecks/Normal/mdb099.bmp_inception_v3.txt
INFO:tensorflow:Creating bottleneck at tf_files/bottlenecks/Normal/mdb100.bmp_inception_v3.txt
I0204 22:26:46.423627 140545278417792 retrain.py:361] Creating bottleneck at tf_files/bottlenecks/Normal/mdb100.bmp_inception_v3.txt
INFO:tensorflow:Creating bottleneck at tf_files/bottlenecks/Normal/mdb103.bmp_inception_v3.txt
I0204 22:26:46.610684 140545278417792 retrain.py:361] Creating bottleneck at tf_files/bottlenecks/Normal/mdb103.bmp_inception_v3.txt
INFO:tensorflow:Creating bottleneck at tf_files/bottlenecks/Normal/mdb105.bmp_inception_v3.txt
I0204 22:26:46.780441 140545278417792 retrain.py:361] Creating bottleneck at tf_files/bottlenecks/Normal/mdb105.bmp_inception_v3.txt
INFO:tensorflow:Creating bottleneck at tf_files/bottlenecks/Normal/mdb106.bmp_inception_v3.txt
I0204 22:26:46.965847 140545278417792 retrain.py:361] Creating bottleneck at tf_files/bottlenecks/Normal/mdb106.bmp_inception_v3.txt
INFO:tensorflow:200 bottleneck files created.
I0204 22:26:47.139200 140545278417792 retrain.py:481] 200 bottleneck files created.
INFO:tensorflow:Creating bottleneck at tf_files/bottlenecks/Normal/mdb107.bmp_inception_v3.txt
I0204 22:26:47.139612 140545278417792 retrain.py:361] Creating bottleneck at tf_files/bottlenecks/Normal/mdb107.bmp_inception_v3.txt
INFO:tensorflow:Creating bottleneck at tf_files/bottlenecks/Normal/mdb109.bmp_inception_v3.txt
I0204 22:26:47.312404 140545278417792 retrain.py:361] Creating bottleneck at tf_files/bottlenecks/Normal/mdb109.bmp_inception_v3.txt
INFO:tensorflow:Creating bottleneck at tf_files/bottlenecks/Normal/mdb111.bmp_inception_v3.txt
I0204 22:26:47.483735 140545278417792 retrain.py:361] Creating bottleneck at tf_files/bottlenecks/Normal/mdb111.bmp_inception_v3.txt
INFO:tensorflow:Creating bottleneck at tf_files/bottlenecks/Normal/mdb112.bmp_inception_v3.txt
I0204 22:26:47.656563 140545278417792 retrain.py:361] Creating bottleneck at tf_files/bottlenecks/Normal/mdb112.bmp_inception_v3.txt
INFO:tensorflow:Creating bottleneck at tf_files/bottlenecks/Normal/mdb113.bmp_inception_v3.txt
I0204 22:26:47.842823 140545278417792 retrain.py:361] Creating bottleneck at tf_files/bottlenecks/Normal/mdb113.bmp_inception_v3.txt
INFO:tensorflow:Creating bottleneck at tf_files/bottlenecks/Normal/mdb114.bmp_inception_v3.txt
I0204 22:26:48.015475 140545278417792 retrain.py:361] Creating bottleneck at tf_files/bottlenecks/Normal/mdb114.bmp_inception_v3.txt
INFO:tensorflow:Creating bottleneck at tf_files/bottlenecks/Normal/mdb122.bmp_inception_v3.txt
I0204 22:26:48.188813 140545278417792 retrain.py:361] Creating bottleneck at tf_files/bottlenecks/Normal/mdb122.bmp_inception_v3.txt
INFO:tensorflow:Creating bottleneck at tf_files/bottlenecks/Normal/mdb123.bmp_inception_v3.txt
I0204 22:26:48.361474 140545278417792 retrain.py:361] Creating bottleneck at tf_files/bottlenecks/Normal/mdb123.bmp_inception_v3.txt
INFO:tensorflow:Creating bottleneck at tf_files/bottlenecks/Normal/mdb128.bmp_inception_v3.txt
I0204 22:26:48.536420 140545278417792 retrain.py:361] Creating bottleneck at tf_files/bottlenecks/Normal/mdb128.bmp_inception_v3.txt
INFO:tensorflow:Creating bottleneck at tf_files/bottlenecks/Normal/mdb129.bmp_inception_v3.txt
I0204 22:26:48.726596 140545278417792 retrain.py:361] Creating bottleneck at tf_files/bottlenecks/Normal/mdb129.bmp_inception_v3.txt
INFO:tensorflow:Creating bottleneck at tf_files/bottlenecks/Normal/mdb133.bmp_inception_v3.txt
I0204 22:26:48.895072 140545278417792 retrain.py:361] Creating bottleneck at tf_files/bottlenecks/Normal/mdb133.bmp_inception_v3.txt
INFO:tensorflow:Creating bottleneck at tf_files/bottlenecks/Normal/mdb135.bmp_inception_v3.txt
I0204 22:26:49.070660 140545278417792 retrain.py:361] Creating bottleneck at tf_files/bottlenecks/Normal/mdb135.bmp_inception_v3.txt
INFO:tensorflow:Creating bottleneck at tf_files/bottlenecks/Normal/mdb136.bmp_inception_v3.txt
I0204 22:26:49.243877 140545278417792 retrain.py:361] Creating bottleneck at tf_files/bottlenecks/Normal/mdb136.bmp_inception_v3.txt
INFO:tensorflow:Creating bottleneck at tf_files/bottlenecks/Normal/mdb174.bmp_inception_v3.txt
I0204 22:26:49.415992 140545278417792 retrain.py:361] Creating bottleneck at tf_files/bottlenecks/Normal/mdb174.bmp_inception_v3.txt
INFO:tensorflow:Creating bottleneck at tf_files/bottlenecks/Normal/mdb176.bmp_inception_v3.txt
I0204 22:26:49.589758 140545278417792 retrain.py:361] Creating bottleneck at tf_files/bottlenecks/Normal/mdb176.bmp_inception_v3.txt
INFO:tensorflow:Creating bottleneck at tf_files/bottlenecks/Normal/mdb177.bmp_inception_v3.txt
I0204 22:26:49.763008 140545278417792 retrain.py:361] Creating bottleneck at tf_files/bottlenecks/Normal/mdb177.bmp_inception_v3.txt
INFO:tensorflow:Creating bottleneck at tf_files/bottlenecks/Normal/mdb180.bmp_inception_v3.txt
I0204 22:26:49.936340 140545278417792 retrain.py:361] Creating bottleneck at tf_files/bottlenecks/Normal/mdb180.bmp_inception_v3.txt
INFO:tensorflow:Creating bottleneck at tf_files/bottlenecks/Normal/mdb182.bmp_inception_v3.txt
I0204 22:26:50.114440 140545278417792 retrain.py:361] Creating bottleneck at tf_files/bottlenecks/Normal/mdb182.bmp_inception_v3.txt
INFO:tensorflow:Creating bottleneck at tf_files/bottlenecks/Normal/mdb185.bmp_inception_v3.txt
I0204 22:26:50.289323 140545278417792 retrain.py:361] Creating bottleneck at tf_files/bottlenecks/Normal/mdb185.bmp_inception_v3.txt
INFO:tensorflow:Creating bottleneck at tf_files/bottlenecks/Normal/mdb187.bmp_inception_v3.txt
I0204 22:26:50.464224 140545278417792 retrain.py:361] Creating bottleneck at tf_files/bottlenecks/Normal/mdb187.bmp_inception_v3.txt
INFO:tensorflow:Creating bottleneck at tf_files/bottlenecks/Normal/mdb189.bmp_inception_v3.txt
I0204 22:26:50.656331 140545278417792 retrain.py:361] Creating bottleneck at tf_files/bottlenecks/Normal/mdb189.bmp_inception_v3.txt
INFO:tensorflow:Creating bottleneck at tf_files/bottlenecks/Normal/mdb192.bmp_inception_v3.txt
I0204 22:26:50.832247 140545278417792 retrain.py:361] Creating bottleneck at tf_files/bottlenecks/Normal/mdb192.bmp_inception_v3.txt
INFO:tensorflow:Creating bottleneck at tf_files/bottlenecks/Normal/mdb194.bmp_inception_v3.txt
I0204 22:26:51.001742 140545278417792 retrain.py:361] Creating bottleneck at tf_files/bottlenecks/Normal/mdb194.bmp_inception_v3.txt
INFO:tensorflow:Creating bottleneck at tf_files/bottlenecks/Normal/mdb196.bmp_inception_v3.txt
I0204 22:26:51.178966 140545278417792 retrain.py:361] Creating bottleneck at tf_files/bottlenecks/Normal/mdb196.bmp_inception_v3.txt
INFO:tensorflow:Creating bottleneck at tf_files/bottlenecks/Normal/mdb197.bmp_inception_v3.txt
I0204 22:26:51.352122 140545278417792 retrain.py:361] Creating bottleneck at tf_files/bottlenecks/Normal/mdb197.bmp_inception_v3.txt
INFO:tensorflow:Creating bottleneck at tf_files/bottlenecks/Normal/mdb203.bmp_inception_v3.txt
I0204 22:26:51.525728 140545278417792 retrain.py:361] Creating bottleneck at tf_files/bottlenecks/Normal/mdb203.bmp_inception_v3.txt
INFO:tensorflow:Creating bottleneck at tf_files/bottlenecks/Normal/mdb205.bmp_inception_v3.txt
I0204 22:26:51.699200 140545278417792 retrain.py:361] Creating bottleneck at tf_files/bottlenecks/Normal/mdb205.bmp_inception_v3.txt
INFO:tensorflow:Creating bottleneck at tf_files/bottlenecks/Normal/mdb208.bmp_inception_v3.txt
I0204 22:26:51.873577 140545278417792 retrain.py:361] Creating bottleneck at tf_files/bottlenecks/Normal/mdb208.bmp_inception_v3.txt
INFO:tensorflow:Creating bottleneck at tf_files/bottlenecks/Normal/mdb215.bmp_inception_v3.txt
I0204 22:26:52.046068 140545278417792 retrain.py:361] Creating bottleneck at tf_files/bottlenecks/Normal/mdb215.bmp_inception_v3.txt
INFO:tensorflow:Creating bottleneck at tf_files/bottlenecks/Normal/mdb220.bmp_inception_v3.txt
I0204 22:26:52.224533 140545278417792 retrain.py:361] Creating bottleneck at tf_files/bottlenecks/Normal/mdb220.bmp_inception_v3.txt
INFO:tensorflow:Creating bottleneck at tf_files/bottlenecks/Normal/mdb225.bmp_inception_v3.txt
I0204 22:26:52.395433 140545278417792 retrain.py:361] Creating bottleneck at tf_files/bottlenecks/Normal/mdb225.bmp_inception_v3.txt
INFO:tensorflow:Creating bottleneck at tf_files/bottlenecks/Normal/mdb229.bmp_inception_v3.txt
I0204 22:26:52.566529 140545278417792 retrain.py:361] Creating bottleneck at tf_files/bottlenecks/Normal/mdb229.bmp_inception_v3.txt
INFO:tensorflow:Creating bottleneck at tf_files/bottlenecks/Normal/mdb230.bmp_inception_v3.txt
I0204 22:26:52.738525 140545278417792 retrain.py:361] Creating bottleneck at tf_files/bottlenecks/Normal/mdb230.bmp_inception_v3.txt
INFO:tensorflow:Creating bottleneck at tf_files/bottlenecks/Normal/mdb232.bmp_inception_v3.txt
I0204 22:26:52.907942 140545278417792 retrain.py:361] Creating bottleneck at tf_files/bottlenecks/Normal/mdb232.bmp_inception_v3.txt
INFO:tensorflow:Creating bottleneck at tf_files/bottlenecks/Normal/mdb234.bmp_inception_v3.txt
I0204 22:26:53.079999 140545278417792 retrain.py:361] Creating bottleneck at tf_files/bottlenecks/Normal/mdb234.bmp_inception_v3.txt
INFO:tensorflow:Creating bottleneck at tf_files/bottlenecks/Normal/mdb235.bmp_inception_v3.txt
I0204 22:26:53.251171 140545278417792 retrain.py:361] Creating bottleneck at tf_files/bottlenecks/Normal/mdb235.bmp_inception_v3.txt
INFO:tensorflow:Creating bottleneck at tf_files/bottlenecks/Normal/mdb237.bmp_inception_v3.txt
I0204 22:26:53.426000 140545278417792 retrain.py:361] Creating bottleneck at tf_files/bottlenecks/Normal/mdb237.bmp_inception_v3.txt
INFO:tensorflow:Creating bottleneck at tf_files/bottlenecks/Normal/mdb242.bmp_inception_v3.txt
I0204 22:26:53.598765 140545278417792 retrain.py:361] Creating bottleneck at tf_files/bottlenecks/Normal/mdb242.bmp_inception_v3.txt
INFO:tensorflow:Creating bottleneck at tf_files/bottlenecks/Normal/mdb246.bmp_inception_v3.txt
I0204 22:26:53.768085 140545278417792 retrain.py:361] Creating bottleneck at tf_files/bottlenecks/Normal/mdb246.bmp_inception_v3.txt
INFO:tensorflow:Creating bottleneck at tf_files/bottlenecks/Normal/mdb250.bmp_inception_v3.txt
I0204 22:26:53.940949 140545278417792 retrain.py:361] Creating bottleneck at tf_files/bottlenecks/Normal/mdb250.bmp_inception_v3.txt
INFO:tensorflow:Creating bottleneck at tf_files/bottlenecks/Normal/mdb286.bmp_inception_v3.txt
I0204 22:26:54.114332 140545278417792 retrain.py:361] Creating bottleneck at tf_files/bottlenecks/Normal/mdb286.bmp_inception_v3.txt
INFO:tensorflow:Creating bottleneck at tf_files/bottlenecks/Normal/mdb287.bmp_inception_v3.txt
I0204 22:26:54.287389 140545278417792 retrain.py:361] Creating bottleneck at tf_files/bottlenecks/Normal/mdb287.bmp_inception_v3.txt
INFO:tensorflow:Creating bottleneck at tf_files/bottlenecks/Normal/mdb288.bmp_inception_v3.txt
I0204 22:26:54.459510 140545278417792 retrain.py:361] Creating bottleneck at tf_files/bottlenecks/Normal/mdb288.bmp_inception_v3.txt
INFO:tensorflow:Creating bottleneck at tf_files/bottlenecks/Normal/mdb291.bmp_inception_v3.txt
I0204 22:26:54.663793 140545278417792 retrain.py:361] Creating bottleneck at tf_files/bottlenecks/Normal/mdb291.bmp_inception_v3.txt
INFO:tensorflow:Creating bottleneck at tf_files/bottlenecks/Normal/mdb292.bmp_inception_v3.txt
I0204 22:26:54.834375 140545278417792 retrain.py:361] Creating bottleneck at tf_files/bottlenecks/Normal/mdb292.bmp_inception_v3.txt
INFO:tensorflow:Creating bottleneck at tf_files/bottlenecks/Normal/mdb293.bmp_inception_v3.txt
I0204 22:26:55.005484 140545278417792 retrain.py:361] Creating bottleneck at tf_files/bottlenecks/Normal/mdb293.bmp_inception_v3.txt
INFO:tensorflow:Creating bottleneck at tf_files/bottlenecks/Normal/mdb294.bmp_inception_v3.txt
I0204 22:26:55.183013 140545278417792 retrain.py:361] Creating bottleneck at tf_files/bottlenecks/Normal/mdb294.bmp_inception_v3.txt
INFO:tensorflow:Creating bottleneck at tf_files/bottlenecks/Normal/mdb295.bmp_inception_v3.txt
I0204 22:26:55.353579 140545278417792 retrain.py:361] Creating bottleneck at tf_files/bottlenecks/Normal/mdb295.bmp_inception_v3.txt
INFO:tensorflow:Creating bottleneck at tf_files/bottlenecks/Normal/mdb296.bmp_inception_v3.txt
I0204 22:26:55.528311 140545278417792 retrain.py:361] Creating bottleneck at tf_files/bottlenecks/Normal/mdb296.bmp_inception_v3.txt
INFO:tensorflow:Creating bottleneck at tf_files/bottlenecks/Normal/mdb298.bmp_inception_v3.txt
I0204 22:26:55.701876 140545278417792 retrain.py:361] Creating bottleneck at tf_files/bottlenecks/Normal/mdb298.bmp_inception_v3.txt
INFO:tensorflow:Creating bottleneck at tf_files/bottlenecks/Normal/mdb299.bmp_inception_v3.txt
I0204 22:26:55.886654 140545278417792 retrain.py:361] Creating bottleneck at tf_files/bottlenecks/Normal/mdb299.bmp_inception_v3.txt
INFO:tensorflow:Creating bottleneck at tf_files/bottlenecks/Normal/mdb300.bmp_inception_v3.txt
I0204 22:26:56.057283 140545278417792 retrain.py:361] Creating bottleneck at tf_files/bottlenecks/Normal/mdb300.bmp_inception_v3.txt
INFO:tensorflow:Creating bottleneck at tf_files/bottlenecks/Normal/mdb301.bmp_inception_v3.txt
I0204 22:26:56.231880 140545278417792 retrain.py:361] Creating bottleneck at tf_files/bottlenecks/Normal/mdb301.bmp_inception_v3.txt
INFO:tensorflow:Creating bottleneck at tf_files/bottlenecks/Normal/mdb303.bmp_inception_v3.txt
I0204 22:26:56.402690 140545278417792 retrain.py:361] Creating bottleneck at tf_files/bottlenecks/Normal/mdb303.bmp_inception_v3.txt
INFO:tensorflow:Creating bottleneck at tf_files/bottlenecks/Normal/mdb304.bmp_inception_v3.txt
I0204 22:26:56.575312 140545278417792 retrain.py:361] Creating bottleneck at tf_files/bottlenecks/Normal/mdb304.bmp_inception_v3.txt
INFO:tensorflow:Creating bottleneck at tf_files/bottlenecks/Normal/mdb305.bmp_inception_v3.txt
I0204 22:26:56.745975 140545278417792 retrain.py:361] Creating bottleneck at tf_files/bottlenecks/Normal/mdb305.bmp_inception_v3.txt
INFO:tensorflow:Creating bottleneck at tf_files/bottlenecks/Normal/mdb306.bmp_inception_v3.txt
I0204 22:26:56.917081 140545278417792 retrain.py:361] Creating bottleneck at tf_files/bottlenecks/Normal/mdb306.bmp_inception_v3.txt
INFO:tensorflow:Creating bottleneck at tf_files/bottlenecks/Normal/mdb307.bmp_inception_v3.txt
I0204 22:26:57.114927 140545278417792 retrain.py:361] Creating bottleneck at tf_files/bottlenecks/Normal/mdb307.bmp_inception_v3.txt
INFO:tensorflow:Creating bottleneck at tf_files/bottlenecks/Normal/mdb308.bmp_inception_v3.txt
I0204 22:26:57.320237 140545278417792 retrain.py:361] Creating bottleneck at tf_files/bottlenecks/Normal/mdb308.bmp_inception_v3.txt
INFO:tensorflow:Creating bottleneck at tf_files/bottlenecks/Normal/mdb309.bmp_inception_v3.txt
I0204 22:26:57.492327 140545278417792 retrain.py:361] Creating bottleneck at tf_files/bottlenecks/Normal/mdb309.bmp_inception_v3.txt
INFO:tensorflow:Creating bottleneck at tf_files/bottlenecks/Normal/mdb310.bmp_inception_v3.txt
I0204 22:26:57.663449 140545278417792 retrain.py:361] Creating bottleneck at tf_files/bottlenecks/Normal/mdb310.bmp_inception_v3.txt
INFO:tensorflow:Creating bottleneck at tf_files/bottlenecks/Normal/mdb311.bmp_inception_v3.txt
I0204 22:26:57.834197 140545278417792 retrain.py:361] Creating bottleneck at tf_files/bottlenecks/Normal/mdb311.bmp_inception_v3.txt
INFO:tensorflow:Creating bottleneck at tf_files/bottlenecks/Normal/mdb313.bmp_inception_v3.txt
I0204 22:26:58.005796 140545278417792 retrain.py:361] Creating bottleneck at tf_files/bottlenecks/Normal/mdb313.bmp_inception_v3.txt
INFO:tensorflow:Creating bottleneck at tf_files/bottlenecks/Normal/mdb316.bmp_inception_v3.txt
I0204 22:26:58.183279 140545278417792 retrain.py:361] Creating bottleneck at tf_files/bottlenecks/Normal/mdb316.bmp_inception_v3.txt
INFO:tensorflow:Creating bottleneck at tf_files/bottlenecks/Normal/mdb317.bmp_inception_v3.txt
I0204 22:26:58.354015 140545278417792 retrain.py:361] Creating bottleneck at tf_files/bottlenecks/Normal/mdb317.bmp_inception_v3.txt
INFO:tensorflow:Creating bottleneck at tf_files/bottlenecks/Normal/mdb320.bmp_inception_v3.txt
I0204 22:26:58.523521 140545278417792 retrain.py:361] Creating bottleneck at tf_files/bottlenecks/Normal/mdb320.bmp_inception_v3.txt
INFO:tensorflow:Creating bottleneck at tf_files/bottlenecks/Normal/mdb321.bmp_inception_v3.txt
I0204 22:26:58.694200 140545278417792 retrain.py:361] Creating bottleneck at tf_files/bottlenecks/Normal/mdb321.bmp_inception_v3.txt
INFO:tensorflow:Creating bottleneck at tf_files/bottlenecks/Normal/mdb322.bmp_inception_v3.txt
I0204 22:26:58.862141 140545278417792 retrain.py:361] Creating bottleneck at tf_files/bottlenecks/Normal/mdb322.bmp_inception_v3.txt
INFO:tensorflow:Creating bottleneck at tf_files/bottlenecks/Normal/mdb009.bmp_inception_v3.txt
I0204 22:26:59.032188 140545278417792 retrain.py:361] Creating bottleneck at tf_files/bottlenecks/Normal/mdb009.bmp_inception_v3.txt
INFO:tensorflow:Creating bottleneck at tf_files/bottlenecks/Normal/mdb024.bmp_inception_v3.txt
I0204 22:26:59.208197 140545278417792 retrain.py:361] Creating bottleneck at tf_files/bottlenecks/Normal/mdb024.bmp_inception_v3.txt
INFO:tensorflow:Creating bottleneck at tf_files/bottlenecks/Normal/mdb033.bmp_inception_v3.txt
I0204 22:26:59.380970 140545278417792 retrain.py:361] Creating bottleneck at tf_files/bottlenecks/Normal/mdb033.bmp_inception_v3.txt
INFO:tensorflow:Creating bottleneck at tf_files/bottlenecks/Normal/mdb147.bmp_inception_v3.txt
I0204 22:26:59.551833 140545278417792 retrain.py:361] Creating bottleneck at tf_files/bottlenecks/Normal/mdb147.bmp_inception_v3.txt
INFO:tensorflow:Creating bottleneck at tf_files/bottlenecks/Normal/mdb154.bmp_inception_v3.txt
I0204 22:26:59.723862 140545278417792 retrain.py:361] Creating bottleneck at tf_files/bottlenecks/Normal/mdb154.bmp_inception_v3.txt
INFO:tensorflow:Creating bottleneck at tf_files/bottlenecks/Normal/mdb172.bmp_inception_v3.txt
I0204 22:26:59.894967 140545278417792 retrain.py:361] Creating bottleneck at tf_files/bottlenecks/Normal/mdb172.bmp_inception_v3.txt
INFO:tensorflow:Creating bottleneck at tf_files/bottlenecks/Normal/mdb057.bmp_inception_v3.txt
I0204 22:27:00.068886 140545278417792 retrain.py:361] Creating bottleneck at tf_files/bottlenecks/Normal/mdb057.bmp_inception_v3.txt
INFO:tensorflow:Creating bottleneck at tf_files/bottlenecks/Normal/mdb070.bmp_inception_v3.txt
I0204 22:27:00.242990 140545278417792 retrain.py:361] Creating bottleneck at tf_files/bottlenecks/Normal/mdb070.bmp_inception_v3.txt
INFO:tensorflow:Creating bottleneck at tf_files/bottlenecks/Normal/mdb073.bmp_inception_v3.txt
I0204 22:27:00.414360 140545278417792 retrain.py:361] Creating bottleneck at tf_files/bottlenecks/Normal/mdb073.bmp_inception_v3.txt
INFO:tensorflow:Creating bottleneck at tf_files/bottlenecks/Normal/mdb261.bmp_inception_v3.txt
I0204 22:27:00.583559 140545278417792 retrain.py:361] Creating bottleneck at tf_files/bottlenecks/Normal/mdb261.bmp_inception_v3.txt
INFO:tensorflow:Creating bottleneck at tf_files/bottlenecks/Normal/mdb268.bmp_inception_v3.txt
I0204 22:27:00.755241 140545278417792 retrain.py:361] Creating bottleneck at tf_files/bottlenecks/Normal/mdb268.bmp_inception_v3.txt
INFO:tensorflow:Creating bottleneck at tf_files/bottlenecks/Normal/mdb269.bmp_inception_v3.txt
I0204 22:27:00.934262 140545278417792 retrain.py:361] Creating bottleneck at tf_files/bottlenecks/Normal/mdb269.bmp_inception_v3.txt
INFO:tensorflow:Creating bottleneck at tf_files/bottlenecks/Normal/mdb273.bmp_inception_v3.txt
I0204 22:27:01.109796 140545278417792 retrain.py:361] Creating bottleneck at tf_files/bottlenecks/Normal/mdb273.bmp_inception_v3.txt
INFO:tensorflow:Creating bottleneck at tf_files/bottlenecks/Normal/mdb042.bmp_inception_v3.txt
I0204 22:27:01.284296 140545278417792 retrain.py:361] Creating bottleneck at tf_files/bottlenecks/Normal/mdb042.bmp_inception_v3.txt
INFO:tensorflow:Creating bottleneck at tf_files/bottlenecks/Normal/mdb056.bmp_inception_v3.txt
I0204 22:27:01.458539 140545278417792 retrain.py:361] Creating bottleneck at tf_files/bottlenecks/Normal/mdb056.bmp_inception_v3.txt
INFO:tensorflow:Creating bottleneck at tf_files/bottlenecks/Normal/mdb102.bmp_inception_v3.txt
I0204 22:27:01.628886 140545278417792 retrain.py:361] Creating bottleneck at tf_files/bottlenecks/Normal/mdb102.bmp_inception_v3.txt
INFO:tensorflow:Creating bottleneck at tf_files/bottlenecks/Normal/mdb104.bmp_inception_v3.txt
I0204 22:27:01.801350 140545278417792 retrain.py:361] Creating bottleneck at tf_files/bottlenecks/Normal/mdb104.bmp_inception_v3.txt
INFO:tensorflow:Creating bottleneck at tf_files/bottlenecks/Normal/mdb108.bmp_inception_v3.txt
I0204 22:27:01.972018 140545278417792 retrain.py:361] Creating bottleneck at tf_files/bottlenecks/Normal/mdb108.bmp_inception_v3.txt
INFO:tensorflow:Creating bottleneck at tf_files/bottlenecks/Normal/mdb110.bmp_inception_v3.txt
I0204 22:27:02.147079 140545278417792 retrain.py:361] Creating bottleneck at tf_files/bottlenecks/Normal/mdb110.bmp_inception_v3.txt
INFO:tensorflow:Creating bottleneck at tf_files/bottlenecks/Normal/mdb131.bmp_inception_v3.txt
I0204 22:27:02.320551 140545278417792 retrain.py:361] Creating bottleneck at tf_files/bottlenecks/Normal/mdb131.bmp_inception_v3.txt
INFO:tensorflow:Creating bottleneck at tf_files/bottlenecks/Normal/mdb201.bmp_inception_v3.txt
I0204 22:27:02.489798 140545278417792 retrain.py:361] Creating bottleneck at tf_files/bottlenecks/Normal/mdb201.bmp_inception_v3.txt
INFO:tensorflow:Creating bottleneck at tf_files/bottlenecks/Normal/mdb217.bmp_inception_v3.txt
I0204 22:27:02.663233 140545278417792 retrain.py:361] Creating bottleneck at tf_files/bottlenecks/Normal/mdb217.bmp_inception_v3.txt
INFO:tensorflow:Creating bottleneck at tf_files/bottlenecks/Normal/mdb224.bmp_inception_v3.txt
I0204 22:27:02.849569 140545278417792 retrain.py:361] Creating bottleneck at tf_files/bottlenecks/Normal/mdb224.bmp_inception_v3.txt
INFO:tensorflow:Creating bottleneck at tf_files/bottlenecks/Normal/mdb228.bmp_inception_v3.txt
I0204 22:27:03.019644 140545278417792 retrain.py:361] Creating bottleneck at tf_files/bottlenecks/Normal/mdb228.bmp_inception_v3.txt
INFO:tensorflow:Creating bottleneck at tf_files/bottlenecks/Normal/mdb243.bmp_inception_v3.txt
I0204 22:27:03.192455 140545278417792 retrain.py:361] Creating bottleneck at tf_files/bottlenecks/Normal/mdb243.bmp_inception_v3.txt
INFO:tensorflow:Creating bottleneck at tf_files/bottlenecks/Normal/mdb251.bmp_inception_v3.txt
I0204 22:27:03.362749 140545278417792 retrain.py:361] Creating bottleneck at tf_files/bottlenecks/Normal/mdb251.bmp_inception_v3.txt
INFO:tensorflow:Creating bottleneck at tf_files/bottlenecks/Normal/mdb289.bmp_inception_v3.txt
I0204 22:27:03.532023 140545278417792 retrain.py:361] Creating bottleneck at tf_files/bottlenecks/Normal/mdb289.bmp_inception_v3.txt
INFO:tensorflow:Creating bottleneck at tf_files/bottlenecks/Normal/mdb297.bmp_inception_v3.txt
I0204 22:27:03.704658 140545278417792 retrain.py:361] Creating bottleneck at tf_files/bottlenecks/Normal/mdb297.bmp_inception_v3.txt
INFO:tensorflow:Creating bottleneck at tf_files/bottlenecks/Normal/mdb302.bmp_inception_v3.txt
I0204 22:27:03.876018 140545278417792 retrain.py:361] Creating bottleneck at tf_files/bottlenecks/Normal/mdb302.bmp_inception_v3.txt
INFO:tensorflow:Creating bottleneck at tf_files/bottlenecks/Normal/mdb018.bmp_inception_v3.txt
I0204 22:27:04.049644 140545278417792 retrain.py:361] Creating bottleneck at tf_files/bottlenecks/Normal/mdb018.bmp_inception_v3.txt
INFO:tensorflow:Creating bottleneck at tf_files/bottlenecks/Normal/mdb020.bmp_inception_v3.txt
I0204 22:27:04.224106 140545278417792 retrain.py:361] Creating bottleneck at tf_files/bottlenecks/Normal/mdb020.bmp_inception_v3.txt
INFO:tensorflow:Creating bottleneck at tf_files/bottlenecks/Normal/mdb078.bmp_inception_v3.txt
I0204 22:27:04.416588 140545278417792 retrain.py:361] Creating bottleneck at tf_files/bottlenecks/Normal/mdb078.bmp_inception_v3.txt
INFO:tensorflow:300 bottleneck files created.
I0204 22:27:04.587748 140545278417792 retrain.py:481] 300 bottleneck files created.
INFO:tensorflow:Creating bottleneck at tf_files/bottlenecks/Normal/mdb081.bmp_inception_v3.txt
I0204 22:27:04.588129 140545278417792 retrain.py:361] Creating bottleneck at tf_files/bottlenecks/Normal/mdb081.bmp_inception_v3.txt
INFO:tensorflow:Creating bottleneck at tf_files/bottlenecks/Normal/mdb259.bmp_inception_v3.txt
I0204 22:27:04.761291 140545278417792 retrain.py:361] Creating bottleneck at tf_files/bottlenecks/Normal/mdb259.bmp_inception_v3.txt
INFO:tensorflow:Creating bottleneck at tf_files/bottlenecks/Normal/mdb276.bmp_inception_v3.txt
I0204 22:27:04.933615 140545278417792 retrain.py:361] Creating bottleneck at tf_files/bottlenecks/Normal/mdb276.bmp_inception_v3.txt
INFO:tensorflow:Creating bottleneck at tf_files/bottlenecks/Normal/mdb280.bmp_inception_v3.txt
I0204 22:27:05.108298 140545278417792 retrain.py:361] Creating bottleneck at tf_files/bottlenecks/Normal/mdb280.bmp_inception_v3.txt
INFO:tensorflow:Creating bottleneck at tf_files/bottlenecks/Normal/mdb284.bmp_inception_v3.txt
I0204 22:27:05.281530 140545278417792 retrain.py:361] Creating bottleneck at tf_files/bottlenecks/Normal/mdb284.bmp_inception_v3.txt
INFO:tensorflow:Creating bottleneck at tf_files/bottlenecks/Normal/mdb038.bmp_inception_v3.txt
I0204 22:27:05.456651 140545278417792 retrain.py:361] Creating bottleneck at tf_files/bottlenecks/Normal/mdb038.bmp_inception_v3.txt
INFO:tensorflow:Creating bottleneck at tf_files/bottlenecks/Normal/mdb039.bmp_inception_v3.txt
I0204 22:27:05.632892 140545278417792 retrain.py:361] Creating bottleneck at tf_files/bottlenecks/Normal/mdb039.bmp_inception_v3.txt
INFO:tensorflow:Creating bottleneck at tf_files/bottlenecks/Normal/mdb044.bmp_inception_v3.txt
I0204 22:27:05.843047 140545278417792 retrain.py:361] Creating bottleneck at tf_files/bottlenecks/Normal/mdb044.bmp_inception_v3.txt
INFO:tensorflow:Creating bottleneck at tf_files/bottlenecks/Normal/mdb046.bmp_inception_v3.txt
I0204 22:27:06.012577 140545278417792 retrain.py:361] Creating bottleneck at tf_files/bottlenecks/Normal/mdb046.bmp_inception_v3.txt
INFO:tensorflow:Creating bottleneck at tf_files/bottlenecks/Normal/mdb254.bmp_inception_v3.txt
I0204 22:27:06.191251 140545278417792 retrain.py:361] Creating bottleneck at tf_files/bottlenecks/Normal/mdb254.bmp_inception_v3.txt
INFO:tensorflow:Creating bottleneck at tf_files/bottlenecks/Normal/mdb094.bmp_inception_v3.txt
I0204 22:27:06.362151 140545278417792 retrain.py:361] Creating bottleneck at tf_files/bottlenecks/Normal/mdb094.bmp_inception_v3.txt
INFO:tensorflow:Creating bottleneck at tf_files/bottlenecks/Normal/mdb101.bmp_inception_v3.txt
I0204 22:27:06.536281 140545278417792 retrain.py:361] Creating bottleneck at tf_files/bottlenecks/Normal/mdb101.bmp_inception_v3.txt
INFO:tensorflow:Creating bottleneck at tf_files/bottlenecks/Normal/mdb116.bmp_inception_v3.txt
I0204 22:27:06.709968 140545278417792 retrain.py:361] Creating bottleneck at tf_files/bottlenecks/Normal/mdb116.bmp_inception_v3.txt
INFO:tensorflow:Creating bottleneck at tf_files/bottlenecks/Normal/mdb118.bmp_inception_v3.txt
I0204 22:27:06.882421 140545278417792 retrain.py:361] Creating bottleneck at tf_files/bottlenecks/Normal/mdb118.bmp_inception_v3.txt
INFO:tensorflow:Creating bottleneck at tf_files/bottlenecks/Normal/mdb119.bmp_inception_v3.txt
I0204 22:27:07.058351 140545278417792 retrain.py:361] Creating bottleneck at tf_files/bottlenecks/Normal/mdb119.bmp_inception_v3.txt
INFO:tensorflow:Creating bottleneck at tf_files/bottlenecks/Normal/mdb183.bmp_inception_v3.txt
I0204 22:27:07.232982 140545278417792 retrain.py:361] Creating bottleneck at tf_files/bottlenecks/Normal/mdb183.bmp_inception_v3.txt
INFO:tensorflow:Creating bottleneck at tf_files/bottlenecks/Normal/mdb200.bmp_inception_v3.txt
I0204 22:27:07.406691 140545278417792 retrain.py:361] Creating bottleneck at tf_files/bottlenecks/Normal/mdb200.bmp_inception_v3.txt
INFO:tensorflow:Creating bottleneck at tf_files/bottlenecks/Normal/mdb210.bmp_inception_v3.txt
I0204 22:27:07.580293 140545278417792 retrain.py:361] Creating bottleneck at tf_files/bottlenecks/Normal/mdb210.bmp_inception_v3.txt
INFO:tensorflow:Creating bottleneck at tf_files/bottlenecks/Normal/mdb221.bmp_inception_v3.txt
I0204 22:27:07.752652 140545278417792 retrain.py:361] Creating bottleneck at tf_files/bottlenecks/Normal/mdb221.bmp_inception_v3.txt
INFO:tensorflow:Creating bottleneck at tf_files/bottlenecks/Normal/mdb247.bmp_inception_v3.txt
I0204 22:27:07.926975 140545278417792 retrain.py:361] Creating bottleneck at tf_files/bottlenecks/Normal/mdb247.bmp_inception_v3.txt
INFO:tensorflow:Creating bottleneck at tf_files/bottlenecks/Normal/mdb318.bmp_inception_v3.txt
I0204 22:27:08.101330 140545278417792 retrain.py:361] Creating bottleneck at tf_files/bottlenecks/Normal/mdb318.bmp_inception_v3.txt
INFO:tensorflow:Creating bottleneck at tf_files/bottlenecks/Normal/mdb319.bmp_inception_v3.txt
I0204 22:27:08.273181 140545278417792 retrain.py:361] Creating bottleneck at tf_files/bottlenecks/Normal/mdb319.bmp_inception_v3.txt
WARNING:tensorflow:From /media/dbusaba/SharedData/University/Research/Rust/image_affinity/tensorflow/scripts/retrain.py:758: The name tf.placeholder_with_default is deprecated. Please use tf.compat.v1.placeholder_with_default instead.

W0204 22:27:08.445016 140545278417792 deprecation_wrapper.py:119] From /media/dbusaba/SharedData/University/Research/Rust/image_affinity/tensorflow/scripts/retrain.py:758: The name tf.placeholder_with_default is deprecated. Please use tf.compat.v1.placeholder_with_default instead.

WARNING:tensorflow:From /media/dbusaba/SharedData/University/Research/Rust/image_affinity/tensorflow/scripts/retrain.py:772: The name tf.truncated_normal is deprecated. Please use tf.random.truncated_normal instead.

W0204 22:27:08.446820 140545278417792 deprecation_wrapper.py:119] From /media/dbusaba/SharedData/University/Research/Rust/image_affinity/tensorflow/scripts/retrain.py:772: The name tf.truncated_normal is deprecated. Please use tf.random.truncated_normal instead.

WARNING:tensorflow:From /media/dbusaba/SharedData/University/Research/Rust/image_affinity/tensorflow/scripts/retrain.py:726: The name tf.summary.scalar is deprecated. Please use tf.compat.v1.summary.scalar instead.

W0204 22:27:08.455624 140545278417792 deprecation_wrapper.py:119] From /media/dbusaba/SharedData/University/Research/Rust/image_affinity/tensorflow/scripts/retrain.py:726: The name tf.summary.scalar is deprecated. Please use tf.compat.v1.summary.scalar instead.

WARNING:tensorflow:From /media/dbusaba/SharedData/University/Research/Rust/image_affinity/tensorflow/scripts/retrain.py:732: The name tf.summary.histogram is deprecated. Please use tf.compat.v1.summary.histogram instead.

W0204 22:27:08.469151 140545278417792 deprecation_wrapper.py:119] From /media/dbusaba/SharedData/University/Research/Rust/image_affinity/tensorflow/scripts/retrain.py:732: The name tf.summary.histogram is deprecated. Please use tf.compat.v1.summary.histogram instead.

WARNING:tensorflow:From /media/dbusaba/SharedData/University/Research/Rust/image_affinity/tensorflow/scripts/retrain.py:790: softmax_cross_entropy_with_logits (from tensorflow.python.ops.nn_ops) is deprecated and will be removed in a future version.
Instructions for updating:

Future major versions of TensorFlow will allow gradients to flow
into the labels input on backprop by default.

See `tf.nn.softmax_cross_entropy_with_logits_v2`.

W0204 22:27:08.492662 140545278417792 deprecation.py:323] From /media/dbusaba/SharedData/University/Research/Rust/image_affinity/tensorflow/scripts/retrain.py:790: softmax_cross_entropy_with_logits (from tensorflow.python.ops.nn_ops) is deprecated and will be removed in a future version.
Instructions for updating:

Future major versions of TensorFlow will allow gradients to flow
into the labels input on backprop by default.

See `tf.nn.softmax_cross_entropy_with_logits_v2`.

WARNING:tensorflow:From /media/dbusaba/SharedData/University/Research/Rust/image_affinity/tensorflow/scripts/retrain.py:796: The name tf.train.GradientDescentOptimizer is deprecated. Please use tf.compat.v1.train.GradientDescentOptimizer instead.

W0204 22:27:08.512416 140545278417792 deprecation_wrapper.py:119] From /media/dbusaba/SharedData/University/Research/Rust/image_affinity/tensorflow/scripts/retrain.py:796: The name tf.train.GradientDescentOptimizer is deprecated. Please use tf.compat.v1.train.GradientDescentOptimizer instead.

WARNING:tensorflow:From /media/dbusaba/SharedData/University/Research/Rust/image_affinity/tensorflow/scripts/retrain.py:1038: The name tf.summary.merge_all is deprecated. Please use tf.compat.v1.summary.merge_all instead.

W0204 22:27:08.552351 140545278417792 deprecation_wrapper.py:119] From /media/dbusaba/SharedData/University/Research/Rust/image_affinity/tensorflow/scripts/retrain.py:1038: The name tf.summary.merge_all is deprecated. Please use tf.compat.v1.summary.merge_all instead.

WARNING:tensorflow:From /media/dbusaba/SharedData/University/Research/Rust/image_affinity/tensorflow/scripts/retrain.py:1039: The name tf.summary.FileWriter is deprecated. Please use tf.compat.v1.summary.FileWriter instead.

W0204 22:27:08.553544 140545278417792 deprecation_wrapper.py:119] From /media/dbusaba/SharedData/University/Research/Rust/image_affinity/tensorflow/scripts/retrain.py:1039: The name tf.summary.FileWriter is deprecated. Please use tf.compat.v1.summary.FileWriter instead.

INFO:tensorflow:2020-02-04 22:27:16.462412: Step 0: Train accuracy = 52.0%
I0204 22:27:16.462507 140545278417792 retrain.py:1082] 2020-02-04 22:27:16.462412: Step 0: Train accuracy = 52.0%
INFO:tensorflow:2020-02-04 22:27:16.462722: Step 0: Cross entropy = 0.686379
I0204 22:27:16.462742 140545278417792 retrain.py:1084] 2020-02-04 22:27:16.462722: Step 0: Cross entropy = 0.686379
INFO:tensorflow:2020-02-04 22:27:18.353460: Step 0: Validation accuracy = 57.0% (N=100)
I0204 22:27:18.353539 140545278417792 retrain.py:1100] 2020-02-04 22:27:18.353460: Step 0: Validation accuracy = 57.0% (N=100)
INFO:tensorflow:2020-02-04 22:27:19.102482: Step 10: Train accuracy = 58.0%
I0204 22:27:19.102554 140545278417792 retrain.py:1082] 2020-02-04 22:27:19.102482: Step 10: Train accuracy = 58.0%
INFO:tensorflow:2020-02-04 22:27:19.102746: Step 10: Cross entropy = 0.681172
I0204 22:27:19.102770 140545278417792 retrain.py:1084] 2020-02-04 22:27:19.102746: Step 10: Cross entropy = 0.681172
INFO:tensorflow:2020-02-04 22:27:19.177940: Step 10: Validation accuracy = 41.0% (N=100)
I0204 22:27:19.178036 140545278417792 retrain.py:1100] 2020-02-04 22:27:19.177940: Step 10: Validation accuracy = 41.0% (N=100)
INFO:tensorflow:2020-02-04 22:27:19.901786: Step 20: Train accuracy = 58.0%
I0204 22:27:19.901843 140545278417792 retrain.py:1082] 2020-02-04 22:27:19.901786: Step 20: Train accuracy = 58.0%
INFO:tensorflow:2020-02-04 22:27:19.902036: Step 20: Cross entropy = 0.664170
I0204 22:27:19.902056 140545278417792 retrain.py:1084] 2020-02-04 22:27:19.902036: Step 20: Cross entropy = 0.664170
INFO:tensorflow:2020-02-04 22:27:19.972523: Step 20: Validation accuracy = 53.0% (N=100)
I0204 22:27:19.972604 140545278417792 retrain.py:1100] 2020-02-04 22:27:19.972523: Step 20: Validation accuracy = 53.0% (N=100)
INFO:tensorflow:2020-02-04 22:27:20.686595: Step 30: Train accuracy = 59.0%
I0204 22:27:20.686649 140545278417792 retrain.py:1082] 2020-02-04 22:27:20.686595: Step 30: Train accuracy = 59.0%
INFO:tensorflow:2020-02-04 22:27:20.686801: Step 30: Cross entropy = 0.676767
I0204 22:27:20.686828 140545278417792 retrain.py:1084] 2020-02-04 22:27:20.686801: Step 30: Cross entropy = 0.676767
INFO:tensorflow:2020-02-04 22:27:20.758413: Step 30: Validation accuracy = 44.0% (N=100)
I0204 22:27:20.758478 140545278417792 retrain.py:1100] 2020-02-04 22:27:20.758413: Step 30: Validation accuracy = 44.0% (N=100)
INFO:tensorflow:2020-02-04 22:27:21.478700: Step 40: Train accuracy = 60.0%
I0204 22:27:21.478779 140545278417792 retrain.py:1082] 2020-02-04 22:27:21.478700: Step 40: Train accuracy = 60.0%
INFO:tensorflow:2020-02-04 22:27:21.478909: Step 40: Cross entropy = 0.676068
I0204 22:27:21.478924 140545278417792 retrain.py:1084] 2020-02-04 22:27:21.478909: Step 40: Cross entropy = 0.676068
INFO:tensorflow:2020-02-04 22:27:21.546830: Step 40: Validation accuracy = 40.0% (N=100)
I0204 22:27:21.546916 140545278417792 retrain.py:1100] 2020-02-04 22:27:21.546830: Step 40: Validation accuracy = 40.0% (N=100)
INFO:tensorflow:2020-02-04 22:27:22.256872: Step 50: Train accuracy = 65.0%
I0204 22:27:22.256938 140545278417792 retrain.py:1082] 2020-02-04 22:27:22.256872: Step 50: Train accuracy = 65.0%
INFO:tensorflow:2020-02-04 22:27:22.257078: Step 50: Cross entropy = 0.663973
I0204 22:27:22.257103 140545278417792 retrain.py:1084] 2020-02-04 22:27:22.257078: Step 50: Cross entropy = 0.663973
INFO:tensorflow:2020-02-04 22:27:22.328121: Step 50: Validation accuracy = 43.0% (N=100)
I0204 22:27:22.328192 140545278417792 retrain.py:1100] 2020-02-04 22:27:22.328121: Step 50: Validation accuracy = 43.0% (N=100)
INFO:tensorflow:2020-02-04 22:27:23.040652: Step 60: Train accuracy = 60.0%
I0204 22:27:23.040718 140545278417792 retrain.py:1082] 2020-02-04 22:27:23.040652: Step 60: Train accuracy = 60.0%
INFO:tensorflow:2020-02-04 22:27:23.040900: Step 60: Cross entropy = 0.664485
I0204 22:27:23.040923 140545278417792 retrain.py:1084] 2020-02-04 22:27:23.040900: Step 60: Cross entropy = 0.664485
INFO:tensorflow:2020-02-04 22:27:23.112954: Step 60: Validation accuracy = 51.0% (N=100)
I0204 22:27:23.113027 140545278417792 retrain.py:1100] 2020-02-04 22:27:23.112954: Step 60: Validation accuracy = 51.0% (N=100)
INFO:tensorflow:2020-02-04 22:27:23.819222: Step 70: Train accuracy = 58.0%
I0204 22:27:23.819289 140545278417792 retrain.py:1082] 2020-02-04 22:27:23.819222: Step 70: Train accuracy = 58.0%
INFO:tensorflow:2020-02-04 22:27:23.819466: Step 70: Cross entropy = 0.674950
I0204 22:27:23.819501 140545278417792 retrain.py:1084] 2020-02-04 22:27:23.819466: Step 70: Cross entropy = 0.674950
INFO:tensorflow:2020-02-04 22:27:23.888615: Step 70: Validation accuracy = 47.0% (N=100)
I0204 22:27:23.888686 140545278417792 retrain.py:1100] 2020-02-04 22:27:23.888615: Step 70: Validation accuracy = 47.0% (N=100)
INFO:tensorflow:2020-02-04 22:27:24.605716: Step 80: Train accuracy = 61.0%
I0204 22:27:24.605771 140545278417792 retrain.py:1082] 2020-02-04 22:27:24.605716: Step 80: Train accuracy = 61.0%
INFO:tensorflow:2020-02-04 22:27:24.605963: Step 80: Cross entropy = 0.656953
I0204 22:27:24.605979 140545278417792 retrain.py:1084] 2020-02-04 22:27:24.605963: Step 80: Cross entropy = 0.656953
INFO:tensorflow:2020-02-04 22:27:24.677049: Step 80: Validation accuracy = 48.0% (N=100)
I0204 22:27:24.677139 140545278417792 retrain.py:1100] 2020-02-04 22:27:24.677049: Step 80: Validation accuracy = 48.0% (N=100)
INFO:tensorflow:2020-02-04 22:27:25.397257: Step 90: Train accuracy = 59.0%
I0204 22:27:25.397313 140545278417792 retrain.py:1082] 2020-02-04 22:27:25.397257: Step 90: Train accuracy = 59.0%
INFO:tensorflow:2020-02-04 22:27:25.397502: Step 90: Cross entropy = 0.647940
I0204 22:27:25.397524 140545278417792 retrain.py:1084] 2020-02-04 22:27:25.397502: Step 90: Cross entropy = 0.647940
INFO:tensorflow:2020-02-04 22:27:25.467241: Step 90: Validation accuracy = 49.0% (N=100)
I0204 22:27:25.467311 140545278417792 retrain.py:1100] 2020-02-04 22:27:25.467241: Step 90: Validation accuracy = 49.0% (N=100)
INFO:tensorflow:2020-02-04 22:27:26.180488: Step 100: Train accuracy = 48.0%
I0204 22:27:26.180567 140545278417792 retrain.py:1082] 2020-02-04 22:27:26.180488: Step 100: Train accuracy = 48.0%
INFO:tensorflow:2020-02-04 22:27:26.180742: Step 100: Cross entropy = 0.687347
I0204 22:27:26.180784 140545278417792 retrain.py:1084] 2020-02-04 22:27:26.180742: Step 100: Cross entropy = 0.687347
INFO:tensorflow:2020-02-04 22:27:26.251297: Step 100: Validation accuracy = 43.0% (N=100)
I0204 22:27:26.251369 140545278417792 retrain.py:1100] 2020-02-04 22:27:26.251297: Step 100: Validation accuracy = 43.0% (N=100)
INFO:tensorflow:2020-02-04 22:27:26.970643: Step 110: Train accuracy = 59.0%
I0204 22:27:26.970712 140545278417792 retrain.py:1082] 2020-02-04 22:27:26.970643: Step 110: Train accuracy = 59.0%
INFO:tensorflow:2020-02-04 22:27:26.970892: Step 110: Cross entropy = 0.641530
I0204 22:27:26.970912 140545278417792 retrain.py:1084] 2020-02-04 22:27:26.970892: Step 110: Cross entropy = 0.641530
INFO:tensorflow:2020-02-04 22:27:27.038359: Step 110: Validation accuracy = 52.0% (N=100)
I0204 22:27:27.038427 140545278417792 retrain.py:1100] 2020-02-04 22:27:27.038359: Step 110: Validation accuracy = 52.0% (N=100)
INFO:tensorflow:2020-02-04 22:27:27.767118: Step 120: Train accuracy = 62.0%
I0204 22:27:27.767174 140545278417792 retrain.py:1082] 2020-02-04 22:27:27.767118: Step 120: Train accuracy = 62.0%
INFO:tensorflow:2020-02-04 22:27:27.767342: Step 120: Cross entropy = 0.648753
I0204 22:27:27.767360 140545278417792 retrain.py:1084] 2020-02-04 22:27:27.767342: Step 120: Cross entropy = 0.648753
INFO:tensorflow:2020-02-04 22:27:27.836811: Step 120: Validation accuracy = 48.0% (N=100)
I0204 22:27:27.836873 140545278417792 retrain.py:1100] 2020-02-04 22:27:27.836811: Step 120: Validation accuracy = 48.0% (N=100)
INFO:tensorflow:2020-02-04 22:27:28.557865: Step 130: Train accuracy = 53.0%
I0204 22:27:28.557957 140545278417792 retrain.py:1082] 2020-02-04 22:27:28.557865: Step 130: Train accuracy = 53.0%
INFO:tensorflow:2020-02-04 22:27:28.558109: Step 130: Cross entropy = 0.679596
I0204 22:27:28.558136 140545278417792 retrain.py:1084] 2020-02-04 22:27:28.558109: Step 130: Cross entropy = 0.679596
INFO:tensorflow:2020-02-04 22:27:28.627238: Step 130: Validation accuracy = 26.0% (N=100)
I0204 22:27:28.627311 140545278417792 retrain.py:1100] 2020-02-04 22:27:28.627238: Step 130: Validation accuracy = 26.0% (N=100)
INFO:tensorflow:2020-02-04 22:27:29.352417: Step 140: Train accuracy = 63.0%
I0204 22:27:29.352497 140545278417792 retrain.py:1082] 2020-02-04 22:27:29.352417: Step 140: Train accuracy = 63.0%
INFO:tensorflow:2020-02-04 22:27:29.352647: Step 140: Cross entropy = 0.653734
I0204 22:27:29.352665 140545278417792 retrain.py:1084] 2020-02-04 22:27:29.352647: Step 140: Cross entropy = 0.653734
INFO:tensorflow:2020-02-04 22:27:29.423451: Step 140: Validation accuracy = 42.0% (N=100)
I0204 22:27:29.423536 140545278417792 retrain.py:1100] 2020-02-04 22:27:29.423451: Step 140: Validation accuracy = 42.0% (N=100)
INFO:tensorflow:2020-02-04 22:27:30.170254: Step 150: Train accuracy = 66.0%
I0204 22:27:30.170309 140545278417792 retrain.py:1082] 2020-02-04 22:27:30.170254: Step 150: Train accuracy = 66.0%
INFO:tensorflow:2020-02-04 22:27:30.170464: Step 150: Cross entropy = 0.652328
I0204 22:27:30.170482 140545278417792 retrain.py:1084] 2020-02-04 22:27:30.170464: Step 150: Cross entropy = 0.652328
INFO:tensorflow:2020-02-04 22:27:30.240946: Step 150: Validation accuracy = 54.0% (N=100)
I0204 22:27:30.241013 140545278417792 retrain.py:1100] 2020-02-04 22:27:30.240946: Step 150: Validation accuracy = 54.0% (N=100)
INFO:tensorflow:2020-02-04 22:27:30.946249: Step 160: Train accuracy = 60.0%
I0204 22:27:30.946310 140545278417792 retrain.py:1082] 2020-02-04 22:27:30.946249: Step 160: Train accuracy = 60.0%
INFO:tensorflow:2020-02-04 22:27:30.946512: Step 160: Cross entropy = 0.659253
I0204 22:27:30.946533 140545278417792 retrain.py:1084] 2020-02-04 22:27:30.946512: Step 160: Cross entropy = 0.659253
INFO:tensorflow:2020-02-04 22:27:31.015929: Step 160: Validation accuracy = 53.0% (N=100)
I0204 22:27:31.016010 140545278417792 retrain.py:1100] 2020-02-04 22:27:31.015929: Step 160: Validation accuracy = 53.0% (N=100)
INFO:tensorflow:2020-02-04 22:27:31.737605: Step 170: Train accuracy = 61.0%
I0204 22:27:31.737676 140545278417792 retrain.py:1082] 2020-02-04 22:27:31.737605: Step 170: Train accuracy = 61.0%
INFO:tensorflow:2020-02-04 22:27:31.737855: Step 170: Cross entropy = 0.673592
I0204 22:27:31.737882 140545278417792 retrain.py:1084] 2020-02-04 22:27:31.737855: Step 170: Cross entropy = 0.673592
INFO:tensorflow:2020-02-04 22:27:31.829724: Step 170: Validation accuracy = 39.0% (N=100)
I0204 22:27:31.829819 140545278417792 retrain.py:1100] 2020-02-04 22:27:31.829724: Step 170: Validation accuracy = 39.0% (N=100)
INFO:tensorflow:2020-02-04 22:27:32.622945: Step 180: Train accuracy = 56.0%
I0204 22:27:32.623003 140545278417792 retrain.py:1082] 2020-02-04 22:27:32.622945: Step 180: Train accuracy = 56.0%
INFO:tensorflow:2020-02-04 22:27:32.623158: Step 180: Cross entropy = 0.674190
I0204 22:27:32.623176 140545278417792 retrain.py:1084] 2020-02-04 22:27:32.623158: Step 180: Cross entropy = 0.674190
INFO:tensorflow:2020-02-04 22:27:32.695289: Step 180: Validation accuracy = 24.0% (N=100)
I0204 22:27:32.695358 140545278417792 retrain.py:1100] 2020-02-04 22:27:32.695289: Step 180: Validation accuracy = 24.0% (N=100)
INFO:tensorflow:2020-02-04 22:27:33.412373: Step 190: Train accuracy = 66.0%
I0204 22:27:33.412440 140545278417792 retrain.py:1082] 2020-02-04 22:27:33.412373: Step 190: Train accuracy = 66.0%
INFO:tensorflow:2020-02-04 22:27:33.412622: Step 190: Cross entropy = 0.634750
I0204 22:27:33.412646 140545278417792 retrain.py:1084] 2020-02-04 22:27:33.412622: Step 190: Cross entropy = 0.634750
INFO:tensorflow:2020-02-04 22:27:33.481326: Step 190: Validation accuracy = 49.0% (N=100)
I0204 22:27:33.481395 140545278417792 retrain.py:1100] 2020-02-04 22:27:33.481326: Step 190: Validation accuracy = 49.0% (N=100)
INFO:tensorflow:2020-02-04 22:27:34.198703: Step 200: Train accuracy = 61.0%
I0204 22:27:34.198759 140545278417792 retrain.py:1082] 2020-02-04 22:27:34.198703: Step 200: Train accuracy = 61.0%
INFO:tensorflow:2020-02-04 22:27:34.198918: Step 200: Cross entropy = 0.658657
I0204 22:27:34.198944 140545278417792 retrain.py:1084] 2020-02-04 22:27:34.198918: Step 200: Cross entropy = 0.658657
INFO:tensorflow:2020-02-04 22:27:34.267049: Step 200: Validation accuracy = 38.0% (N=100)
I0204 22:27:34.267134 140545278417792 retrain.py:1100] 2020-02-04 22:27:34.267049: Step 200: Validation accuracy = 38.0% (N=100)
INFO:tensorflow:2020-02-04 22:27:34.983049: Step 210: Train accuracy = 67.0%
I0204 22:27:34.983128 140545278417792 retrain.py:1082] 2020-02-04 22:27:34.983049: Step 210: Train accuracy = 67.0%
INFO:tensorflow:2020-02-04 22:27:34.983302: Step 210: Cross entropy = 0.643365
I0204 22:27:34.983328 140545278417792 retrain.py:1084] 2020-02-04 22:27:34.983302: Step 210: Cross entropy = 0.643365
INFO:tensorflow:2020-02-04 22:27:35.052672: Step 210: Validation accuracy = 34.0% (N=100)
I0204 22:27:35.052758 140545278417792 retrain.py:1100] 2020-02-04 22:27:35.052672: Step 210: Validation accuracy = 34.0% (N=100)
INFO:tensorflow:2020-02-04 22:27:35.773051: Step 220: Train accuracy = 66.0%
I0204 22:27:35.773143 140545278417792 retrain.py:1082] 2020-02-04 22:27:35.773051: Step 220: Train accuracy = 66.0%
INFO:tensorflow:2020-02-04 22:27:35.773304: Step 220: Cross entropy = 0.656330
I0204 22:27:35.773322 140545278417792 retrain.py:1084] 2020-02-04 22:27:35.773304: Step 220: Cross entropy = 0.656330
INFO:tensorflow:2020-02-04 22:27:35.840777: Step 220: Validation accuracy = 32.0% (N=100)
I0204 22:27:35.840845 140545278417792 retrain.py:1100] 2020-02-04 22:27:35.840777: Step 220: Validation accuracy = 32.0% (N=100)
INFO:tensorflow:2020-02-04 22:27:36.550859: Step 230: Train accuracy = 65.0%
I0204 22:27:36.550927 140545278417792 retrain.py:1082] 2020-02-04 22:27:36.550859: Step 230: Train accuracy = 65.0%
INFO:tensorflow:2020-02-04 22:27:36.551104: Step 230: Cross entropy = 0.640076
I0204 22:27:36.551124 140545278417792 retrain.py:1084] 2020-02-04 22:27:36.551104: Step 230: Cross entropy = 0.640076
INFO:tensorflow:2020-02-04 22:27:36.621248: Step 230: Validation accuracy = 41.0% (N=100)
I0204 22:27:36.621304 140545278417792 retrain.py:1100] 2020-02-04 22:27:36.621248: Step 230: Validation accuracy = 41.0% (N=100)
INFO:tensorflow:2020-02-04 22:27:37.339556: Step 240: Train accuracy = 69.0%
I0204 22:27:37.339612 140545278417792 retrain.py:1082] 2020-02-04 22:27:37.339556: Step 240: Train accuracy = 69.0%
INFO:tensorflow:2020-02-04 22:27:37.339759: Step 240: Cross entropy = 0.636896
I0204 22:27:37.339794 140545278417792 retrain.py:1084] 2020-02-04 22:27:37.339759: Step 240: Cross entropy = 0.636896
INFO:tensorflow:2020-02-04 22:27:37.420226: Step 240: Validation accuracy = 48.0% (N=100)
I0204 22:27:37.420301 140545278417792 retrain.py:1100] 2020-02-04 22:27:37.420226: Step 240: Validation accuracy = 48.0% (N=100)
INFO:tensorflow:2020-02-04 22:27:38.384921: Step 250: Train accuracy = 59.0%
I0204 22:27:38.384997 140545278417792 retrain.py:1082] 2020-02-04 22:27:38.384921: Step 250: Train accuracy = 59.0%
INFO:tensorflow:2020-02-04 22:27:38.385189: Step 250: Cross entropy = 0.650547
I0204 22:27:38.385208 140545278417792 retrain.py:1084] 2020-02-04 22:27:38.385189: Step 250: Cross entropy = 0.650547
INFO:tensorflow:2020-02-04 22:27:38.476132: Step 250: Validation accuracy = 48.0% (N=100)
I0204 22:27:38.476234 140545278417792 retrain.py:1100] 2020-02-04 22:27:38.476132: Step 250: Validation accuracy = 48.0% (N=100)
INFO:tensorflow:2020-02-04 22:27:39.412525: Step 260: Train accuracy = 63.0%
I0204 22:27:39.412582 140545278417792 retrain.py:1082] 2020-02-04 22:27:39.412525: Step 260: Train accuracy = 63.0%
INFO:tensorflow:2020-02-04 22:27:39.412784: Step 260: Cross entropy = 0.640081
I0204 22:27:39.412806 140545278417792 retrain.py:1084] 2020-02-04 22:27:39.412784: Step 260: Cross entropy = 0.640081
INFO:tensorflow:2020-02-04 22:27:39.506236: Step 260: Validation accuracy = 56.0% (N=100)
I0204 22:27:39.506295 140545278417792 retrain.py:1100] 2020-02-04 22:27:39.506236: Step 260: Validation accuracy = 56.0% (N=100)
INFO:tensorflow:2020-02-04 22:27:40.297540: Step 270: Train accuracy = 67.0%
I0204 22:27:40.297596 140545278417792 retrain.py:1082] 2020-02-04 22:27:40.297540: Step 270: Train accuracy = 67.0%
INFO:tensorflow:2020-02-04 22:27:40.297778: Step 270: Cross entropy = 0.646098
I0204 22:27:40.297798 140545278417792 retrain.py:1084] 2020-02-04 22:27:40.297778: Step 270: Cross entropy = 0.646098
INFO:tensorflow:2020-02-04 22:27:40.365879: Step 270: Validation accuracy = 34.0% (N=100)
I0204 22:27:40.365972 140545278417792 retrain.py:1100] 2020-02-04 22:27:40.365879: Step 270: Validation accuracy = 34.0% (N=100)
INFO:tensorflow:2020-02-04 22:27:41.084478: Step 280: Train accuracy = 65.0%
I0204 22:27:41.084560 140545278417792 retrain.py:1082] 2020-02-04 22:27:41.084478: Step 280: Train accuracy = 65.0%
INFO:tensorflow:2020-02-04 22:27:41.084703: Step 280: Cross entropy = 0.642462
I0204 22:27:41.084730 140545278417792 retrain.py:1084] 2020-02-04 22:27:41.084703: Step 280: Cross entropy = 0.642462
INFO:tensorflow:2020-02-04 22:27:41.155868: Step 280: Validation accuracy = 42.0% (N=100)
I0204 22:27:41.155934 140545278417792 retrain.py:1100] 2020-02-04 22:27:41.155868: Step 280: Validation accuracy = 42.0% (N=100)
INFO:tensorflow:2020-02-04 22:27:41.864043: Step 290: Train accuracy = 69.0%
I0204 22:27:41.864110 140545278417792 retrain.py:1082] 2020-02-04 22:27:41.864043: Step 290: Train accuracy = 69.0%
INFO:tensorflow:2020-02-04 22:27:41.864291: Step 290: Cross entropy = 0.631015
I0204 22:27:41.864315 140545278417792 retrain.py:1084] 2020-02-04 22:27:41.864291: Step 290: Cross entropy = 0.631015
INFO:tensorflow:2020-02-04 22:27:41.931949: Step 290: Validation accuracy = 34.0% (N=100)
I0204 22:27:41.932016 140545278417792 retrain.py:1100] 2020-02-04 22:27:41.931949: Step 290: Validation accuracy = 34.0% (N=100)
INFO:tensorflow:2020-02-04 22:27:42.646686: Step 300: Train accuracy = 61.0%
I0204 22:27:42.646753 140545278417792 retrain.py:1082] 2020-02-04 22:27:42.646686: Step 300: Train accuracy = 61.0%
INFO:tensorflow:2020-02-04 22:27:42.646910: Step 300: Cross entropy = 0.666826
I0204 22:27:42.646926 140545278417792 retrain.py:1084] 2020-02-04 22:27:42.646910: Step 300: Cross entropy = 0.666826
INFO:tensorflow:2020-02-04 22:27:42.719058: Step 300: Validation accuracy = 37.0% (N=100)
I0204 22:27:42.719126 140545278417792 retrain.py:1100] 2020-02-04 22:27:42.719058: Step 300: Validation accuracy = 37.0% (N=100)
INFO:tensorflow:2020-02-04 22:27:43.449663: Step 310: Train accuracy = 68.0%
I0204 22:27:43.449729 140545278417792 retrain.py:1082] 2020-02-04 22:27:43.449663: Step 310: Train accuracy = 68.0%
INFO:tensorflow:2020-02-04 22:27:43.449905: Step 310: Cross entropy = 0.633953
I0204 22:27:43.449941 140545278417792 retrain.py:1084] 2020-02-04 22:27:43.449905: Step 310: Cross entropy = 0.633953
INFO:tensorflow:2020-02-04 22:27:43.517954: Step 310: Validation accuracy = 48.0% (N=100)
I0204 22:27:43.518033 140545278417792 retrain.py:1100] 2020-02-04 22:27:43.517954: Step 310: Validation accuracy = 48.0% (N=100)
INFO:tensorflow:2020-02-04 22:27:44.233880: Step 320: Train accuracy = 65.0%
I0204 22:27:44.233962 140545278417792 retrain.py:1082] 2020-02-04 22:27:44.233880: Step 320: Train accuracy = 65.0%
INFO:tensorflow:2020-02-04 22:27:44.234144: Step 320: Cross entropy = 0.640434
I0204 22:27:44.234163 140545278417792 retrain.py:1084] 2020-02-04 22:27:44.234144: Step 320: Cross entropy = 0.640434
INFO:tensorflow:2020-02-04 22:27:44.302730: Step 320: Validation accuracy = 35.0% (N=100)
I0204 22:27:44.302794 140545278417792 retrain.py:1100] 2020-02-04 22:27:44.302730: Step 320: Validation accuracy = 35.0% (N=100)
INFO:tensorflow:2020-02-04 22:27:45.020331: Step 330: Train accuracy = 66.0%
I0204 22:27:45.020387 140545278417792 retrain.py:1082] 2020-02-04 22:27:45.020331: Step 330: Train accuracy = 66.0%
INFO:tensorflow:2020-02-04 22:27:45.020545: Step 330: Cross entropy = 0.641957
I0204 22:27:45.020563 140545278417792 retrain.py:1084] 2020-02-04 22:27:45.020545: Step 330: Cross entropy = 0.641957
INFO:tensorflow:2020-02-04 22:27:45.092488: Step 330: Validation accuracy = 35.0% (N=100)
I0204 22:27:45.092588 140545278417792 retrain.py:1100] 2020-02-04 22:27:45.092488: Step 330: Validation accuracy = 35.0% (N=100)
INFO:tensorflow:2020-02-04 22:27:45.813134: Step 340: Train accuracy = 69.0%
I0204 22:27:45.813190 140545278417792 retrain.py:1082] 2020-02-04 22:27:45.813134: Step 340: Train accuracy = 69.0%
INFO:tensorflow:2020-02-04 22:27:45.813367: Step 340: Cross entropy = 0.633859
I0204 22:27:45.813384 140545278417792 retrain.py:1084] 2020-02-04 22:27:45.813367: Step 340: Cross entropy = 0.633859
INFO:tensorflow:2020-02-04 22:27:45.882683: Step 340: Validation accuracy = 37.0% (N=100)
I0204 22:27:45.882748 140545278417792 retrain.py:1100] 2020-02-04 22:27:45.882683: Step 340: Validation accuracy = 37.0% (N=100)
INFO:tensorflow:2020-02-04 22:27:46.602921: Step 350: Train accuracy = 59.0%
I0204 22:27:46.602997 140545278417792 retrain.py:1082] 2020-02-04 22:27:46.602921: Step 350: Train accuracy = 59.0%
INFO:tensorflow:2020-02-04 22:27:46.603165: Step 350: Cross entropy = 0.660546
I0204 22:27:46.603193 140545278417792 retrain.py:1084] 2020-02-04 22:27:46.603165: Step 350: Cross entropy = 0.660546
INFO:tensorflow:2020-02-04 22:27:46.671969: Step 350: Validation accuracy = 52.0% (N=100)
I0204 22:27:46.672025 140545278417792 retrain.py:1100] 2020-02-04 22:27:46.671969: Step 350: Validation accuracy = 52.0% (N=100)
INFO:tensorflow:2020-02-04 22:27:47.401463: Step 360: Train accuracy = 74.0%
I0204 22:27:47.401530 140545278417792 retrain.py:1082] 2020-02-04 22:27:47.401463: Step 360: Train accuracy = 74.0%
INFO:tensorflow:2020-02-04 22:27:47.401678: Step 360: Cross entropy = 0.606376
I0204 22:27:47.401698 140545278417792 retrain.py:1084] 2020-02-04 22:27:47.401678: Step 360: Cross entropy = 0.606376
INFO:tensorflow:2020-02-04 22:27:47.470494: Step 360: Validation accuracy = 49.0% (N=100)
I0204 22:27:47.470563 140545278417792 retrain.py:1100] 2020-02-04 22:27:47.470494: Step 360: Validation accuracy = 49.0% (N=100)
INFO:tensorflow:2020-02-04 22:27:48.177185: Step 370: Train accuracy = 69.0%
I0204 22:27:48.177255 140545278417792 retrain.py:1082] 2020-02-04 22:27:48.177185: Step 370: Train accuracy = 69.0%
INFO:tensorflow:2020-02-04 22:27:48.177416: Step 370: Cross entropy = 0.626578
I0204 22:27:48.177443 140545278417792 retrain.py:1084] 2020-02-04 22:27:48.177416: Step 370: Cross entropy = 0.626578
INFO:tensorflow:2020-02-04 22:27:48.246395: Step 370: Validation accuracy = 36.0% (N=100)
I0204 22:27:48.246453 140545278417792 retrain.py:1100] 2020-02-04 22:27:48.246395: Step 370: Validation accuracy = 36.0% (N=100)
INFO:tensorflow:2020-02-04 22:27:48.961880: Step 380: Train accuracy = 65.0%
I0204 22:27:48.961956 140545278417792 retrain.py:1082] 2020-02-04 22:27:48.961880: Step 380: Train accuracy = 65.0%
INFO:tensorflow:2020-02-04 22:27:48.962125: Step 380: Cross entropy = 0.648092
I0204 22:27:48.962145 140545278417792 retrain.py:1084] 2020-02-04 22:27:48.962125: Step 380: Cross entropy = 0.648092
INFO:tensorflow:2020-02-04 22:27:49.034092: Step 380: Validation accuracy = 38.0% (N=100)
I0204 22:27:49.034160 140545278417792 retrain.py:1100] 2020-02-04 22:27:49.034092: Step 380: Validation accuracy = 38.0% (N=100)
INFO:tensorflow:2020-02-04 22:27:49.753705: Step 390: Train accuracy = 67.0%
I0204 22:27:49.753770 140545278417792 retrain.py:1082] 2020-02-04 22:27:49.753705: Step 390: Train accuracy = 67.0%
INFO:tensorflow:2020-02-04 22:27:49.753922: Step 390: Cross entropy = 0.636492
I0204 22:27:49.753943 140545278417792 retrain.py:1084] 2020-02-04 22:27:49.753922: Step 390: Cross entropy = 0.636492
INFO:tensorflow:2020-02-04 22:27:49.826151: Step 390: Validation accuracy = 44.0% (N=100)
I0204 22:27:49.826223 140545278417792 retrain.py:1100] 2020-02-04 22:27:49.826151: Step 390: Validation accuracy = 44.0% (N=100)
INFO:tensorflow:2020-02-04 22:27:50.549543: Step 400: Train accuracy = 67.0%
I0204 22:27:50.549599 140545278417792 retrain.py:1082] 2020-02-04 22:27:50.549543: Step 400: Train accuracy = 67.0%
INFO:tensorflow:2020-02-04 22:27:50.549780: Step 400: Cross entropy = 0.616364
I0204 22:27:50.549796 140545278417792 retrain.py:1084] 2020-02-04 22:27:50.549780: Step 400: Cross entropy = 0.616364
INFO:tensorflow:2020-02-04 22:27:50.618411: Step 400: Validation accuracy = 44.0% (N=100)
I0204 22:27:50.618468 140545278417792 retrain.py:1100] 2020-02-04 22:27:50.618411: Step 400: Validation accuracy = 44.0% (N=100)
INFO:tensorflow:2020-02-04 22:27:51.340867: Step 410: Train accuracy = 59.0%
I0204 22:27:51.340924 140545278417792 retrain.py:1082] 2020-02-04 22:27:51.340867: Step 410: Train accuracy = 59.0%
INFO:tensorflow:2020-02-04 22:27:51.341090: Step 410: Cross entropy = 0.645131
I0204 22:27:51.341109 140545278417792 retrain.py:1084] 2020-02-04 22:27:51.341090: Step 410: Cross entropy = 0.645131
INFO:tensorflow:2020-02-04 22:27:51.412473: Step 410: Validation accuracy = 50.0% (N=100)
I0204 22:27:51.412528 140545278417792 retrain.py:1100] 2020-02-04 22:27:51.412473: Step 410: Validation accuracy = 50.0% (N=100)
INFO:tensorflow:2020-02-04 22:27:52.131165: Step 420: Train accuracy = 65.0%
I0204 22:27:52.131222 140545278417792 retrain.py:1082] 2020-02-04 22:27:52.131165: Step 420: Train accuracy = 65.0%
INFO:tensorflow:2020-02-04 22:27:52.131406: Step 420: Cross entropy = 0.612073
I0204 22:27:52.131423 140545278417792 retrain.py:1084] 2020-02-04 22:27:52.131406: Step 420: Cross entropy = 0.612073
INFO:tensorflow:2020-02-04 22:27:52.200252: Step 420: Validation accuracy = 35.0% (N=100)
I0204 22:27:52.200307 140545278417792 retrain.py:1100] 2020-02-04 22:27:52.200252: Step 420: Validation accuracy = 35.0% (N=100)
INFO:tensorflow:2020-02-04 22:27:53.026522: Step 430: Train accuracy = 62.0%
I0204 22:27:53.026616 140545278417792 retrain.py:1082] 2020-02-04 22:27:53.026522: Step 430: Train accuracy = 62.0%
INFO:tensorflow:2020-02-04 22:27:53.026856: Step 430: Cross entropy = 0.652227
I0204 22:27:53.026890 140545278417792 retrain.py:1084] 2020-02-04 22:27:53.026856: Step 430: Cross entropy = 0.652227
INFO:tensorflow:2020-02-04 22:27:53.184563: Step 430: Validation accuracy = 52.0% (N=100)
I0204 22:27:53.184651 140545278417792 retrain.py:1100] 2020-02-04 22:27:53.184563: Step 430: Validation accuracy = 52.0% (N=100)
INFO:tensorflow:2020-02-04 22:27:53.969269: Step 440: Train accuracy = 66.0%
I0204 22:27:53.969334 140545278417792 retrain.py:1082] 2020-02-04 22:27:53.969269: Step 440: Train accuracy = 66.0%
INFO:tensorflow:2020-02-04 22:27:53.969503: Step 440: Cross entropy = 0.626335
I0204 22:27:53.969523 140545278417792 retrain.py:1084] 2020-02-04 22:27:53.969503: Step 440: Cross entropy = 0.626335
INFO:tensorflow:2020-02-04 22:27:54.039249: Step 440: Validation accuracy = 28.0% (N=100)
I0204 22:27:54.039304 140545278417792 retrain.py:1100] 2020-02-04 22:27:54.039249: Step 440: Validation accuracy = 28.0% (N=100)
INFO:tensorflow:2020-02-04 22:27:54.785323: Step 450: Train accuracy = 64.0%
I0204 22:27:54.785387 140545278417792 retrain.py:1082] 2020-02-04 22:27:54.785323: Step 450: Train accuracy = 64.0%
INFO:tensorflow:2020-02-04 22:27:54.785542: Step 450: Cross entropy = 0.639889
I0204 22:27:54.785558 140545278417792 retrain.py:1084] 2020-02-04 22:27:54.785542: Step 450: Cross entropy = 0.639889
INFO:tensorflow:2020-02-04 22:27:54.857201: Step 450: Validation accuracy = 48.0% (N=100)
I0204 22:27:54.857269 140545278417792 retrain.py:1100] 2020-02-04 22:27:54.857201: Step 450: Validation accuracy = 48.0% (N=100)
INFO:tensorflow:2020-02-04 22:27:55.582245: Step 460: Train accuracy = 67.0%
I0204 22:27:55.582301 140545278417792 retrain.py:1082] 2020-02-04 22:27:55.582245: Step 460: Train accuracy = 67.0%
INFO:tensorflow:2020-02-04 22:27:55.582479: Step 460: Cross entropy = 0.621092
I0204 22:27:55.582498 140545278417792 retrain.py:1084] 2020-02-04 22:27:55.582479: Step 460: Cross entropy = 0.621092
INFO:tensorflow:2020-02-04 22:27:55.650847: Step 460: Validation accuracy = 43.0% (N=100)
I0204 22:27:55.650919 140545278417792 retrain.py:1100] 2020-02-04 22:27:55.650847: Step 460: Validation accuracy = 43.0% (N=100)
INFO:tensorflow:2020-02-04 22:27:56.376251: Step 470: Train accuracy = 67.0%
I0204 22:27:56.376321 140545278417792 retrain.py:1082] 2020-02-04 22:27:56.376251: Step 470: Train accuracy = 67.0%
INFO:tensorflow:2020-02-04 22:27:56.376471: Step 470: Cross entropy = 0.618657
I0204 22:27:56.376512 140545278417792 retrain.py:1084] 2020-02-04 22:27:56.376471: Step 470: Cross entropy = 0.618657
INFO:tensorflow:2020-02-04 22:27:56.445972: Step 470: Validation accuracy = 42.0% (N=100)
I0204 22:27:56.446053 140545278417792 retrain.py:1100] 2020-02-04 22:27:56.445972: Step 470: Validation accuracy = 42.0% (N=100)
INFO:tensorflow:2020-02-04 22:27:57.169737: Step 480: Train accuracy = 73.0%
I0204 22:27:57.169807 140545278417792 retrain.py:1082] 2020-02-04 22:27:57.169737: Step 480: Train accuracy = 73.0%
INFO:tensorflow:2020-02-04 22:27:57.170001: Step 480: Cross entropy = 0.592312
I0204 22:27:57.170024 140545278417792 retrain.py:1084] 2020-02-04 22:27:57.170001: Step 480: Cross entropy = 0.592312
INFO:tensorflow:2020-02-04 22:27:57.241032: Step 480: Validation accuracy = 46.0% (N=100)
I0204 22:27:57.241124 140545278417792 retrain.py:1100] 2020-02-04 22:27:57.241032: Step 480: Validation accuracy = 46.0% (N=100)
INFO:tensorflow:2020-02-04 22:27:57.997326: Step 490: Train accuracy = 65.0%
I0204 22:27:57.997417 140545278417792 retrain.py:1082] 2020-02-04 22:27:57.997326: Step 490: Train accuracy = 65.0%
INFO:tensorflow:2020-02-04 22:27:57.997574: Step 490: Cross entropy = 0.616999
I0204 22:27:57.997593 140545278417792 retrain.py:1084] 2020-02-04 22:27:57.997574: Step 490: Cross entropy = 0.616999
INFO:tensorflow:2020-02-04 22:27:58.071477: Step 490: Validation accuracy = 48.0% (N=100)
I0204 22:27:58.071544 140545278417792 retrain.py:1100] 2020-02-04 22:27:58.071477: Step 490: Validation accuracy = 48.0% (N=100)
INFO:tensorflow:2020-02-04 22:27:58.794304: Step 500: Train accuracy = 64.0%
I0204 22:27:58.794363 140545278417792 retrain.py:1082] 2020-02-04 22:27:58.794304: Step 500: Train accuracy = 64.0%
INFO:tensorflow:2020-02-04 22:27:58.794542: Step 500: Cross entropy = 0.623578
I0204 22:27:58.794561 140545278417792 retrain.py:1084] 2020-02-04 22:27:58.794542: Step 500: Cross entropy = 0.623578
INFO:tensorflow:2020-02-04 22:27:58.864500: Step 500: Validation accuracy = 37.0% (N=100)
I0204 22:27:58.864557 140545278417792 retrain.py:1100] 2020-02-04 22:27:58.864500: Step 500: Validation accuracy = 37.0% (N=100)
INFO:tensorflow:2020-02-04 22:27:59.663908: Step 510: Train accuracy = 74.0%
I0204 22:27:59.663985 140545278417792 retrain.py:1082] 2020-02-04 22:27:59.663908: Step 510: Train accuracy = 74.0%
INFO:tensorflow:2020-02-04 22:27:59.664133: Step 510: Cross entropy = 0.613420
I0204 22:27:59.664153 140545278417792 retrain.py:1084] 2020-02-04 22:27:59.664133: Step 510: Cross entropy = 0.613420
INFO:tensorflow:2020-02-04 22:27:59.735859: Step 510: Validation accuracy = 47.0% (N=100)
I0204 22:27:59.735914 140545278417792 retrain.py:1100] 2020-02-04 22:27:59.735859: Step 510: Validation accuracy = 47.0% (N=100)
INFO:tensorflow:2020-02-04 22:28:00.470199: Step 520: Train accuracy = 58.0%
I0204 22:28:00.470279 140545278417792 retrain.py:1082] 2020-02-04 22:28:00.470199: Step 520: Train accuracy = 58.0%
INFO:tensorflow:2020-02-04 22:28:00.470424: Step 520: Cross entropy = 0.639532
I0204 22:28:00.470443 140545278417792 retrain.py:1084] 2020-02-04 22:28:00.470424: Step 520: Cross entropy = 0.639532
INFO:tensorflow:2020-02-04 22:28:00.541203: Step 520: Validation accuracy = 35.0% (N=100)
I0204 22:28:00.541281 140545278417792 retrain.py:1100] 2020-02-04 22:28:00.541203: Step 520: Validation accuracy = 35.0% (N=100)
INFO:tensorflow:2020-02-04 22:28:01.274644: Step 530: Train accuracy = 67.0%
I0204 22:28:01.274725 140545278417792 retrain.py:1082] 2020-02-04 22:28:01.274644: Step 530: Train accuracy = 67.0%
INFO:tensorflow:2020-02-04 22:28:01.274883: Step 530: Cross entropy = 0.634306
I0204 22:28:01.274914 140545278417792 retrain.py:1084] 2020-02-04 22:28:01.274883: Step 530: Cross entropy = 0.634306
INFO:tensorflow:2020-02-04 22:28:01.346728: Step 530: Validation accuracy = 44.0% (N=100)
I0204 22:28:01.346818 140545278417792 retrain.py:1100] 2020-02-04 22:28:01.346728: Step 530: Validation accuracy = 44.0% (N=100)
INFO:tensorflow:2020-02-04 22:28:02.072380: Step 540: Train accuracy = 72.0%
I0204 22:28:02.072445 140545278417792 retrain.py:1082] 2020-02-04 22:28:02.072380: Step 540: Train accuracy = 72.0%
INFO:tensorflow:2020-02-04 22:28:02.072594: Step 540: Cross entropy = 0.630003
I0204 22:28:02.072623 140545278417792 retrain.py:1084] 2020-02-04 22:28:02.072594: Step 540: Cross entropy = 0.630003
INFO:tensorflow:2020-02-04 22:28:02.143966: Step 540: Validation accuracy = 44.0% (N=100)
I0204 22:28:02.144033 140545278417792 retrain.py:1100] 2020-02-04 22:28:02.143966: Step 540: Validation accuracy = 44.0% (N=100)
INFO:tensorflow:2020-02-04 22:28:02.864243: Step 550: Train accuracy = 66.0%
I0204 22:28:02.864299 140545278417792 retrain.py:1082] 2020-02-04 22:28:02.864243: Step 550: Train accuracy = 66.0%
INFO:tensorflow:2020-02-04 22:28:02.864469: Step 550: Cross entropy = 0.612394
I0204 22:28:02.864488 140545278417792 retrain.py:1084] 2020-02-04 22:28:02.864469: Step 550: Cross entropy = 0.612394
INFO:tensorflow:2020-02-04 22:28:02.936525: Step 550: Validation accuracy = 42.0% (N=100)
I0204 22:28:02.936594 140545278417792 retrain.py:1100] 2020-02-04 22:28:02.936525: Step 550: Validation accuracy = 42.0% (N=100)
INFO:tensorflow:2020-02-04 22:28:03.661006: Step 560: Train accuracy = 68.0%
I0204 22:28:03.661086 140545278417792 retrain.py:1082] 2020-02-04 22:28:03.661006: Step 560: Train accuracy = 68.0%
INFO:tensorflow:2020-02-04 22:28:03.661217: Step 560: Cross entropy = 0.587705
I0204 22:28:03.661244 140545278417792 retrain.py:1084] 2020-02-04 22:28:03.661217: Step 560: Cross entropy = 0.587705
INFO:tensorflow:2020-02-04 22:28:03.730904: Step 560: Validation accuracy = 45.0% (N=100)
I0204 22:28:03.730988 140545278417792 retrain.py:1100] 2020-02-04 22:28:03.730904: Step 560: Validation accuracy = 45.0% (N=100)
INFO:tensorflow:2020-02-04 22:28:04.454653: Step 570: Train accuracy = 65.0%
I0204 22:28:04.454724 140545278417792 retrain.py:1082] 2020-02-04 22:28:04.454653: Step 570: Train accuracy = 65.0%
INFO:tensorflow:2020-02-04 22:28:04.454905: Step 570: Cross entropy = 0.609001
I0204 22:28:04.454921 140545278417792 retrain.py:1084] 2020-02-04 22:28:04.454905: Step 570: Cross entropy = 0.609001
INFO:tensorflow:2020-02-04 22:28:04.523280: Step 570: Validation accuracy = 37.0% (N=100)
I0204 22:28:04.523359 140545278417792 retrain.py:1100] 2020-02-04 22:28:04.523280: Step 570: Validation accuracy = 37.0% (N=100)
INFO:tensorflow:2020-02-04 22:28:05.247141: Step 580: Train accuracy = 69.0%
I0204 22:28:05.247207 140545278417792 retrain.py:1082] 2020-02-04 22:28:05.247141: Step 580: Train accuracy = 69.0%
INFO:tensorflow:2020-02-04 22:28:05.247381: Step 580: Cross entropy = 0.613535
I0204 22:28:05.247400 140545278417792 retrain.py:1084] 2020-02-04 22:28:05.247381: Step 580: Cross entropy = 0.613535
INFO:tensorflow:2020-02-04 22:28:05.315833: Step 580: Validation accuracy = 45.0% (N=100)
I0204 22:28:05.315898 140545278417792 retrain.py:1100] 2020-02-04 22:28:05.315833: Step 580: Validation accuracy = 45.0% (N=100)
INFO:tensorflow:2020-02-04 22:28:06.034071: Step 590: Train accuracy = 67.0%
I0204 22:28:06.034128 140545278417792 retrain.py:1082] 2020-02-04 22:28:06.034071: Step 590: Train accuracy = 67.0%
INFO:tensorflow:2020-02-04 22:28:06.034287: Step 590: Cross entropy = 0.619212
I0204 22:28:06.034311 140545278417792 retrain.py:1084] 2020-02-04 22:28:06.034287: Step 590: Cross entropy = 0.619212
INFO:tensorflow:2020-02-04 22:28:06.107477: Step 590: Validation accuracy = 47.0% (N=100)
I0204 22:28:06.107547 140545278417792 retrain.py:1100] 2020-02-04 22:28:06.107477: Step 590: Validation accuracy = 47.0% (N=100)
INFO:tensorflow:2020-02-04 22:28:06.831122: Step 600: Train accuracy = 64.0%
I0204 22:28:06.831188 140545278417792 retrain.py:1082] 2020-02-04 22:28:06.831122: Step 600: Train accuracy = 64.0%
INFO:tensorflow:2020-02-04 22:28:06.831364: Step 600: Cross entropy = 0.638147
I0204 22:28:06.831379 140545278417792 retrain.py:1084] 2020-02-04 22:28:06.831364: Step 600: Cross entropy = 0.638147
INFO:tensorflow:2020-02-04 22:28:06.900774: Step 600: Validation accuracy = 30.0% (N=100)
I0204 22:28:06.900831 140545278417792 retrain.py:1100] 2020-02-04 22:28:06.900774: Step 600: Validation accuracy = 30.0% (N=100)
INFO:tensorflow:2020-02-04 22:28:07.618265: Step 610: Train accuracy = 72.0%
I0204 22:28:07.618331 140545278417792 retrain.py:1082] 2020-02-04 22:28:07.618265: Step 610: Train accuracy = 72.0%
INFO:tensorflow:2020-02-04 22:28:07.618492: Step 610: Cross entropy = 0.587004
I0204 22:28:07.618511 140545278417792 retrain.py:1084] 2020-02-04 22:28:07.618492: Step 610: Cross entropy = 0.587004
INFO:tensorflow:2020-02-04 22:28:07.688061: Step 610: Validation accuracy = 43.0% (N=100)
I0204 22:28:07.688141 140545278417792 retrain.py:1100] 2020-02-04 22:28:07.688061: Step 610: Validation accuracy = 43.0% (N=100)
INFO:tensorflow:2020-02-04 22:28:08.408457: Step 620: Train accuracy = 63.0%
I0204 22:28:08.408514 140545278417792 retrain.py:1082] 2020-02-04 22:28:08.408457: Step 620: Train accuracy = 63.0%
INFO:tensorflow:2020-02-04 22:28:08.408681: Step 620: Cross entropy = 0.634393
I0204 22:28:08.408702 140545278417792 retrain.py:1084] 2020-02-04 22:28:08.408681: Step 620: Cross entropy = 0.634393
INFO:tensorflow:2020-02-04 22:28:08.479079: Step 620: Validation accuracy = 38.0% (N=100)
I0204 22:28:08.479162 140545278417792 retrain.py:1100] 2020-02-04 22:28:08.479079: Step 620: Validation accuracy = 38.0% (N=100)
INFO:tensorflow:2020-02-04 22:28:09.195827: Step 630: Train accuracy = 79.0%
I0204 22:28:09.195908 140545278417792 retrain.py:1082] 2020-02-04 22:28:09.195827: Step 630: Train accuracy = 79.0%
INFO:tensorflow:2020-02-04 22:28:09.196043: Step 630: Cross entropy = 0.578302
I0204 22:28:09.196070 140545278417792 retrain.py:1084] 2020-02-04 22:28:09.196043: Step 630: Cross entropy = 0.578302
INFO:tensorflow:2020-02-04 22:28:09.265512: Step 630: Validation accuracy = 41.0% (N=100)
I0204 22:28:09.265579 140545278417792 retrain.py:1100] 2020-02-04 22:28:09.265512: Step 630: Validation accuracy = 41.0% (N=100)
INFO:tensorflow:2020-02-04 22:28:09.989430: Step 640: Train accuracy = 61.0%
I0204 22:28:09.989496 140545278417792 retrain.py:1082] 2020-02-04 22:28:09.989430: Step 640: Train accuracy = 61.0%
INFO:tensorflow:2020-02-04 22:28:09.989658: Step 640: Cross entropy = 0.617455
I0204 22:28:09.989676 140545278417792 retrain.py:1084] 2020-02-04 22:28:09.989658: Step 640: Cross entropy = 0.617455
INFO:tensorflow:2020-02-04 22:28:10.060365: Step 640: Validation accuracy = 39.0% (N=100)
I0204 22:28:10.060435 140545278417792 retrain.py:1100] 2020-02-04 22:28:10.060365: Step 640: Validation accuracy = 39.0% (N=100)
INFO:tensorflow:2020-02-04 22:28:10.782464: Step 650: Train accuracy = 70.0%
I0204 22:28:10.782536 140545278417792 retrain.py:1082] 2020-02-04 22:28:10.782464: Step 650: Train accuracy = 70.0%
INFO:tensorflow:2020-02-04 22:28:10.782696: Step 650: Cross entropy = 0.597578
I0204 22:28:10.782712 140545278417792 retrain.py:1084] 2020-02-04 22:28:10.782696: Step 650: Cross entropy = 0.597578
INFO:tensorflow:2020-02-04 22:28:10.855025: Step 650: Validation accuracy = 55.0% (N=100)
I0204 22:28:10.855106 140545278417792 retrain.py:1100] 2020-02-04 22:28:10.855025: Step 650: Validation accuracy = 55.0% (N=100)
INFO:tensorflow:2020-02-04 22:28:11.573615: Step 660: Train accuracy = 67.0%
I0204 22:28:11.573706 140545278417792 retrain.py:1082] 2020-02-04 22:28:11.573615: Step 660: Train accuracy = 67.0%
INFO:tensorflow:2020-02-04 22:28:11.573854: Step 660: Cross entropy = 0.593940
I0204 22:28:11.573886 140545278417792 retrain.py:1084] 2020-02-04 22:28:11.573854: Step 660: Cross entropy = 0.593940
INFO:tensorflow:2020-02-04 22:28:11.644935: Step 660: Validation accuracy = 47.0% (N=100)
I0204 22:28:11.644993 140545278417792 retrain.py:1100] 2020-02-04 22:28:11.644935: Step 660: Validation accuracy = 47.0% (N=100)
INFO:tensorflow:2020-02-04 22:28:12.405043: Step 670: Train accuracy = 68.0%
I0204 22:28:12.405126 140545278417792 retrain.py:1082] 2020-02-04 22:28:12.405043: Step 670: Train accuracy = 68.0%
INFO:tensorflow:2020-02-04 22:28:12.405256: Step 670: Cross entropy = 0.613084
I0204 22:28:12.405295 140545278417792 retrain.py:1084] 2020-02-04 22:28:12.405256: Step 670: Cross entropy = 0.613084
INFO:tensorflow:2020-02-04 22:28:12.475698: Step 670: Validation accuracy = 44.0% (N=100)
I0204 22:28:12.475765 140545278417792 retrain.py:1100] 2020-02-04 22:28:12.475698: Step 670: Validation accuracy = 44.0% (N=100)
INFO:tensorflow:2020-02-04 22:28:13.204843: Step 680: Train accuracy = 59.0%
I0204 22:28:13.204913 140545278417792 retrain.py:1082] 2020-02-04 22:28:13.204843: Step 680: Train accuracy = 59.0%
INFO:tensorflow:2020-02-04 22:28:13.205078: Step 680: Cross entropy = 0.644331
I0204 22:28:13.205097 140545278417792 retrain.py:1084] 2020-02-04 22:28:13.205078: Step 680: Cross entropy = 0.644331
INFO:tensorflow:2020-02-04 22:28:13.278764: Step 680: Validation accuracy = 42.0% (N=100)
I0204 22:28:13.278823 140545278417792 retrain.py:1100] 2020-02-04 22:28:13.278764: Step 680: Validation accuracy = 42.0% (N=100)
INFO:tensorflow:2020-02-04 22:28:14.011731: Step 690: Train accuracy = 76.0%
I0204 22:28:14.011817 140545278417792 retrain.py:1082] 2020-02-04 22:28:14.011731: Step 690: Train accuracy = 76.0%
INFO:tensorflow:2020-02-04 22:28:14.011987: Step 690: Cross entropy = 0.577992
I0204 22:28:14.012006 140545278417792 retrain.py:1084] 2020-02-04 22:28:14.011987: Step 690: Cross entropy = 0.577992
INFO:tensorflow:2020-02-04 22:28:14.084929: Step 690: Validation accuracy = 39.0% (N=100)
I0204 22:28:14.085000 140545278417792 retrain.py:1100] 2020-02-04 22:28:14.084929: Step 690: Validation accuracy = 39.0% (N=100)
INFO:tensorflow:2020-02-04 22:28:14.814788: Step 700: Train accuracy = 63.0%
I0204 22:28:14.814857 140545278417792 retrain.py:1082] 2020-02-04 22:28:14.814788: Step 700: Train accuracy = 63.0%
INFO:tensorflow:2020-02-04 22:28:14.815010: Step 700: Cross entropy = 0.611006
I0204 22:28:14.815029 140545278417792 retrain.py:1084] 2020-02-04 22:28:14.815010: Step 700: Cross entropy = 0.611006
INFO:tensorflow:2020-02-04 22:28:14.886491: Step 700: Validation accuracy = 36.0% (N=100)
I0204 22:28:14.886559 140545278417792 retrain.py:1100] 2020-02-04 22:28:14.886491: Step 700: Validation accuracy = 36.0% (N=100)
INFO:tensorflow:2020-02-04 22:28:15.612178: Step 710: Train accuracy = 75.0%
I0204 22:28:15.612256 140545278417792 retrain.py:1082] 2020-02-04 22:28:15.612178: Step 710: Train accuracy = 75.0%
INFO:tensorflow:2020-02-04 22:28:15.612421: Step 710: Cross entropy = 0.583987
I0204 22:28:15.612447 140545278417792 retrain.py:1084] 2020-02-04 22:28:15.612421: Step 710: Cross entropy = 0.583987
INFO:tensorflow:2020-02-04 22:28:15.683936: Step 710: Validation accuracy = 30.0% (N=100)
I0204 22:28:15.683994 140545278417792 retrain.py:1100] 2020-02-04 22:28:15.683936: Step 710: Validation accuracy = 30.0% (N=100)
INFO:tensorflow:2020-02-04 22:28:16.430980: Step 720: Train accuracy = 77.0%
I0204 22:28:16.431040 140545278417792 retrain.py:1082] 2020-02-04 22:28:16.430980: Step 720: Train accuracy = 77.0%
INFO:tensorflow:2020-02-04 22:28:16.431219: Step 720: Cross entropy = 0.599321
I0204 22:28:16.431238 140545278417792 retrain.py:1084] 2020-02-04 22:28:16.431219: Step 720: Cross entropy = 0.599321
INFO:tensorflow:2020-02-04 22:28:16.502652: Step 720: Validation accuracy = 43.0% (N=100)
I0204 22:28:16.502731 140545278417792 retrain.py:1100] 2020-02-04 22:28:16.502652: Step 720: Validation accuracy = 43.0% (N=100)
INFO:tensorflow:2020-02-04 22:28:17.223032: Step 730: Train accuracy = 76.0%
I0204 22:28:17.223088 140545278417792 retrain.py:1082] 2020-02-04 22:28:17.223032: Step 730: Train accuracy = 76.0%
INFO:tensorflow:2020-02-04 22:28:17.223274: Step 730: Cross entropy = 0.595463
I0204 22:28:17.223291 140545278417792 retrain.py:1084] 2020-02-04 22:28:17.223274: Step 730: Cross entropy = 0.595463
INFO:tensorflow:2020-02-04 22:28:17.291352: Step 730: Validation accuracy = 46.0% (N=100)
I0204 22:28:17.291434 140545278417792 retrain.py:1100] 2020-02-04 22:28:17.291352: Step 730: Validation accuracy = 46.0% (N=100)
INFO:tensorflow:2020-02-04 22:28:18.006870: Step 740: Train accuracy = 76.0%
I0204 22:28:18.006936 140545278417792 retrain.py:1082] 2020-02-04 22:28:18.006870: Step 740: Train accuracy = 76.0%
INFO:tensorflow:2020-02-04 22:28:18.007086: Step 740: Cross entropy = 0.578188
I0204 22:28:18.007106 140545278417792 retrain.py:1084] 2020-02-04 22:28:18.007086: Step 740: Cross entropy = 0.578188
INFO:tensorflow:2020-02-04 22:28:18.081526: Step 740: Validation accuracy = 50.0% (N=100)
I0204 22:28:18.081593 140545278417792 retrain.py:1100] 2020-02-04 22:28:18.081526: Step 740: Validation accuracy = 50.0% (N=100)
INFO:tensorflow:2020-02-04 22:28:18.804995: Step 750: Train accuracy = 70.0%
I0204 22:28:18.805052 140545278417792 retrain.py:1082] 2020-02-04 22:28:18.804995: Step 750: Train accuracy = 70.0%
INFO:tensorflow:2020-02-04 22:28:18.805230: Step 750: Cross entropy = 0.591080
I0204 22:28:18.805250 140545278417792 retrain.py:1084] 2020-02-04 22:28:18.805230: Step 750: Cross entropy = 0.591080
INFO:tensorflow:2020-02-04 22:28:18.873315: Step 750: Validation accuracy = 54.0% (N=100)
I0204 22:28:18.873369 140545278417792 retrain.py:1100] 2020-02-04 22:28:18.873315: Step 750: Validation accuracy = 54.0% (N=100)
INFO:tensorflow:2020-02-04 22:28:19.587193: Step 760: Train accuracy = 69.0%
I0204 22:28:19.587249 140545278417792 retrain.py:1082] 2020-02-04 22:28:19.587193: Step 760: Train accuracy = 69.0%
INFO:tensorflow:2020-02-04 22:28:19.587416: Step 760: Cross entropy = 0.612254
I0204 22:28:19.587433 140545278417792 retrain.py:1084] 2020-02-04 22:28:19.587416: Step 760: Cross entropy = 0.612254
INFO:tensorflow:2020-02-04 22:28:19.658848: Step 760: Validation accuracy = 49.0% (N=100)
I0204 22:28:19.658918 140545278417792 retrain.py:1100] 2020-02-04 22:28:19.658848: Step 760: Validation accuracy = 49.0% (N=100)
INFO:tensorflow:2020-02-04 22:28:20.393228: Step 770: Train accuracy = 75.0%
I0204 22:28:20.393285 140545278417792 retrain.py:1082] 2020-02-04 22:28:20.393228: Step 770: Train accuracy = 75.0%
INFO:tensorflow:2020-02-04 22:28:20.393455: Step 770: Cross entropy = 0.577077
I0204 22:28:20.393471 140545278417792 retrain.py:1084] 2020-02-04 22:28:20.393455: Step 770: Cross entropy = 0.577077
INFO:tensorflow:2020-02-04 22:28:20.468440: Step 770: Validation accuracy = 48.0% (N=100)
I0204 22:28:20.468509 140545278417792 retrain.py:1100] 2020-02-04 22:28:20.468440: Step 770: Validation accuracy = 48.0% (N=100)
INFO:tensorflow:2020-02-04 22:28:21.190848: Step 780: Train accuracy = 74.0%
I0204 22:28:21.190938 140545278417792 retrain.py:1082] 2020-02-04 22:28:21.190848: Step 780: Train accuracy = 74.0%
INFO:tensorflow:2020-02-04 22:28:21.191084: Step 780: Cross entropy = 0.599936
I0204 22:28:21.191106 140545278417792 retrain.py:1084] 2020-02-04 22:28:21.191084: Step 780: Cross entropy = 0.599936
INFO:tensorflow:2020-02-04 22:28:21.260789: Step 780: Validation accuracy = 38.0% (N=100)
I0204 22:28:21.260857 140545278417792 retrain.py:1100] 2020-02-04 22:28:21.260789: Step 780: Validation accuracy = 38.0% (N=100)
INFO:tensorflow:2020-02-04 22:28:21.986682: Step 790: Train accuracy = 75.0%
I0204 22:28:21.986742 140545278417792 retrain.py:1082] 2020-02-04 22:28:21.986682: Step 790: Train accuracy = 75.0%
INFO:tensorflow:2020-02-04 22:28:21.986907: Step 790: Cross entropy = 0.595412
I0204 22:28:21.986932 140545278417792 retrain.py:1084] 2020-02-04 22:28:21.986907: Step 790: Cross entropy = 0.595412
INFO:tensorflow:2020-02-04 22:28:22.056758: Step 790: Validation accuracy = 58.0% (N=100)
I0204 22:28:22.056817 140545278417792 retrain.py:1100] 2020-02-04 22:28:22.056758: Step 790: Validation accuracy = 58.0% (N=100)
INFO:tensorflow:2020-02-04 22:28:22.775949: Step 800: Train accuracy = 73.0%
I0204 22:28:22.776015 140545278417792 retrain.py:1082] 2020-02-04 22:28:22.775949: Step 800: Train accuracy = 73.0%
INFO:tensorflow:2020-02-04 22:28:22.776180: Step 800: Cross entropy = 0.605385
I0204 22:28:22.776198 140545278417792 retrain.py:1084] 2020-02-04 22:28:22.776180: Step 800: Cross entropy = 0.605385
INFO:tensorflow:2020-02-04 22:28:22.844795: Step 800: Validation accuracy = 54.0% (N=100)
I0204 22:28:22.844852 140545278417792 retrain.py:1100] 2020-02-04 22:28:22.844795: Step 800: Validation accuracy = 54.0% (N=100)
INFO:tensorflow:2020-02-04 22:28:23.574128: Step 810: Train accuracy = 76.0%
I0204 22:28:23.574199 140545278417792 retrain.py:1082] 2020-02-04 22:28:23.574128: Step 810: Train accuracy = 76.0%
INFO:tensorflow:2020-02-04 22:28:23.574374: Step 810: Cross entropy = 0.580728
I0204 22:28:23.574391 140545278417792 retrain.py:1084] 2020-02-04 22:28:23.574374: Step 810: Cross entropy = 0.580728
INFO:tensorflow:2020-02-04 22:28:23.643280: Step 810: Validation accuracy = 46.0% (N=100)
I0204 22:28:23.643337 140545278417792 retrain.py:1100] 2020-02-04 22:28:23.643280: Step 810: Validation accuracy = 46.0% (N=100)
INFO:tensorflow:2020-02-04 22:28:24.366620: Step 820: Train accuracy = 79.0%
I0204 22:28:24.366676 140545278417792 retrain.py:1082] 2020-02-04 22:28:24.366620: Step 820: Train accuracy = 79.0%
INFO:tensorflow:2020-02-04 22:28:24.366850: Step 820: Cross entropy = 0.567176
I0204 22:28:24.366868 140545278417792 retrain.py:1084] 2020-02-04 22:28:24.366850: Step 820: Cross entropy = 0.567176
INFO:tensorflow:2020-02-04 22:28:24.436693: Step 820: Validation accuracy = 54.0% (N=100)
I0204 22:28:24.436749 140545278417792 retrain.py:1100] 2020-02-04 22:28:24.436693: Step 820: Validation accuracy = 54.0% (N=100)
INFO:tensorflow:2020-02-04 22:28:25.156396: Step 830: Train accuracy = 72.0%
I0204 22:28:25.156465 140545278417792 retrain.py:1082] 2020-02-04 22:28:25.156396: Step 830: Train accuracy = 72.0%
INFO:tensorflow:2020-02-04 22:28:25.156633: Step 830: Cross entropy = 0.597050
I0204 22:28:25.156647 140545278417792 retrain.py:1084] 2020-02-04 22:28:25.156633: Step 830: Cross entropy = 0.597050
INFO:tensorflow:2020-02-04 22:28:25.225938: Step 830: Validation accuracy = 43.0% (N=100)
I0204 22:28:25.226029 140545278417792 retrain.py:1100] 2020-02-04 22:28:25.225938: Step 830: Validation accuracy = 43.0% (N=100)
INFO:tensorflow:2020-02-04 22:28:25.950432: Step 840: Train accuracy = 70.0%
I0204 22:28:25.950489 140545278417792 retrain.py:1082] 2020-02-04 22:28:25.950432: Step 840: Train accuracy = 70.0%
INFO:tensorflow:2020-02-04 22:28:25.950655: Step 840: Cross entropy = 0.589818
I0204 22:28:25.950676 140545278417792 retrain.py:1084] 2020-02-04 22:28:25.950655: Step 840: Cross entropy = 0.589818
INFO:tensorflow:2020-02-04 22:28:26.021290: Step 840: Validation accuracy = 54.0% (N=100)
I0204 22:28:26.021343 140545278417792 retrain.py:1100] 2020-02-04 22:28:26.021290: Step 840: Validation accuracy = 54.0% (N=100)
INFO:tensorflow:2020-02-04 22:28:26.748831: Step 850: Train accuracy = 68.0%
I0204 22:28:26.748888 140545278417792 retrain.py:1082] 2020-02-04 22:28:26.748831: Step 850: Train accuracy = 68.0%
INFO:tensorflow:2020-02-04 22:28:26.749052: Step 850: Cross entropy = 0.599135
I0204 22:28:26.749070 140545278417792 retrain.py:1084] 2020-02-04 22:28:26.749052: Step 850: Cross entropy = 0.599135
INFO:tensorflow:2020-02-04 22:28:26.817764: Step 850: Validation accuracy = 34.0% (N=100)
I0204 22:28:26.817833 140545278417792 retrain.py:1100] 2020-02-04 22:28:26.817764: Step 850: Validation accuracy = 34.0% (N=100)
INFO:tensorflow:2020-02-04 22:28:27.550622: Step 860: Train accuracy = 71.0%
I0204 22:28:27.550702 140545278417792 retrain.py:1082] 2020-02-04 22:28:27.550622: Step 860: Train accuracy = 71.0%
INFO:tensorflow:2020-02-04 22:28:27.550844: Step 860: Cross entropy = 0.612078
I0204 22:28:27.550873 140545278417792 retrain.py:1084] 2020-02-04 22:28:27.550844: Step 860: Cross entropy = 0.612078
INFO:tensorflow:2020-02-04 22:28:27.622079: Step 860: Validation accuracy = 39.0% (N=100)
I0204 22:28:27.622160 140545278417792 retrain.py:1100] 2020-02-04 22:28:27.622079: Step 860: Validation accuracy = 39.0% (N=100)
INFO:tensorflow:2020-02-04 22:28:28.361345: Step 870: Train accuracy = 77.0%
I0204 22:28:28.361402 140545278417792 retrain.py:1082] 2020-02-04 22:28:28.361345: Step 870: Train accuracy = 77.0%
INFO:tensorflow:2020-02-04 22:28:28.361577: Step 870: Cross entropy = 0.570419
I0204 22:28:28.361612 140545278417792 retrain.py:1084] 2020-02-04 22:28:28.361577: Step 870: Cross entropy = 0.570419
INFO:tensorflow:2020-02-04 22:28:28.430409: Step 870: Validation accuracy = 52.0% (N=100)
I0204 22:28:28.430467 140545278417792 retrain.py:1100] 2020-02-04 22:28:28.430409: Step 870: Validation accuracy = 52.0% (N=100)
INFO:tensorflow:2020-02-04 22:28:29.170523: Step 880: Train accuracy = 77.0%
I0204 22:28:29.170593 140545278417792 retrain.py:1082] 2020-02-04 22:28:29.170523: Step 880: Train accuracy = 77.0%
INFO:tensorflow:2020-02-04 22:28:29.170736: Step 880: Cross entropy = 0.584537
I0204 22:28:29.170751 140545278417792 retrain.py:1084] 2020-02-04 22:28:29.170736: Step 880: Cross entropy = 0.584537
INFO:tensorflow:2020-02-04 22:28:29.239379: Step 880: Validation accuracy = 42.0% (N=100)
I0204 22:28:29.239434 140545278417792 retrain.py:1100] 2020-02-04 22:28:29.239379: Step 880: Validation accuracy = 42.0% (N=100)
INFO:tensorflow:2020-02-04 22:28:29.969052: Step 890: Train accuracy = 74.0%
I0204 22:28:29.969118 140545278417792 retrain.py:1082] 2020-02-04 22:28:29.969052: Step 890: Train accuracy = 74.0%
INFO:tensorflow:2020-02-04 22:28:29.969277: Step 890: Cross entropy = 0.592879
I0204 22:28:29.969297 140545278417792 retrain.py:1084] 2020-02-04 22:28:29.969277: Step 890: Cross entropy = 0.592879
INFO:tensorflow:2020-02-04 22:28:30.037708: Step 890: Validation accuracy = 54.0% (N=100)
I0204 22:28:30.037798 140545278417792 retrain.py:1100] 2020-02-04 22:28:30.037708: Step 890: Validation accuracy = 54.0% (N=100)
INFO:tensorflow:2020-02-04 22:28:30.760342: Step 900: Train accuracy = 78.0%
I0204 22:28:30.760413 140545278417792 retrain.py:1082] 2020-02-04 22:28:30.760342: Step 900: Train accuracy = 78.0%
INFO:tensorflow:2020-02-04 22:28:30.760591: Step 900: Cross entropy = 0.580269
I0204 22:28:30.760607 140545278417792 retrain.py:1084] 2020-02-04 22:28:30.760591: Step 900: Cross entropy = 0.580269
INFO:tensorflow:2020-02-04 22:28:30.832442: Step 900: Validation accuracy = 42.0% (N=100)
I0204 22:28:30.832501 140545278417792 retrain.py:1100] 2020-02-04 22:28:30.832442: Step 900: Validation accuracy = 42.0% (N=100)
INFO:tensorflow:2020-02-04 22:28:31.566050: Step 910: Train accuracy = 74.0%
I0204 22:28:31.566106 140545278417792 retrain.py:1082] 2020-02-04 22:28:31.566050: Step 910: Train accuracy = 74.0%
INFO:tensorflow:2020-02-04 22:28:31.566290: Step 910: Cross entropy = 0.601637
I0204 22:28:31.566304 140545278417792 retrain.py:1084] 2020-02-04 22:28:31.566290: Step 910: Cross entropy = 0.601637
INFO:tensorflow:2020-02-04 22:28:31.637675: Step 910: Validation accuracy = 56.0% (N=100)
I0204 22:28:31.637754 140545278417792 retrain.py:1100] 2020-02-04 22:28:31.637675: Step 910: Validation accuracy = 56.0% (N=100)
INFO:tensorflow:2020-02-04 22:28:32.363125: Step 920: Train accuracy = 71.0%
I0204 22:28:32.363181 140545278417792 retrain.py:1082] 2020-02-04 22:28:32.363125: Step 920: Train accuracy = 71.0%
INFO:tensorflow:2020-02-04 22:28:32.363340: Step 920: Cross entropy = 0.581456
I0204 22:28:32.363369 140545278417792 retrain.py:1084] 2020-02-04 22:28:32.363340: Step 920: Cross entropy = 0.581456
INFO:tensorflow:2020-02-04 22:28:32.431846: Step 920: Validation accuracy = 39.0% (N=100)
I0204 22:28:32.431915 140545278417792 retrain.py:1100] 2020-02-04 22:28:32.431846: Step 920: Validation accuracy = 39.0% (N=100)
INFO:tensorflow:2020-02-04 22:28:33.162297: Step 930: Train accuracy = 76.0%
I0204 22:28:33.162368 140545278417792 retrain.py:1082] 2020-02-04 22:28:33.162297: Step 930: Train accuracy = 76.0%
INFO:tensorflow:2020-02-04 22:28:33.162565: Step 930: Cross entropy = 0.585090
I0204 22:28:33.162581 140545278417792 retrain.py:1084] 2020-02-04 22:28:33.162565: Step 930: Cross entropy = 0.585090
INFO:tensorflow:2020-02-04 22:28:33.231460: Step 930: Validation accuracy = 52.0% (N=100)
I0204 22:28:33.231537 140545278417792 retrain.py:1100] 2020-02-04 22:28:33.231460: Step 930: Validation accuracy = 52.0% (N=100)
INFO:tensorflow:2020-02-04 22:28:33.957463: Step 940: Train accuracy = 79.0%
I0204 22:28:33.957518 140545278417792 retrain.py:1082] 2020-02-04 22:28:33.957463: Step 940: Train accuracy = 79.0%
INFO:tensorflow:2020-02-04 22:28:33.957693: Step 940: Cross entropy = 0.563904
I0204 22:28:33.957717 140545278417792 retrain.py:1084] 2020-02-04 22:28:33.957693: Step 940: Cross entropy = 0.563904
INFO:tensorflow:2020-02-04 22:28:34.027224: Step 940: Validation accuracy = 54.0% (N=100)
I0204 22:28:34.027305 140545278417792 retrain.py:1100] 2020-02-04 22:28:34.027224: Step 940: Validation accuracy = 54.0% (N=100)
INFO:tensorflow:2020-02-04 22:28:34.752358: Step 950: Train accuracy = 69.0%
I0204 22:28:34.752425 140545278417792 retrain.py:1082] 2020-02-04 22:28:34.752358: Step 950: Train accuracy = 69.0%
INFO:tensorflow:2020-02-04 22:28:34.752597: Step 950: Cross entropy = 0.580945
I0204 22:28:34.752616 140545278417792 retrain.py:1084] 2020-02-04 22:28:34.752597: Step 950: Cross entropy = 0.580945
INFO:tensorflow:2020-02-04 22:28:34.821133: Step 950: Validation accuracy = 51.0% (N=100)
I0204 22:28:34.821193 140545278417792 retrain.py:1100] 2020-02-04 22:28:34.821133: Step 950: Validation accuracy = 51.0% (N=100)
INFO:tensorflow:2020-02-04 22:28:35.549195: Step 960: Train accuracy = 76.0%
I0204 22:28:35.549253 140545278417792 retrain.py:1082] 2020-02-04 22:28:35.549195: Step 960: Train accuracy = 76.0%
INFO:tensorflow:2020-02-04 22:28:35.549435: Step 960: Cross entropy = 0.582910
I0204 22:28:35.549454 140545278417792 retrain.py:1084] 2020-02-04 22:28:35.549435: Step 960: Cross entropy = 0.582910
INFO:tensorflow:2020-02-04 22:28:35.618585: Step 960: Validation accuracy = 33.0% (N=100)
I0204 22:28:35.618643 140545278417792 retrain.py:1100] 2020-02-04 22:28:35.618585: Step 960: Validation accuracy = 33.0% (N=100)
INFO:tensorflow:2020-02-04 22:28:36.344489: Step 970: Train accuracy = 72.0%
I0204 22:28:36.344559 140545278417792 retrain.py:1082] 2020-02-04 22:28:36.344489: Step 970: Train accuracy = 72.0%
INFO:tensorflow:2020-02-04 22:28:36.344715: Step 970: Cross entropy = 0.597231
I0204 22:28:36.344744 140545278417792 retrain.py:1084] 2020-02-04 22:28:36.344715: Step 970: Cross entropy = 0.597231
INFO:tensorflow:2020-02-04 22:28:36.413644: Step 970: Validation accuracy = 40.0% (N=100)
I0204 22:28:36.413702 140545278417792 retrain.py:1100] 2020-02-04 22:28:36.413644: Step 970: Validation accuracy = 40.0% (N=100)
INFO:tensorflow:2020-02-04 22:28:37.151168: Step 980: Train accuracy = 70.0%
I0204 22:28:37.151237 140545278417792 retrain.py:1082] 2020-02-04 22:28:37.151168: Step 980: Train accuracy = 70.0%
INFO:tensorflow:2020-02-04 22:28:37.151415: Step 980: Cross entropy = 0.585107
I0204 22:28:37.151430 140545278417792 retrain.py:1084] 2020-02-04 22:28:37.151415: Step 980: Cross entropy = 0.585107
INFO:tensorflow:2020-02-04 22:28:37.220668: Step 980: Validation accuracy = 39.0% (N=100)
I0204 22:28:37.220746 140545278417792 retrain.py:1100] 2020-02-04 22:28:37.220668: Step 980: Validation accuracy = 39.0% (N=100)
INFO:tensorflow:2020-02-04 22:28:37.943148: Step 990: Train accuracy = 78.0%
I0204 22:28:37.943219 140545278417792 retrain.py:1082] 2020-02-04 22:28:37.943148: Step 990: Train accuracy = 78.0%
INFO:tensorflow:2020-02-04 22:28:37.943412: Step 990: Cross entropy = 0.561507
I0204 22:28:37.943432 140545278417792 retrain.py:1084] 2020-02-04 22:28:37.943412: Step 990: Cross entropy = 0.561507
INFO:tensorflow:2020-02-04 22:28:38.015369: Step 990: Validation accuracy = 46.0% (N=100)
I0204 22:28:38.015444 140545278417792 retrain.py:1100] 2020-02-04 22:28:38.015369: Step 990: Validation accuracy = 46.0% (N=100)
INFO:tensorflow:2020-02-04 22:28:38.739768: Step 1000: Train accuracy = 65.0%
I0204 22:28:38.739835 140545278417792 retrain.py:1082] 2020-02-04 22:28:38.739768: Step 1000: Train accuracy = 65.0%
INFO:tensorflow:2020-02-04 22:28:38.740002: Step 1000: Cross entropy = 0.596219
I0204 22:28:38.740020 140545278417792 retrain.py:1084] 2020-02-04 22:28:38.740002: Step 1000: Cross entropy = 0.596219
INFO:tensorflow:2020-02-04 22:28:38.809860: Step 1000: Validation accuracy = 37.0% (N=100)
I0204 22:28:38.809939 140545278417792 retrain.py:1100] 2020-02-04 22:28:38.809860: Step 1000: Validation accuracy = 37.0% (N=100)
INFO:tensorflow:2020-02-04 22:28:39.533666: Step 1010: Train accuracy = 71.0%
I0204 22:28:39.533737 140545278417792 retrain.py:1082] 2020-02-04 22:28:39.533666: Step 1010: Train accuracy = 71.0%
INFO:tensorflow:2020-02-04 22:28:39.533898: Step 1010: Cross entropy = 0.594300
I0204 22:28:39.533925 140545278417792 retrain.py:1084] 2020-02-04 22:28:39.533898: Step 1010: Cross entropy = 0.594300
INFO:tensorflow:2020-02-04 22:28:39.609987: Step 1010: Validation accuracy = 39.0% (N=100)
I0204 22:28:39.610056 140545278417792 retrain.py:1100] 2020-02-04 22:28:39.609987: Step 1010: Validation accuracy = 39.0% (N=100)
INFO:tensorflow:2020-02-04 22:28:40.353115: Step 1020: Train accuracy = 75.0%
I0204 22:28:40.353214 140545278417792 retrain.py:1082] 2020-02-04 22:28:40.353115: Step 1020: Train accuracy = 75.0%
INFO:tensorflow:2020-02-04 22:28:40.353461: Step 1020: Cross entropy = 0.584997
I0204 22:28:40.353485 140545278417792 retrain.py:1084] 2020-02-04 22:28:40.353461: Step 1020: Cross entropy = 0.584997
INFO:tensorflow:2020-02-04 22:28:40.456829: Step 1020: Validation accuracy = 57.0% (N=100)
I0204 22:28:40.456910 140545278417792 retrain.py:1100] 2020-02-04 22:28:40.456829: Step 1020: Validation accuracy = 57.0% (N=100)
INFO:tensorflow:2020-02-04 22:28:41.276697: Step 1030: Train accuracy = 69.0%
I0204 22:28:41.276756 140545278417792 retrain.py:1082] 2020-02-04 22:28:41.276697: Step 1030: Train accuracy = 69.0%
INFO:tensorflow:2020-02-04 22:28:41.276952: Step 1030: Cross entropy = 0.576157
I0204 22:28:41.276973 140545278417792 retrain.py:1084] 2020-02-04 22:28:41.276952: Step 1030: Cross entropy = 0.576157
INFO:tensorflow:2020-02-04 22:28:41.356143: Step 1030: Validation accuracy = 31.0% (N=100)
I0204 22:28:41.356214 140545278417792 retrain.py:1100] 2020-02-04 22:28:41.356143: Step 1030: Validation accuracy = 31.0% (N=100)
INFO:tensorflow:2020-02-04 22:28:42.273671: Step 1040: Train accuracy = 80.0%
I0204 22:28:42.273755 140545278417792 retrain.py:1082] 2020-02-04 22:28:42.273671: Step 1040: Train accuracy = 80.0%
INFO:tensorflow:2020-02-04 22:28:42.273938: Step 1040: Cross entropy = 0.541818
I0204 22:28:42.273967 140545278417792 retrain.py:1084] 2020-02-04 22:28:42.273938: Step 1040: Cross entropy = 0.541818
INFO:tensorflow:2020-02-04 22:28:42.355329: Step 1040: Validation accuracy = 42.0% (N=100)
I0204 22:28:42.355403 140545278417792 retrain.py:1100] 2020-02-04 22:28:42.355329: Step 1040: Validation accuracy = 42.0% (N=100)
INFO:tensorflow:2020-02-04 22:28:43.576883: Step 1050: Train accuracy = 72.0%
I0204 22:28:43.576972 140545278417792 retrain.py:1082] 2020-02-04 22:28:43.576883: Step 1050: Train accuracy = 72.0%
INFO:tensorflow:2020-02-04 22:28:43.577176: Step 1050: Cross entropy = 0.582415
I0204 22:28:43.577208 140545278417792 retrain.py:1084] 2020-02-04 22:28:43.577176: Step 1050: Cross entropy = 0.582415
INFO:tensorflow:2020-02-04 22:28:43.655490: Step 1050: Validation accuracy = 34.0% (N=100)
I0204 22:28:43.655558 140545278417792 retrain.py:1100] 2020-02-04 22:28:43.655490: Step 1050: Validation accuracy = 34.0% (N=100)
INFO:tensorflow:2020-02-04 22:28:44.408567: Step 1060: Train accuracy = 76.0%
I0204 22:28:44.408625 140545278417792 retrain.py:1082] 2020-02-04 22:28:44.408567: Step 1060: Train accuracy = 76.0%
INFO:tensorflow:2020-02-04 22:28:44.408796: Step 1060: Cross entropy = 0.580007
I0204 22:28:44.408815 140545278417792 retrain.py:1084] 2020-02-04 22:28:44.408796: Step 1060: Cross entropy = 0.580007
INFO:tensorflow:2020-02-04 22:28:44.480436: Step 1060: Validation accuracy = 33.0% (N=100)
I0204 22:28:44.480509 140545278417792 retrain.py:1100] 2020-02-04 22:28:44.480436: Step 1060: Validation accuracy = 33.0% (N=100)
INFO:tensorflow:2020-02-04 22:28:45.436384: Step 1070: Train accuracy = 83.0%
I0204 22:28:45.436455 140545278417792 retrain.py:1082] 2020-02-04 22:28:45.436384: Step 1070: Train accuracy = 83.0%
INFO:tensorflow:2020-02-04 22:28:45.436735: Step 1070: Cross entropy = 0.564503
I0204 22:28:45.436755 140545278417792 retrain.py:1084] 2020-02-04 22:28:45.436735: Step 1070: Cross entropy = 0.564503
INFO:tensorflow:2020-02-04 22:28:45.532175: Step 1070: Validation accuracy = 49.0% (N=100)
I0204 22:28:45.532237 140545278417792 retrain.py:1100] 2020-02-04 22:28:45.532175: Step 1070: Validation accuracy = 49.0% (N=100)
INFO:tensorflow:2020-02-04 22:28:47.008813: Step 1080: Train accuracy = 79.0%
I0204 22:28:47.008898 140545278417792 retrain.py:1082] 2020-02-04 22:28:47.008813: Step 1080: Train accuracy = 79.0%
INFO:tensorflow:2020-02-04 22:28:47.009313: Step 1080: Cross entropy = 0.559619
I0204 22:28:47.009337 140545278417792 retrain.py:1084] 2020-02-04 22:28:47.009313: Step 1080: Cross entropy = 0.559619
INFO:tensorflow:2020-02-04 22:28:47.109765: Step 1080: Validation accuracy = 42.0% (N=100)
I0204 22:28:47.109877 140545278417792 retrain.py:1100] 2020-02-04 22:28:47.109765: Step 1080: Validation accuracy = 42.0% (N=100)
INFO:tensorflow:2020-02-04 22:28:47.973179: Step 1090: Train accuracy = 78.0%
I0204 22:28:47.973252 140545278417792 retrain.py:1082] 2020-02-04 22:28:47.973179: Step 1090: Train accuracy = 78.0%
INFO:tensorflow:2020-02-04 22:28:47.973422: Step 1090: Cross entropy = 0.508122
I0204 22:28:47.973445 140545278417792 retrain.py:1084] 2020-02-04 22:28:47.973422: Step 1090: Cross entropy = 0.508122
INFO:tensorflow:2020-02-04 22:28:48.058407: Step 1090: Validation accuracy = 47.0% (N=100)
I0204 22:28:48.058476 140545278417792 retrain.py:1100] 2020-02-04 22:28:48.058407: Step 1090: Validation accuracy = 47.0% (N=100)
INFO:tensorflow:2020-02-04 22:28:48.843145: Step 1100: Train accuracy = 78.0%
I0204 22:28:48.843234 140545278417792 retrain.py:1082] 2020-02-04 22:28:48.843145: Step 1100: Train accuracy = 78.0%
INFO:tensorflow:2020-02-04 22:28:48.843417: Step 1100: Cross entropy = 0.579475
I0204 22:28:48.843434 140545278417792 retrain.py:1084] 2020-02-04 22:28:48.843417: Step 1100: Cross entropy = 0.579475
INFO:tensorflow:2020-02-04 22:28:48.913853: Step 1100: Validation accuracy = 37.0% (N=100)
I0204 22:28:48.913933 140545278417792 retrain.py:1100] 2020-02-04 22:28:48.913853: Step 1100: Validation accuracy = 37.0% (N=100)
INFO:tensorflow:2020-02-04 22:28:49.690675: Step 1110: Train accuracy = 79.0%
I0204 22:28:49.690755 140545278417792 retrain.py:1082] 2020-02-04 22:28:49.690675: Step 1110: Train accuracy = 79.0%
INFO:tensorflow:2020-02-04 22:28:49.690909: Step 1110: Cross entropy = 0.558170
I0204 22:28:49.690925 140545278417792 retrain.py:1084] 2020-02-04 22:28:49.690909: Step 1110: Cross entropy = 0.558170
INFO:tensorflow:2020-02-04 22:28:49.761947: Step 1110: Validation accuracy = 43.0% (N=100)
I0204 22:28:49.762020 140545278417792 retrain.py:1100] 2020-02-04 22:28:49.761947: Step 1110: Validation accuracy = 43.0% (N=100)
INFO:tensorflow:2020-02-04 22:28:50.517453: Step 1120: Train accuracy = 77.0%
I0204 22:28:50.517509 140545278417792 retrain.py:1082] 2020-02-04 22:28:50.517453: Step 1120: Train accuracy = 77.0%
INFO:tensorflow:2020-02-04 22:28:50.517665: Step 1120: Cross entropy = 0.544812
I0204 22:28:50.517691 140545278417792 retrain.py:1084] 2020-02-04 22:28:50.517665: Step 1120: Cross entropy = 0.544812
INFO:tensorflow:2020-02-04 22:28:50.613628: Step 1120: Validation accuracy = 44.0% (N=100)
I0204 22:28:50.613702 140545278417792 retrain.py:1100] 2020-02-04 22:28:50.613628: Step 1120: Validation accuracy = 44.0% (N=100)
INFO:tensorflow:2020-02-04 22:28:51.570213: Step 1130: Train accuracy = 81.0%
I0204 22:28:51.570281 140545278417792 retrain.py:1082] 2020-02-04 22:28:51.570213: Step 1130: Train accuracy = 81.0%
INFO:tensorflow:2020-02-04 22:28:51.570458: Step 1130: Cross entropy = 0.553488
I0204 22:28:51.570476 140545278417792 retrain.py:1084] 2020-02-04 22:28:51.570458: Step 1130: Cross entropy = 0.553488
INFO:tensorflow:2020-02-04 22:28:51.645271: Step 1130: Validation accuracy = 42.0% (N=100)
I0204 22:28:51.645343 140545278417792 retrain.py:1100] 2020-02-04 22:28:51.645271: Step 1130: Validation accuracy = 42.0% (N=100)
INFO:tensorflow:2020-02-04 22:28:52.393056: Step 1140: Train accuracy = 74.0%
I0204 22:28:52.393142 140545278417792 retrain.py:1082] 2020-02-04 22:28:52.393056: Step 1140: Train accuracy = 74.0%
INFO:tensorflow:2020-02-04 22:28:52.393321: Step 1140: Cross entropy = 0.567923
I0204 22:28:52.393342 140545278417792 retrain.py:1084] 2020-02-04 22:28:52.393321: Step 1140: Cross entropy = 0.567923
INFO:tensorflow:2020-02-04 22:28:52.464824: Step 1140: Validation accuracy = 44.0% (N=100)
I0204 22:28:52.464882 140545278417792 retrain.py:1100] 2020-02-04 22:28:52.464824: Step 1140: Validation accuracy = 44.0% (N=100)
INFO:tensorflow:2020-02-04 22:28:53.302810: Step 1150: Train accuracy = 74.0%
I0204 22:28:53.302885 140545278417792 retrain.py:1082] 2020-02-04 22:28:53.302810: Step 1150: Train accuracy = 74.0%
INFO:tensorflow:2020-02-04 22:28:53.303037: Step 1150: Cross entropy = 0.561081
I0204 22:28:53.303061 140545278417792 retrain.py:1084] 2020-02-04 22:28:53.303037: Step 1150: Cross entropy = 0.561081
INFO:tensorflow:2020-02-04 22:28:53.375176: Step 1150: Validation accuracy = 36.0% (N=100)
I0204 22:28:53.375234 140545278417792 retrain.py:1100] 2020-02-04 22:28:53.375176: Step 1150: Validation accuracy = 36.0% (N=100)
INFO:tensorflow:2020-02-04 22:28:54.227783: Step 1160: Train accuracy = 77.0%
I0204 22:28:54.227856 140545278417792 retrain.py:1082] 2020-02-04 22:28:54.227783: Step 1160: Train accuracy = 77.0%
INFO:tensorflow:2020-02-04 22:28:54.228025: Step 1160: Cross entropy = 0.580002
I0204 22:28:54.228045 140545278417792 retrain.py:1084] 2020-02-04 22:28:54.228025: Step 1160: Cross entropy = 0.580002
INFO:tensorflow:2020-02-04 22:28:54.299520: Step 1160: Validation accuracy = 49.0% (N=100)
I0204 22:28:54.299603 140545278417792 retrain.py:1100] 2020-02-04 22:28:54.299520: Step 1160: Validation accuracy = 49.0% (N=100)
INFO:tensorflow:2020-02-04 22:28:55.082598: Step 1170: Train accuracy = 75.0%
I0204 22:28:55.082695 140545278417792 retrain.py:1082] 2020-02-04 22:28:55.082598: Step 1170: Train accuracy = 75.0%
INFO:tensorflow:2020-02-04 22:28:55.082843: Step 1170: Cross entropy = 0.564703
I0204 22:28:55.082885 140545278417792 retrain.py:1084] 2020-02-04 22:28:55.082843: Step 1170: Cross entropy = 0.564703
INFO:tensorflow:2020-02-04 22:28:55.156899: Step 1170: Validation accuracy = 31.0% (N=100)
I0204 22:28:55.156970 140545278417792 retrain.py:1100] 2020-02-04 22:28:55.156899: Step 1170: Validation accuracy = 31.0% (N=100)
INFO:tensorflow:2020-02-04 22:28:55.973267: Step 1180: Train accuracy = 71.0%
I0204 22:28:55.973340 140545278417792 retrain.py:1082] 2020-02-04 22:28:55.973267: Step 1180: Train accuracy = 71.0%
INFO:tensorflow:2020-02-04 22:28:55.973520: Step 1180: Cross entropy = 0.569655
I0204 22:28:55.973539 140545278417792 retrain.py:1084] 2020-02-04 22:28:55.973520: Step 1180: Cross entropy = 0.569655
INFO:tensorflow:2020-02-04 22:28:56.047367: Step 1180: Validation accuracy = 46.0% (N=100)
I0204 22:28:56.047442 140545278417792 retrain.py:1100] 2020-02-04 22:28:56.047367: Step 1180: Validation accuracy = 46.0% (N=100)
INFO:tensorflow:2020-02-04 22:28:56.891783: Step 1190: Train accuracy = 80.0%
I0204 22:28:56.891864 140545278417792 retrain.py:1082] 2020-02-04 22:28:56.891783: Step 1190: Train accuracy = 80.0%
INFO:tensorflow:2020-02-04 22:28:56.892029: Step 1190: Cross entropy = 0.551537
I0204 22:28:56.892087 140545278417792 retrain.py:1084] 2020-02-04 22:28:56.892029: Step 1190: Cross entropy = 0.551537
INFO:tensorflow:2020-02-04 22:28:56.983482: Step 1190: Validation accuracy = 47.0% (N=100)
I0204 22:28:56.983544 140545278417792 retrain.py:1100] 2020-02-04 22:28:56.983482: Step 1190: Validation accuracy = 47.0% (N=100)
INFO:tensorflow:2020-02-04 22:28:57.777897: Step 1200: Train accuracy = 67.0%
I0204 22:28:57.777978 140545278417792 retrain.py:1082] 2020-02-04 22:28:57.777897: Step 1200: Train accuracy = 67.0%
INFO:tensorflow:2020-02-04 22:28:57.778133: Step 1200: Cross entropy = 0.598292
I0204 22:28:57.778164 140545278417792 retrain.py:1084] 2020-02-04 22:28:57.778133: Step 1200: Cross entropy = 0.598292
INFO:tensorflow:2020-02-04 22:28:57.852323: Step 1200: Validation accuracy = 38.0% (N=100)
I0204 22:28:57.852398 140545278417792 retrain.py:1100] 2020-02-04 22:28:57.852323: Step 1200: Validation accuracy = 38.0% (N=100)
INFO:tensorflow:2020-02-04 22:28:58.760779: Step 1210: Train accuracy = 81.0%
I0204 22:28:58.760837 140545278417792 retrain.py:1082] 2020-02-04 22:28:58.760779: Step 1210: Train accuracy = 81.0%
INFO:tensorflow:2020-02-04 22:28:58.761020: Step 1210: Cross entropy = 0.549264
I0204 22:28:58.761040 140545278417792 retrain.py:1084] 2020-02-04 22:28:58.761020: Step 1210: Cross entropy = 0.549264
INFO:tensorflow:2020-02-04 22:28:58.830190: Step 1210: Validation accuracy = 45.0% (N=100)
I0204 22:28:58.830248 140545278417792 retrain.py:1100] 2020-02-04 22:28:58.830190: Step 1210: Validation accuracy = 45.0% (N=100)
INFO:tensorflow:2020-02-04 22:28:59.590752: Step 1220: Train accuracy = 85.0%
I0204 22:28:59.590819 140545278417792 retrain.py:1082] 2020-02-04 22:28:59.590752: Step 1220: Train accuracy = 85.0%
INFO:tensorflow:2020-02-04 22:28:59.590998: Step 1220: Cross entropy = 0.499035
I0204 22:28:59.591021 140545278417792 retrain.py:1084] 2020-02-04 22:28:59.590998: Step 1220: Cross entropy = 0.499035
INFO:tensorflow:2020-02-04 22:28:59.661028: Step 1220: Validation accuracy = 50.0% (N=100)
I0204 22:28:59.661102 140545278417792 retrain.py:1100] 2020-02-04 22:28:59.661028: Step 1220: Validation accuracy = 50.0% (N=100)
INFO:tensorflow:2020-02-04 22:29:00.409456: Step 1230: Train accuracy = 71.0%
I0204 22:29:00.409524 140545278417792 retrain.py:1082] 2020-02-04 22:29:00.409456: Step 1230: Train accuracy = 71.0%
INFO:tensorflow:2020-02-04 22:29:00.409713: Step 1230: Cross entropy = 0.568547
I0204 22:29:00.409736 140545278417792 retrain.py:1084] 2020-02-04 22:29:00.409713: Step 1230: Cross entropy = 0.568547
INFO:tensorflow:2020-02-04 22:29:00.478831: Step 1230: Validation accuracy = 34.0% (N=100)
I0204 22:29:00.478899 140545278417792 retrain.py:1100] 2020-02-04 22:29:00.478831: Step 1230: Validation accuracy = 34.0% (N=100)
INFO:tensorflow:2020-02-04 22:29:01.230615: Step 1240: Train accuracy = 75.0%
I0204 22:29:01.230672 140545278417792 retrain.py:1082] 2020-02-04 22:29:01.230615: Step 1240: Train accuracy = 75.0%
INFO:tensorflow:2020-02-04 22:29:01.230852: Step 1240: Cross entropy = 0.579502
I0204 22:29:01.230868 140545278417792 retrain.py:1084] 2020-02-04 22:29:01.230852: Step 1240: Cross entropy = 0.579502
INFO:tensorflow:2020-02-04 22:29:01.301512: Step 1240: Validation accuracy = 45.0% (N=100)
I0204 22:29:01.301570 140545278417792 retrain.py:1100] 2020-02-04 22:29:01.301512: Step 1240: Validation accuracy = 45.0% (N=100)
INFO:tensorflow:2020-02-04 22:29:02.042532: Step 1250: Train accuracy = 78.0%
I0204 22:29:02.042599 140545278417792 retrain.py:1082] 2020-02-04 22:29:02.042532: Step 1250: Train accuracy = 78.0%
INFO:tensorflow:2020-02-04 22:29:02.042819: Step 1250: Cross entropy = 0.531134
I0204 22:29:02.042842 140545278417792 retrain.py:1084] 2020-02-04 22:29:02.042819: Step 1250: Cross entropy = 0.531134
INFO:tensorflow:2020-02-04 22:29:02.113645: Step 1250: Validation accuracy = 39.0% (N=100)
I0204 22:29:02.113729 140545278417792 retrain.py:1100] 2020-02-04 22:29:02.113645: Step 1250: Validation accuracy = 39.0% (N=100)
INFO:tensorflow:2020-02-04 22:29:02.852947: Step 1260: Train accuracy = 72.0%
I0204 22:29:02.853013 140545278417792 retrain.py:1082] 2020-02-04 22:29:02.852947: Step 1260: Train accuracy = 72.0%
INFO:tensorflow:2020-02-04 22:29:02.853182: Step 1260: Cross entropy = 0.580435
I0204 22:29:02.853199 140545278417792 retrain.py:1084] 2020-02-04 22:29:02.853182: Step 1260: Cross entropy = 0.580435
INFO:tensorflow:2020-02-04 22:29:02.928369: Step 1260: Validation accuracy = 41.0% (N=100)
I0204 22:29:02.928439 140545278417792 retrain.py:1100] 2020-02-04 22:29:02.928369: Step 1260: Validation accuracy = 41.0% (N=100)
INFO:tensorflow:2020-02-04 22:29:03.670041: Step 1270: Train accuracy = 75.0%
I0204 22:29:03.670111 140545278417792 retrain.py:1082] 2020-02-04 22:29:03.670041: Step 1270: Train accuracy = 75.0%
INFO:tensorflow:2020-02-04 22:29:03.670261: Step 1270: Cross entropy = 0.567167
I0204 22:29:03.670305 140545278417792 retrain.py:1084] 2020-02-04 22:29:03.670261: Step 1270: Cross entropy = 0.567167
INFO:tensorflow:2020-02-04 22:29:03.739728: Step 1270: Validation accuracy = 35.0% (N=100)
I0204 22:29:03.739785 140545278417792 retrain.py:1100] 2020-02-04 22:29:03.739728: Step 1270: Validation accuracy = 35.0% (N=100)
INFO:tensorflow:2020-02-04 22:29:04.484425: Step 1280: Train accuracy = 68.0%
I0204 22:29:04.484480 140545278417792 retrain.py:1082] 2020-02-04 22:29:04.484425: Step 1280: Train accuracy = 68.0%
INFO:tensorflow:2020-02-04 22:29:04.484658: Step 1280: Cross entropy = 0.569973
I0204 22:29:04.484677 140545278417792 retrain.py:1084] 2020-02-04 22:29:04.484658: Step 1280: Cross entropy = 0.569973
INFO:tensorflow:2020-02-04 22:29:04.555306: Step 1280: Validation accuracy = 46.0% (N=100)
I0204 22:29:04.555363 140545278417792 retrain.py:1100] 2020-02-04 22:29:04.555306: Step 1280: Validation accuracy = 46.0% (N=100)
INFO:tensorflow:2020-02-04 22:29:05.289719: Step 1290: Train accuracy = 78.0%
I0204 22:29:05.289789 140545278417792 retrain.py:1082] 2020-02-04 22:29:05.289719: Step 1290: Train accuracy = 78.0%
INFO:tensorflow:2020-02-04 22:29:05.289982: Step 1290: Cross entropy = 0.541363
I0204 22:29:05.290001 140545278417792 retrain.py:1084] 2020-02-04 22:29:05.289982: Step 1290: Cross entropy = 0.541363
INFO:tensorflow:2020-02-04 22:29:05.359765: Step 1290: Validation accuracy = 47.0% (N=100)
I0204 22:29:05.359827 140545278417792 retrain.py:1100] 2020-02-04 22:29:05.359765: Step 1290: Validation accuracy = 47.0% (N=100)
INFO:tensorflow:2020-02-04 22:29:06.093598: Step 1300: Train accuracy = 78.0%
I0204 22:29:06.093655 140545278417792 retrain.py:1082] 2020-02-04 22:29:06.093598: Step 1300: Train accuracy = 78.0%
INFO:tensorflow:2020-02-04 22:29:06.093808: Step 1300: Cross entropy = 0.545417
I0204 22:29:06.093836 140545278417792 retrain.py:1084] 2020-02-04 22:29:06.093808: Step 1300: Cross entropy = 0.545417
INFO:tensorflow:2020-02-04 22:29:06.164958: Step 1300: Validation accuracy = 40.0% (N=100)
I0204 22:29:06.165025 140545278417792 retrain.py:1100] 2020-02-04 22:29:06.164958: Step 1300: Validation accuracy = 40.0% (N=100)
INFO:tensorflow:2020-02-04 22:29:06.899426: Step 1310: Train accuracy = 76.0%
I0204 22:29:06.899481 140545278417792 retrain.py:1082] 2020-02-04 22:29:06.899426: Step 1310: Train accuracy = 76.0%
INFO:tensorflow:2020-02-04 22:29:06.899662: Step 1310: Cross entropy = 0.562260
I0204 22:29:06.899679 140545278417792 retrain.py:1084] 2020-02-04 22:29:06.899662: Step 1310: Cross entropy = 0.562260
INFO:tensorflow:2020-02-04 22:29:06.971915: Step 1310: Validation accuracy = 46.0% (N=100)
I0204 22:29:06.971996 140545278417792 retrain.py:1100] 2020-02-04 22:29:06.971915: Step 1310: Validation accuracy = 46.0% (N=100)
INFO:tensorflow:2020-02-04 22:29:07.714529: Step 1320: Train accuracy = 78.0%
I0204 22:29:07.714619 140545278417792 retrain.py:1082] 2020-02-04 22:29:07.714529: Step 1320: Train accuracy = 78.0%
INFO:tensorflow:2020-02-04 22:29:07.714779: Step 1320: Cross entropy = 0.550173
I0204 22:29:07.714813 140545278417792 retrain.py:1084] 2020-02-04 22:29:07.714779: Step 1320: Cross entropy = 0.550173
INFO:tensorflow:2020-02-04 22:29:07.785978: Step 1320: Validation accuracy = 59.0% (N=100)
I0204 22:29:07.786050 140545278417792 retrain.py:1100] 2020-02-04 22:29:07.785978: Step 1320: Validation accuracy = 59.0% (N=100)
INFO:tensorflow:2020-02-04 22:29:08.517333: Step 1330: Train accuracy = 79.0%
I0204 22:29:08.517397 140545278417792 retrain.py:1082] 2020-02-04 22:29:08.517333: Step 1330: Train accuracy = 79.0%
INFO:tensorflow:2020-02-04 22:29:08.517585: Step 1330: Cross entropy = 0.561157
I0204 22:29:08.517606 140545278417792 retrain.py:1084] 2020-02-04 22:29:08.517585: Step 1330: Cross entropy = 0.561157
INFO:tensorflow:2020-02-04 22:29:08.587378: Step 1330: Validation accuracy = 53.0% (N=100)
I0204 22:29:08.587434 140545278417792 retrain.py:1100] 2020-02-04 22:29:08.587378: Step 1330: Validation accuracy = 53.0% (N=100)
INFO:tensorflow:2020-02-04 22:29:09.322432: Step 1340: Train accuracy = 78.0%
I0204 22:29:09.322511 140545278417792 retrain.py:1082] 2020-02-04 22:29:09.322432: Step 1340: Train accuracy = 78.0%
INFO:tensorflow:2020-02-04 22:29:09.322679: Step 1340: Cross entropy = 0.569712
I0204 22:29:09.322710 140545278417792 retrain.py:1084] 2020-02-04 22:29:09.322679: Step 1340: Cross entropy = 0.569712
INFO:tensorflow:2020-02-04 22:29:09.395348: Step 1340: Validation accuracy = 36.0% (N=100)
I0204 22:29:09.395418 140545278417792 retrain.py:1100] 2020-02-04 22:29:09.395348: Step 1340: Validation accuracy = 36.0% (N=100)
INFO:tensorflow:2020-02-04 22:29:10.131543: Step 1350: Train accuracy = 84.0%
I0204 22:29:10.131640 140545278417792 retrain.py:1082] 2020-02-04 22:29:10.131543: Step 1350: Train accuracy = 84.0%
INFO:tensorflow:2020-02-04 22:29:10.131786: Step 1350: Cross entropy = 0.539392
I0204 22:29:10.131820 140545278417792 retrain.py:1084] 2020-02-04 22:29:10.131786: Step 1350: Cross entropy = 0.539392
INFO:tensorflow:2020-02-04 22:29:10.204410: Step 1350: Validation accuracy = 36.0% (N=100)
I0204 22:29:10.204479 140545278417792 retrain.py:1100] 2020-02-04 22:29:10.204410: Step 1350: Validation accuracy = 36.0% (N=100)
INFO:tensorflow:2020-02-04 22:29:10.934312: Step 1360: Train accuracy = 79.0%
I0204 22:29:10.934383 140545278417792 retrain.py:1082] 2020-02-04 22:29:10.934312: Step 1360: Train accuracy = 79.0%
INFO:tensorflow:2020-02-04 22:29:10.934537: Step 1360: Cross entropy = 0.574839
I0204 22:29:10.934559 140545278417792 retrain.py:1084] 2020-02-04 22:29:10.934537: Step 1360: Cross entropy = 0.574839
INFO:tensorflow:2020-02-04 22:29:11.003463: Step 1360: Validation accuracy = 33.0% (N=100)
I0204 22:29:11.003544 140545278417792 retrain.py:1100] 2020-02-04 22:29:11.003463: Step 1360: Validation accuracy = 33.0% (N=100)
INFO:tensorflow:2020-02-04 22:29:11.741878: Step 1370: Train accuracy = 77.0%
I0204 22:29:11.741969 140545278417792 retrain.py:1082] 2020-02-04 22:29:11.741878: Step 1370: Train accuracy = 77.0%
INFO:tensorflow:2020-02-04 22:29:11.742127: Step 1370: Cross entropy = 0.562368
I0204 22:29:11.742158 140545278417792 retrain.py:1084] 2020-02-04 22:29:11.742127: Step 1370: Cross entropy = 0.562368
INFO:tensorflow:2020-02-04 22:29:11.813986: Step 1370: Validation accuracy = 38.0% (N=100)
I0204 22:29:11.814058 140545278417792 retrain.py:1100] 2020-02-04 22:29:11.813986: Step 1370: Validation accuracy = 38.0% (N=100)
INFO:tensorflow:2020-02-04 22:29:12.546249: Step 1380: Train accuracy = 77.0%
I0204 22:29:12.546304 140545278417792 retrain.py:1082] 2020-02-04 22:29:12.546249: Step 1380: Train accuracy = 77.0%
INFO:tensorflow:2020-02-04 22:29:12.546458: Step 1380: Cross entropy = 0.556290
I0204 22:29:12.546483 140545278417792 retrain.py:1084] 2020-02-04 22:29:12.546458: Step 1380: Cross entropy = 0.556290
INFO:tensorflow:2020-02-04 22:29:12.619860: Step 1380: Validation accuracy = 33.0% (N=100)
I0204 22:29:12.619928 140545278417792 retrain.py:1100] 2020-02-04 22:29:12.619860: Step 1380: Validation accuracy = 33.0% (N=100)
INFO:tensorflow:2020-02-04 22:29:13.352551: Step 1390: Train accuracy = 78.0%
I0204 22:29:13.352616 140545278417792 retrain.py:1082] 2020-02-04 22:29:13.352551: Step 1390: Train accuracy = 78.0%
INFO:tensorflow:2020-02-04 22:29:13.352785: Step 1390: Cross entropy = 0.529087
I0204 22:29:13.352805 140545278417792 retrain.py:1084] 2020-02-04 22:29:13.352785: Step 1390: Cross entropy = 0.529087
INFO:tensorflow:2020-02-04 22:29:13.425524: Step 1390: Validation accuracy = 33.0% (N=100)
I0204 22:29:13.425619 140545278417792 retrain.py:1100] 2020-02-04 22:29:13.425524: Step 1390: Validation accuracy = 33.0% (N=100)
INFO:tensorflow:2020-02-04 22:29:14.181301: Step 1400: Train accuracy = 82.0%
I0204 22:29:14.181374 140545278417792 retrain.py:1082] 2020-02-04 22:29:14.181301: Step 1400: Train accuracy = 82.0%
INFO:tensorflow:2020-02-04 22:29:14.181574: Step 1400: Cross entropy = 0.520342
I0204 22:29:14.181594 140545278417792 retrain.py:1084] 2020-02-04 22:29:14.181574: Step 1400: Cross entropy = 0.520342
INFO:tensorflow:2020-02-04 22:29:14.286930: Step 1400: Validation accuracy = 51.0% (N=100)
I0204 22:29:14.287037 140545278417792 retrain.py:1100] 2020-02-04 22:29:14.286930: Step 1400: Validation accuracy = 51.0% (N=100)
INFO:tensorflow:2020-02-04 22:29:15.031922: Step 1410: Train accuracy = 80.0%
I0204 22:29:15.032011 140545278417792 retrain.py:1082] 2020-02-04 22:29:15.031922: Step 1410: Train accuracy = 80.0%
INFO:tensorflow:2020-02-04 22:29:15.032158: Step 1410: Cross entropy = 0.537708
I0204 22:29:15.032177 140545278417792 retrain.py:1084] 2020-02-04 22:29:15.032158: Step 1410: Cross entropy = 0.537708
INFO:tensorflow:2020-02-04 22:29:15.106167: Step 1410: Validation accuracy = 43.0% (N=100)
I0204 22:29:15.106240 140545278417792 retrain.py:1100] 2020-02-04 22:29:15.106167: Step 1410: Validation accuracy = 43.0% (N=100)
INFO:tensorflow:2020-02-04 22:29:15.849385: Step 1420: Train accuracy = 73.0%
I0204 22:29:15.849467 140545278417792 retrain.py:1082] 2020-02-04 22:29:15.849385: Step 1420: Train accuracy = 73.0%
INFO:tensorflow:2020-02-04 22:29:15.849606: Step 1420: Cross entropy = 0.562607
I0204 22:29:15.849637 140545278417792 retrain.py:1084] 2020-02-04 22:29:15.849606: Step 1420: Cross entropy = 0.562607
INFO:tensorflow:2020-02-04 22:29:15.920167: Step 1420: Validation accuracy = 33.0% (N=100)
I0204 22:29:15.920249 140545278417792 retrain.py:1100] 2020-02-04 22:29:15.920167: Step 1420: Validation accuracy = 33.0% (N=100)
INFO:tensorflow:2020-02-04 22:29:16.666122: Step 1430: Train accuracy = 79.0%
I0204 22:29:16.666180 140545278417792 retrain.py:1082] 2020-02-04 22:29:16.666122: Step 1430: Train accuracy = 79.0%
INFO:tensorflow:2020-02-04 22:29:16.666368: Step 1430: Cross entropy = 0.534982
I0204 22:29:16.666392 140545278417792 retrain.py:1084] 2020-02-04 22:29:16.666368: Step 1430: Cross entropy = 0.534982
INFO:tensorflow:2020-02-04 22:29:16.738729: Step 1430: Validation accuracy = 36.0% (N=100)
I0204 22:29:16.738801 140545278417792 retrain.py:1100] 2020-02-04 22:29:16.738729: Step 1430: Validation accuracy = 36.0% (N=100)
INFO:tensorflow:2020-02-04 22:29:17.480547: Step 1440: Train accuracy = 81.0%
I0204 22:29:17.480601 140545278417792 retrain.py:1082] 2020-02-04 22:29:17.480547: Step 1440: Train accuracy = 81.0%
INFO:tensorflow:2020-02-04 22:29:17.480757: Step 1440: Cross entropy = 0.531100
I0204 22:29:17.480783 140545278417792 retrain.py:1084] 2020-02-04 22:29:17.480757: Step 1440: Cross entropy = 0.531100
INFO:tensorflow:2020-02-04 22:29:17.552368: Step 1440: Validation accuracy = 44.0% (N=100)
I0204 22:29:17.552426 140545278417792 retrain.py:1100] 2020-02-04 22:29:17.552368: Step 1440: Validation accuracy = 44.0% (N=100)
INFO:tensorflow:2020-02-04 22:29:18.310718: Step 1450: Train accuracy = 78.0%
I0204 22:29:18.310796 140545278417792 retrain.py:1082] 2020-02-04 22:29:18.310718: Step 1450: Train accuracy = 78.0%
INFO:tensorflow:2020-02-04 22:29:18.310962: Step 1450: Cross entropy = 0.554108
I0204 22:29:18.310977 140545278417792 retrain.py:1084] 2020-02-04 22:29:18.310962: Step 1450: Cross entropy = 0.554108
INFO:tensorflow:2020-02-04 22:29:18.385523: Step 1450: Validation accuracy = 39.0% (N=100)
I0204 22:29:18.385581 140545278417792 retrain.py:1100] 2020-02-04 22:29:18.385523: Step 1450: Validation accuracy = 39.0% (N=100)
INFO:tensorflow:2020-02-04 22:29:19.121269: Step 1460: Train accuracy = 83.0%
I0204 22:29:19.121326 140545278417792 retrain.py:1082] 2020-02-04 22:29:19.121269: Step 1460: Train accuracy = 83.0%
INFO:tensorflow:2020-02-04 22:29:19.121524: Step 1460: Cross entropy = 0.536144
I0204 22:29:19.121547 140545278417792 retrain.py:1084] 2020-02-04 22:29:19.121524: Step 1460: Cross entropy = 0.536144
INFO:tensorflow:2020-02-04 22:29:19.193919: Step 1460: Validation accuracy = 22.0% (N=100)
I0204 22:29:19.193978 140545278417792 retrain.py:1100] 2020-02-04 22:29:19.193919: Step 1460: Validation accuracy = 22.0% (N=100)
INFO:tensorflow:2020-02-04 22:29:19.935275: Step 1470: Train accuracy = 80.0%
I0204 22:29:19.935355 140545278417792 retrain.py:1082] 2020-02-04 22:29:19.935275: Step 1470: Train accuracy = 80.0%
INFO:tensorflow:2020-02-04 22:29:19.935523: Step 1470: Cross entropy = 0.552060
I0204 22:29:19.935543 140545278417792 retrain.py:1084] 2020-02-04 22:29:19.935523: Step 1470: Cross entropy = 0.552060
INFO:tensorflow:2020-02-04 22:29:20.007873: Step 1470: Validation accuracy = 47.0% (N=100)
I0204 22:29:20.007930 140545278417792 retrain.py:1100] 2020-02-04 22:29:20.007873: Step 1470: Validation accuracy = 47.0% (N=100)
INFO:tensorflow:2020-02-04 22:29:20.753538: Step 1480: Train accuracy = 85.0%
I0204 22:29:20.753597 140545278417792 retrain.py:1082] 2020-02-04 22:29:20.753538: Step 1480: Train accuracy = 85.0%
INFO:tensorflow:2020-02-04 22:29:20.753766: Step 1480: Cross entropy = 0.484629
I0204 22:29:20.753780 140545278417792 retrain.py:1084] 2020-02-04 22:29:20.753766: Step 1480: Cross entropy = 0.484629
INFO:tensorflow:2020-02-04 22:29:20.825229: Step 1480: Validation accuracy = 40.0% (N=100)
I0204 22:29:20.825306 140545278417792 retrain.py:1100] 2020-02-04 22:29:20.825229: Step 1480: Validation accuracy = 40.0% (N=100)
INFO:tensorflow:2020-02-04 22:29:21.557062: Step 1490: Train accuracy = 70.0%
I0204 22:29:21.557131 140545278417792 retrain.py:1082] 2020-02-04 22:29:21.557062: Step 1490: Train accuracy = 70.0%
INFO:tensorflow:2020-02-04 22:29:21.557312: Step 1490: Cross entropy = 0.589000
I0204 22:29:21.557339 140545278417792 retrain.py:1084] 2020-02-04 22:29:21.557312: Step 1490: Cross entropy = 0.589000
INFO:tensorflow:2020-02-04 22:29:21.631000: Step 1490: Validation accuracy = 31.0% (N=100)
I0204 22:29:21.631059 140545278417792 retrain.py:1100] 2020-02-04 22:29:21.631000: Step 1490: Validation accuracy = 31.0% (N=100)
INFO:tensorflow:2020-02-04 22:29:22.367184: Step 1500: Train accuracy = 83.0%
I0204 22:29:22.367240 140545278417792 retrain.py:1082] 2020-02-04 22:29:22.367184: Step 1500: Train accuracy = 83.0%
INFO:tensorflow:2020-02-04 22:29:22.367398: Step 1500: Cross entropy = 0.528715
I0204 22:29:22.367417 140545278417792 retrain.py:1084] 2020-02-04 22:29:22.367398: Step 1500: Cross entropy = 0.528715
INFO:tensorflow:2020-02-04 22:29:22.446793: Step 1500: Validation accuracy = 44.0% (N=100)
I0204 22:29:22.446861 140545278417792 retrain.py:1100] 2020-02-04 22:29:22.446793: Step 1500: Validation accuracy = 44.0% (N=100)
INFO:tensorflow:2020-02-04 22:29:23.190560: Step 1510: Train accuracy = 85.0%
I0204 22:29:23.190631 140545278417792 retrain.py:1082] 2020-02-04 22:29:23.190560: Step 1510: Train accuracy = 85.0%
INFO:tensorflow:2020-02-04 22:29:23.190810: Step 1510: Cross entropy = 0.537011
I0204 22:29:23.190831 140545278417792 retrain.py:1084] 2020-02-04 22:29:23.190810: Step 1510: Cross entropy = 0.537011
INFO:tensorflow:2020-02-04 22:29:23.261100: Step 1510: Validation accuracy = 36.0% (N=100)
I0204 22:29:23.261156 140545278417792 retrain.py:1100] 2020-02-04 22:29:23.261100: Step 1510: Validation accuracy = 36.0% (N=100)
INFO:tensorflow:2020-02-04 22:29:23.992786: Step 1520: Train accuracy = 78.0%
I0204 22:29:23.992842 140545278417792 retrain.py:1082] 2020-02-04 22:29:23.992786: Step 1520: Train accuracy = 78.0%
INFO:tensorflow:2020-02-04 22:29:23.993028: Step 1520: Cross entropy = 0.565850
I0204 22:29:23.993043 140545278417792 retrain.py:1084] 2020-02-04 22:29:23.993028: Step 1520: Cross entropy = 0.565850
INFO:tensorflow:2020-02-04 22:29:24.067025: Step 1520: Validation accuracy = 47.0% (N=100)
I0204 22:29:24.067082 140545278417792 retrain.py:1100] 2020-02-04 22:29:24.067025: Step 1520: Validation accuracy = 47.0% (N=100)
INFO:tensorflow:2020-02-04 22:29:24.799793: Step 1530: Train accuracy = 71.0%
I0204 22:29:24.799858 140545278417792 retrain.py:1082] 2020-02-04 22:29:24.799793: Step 1530: Train accuracy = 71.0%
INFO:tensorflow:2020-02-04 22:29:24.800028: Step 1530: Cross entropy = 0.545360
I0204 22:29:24.800048 140545278417792 retrain.py:1084] 2020-02-04 22:29:24.800028: Step 1530: Cross entropy = 0.545360
INFO:tensorflow:2020-02-04 22:29:24.869661: Step 1530: Validation accuracy = 33.0% (N=100)
I0204 22:29:24.869729 140545278417792 retrain.py:1100] 2020-02-04 22:29:24.869661: Step 1530: Validation accuracy = 33.0% (N=100)
INFO:tensorflow:2020-02-04 22:29:25.613888: Step 1540: Train accuracy = 76.0%
I0204 22:29:25.613969 140545278417792 retrain.py:1082] 2020-02-04 22:29:25.613888: Step 1540: Train accuracy = 76.0%
INFO:tensorflow:2020-02-04 22:29:25.614155: Step 1540: Cross entropy = 0.544976
I0204 22:29:25.614171 140545278417792 retrain.py:1084] 2020-02-04 22:29:25.614155: Step 1540: Cross entropy = 0.544976
INFO:tensorflow:2020-02-04 22:29:25.687088: Step 1540: Validation accuracy = 45.0% (N=100)
I0204 22:29:25.687157 140545278417792 retrain.py:1100] 2020-02-04 22:29:25.687088: Step 1540: Validation accuracy = 45.0% (N=100)
INFO:tensorflow:2020-02-04 22:29:26.425930: Step 1550: Train accuracy = 75.0%
I0204 22:29:26.425997 140545278417792 retrain.py:1082] 2020-02-04 22:29:26.425930: Step 1550: Train accuracy = 75.0%
INFO:tensorflow:2020-02-04 22:29:26.426141: Step 1550: Cross entropy = 0.588549
I0204 22:29:26.426166 140545278417792 retrain.py:1084] 2020-02-04 22:29:26.426141: Step 1550: Cross entropy = 0.588549
INFO:tensorflow:2020-02-04 22:29:26.496264: Step 1550: Validation accuracy = 38.0% (N=100)
I0204 22:29:26.496324 140545278417792 retrain.py:1100] 2020-02-04 22:29:26.496264: Step 1550: Validation accuracy = 38.0% (N=100)
INFO:tensorflow:2020-02-04 22:29:27.230662: Step 1560: Train accuracy = 75.0%
I0204 22:29:27.230729 140545278417792 retrain.py:1082] 2020-02-04 22:29:27.230662: Step 1560: Train accuracy = 75.0%
INFO:tensorflow:2020-02-04 22:29:27.230890: Step 1560: Cross entropy = 0.557731
I0204 22:29:27.230908 140545278417792 retrain.py:1084] 2020-02-04 22:29:27.230890: Step 1560: Cross entropy = 0.557731
INFO:tensorflow:2020-02-04 22:29:27.303799: Step 1560: Validation accuracy = 47.0% (N=100)
I0204 22:29:27.303856 140545278417792 retrain.py:1100] 2020-02-04 22:29:27.303799: Step 1560: Validation accuracy = 47.0% (N=100)
INFO:tensorflow:2020-02-04 22:29:28.039742: Step 1570: Train accuracy = 75.0%
I0204 22:29:28.039801 140545278417792 retrain.py:1082] 2020-02-04 22:29:28.039742: Step 1570: Train accuracy = 75.0%
INFO:tensorflow:2020-02-04 22:29:28.039970: Step 1570: Cross entropy = 0.577307
I0204 22:29:28.039988 140545278417792 retrain.py:1084] 2020-02-04 22:29:28.039970: Step 1570: Cross entropy = 0.577307
INFO:tensorflow:2020-02-04 22:29:28.113460: Step 1570: Validation accuracy = 36.0% (N=100)
I0204 22:29:28.113520 140545278417792 retrain.py:1100] 2020-02-04 22:29:28.113460: Step 1570: Validation accuracy = 36.0% (N=100)
INFO:tensorflow:2020-02-04 22:29:28.853487: Step 1580: Train accuracy = 80.0%
I0204 22:29:28.853557 140545278417792 retrain.py:1082] 2020-02-04 22:29:28.853487: Step 1580: Train accuracy = 80.0%
INFO:tensorflow:2020-02-04 22:29:28.853741: Step 1580: Cross entropy = 0.532249
I0204 22:29:28.853775 140545278417792 retrain.py:1084] 2020-02-04 22:29:28.853741: Step 1580: Cross entropy = 0.532249
INFO:tensorflow:2020-02-04 22:29:28.922721: Step 1580: Validation accuracy = 38.0% (N=100)
I0204 22:29:28.922827 140545278417792 retrain.py:1100] 2020-02-04 22:29:28.922721: Step 1580: Validation accuracy = 38.0% (N=100)
INFO:tensorflow:2020-02-04 22:29:29.668562: Step 1590: Train accuracy = 78.0%
I0204 22:29:29.668632 140545278417792 retrain.py:1082] 2020-02-04 22:29:29.668562: Step 1590: Train accuracy = 78.0%
INFO:tensorflow:2020-02-04 22:29:29.668819: Step 1590: Cross entropy = 0.518017
I0204 22:29:29.668838 140545278417792 retrain.py:1084] 2020-02-04 22:29:29.668819: Step 1590: Cross entropy = 0.518017
INFO:tensorflow:2020-02-04 22:29:29.739875: Step 1590: Validation accuracy = 42.0% (N=100)
I0204 22:29:29.739933 140545278417792 retrain.py:1100] 2020-02-04 22:29:29.739875: Step 1590: Validation accuracy = 42.0% (N=100)
INFO:tensorflow:2020-02-04 22:29:30.474003: Step 1600: Train accuracy = 79.0%
I0204 22:29:30.474084 140545278417792 retrain.py:1082] 2020-02-04 22:29:30.474003: Step 1600: Train accuracy = 79.0%
INFO:tensorflow:2020-02-04 22:29:30.474224: Step 1600: Cross entropy = 0.536662
I0204 22:29:30.474272 140545278417792 retrain.py:1084] 2020-02-04 22:29:30.474224: Step 1600: Cross entropy = 0.536662
INFO:tensorflow:2020-02-04 22:29:30.544504: Step 1600: Validation accuracy = 41.0% (N=100)
I0204 22:29:30.544565 140545278417792 retrain.py:1100] 2020-02-04 22:29:30.544504: Step 1600: Validation accuracy = 41.0% (N=100)
INFO:tensorflow:2020-02-04 22:29:31.276289: Step 1610: Train accuracy = 75.0%
I0204 22:29:31.276346 140545278417792 retrain.py:1082] 2020-02-04 22:29:31.276289: Step 1610: Train accuracy = 75.0%
INFO:tensorflow:2020-02-04 22:29:31.276524: Step 1610: Cross entropy = 0.553158
I0204 22:29:31.276546 140545278417792 retrain.py:1084] 2020-02-04 22:29:31.276524: Step 1610: Cross entropy = 0.553158
INFO:tensorflow:2020-02-04 22:29:31.347434: Step 1610: Validation accuracy = 37.0% (N=100)
I0204 22:29:31.347492 140545278417792 retrain.py:1100] 2020-02-04 22:29:31.347434: Step 1610: Validation accuracy = 37.0% (N=100)
INFO:tensorflow:2020-02-04 22:29:32.093487: Step 1620: Train accuracy = 81.0%
I0204 22:29:32.093560 140545278417792 retrain.py:1082] 2020-02-04 22:29:32.093487: Step 1620: Train accuracy = 81.0%
INFO:tensorflow:2020-02-04 22:29:32.093749: Step 1620: Cross entropy = 0.509727
I0204 22:29:32.093767 140545278417792 retrain.py:1084] 2020-02-04 22:29:32.093749: Step 1620: Cross entropy = 0.509727
INFO:tensorflow:2020-02-04 22:29:32.164390: Step 1620: Validation accuracy = 39.0% (N=100)
I0204 22:29:32.164448 140545278417792 retrain.py:1100] 2020-02-04 22:29:32.164390: Step 1620: Validation accuracy = 39.0% (N=100)
INFO:tensorflow:2020-02-04 22:29:32.900465: Step 1630: Train accuracy = 70.0%
I0204 22:29:32.900522 140545278417792 retrain.py:1082] 2020-02-04 22:29:32.900465: Step 1630: Train accuracy = 70.0%
INFO:tensorflow:2020-02-04 22:29:32.900714: Step 1630: Cross entropy = 0.547655
I0204 22:29:32.900735 140545278417792 retrain.py:1084] 2020-02-04 22:29:32.900714: Step 1630: Cross entropy = 0.547655
INFO:tensorflow:2020-02-04 22:29:32.972119: Step 1630: Validation accuracy = 35.0% (N=100)
I0204 22:29:32.972185 140545278417792 retrain.py:1100] 2020-02-04 22:29:32.972119: Step 1630: Validation accuracy = 35.0% (N=100)
INFO:tensorflow:2020-02-04 22:29:33.711989: Step 1640: Train accuracy = 82.0%
I0204 22:29:33.712068 140545278417792 retrain.py:1082] 2020-02-04 22:29:33.711989: Step 1640: Train accuracy = 82.0%
INFO:tensorflow:2020-02-04 22:29:33.712199: Step 1640: Cross entropy = 0.532535
I0204 22:29:33.712228 140545278417792 retrain.py:1084] 2020-02-04 22:29:33.712199: Step 1640: Cross entropy = 0.532535
INFO:tensorflow:2020-02-04 22:29:33.782455: Step 1640: Validation accuracy = 29.0% (N=100)
I0204 22:29:33.782535 140545278417792 retrain.py:1100] 2020-02-04 22:29:33.782455: Step 1640: Validation accuracy = 29.0% (N=100)
INFO:tensorflow:2020-02-04 22:29:34.518245: Step 1650: Train accuracy = 80.0%
I0204 22:29:34.518313 140545278417792 retrain.py:1082] 2020-02-04 22:29:34.518245: Step 1650: Train accuracy = 80.0%
INFO:tensorflow:2020-02-04 22:29:34.518483: Step 1650: Cross entropy = 0.521834
I0204 22:29:34.518506 140545278417792 retrain.py:1084] 2020-02-04 22:29:34.518483: Step 1650: Cross entropy = 0.521834
INFO:tensorflow:2020-02-04 22:29:34.588850: Step 1650: Validation accuracy = 30.0% (N=100)
I0204 22:29:34.588907 140545278417792 retrain.py:1100] 2020-02-04 22:29:34.588850: Step 1650: Validation accuracy = 30.0% (N=100)
INFO:tensorflow:2020-02-04 22:29:35.330927: Step 1660: Train accuracy = 71.0%
I0204 22:29:35.330984 140545278417792 retrain.py:1082] 2020-02-04 22:29:35.330927: Step 1660: Train accuracy = 71.0%
INFO:tensorflow:2020-02-04 22:29:35.331167: Step 1660: Cross entropy = 0.547622
I0204 22:29:35.331190 140545278417792 retrain.py:1084] 2020-02-04 22:29:35.331167: Step 1660: Cross entropy = 0.547622
INFO:tensorflow:2020-02-04 22:29:35.405021: Step 1660: Validation accuracy = 42.0% (N=100)
I0204 22:29:35.405076 140545278417792 retrain.py:1100] 2020-02-04 22:29:35.405021: Step 1660: Validation accuracy = 42.0% (N=100)
INFO:tensorflow:2020-02-04 22:29:36.146079: Step 1670: Train accuracy = 74.0%
I0204 22:29:36.146162 140545278417792 retrain.py:1082] 2020-02-04 22:29:36.146079: Step 1670: Train accuracy = 74.0%
INFO:tensorflow:2020-02-04 22:29:36.146302: Step 1670: Cross entropy = 0.547295
I0204 22:29:36.146321 140545278417792 retrain.py:1084] 2020-02-04 22:29:36.146302: Step 1670: Cross entropy = 0.547295
INFO:tensorflow:2020-02-04 22:29:36.218761: Step 1670: Validation accuracy = 37.0% (N=100)
I0204 22:29:36.218818 140545278417792 retrain.py:1100] 2020-02-04 22:29:36.218761: Step 1670: Validation accuracy = 37.0% (N=100)
INFO:tensorflow:2020-02-04 22:29:36.943954: Step 1680: Train accuracy = 76.0%
I0204 22:29:36.944010 140545278417792 retrain.py:1082] 2020-02-04 22:29:36.943954: Step 1680: Train accuracy = 76.0%
INFO:tensorflow:2020-02-04 22:29:36.944193: Step 1680: Cross entropy = 0.528919
I0204 22:29:36.944212 140545278417792 retrain.py:1084] 2020-02-04 22:29:36.944193: Step 1680: Cross entropy = 0.528919
INFO:tensorflow:2020-02-04 22:29:37.014922: Step 1680: Validation accuracy = 33.0% (N=100)
I0204 22:29:37.014994 140545278417792 retrain.py:1100] 2020-02-04 22:29:37.014922: Step 1680: Validation accuracy = 33.0% (N=100)
INFO:tensorflow:2020-02-04 22:29:37.755460: Step 1690: Train accuracy = 80.0%
I0204 22:29:37.755517 140545278417792 retrain.py:1082] 2020-02-04 22:29:37.755460: Step 1690: Train accuracy = 80.0%
INFO:tensorflow:2020-02-04 22:29:37.755705: Step 1690: Cross entropy = 0.515574
I0204 22:29:37.755725 140545278417792 retrain.py:1084] 2020-02-04 22:29:37.755705: Step 1690: Cross entropy = 0.515574
INFO:tensorflow:2020-02-04 22:29:37.828458: Step 1690: Validation accuracy = 55.0% (N=100)
I0204 22:29:37.828538 140545278417792 retrain.py:1100] 2020-02-04 22:29:37.828458: Step 1690: Validation accuracy = 55.0% (N=100)
INFO:tensorflow:2020-02-04 22:29:38.564420: Step 1700: Train accuracy = 77.0%
I0204 22:29:38.564476 140545278417792 retrain.py:1082] 2020-02-04 22:29:38.564420: Step 1700: Train accuracy = 77.0%
INFO:tensorflow:2020-02-04 22:29:38.564658: Step 1700: Cross entropy = 0.553349
I0204 22:29:38.564679 140545278417792 retrain.py:1084] 2020-02-04 22:29:38.564658: Step 1700: Cross entropy = 0.553349
INFO:tensorflow:2020-02-04 22:29:38.637579: Step 1700: Validation accuracy = 27.0% (N=100)
I0204 22:29:38.637650 140545278417792 retrain.py:1100] 2020-02-04 22:29:38.637579: Step 1700: Validation accuracy = 27.0% (N=100)
INFO:tensorflow:2020-02-04 22:29:39.375544: Step 1710: Train accuracy = 70.0%
I0204 22:29:39.375612 140545278417792 retrain.py:1082] 2020-02-04 22:29:39.375544: Step 1710: Train accuracy = 70.0%
INFO:tensorflow:2020-02-04 22:29:39.375771: Step 1710: Cross entropy = 0.559988
I0204 22:29:39.375789 140545278417792 retrain.py:1084] 2020-02-04 22:29:39.375771: Step 1710: Cross entropy = 0.559988
INFO:tensorflow:2020-02-04 22:29:39.448638: Step 1710: Validation accuracy = 43.0% (N=100)
I0204 22:29:39.448719 140545278417792 retrain.py:1100] 2020-02-04 22:29:39.448638: Step 1710: Validation accuracy = 43.0% (N=100)
INFO:tensorflow:2020-02-04 22:29:40.192575: Step 1720: Train accuracy = 79.0%
I0204 22:29:40.192648 140545278417792 retrain.py:1082] 2020-02-04 22:29:40.192575: Step 1720: Train accuracy = 79.0%
INFO:tensorflow:2020-02-04 22:29:40.192798: Step 1720: Cross entropy = 0.551707
I0204 22:29:40.192826 140545278417792 retrain.py:1084] 2020-02-04 22:29:40.192798: Step 1720: Cross entropy = 0.551707
INFO:tensorflow:2020-02-04 22:29:40.265293: Step 1720: Validation accuracy = 36.0% (N=100)
I0204 22:29:40.265359 140545278417792 retrain.py:1100] 2020-02-04 22:29:40.265293: Step 1720: Validation accuracy = 36.0% (N=100)
INFO:tensorflow:2020-02-04 22:29:41.073559: Step 1730: Train accuracy = 74.0%
I0204 22:29:41.073640 140545278417792 retrain.py:1082] 2020-02-04 22:29:41.073559: Step 1730: Train accuracy = 74.0%
INFO:tensorflow:2020-02-04 22:29:41.073816: Step 1730: Cross entropy = 0.561294
I0204 22:29:41.073861 140545278417792 retrain.py:1084] 2020-02-04 22:29:41.073816: Step 1730: Cross entropy = 0.561294
INFO:tensorflow:2020-02-04 22:29:41.148239: Step 1730: Validation accuracy = 54.0% (N=100)
I0204 22:29:41.148310 140545278417792 retrain.py:1100] 2020-02-04 22:29:41.148239: Step 1730: Validation accuracy = 54.0% (N=100)
INFO:tensorflow:2020-02-04 22:29:41.902152: Step 1740: Train accuracy = 84.0%
I0204 22:29:41.902289 140545278417792 retrain.py:1082] 2020-02-04 22:29:41.902152: Step 1740: Train accuracy = 84.0%
INFO:tensorflow:2020-02-04 22:29:41.902483: Step 1740: Cross entropy = 0.504329
I0204 22:29:41.902508 140545278417792 retrain.py:1084] 2020-02-04 22:29:41.902483: Step 1740: Cross entropy = 0.504329
INFO:tensorflow:2020-02-04 22:29:41.979283: Step 1740: Validation accuracy = 41.0% (N=100)
I0204 22:29:41.979342 140545278417792 retrain.py:1100] 2020-02-04 22:29:41.979283: Step 1740: Validation accuracy = 41.0% (N=100)
INFO:tensorflow:2020-02-04 22:29:42.728340: Step 1750: Train accuracy = 79.0%
I0204 22:29:42.728410 140545278417792 retrain.py:1082] 2020-02-04 22:29:42.728340: Step 1750: Train accuracy = 79.0%
INFO:tensorflow:2020-02-04 22:29:42.728599: Step 1750: Cross entropy = 0.537924
I0204 22:29:42.728620 140545278417792 retrain.py:1084] 2020-02-04 22:29:42.728599: Step 1750: Cross entropy = 0.537924
INFO:tensorflow:2020-02-04 22:29:42.800951: Step 1750: Validation accuracy = 51.0% (N=100)
I0204 22:29:42.801009 140545278417792 retrain.py:1100] 2020-02-04 22:29:42.800951: Step 1750: Validation accuracy = 51.0% (N=100)
INFO:tensorflow:2020-02-04 22:29:43.545690: Step 1760: Train accuracy = 81.0%
I0204 22:29:43.545770 140545278417792 retrain.py:1082] 2020-02-04 22:29:43.545690: Step 1760: Train accuracy = 81.0%
INFO:tensorflow:2020-02-04 22:29:43.545962: Step 1760: Cross entropy = 0.510334
I0204 22:29:43.545993 140545278417792 retrain.py:1084] 2020-02-04 22:29:43.545962: Step 1760: Cross entropy = 0.510334
INFO:tensorflow:2020-02-04 22:29:43.617606: Step 1760: Validation accuracy = 53.0% (N=100)
I0204 22:29:43.617665 140545278417792 retrain.py:1100] 2020-02-04 22:29:43.617606: Step 1760: Validation accuracy = 53.0% (N=100)
INFO:tensorflow:2020-02-04 22:29:44.360465: Step 1770: Train accuracy = 82.0%
I0204 22:29:44.360558 140545278417792 retrain.py:1082] 2020-02-04 22:29:44.360465: Step 1770: Train accuracy = 82.0%
INFO:tensorflow:2020-02-04 22:29:44.360716: Step 1770: Cross entropy = 0.519545
I0204 22:29:44.360735 140545278417792 retrain.py:1084] 2020-02-04 22:29:44.360716: Step 1770: Cross entropy = 0.519545
INFO:tensorflow:2020-02-04 22:29:44.430940: Step 1770: Validation accuracy = 45.0% (N=100)
I0204 22:29:44.431010 140545278417792 retrain.py:1100] 2020-02-04 22:29:44.430940: Step 1770: Validation accuracy = 45.0% (N=100)
INFO:tensorflow:2020-02-04 22:29:45.176449: Step 1780: Train accuracy = 81.0%
I0204 22:29:45.176521 140545278417792 retrain.py:1082] 2020-02-04 22:29:45.176449: Step 1780: Train accuracy = 81.0%
INFO:tensorflow:2020-02-04 22:29:45.176676: Step 1780: Cross entropy = 0.492503
I0204 22:29:45.176692 140545278417792 retrain.py:1084] 2020-02-04 22:29:45.176676: Step 1780: Cross entropy = 0.492503
INFO:tensorflow:2020-02-04 22:29:45.246586: Step 1780: Validation accuracy = 47.0% (N=100)
I0204 22:29:45.246650 140545278417792 retrain.py:1100] 2020-02-04 22:29:45.246586: Step 1780: Validation accuracy = 47.0% (N=100)
INFO:tensorflow:2020-02-04 22:29:45.988647: Step 1790: Train accuracy = 79.0%
I0204 22:29:45.988706 140545278417792 retrain.py:1082] 2020-02-04 22:29:45.988647: Step 1790: Train accuracy = 79.0%
INFO:tensorflow:2020-02-04 22:29:45.989055: Step 1790: Cross entropy = 0.511125
I0204 22:29:45.989091 140545278417792 retrain.py:1084] 2020-02-04 22:29:45.989055: Step 1790: Cross entropy = 0.511125
INFO:tensorflow:2020-02-04 22:29:46.064431: Step 1790: Validation accuracy = 33.0% (N=100)
I0204 22:29:46.064490 140545278417792 retrain.py:1100] 2020-02-04 22:29:46.064431: Step 1790: Validation accuracy = 33.0% (N=100)
INFO:tensorflow:2020-02-04 22:29:46.806291: Step 1800: Train accuracy = 79.0%
I0204 22:29:46.806366 140545278417792 retrain.py:1082] 2020-02-04 22:29:46.806291: Step 1800: Train accuracy = 79.0%
INFO:tensorflow:2020-02-04 22:29:46.806540: Step 1800: Cross entropy = 0.545761
I0204 22:29:46.806556 140545278417792 retrain.py:1084] 2020-02-04 22:29:46.806540: Step 1800: Cross entropy = 0.545761
INFO:tensorflow:2020-02-04 22:29:46.878986: Step 1800: Validation accuracy = 49.0% (N=100)
I0204 22:29:46.879055 140545278417792 retrain.py:1100] 2020-02-04 22:29:46.878986: Step 1800: Validation accuracy = 49.0% (N=100)
INFO:tensorflow:2020-02-04 22:29:47.627160: Step 1810: Train accuracy = 73.0%
I0204 22:29:47.627218 140545278417792 retrain.py:1082] 2020-02-04 22:29:47.627160: Step 1810: Train accuracy = 73.0%
INFO:tensorflow:2020-02-04 22:29:47.627409: Step 1810: Cross entropy = 0.524636
I0204 22:29:47.627429 140545278417792 retrain.py:1084] 2020-02-04 22:29:47.627409: Step 1810: Cross entropy = 0.524636
INFO:tensorflow:2020-02-04 22:29:47.698217: Step 1810: Validation accuracy = 56.0% (N=100)
I0204 22:29:47.698301 140545278417792 retrain.py:1100] 2020-02-04 22:29:47.698217: Step 1810: Validation accuracy = 56.0% (N=100)
INFO:tensorflow:2020-02-04 22:29:48.441077: Step 1820: Train accuracy = 74.0%
I0204 22:29:48.441148 140545278417792 retrain.py:1082] 2020-02-04 22:29:48.441077: Step 1820: Train accuracy = 74.0%
INFO:tensorflow:2020-02-04 22:29:48.441335: Step 1820: Cross entropy = 0.551898
I0204 22:29:48.441359 140545278417792 retrain.py:1084] 2020-02-04 22:29:48.441335: Step 1820: Cross entropy = 0.551898
INFO:tensorflow:2020-02-04 22:29:48.513630: Step 1820: Validation accuracy = 44.0% (N=100)
I0204 22:29:48.513713 140545278417792 retrain.py:1100] 2020-02-04 22:29:48.513630: Step 1820: Validation accuracy = 44.0% (N=100)
INFO:tensorflow:2020-02-04 22:29:49.256231: Step 1830: Train accuracy = 76.0%
I0204 22:29:49.256288 140545278417792 retrain.py:1082] 2020-02-04 22:29:49.256231: Step 1830: Train accuracy = 76.0%
INFO:tensorflow:2020-02-04 22:29:49.256462: Step 1830: Cross entropy = 0.546349
I0204 22:29:49.256480 140545278417792 retrain.py:1084] 2020-02-04 22:29:49.256462: Step 1830: Cross entropy = 0.546349
INFO:tensorflow:2020-02-04 22:29:49.328965: Step 1830: Validation accuracy = 42.0% (N=100)
I0204 22:29:49.329035 140545278417792 retrain.py:1100] 2020-02-04 22:29:49.328965: Step 1830: Validation accuracy = 42.0% (N=100)
INFO:tensorflow:2020-02-04 22:29:50.081729: Step 1840: Train accuracy = 73.0%
I0204 22:29:50.081799 140545278417792 retrain.py:1082] 2020-02-04 22:29:50.081729: Step 1840: Train accuracy = 73.0%
INFO:tensorflow:2020-02-04 22:29:50.081988: Step 1840: Cross entropy = 0.562752
I0204 22:29:50.082002 140545278417792 retrain.py:1084] 2020-02-04 22:29:50.081988: Step 1840: Cross entropy = 0.562752
INFO:tensorflow:2020-02-04 22:29:50.161179: Step 1840: Validation accuracy = 36.0% (N=100)
I0204 22:29:50.161263 140545278417792 retrain.py:1100] 2020-02-04 22:29:50.161179: Step 1840: Validation accuracy = 36.0% (N=100)
INFO:tensorflow:2020-02-04 22:29:50.909061: Step 1850: Train accuracy = 83.0%
I0204 22:29:50.909118 140545278417792 retrain.py:1082] 2020-02-04 22:29:50.909061: Step 1850: Train accuracy = 83.0%
INFO:tensorflow:2020-02-04 22:29:50.909295: Step 1850: Cross entropy = 0.505835
I0204 22:29:50.909314 140545278417792 retrain.py:1084] 2020-02-04 22:29:50.909295: Step 1850: Cross entropy = 0.505835
INFO:tensorflow:2020-02-04 22:29:50.981274: Step 1850: Validation accuracy = 40.0% (N=100)
I0204 22:29:50.981356 140545278417792 retrain.py:1100] 2020-02-04 22:29:50.981274: Step 1850: Validation accuracy = 40.0% (N=100)
INFO:tensorflow:2020-02-04 22:29:51.727880: Step 1860: Train accuracy = 79.0%
I0204 22:29:51.727950 140545278417792 retrain.py:1082] 2020-02-04 22:29:51.727880: Step 1860: Train accuracy = 79.0%
INFO:tensorflow:2020-02-04 22:29:51.728117: Step 1860: Cross entropy = 0.545900
I0204 22:29:51.728139 140545278417792 retrain.py:1084] 2020-02-04 22:29:51.728117: Step 1860: Cross entropy = 0.545900
INFO:tensorflow:2020-02-04 22:29:51.799039: Step 1860: Validation accuracy = 34.0% (N=100)
I0204 22:29:51.799095 140545278417792 retrain.py:1100] 2020-02-04 22:29:51.799039: Step 1860: Validation accuracy = 34.0% (N=100)
INFO:tensorflow:2020-02-04 22:29:52.547525: Step 1870: Train accuracy = 76.0%
I0204 22:29:52.547583 140545278417792 retrain.py:1082] 2020-02-04 22:29:52.547525: Step 1870: Train accuracy = 76.0%
INFO:tensorflow:2020-02-04 22:29:52.547757: Step 1870: Cross entropy = 0.541976
I0204 22:29:52.547773 140545278417792 retrain.py:1084] 2020-02-04 22:29:52.547757: Step 1870: Cross entropy = 0.541976
INFO:tensorflow:2020-02-04 22:29:52.619546: Step 1870: Validation accuracy = 51.0% (N=100)
I0204 22:29:52.619623 140545278417792 retrain.py:1100] 2020-02-04 22:29:52.619546: Step 1870: Validation accuracy = 51.0% (N=100)
INFO:tensorflow:2020-02-04 22:29:53.354672: Step 1880: Train accuracy = 82.0%
I0204 22:29:53.354738 140545278417792 retrain.py:1082] 2020-02-04 22:29:53.354672: Step 1880: Train accuracy = 82.0%
INFO:tensorflow:2020-02-04 22:29:53.354906: Step 1880: Cross entropy = 0.508498
I0204 22:29:53.354924 140545278417792 retrain.py:1084] 2020-02-04 22:29:53.354906: Step 1880: Cross entropy = 0.508498
INFO:tensorflow:2020-02-04 22:29:53.428049: Step 1880: Validation accuracy = 36.0% (N=100)
I0204 22:29:53.428123 140545278417792 retrain.py:1100] 2020-02-04 22:29:53.428049: Step 1880: Validation accuracy = 36.0% (N=100)
INFO:tensorflow:2020-02-04 22:29:54.172590: Step 1890: Train accuracy = 79.0%
I0204 22:29:54.172667 140545278417792 retrain.py:1082] 2020-02-04 22:29:54.172590: Step 1890: Train accuracy = 79.0%
INFO:tensorflow:2020-02-04 22:29:54.172830: Step 1890: Cross entropy = 0.528484
I0204 22:29:54.172847 140545278417792 retrain.py:1084] 2020-02-04 22:29:54.172830: Step 1890: Cross entropy = 0.528484
INFO:tensorflow:2020-02-04 22:29:54.244203: Step 1890: Validation accuracy = 41.0% (N=100)
I0204 22:29:54.244273 140545278417792 retrain.py:1100] 2020-02-04 22:29:54.244203: Step 1890: Validation accuracy = 41.0% (N=100)
INFO:tensorflow:2020-02-04 22:29:54.980215: Step 1900: Train accuracy = 84.0%
I0204 22:29:54.980308 140545278417792 retrain.py:1082] 2020-02-04 22:29:54.980215: Step 1900: Train accuracy = 84.0%
INFO:tensorflow:2020-02-04 22:29:54.980478: Step 1900: Cross entropy = 0.488413
I0204 22:29:54.980504 140545278417792 retrain.py:1084] 2020-02-04 22:29:54.980478: Step 1900: Cross entropy = 0.488413
INFO:tensorflow:2020-02-04 22:29:55.054985: Step 1900: Validation accuracy = 57.0% (N=100)
I0204 22:29:55.055064 140545278417792 retrain.py:1100] 2020-02-04 22:29:55.054985: Step 1900: Validation accuracy = 57.0% (N=100)
INFO:tensorflow:2020-02-04 22:29:55.790175: Step 1910: Train accuracy = 80.0%
I0204 22:29:55.790233 140545278417792 retrain.py:1082] 2020-02-04 22:29:55.790175: Step 1910: Train accuracy = 80.0%
INFO:tensorflow:2020-02-04 22:29:55.790424: Step 1910: Cross entropy = 0.517203
I0204 22:29:55.790459 140545278417792 retrain.py:1084] 2020-02-04 22:29:55.790424: Step 1910: Cross entropy = 0.517203
INFO:tensorflow:2020-02-04 22:29:55.863332: Step 1910: Validation accuracy = 45.0% (N=100)
I0204 22:29:55.863425 140545278417792 retrain.py:1100] 2020-02-04 22:29:55.863332: Step 1910: Validation accuracy = 45.0% (N=100)
INFO:tensorflow:2020-02-04 22:29:56.609183: Step 1920: Train accuracy = 88.0%
I0204 22:29:56.609254 140545278417792 retrain.py:1082] 2020-02-04 22:29:56.609183: Step 1920: Train accuracy = 88.0%
INFO:tensorflow:2020-02-04 22:29:56.609392: Step 1920: Cross entropy = 0.488419
I0204 22:29:56.609430 140545278417792 retrain.py:1084] 2020-02-04 22:29:56.609392: Step 1920: Cross entropy = 0.488419
INFO:tensorflow:2020-02-04 22:29:56.680086: Step 1920: Validation accuracy = 44.0% (N=100)
I0204 22:29:56.680145 140545278417792 retrain.py:1100] 2020-02-04 22:29:56.680086: Step 1920: Validation accuracy = 44.0% (N=100)
INFO:tensorflow:2020-02-04 22:29:57.445391: Step 1930: Train accuracy = 74.0%
I0204 22:29:57.445449 140545278417792 retrain.py:1082] 2020-02-04 22:29:57.445391: Step 1930: Train accuracy = 74.0%
INFO:tensorflow:2020-02-04 22:29:57.445633: Step 1930: Cross entropy = 0.519789
I0204 22:29:57.445653 140545278417792 retrain.py:1084] 2020-02-04 22:29:57.445633: Step 1930: Cross entropy = 0.519789
INFO:tensorflow:2020-02-04 22:29:57.516608: Step 1930: Validation accuracy = 50.0% (N=100)
I0204 22:29:57.516674 140545278417792 retrain.py:1100] 2020-02-04 22:29:57.516608: Step 1930: Validation accuracy = 50.0% (N=100)
INFO:tensorflow:2020-02-04 22:29:58.264167: Step 1940: Train accuracy = 84.0%
I0204 22:29:58.264240 140545278417792 retrain.py:1082] 2020-02-04 22:29:58.264167: Step 1940: Train accuracy = 84.0%
INFO:tensorflow:2020-02-04 22:29:58.264423: Step 1940: Cross entropy = 0.500834
I0204 22:29:58.264438 140545278417792 retrain.py:1084] 2020-02-04 22:29:58.264423: Step 1940: Cross entropy = 0.500834
INFO:tensorflow:2020-02-04 22:29:58.334438: Step 1940: Validation accuracy = 45.0% (N=100)
I0204 22:29:58.334519 140545278417792 retrain.py:1100] 2020-02-04 22:29:58.334438: Step 1940: Validation accuracy = 45.0% (N=100)
INFO:tensorflow:2020-02-04 22:29:59.071682: Step 1950: Train accuracy = 82.0%
I0204 22:29:59.071773 140545278417792 retrain.py:1082] 2020-02-04 22:29:59.071682: Step 1950: Train accuracy = 82.0%
INFO:tensorflow:2020-02-04 22:29:59.071935: Step 1950: Cross entropy = 0.540748
I0204 22:29:59.071964 140545278417792 retrain.py:1084] 2020-02-04 22:29:59.071935: Step 1950: Cross entropy = 0.540748
INFO:tensorflow:2020-02-04 22:29:59.145216: Step 1950: Validation accuracy = 41.0% (N=100)
I0204 22:29:59.145283 140545278417792 retrain.py:1100] 2020-02-04 22:29:59.145216: Step 1950: Validation accuracy = 41.0% (N=100)
INFO:tensorflow:2020-02-04 22:29:59.887868: Step 1960: Train accuracy = 78.0%
I0204 22:29:59.887949 140545278417792 retrain.py:1082] 2020-02-04 22:29:59.887868: Step 1960: Train accuracy = 78.0%
INFO:tensorflow:2020-02-04 22:29:59.888116: Step 1960: Cross entropy = 0.515744
I0204 22:29:59.888133 140545278417792 retrain.py:1084] 2020-02-04 22:29:59.888116: Step 1960: Cross entropy = 0.515744
INFO:tensorflow:2020-02-04 22:29:59.960912: Step 1960: Validation accuracy = 40.0% (N=100)
I0204 22:29:59.960987 140545278417792 retrain.py:1100] 2020-02-04 22:29:59.960912: Step 1960: Validation accuracy = 40.0% (N=100)
INFO:tensorflow:2020-02-04 22:30:00.709889: Step 1970: Train accuracy = 87.0%
I0204 22:30:00.709967 140545278417792 retrain.py:1082] 2020-02-04 22:30:00.709889: Step 1970: Train accuracy = 87.0%
INFO:tensorflow:2020-02-04 22:30:00.710141: Step 1970: Cross entropy = 0.508388
I0204 22:30:00.710160 140545278417792 retrain.py:1084] 2020-02-04 22:30:00.710141: Step 1970: Cross entropy = 0.508388
INFO:tensorflow:2020-02-04 22:30:00.781501: Step 1970: Validation accuracy = 32.0% (N=100)
I0204 22:30:00.781568 140545278417792 retrain.py:1100] 2020-02-04 22:30:00.781501: Step 1970: Validation accuracy = 32.0% (N=100)
INFO:tensorflow:2020-02-04 22:30:01.513021: Step 1980: Train accuracy = 80.0%
I0204 22:30:01.513078 140545278417792 retrain.py:1082] 2020-02-04 22:30:01.513021: Step 1980: Train accuracy = 80.0%
INFO:tensorflow:2020-02-04 22:30:01.513256: Step 1980: Cross entropy = 0.516275
I0204 22:30:01.513269 140545278417792 retrain.py:1084] 2020-02-04 22:30:01.513256: Step 1980: Cross entropy = 0.516275
INFO:tensorflow:2020-02-04 22:30:01.587339: Step 1980: Validation accuracy = 45.0% (N=100)
I0204 22:30:01.587397 140545278417792 retrain.py:1100] 2020-02-04 22:30:01.587339: Step 1980: Validation accuracy = 45.0% (N=100)
INFO:tensorflow:2020-02-04 22:30:02.333559: Step 1990: Train accuracy = 83.0%
I0204 22:30:02.333627 140545278417792 retrain.py:1082] 2020-02-04 22:30:02.333559: Step 1990: Train accuracy = 83.0%
INFO:tensorflow:2020-02-04 22:30:02.333803: Step 1990: Cross entropy = 0.487435
I0204 22:30:02.333834 140545278417792 retrain.py:1084] 2020-02-04 22:30:02.333803: Step 1990: Cross entropy = 0.487435
INFO:tensorflow:2020-02-04 22:30:02.403655: Step 1990: Validation accuracy = 37.0% (N=100)
I0204 22:30:02.403738 140545278417792 retrain.py:1100] 2020-02-04 22:30:02.403655: Step 1990: Validation accuracy = 37.0% (N=100)
INFO:tensorflow:2020-02-04 22:30:03.145859: Step 2000: Train accuracy = 76.0%
I0204 22:30:03.145931 140545278417792 retrain.py:1082] 2020-02-04 22:30:03.145859: Step 2000: Train accuracy = 76.0%
INFO:tensorflow:2020-02-04 22:30:03.146110: Step 2000: Cross entropy = 0.517157
I0204 22:30:03.146127 140545278417792 retrain.py:1084] 2020-02-04 22:30:03.146110: Step 2000: Cross entropy = 0.517157
INFO:tensorflow:2020-02-04 22:30:03.218251: Step 2000: Validation accuracy = 52.0% (N=100)
I0204 22:30:03.218310 140545278417792 retrain.py:1100] 2020-02-04 22:30:03.218251: Step 2000: Validation accuracy = 52.0% (N=100)
INFO:tensorflow:2020-02-04 22:30:03.960044: Step 2010: Train accuracy = 78.0%
I0204 22:30:03.960101 140545278417792 retrain.py:1082] 2020-02-04 22:30:03.960044: Step 2010: Train accuracy = 78.0%
INFO:tensorflow:2020-02-04 22:30:03.960276: Step 2010: Cross entropy = 0.503487
I0204 22:30:03.960293 140545278417792 retrain.py:1084] 2020-02-04 22:30:03.960276: Step 2010: Cross entropy = 0.503487
INFO:tensorflow:2020-02-04 22:30:04.033249: Step 2010: Validation accuracy = 38.0% (N=100)
I0204 22:30:04.033307 140545278417792 retrain.py:1100] 2020-02-04 22:30:04.033249: Step 2010: Validation accuracy = 38.0% (N=100)
INFO:tensorflow:2020-02-04 22:30:04.782269: Step 2020: Train accuracy = 85.0%
I0204 22:30:04.782347 140545278417792 retrain.py:1082] 2020-02-04 22:30:04.782269: Step 2020: Train accuracy = 85.0%
INFO:tensorflow:2020-02-04 22:30:04.782520: Step 2020: Cross entropy = 0.511927
I0204 22:30:04.782554 140545278417792 retrain.py:1084] 2020-02-04 22:30:04.782520: Step 2020: Cross entropy = 0.511927
INFO:tensorflow:2020-02-04 22:30:04.855263: Step 2020: Validation accuracy = 37.0% (N=100)
I0204 22:30:04.855335 140545278417792 retrain.py:1100] 2020-02-04 22:30:04.855263: Step 2020: Validation accuracy = 37.0% (N=100)
INFO:tensorflow:2020-02-04 22:30:05.600207: Step 2030: Train accuracy = 81.0%
I0204 22:30:05.600289 140545278417792 retrain.py:1082] 2020-02-04 22:30:05.600207: Step 2030: Train accuracy = 81.0%
INFO:tensorflow:2020-02-04 22:30:05.600455: Step 2030: Cross entropy = 0.539816
I0204 22:30:05.600482 140545278417792 retrain.py:1084] 2020-02-04 22:30:05.600455: Step 2030: Cross entropy = 0.539816
INFO:tensorflow:2020-02-04 22:30:05.671595: Step 2030: Validation accuracy = 37.0% (N=100)
I0204 22:30:05.671663 140545278417792 retrain.py:1100] 2020-02-04 22:30:05.671595: Step 2030: Validation accuracy = 37.0% (N=100)
INFO:tensorflow:2020-02-04 22:30:06.424141: Step 2040: Train accuracy = 80.0%
I0204 22:30:06.424209 140545278417792 retrain.py:1082] 2020-02-04 22:30:06.424141: Step 2040: Train accuracy = 80.0%
INFO:tensorflow:2020-02-04 22:30:06.424381: Step 2040: Cross entropy = 0.522621
I0204 22:30:06.424409 140545278417792 retrain.py:1084] 2020-02-04 22:30:06.424381: Step 2040: Cross entropy = 0.522621
INFO:tensorflow:2020-02-04 22:30:06.495410: Step 2040: Validation accuracy = 45.0% (N=100)
I0204 22:30:06.495490 140545278417792 retrain.py:1100] 2020-02-04 22:30:06.495410: Step 2040: Validation accuracy = 45.0% (N=100)
INFO:tensorflow:2020-02-04 22:30:07.239114: Step 2050: Train accuracy = 76.0%
I0204 22:30:07.239172 140545278417792 retrain.py:1082] 2020-02-04 22:30:07.239114: Step 2050: Train accuracy = 76.0%
INFO:tensorflow:2020-02-04 22:30:07.239358: Step 2050: Cross entropy = 0.516907
I0204 22:30:07.239376 140545278417792 retrain.py:1084] 2020-02-04 22:30:07.239358: Step 2050: Cross entropy = 0.516907
INFO:tensorflow:2020-02-04 22:30:07.310986: Step 2050: Validation accuracy = 38.0% (N=100)
I0204 22:30:07.311055 140545278417792 retrain.py:1100] 2020-02-04 22:30:07.310986: Step 2050: Validation accuracy = 38.0% (N=100)
INFO:tensorflow:2020-02-04 22:30:08.057383: Step 2060: Train accuracy = 84.0%
I0204 22:30:08.057439 140545278417792 retrain.py:1082] 2020-02-04 22:30:08.057383: Step 2060: Train accuracy = 84.0%
INFO:tensorflow:2020-02-04 22:30:08.057601: Step 2060: Cross entropy = 0.527176
I0204 22:30:08.057622 140545278417792 retrain.py:1084] 2020-02-04 22:30:08.057601: Step 2060: Cross entropy = 0.527176
INFO:tensorflow:2020-02-04 22:30:08.128876: Step 2060: Validation accuracy = 47.0% (N=100)
I0204 22:30:08.128957 140545278417792 retrain.py:1100] 2020-02-04 22:30:08.128876: Step 2060: Validation accuracy = 47.0% (N=100)
INFO:tensorflow:2020-02-04 22:30:08.867992: Step 2070: Train accuracy = 85.0%
I0204 22:30:08.868072 140545278417792 retrain.py:1082] 2020-02-04 22:30:08.867992: Step 2070: Train accuracy = 85.0%
INFO:tensorflow:2020-02-04 22:30:08.868243: Step 2070: Cross entropy = 0.504187
I0204 22:30:08.868292 140545278417792 retrain.py:1084] 2020-02-04 22:30:08.868243: Step 2070: Cross entropy = 0.504187
INFO:tensorflow:2020-02-04 22:30:08.941691: Step 2070: Validation accuracy = 45.0% (N=100)
I0204 22:30:08.941762 140545278417792 retrain.py:1100] 2020-02-04 22:30:08.941691: Step 2070: Validation accuracy = 45.0% (N=100)
INFO:tensorflow:2020-02-04 22:30:09.681892: Step 2080: Train accuracy = 80.0%
I0204 22:30:09.681970 140545278417792 retrain.py:1082] 2020-02-04 22:30:09.681892: Step 2080: Train accuracy = 80.0%
INFO:tensorflow:2020-02-04 22:30:09.682132: Step 2080: Cross entropy = 0.511553
I0204 22:30:09.682150 140545278417792 retrain.py:1084] 2020-02-04 22:30:09.682132: Step 2080: Cross entropy = 0.511553
INFO:tensorflow:2020-02-04 22:30:09.753818: Step 2080: Validation accuracy = 47.0% (N=100)
I0204 22:30:09.753920 140545278417792 retrain.py:1100] 2020-02-04 22:30:09.753818: Step 2080: Validation accuracy = 47.0% (N=100)
INFO:tensorflow:2020-02-04 22:30:10.494247: Step 2090: Train accuracy = 82.0%
I0204 22:30:10.494328 140545278417792 retrain.py:1082] 2020-02-04 22:30:10.494247: Step 2090: Train accuracy = 82.0%
INFO:tensorflow:2020-02-04 22:30:10.494468: Step 2090: Cross entropy = 0.530909
I0204 22:30:10.494486 140545278417792 retrain.py:1084] 2020-02-04 22:30:10.494468: Step 2090: Cross entropy = 0.530909
INFO:tensorflow:2020-02-04 22:30:10.568419: Step 2090: Validation accuracy = 41.0% (N=100)
I0204 22:30:10.568487 140545278417792 retrain.py:1100] 2020-02-04 22:30:10.568419: Step 2090: Validation accuracy = 41.0% (N=100)
INFO:tensorflow:2020-02-04 22:30:11.312978: Step 2100: Train accuracy = 80.0%
I0204 22:30:11.313044 140545278417792 retrain.py:1082] 2020-02-04 22:30:11.312978: Step 2100: Train accuracy = 80.0%
INFO:tensorflow:2020-02-04 22:30:11.313220: Step 2100: Cross entropy = 0.536144
I0204 22:30:11.313243 140545278417792 retrain.py:1084] 2020-02-04 22:30:11.313220: Step 2100: Cross entropy = 0.536144
INFO:tensorflow:2020-02-04 22:30:11.383534: Step 2100: Validation accuracy = 52.0% (N=100)
I0204 22:30:11.383601 140545278417792 retrain.py:1100] 2020-02-04 22:30:11.383534: Step 2100: Validation accuracy = 52.0% (N=100)
INFO:tensorflow:2020-02-04 22:30:12.128393: Step 2110: Train accuracy = 80.0%
I0204 22:30:12.128490 140545278417792 retrain.py:1082] 2020-02-04 22:30:12.128393: Step 2110: Train accuracy = 80.0%
INFO:tensorflow:2020-02-04 22:30:12.128625: Step 2110: Cross entropy = 0.498304
I0204 22:30:12.128642 140545278417792 retrain.py:1084] 2020-02-04 22:30:12.128625: Step 2110: Cross entropy = 0.498304
INFO:tensorflow:2020-02-04 22:30:12.201271: Step 2110: Validation accuracy = 44.0% (N=100)
I0204 22:30:12.201354 140545278417792 retrain.py:1100] 2020-02-04 22:30:12.201271: Step 2110: Validation accuracy = 44.0% (N=100)
INFO:tensorflow:2020-02-04 22:30:12.951302: Step 2120: Train accuracy = 82.0%
I0204 22:30:12.951369 140545278417792 retrain.py:1082] 2020-02-04 22:30:12.951302: Step 2120: Train accuracy = 82.0%
INFO:tensorflow:2020-02-04 22:30:12.951526: Step 2120: Cross entropy = 0.506337
I0204 22:30:12.951544 140545278417792 retrain.py:1084] 2020-02-04 22:30:12.951526: Step 2120: Cross entropy = 0.506337
INFO:tensorflow:2020-02-04 22:30:13.024798: Step 2120: Validation accuracy = 52.0% (N=100)
I0204 22:30:13.024869 140545278417792 retrain.py:1100] 2020-02-04 22:30:13.024798: Step 2120: Validation accuracy = 52.0% (N=100)
INFO:tensorflow:2020-02-04 22:30:13.770591: Step 2130: Train accuracy = 81.0%
I0204 22:30:13.770663 140545278417792 retrain.py:1082] 2020-02-04 22:30:13.770591: Step 2130: Train accuracy = 81.0%
INFO:tensorflow:2020-02-04 22:30:13.771034: Step 2130: Cross entropy = 0.513845
I0204 22:30:13.771061 140545278417792 retrain.py:1084] 2020-02-04 22:30:13.771034: Step 2130: Cross entropy = 0.513845
INFO:tensorflow:2020-02-04 22:30:13.844822: Step 2130: Validation accuracy = 38.0% (N=100)
I0204 22:30:13.844890 140545278417792 retrain.py:1100] 2020-02-04 22:30:13.844822: Step 2130: Validation accuracy = 38.0% (N=100)
INFO:tensorflow:2020-02-04 22:30:14.587450: Step 2140: Train accuracy = 88.0%
I0204 22:30:14.587506 140545278417792 retrain.py:1082] 2020-02-04 22:30:14.587450: Step 2140: Train accuracy = 88.0%
INFO:tensorflow:2020-02-04 22:30:14.587692: Step 2140: Cross entropy = 0.481656
I0204 22:30:14.587711 140545278417792 retrain.py:1084] 2020-02-04 22:30:14.587692: Step 2140: Cross entropy = 0.481656
INFO:tensorflow:2020-02-04 22:30:14.658441: Step 2140: Validation accuracy = 40.0% (N=100)
I0204 22:30:14.658501 140545278417792 retrain.py:1100] 2020-02-04 22:30:14.658441: Step 2140: Validation accuracy = 40.0% (N=100)
INFO:tensorflow:2020-02-04 22:30:15.393469: Step 2150: Train accuracy = 80.0%
I0204 22:30:15.393526 140545278417792 retrain.py:1082] 2020-02-04 22:30:15.393469: Step 2150: Train accuracy = 80.0%
INFO:tensorflow:2020-02-04 22:30:15.393699: Step 2150: Cross entropy = 0.531573
I0204 22:30:15.393717 140545278417792 retrain.py:1084] 2020-02-04 22:30:15.393699: Step 2150: Cross entropy = 0.531573
INFO:tensorflow:2020-02-04 22:30:15.467171: Step 2150: Validation accuracy = 41.0% (N=100)
I0204 22:30:15.467259 140545278417792 retrain.py:1100] 2020-02-04 22:30:15.467171: Step 2150: Validation accuracy = 41.0% (N=100)
INFO:tensorflow:2020-02-04 22:30:16.212258: Step 2160: Train accuracy = 82.0%
I0204 22:30:16.212315 140545278417792 retrain.py:1082] 2020-02-04 22:30:16.212258: Step 2160: Train accuracy = 82.0%
INFO:tensorflow:2020-02-04 22:30:16.212489: Step 2160: Cross entropy = 0.526037
I0204 22:30:16.212511 140545278417792 retrain.py:1084] 2020-02-04 22:30:16.212489: Step 2160: Cross entropy = 0.526037
INFO:tensorflow:2020-02-04 22:30:16.283737: Step 2160: Validation accuracy = 40.0% (N=100)
I0204 22:30:16.283795 140545278417792 retrain.py:1100] 2020-02-04 22:30:16.283737: Step 2160: Validation accuracy = 40.0% (N=100)
INFO:tensorflow:2020-02-04 22:30:17.031111: Step 2170: Train accuracy = 83.0%
I0204 22:30:17.031183 140545278417792 retrain.py:1082] 2020-02-04 22:30:17.031111: Step 2170: Train accuracy = 83.0%
INFO:tensorflow:2020-02-04 22:30:17.031343: Step 2170: Cross entropy = 0.502287
I0204 22:30:17.031384 140545278417792 retrain.py:1084] 2020-02-04 22:30:17.031343: Step 2170: Cross entropy = 0.502287
INFO:tensorflow:2020-02-04 22:30:17.105635: Step 2170: Validation accuracy = 34.0% (N=100)
I0204 22:30:17.105719 140545278417792 retrain.py:1100] 2020-02-04 22:30:17.105635: Step 2170: Validation accuracy = 34.0% (N=100)
INFO:tensorflow:2020-02-04 22:30:17.838398: Step 2180: Train accuracy = 71.0%
I0204 22:30:17.838470 140545278417792 retrain.py:1082] 2020-02-04 22:30:17.838398: Step 2180: Train accuracy = 71.0%
INFO:tensorflow:2020-02-04 22:30:17.838633: Step 2180: Cross entropy = 0.566593
I0204 22:30:17.838666 140545278417792 retrain.py:1084] 2020-02-04 22:30:17.838633: Step 2180: Cross entropy = 0.566593
INFO:tensorflow:2020-02-04 22:30:17.909116: Step 2180: Validation accuracy = 43.0% (N=100)
I0204 22:30:17.909175 140545278417792 retrain.py:1100] 2020-02-04 22:30:17.909116: Step 2180: Validation accuracy = 43.0% (N=100)
INFO:tensorflow:2020-02-04 22:30:18.696601: Step 2190: Train accuracy = 84.0%
I0204 22:30:18.696671 140545278417792 retrain.py:1082] 2020-02-04 22:30:18.696601: Step 2190: Train accuracy = 84.0%
INFO:tensorflow:2020-02-04 22:30:18.696853: Step 2190: Cross entropy = 0.533340
I0204 22:30:18.696872 140545278417792 retrain.py:1084] 2020-02-04 22:30:18.696853: Step 2190: Cross entropy = 0.533340
INFO:tensorflow:2020-02-04 22:30:18.770944: Step 2190: Validation accuracy = 46.0% (N=100)
I0204 22:30:18.771017 140545278417792 retrain.py:1100] 2020-02-04 22:30:18.770944: Step 2190: Validation accuracy = 46.0% (N=100)
INFO:tensorflow:2020-02-04 22:30:19.513086: Step 2200: Train accuracy = 85.0%
I0204 22:30:19.513168 140545278417792 retrain.py:1082] 2020-02-04 22:30:19.513086: Step 2200: Train accuracy = 85.0%
INFO:tensorflow:2020-02-04 22:30:19.513335: Step 2200: Cross entropy = 0.502942
I0204 22:30:19.513353 140545278417792 retrain.py:1084] 2020-02-04 22:30:19.513335: Step 2200: Cross entropy = 0.502942
INFO:tensorflow:2020-02-04 22:30:19.585424: Step 2200: Validation accuracy = 39.0% (N=100)
I0204 22:30:19.585481 140545278417792 retrain.py:1100] 2020-02-04 22:30:19.585424: Step 2200: Validation accuracy = 39.0% (N=100)
INFO:tensorflow:2020-02-04 22:30:20.330452: Step 2210: Train accuracy = 82.0%
I0204 22:30:20.330523 140545278417792 retrain.py:1082] 2020-02-04 22:30:20.330452: Step 2210: Train accuracy = 82.0%
INFO:tensorflow:2020-02-04 22:30:20.330686: Step 2210: Cross entropy = 0.519870
I0204 22:30:20.330716 140545278417792 retrain.py:1084] 2020-02-04 22:30:20.330686: Step 2210: Cross entropy = 0.519870
INFO:tensorflow:2020-02-04 22:30:20.401738: Step 2210: Validation accuracy = 40.0% (N=100)
I0204 22:30:20.401823 140545278417792 retrain.py:1100] 2020-02-04 22:30:20.401738: Step 2210: Validation accuracy = 40.0% (N=100)
INFO:tensorflow:2020-02-04 22:30:21.143191: Step 2220: Train accuracy = 90.0%
I0204 22:30:21.143273 140545278417792 retrain.py:1082] 2020-02-04 22:30:21.143191: Step 2220: Train accuracy = 90.0%
INFO:tensorflow:2020-02-04 22:30:21.143463: Step 2220: Cross entropy = 0.456301
I0204 22:30:21.143480 140545278417792 retrain.py:1084] 2020-02-04 22:30:21.143463: Step 2220: Cross entropy = 0.456301
INFO:tensorflow:2020-02-04 22:30:21.216614: Step 2220: Validation accuracy = 40.0% (N=100)
I0204 22:30:21.216671 140545278417792 retrain.py:1100] 2020-02-04 22:30:21.216614: Step 2220: Validation accuracy = 40.0% (N=100)
INFO:tensorflow:2020-02-04 22:30:21.957302: Step 2230: Train accuracy = 79.0%
I0204 22:30:21.957368 140545278417792 retrain.py:1082] 2020-02-04 22:30:21.957302: Step 2230: Train accuracy = 79.0%
INFO:tensorflow:2020-02-04 22:30:21.957536: Step 2230: Cross entropy = 0.493203
I0204 22:30:21.957556 140545278417792 retrain.py:1084] 2020-02-04 22:30:21.957536: Step 2230: Cross entropy = 0.493203
INFO:tensorflow:2020-02-04 22:30:22.027729: Step 2230: Validation accuracy = 46.0% (N=100)
I0204 22:30:22.027797 140545278417792 retrain.py:1100] 2020-02-04 22:30:22.027729: Step 2230: Validation accuracy = 46.0% (N=100)
INFO:tensorflow:2020-02-04 22:30:22.794256: Step 2240: Train accuracy = 83.0%
I0204 22:30:22.794324 140545278417792 retrain.py:1082] 2020-02-04 22:30:22.794256: Step 2240: Train accuracy = 83.0%
INFO:tensorflow:2020-02-04 22:30:22.794486: Step 2240: Cross entropy = 0.504189
I0204 22:30:22.794506 140545278417792 retrain.py:1084] 2020-02-04 22:30:22.794486: Step 2240: Cross entropy = 0.504189
INFO:tensorflow:2020-02-04 22:30:22.865683: Step 2240: Validation accuracy = 46.0% (N=100)
I0204 22:30:22.865748 140545278417792 retrain.py:1100] 2020-02-04 22:30:22.865683: Step 2240: Validation accuracy = 46.0% (N=100)
INFO:tensorflow:2020-02-04 22:30:23.608226: Step 2250: Train accuracy = 86.0%
I0204 22:30:23.608289 140545278417792 retrain.py:1082] 2020-02-04 22:30:23.608226: Step 2250: Train accuracy = 86.0%
INFO:tensorflow:2020-02-04 22:30:23.608455: Step 2250: Cross entropy = 0.499142
I0204 22:30:23.608471 140545278417792 retrain.py:1084] 2020-02-04 22:30:23.608455: Step 2250: Cross entropy = 0.499142
INFO:tensorflow:2020-02-04 22:30:23.682864: Step 2250: Validation accuracy = 38.0% (N=100)
I0204 22:30:23.682931 140545278417792 retrain.py:1100] 2020-02-04 22:30:23.682864: Step 2250: Validation accuracy = 38.0% (N=100)
INFO:tensorflow:2020-02-04 22:30:24.431143: Step 2260: Train accuracy = 80.0%
I0204 22:30:24.431210 140545278417792 retrain.py:1082] 2020-02-04 22:30:24.431143: Step 2260: Train accuracy = 80.0%
INFO:tensorflow:2020-02-04 22:30:24.431381: Step 2260: Cross entropy = 0.501086
I0204 22:30:24.431399 140545278417792 retrain.py:1084] 2020-02-04 22:30:24.431381: Step 2260: Cross entropy = 0.501086
INFO:tensorflow:2020-02-04 22:30:24.501406: Step 2260: Validation accuracy = 44.0% (N=100)
I0204 22:30:24.501477 140545278417792 retrain.py:1100] 2020-02-04 22:30:24.501406: Step 2260: Validation accuracy = 44.0% (N=100)
INFO:tensorflow:2020-02-04 22:30:25.248192: Step 2270: Train accuracy = 80.0%
I0204 22:30:25.248248 140545278417792 retrain.py:1082] 2020-02-04 22:30:25.248192: Step 2270: Train accuracy = 80.0%
INFO:tensorflow:2020-02-04 22:30:25.248426: Step 2270: Cross entropy = 0.531552
I0204 22:30:25.248444 140545278417792 retrain.py:1084] 2020-02-04 22:30:25.248426: Step 2270: Cross entropy = 0.531552
INFO:tensorflow:2020-02-04 22:30:25.318738: Step 2270: Validation accuracy = 45.0% (N=100)
I0204 22:30:25.318797 140545278417792 retrain.py:1100] 2020-02-04 22:30:25.318738: Step 2270: Validation accuracy = 45.0% (N=100)
INFO:tensorflow:2020-02-04 22:30:26.067657: Step 2280: Train accuracy = 81.0%
I0204 22:30:26.067714 140545278417792 retrain.py:1082] 2020-02-04 22:30:26.067657: Step 2280: Train accuracy = 81.0%
INFO:tensorflow:2020-02-04 22:30:26.067892: Step 2280: Cross entropy = 0.514976
I0204 22:30:26.067911 140545278417792 retrain.py:1084] 2020-02-04 22:30:26.067892: Step 2280: Cross entropy = 0.514976
INFO:tensorflow:2020-02-04 22:30:26.139997: Step 2280: Validation accuracy = 29.0% (N=100)
I0204 22:30:26.140056 140545278417792 retrain.py:1100] 2020-02-04 22:30:26.139997: Step 2280: Validation accuracy = 29.0% (N=100)
INFO:tensorflow:2020-02-04 22:30:26.882791: Step 2290: Train accuracy = 76.0%
I0204 22:30:26.882848 140545278417792 retrain.py:1082] 2020-02-04 22:30:26.882791: Step 2290: Train accuracy = 76.0%
INFO:tensorflow:2020-02-04 22:30:26.883026: Step 2290: Cross entropy = 0.540820
I0204 22:30:26.883046 140545278417792 retrain.py:1084] 2020-02-04 22:30:26.883026: Step 2290: Cross entropy = 0.540820
INFO:tensorflow:2020-02-04 22:30:26.953520: Step 2290: Validation accuracy = 36.0% (N=100)
I0204 22:30:26.953591 140545278417792 retrain.py:1100] 2020-02-04 22:30:26.953520: Step 2290: Validation accuracy = 36.0% (N=100)
INFO:tensorflow:2020-02-04 22:30:27.701163: Step 2300: Train accuracy = 87.0%
I0204 22:30:27.701221 140545278417792 retrain.py:1082] 2020-02-04 22:30:27.701163: Step 2300: Train accuracy = 87.0%
INFO:tensorflow:2020-02-04 22:30:27.701396: Step 2300: Cross entropy = 0.496985
I0204 22:30:27.701415 140545278417792 retrain.py:1084] 2020-02-04 22:30:27.701396: Step 2300: Cross entropy = 0.496985
INFO:tensorflow:2020-02-04 22:30:27.773748: Step 2300: Validation accuracy = 34.0% (N=100)
I0204 22:30:27.773833 140545278417792 retrain.py:1100] 2020-02-04 22:30:27.773748: Step 2300: Validation accuracy = 34.0% (N=100)
INFO:tensorflow:2020-02-04 22:30:28.513881: Step 2310: Train accuracy = 88.0%
I0204 22:30:28.513964 140545278417792 retrain.py:1082] 2020-02-04 22:30:28.513881: Step 2310: Train accuracy = 88.0%
INFO:tensorflow:2020-02-04 22:30:28.514126: Step 2310: Cross entropy = 0.514489
I0204 22:30:28.514143 140545278417792 retrain.py:1084] 2020-02-04 22:30:28.514126: Step 2310: Cross entropy = 0.514489
INFO:tensorflow:2020-02-04 22:30:28.588795: Step 2310: Validation accuracy = 42.0% (N=100)
I0204 22:30:28.588865 140545278417792 retrain.py:1100] 2020-02-04 22:30:28.588795: Step 2310: Validation accuracy = 42.0% (N=100)
INFO:tensorflow:2020-02-04 22:30:29.336900: Step 2320: Train accuracy = 82.0%
I0204 22:30:29.336957 140545278417792 retrain.py:1082] 2020-02-04 22:30:29.336900: Step 2320: Train accuracy = 82.0%
INFO:tensorflow:2020-02-04 22:30:29.337159: Step 2320: Cross entropy = 0.478473
I0204 22:30:29.337178 140545278417792 retrain.py:1084] 2020-02-04 22:30:29.337159: Step 2320: Cross entropy = 0.478473
INFO:tensorflow:2020-02-04 22:30:29.410466: Step 2320: Validation accuracy = 46.0% (N=100)
I0204 22:30:29.410534 140545278417792 retrain.py:1100] 2020-02-04 22:30:29.410466: Step 2320: Validation accuracy = 46.0% (N=100)
INFO:tensorflow:2020-02-04 22:30:30.177612: Step 2330: Train accuracy = 84.0%
I0204 22:30:30.177669 140545278417792 retrain.py:1082] 2020-02-04 22:30:30.177612: Step 2330: Train accuracy = 84.0%
INFO:tensorflow:2020-02-04 22:30:30.177847: Step 2330: Cross entropy = 0.509759
I0204 22:30:30.177873 140545278417792 retrain.py:1084] 2020-02-04 22:30:30.177847: Step 2330: Cross entropy = 0.509759
INFO:tensorflow:2020-02-04 22:30:30.248223: Step 2330: Validation accuracy = 47.0% (N=100)
I0204 22:30:30.248302 140545278417792 retrain.py:1100] 2020-02-04 22:30:30.248223: Step 2330: Validation accuracy = 47.0% (N=100)
INFO:tensorflow:2020-02-04 22:30:30.998464: Step 2340: Train accuracy = 80.0%
I0204 22:30:30.998530 140545278417792 retrain.py:1082] 2020-02-04 22:30:30.998464: Step 2340: Train accuracy = 80.0%
INFO:tensorflow:2020-02-04 22:30:30.998703: Step 2340: Cross entropy = 0.486979
I0204 22:30:30.998721 140545278417792 retrain.py:1084] 2020-02-04 22:30:30.998703: Step 2340: Cross entropy = 0.486979
INFO:tensorflow:2020-02-04 22:30:31.073267: Step 2340: Validation accuracy = 58.0% (N=100)
I0204 22:30:31.073334 140545278417792 retrain.py:1100] 2020-02-04 22:30:31.073267: Step 2340: Validation accuracy = 58.0% (N=100)
INFO:tensorflow:2020-02-04 22:30:31.870573: Step 2350: Train accuracy = 87.0%
I0204 22:30:31.870640 140545278417792 retrain.py:1082] 2020-02-04 22:30:31.870573: Step 2350: Train accuracy = 87.0%
INFO:tensorflow:2020-02-04 22:30:31.870795: Step 2350: Cross entropy = 0.495064
I0204 22:30:31.870825 140545278417792 retrain.py:1084] 2020-02-04 22:30:31.870795: Step 2350: Cross entropy = 0.495064
INFO:tensorflow:2020-02-04 22:30:31.942823: Step 2350: Validation accuracy = 41.0% (N=100)
I0204 22:30:31.942890 140545278417792 retrain.py:1100] 2020-02-04 22:30:31.942823: Step 2350: Validation accuracy = 41.0% (N=100)
INFO:tensorflow:2020-02-04 22:30:32.713927: Step 2360: Train accuracy = 83.0%
I0204 22:30:32.713997 140545278417792 retrain.py:1082] 2020-02-04 22:30:32.713927: Step 2360: Train accuracy = 83.0%
INFO:tensorflow:2020-02-04 22:30:32.714178: Step 2360: Cross entropy = 0.508916
I0204 22:30:32.714198 140545278417792 retrain.py:1084] 2020-02-04 22:30:32.714178: Step 2360: Cross entropy = 0.508916
INFO:tensorflow:2020-02-04 22:30:32.785664: Step 2360: Validation accuracy = 32.0% (N=100)
I0204 22:30:32.785742 140545278417792 retrain.py:1100] 2020-02-04 22:30:32.785664: Step 2360: Validation accuracy = 32.0% (N=100)
INFO:tensorflow:2020-02-04 22:30:33.534064: Step 2370: Train accuracy = 85.0%
I0204 22:30:33.534137 140545278417792 retrain.py:1082] 2020-02-04 22:30:33.534064: Step 2370: Train accuracy = 85.0%
INFO:tensorflow:2020-02-04 22:30:33.534306: Step 2370: Cross entropy = 0.502436
I0204 22:30:33.534320 140545278417792 retrain.py:1084] 2020-02-04 22:30:33.534306: Step 2370: Cross entropy = 0.502436
INFO:tensorflow:2020-02-04 22:30:33.607756: Step 2370: Validation accuracy = 39.0% (N=100)
I0204 22:30:33.607823 140545278417792 retrain.py:1100] 2020-02-04 22:30:33.607756: Step 2370: Validation accuracy = 39.0% (N=100)
INFO:tensorflow:2020-02-04 22:30:34.354299: Step 2380: Train accuracy = 84.0%
I0204 22:30:34.354371 140545278417792 retrain.py:1082] 2020-02-04 22:30:34.354299: Step 2380: Train accuracy = 84.0%
INFO:tensorflow:2020-02-04 22:30:34.354546: Step 2380: Cross entropy = 0.504833
I0204 22:30:34.354562 140545278417792 retrain.py:1084] 2020-02-04 22:30:34.354546: Step 2380: Cross entropy = 0.504833
INFO:tensorflow:2020-02-04 22:30:34.427480: Step 2380: Validation accuracy = 45.0% (N=100)
I0204 22:30:34.427572 140545278417792 retrain.py:1100] 2020-02-04 22:30:34.427480: Step 2380: Validation accuracy = 45.0% (N=100)
INFO:tensorflow:2020-02-04 22:30:35.179614: Step 2390: Train accuracy = 87.0%
I0204 22:30:35.179685 140545278417792 retrain.py:1082] 2020-02-04 22:30:35.179614: Step 2390: Train accuracy = 87.0%
INFO:tensorflow:2020-02-04 22:30:35.179873: Step 2390: Cross entropy = 0.477166
I0204 22:30:35.179897 140545278417792 retrain.py:1084] 2020-02-04 22:30:35.179873: Step 2390: Cross entropy = 0.477166
INFO:tensorflow:2020-02-04 22:30:35.250620: Step 2390: Validation accuracy = 48.0% (N=100)
I0204 22:30:35.250701 140545278417792 retrain.py:1100] 2020-02-04 22:30:35.250620: Step 2390: Validation accuracy = 48.0% (N=100)
INFO:tensorflow:2020-02-04 22:30:35.994847: Step 2400: Train accuracy = 84.0%
I0204 22:30:35.994937 140545278417792 retrain.py:1082] 2020-02-04 22:30:35.994847: Step 2400: Train accuracy = 84.0%
INFO:tensorflow:2020-02-04 22:30:35.995095: Step 2400: Cross entropy = 0.491023
I0204 22:30:35.995114 140545278417792 retrain.py:1084] 2020-02-04 22:30:35.995095: Step 2400: Cross entropy = 0.491023
INFO:tensorflow:2020-02-04 22:30:36.067193: Step 2400: Validation accuracy = 34.0% (N=100)
I0204 22:30:36.067252 140545278417792 retrain.py:1100] 2020-02-04 22:30:36.067193: Step 2400: Validation accuracy = 34.0% (N=100)
INFO:tensorflow:2020-02-04 22:30:36.817044: Step 2410: Train accuracy = 86.0%
I0204 22:30:36.817100 140545278417792 retrain.py:1082] 2020-02-04 22:30:36.817044: Step 2410: Train accuracy = 86.0%
INFO:tensorflow:2020-02-04 22:30:36.817275: Step 2410: Cross entropy = 0.490492
I0204 22:30:36.817294 140545278417792 retrain.py:1084] 2020-02-04 22:30:36.817275: Step 2410: Cross entropy = 0.490492
INFO:tensorflow:2020-02-04 22:30:36.888705: Step 2410: Validation accuracy = 49.0% (N=100)
I0204 22:30:36.888772 140545278417792 retrain.py:1100] 2020-02-04 22:30:36.888705: Step 2410: Validation accuracy = 49.0% (N=100)
INFO:tensorflow:2020-02-04 22:30:37.642577: Step 2420: Train accuracy = 85.0%
I0204 22:30:37.642636 140545278417792 retrain.py:1082] 2020-02-04 22:30:37.642577: Step 2420: Train accuracy = 85.0%
INFO:tensorflow:2020-02-04 22:30:37.642825: Step 2420: Cross entropy = 0.481870
I0204 22:30:37.642839 140545278417792 retrain.py:1084] 2020-02-04 22:30:37.642825: Step 2420: Cross entropy = 0.481870
INFO:tensorflow:2020-02-04 22:30:37.715057: Step 2420: Validation accuracy = 43.0% (N=100)
I0204 22:30:37.715129 140545278417792 retrain.py:1100] 2020-02-04 22:30:37.715057: Step 2420: Validation accuracy = 43.0% (N=100)
INFO:tensorflow:2020-02-04 22:30:38.462957: Step 2430: Train accuracy = 84.0%
I0204 22:30:38.463038 140545278417792 retrain.py:1082] 2020-02-04 22:30:38.462957: Step 2430: Train accuracy = 84.0%
INFO:tensorflow:2020-02-04 22:30:38.463208: Step 2430: Cross entropy = 0.486056
I0204 22:30:38.463225 140545278417792 retrain.py:1084] 2020-02-04 22:30:38.463208: Step 2430: Cross entropy = 0.486056
INFO:tensorflow:2020-02-04 22:30:38.537616: Step 2430: Validation accuracy = 27.0% (N=100)
I0204 22:30:38.537684 140545278417792 retrain.py:1100] 2020-02-04 22:30:38.537616: Step 2430: Validation accuracy = 27.0% (N=100)
INFO:tensorflow:2020-02-04 22:30:39.284375: Step 2440: Train accuracy = 85.0%
I0204 22:30:39.284466 140545278417792 retrain.py:1082] 2020-02-04 22:30:39.284375: Step 2440: Train accuracy = 85.0%
INFO:tensorflow:2020-02-04 22:30:39.284636: Step 2440: Cross entropy = 0.468819
I0204 22:30:39.284655 140545278417792 retrain.py:1084] 2020-02-04 22:30:39.284636: Step 2440: Cross entropy = 0.468819
INFO:tensorflow:2020-02-04 22:30:39.358224: Step 2440: Validation accuracy = 34.0% (N=100)
I0204 22:30:39.358296 140545278417792 retrain.py:1100] 2020-02-04 22:30:39.358224: Step 2440: Validation accuracy = 34.0% (N=100)
INFO:tensorflow:2020-02-04 22:30:40.113894: Step 2450: Train accuracy = 78.0%
I0204 22:30:40.113963 140545278417792 retrain.py:1082] 2020-02-04 22:30:40.113894: Step 2450: Train accuracy = 78.0%
INFO:tensorflow:2020-02-04 22:30:40.114146: Step 2450: Cross entropy = 0.484157
I0204 22:30:40.114162 140545278417792 retrain.py:1084] 2020-02-04 22:30:40.114146: Step 2450: Cross entropy = 0.484157
INFO:tensorflow:2020-02-04 22:30:40.190043: Step 2450: Validation accuracy = 39.0% (N=100)
I0204 22:30:40.190128 140545278417792 retrain.py:1100] 2020-02-04 22:30:40.190043: Step 2450: Validation accuracy = 39.0% (N=100)
INFO:tensorflow:2020-02-04 22:30:40.928762: Step 2460: Train accuracy = 79.0%
I0204 22:30:40.928820 140545278417792 retrain.py:1082] 2020-02-04 22:30:40.928762: Step 2460: Train accuracy = 79.0%
INFO:tensorflow:2020-02-04 22:30:40.929007: Step 2460: Cross entropy = 0.516027
I0204 22:30:40.929028 140545278417792 retrain.py:1084] 2020-02-04 22:30:40.929007: Step 2460: Cross entropy = 0.516027
INFO:tensorflow:2020-02-04 22:30:41.001103: Step 2460: Validation accuracy = 42.0% (N=100)
I0204 22:30:41.001162 140545278417792 retrain.py:1100] 2020-02-04 22:30:41.001103: Step 2460: Validation accuracy = 42.0% (N=100)
INFO:tensorflow:2020-02-04 22:30:41.752668: Step 2470: Train accuracy = 88.0%
I0204 22:30:41.752735 140545278417792 retrain.py:1082] 2020-02-04 22:30:41.752668: Step 2470: Train accuracy = 88.0%
INFO:tensorflow:2020-02-04 22:30:41.752897: Step 2470: Cross entropy = 0.475080
I0204 22:30:41.752918 140545278417792 retrain.py:1084] 2020-02-04 22:30:41.752897: Step 2470: Cross entropy = 0.475080
INFO:tensorflow:2020-02-04 22:30:41.825428: Step 2470: Validation accuracy = 36.0% (N=100)
I0204 22:30:41.825499 140545278417792 retrain.py:1100] 2020-02-04 22:30:41.825428: Step 2470: Validation accuracy = 36.0% (N=100)
INFO:tensorflow:2020-02-04 22:30:42.569301: Step 2480: Train accuracy = 78.0%
I0204 22:30:42.569357 140545278417792 retrain.py:1082] 2020-02-04 22:30:42.569301: Step 2480: Train accuracy = 78.0%
INFO:tensorflow:2020-02-04 22:30:42.569540: Step 2480: Cross entropy = 0.538455
I0204 22:30:42.569560 140545278417792 retrain.py:1084] 2020-02-04 22:30:42.569540: Step 2480: Cross entropy = 0.538455
INFO:tensorflow:2020-02-04 22:30:42.641258: Step 2480: Validation accuracy = 43.0% (N=100)
I0204 22:30:42.641315 140545278417792 retrain.py:1100] 2020-02-04 22:30:42.641258: Step 2480: Validation accuracy = 43.0% (N=100)
INFO:tensorflow:2020-02-04 22:30:43.396636: Step 2490: Train accuracy = 80.0%
I0204 22:30:43.396704 140545278417792 retrain.py:1082] 2020-02-04 22:30:43.396636: Step 2490: Train accuracy = 80.0%
INFO:tensorflow:2020-02-04 22:30:43.396881: Step 2490: Cross entropy = 0.507678
I0204 22:30:43.396925 140545278417792 retrain.py:1084] 2020-02-04 22:30:43.396881: Step 2490: Cross entropy = 0.507678
INFO:tensorflow:2020-02-04 22:30:43.470560: Step 2490: Validation accuracy = 36.0% (N=100)
I0204 22:30:43.470627 140545278417792 retrain.py:1100] 2020-02-04 22:30:43.470560: Step 2490: Validation accuracy = 36.0% (N=100)
INFO:tensorflow:2020-02-04 22:30:44.223629: Step 2500: Train accuracy = 81.0%
I0204 22:30:44.223698 140545278417792 retrain.py:1082] 2020-02-04 22:30:44.223629: Step 2500: Train accuracy = 81.0%
INFO:tensorflow:2020-02-04 22:30:44.223856: Step 2500: Cross entropy = 0.500097
I0204 22:30:44.223876 140545278417792 retrain.py:1084] 2020-02-04 22:30:44.223856: Step 2500: Cross entropy = 0.500097
INFO:tensorflow:2020-02-04 22:30:44.298065: Step 2500: Validation accuracy = 40.0% (N=100)
I0204 22:30:44.298124 140545278417792 retrain.py:1100] 2020-02-04 22:30:44.298065: Step 2500: Validation accuracy = 40.0% (N=100)
INFO:tensorflow:2020-02-04 22:30:45.049295: Step 2510: Train accuracy = 87.0%
I0204 22:30:45.049381 140545278417792 retrain.py:1082] 2020-02-04 22:30:45.049295: Step 2510: Train accuracy = 87.0%
INFO:tensorflow:2020-02-04 22:30:45.049565: Step 2510: Cross entropy = 0.470307
I0204 22:30:45.049588 140545278417792 retrain.py:1084] 2020-02-04 22:30:45.049565: Step 2510: Cross entropy = 0.470307
INFO:tensorflow:2020-02-04 22:30:45.123909: Step 2510: Validation accuracy = 45.0% (N=100)
I0204 22:30:45.123968 140545278417792 retrain.py:1100] 2020-02-04 22:30:45.123909: Step 2510: Validation accuracy = 45.0% (N=100)
INFO:tensorflow:2020-02-04 22:30:45.857810: Step 2520: Train accuracy = 77.0%
I0204 22:30:45.857881 140545278417792 retrain.py:1082] 2020-02-04 22:30:45.857810: Step 2520: Train accuracy = 77.0%
INFO:tensorflow:2020-02-04 22:30:45.858079: Step 2520: Cross entropy = 0.527773
I0204 22:30:45.858101 140545278417792 retrain.py:1084] 2020-02-04 22:30:45.858079: Step 2520: Cross entropy = 0.527773
INFO:tensorflow:2020-02-04 22:30:45.928472: Step 2520: Validation accuracy = 53.0% (N=100)
I0204 22:30:45.928563 140545278417792 retrain.py:1100] 2020-02-04 22:30:45.928472: Step 2520: Validation accuracy = 53.0% (N=100)
INFO:tensorflow:2020-02-04 22:30:46.679996: Step 2530: Train accuracy = 83.0%
I0204 22:30:46.680063 140545278417792 retrain.py:1082] 2020-02-04 22:30:46.679996: Step 2530: Train accuracy = 83.0%
INFO:tensorflow:2020-02-04 22:30:46.680225: Step 2530: Cross entropy = 0.529118
I0204 22:30:46.680250 140545278417792 retrain.py:1084] 2020-02-04 22:30:46.680225: Step 2530: Cross entropy = 0.529118
INFO:tensorflow:2020-02-04 22:30:46.750961: Step 2530: Validation accuracy = 37.0% (N=100)
I0204 22:30:46.751028 140545278417792 retrain.py:1100] 2020-02-04 22:30:46.750961: Step 2530: Validation accuracy = 37.0% (N=100)
INFO:tensorflow:2020-02-04 22:30:47.501796: Step 2540: Train accuracy = 84.0%
I0204 22:30:47.501855 140545278417792 retrain.py:1082] 2020-02-04 22:30:47.501796: Step 2540: Train accuracy = 84.0%
INFO:tensorflow:2020-02-04 22:30:47.502033: Step 2540: Cross entropy = 0.504860
I0204 22:30:47.502051 140545278417792 retrain.py:1084] 2020-02-04 22:30:47.502033: Step 2540: Cross entropy = 0.504860
INFO:tensorflow:2020-02-04 22:30:47.576519: Step 2540: Validation accuracy = 30.0% (N=100)
I0204 22:30:47.576602 140545278417792 retrain.py:1100] 2020-02-04 22:30:47.576519: Step 2540: Validation accuracy = 30.0% (N=100)
INFO:tensorflow:2020-02-04 22:30:48.322512: Step 2550: Train accuracy = 84.0%
I0204 22:30:48.322597 140545278417792 retrain.py:1082] 2020-02-04 22:30:48.322512: Step 2550: Train accuracy = 84.0%
INFO:tensorflow:2020-02-04 22:30:48.322753: Step 2550: Cross entropy = 0.516147
I0204 22:30:48.322769 140545278417792 retrain.py:1084] 2020-02-04 22:30:48.322753: Step 2550: Cross entropy = 0.516147
INFO:tensorflow:2020-02-04 22:30:48.396709: Step 2550: Validation accuracy = 41.0% (N=100)
I0204 22:30:48.396766 140545278417792 retrain.py:1100] 2020-02-04 22:30:48.396709: Step 2550: Validation accuracy = 41.0% (N=100)
INFO:tensorflow:2020-02-04 22:30:49.146596: Step 2560: Train accuracy = 84.0%
I0204 22:30:49.146677 140545278417792 retrain.py:1082] 2020-02-04 22:30:49.146596: Step 2560: Train accuracy = 84.0%
INFO:tensorflow:2020-02-04 22:30:49.146849: Step 2560: Cross entropy = 0.481497
I0204 22:30:49.146870 140545278417792 retrain.py:1084] 2020-02-04 22:30:49.146849: Step 2560: Cross entropy = 0.481497
INFO:tensorflow:2020-02-04 22:30:49.218740: Step 2560: Validation accuracy = 44.0% (N=100)
I0204 22:30:49.218798 140545278417792 retrain.py:1100] 2020-02-04 22:30:49.218740: Step 2560: Validation accuracy = 44.0% (N=100)
INFO:tensorflow:2020-02-04 22:30:49.968639: Step 2570: Train accuracy = 86.0%
I0204 22:30:49.968694 140545278417792 retrain.py:1082] 2020-02-04 22:30:49.968639: Step 2570: Train accuracy = 86.0%
INFO:tensorflow:2020-02-04 22:30:49.968879: Step 2570: Cross entropy = 0.487797
I0204 22:30:49.968895 140545278417792 retrain.py:1084] 2020-02-04 22:30:49.968879: Step 2570: Cross entropy = 0.487797
INFO:tensorflow:2020-02-04 22:30:50.040015: Step 2570: Validation accuracy = 36.0% (N=100)
I0204 22:30:50.040075 140545278417792 retrain.py:1100] 2020-02-04 22:30:50.040015: Step 2570: Validation accuracy = 36.0% (N=100)
INFO:tensorflow:2020-02-04 22:30:50.793771: Step 2580: Train accuracy = 79.0%
I0204 22:30:50.793841 140545278417792 retrain.py:1082] 2020-02-04 22:30:50.793771: Step 2580: Train accuracy = 79.0%
INFO:tensorflow:2020-02-04 22:30:50.794025: Step 2580: Cross entropy = 0.523154
I0204 22:30:50.794042 140545278417792 retrain.py:1084] 2020-02-04 22:30:50.794025: Step 2580: Cross entropy = 0.523154
INFO:tensorflow:2020-02-04 22:30:50.867971: Step 2580: Validation accuracy = 42.0% (N=100)
I0204 22:30:50.868039 140545278417792 retrain.py:1100] 2020-02-04 22:30:50.867971: Step 2580: Validation accuracy = 42.0% (N=100)
INFO:tensorflow:2020-02-04 22:30:51.615817: Step 2590: Train accuracy = 87.0%
I0204 22:30:51.615897 140545278417792 retrain.py:1082] 2020-02-04 22:30:51.615817: Step 2590: Train accuracy = 87.0%
INFO:tensorflow:2020-02-04 22:30:51.616038: Step 2590: Cross entropy = 0.489173
I0204 22:30:51.616069 140545278417792 retrain.py:1084] 2020-02-04 22:30:51.616038: Step 2590: Cross entropy = 0.489173
INFO:tensorflow:2020-02-04 22:30:51.690113: Step 2590: Validation accuracy = 44.0% (N=100)
I0204 22:30:51.690172 140545278417792 retrain.py:1100] 2020-02-04 22:30:51.690113: Step 2590: Validation accuracy = 44.0% (N=100)
INFO:tensorflow:2020-02-04 22:30:52.424773: Step 2600: Train accuracy = 83.0%
I0204 22:30:52.424839 140545278417792 retrain.py:1082] 2020-02-04 22:30:52.424773: Step 2600: Train accuracy = 83.0%
INFO:tensorflow:2020-02-04 22:30:52.424993: Step 2600: Cross entropy = 0.485337
I0204 22:30:52.425011 140545278417792 retrain.py:1084] 2020-02-04 22:30:52.424993: Step 2600: Cross entropy = 0.485337
INFO:tensorflow:2020-02-04 22:30:52.496646: Step 2600: Validation accuracy = 36.0% (N=100)
I0204 22:30:52.496726 140545278417792 retrain.py:1100] 2020-02-04 22:30:52.496646: Step 2600: Validation accuracy = 36.0% (N=100)
INFO:tensorflow:2020-02-04 22:30:53.242809: Step 2610: Train accuracy = 87.0%
I0204 22:30:53.242878 140545278417792 retrain.py:1082] 2020-02-04 22:30:53.242809: Step 2610: Train accuracy = 87.0%
INFO:tensorflow:2020-02-04 22:30:53.243037: Step 2610: Cross entropy = 0.474538
I0204 22:30:53.243057 140545278417792 retrain.py:1084] 2020-02-04 22:30:53.243037: Step 2610: Cross entropy = 0.474538
INFO:tensorflow:2020-02-04 22:30:53.313618: Step 2610: Validation accuracy = 51.0% (N=100)
I0204 22:30:53.313680 140545278417792 retrain.py:1100] 2020-02-04 22:30:53.313618: Step 2610: Validation accuracy = 51.0% (N=100)
INFO:tensorflow:2020-02-04 22:30:54.059615: Step 2620: Train accuracy = 86.0%
I0204 22:30:54.059699 140545278417792 retrain.py:1082] 2020-02-04 22:30:54.059615: Step 2620: Train accuracy = 86.0%
INFO:tensorflow:2020-02-04 22:30:54.059893: Step 2620: Cross entropy = 0.494142
I0204 22:30:54.059918 140545278417792 retrain.py:1084] 2020-02-04 22:30:54.059893: Step 2620: Cross entropy = 0.494142
INFO:tensorflow:2020-02-04 22:30:54.132855: Step 2620: Validation accuracy = 33.0% (N=100)
I0204 22:30:54.132938 140545278417792 retrain.py:1100] 2020-02-04 22:30:54.132855: Step 2620: Validation accuracy = 33.0% (N=100)
INFO:tensorflow:2020-02-04 22:30:54.885603: Step 2630: Train accuracy = 83.0%
I0204 22:30:54.885660 140545278417792 retrain.py:1082] 2020-02-04 22:30:54.885603: Step 2630: Train accuracy = 83.0%
INFO:tensorflow:2020-02-04 22:30:54.885850: Step 2630: Cross entropy = 0.497609
I0204 22:30:54.885867 140545278417792 retrain.py:1084] 2020-02-04 22:30:54.885850: Step 2630: Cross entropy = 0.497609
INFO:tensorflow:2020-02-04 22:30:54.956614: Step 2630: Validation accuracy = 38.0% (N=100)
I0204 22:30:54.956682 140545278417792 retrain.py:1100] 2020-02-04 22:30:54.956614: Step 2630: Validation accuracy = 38.0% (N=100)
INFO:tensorflow:2020-02-04 22:30:55.699106: Step 2640: Train accuracy = 84.0%
I0204 22:30:55.699163 140545278417792 retrain.py:1082] 2020-02-04 22:30:55.699106: Step 2640: Train accuracy = 84.0%
INFO:tensorflow:2020-02-04 22:30:55.699339: Step 2640: Cross entropy = 0.502931
I0204 22:30:55.699359 140545278417792 retrain.py:1084] 2020-02-04 22:30:55.699339: Step 2640: Cross entropy = 0.502931
INFO:tensorflow:2020-02-04 22:30:55.771387: Step 2640: Validation accuracy = 35.0% (N=100)
I0204 22:30:55.771465 140545278417792 retrain.py:1100] 2020-02-04 22:30:55.771387: Step 2640: Validation accuracy = 35.0% (N=100)
INFO:tensorflow:2020-02-04 22:30:56.519513: Step 2650: Train accuracy = 82.0%
I0204 22:30:56.519581 140545278417792 retrain.py:1082] 2020-02-04 22:30:56.519513: Step 2650: Train accuracy = 82.0%
INFO:tensorflow:2020-02-04 22:30:56.519742: Step 2650: Cross entropy = 0.487488
I0204 22:30:56.519762 140545278417792 retrain.py:1084] 2020-02-04 22:30:56.519742: Step 2650: Cross entropy = 0.487488
INFO:tensorflow:2020-02-04 22:30:56.593025: Step 2650: Validation accuracy = 42.0% (N=100)
I0204 22:30:56.593093 140545278417792 retrain.py:1100] 2020-02-04 22:30:56.593025: Step 2650: Validation accuracy = 42.0% (N=100)
INFO:tensorflow:2020-02-04 22:30:57.344148: Step 2660: Train accuracy = 84.0%
I0204 22:30:57.344203 140545278417792 retrain.py:1082] 2020-02-04 22:30:57.344148: Step 2660: Train accuracy = 84.0%
INFO:tensorflow:2020-02-04 22:30:57.344398: Step 2660: Cross entropy = 0.472515
I0204 22:30:57.344431 140545278417792 retrain.py:1084] 2020-02-04 22:30:57.344398: Step 2660: Cross entropy = 0.472515
INFO:tensorflow:2020-02-04 22:30:57.417120: Step 2660: Validation accuracy = 38.0% (N=100)
I0204 22:30:57.417207 140545278417792 retrain.py:1100] 2020-02-04 22:30:57.417120: Step 2660: Validation accuracy = 38.0% (N=100)
INFO:tensorflow:2020-02-04 22:30:58.172247: Step 2670: Train accuracy = 82.0%
I0204 22:30:58.172305 140545278417792 retrain.py:1082] 2020-02-04 22:30:58.172247: Step 2670: Train accuracy = 82.0%
INFO:tensorflow:2020-02-04 22:30:58.172473: Step 2670: Cross entropy = 0.468638
I0204 22:30:58.172492 140545278417792 retrain.py:1084] 2020-02-04 22:30:58.172473: Step 2670: Cross entropy = 0.468638
INFO:tensorflow:2020-02-04 22:30:58.246874: Step 2670: Validation accuracy = 47.0% (N=100)
I0204 22:30:58.246930 140545278417792 retrain.py:1100] 2020-02-04 22:30:58.246874: Step 2670: Validation accuracy = 47.0% (N=100)
INFO:tensorflow:2020-02-04 22:30:58.998527: Step 2680: Train accuracy = 82.0%
I0204 22:30:58.998583 140545278417792 retrain.py:1082] 2020-02-04 22:30:58.998527: Step 2680: Train accuracy = 82.0%
INFO:tensorflow:2020-02-04 22:30:58.998768: Step 2680: Cross entropy = 0.525950
I0204 22:30:58.998789 140545278417792 retrain.py:1084] 2020-02-04 22:30:58.998768: Step 2680: Cross entropy = 0.525950
INFO:tensorflow:2020-02-04 22:30:59.071986: Step 2680: Validation accuracy = 38.0% (N=100)
I0204 22:30:59.072062 140545278417792 retrain.py:1100] 2020-02-04 22:30:59.071986: Step 2680: Validation accuracy = 38.0% (N=100)
INFO:tensorflow:2020-02-04 22:30:59.815749: Step 2690: Train accuracy = 86.0%
I0204 22:30:59.815804 140545278417792 retrain.py:1082] 2020-02-04 22:30:59.815749: Step 2690: Train accuracy = 86.0%
INFO:tensorflow:2020-02-04 22:30:59.815993: Step 2690: Cross entropy = 0.486398
I0204 22:30:59.816016 140545278417792 retrain.py:1084] 2020-02-04 22:30:59.815993: Step 2690: Cross entropy = 0.486398
INFO:tensorflow:2020-02-04 22:30:59.887967: Step 2690: Validation accuracy = 50.0% (N=100)
I0204 22:30:59.888052 140545278417792 retrain.py:1100] 2020-02-04 22:30:59.887967: Step 2690: Validation accuracy = 50.0% (N=100)
INFO:tensorflow:2020-02-04 22:31:00.638006: Step 2700: Train accuracy = 88.0%
I0204 22:31:00.638084 140545278417792 retrain.py:1082] 2020-02-04 22:31:00.638006: Step 2700: Train accuracy = 88.0%
INFO:tensorflow:2020-02-04 22:31:00.638272: Step 2700: Cross entropy = 0.513803
I0204 22:31:00.638288 140545278417792 retrain.py:1084] 2020-02-04 22:31:00.638272: Step 2700: Cross entropy = 0.513803
INFO:tensorflow:2020-02-04 22:31:00.709603: Step 2700: Validation accuracy = 37.0% (N=100)
I0204 22:31:00.709695 140545278417792 retrain.py:1100] 2020-02-04 22:31:00.709603: Step 2700: Validation accuracy = 37.0% (N=100)
INFO:tensorflow:2020-02-04 22:31:01.462434: Step 2710: Train accuracy = 82.0%
I0204 22:31:01.462493 140545278417792 retrain.py:1082] 2020-02-04 22:31:01.462434: Step 2710: Train accuracy = 82.0%
INFO:tensorflow:2020-02-04 22:31:01.462681: Step 2710: Cross entropy = 0.504419
I0204 22:31:01.462697 140545278417792 retrain.py:1084] 2020-02-04 22:31:01.462681: Step 2710: Cross entropy = 0.504419
INFO:tensorflow:2020-02-04 22:31:01.535096: Step 2710: Validation accuracy = 33.0% (N=100)
I0204 22:31:01.535154 140545278417792 retrain.py:1100] 2020-02-04 22:31:01.535096: Step 2710: Validation accuracy = 33.0% (N=100)
INFO:tensorflow:2020-02-04 22:31:02.289164: Step 2720: Train accuracy = 81.0%
I0204 22:31:02.289221 140545278417792 retrain.py:1082] 2020-02-04 22:31:02.289164: Step 2720: Train accuracy = 81.0%
INFO:tensorflow:2020-02-04 22:31:02.289392: Step 2720: Cross entropy = 0.505142
I0204 22:31:02.289415 140545278417792 retrain.py:1084] 2020-02-04 22:31:02.289392: Step 2720: Cross entropy = 0.505142
INFO:tensorflow:2020-02-04 22:31:02.362721: Step 2720: Validation accuracy = 46.0% (N=100)
I0204 22:31:02.362778 140545278417792 retrain.py:1100] 2020-02-04 22:31:02.362721: Step 2720: Validation accuracy = 46.0% (N=100)
INFO:tensorflow:2020-02-04 22:31:03.112109: Step 2730: Train accuracy = 84.0%
I0204 22:31:03.112168 140545278417792 retrain.py:1082] 2020-02-04 22:31:03.112109: Step 2730: Train accuracy = 84.0%
INFO:tensorflow:2020-02-04 22:31:03.112358: Step 2730: Cross entropy = 0.478436
I0204 22:31:03.112378 140545278417792 retrain.py:1084] 2020-02-04 22:31:03.112358: Step 2730: Cross entropy = 0.478436
INFO:tensorflow:2020-02-04 22:31:03.186456: Step 2730: Validation accuracy = 30.0% (N=100)
I0204 22:31:03.186525 140545278417792 retrain.py:1100] 2020-02-04 22:31:03.186456: Step 2730: Validation accuracy = 30.0% (N=100)
INFO:tensorflow:2020-02-04 22:31:03.935620: Step 2740: Train accuracy = 88.0%
I0204 22:31:03.935698 140545278417792 retrain.py:1082] 2020-02-04 22:31:03.935620: Step 2740: Train accuracy = 88.0%
INFO:tensorflow:2020-02-04 22:31:03.935873: Step 2740: Cross entropy = 0.474701
I0204 22:31:03.935892 140545278417792 retrain.py:1084] 2020-02-04 22:31:03.935873: Step 2740: Cross entropy = 0.474701
INFO:tensorflow:2020-02-04 22:31:04.008427: Step 2740: Validation accuracy = 33.0% (N=100)
I0204 22:31:04.008483 140545278417792 retrain.py:1100] 2020-02-04 22:31:04.008427: Step 2740: Validation accuracy = 33.0% (N=100)
INFO:tensorflow:2020-02-04 22:31:04.750658: Step 2750: Train accuracy = 83.0%
I0204 22:31:04.750728 140545278417792 retrain.py:1082] 2020-02-04 22:31:04.750658: Step 2750: Train accuracy = 83.0%
INFO:tensorflow:2020-02-04 22:31:04.750907: Step 2750: Cross entropy = 0.480383
I0204 22:31:04.750927 140545278417792 retrain.py:1084] 2020-02-04 22:31:04.750907: Step 2750: Cross entropy = 0.480383
INFO:tensorflow:2020-02-04 22:31:04.827509: Step 2750: Validation accuracy = 40.0% (N=100)
I0204 22:31:04.827565 140545278417792 retrain.py:1100] 2020-02-04 22:31:04.827509: Step 2750: Validation accuracy = 40.0% (N=100)
INFO:tensorflow:2020-02-04 22:31:05.576178: Step 2760: Train accuracy = 83.0%
I0204 22:31:05.576259 140545278417792 retrain.py:1082] 2020-02-04 22:31:05.576178: Step 2760: Train accuracy = 83.0%
INFO:tensorflow:2020-02-04 22:31:05.576419: Step 2760: Cross entropy = 0.481900
I0204 22:31:05.576463 140545278417792 retrain.py:1084] 2020-02-04 22:31:05.576419: Step 2760: Cross entropy = 0.481900
INFO:tensorflow:2020-02-04 22:31:05.646792: Step 2760: Validation accuracy = 59.0% (N=100)
I0204 22:31:05.646859 140545278417792 retrain.py:1100] 2020-02-04 22:31:05.646792: Step 2760: Validation accuracy = 59.0% (N=100)
INFO:tensorflow:2020-02-04 22:31:06.393210: Step 2770: Train accuracy = 78.0%
I0204 22:31:06.393268 140545278417792 retrain.py:1082] 2020-02-04 22:31:06.393210: Step 2770: Train accuracy = 78.0%
INFO:tensorflow:2020-02-04 22:31:06.393447: Step 2770: Cross entropy = 0.505860
I0204 22:31:06.393467 140545278417792 retrain.py:1084] 2020-02-04 22:31:06.393447: Step 2770: Cross entropy = 0.505860
INFO:tensorflow:2020-02-04 22:31:06.464199: Step 2770: Validation accuracy = 41.0% (N=100)
I0204 22:31:06.464267 140545278417792 retrain.py:1100] 2020-02-04 22:31:06.464199: Step 2770: Validation accuracy = 41.0% (N=100)
INFO:tensorflow:2020-02-04 22:31:07.208084: Step 2780: Train accuracy = 81.0%
I0204 22:31:07.208142 140545278417792 retrain.py:1082] 2020-02-04 22:31:07.208084: Step 2780: Train accuracy = 81.0%
INFO:tensorflow:2020-02-04 22:31:07.208311: Step 2780: Cross entropy = 0.506077
I0204 22:31:07.208329 140545278417792 retrain.py:1084] 2020-02-04 22:31:07.208311: Step 2780: Cross entropy = 0.506077
INFO:tensorflow:2020-02-04 22:31:07.278975: Step 2780: Validation accuracy = 47.0% (N=100)
I0204 22:31:07.279032 140545278417792 retrain.py:1100] 2020-02-04 22:31:07.278975: Step 2780: Validation accuracy = 47.0% (N=100)
INFO:tensorflow:2020-02-04 22:31:08.018939: Step 2790: Train accuracy = 82.0%
I0204 22:31:08.018998 140545278417792 retrain.py:1082] 2020-02-04 22:31:08.018939: Step 2790: Train accuracy = 82.0%
INFO:tensorflow:2020-02-04 22:31:08.019170: Step 2790: Cross entropy = 0.501995
I0204 22:31:08.019186 140545278417792 retrain.py:1084] 2020-02-04 22:31:08.019170: Step 2790: Cross entropy = 0.501995
INFO:tensorflow:2020-02-04 22:31:08.095427: Step 2790: Validation accuracy = 40.0% (N=100)
I0204 22:31:08.095496 140545278417792 retrain.py:1100] 2020-02-04 22:31:08.095427: Step 2790: Validation accuracy = 40.0% (N=100)
INFO:tensorflow:2020-02-04 22:31:08.838274: Step 2800: Train accuracy = 81.0%
I0204 22:31:08.838366 140545278417792 retrain.py:1082] 2020-02-04 22:31:08.838274: Step 2800: Train accuracy = 81.0%
INFO:tensorflow:2020-02-04 22:31:08.838527: Step 2800: Cross entropy = 0.501548
I0204 22:31:08.838565 140545278417792 retrain.py:1084] 2020-02-04 22:31:08.838527: Step 2800: Cross entropy = 0.501548
INFO:tensorflow:2020-02-04 22:31:08.910747: Step 2800: Validation accuracy = 48.0% (N=100)
I0204 22:31:08.910804 140545278417792 retrain.py:1100] 2020-02-04 22:31:08.910747: Step 2800: Validation accuracy = 48.0% (N=100)
INFO:tensorflow:2020-02-04 22:31:09.665805: Step 2810: Train accuracy = 83.0%
I0204 22:31:09.665879 140545278417792 retrain.py:1082] 2020-02-04 22:31:09.665805: Step 2810: Train accuracy = 83.0%
INFO:tensorflow:2020-02-04 22:31:09.666068: Step 2810: Cross entropy = 0.500580
I0204 22:31:09.666087 140545278417792 retrain.py:1084] 2020-02-04 22:31:09.666068: Step 2810: Cross entropy = 0.500580
INFO:tensorflow:2020-02-04 22:31:09.739818: Step 2810: Validation accuracy = 35.0% (N=100)
I0204 22:31:09.739910 140545278417792 retrain.py:1100] 2020-02-04 22:31:09.739818: Step 2810: Validation accuracy = 35.0% (N=100)
INFO:tensorflow:2020-02-04 22:31:10.492706: Step 2820: Train accuracy = 84.0%
I0204 22:31:10.492783 140545278417792 retrain.py:1082] 2020-02-04 22:31:10.492706: Step 2820: Train accuracy = 84.0%
INFO:tensorflow:2020-02-04 22:31:10.492931: Step 2820: Cross entropy = 0.468116
I0204 22:31:10.492945 140545278417792 retrain.py:1084] 2020-02-04 22:31:10.492931: Step 2820: Cross entropy = 0.468116
INFO:tensorflow:2020-02-04 22:31:10.567298: Step 2820: Validation accuracy = 42.0% (N=100)
I0204 22:31:10.567357 140545278417792 retrain.py:1100] 2020-02-04 22:31:10.567298: Step 2820: Validation accuracy = 42.0% (N=100)
INFO:tensorflow:2020-02-04 22:31:11.319227: Step 2830: Train accuracy = 90.0%
I0204 22:31:11.319300 140545278417792 retrain.py:1082] 2020-02-04 22:31:11.319227: Step 2830: Train accuracy = 90.0%
INFO:tensorflow:2020-02-04 22:31:11.319481: Step 2830: Cross entropy = 0.443815
I0204 22:31:11.319502 140545278417792 retrain.py:1084] 2020-02-04 22:31:11.319481: Step 2830: Cross entropy = 0.443815
INFO:tensorflow:2020-02-04 22:31:11.391552: Step 2830: Validation accuracy = 31.0% (N=100)
I0204 22:31:11.391622 140545278417792 retrain.py:1100] 2020-02-04 22:31:11.391552: Step 2830: Validation accuracy = 31.0% (N=100)
INFO:tensorflow:2020-02-04 22:31:12.138412: Step 2840: Train accuracy = 82.0%
I0204 22:31:12.138479 140545278417792 retrain.py:1082] 2020-02-04 22:31:12.138412: Step 2840: Train accuracy = 82.0%
INFO:tensorflow:2020-02-04 22:31:12.138660: Step 2840: Cross entropy = 0.481314
I0204 22:31:12.138694 140545278417792 retrain.py:1084] 2020-02-04 22:31:12.138660: Step 2840: Cross entropy = 0.481314
INFO:tensorflow:2020-02-04 22:31:12.212509: Step 2840: Validation accuracy = 32.0% (N=100)
I0204 22:31:12.212566 140545278417792 retrain.py:1100] 2020-02-04 22:31:12.212509: Step 2840: Validation accuracy = 32.0% (N=100)
INFO:tensorflow:2020-02-04 22:31:12.967921: Step 2850: Train accuracy = 87.0%
I0204 22:31:12.967978 140545278417792 retrain.py:1082] 2020-02-04 22:31:12.967921: Step 2850: Train accuracy = 87.0%
INFO:tensorflow:2020-02-04 22:31:12.968154: Step 2850: Cross entropy = 0.489804
I0204 22:31:12.968173 140545278417792 retrain.py:1084] 2020-02-04 22:31:12.968154: Step 2850: Cross entropy = 0.489804
INFO:tensorflow:2020-02-04 22:31:13.039130: Step 2850: Validation accuracy = 46.0% (N=100)
I0204 22:31:13.039198 140545278417792 retrain.py:1100] 2020-02-04 22:31:13.039130: Step 2850: Validation accuracy = 46.0% (N=100)
INFO:tensorflow:2020-02-04 22:31:13.801546: Step 2860: Train accuracy = 84.0%
I0204 22:31:13.801616 140545278417792 retrain.py:1082] 2020-02-04 22:31:13.801546: Step 2860: Train accuracy = 84.0%
INFO:tensorflow:2020-02-04 22:31:13.801797: Step 2860: Cross entropy = 0.512338
I0204 22:31:13.801816 140545278417792 retrain.py:1084] 2020-02-04 22:31:13.801797: Step 2860: Cross entropy = 0.512338
INFO:tensorflow:2020-02-04 22:31:13.874706: Step 2860: Validation accuracy = 48.0% (N=100)
I0204 22:31:13.874765 140545278417792 retrain.py:1100] 2020-02-04 22:31:13.874706: Step 2860: Validation accuracy = 48.0% (N=100)
INFO:tensorflow:2020-02-04 22:31:14.631436: Step 2870: Train accuracy = 81.0%
I0204 22:31:14.631492 140545278417792 retrain.py:1082] 2020-02-04 22:31:14.631436: Step 2870: Train accuracy = 81.0%
INFO:tensorflow:2020-02-04 22:31:14.631664: Step 2870: Cross entropy = 0.477692
I0204 22:31:14.631682 140545278417792 retrain.py:1084] 2020-02-04 22:31:14.631664: Step 2870: Cross entropy = 0.477692
INFO:tensorflow:2020-02-04 22:31:14.704149: Step 2870: Validation accuracy = 51.0% (N=100)
I0204 22:31:14.704236 140545278417792 retrain.py:1100] 2020-02-04 22:31:14.704149: Step 2870: Validation accuracy = 51.0% (N=100)
INFO:tensorflow:2020-02-04 22:31:15.464251: Step 2880: Train accuracy = 87.0%
I0204 22:31:15.464308 140545278417792 retrain.py:1082] 2020-02-04 22:31:15.464251: Step 2880: Train accuracy = 87.0%
INFO:tensorflow:2020-02-04 22:31:15.464465: Step 2880: Cross entropy = 0.462441
I0204 22:31:15.464490 140545278417792 retrain.py:1084] 2020-02-04 22:31:15.464465: Step 2880: Cross entropy = 0.462441
INFO:tensorflow:2020-02-04 22:31:15.538690: Step 2880: Validation accuracy = 48.0% (N=100)
I0204 22:31:15.538749 140545278417792 retrain.py:1100] 2020-02-04 22:31:15.538690: Step 2880: Validation accuracy = 48.0% (N=100)
INFO:tensorflow:2020-02-04 22:31:16.295383: Step 2890: Train accuracy = 87.0%
I0204 22:31:16.295464 140545278417792 retrain.py:1082] 2020-02-04 22:31:16.295383: Step 2890: Train accuracy = 87.0%
INFO:tensorflow:2020-02-04 22:31:16.295626: Step 2890: Cross entropy = 0.491448
I0204 22:31:16.295645 140545278417792 retrain.py:1084] 2020-02-04 22:31:16.295626: Step 2890: Cross entropy = 0.491448
INFO:tensorflow:2020-02-04 22:31:16.367259: Step 2890: Validation accuracy = 40.0% (N=100)
I0204 22:31:16.367325 140545278417792 retrain.py:1100] 2020-02-04 22:31:16.367259: Step 2890: Validation accuracy = 40.0% (N=100)
INFO:tensorflow:2020-02-04 22:31:17.114778: Step 2900: Train accuracy = 78.0%
I0204 22:31:17.114845 140545278417792 retrain.py:1082] 2020-02-04 22:31:17.114778: Step 2900: Train accuracy = 78.0%
INFO:tensorflow:2020-02-04 22:31:17.115004: Step 2900: Cross entropy = 0.522734
I0204 22:31:17.115023 140545278417792 retrain.py:1084] 2020-02-04 22:31:17.115004: Step 2900: Cross entropy = 0.522734
INFO:tensorflow:2020-02-04 22:31:17.189146: Step 2900: Validation accuracy = 41.0% (N=100)
I0204 22:31:17.189214 140545278417792 retrain.py:1100] 2020-02-04 22:31:17.189146: Step 2900: Validation accuracy = 41.0% (N=100)
INFO:tensorflow:2020-02-04 22:31:17.932524: Step 2910: Train accuracy = 77.0%
I0204 22:31:17.932602 140545278417792 retrain.py:1082] 2020-02-04 22:31:17.932524: Step 2910: Train accuracy = 77.0%
INFO:tensorflow:2020-02-04 22:31:17.932761: Step 2910: Cross entropy = 0.506044
I0204 22:31:17.932782 140545278417792 retrain.py:1084] 2020-02-04 22:31:17.932761: Step 2910: Cross entropy = 0.506044
INFO:tensorflow:2020-02-04 22:31:18.005310: Step 2910: Validation accuracy = 49.0% (N=100)
I0204 22:31:18.005378 140545278417792 retrain.py:1100] 2020-02-04 22:31:18.005310: Step 2910: Validation accuracy = 49.0% (N=100)
INFO:tensorflow:2020-02-04 22:31:18.752422: Step 2920: Train accuracy = 86.0%
I0204 22:31:18.752480 140545278417792 retrain.py:1082] 2020-02-04 22:31:18.752422: Step 2920: Train accuracy = 86.0%
INFO:tensorflow:2020-02-04 22:31:18.752650: Step 2920: Cross entropy = 0.472380
I0204 22:31:18.752669 140545278417792 retrain.py:1084] 2020-02-04 22:31:18.752650: Step 2920: Cross entropy = 0.472380
INFO:tensorflow:2020-02-04 22:31:18.827487: Step 2920: Validation accuracy = 42.0% (N=100)
I0204 22:31:18.827558 140545278417792 retrain.py:1100] 2020-02-04 22:31:18.827487: Step 2920: Validation accuracy = 42.0% (N=100)
INFO:tensorflow:2020-02-04 22:31:19.581994: Step 2930: Train accuracy = 79.0%
I0204 22:31:19.582050 140545278417792 retrain.py:1082] 2020-02-04 22:31:19.581994: Step 2930: Train accuracy = 79.0%
INFO:tensorflow:2020-02-04 22:31:19.582210: Step 2930: Cross entropy = 0.500795
I0204 22:31:19.582227 140545278417792 retrain.py:1084] 2020-02-04 22:31:19.582210: Step 2930: Cross entropy = 0.500795
INFO:tensorflow:2020-02-04 22:31:19.656793: Step 2930: Validation accuracy = 45.0% (N=100)
I0204 22:31:19.656868 140545278417792 retrain.py:1100] 2020-02-04 22:31:19.656793: Step 2930: Validation accuracy = 45.0% (N=100)
INFO:tensorflow:2020-02-04 22:31:20.417358: Step 2940: Train accuracy = 82.0%
I0204 22:31:20.417415 140545278417792 retrain.py:1082] 2020-02-04 22:31:20.417358: Step 2940: Train accuracy = 82.0%
INFO:tensorflow:2020-02-04 22:31:20.417606: Step 2940: Cross entropy = 0.490292
I0204 22:31:20.417631 140545278417792 retrain.py:1084] 2020-02-04 22:31:20.417606: Step 2940: Cross entropy = 0.490292
INFO:tensorflow:2020-02-04 22:31:20.492112: Step 2940: Validation accuracy = 51.0% (N=100)
I0204 22:31:20.492170 140545278417792 retrain.py:1100] 2020-02-04 22:31:20.492112: Step 2940: Validation accuracy = 51.0% (N=100)
INFO:tensorflow:2020-02-04 22:31:21.248161: Step 2950: Train accuracy = 88.0%
I0204 22:31:21.248231 140545278417792 retrain.py:1082] 2020-02-04 22:31:21.248161: Step 2950: Train accuracy = 88.0%
INFO:tensorflow:2020-02-04 22:31:21.248363: Step 2950: Cross entropy = 0.472458
I0204 22:31:21.248409 140545278417792 retrain.py:1084] 2020-02-04 22:31:21.248363: Step 2950: Cross entropy = 0.472458
INFO:tensorflow:2020-02-04 22:31:21.322183: Step 2950: Validation accuracy = 36.0% (N=100)
I0204 22:31:21.322262 140545278417792 retrain.py:1100] 2020-02-04 22:31:21.322183: Step 2950: Validation accuracy = 36.0% (N=100)
INFO:tensorflow:2020-02-04 22:31:22.069704: Step 2960: Train accuracy = 86.0%
I0204 22:31:22.069771 140545278417792 retrain.py:1082] 2020-02-04 22:31:22.069704: Step 2960: Train accuracy = 86.0%
INFO:tensorflow:2020-02-04 22:31:22.069958: Step 2960: Cross entropy = 0.474952
I0204 22:31:22.069973 140545278417792 retrain.py:1084] 2020-02-04 22:31:22.069958: Step 2960: Cross entropy = 0.474952
INFO:tensorflow:2020-02-04 22:31:22.142320: Step 2960: Validation accuracy = 43.0% (N=100)
I0204 22:31:22.142378 140545278417792 retrain.py:1100] 2020-02-04 22:31:22.142320: Step 2960: Validation accuracy = 43.0% (N=100)
INFO:tensorflow:2020-02-04 22:31:22.923006: Step 2970: Train accuracy = 89.0%
I0204 22:31:22.923064 140545278417792 retrain.py:1082] 2020-02-04 22:31:22.923006: Step 2970: Train accuracy = 89.0%
INFO:tensorflow:2020-02-04 22:31:22.923247: Step 2970: Cross entropy = 0.442921
I0204 22:31:22.923265 140545278417792 retrain.py:1084] 2020-02-04 22:31:22.923247: Step 2970: Cross entropy = 0.442921
INFO:tensorflow:2020-02-04 22:31:22.996835: Step 2970: Validation accuracy = 48.0% (N=100)
I0204 22:31:22.996892 140545278417792 retrain.py:1100] 2020-02-04 22:31:22.996835: Step 2970: Validation accuracy = 48.0% (N=100)
INFO:tensorflow:2020-02-04 22:31:23.748190: Step 2980: Train accuracy = 89.0%
I0204 22:31:23.748266 140545278417792 retrain.py:1082] 2020-02-04 22:31:23.748190: Step 2980: Train accuracy = 89.0%
INFO:tensorflow:2020-02-04 22:31:23.748419: Step 2980: Cross entropy = 0.474092
I0204 22:31:23.748435 140545278417792 retrain.py:1084] 2020-02-04 22:31:23.748419: Step 2980: Cross entropy = 0.474092
INFO:tensorflow:2020-02-04 22:31:23.820921: Step 2980: Validation accuracy = 37.0% (N=100)
I0204 22:31:23.820980 140545278417792 retrain.py:1100] 2020-02-04 22:31:23.820921: Step 2980: Validation accuracy = 37.0% (N=100)
INFO:tensorflow:2020-02-04 22:31:24.566014: Step 2990: Train accuracy = 87.0%
I0204 22:31:24.566070 140545278417792 retrain.py:1082] 2020-02-04 22:31:24.566014: Step 2990: Train accuracy = 87.0%
INFO:tensorflow:2020-02-04 22:31:24.566234: Step 2990: Cross entropy = 0.480460
I0204 22:31:24.566251 140545278417792 retrain.py:1084] 2020-02-04 22:31:24.566234: Step 2990: Cross entropy = 0.480460
INFO:tensorflow:2020-02-04 22:31:24.639977: Step 2990: Validation accuracy = 47.0% (N=100)
I0204 22:31:24.640045 140545278417792 retrain.py:1100] 2020-02-04 22:31:24.639977: Step 2990: Validation accuracy = 47.0% (N=100)
INFO:tensorflow:2020-02-04 22:31:25.389878: Step 3000: Train accuracy = 87.0%
I0204 22:31:25.389948 140545278417792 retrain.py:1082] 2020-02-04 22:31:25.389878: Step 3000: Train accuracy = 87.0%
INFO:tensorflow:2020-02-04 22:31:25.390129: Step 3000: Cross entropy = 0.471053
I0204 22:31:25.390152 140545278417792 retrain.py:1084] 2020-02-04 22:31:25.390129: Step 3000: Cross entropy = 0.471053
INFO:tensorflow:2020-02-04 22:31:25.462089: Step 3000: Validation accuracy = 37.0% (N=100)
I0204 22:31:25.462159 140545278417792 retrain.py:1100] 2020-02-04 22:31:25.462089: Step 3000: Validation accuracy = 37.0% (N=100)
INFO:tensorflow:2020-02-04 22:31:26.213135: Step 3010: Train accuracy = 92.0%
I0204 22:31:26.213205 140545278417792 retrain.py:1082] 2020-02-04 22:31:26.213135: Step 3010: Train accuracy = 92.0%
INFO:tensorflow:2020-02-04 22:31:26.213383: Step 3010: Cross entropy = 0.460237
I0204 22:31:26.213402 140545278417792 retrain.py:1084] 2020-02-04 22:31:26.213383: Step 3010: Cross entropy = 0.460237
INFO:tensorflow:2020-02-04 22:31:26.286659: Step 3010: Validation accuracy = 34.0% (N=100)
I0204 22:31:26.286715 140545278417792 retrain.py:1100] 2020-02-04 22:31:26.286659: Step 3010: Validation accuracy = 34.0% (N=100)
INFO:tensorflow:2020-02-04 22:31:27.060538: Step 3020: Train accuracy = 87.0%
I0204 22:31:27.060596 140545278417792 retrain.py:1082] 2020-02-04 22:31:27.060538: Step 3020: Train accuracy = 87.0%
INFO:tensorflow:2020-02-04 22:31:27.060780: Step 3020: Cross entropy = 0.458327
I0204 22:31:27.060798 140545278417792 retrain.py:1084] 2020-02-04 22:31:27.060780: Step 3020: Cross entropy = 0.458327
INFO:tensorflow:2020-02-04 22:31:27.133063: Step 3020: Validation accuracy = 45.0% (N=100)
I0204 22:31:27.133145 140545278417792 retrain.py:1100] 2020-02-04 22:31:27.133063: Step 3020: Validation accuracy = 45.0% (N=100)
INFO:tensorflow:2020-02-04 22:31:27.878524: Step 3030: Train accuracy = 78.0%
I0204 22:31:27.878582 140545278417792 retrain.py:1082] 2020-02-04 22:31:27.878524: Step 3030: Train accuracy = 78.0%
INFO:tensorflow:2020-02-04 22:31:27.878768: Step 3030: Cross entropy = 0.504471
I0204 22:31:27.878788 140545278417792 retrain.py:1084] 2020-02-04 22:31:27.878768: Step 3030: Cross entropy = 0.504471
INFO:tensorflow:2020-02-04 22:31:27.950210: Step 3030: Validation accuracy = 48.0% (N=100)
I0204 22:31:27.950277 140545278417792 retrain.py:1100] 2020-02-04 22:31:27.950210: Step 3030: Validation accuracy = 48.0% (N=100)
INFO:tensorflow:2020-02-04 22:31:28.703753: Step 3040: Train accuracy = 91.0%
I0204 22:31:28.703822 140545278417792 retrain.py:1082] 2020-02-04 22:31:28.703753: Step 3040: Train accuracy = 91.0%
INFO:tensorflow:2020-02-04 22:31:28.704001: Step 3040: Cross entropy = 0.481940
I0204 22:31:28.704017 140545278417792 retrain.py:1084] 2020-02-04 22:31:28.704001: Step 3040: Cross entropy = 0.481940
INFO:tensorflow:2020-02-04 22:31:28.775550: Step 3040: Validation accuracy = 42.0% (N=100)
I0204 22:31:28.775608 140545278417792 retrain.py:1100] 2020-02-04 22:31:28.775550: Step 3040: Validation accuracy = 42.0% (N=100)
INFO:tensorflow:2020-02-04 22:31:29.527865: Step 3050: Train accuracy = 89.0%
I0204 22:31:29.527932 140545278417792 retrain.py:1082] 2020-02-04 22:31:29.527865: Step 3050: Train accuracy = 89.0%
INFO:tensorflow:2020-02-04 22:31:29.528094: Step 3050: Cross entropy = 0.471041
I0204 22:31:29.528115 140545278417792 retrain.py:1084] 2020-02-04 22:31:29.528094: Step 3050: Cross entropy = 0.471041
INFO:tensorflow:2020-02-04 22:31:29.600989: Step 3050: Validation accuracy = 35.0% (N=100)
I0204 22:31:29.601070 140545278417792 retrain.py:1100] 2020-02-04 22:31:29.600989: Step 3050: Validation accuracy = 35.0% (N=100)
INFO:tensorflow:2020-02-04 22:31:30.362045: Step 3060: Train accuracy = 85.0%
I0204 22:31:30.362113 140545278417792 retrain.py:1082] 2020-02-04 22:31:30.362045: Step 3060: Train accuracy = 85.0%
INFO:tensorflow:2020-02-04 22:31:30.362287: Step 3060: Cross entropy = 0.484563
I0204 22:31:30.362306 140545278417792 retrain.py:1084] 2020-02-04 22:31:30.362287: Step 3060: Cross entropy = 0.484563
INFO:tensorflow:2020-02-04 22:31:30.432558: Step 3060: Validation accuracy = 47.0% (N=100)
I0204 22:31:30.432615 140545278417792 retrain.py:1100] 2020-02-04 22:31:30.432558: Step 3060: Validation accuracy = 47.0% (N=100)
INFO:tensorflow:2020-02-04 22:31:31.176195: Step 3070: Train accuracy = 85.0%
I0204 22:31:31.176279 140545278417792 retrain.py:1082] 2020-02-04 22:31:31.176195: Step 3070: Train accuracy = 85.0%
INFO:tensorflow:2020-02-04 22:31:31.176454: Step 3070: Cross entropy = 0.483722
I0204 22:31:31.176488 140545278417792 retrain.py:1084] 2020-02-04 22:31:31.176454: Step 3070: Cross entropy = 0.483722
INFO:tensorflow:2020-02-04 22:31:31.248552: Step 3070: Validation accuracy = 33.0% (N=100)
I0204 22:31:31.248635 140545278417792 retrain.py:1100] 2020-02-04 22:31:31.248552: Step 3070: Validation accuracy = 33.0% (N=100)
INFO:tensorflow:2020-02-04 22:31:31.996385: Step 3080: Train accuracy = 83.0%
I0204 22:31:31.996441 140545278417792 retrain.py:1082] 2020-02-04 22:31:31.996385: Step 3080: Train accuracy = 83.0%
INFO:tensorflow:2020-02-04 22:31:31.996610: Step 3080: Cross entropy = 0.505199
I0204 22:31:31.996630 140545278417792 retrain.py:1084] 2020-02-04 22:31:31.996610: Step 3080: Cross entropy = 0.505199
INFO:tensorflow:2020-02-04 22:31:32.072817: Step 3080: Validation accuracy = 36.0% (N=100)
I0204 22:31:32.072875 140545278417792 retrain.py:1100] 2020-02-04 22:31:32.072817: Step 3080: Validation accuracy = 36.0% (N=100)
INFO:tensorflow:2020-02-04 22:31:32.824631: Step 3090: Train accuracy = 86.0%
I0204 22:31:32.824722 140545278417792 retrain.py:1082] 2020-02-04 22:31:32.824631: Step 3090: Train accuracy = 86.0%
INFO:tensorflow:2020-02-04 22:31:32.824864: Step 3090: Cross entropy = 0.486931
I0204 22:31:32.824883 140545278417792 retrain.py:1084] 2020-02-04 22:31:32.824864: Step 3090: Cross entropy = 0.486931
INFO:tensorflow:2020-02-04 22:31:32.897983: Step 3090: Validation accuracy = 39.0% (N=100)
I0204 22:31:32.898050 140545278417792 retrain.py:1100] 2020-02-04 22:31:32.897983: Step 3090: Validation accuracy = 39.0% (N=100)
INFO:tensorflow:2020-02-04 22:31:33.654176: Step 3100: Train accuracy = 95.0%
I0204 22:31:33.654242 140545278417792 retrain.py:1082] 2020-02-04 22:31:33.654176: Step 3100: Train accuracy = 95.0%
INFO:tensorflow:2020-02-04 22:31:33.654391: Step 3100: Cross entropy = 0.431866
I0204 22:31:33.654405 140545278417792 retrain.py:1084] 2020-02-04 22:31:33.654391: Step 3100: Cross entropy = 0.431866
INFO:tensorflow:2020-02-04 22:31:33.727880: Step 3100: Validation accuracy = 34.0% (N=100)
I0204 22:31:33.727947 140545278417792 retrain.py:1100] 2020-02-04 22:31:33.727880: Step 3100: Validation accuracy = 34.0% (N=100)
INFO:tensorflow:2020-02-04 22:31:34.479468: Step 3110: Train accuracy = 81.0%
I0204 22:31:34.479538 140545278417792 retrain.py:1082] 2020-02-04 22:31:34.479468: Step 3110: Train accuracy = 81.0%
INFO:tensorflow:2020-02-04 22:31:34.479692: Step 3110: Cross entropy = 0.483764
I0204 22:31:34.479723 140545278417792 retrain.py:1084] 2020-02-04 22:31:34.479692: Step 3110: Cross entropy = 0.483764
INFO:tensorflow:2020-02-04 22:31:34.551776: Step 3110: Validation accuracy = 42.0% (N=100)
I0204 22:31:34.551836 140545278417792 retrain.py:1100] 2020-02-04 22:31:34.551776: Step 3110: Validation accuracy = 42.0% (N=100)
INFO:tensorflow:2020-02-04 22:31:35.306585: Step 3120: Train accuracy = 79.0%
I0204 22:31:35.306655 140545278417792 retrain.py:1082] 2020-02-04 22:31:35.306585: Step 3120: Train accuracy = 79.0%
INFO:tensorflow:2020-02-04 22:31:35.306825: Step 3120: Cross entropy = 0.466221
I0204 22:31:35.306859 140545278417792 retrain.py:1084] 2020-02-04 22:31:35.306825: Step 3120: Cross entropy = 0.466221
INFO:tensorflow:2020-02-04 22:31:35.377812: Step 3120: Validation accuracy = 49.0% (N=100)
I0204 22:31:35.377890 140545278417792 retrain.py:1100] 2020-02-04 22:31:35.377812: Step 3120: Validation accuracy = 49.0% (N=100)
INFO:tensorflow:2020-02-04 22:31:36.129185: Step 3130: Train accuracy = 80.0%
I0204 22:31:36.129245 140545278417792 retrain.py:1082] 2020-02-04 22:31:36.129185: Step 3130: Train accuracy = 80.0%
INFO:tensorflow:2020-02-04 22:31:36.129444: Step 3130: Cross entropy = 0.490057
I0204 22:31:36.129464 140545278417792 retrain.py:1084] 2020-02-04 22:31:36.129444: Step 3130: Cross entropy = 0.490057
INFO:tensorflow:2020-02-04 22:31:36.201477: Step 3130: Validation accuracy = 40.0% (N=100)
I0204 22:31:36.201558 140545278417792 retrain.py:1100] 2020-02-04 22:31:36.201477: Step 3130: Validation accuracy = 40.0% (N=100)
INFO:tensorflow:2020-02-04 22:31:36.945990: Step 3140: Train accuracy = 83.0%
I0204 22:31:36.946058 140545278417792 retrain.py:1082] 2020-02-04 22:31:36.945990: Step 3140: Train accuracy = 83.0%
INFO:tensorflow:2020-02-04 22:31:36.946225: Step 3140: Cross entropy = 0.472857
I0204 22:31:36.946242 140545278417792 retrain.py:1084] 2020-02-04 22:31:36.946225: Step 3140: Cross entropy = 0.472857
INFO:tensorflow:2020-02-04 22:31:37.017575: Step 3140: Validation accuracy = 45.0% (N=100)
I0204 22:31:37.017650 140545278417792 retrain.py:1100] 2020-02-04 22:31:37.017575: Step 3140: Validation accuracy = 45.0% (N=100)
INFO:tensorflow:2020-02-04 22:31:37.781479: Step 3150: Train accuracy = 83.0%
I0204 22:31:37.781536 140545278417792 retrain.py:1082] 2020-02-04 22:31:37.781479: Step 3150: Train accuracy = 83.0%
INFO:tensorflow:2020-02-04 22:31:37.781710: Step 3150: Cross entropy = 0.479284
I0204 22:31:37.781731 140545278417792 retrain.py:1084] 2020-02-04 22:31:37.781710: Step 3150: Cross entropy = 0.479284
INFO:tensorflow:2020-02-04 22:31:37.854038: Step 3150: Validation accuracy = 39.0% (N=100)
I0204 22:31:37.854097 140545278417792 retrain.py:1100] 2020-02-04 22:31:37.854038: Step 3150: Validation accuracy = 39.0% (N=100)
INFO:tensorflow:2020-02-04 22:31:38.606040: Step 3160: Train accuracy = 83.0%
I0204 22:31:38.606107 140545278417792 retrain.py:1082] 2020-02-04 22:31:38.606040: Step 3160: Train accuracy = 83.0%
INFO:tensorflow:2020-02-04 22:31:38.606275: Step 3160: Cross entropy = 0.488593
I0204 22:31:38.606293 140545278417792 retrain.py:1084] 2020-02-04 22:31:38.606275: Step 3160: Cross entropy = 0.488593
INFO:tensorflow:2020-02-04 22:31:38.679592: Step 3160: Validation accuracy = 40.0% (N=100)
I0204 22:31:38.679649 140545278417792 retrain.py:1100] 2020-02-04 22:31:38.679592: Step 3160: Validation accuracy = 40.0% (N=100)
INFO:tensorflow:2020-02-04 22:31:39.436469: Step 3170: Train accuracy = 87.0%
I0204 22:31:39.436542 140545278417792 retrain.py:1082] 2020-02-04 22:31:39.436469: Step 3170: Train accuracy = 87.0%
INFO:tensorflow:2020-02-04 22:31:39.436719: Step 3170: Cross entropy = 0.483788
I0204 22:31:39.436747 140545278417792 retrain.py:1084] 2020-02-04 22:31:39.436719: Step 3170: Cross entropy = 0.483788
INFO:tensorflow:2020-02-04 22:31:39.509900: Step 3170: Validation accuracy = 40.0% (N=100)
I0204 22:31:39.509997 140545278417792 retrain.py:1100] 2020-02-04 22:31:39.509900: Step 3170: Validation accuracy = 40.0% (N=100)
INFO:tensorflow:2020-02-04 22:31:40.267843: Step 3180: Train accuracy = 79.0%
I0204 22:31:40.267911 140545278417792 retrain.py:1082] 2020-02-04 22:31:40.267843: Step 3180: Train accuracy = 79.0%
INFO:tensorflow:2020-02-04 22:31:40.268074: Step 3180: Cross entropy = 0.476653
I0204 22:31:40.268093 140545278417792 retrain.py:1084] 2020-02-04 22:31:40.268074: Step 3180: Cross entropy = 0.476653
INFO:tensorflow:2020-02-04 22:31:40.341343: Step 3180: Validation accuracy = 42.0% (N=100)
I0204 22:31:40.341410 140545278417792 retrain.py:1100] 2020-02-04 22:31:40.341343: Step 3180: Validation accuracy = 42.0% (N=100)
INFO:tensorflow:2020-02-04 22:31:41.103092: Step 3190: Train accuracy = 84.0%
I0204 22:31:41.103170 140545278417792 retrain.py:1082] 2020-02-04 22:31:41.103092: Step 3190: Train accuracy = 84.0%
INFO:tensorflow:2020-02-04 22:31:41.103350: Step 3190: Cross entropy = 0.479290
I0204 22:31:41.103371 140545278417792 retrain.py:1084] 2020-02-04 22:31:41.103350: Step 3190: Cross entropy = 0.479290
INFO:tensorflow:2020-02-04 22:31:41.177653: Step 3190: Validation accuracy = 34.0% (N=100)
I0204 22:31:41.177735 140545278417792 retrain.py:1100] 2020-02-04 22:31:41.177653: Step 3190: Validation accuracy = 34.0% (N=100)
INFO:tensorflow:2020-02-04 22:31:42.002229: Step 3200: Train accuracy = 86.0%
I0204 22:31:42.002297 140545278417792 retrain.py:1082] 2020-02-04 22:31:42.002229: Step 3200: Train accuracy = 86.0%
INFO:tensorflow:2020-02-04 22:31:42.002472: Step 3200: Cross entropy = 0.444394
I0204 22:31:42.002487 140545278417792 retrain.py:1084] 2020-02-04 22:31:42.002472: Step 3200: Cross entropy = 0.444394
INFO:tensorflow:2020-02-04 22:31:42.077091: Step 3200: Validation accuracy = 31.0% (N=100)
I0204 22:31:42.077150 140545278417792 retrain.py:1100] 2020-02-04 22:31:42.077091: Step 3200: Validation accuracy = 31.0% (N=100)
INFO:tensorflow:2020-02-04 22:31:42.848567: Step 3210: Train accuracy = 75.0%
I0204 22:31:42.848659 140545278417792 retrain.py:1082] 2020-02-04 22:31:42.848567: Step 3210: Train accuracy = 75.0%
INFO:tensorflow:2020-02-04 22:31:42.848817: Step 3210: Cross entropy = 0.508318
I0204 22:31:42.848835 140545278417792 retrain.py:1084] 2020-02-04 22:31:42.848817: Step 3210: Cross entropy = 0.508318
INFO:tensorflow:2020-02-04 22:31:42.922402: Step 3210: Validation accuracy = 53.0% (N=100)
I0204 22:31:42.922459 140545278417792 retrain.py:1100] 2020-02-04 22:31:42.922402: Step 3210: Validation accuracy = 53.0% (N=100)
INFO:tensorflow:2020-02-04 22:31:43.681971: Step 3220: Train accuracy = 87.0%
I0204 22:31:43.682039 140545278417792 retrain.py:1082] 2020-02-04 22:31:43.681971: Step 3220: Train accuracy = 87.0%
INFO:tensorflow:2020-02-04 22:31:43.682189: Step 3220: Cross entropy = 0.466774
I0204 22:31:43.682213 140545278417792 retrain.py:1084] 2020-02-04 22:31:43.682189: Step 3220: Cross entropy = 0.466774
INFO:tensorflow:2020-02-04 22:31:43.753973: Step 3220: Validation accuracy = 38.0% (N=100)
I0204 22:31:43.754033 140545278417792 retrain.py:1100] 2020-02-04 22:31:43.753973: Step 3220: Validation accuracy = 38.0% (N=100)
INFO:tensorflow:2020-02-04 22:31:44.505306: Step 3230: Train accuracy = 82.0%
I0204 22:31:44.505387 140545278417792 retrain.py:1082] 2020-02-04 22:31:44.505306: Step 3230: Train accuracy = 82.0%
INFO:tensorflow:2020-02-04 22:31:44.505561: Step 3230: Cross entropy = 0.471970
I0204 22:31:44.505578 140545278417792 retrain.py:1084] 2020-02-04 22:31:44.505561: Step 3230: Cross entropy = 0.471970
INFO:tensorflow:2020-02-04 22:31:44.578351: Step 3230: Validation accuracy = 40.0% (N=100)
I0204 22:31:44.578424 140545278417792 retrain.py:1100] 2020-02-04 22:31:44.578351: Step 3230: Validation accuracy = 40.0% (N=100)
INFO:tensorflow:2020-02-04 22:31:45.329425: Step 3240: Train accuracy = 83.0%
I0204 22:31:45.329506 140545278417792 retrain.py:1082] 2020-02-04 22:31:45.329425: Step 3240: Train accuracy = 83.0%
INFO:tensorflow:2020-02-04 22:31:45.329640: Step 3240: Cross entropy = 0.471940
I0204 22:31:45.329660 140545278417792 retrain.py:1084] 2020-02-04 22:31:45.329640: Step 3240: Cross entropy = 0.471940
INFO:tensorflow:2020-02-04 22:31:45.402004: Step 3240: Validation accuracy = 24.0% (N=100)
I0204 22:31:45.402061 140545278417792 retrain.py:1100] 2020-02-04 22:31:45.402004: Step 3240: Validation accuracy = 24.0% (N=100)
INFO:tensorflow:2020-02-04 22:31:46.151845: Step 3250: Train accuracy = 82.0%
I0204 22:31:46.151916 140545278417792 retrain.py:1082] 2020-02-04 22:31:46.151845: Step 3250: Train accuracy = 82.0%
INFO:tensorflow:2020-02-04 22:31:46.152070: Step 3250: Cross entropy = 0.460315
I0204 22:31:46.152099 140545278417792 retrain.py:1084] 2020-02-04 22:31:46.152070: Step 3250: Cross entropy = 0.460315
INFO:tensorflow:2020-02-04 22:31:46.224792: Step 3250: Validation accuracy = 41.0% (N=100)
I0204 22:31:46.224851 140545278417792 retrain.py:1100] 2020-02-04 22:31:46.224792: Step 3250: Validation accuracy = 41.0% (N=100)
INFO:tensorflow:2020-02-04 22:31:46.974921: Step 3260: Train accuracy = 83.0%
I0204 22:31:46.974987 140545278417792 retrain.py:1082] 2020-02-04 22:31:46.974921: Step 3260: Train accuracy = 83.0%
INFO:tensorflow:2020-02-04 22:31:46.975147: Step 3260: Cross entropy = 0.471921
I0204 22:31:46.975165 140545278417792 retrain.py:1084] 2020-02-04 22:31:46.975147: Step 3260: Cross entropy = 0.471921
INFO:tensorflow:2020-02-04 22:31:47.047230: Step 3260: Validation accuracy = 36.0% (N=100)
I0204 22:31:47.047299 140545278417792 retrain.py:1100] 2020-02-04 22:31:47.047230: Step 3260: Validation accuracy = 36.0% (N=100)
INFO:tensorflow:2020-02-04 22:31:47.802496: Step 3270: Train accuracy = 80.0%
I0204 22:31:47.802553 140545278417792 retrain.py:1082] 2020-02-04 22:31:47.802496: Step 3270: Train accuracy = 80.0%
INFO:tensorflow:2020-02-04 22:31:47.802746: Step 3270: Cross entropy = 0.459224
I0204 22:31:47.802767 140545278417792 retrain.py:1084] 2020-02-04 22:31:47.802746: Step 3270: Cross entropy = 0.459224
INFO:tensorflow:2020-02-04 22:31:47.873880: Step 3270: Validation accuracy = 46.0% (N=100)
I0204 22:31:47.873962 140545278417792 retrain.py:1100] 2020-02-04 22:31:47.873880: Step 3270: Validation accuracy = 46.0% (N=100)
INFO:tensorflow:2020-02-04 22:31:48.629977: Step 3280: Train accuracy = 88.0%
I0204 22:31:48.630043 140545278417792 retrain.py:1082] 2020-02-04 22:31:48.629977: Step 3280: Train accuracy = 88.0%
INFO:tensorflow:2020-02-04 22:31:48.630211: Step 3280: Cross entropy = 0.479194
I0204 22:31:48.630230 140545278417792 retrain.py:1084] 2020-02-04 22:31:48.630211: Step 3280: Cross entropy = 0.479194
INFO:tensorflow:2020-02-04 22:31:48.703510: Step 3280: Validation accuracy = 37.0% (N=100)
I0204 22:31:48.703593 140545278417792 retrain.py:1100] 2020-02-04 22:31:48.703510: Step 3280: Validation accuracy = 37.0% (N=100)
INFO:tensorflow:2020-02-04 22:31:49.458319: Step 3290: Train accuracy = 84.0%
I0204 22:31:49.458387 140545278417792 retrain.py:1082] 2020-02-04 22:31:49.458319: Step 3290: Train accuracy = 84.0%
INFO:tensorflow:2020-02-04 22:31:49.458562: Step 3290: Cross entropy = 0.482386
I0204 22:31:49.458592 140545278417792 retrain.py:1084] 2020-02-04 22:31:49.458562: Step 3290: Cross entropy = 0.482386
INFO:tensorflow:2020-02-04 22:31:49.532647: Step 3290: Validation accuracy = 44.0% (N=100)
I0204 22:31:49.532729 140545278417792 retrain.py:1100] 2020-02-04 22:31:49.532647: Step 3290: Validation accuracy = 44.0% (N=100)
INFO:tensorflow:2020-02-04 22:31:50.283726: Step 3300: Train accuracy = 89.0%
I0204 22:31:50.283792 140545278417792 retrain.py:1082] 2020-02-04 22:31:50.283726: Step 3300: Train accuracy = 89.0%
INFO:tensorflow:2020-02-04 22:31:50.283997: Step 3300: Cross entropy = 0.476064
I0204 22:31:50.284019 140545278417792 retrain.py:1084] 2020-02-04 22:31:50.283997: Step 3300: Cross entropy = 0.476064
INFO:tensorflow:2020-02-04 22:31:50.355854: Step 3300: Validation accuracy = 38.0% (N=100)
I0204 22:31:50.355913 140545278417792 retrain.py:1100] 2020-02-04 22:31:50.355854: Step 3300: Validation accuracy = 38.0% (N=100)
INFO:tensorflow:2020-02-04 22:31:51.103459: Step 3310: Train accuracy = 92.0%
I0204 22:31:51.103532 140545278417792 retrain.py:1082] 2020-02-04 22:31:51.103459: Step 3310: Train accuracy = 92.0%
INFO:tensorflow:2020-02-04 22:31:51.103675: Step 3310: Cross entropy = 0.457005
I0204 22:31:51.103723 140545278417792 retrain.py:1084] 2020-02-04 22:31:51.103675: Step 3310: Cross entropy = 0.457005
INFO:tensorflow:2020-02-04 22:31:51.176399: Step 3310: Validation accuracy = 33.0% (N=100)
I0204 22:31:51.176469 140545278417792 retrain.py:1100] 2020-02-04 22:31:51.176399: Step 3310: Validation accuracy = 33.0% (N=100)
INFO:tensorflow:2020-02-04 22:31:51.930111: Step 3320: Train accuracy = 82.0%
I0204 22:31:51.930168 140545278417792 retrain.py:1082] 2020-02-04 22:31:51.930111: Step 3320: Train accuracy = 82.0%
INFO:tensorflow:2020-02-04 22:31:51.930349: Step 3320: Cross entropy = 0.476759
I0204 22:31:51.930367 140545278417792 retrain.py:1084] 2020-02-04 22:31:51.930349: Step 3320: Cross entropy = 0.476759
INFO:tensorflow:2020-02-04 22:31:52.003081: Step 3320: Validation accuracy = 35.0% (N=100)
I0204 22:31:52.003154 140545278417792 retrain.py:1100] 2020-02-04 22:31:52.003081: Step 3320: Validation accuracy = 35.0% (N=100)
INFO:tensorflow:2020-02-04 22:31:52.760478: Step 3330: Train accuracy = 87.0%
I0204 22:31:52.760536 140545278417792 retrain.py:1082] 2020-02-04 22:31:52.760478: Step 3330: Train accuracy = 87.0%
INFO:tensorflow:2020-02-04 22:31:52.760712: Step 3330: Cross entropy = 0.458809
I0204 22:31:52.760730 140545278417792 retrain.py:1084] 2020-02-04 22:31:52.760712: Step 3330: Cross entropy = 0.458809
INFO:tensorflow:2020-02-04 22:31:52.834648: Step 3330: Validation accuracy = 37.0% (N=100)
I0204 22:31:52.834730 140545278417792 retrain.py:1100] 2020-02-04 22:31:52.834648: Step 3330: Validation accuracy = 37.0% (N=100)
INFO:tensorflow:2020-02-04 22:31:53.583325: Step 3340: Train accuracy = 88.0%
I0204 22:31:53.583396 140545278417792 retrain.py:1082] 2020-02-04 22:31:53.583325: Step 3340: Train accuracy = 88.0%
INFO:tensorflow:2020-02-04 22:31:53.583568: Step 3340: Cross entropy = 0.434762
I0204 22:31:53.583587 140545278417792 retrain.py:1084] 2020-02-04 22:31:53.583568: Step 3340: Cross entropy = 0.434762
INFO:tensorflow:2020-02-04 22:31:53.657419: Step 3340: Validation accuracy = 35.0% (N=100)
I0204 22:31:53.657476 140545278417792 retrain.py:1100] 2020-02-04 22:31:53.657419: Step 3340: Validation accuracy = 35.0% (N=100)
INFO:tensorflow:2020-02-04 22:31:54.412058: Step 3350: Train accuracy = 86.0%
I0204 22:31:54.412126 140545278417792 retrain.py:1082] 2020-02-04 22:31:54.412058: Step 3350: Train accuracy = 86.0%
INFO:tensorflow:2020-02-04 22:31:54.412278: Step 3350: Cross entropy = 0.451567
I0204 22:31:54.412304 140545278417792 retrain.py:1084] 2020-02-04 22:31:54.412278: Step 3350: Cross entropy = 0.451567
INFO:tensorflow:2020-02-04 22:31:54.484019: Step 3350: Validation accuracy = 40.0% (N=100)
I0204 22:31:54.484091 140545278417792 retrain.py:1100] 2020-02-04 22:31:54.484019: Step 3350: Validation accuracy = 40.0% (N=100)
INFO:tensorflow:2020-02-04 22:31:55.240870: Step 3360: Train accuracy = 85.0%
I0204 22:31:55.240928 140545278417792 retrain.py:1082] 2020-02-04 22:31:55.240870: Step 3360: Train accuracy = 85.0%
INFO:tensorflow:2020-02-04 22:31:55.241128: Step 3360: Cross entropy = 0.477777
I0204 22:31:55.241150 140545278417792 retrain.py:1084] 2020-02-04 22:31:55.241128: Step 3360: Cross entropy = 0.477777
INFO:tensorflow:2020-02-04 22:31:55.318586: Step 3360: Validation accuracy = 40.0% (N=100)
I0204 22:31:55.318666 140545278417792 retrain.py:1100] 2020-02-04 22:31:55.318586: Step 3360: Validation accuracy = 40.0% (N=100)
INFO:tensorflow:2020-02-04 22:31:56.077648: Step 3370: Train accuracy = 89.0%
I0204 22:31:56.077705 140545278417792 retrain.py:1082] 2020-02-04 22:31:56.077648: Step 3370: Train accuracy = 89.0%
INFO:tensorflow:2020-02-04 22:31:56.077877: Step 3370: Cross entropy = 0.447470
I0204 22:31:56.077894 140545278417792 retrain.py:1084] 2020-02-04 22:31:56.077877: Step 3370: Cross entropy = 0.447470
INFO:tensorflow:2020-02-04 22:31:56.152335: Step 3370: Validation accuracy = 35.0% (N=100)
I0204 22:31:56.152421 140545278417792 retrain.py:1100] 2020-02-04 22:31:56.152335: Step 3370: Validation accuracy = 35.0% (N=100)
INFO:tensorflow:2020-02-04 22:31:56.907618: Step 3380: Train accuracy = 90.0%
I0204 22:31:56.907690 140545278417792 retrain.py:1082] 2020-02-04 22:31:56.907618: Step 3380: Train accuracy = 90.0%
INFO:tensorflow:2020-02-04 22:31:56.907881: Step 3380: Cross entropy = 0.420137
I0204 22:31:56.907898 140545278417792 retrain.py:1084] 2020-02-04 22:31:56.907881: Step 3380: Cross entropy = 0.420137
INFO:tensorflow:2020-02-04 22:31:56.980530: Step 3380: Validation accuracy = 33.0% (N=100)
I0204 22:31:56.980587 140545278417792 retrain.py:1100] 2020-02-04 22:31:56.980530: Step 3380: Validation accuracy = 33.0% (N=100)
INFO:tensorflow:2020-02-04 22:31:57.749753: Step 3390: Train accuracy = 82.0%
I0204 22:31:57.749810 140545278417792 retrain.py:1082] 2020-02-04 22:31:57.749753: Step 3390: Train accuracy = 82.0%
INFO:tensorflow:2020-02-04 22:31:57.750014: Step 3390: Cross entropy = 0.463532
I0204 22:31:57.750035 140545278417792 retrain.py:1084] 2020-02-04 22:31:57.750014: Step 3390: Cross entropy = 0.463532
INFO:tensorflow:2020-02-04 22:31:57.823720: Step 3390: Validation accuracy = 43.0% (N=100)
I0204 22:31:57.823787 140545278417792 retrain.py:1100] 2020-02-04 22:31:57.823720: Step 3390: Validation accuracy = 43.0% (N=100)
INFO:tensorflow:2020-02-04 22:31:58.581831: Step 3400: Train accuracy = 87.0%
I0204 22:31:58.581888 140545278417792 retrain.py:1082] 2020-02-04 22:31:58.581831: Step 3400: Train accuracy = 87.0%
INFO:tensorflow:2020-02-04 22:31:58.582077: Step 3400: Cross entropy = 0.499173
I0204 22:31:58.582096 140545278417792 retrain.py:1084] 2020-02-04 22:31:58.582077: Step 3400: Cross entropy = 0.499173
INFO:tensorflow:2020-02-04 22:31:58.656179: Step 3400: Validation accuracy = 42.0% (N=100)
I0204 22:31:58.656248 140545278417792 retrain.py:1100] 2020-02-04 22:31:58.656179: Step 3400: Validation accuracy = 42.0% (N=100)
INFO:tensorflow:2020-02-04 22:31:59.414201: Step 3410: Train accuracy = 91.0%
I0204 22:31:59.414280 140545278417792 retrain.py:1082] 2020-02-04 22:31:59.414201: Step 3410: Train accuracy = 91.0%
INFO:tensorflow:2020-02-04 22:31:59.414423: Step 3410: Cross entropy = 0.455284
I0204 22:31:59.414445 140545278417792 retrain.py:1084] 2020-02-04 22:31:59.414423: Step 3410: Cross entropy = 0.455284
INFO:tensorflow:2020-02-04 22:31:59.487988: Step 3410: Validation accuracy = 44.0% (N=100)
I0204 22:31:59.488048 140545278417792 retrain.py:1100] 2020-02-04 22:31:59.487988: Step 3410: Validation accuracy = 44.0% (N=100)
INFO:tensorflow:2020-02-04 22:32:00.238224: Step 3420: Train accuracy = 90.0%
I0204 22:32:00.238296 140545278417792 retrain.py:1082] 2020-02-04 22:32:00.238224: Step 3420: Train accuracy = 90.0%
INFO:tensorflow:2020-02-04 22:32:00.238439: Step 3420: Cross entropy = 0.452553
I0204 22:32:00.238459 140545278417792 retrain.py:1084] 2020-02-04 22:32:00.238439: Step 3420: Cross entropy = 0.452553
INFO:tensorflow:2020-02-04 22:32:00.313442: Step 3420: Validation accuracy = 47.0% (N=100)
I0204 22:32:00.313523 140545278417792 retrain.py:1100] 2020-02-04 22:32:00.313442: Step 3420: Validation accuracy = 47.0% (N=100)
INFO:tensorflow:2020-02-04 22:32:01.085220: Step 3430: Train accuracy = 82.0%
I0204 22:32:01.085292 140545278417792 retrain.py:1082] 2020-02-04 22:32:01.085220: Step 3430: Train accuracy = 82.0%
INFO:tensorflow:2020-02-04 22:32:01.085439: Step 3430: Cross entropy = 0.475431
I0204 22:32:01.085467 140545278417792 retrain.py:1084] 2020-02-04 22:32:01.085439: Step 3430: Cross entropy = 0.475431
INFO:tensorflow:2020-02-04 22:32:01.158017: Step 3430: Validation accuracy = 43.0% (N=100)
I0204 22:32:01.158074 140545278417792 retrain.py:1100] 2020-02-04 22:32:01.158017: Step 3430: Validation accuracy = 43.0% (N=100)
INFO:tensorflow:2020-02-04 22:32:01.908520: Step 3440: Train accuracy = 87.0%
I0204 22:32:01.908578 140545278417792 retrain.py:1082] 2020-02-04 22:32:01.908520: Step 3440: Train accuracy = 87.0%
INFO:tensorflow:2020-02-04 22:32:01.908756: Step 3440: Cross entropy = 0.451341
I0204 22:32:01.908774 140545278417792 retrain.py:1084] 2020-02-04 22:32:01.908756: Step 3440: Cross entropy = 0.451341
INFO:tensorflow:2020-02-04 22:32:01.981166: Step 3440: Validation accuracy = 32.0% (N=100)
I0204 22:32:01.981246 140545278417792 retrain.py:1100] 2020-02-04 22:32:01.981166: Step 3440: Validation accuracy = 32.0% (N=100)
INFO:tensorflow:2020-02-04 22:32:02.736266: Step 3450: Train accuracy = 82.0%
I0204 22:32:02.736346 140545278417792 retrain.py:1082] 2020-02-04 22:32:02.736266: Step 3450: Train accuracy = 82.0%
INFO:tensorflow:2020-02-04 22:32:02.736491: Step 3450: Cross entropy = 0.467621
I0204 22:32:02.736508 140545278417792 retrain.py:1084] 2020-02-04 22:32:02.736491: Step 3450: Cross entropy = 0.467621
INFO:tensorflow:2020-02-04 22:32:02.810323: Step 3450: Validation accuracy = 38.0% (N=100)
I0204 22:32:02.810405 140545278417792 retrain.py:1100] 2020-02-04 22:32:02.810323: Step 3450: Validation accuracy = 38.0% (N=100)
INFO:tensorflow:2020-02-04 22:32:03.573388: Step 3460: Train accuracy = 84.0%
I0204 22:32:03.573446 140545278417792 retrain.py:1082] 2020-02-04 22:32:03.573388: Step 3460: Train accuracy = 84.0%
INFO:tensorflow:2020-02-04 22:32:03.573626: Step 3460: Cross entropy = 0.506588
I0204 22:32:03.573649 140545278417792 retrain.py:1084] 2020-02-04 22:32:03.573626: Step 3460: Cross entropy = 0.506588
INFO:tensorflow:2020-02-04 22:32:03.647314: Step 3460: Validation accuracy = 33.0% (N=100)
I0204 22:32:03.647371 140545278417792 retrain.py:1100] 2020-02-04 22:32:03.647314: Step 3460: Validation accuracy = 33.0% (N=100)
INFO:tensorflow:2020-02-04 22:32:04.395248: Step 3470: Train accuracy = 81.0%
I0204 22:32:04.395318 140545278417792 retrain.py:1082] 2020-02-04 22:32:04.395248: Step 3470: Train accuracy = 81.0%
INFO:tensorflow:2020-02-04 22:32:04.395495: Step 3470: Cross entropy = 0.495684
I0204 22:32:04.395512 140545278417792 retrain.py:1084] 2020-02-04 22:32:04.395495: Step 3470: Cross entropy = 0.495684
INFO:tensorflow:2020-02-04 22:32:04.470720: Step 3470: Validation accuracy = 31.0% (N=100)
I0204 22:32:04.470785 140545278417792 retrain.py:1100] 2020-02-04 22:32:04.470720: Step 3470: Validation accuracy = 31.0% (N=100)
INFO:tensorflow:2020-02-04 22:32:05.222371: Step 3480: Train accuracy = 86.0%
I0204 22:32:05.222444 140545278417792 retrain.py:1082] 2020-02-04 22:32:05.222371: Step 3480: Train accuracy = 86.0%
INFO:tensorflow:2020-02-04 22:32:05.222576: Step 3480: Cross entropy = 0.480398
I0204 22:32:05.222627 140545278417792 retrain.py:1084] 2020-02-04 22:32:05.222576: Step 3480: Cross entropy = 0.480398
INFO:tensorflow:2020-02-04 22:32:05.293772: Step 3480: Validation accuracy = 32.0% (N=100)
I0204 22:32:05.293829 140545278417792 retrain.py:1100] 2020-02-04 22:32:05.293772: Step 3480: Validation accuracy = 32.0% (N=100)
INFO:tensorflow:2020-02-04 22:32:06.043546: Step 3490: Train accuracy = 86.0%
I0204 22:32:06.043617 140545278417792 retrain.py:1082] 2020-02-04 22:32:06.043546: Step 3490: Train accuracy = 86.0%
INFO:tensorflow:2020-02-04 22:32:06.043760: Step 3490: Cross entropy = 0.467040
I0204 22:32:06.043790 140545278417792 retrain.py:1084] 2020-02-04 22:32:06.043760: Step 3490: Cross entropy = 0.467040
INFO:tensorflow:2020-02-04 22:32:06.118879: Step 3490: Validation accuracy = 42.0% (N=100)
I0204 22:32:06.118940 140545278417792 retrain.py:1100] 2020-02-04 22:32:06.118879: Step 3490: Validation accuracy = 42.0% (N=100)
INFO:tensorflow:2020-02-04 22:32:06.878480: Step 3500: Train accuracy = 77.0%
I0204 22:32:06.878548 140545278417792 retrain.py:1082] 2020-02-04 22:32:06.878480: Step 3500: Train accuracy = 77.0%
INFO:tensorflow:2020-02-04 22:32:06.878728: Step 3500: Cross entropy = 0.519819
I0204 22:32:06.878750 140545278417792 retrain.py:1084] 2020-02-04 22:32:06.878728: Step 3500: Cross entropy = 0.519819
INFO:tensorflow:2020-02-04 22:32:06.951952: Step 3500: Validation accuracy = 39.0% (N=100)
I0204 22:32:06.952036 140545278417792 retrain.py:1100] 2020-02-04 22:32:06.951952: Step 3500: Validation accuracy = 39.0% (N=100)
INFO:tensorflow:2020-02-04 22:32:07.710039: Step 3510: Train accuracy = 89.0%
I0204 22:32:07.710096 140545278417792 retrain.py:1082] 2020-02-04 22:32:07.710039: Step 3510: Train accuracy = 89.0%
INFO:tensorflow:2020-02-04 22:32:07.710277: Step 3510: Cross entropy = 0.434407
I0204 22:32:07.710296 140545278417792 retrain.py:1084] 2020-02-04 22:32:07.710277: Step 3510: Cross entropy = 0.434407
INFO:tensorflow:2020-02-04 22:32:07.782861: Step 3510: Validation accuracy = 45.0% (N=100)
I0204 22:32:07.782919 140545278417792 retrain.py:1100] 2020-02-04 22:32:07.782861: Step 3510: Validation accuracy = 45.0% (N=100)
INFO:tensorflow:2020-02-04 22:32:08.547793: Step 3520: Train accuracy = 82.0%
I0204 22:32:08.547852 140545278417792 retrain.py:1082] 2020-02-04 22:32:08.547793: Step 3520: Train accuracy = 82.0%
INFO:tensorflow:2020-02-04 22:32:08.548045: Step 3520: Cross entropy = 0.457567
I0204 22:32:08.548065 140545278417792 retrain.py:1084] 2020-02-04 22:32:08.548045: Step 3520: Cross entropy = 0.457567
INFO:tensorflow:2020-02-04 22:32:08.621826: Step 3520: Validation accuracy = 39.0% (N=100)
I0204 22:32:08.621904 140545278417792 retrain.py:1100] 2020-02-04 22:32:08.621826: Step 3520: Validation accuracy = 39.0% (N=100)
INFO:tensorflow:2020-02-04 22:32:09.388827: Step 3530: Train accuracy = 93.0%
I0204 22:32:09.388910 140545278417792 retrain.py:1082] 2020-02-04 22:32:09.388827: Step 3530: Train accuracy = 93.0%
INFO:tensorflow:2020-02-04 22:32:09.389061: Step 3530: Cross entropy = 0.430020
I0204 22:32:09.389089 140545278417792 retrain.py:1084] 2020-02-04 22:32:09.389061: Step 3530: Cross entropy = 0.430020
INFO:tensorflow:2020-02-04 22:32:09.464398: Step 3530: Validation accuracy = 44.0% (N=100)
I0204 22:32:09.464455 140545278417792 retrain.py:1100] 2020-02-04 22:32:09.464398: Step 3530: Validation accuracy = 44.0% (N=100)
INFO:tensorflow:2020-02-04 22:32:10.225974: Step 3540: Train accuracy = 87.0%
I0204 22:32:10.226043 140545278417792 retrain.py:1082] 2020-02-04 22:32:10.225974: Step 3540: Train accuracy = 87.0%
INFO:tensorflow:2020-02-04 22:32:10.226226: Step 3540: Cross entropy = 0.458696
I0204 22:32:10.226249 140545278417792 retrain.py:1084] 2020-02-04 22:32:10.226226: Step 3540: Cross entropy = 0.458696
INFO:tensorflow:2020-02-04 22:32:10.297257: Step 3540: Validation accuracy = 40.0% (N=100)
I0204 22:32:10.297314 140545278417792 retrain.py:1100] 2020-02-04 22:32:10.297257: Step 3540: Validation accuracy = 40.0% (N=100)
INFO:tensorflow:2020-02-04 22:32:11.057493: Step 3550: Train accuracy = 86.0%
I0204 22:32:11.057551 140545278417792 retrain.py:1082] 2020-02-04 22:32:11.057493: Step 3550: Train accuracy = 86.0%
INFO:tensorflow:2020-02-04 22:32:11.057739: Step 3550: Cross entropy = 0.470502
I0204 22:32:11.057763 140545278417792 retrain.py:1084] 2020-02-04 22:32:11.057739: Step 3550: Cross entropy = 0.470502
INFO:tensorflow:2020-02-04 22:32:11.130951: Step 3550: Validation accuracy = 39.0% (N=100)
I0204 22:32:11.131021 140545278417792 retrain.py:1100] 2020-02-04 22:32:11.130951: Step 3550: Validation accuracy = 39.0% (N=100)
INFO:tensorflow:2020-02-04 22:32:11.880067: Step 3560: Train accuracy = 88.0%
I0204 22:32:11.880136 140545278417792 retrain.py:1082] 2020-02-04 22:32:11.880067: Step 3560: Train accuracy = 88.0%
INFO:tensorflow:2020-02-04 22:32:11.880322: Step 3560: Cross entropy = 0.460841
I0204 22:32:11.880349 140545278417792 retrain.py:1084] 2020-02-04 22:32:11.880322: Step 3560: Cross entropy = 0.460841
INFO:tensorflow:2020-02-04 22:32:11.953536: Step 3560: Validation accuracy = 36.0% (N=100)
I0204 22:32:11.953604 140545278417792 retrain.py:1100] 2020-02-04 22:32:11.953536: Step 3560: Validation accuracy = 36.0% (N=100)
INFO:tensorflow:2020-02-04 22:32:12.716779: Step 3570: Train accuracy = 82.0%
I0204 22:32:12.716846 140545278417792 retrain.py:1082] 2020-02-04 22:32:12.716779: Step 3570: Train accuracy = 82.0%
INFO:tensorflow:2020-02-04 22:32:12.717017: Step 3570: Cross entropy = 0.450403
I0204 22:32:12.717035 140545278417792 retrain.py:1084] 2020-02-04 22:32:12.717017: Step 3570: Cross entropy = 0.450403
INFO:tensorflow:2020-02-04 22:32:12.788923: Step 3570: Validation accuracy = 39.0% (N=100)
I0204 22:32:12.788996 140545278417792 retrain.py:1100] 2020-02-04 22:32:12.788923: Step 3570: Validation accuracy = 39.0% (N=100)
INFO:tensorflow:2020-02-04 22:32:13.545353: Step 3580: Train accuracy = 83.0%
I0204 22:32:13.545414 140545278417792 retrain.py:1082] 2020-02-04 22:32:13.545353: Step 3580: Train accuracy = 83.0%
INFO:tensorflow:2020-02-04 22:32:13.545599: Step 3580: Cross entropy = 0.484023
I0204 22:32:13.545614 140545278417792 retrain.py:1084] 2020-02-04 22:32:13.545599: Step 3580: Cross entropy = 0.484023
INFO:tensorflow:2020-02-04 22:32:13.617307: Step 3580: Validation accuracy = 43.0% (N=100)
I0204 22:32:13.617363 140545278417792 retrain.py:1100] 2020-02-04 22:32:13.617307: Step 3580: Validation accuracy = 43.0% (N=100)
INFO:tensorflow:2020-02-04 22:32:14.372874: Step 3590: Train accuracy = 85.0%
I0204 22:32:14.372931 140545278417792 retrain.py:1082] 2020-02-04 22:32:14.372874: Step 3590: Train accuracy = 85.0%
INFO:tensorflow:2020-02-04 22:32:14.373100: Step 3590: Cross entropy = 0.464844
I0204 22:32:14.373119 140545278417792 retrain.py:1084] 2020-02-04 22:32:14.373100: Step 3590: Cross entropy = 0.464844
INFO:tensorflow:2020-02-04 22:32:14.444542: Step 3590: Validation accuracy = 49.0% (N=100)
I0204 22:32:14.444623 140545278417792 retrain.py:1100] 2020-02-04 22:32:14.444542: Step 3590: Validation accuracy = 49.0% (N=100)
INFO:tensorflow:2020-02-04 22:32:15.210399: Step 3600: Train accuracy = 87.0%
I0204 22:32:15.210466 140545278417792 retrain.py:1082] 2020-02-04 22:32:15.210399: Step 3600: Train accuracy = 87.0%
INFO:tensorflow:2020-02-04 22:32:15.210635: Step 3600: Cross entropy = 0.480460
I0204 22:32:15.210666 140545278417792 retrain.py:1084] 2020-02-04 22:32:15.210635: Step 3600: Cross entropy = 0.480460
INFO:tensorflow:2020-02-04 22:32:15.283515: Step 3600: Validation accuracy = 43.0% (N=100)
I0204 22:32:15.283596 140545278417792 retrain.py:1100] 2020-02-04 22:32:15.283515: Step 3600: Validation accuracy = 43.0% (N=100)
INFO:tensorflow:2020-02-04 22:32:16.035654: Step 3610: Train accuracy = 86.0%
I0204 22:32:16.035726 140545278417792 retrain.py:1082] 2020-02-04 22:32:16.035654: Step 3610: Train accuracy = 86.0%
INFO:tensorflow:2020-02-04 22:32:16.035898: Step 3610: Cross entropy = 0.480601
I0204 22:32:16.035929 140545278417792 retrain.py:1084] 2020-02-04 22:32:16.035898: Step 3610: Cross entropy = 0.480601
INFO:tensorflow:2020-02-04 22:32:16.112372: Step 3610: Validation accuracy = 43.0% (N=100)
I0204 22:32:16.112451 140545278417792 retrain.py:1100] 2020-02-04 22:32:16.112372: Step 3610: Validation accuracy = 43.0% (N=100)
INFO:tensorflow:2020-02-04 22:32:16.874604: Step 3620: Train accuracy = 86.0%
I0204 22:32:16.874671 140545278417792 retrain.py:1082] 2020-02-04 22:32:16.874604: Step 3620: Train accuracy = 86.0%
INFO:tensorflow:2020-02-04 22:32:16.874821: Step 3620: Cross entropy = 0.442997
I0204 22:32:16.874850 140545278417792 retrain.py:1084] 2020-02-04 22:32:16.874821: Step 3620: Cross entropy = 0.442997
INFO:tensorflow:2020-02-04 22:32:16.949483: Step 3620: Validation accuracy = 37.0% (N=100)
I0204 22:32:16.949553 140545278417792 retrain.py:1100] 2020-02-04 22:32:16.949483: Step 3620: Validation accuracy = 37.0% (N=100)
INFO:tensorflow:2020-02-04 22:32:17.711918: Step 3630: Train accuracy = 87.0%
I0204 22:32:17.711986 140545278417792 retrain.py:1082] 2020-02-04 22:32:17.711918: Step 3630: Train accuracy = 87.0%
INFO:tensorflow:2020-02-04 22:32:17.712158: Step 3630: Cross entropy = 0.471605
I0204 22:32:17.712178 140545278417792 retrain.py:1084] 2020-02-04 22:32:17.712158: Step 3630: Cross entropy = 0.471605
INFO:tensorflow:2020-02-04 22:32:17.785306: Step 3630: Validation accuracy = 30.0% (N=100)
I0204 22:32:17.785389 140545278417792 retrain.py:1100] 2020-02-04 22:32:17.785306: Step 3630: Validation accuracy = 30.0% (N=100)
INFO:tensorflow:2020-02-04 22:32:18.538496: Step 3640: Train accuracy = 90.0%
I0204 22:32:18.538573 140545278417792 retrain.py:1082] 2020-02-04 22:32:18.538496: Step 3640: Train accuracy = 90.0%
INFO:tensorflow:2020-02-04 22:32:18.538740: Step 3640: Cross entropy = 0.437310
I0204 22:32:18.538769 140545278417792 retrain.py:1084] 2020-02-04 22:32:18.538740: Step 3640: Cross entropy = 0.437310
INFO:tensorflow:2020-02-04 22:32:18.615349: Step 3640: Validation accuracy = 39.0% (N=100)
I0204 22:32:18.615433 140545278417792 retrain.py:1100] 2020-02-04 22:32:18.615349: Step 3640: Validation accuracy = 39.0% (N=100)
INFO:tensorflow:2020-02-04 22:32:19.377005: Step 3650: Train accuracy = 80.0%
I0204 22:32:19.377073 140545278417792 retrain.py:1082] 2020-02-04 22:32:19.377005: Step 3650: Train accuracy = 80.0%
INFO:tensorflow:2020-02-04 22:32:19.377246: Step 3650: Cross entropy = 0.494995
I0204 22:32:19.377268 140545278417792 retrain.py:1084] 2020-02-04 22:32:19.377246: Step 3650: Cross entropy = 0.494995
INFO:tensorflow:2020-02-04 22:32:19.449319: Step 3650: Validation accuracy = 42.0% (N=100)
I0204 22:32:19.449383 140545278417792 retrain.py:1100] 2020-02-04 22:32:19.449319: Step 3650: Validation accuracy = 42.0% (N=100)
INFO:tensorflow:2020-02-04 22:32:20.207442: Step 3660: Train accuracy = 84.0%
I0204 22:32:20.207497 140545278417792 retrain.py:1082] 2020-02-04 22:32:20.207442: Step 3660: Train accuracy = 84.0%
INFO:tensorflow:2020-02-04 22:32:20.207671: Step 3660: Cross entropy = 0.474910
I0204 22:32:20.207701 140545278417792 retrain.py:1084] 2020-02-04 22:32:20.207671: Step 3660: Cross entropy = 0.474910
INFO:tensorflow:2020-02-04 22:32:20.279410: Step 3660: Validation accuracy = 41.0% (N=100)
I0204 22:32:20.279469 140545278417792 retrain.py:1100] 2020-02-04 22:32:20.279410: Step 3660: Validation accuracy = 41.0% (N=100)
INFO:tensorflow:2020-02-04 22:32:21.038533: Step 3670: Train accuracy = 88.0%
I0204 22:32:21.038601 140545278417792 retrain.py:1082] 2020-02-04 22:32:21.038533: Step 3670: Train accuracy = 88.0%
INFO:tensorflow:2020-02-04 22:32:21.038769: Step 3670: Cross entropy = 0.455320
I0204 22:32:21.038797 140545278417792 retrain.py:1084] 2020-02-04 22:32:21.038769: Step 3670: Cross entropy = 0.455320
INFO:tensorflow:2020-02-04 22:32:21.112438: Step 3670: Validation accuracy = 45.0% (N=100)
I0204 22:32:21.112550 140545278417792 retrain.py:1100] 2020-02-04 22:32:21.112438: Step 3670: Validation accuracy = 45.0% (N=100)
INFO:tensorflow:2020-02-04 22:32:21.878552: Step 3680: Train accuracy = 83.0%
I0204 22:32:21.878620 140545278417792 retrain.py:1082] 2020-02-04 22:32:21.878552: Step 3680: Train accuracy = 83.0%
INFO:tensorflow:2020-02-04 22:32:21.878780: Step 3680: Cross entropy = 0.498860
I0204 22:32:21.878797 140545278417792 retrain.py:1084] 2020-02-04 22:32:21.878780: Step 3680: Cross entropy = 0.498860
INFO:tensorflow:2020-02-04 22:32:21.951303: Step 3680: Validation accuracy = 37.0% (N=100)
I0204 22:32:21.951381 140545278417792 retrain.py:1100] 2020-02-04 22:32:21.951303: Step 3680: Validation accuracy = 37.0% (N=100)
INFO:tensorflow:2020-02-04 22:32:22.708071: Step 3690: Train accuracy = 93.0%
I0204 22:32:22.708150 140545278417792 retrain.py:1082] 2020-02-04 22:32:22.708071: Step 3690: Train accuracy = 93.0%
INFO:tensorflow:2020-02-04 22:32:22.708294: Step 3690: Cross entropy = 0.422359
I0204 22:32:22.708319 140545278417792 retrain.py:1084] 2020-02-04 22:32:22.708294: Step 3690: Cross entropy = 0.422359
INFO:tensorflow:2020-02-04 22:32:22.783927: Step 3690: Validation accuracy = 40.0% (N=100)
I0204 22:32:22.783985 140545278417792 retrain.py:1100] 2020-02-04 22:32:22.783927: Step 3690: Validation accuracy = 40.0% (N=100)
INFO:tensorflow:2020-02-04 22:32:23.543068: Step 3700: Train accuracy = 87.0%
I0204 22:32:23.543125 140545278417792 retrain.py:1082] 2020-02-04 22:32:23.543068: Step 3700: Train accuracy = 87.0%
INFO:tensorflow:2020-02-04 22:32:23.543294: Step 3700: Cross entropy = 0.474634
I0204 22:32:23.543309 140545278417792 retrain.py:1084] 2020-02-04 22:32:23.543294: Step 3700: Cross entropy = 0.474634
INFO:tensorflow:2020-02-04 22:32:23.616850: Step 3700: Validation accuracy = 37.0% (N=100)
I0204 22:32:23.616919 140545278417792 retrain.py:1100] 2020-02-04 22:32:23.616850: Step 3700: Validation accuracy = 37.0% (N=100)
INFO:tensorflow:2020-02-04 22:32:24.373827: Step 3710: Train accuracy = 86.0%
I0204 22:32:24.373916 140545278417792 retrain.py:1082] 2020-02-04 22:32:24.373827: Step 3710: Train accuracy = 86.0%
INFO:tensorflow:2020-02-04 22:32:24.374086: Step 3710: Cross entropy = 0.438407
I0204 22:32:24.374104 140545278417792 retrain.py:1084] 2020-02-04 22:32:24.374086: Step 3710: Cross entropy = 0.438407
INFO:tensorflow:2020-02-04 22:32:24.448841: Step 3710: Validation accuracy = 48.0% (N=100)
I0204 22:32:24.448911 140545278417792 retrain.py:1100] 2020-02-04 22:32:24.448841: Step 3710: Validation accuracy = 48.0% (N=100)
INFO:tensorflow:2020-02-04 22:32:25.203806: Step 3720: Train accuracy = 92.0%
I0204 22:32:25.203864 140545278417792 retrain.py:1082] 2020-02-04 22:32:25.203806: Step 3720: Train accuracy = 92.0%
INFO:tensorflow:2020-02-04 22:32:25.204046: Step 3720: Cross entropy = 0.444607
I0204 22:32:25.204064 140545278417792 retrain.py:1084] 2020-02-04 22:32:25.204046: Step 3720: Cross entropy = 0.444607
INFO:tensorflow:2020-02-04 22:32:25.275549: Step 3720: Validation accuracy = 41.0% (N=100)
I0204 22:32:25.275631 140545278417792 retrain.py:1100] 2020-02-04 22:32:25.275549: Step 3720: Validation accuracy = 41.0% (N=100)
INFO:tensorflow:2020-02-04 22:32:26.031515: Step 3730: Train accuracy = 92.0%
I0204 22:32:26.031583 140545278417792 retrain.py:1082] 2020-02-04 22:32:26.031515: Step 3730: Train accuracy = 92.0%
INFO:tensorflow:2020-02-04 22:32:26.031752: Step 3730: Cross entropy = 0.439038
I0204 22:32:26.031767 140545278417792 retrain.py:1084] 2020-02-04 22:32:26.031752: Step 3730: Cross entropy = 0.439038
INFO:tensorflow:2020-02-04 22:32:26.105459: Step 3730: Validation accuracy = 35.0% (N=100)
I0204 22:32:26.105548 140545278417792 retrain.py:1100] 2020-02-04 22:32:26.105459: Step 3730: Validation accuracy = 35.0% (N=100)
INFO:tensorflow:2020-02-04 22:32:26.888057: Step 3740: Train accuracy = 82.0%
I0204 22:32:26.888114 140545278417792 retrain.py:1082] 2020-02-04 22:32:26.888057: Step 3740: Train accuracy = 82.0%
INFO:tensorflow:2020-02-04 22:32:26.888279: Step 3740: Cross entropy = 0.464233
I0204 22:32:26.888307 140545278417792 retrain.py:1084] 2020-02-04 22:32:26.888279: Step 3740: Cross entropy = 0.464233
INFO:tensorflow:2020-02-04 22:32:26.959661: Step 3740: Validation accuracy = 24.0% (N=100)
I0204 22:32:26.959718 140545278417792 retrain.py:1100] 2020-02-04 22:32:26.959661: Step 3740: Validation accuracy = 24.0% (N=100)
INFO:tensorflow:2020-02-04 22:32:27.720489: Step 3750: Train accuracy = 90.0%
I0204 22:32:27.720548 140545278417792 retrain.py:1082] 2020-02-04 22:32:27.720489: Step 3750: Train accuracy = 90.0%
INFO:tensorflow:2020-02-04 22:32:27.720727: Step 3750: Cross entropy = 0.442402
I0204 22:32:27.720746 140545278417792 retrain.py:1084] 2020-02-04 22:32:27.720727: Step 3750: Cross entropy = 0.442402
INFO:tensorflow:2020-02-04 22:32:27.800501: Step 3750: Validation accuracy = 49.0% (N=100)
I0204 22:32:27.800572 140545278417792 retrain.py:1100] 2020-02-04 22:32:27.800501: Step 3750: Validation accuracy = 49.0% (N=100)
INFO:tensorflow:2020-02-04 22:32:28.564887: Step 3760: Train accuracy = 90.0%
I0204 22:32:28.564964 140545278417792 retrain.py:1082] 2020-02-04 22:32:28.564887: Step 3760: Train accuracy = 90.0%
INFO:tensorflow:2020-02-04 22:32:28.565121: Step 3760: Cross entropy = 0.404448
I0204 22:32:28.565139 140545278417792 retrain.py:1084] 2020-02-04 22:32:28.565121: Step 3760: Cross entropy = 0.404448
INFO:tensorflow:2020-02-04 22:32:28.638605: Step 3760: Validation accuracy = 43.0% (N=100)
I0204 22:32:28.638663 140545278417792 retrain.py:1100] 2020-02-04 22:32:28.638605: Step 3760: Validation accuracy = 43.0% (N=100)
INFO:tensorflow:2020-02-04 22:32:29.406505: Step 3770: Train accuracy = 88.0%
I0204 22:32:29.406577 140545278417792 retrain.py:1082] 2020-02-04 22:32:29.406505: Step 3770: Train accuracy = 88.0%
INFO:tensorflow:2020-02-04 22:32:29.406717: Step 3770: Cross entropy = 0.463547
I0204 22:32:29.406740 140545278417792 retrain.py:1084] 2020-02-04 22:32:29.406717: Step 3770: Cross entropy = 0.463547
INFO:tensorflow:2020-02-04 22:32:29.481599: Step 3770: Validation accuracy = 35.0% (N=100)
I0204 22:32:29.481680 140545278417792 retrain.py:1100] 2020-02-04 22:32:29.481599: Step 3770: Validation accuracy = 35.0% (N=100)
INFO:tensorflow:2020-02-04 22:32:30.241287: Step 3780: Train accuracy = 85.0%
I0204 22:32:30.241354 140545278417792 retrain.py:1082] 2020-02-04 22:32:30.241287: Step 3780: Train accuracy = 85.0%
INFO:tensorflow:2020-02-04 22:32:30.241520: Step 3780: Cross entropy = 0.447208
I0204 22:32:30.241543 140545278417792 retrain.py:1084] 2020-02-04 22:32:30.241520: Step 3780: Cross entropy = 0.447208
INFO:tensorflow:2020-02-04 22:32:30.315799: Step 3780: Validation accuracy = 39.0% (N=100)
I0204 22:32:30.315857 140545278417792 retrain.py:1100] 2020-02-04 22:32:30.315799: Step 3780: Validation accuracy = 39.0% (N=100)
INFO:tensorflow:2020-02-04 22:32:31.085335: Step 3790: Train accuracy = 86.0%
I0204 22:32:31.085393 140545278417792 retrain.py:1082] 2020-02-04 22:32:31.085335: Step 3790: Train accuracy = 86.0%
INFO:tensorflow:2020-02-04 22:32:31.085552: Step 3790: Cross entropy = 0.449397
I0204 22:32:31.085577 140545278417792 retrain.py:1084] 2020-02-04 22:32:31.085552: Step 3790: Cross entropy = 0.449397
INFO:tensorflow:2020-02-04 22:32:31.158654: Step 3790: Validation accuracy = 51.0% (N=100)
I0204 22:32:31.158724 140545278417792 retrain.py:1100] 2020-02-04 22:32:31.158654: Step 3790: Validation accuracy = 51.0% (N=100)
INFO:tensorflow:2020-02-04 22:32:31.913083: Step 3800: Train accuracy = 83.0%
I0204 22:32:31.913151 140545278417792 retrain.py:1082] 2020-02-04 22:32:31.913083: Step 3800: Train accuracy = 83.0%
INFO:tensorflow:2020-02-04 22:32:31.913323: Step 3800: Cross entropy = 0.453586
I0204 22:32:31.913345 140545278417792 retrain.py:1084] 2020-02-04 22:32:31.913323: Step 3800: Cross entropy = 0.453586
INFO:tensorflow:2020-02-04 22:32:31.987482: Step 3800: Validation accuracy = 32.0% (N=100)
I0204 22:32:31.987549 140545278417792 retrain.py:1100] 2020-02-04 22:32:31.987482: Step 3800: Validation accuracy = 32.0% (N=100)
INFO:tensorflow:2020-02-04 22:32:32.736122: Step 3810: Train accuracy = 85.0%
I0204 22:32:32.736181 140545278417792 retrain.py:1082] 2020-02-04 22:32:32.736122: Step 3810: Train accuracy = 85.0%
INFO:tensorflow:2020-02-04 22:32:32.736364: Step 3810: Cross entropy = 0.426541
I0204 22:32:32.736382 140545278417792 retrain.py:1084] 2020-02-04 22:32:32.736364: Step 3810: Cross entropy = 0.426541
INFO:tensorflow:2020-02-04 22:32:32.810884: Step 3810: Validation accuracy = 38.0% (N=100)
I0204 22:32:32.810942 140545278417792 retrain.py:1100] 2020-02-04 22:32:32.810884: Step 3810: Validation accuracy = 38.0% (N=100)
INFO:tensorflow:2020-02-04 22:32:33.566293: Step 3820: Train accuracy = 86.0%
I0204 22:32:33.566360 140545278417792 retrain.py:1082] 2020-02-04 22:32:33.566293: Step 3820: Train accuracy = 86.0%
INFO:tensorflow:2020-02-04 22:32:33.566513: Step 3820: Cross entropy = 0.487070
I0204 22:32:33.566530 140545278417792 retrain.py:1084] 2020-02-04 22:32:33.566513: Step 3820: Cross entropy = 0.487070
INFO:tensorflow:2020-02-04 22:32:33.640120: Step 3820: Validation accuracy = 38.0% (N=100)
I0204 22:32:33.640178 140545278417792 retrain.py:1100] 2020-02-04 22:32:33.640120: Step 3820: Validation accuracy = 38.0% (N=100)
INFO:tensorflow:2020-02-04 22:32:34.394770: Step 3830: Train accuracy = 85.0%
I0204 22:32:34.394852 140545278417792 retrain.py:1082] 2020-02-04 22:32:34.394770: Step 3830: Train accuracy = 85.0%
INFO:tensorflow:2020-02-04 22:32:34.395009: Step 3830: Cross entropy = 0.442110
I0204 22:32:34.395029 140545278417792 retrain.py:1084] 2020-02-04 22:32:34.395009: Step 3830: Cross entropy = 0.442110
INFO:tensorflow:2020-02-04 22:32:34.470503: Step 3830: Validation accuracy = 42.0% (N=100)
I0204 22:32:34.470562 140545278417792 retrain.py:1100] 2020-02-04 22:32:34.470503: Step 3830: Validation accuracy = 42.0% (N=100)
INFO:tensorflow:2020-02-04 22:32:35.227779: Step 3840: Train accuracy = 82.0%
I0204 22:32:35.227836 140545278417792 retrain.py:1082] 2020-02-04 22:32:35.227779: Step 3840: Train accuracy = 82.0%
INFO:tensorflow:2020-02-04 22:32:35.228026: Step 3840: Cross entropy = 0.462013
I0204 22:32:35.228044 140545278417792 retrain.py:1084] 2020-02-04 22:32:35.228026: Step 3840: Cross entropy = 0.462013
INFO:tensorflow:2020-02-04 22:32:35.301614: Step 3840: Validation accuracy = 51.0% (N=100)
I0204 22:32:35.301696 140545278417792 retrain.py:1100] 2020-02-04 22:32:35.301614: Step 3840: Validation accuracy = 51.0% (N=100)
INFO:tensorflow:2020-02-04 22:32:36.058614: Step 3850: Train accuracy = 85.0%
I0204 22:32:36.058670 140545278417792 retrain.py:1082] 2020-02-04 22:32:36.058614: Step 3850: Train accuracy = 85.0%
INFO:tensorflow:2020-02-04 22:32:36.058852: Step 3850: Cross entropy = 0.489346
I0204 22:32:36.058874 140545278417792 retrain.py:1084] 2020-02-04 22:32:36.058852: Step 3850: Cross entropy = 0.489346
INFO:tensorflow:2020-02-04 22:32:36.132518: Step 3850: Validation accuracy = 39.0% (N=100)
I0204 22:32:36.132574 140545278417792 retrain.py:1100] 2020-02-04 22:32:36.132518: Step 3850: Validation accuracy = 39.0% (N=100)
INFO:tensorflow:2020-02-04 22:32:36.884469: Step 3860: Train accuracy = 87.0%
I0204 22:32:36.884542 140545278417792 retrain.py:1082] 2020-02-04 22:32:36.884469: Step 3860: Train accuracy = 87.0%
INFO:tensorflow:2020-02-04 22:32:36.884723: Step 3860: Cross entropy = 0.451237
I0204 22:32:36.884743 140545278417792 retrain.py:1084] 2020-02-04 22:32:36.884723: Step 3860: Cross entropy = 0.451237
INFO:tensorflow:2020-02-04 22:32:36.956259: Step 3860: Validation accuracy = 36.0% (N=100)
I0204 22:32:36.956346 140545278417792 retrain.py:1100] 2020-02-04 22:32:36.956259: Step 3860: Validation accuracy = 36.0% (N=100)
INFO:tensorflow:2020-02-04 22:32:37.715855: Step 3870: Train accuracy = 88.0%
I0204 22:32:37.715914 140545278417792 retrain.py:1082] 2020-02-04 22:32:37.715855: Step 3870: Train accuracy = 88.0%
INFO:tensorflow:2020-02-04 22:32:37.716103: Step 3870: Cross entropy = 0.432539
I0204 22:32:37.716126 140545278417792 retrain.py:1084] 2020-02-04 22:32:37.716103: Step 3870: Cross entropy = 0.432539
INFO:tensorflow:2020-02-04 22:32:37.791103: Step 3870: Validation accuracy = 46.0% (N=100)
I0204 22:32:37.791188 140545278417792 retrain.py:1100] 2020-02-04 22:32:37.791103: Step 3870: Validation accuracy = 46.0% (N=100)
INFO:tensorflow:2020-02-04 22:32:38.557386: Step 3880: Train accuracy = 84.0%
I0204 22:32:38.557442 140545278417792 retrain.py:1082] 2020-02-04 22:32:38.557386: Step 3880: Train accuracy = 84.0%
INFO:tensorflow:2020-02-04 22:32:38.557633: Step 3880: Cross entropy = 0.437603
I0204 22:32:38.557657 140545278417792 retrain.py:1084] 2020-02-04 22:32:38.557633: Step 3880: Cross entropy = 0.437603
INFO:tensorflow:2020-02-04 22:32:38.633745: Step 3880: Validation accuracy = 44.0% (N=100)
I0204 22:32:38.633800 140545278417792 retrain.py:1100] 2020-02-04 22:32:38.633745: Step 3880: Validation accuracy = 44.0% (N=100)
INFO:tensorflow:2020-02-04 22:32:39.384215: Step 3890: Train accuracy = 81.0%
I0204 22:32:39.384274 140545278417792 retrain.py:1082] 2020-02-04 22:32:39.384215: Step 3890: Train accuracy = 81.0%
INFO:tensorflow:2020-02-04 22:32:39.384447: Step 3890: Cross entropy = 0.466141
I0204 22:32:39.384469 140545278417792 retrain.py:1084] 2020-02-04 22:32:39.384447: Step 3890: Cross entropy = 0.466141
INFO:tensorflow:2020-02-04 22:32:39.455818: Step 3890: Validation accuracy = 34.0% (N=100)
I0204 22:32:39.455900 140545278417792 retrain.py:1100] 2020-02-04 22:32:39.455818: Step 3890: Validation accuracy = 34.0% (N=100)
INFO:tensorflow:2020-02-04 22:32:40.217135: Step 3900: Train accuracy = 87.0%
I0204 22:32:40.217194 140545278417792 retrain.py:1082] 2020-02-04 22:32:40.217135: Step 3900: Train accuracy = 87.0%
INFO:tensorflow:2020-02-04 22:32:40.217396: Step 3900: Cross entropy = 0.494903
I0204 22:32:40.217417 140545278417792 retrain.py:1084] 2020-02-04 22:32:40.217396: Step 3900: Cross entropy = 0.494903
INFO:tensorflow:2020-02-04 22:32:40.289701: Step 3900: Validation accuracy = 30.0% (N=100)
I0204 22:32:40.289772 140545278417792 retrain.py:1100] 2020-02-04 22:32:40.289701: Step 3900: Validation accuracy = 30.0% (N=100)
INFO:tensorflow:2020-02-04 22:32:41.053565: Step 3910: Train accuracy = 79.0%
I0204 22:32:41.053622 140545278417792 retrain.py:1082] 2020-02-04 22:32:41.053565: Step 3910: Train accuracy = 79.0%
INFO:tensorflow:2020-02-04 22:32:41.053804: Step 3910: Cross entropy = 0.474135
I0204 22:32:41.053819 140545278417792 retrain.py:1084] 2020-02-04 22:32:41.053804: Step 3910: Cross entropy = 0.474135
INFO:tensorflow:2020-02-04 22:32:41.127578: Step 3910: Validation accuracy = 52.0% (N=100)
I0204 22:32:41.127653 140545278417792 retrain.py:1100] 2020-02-04 22:32:41.127578: Step 3910: Validation accuracy = 52.0% (N=100)
INFO:tensorflow:2020-02-04 22:32:41.889873: Step 3920: Train accuracy = 84.0%
I0204 22:32:41.889944 140545278417792 retrain.py:1082] 2020-02-04 22:32:41.889873: Step 3920: Train accuracy = 84.0%
INFO:tensorflow:2020-02-04 22:32:41.890113: Step 3920: Cross entropy = 0.468507
I0204 22:32:41.890131 140545278417792 retrain.py:1084] 2020-02-04 22:32:41.890113: Step 3920: Cross entropy = 0.468507
INFO:tensorflow:2020-02-04 22:32:42.000502: Step 3920: Validation accuracy = 45.0% (N=100)
I0204 22:32:42.000588 140545278417792 retrain.py:1100] 2020-02-04 22:32:42.000502: Step 3920: Validation accuracy = 45.0% (N=100)
INFO:tensorflow:2020-02-04 22:32:42.793076: Step 3930: Train accuracy = 93.0%
I0204 22:32:42.793146 140545278417792 retrain.py:1082] 2020-02-04 22:32:42.793076: Step 3930: Train accuracy = 93.0%
INFO:tensorflow:2020-02-04 22:32:42.793331: Step 3930: Cross entropy = 0.441615
I0204 22:32:42.793354 140545278417792 retrain.py:1084] 2020-02-04 22:32:42.793331: Step 3930: Cross entropy = 0.441615
INFO:tensorflow:2020-02-04 22:32:42.867490: Step 3930: Validation accuracy = 45.0% (N=100)
I0204 22:32:42.867547 140545278417792 retrain.py:1100] 2020-02-04 22:32:42.867490: Step 3930: Validation accuracy = 45.0% (N=100)
INFO:tensorflow:2020-02-04 22:32:43.654641: Step 3940: Train accuracy = 83.0%
I0204 22:32:43.654722 140545278417792 retrain.py:1082] 2020-02-04 22:32:43.654641: Step 3940: Train accuracy = 83.0%
INFO:tensorflow:2020-02-04 22:32:43.654875: Step 3940: Cross entropy = 0.448581
I0204 22:32:43.654898 140545278417792 retrain.py:1084] 2020-02-04 22:32:43.654875: Step 3940: Cross entropy = 0.448581
INFO:tensorflow:2020-02-04 22:32:43.730180: Step 3940: Validation accuracy = 61.0% (N=100)
I0204 22:32:43.730239 140545278417792 retrain.py:1100] 2020-02-04 22:32:43.730180: Step 3940: Validation accuracy = 61.0% (N=100)
INFO:tensorflow:2020-02-04 22:32:44.490649: Step 3950: Train accuracy = 94.0%
I0204 22:32:44.490706 140545278417792 retrain.py:1082] 2020-02-04 22:32:44.490649: Step 3950: Train accuracy = 94.0%
INFO:tensorflow:2020-02-04 22:32:44.490894: Step 3950: Cross entropy = 0.436291
I0204 22:32:44.490917 140545278417792 retrain.py:1084] 2020-02-04 22:32:44.490894: Step 3950: Cross entropy = 0.436291
INFO:tensorflow:2020-02-04 22:32:44.566445: Step 3950: Validation accuracy = 42.0% (N=100)
I0204 22:32:44.566504 140545278417792 retrain.py:1100] 2020-02-04 22:32:44.566445: Step 3950: Validation accuracy = 42.0% (N=100)
INFO:tensorflow:2020-02-04 22:32:45.329521: Step 3960: Train accuracy = 80.0%
I0204 22:32:45.329604 140545278417792 retrain.py:1082] 2020-02-04 22:32:45.329521: Step 3960: Train accuracy = 80.0%
INFO:tensorflow:2020-02-04 22:32:45.329749: Step 3960: Cross entropy = 0.456286
I0204 22:32:45.329787 140545278417792 retrain.py:1084] 2020-02-04 22:32:45.329749: Step 3960: Cross entropy = 0.456286
INFO:tensorflow:2020-02-04 22:32:45.401827: Step 3960: Validation accuracy = 40.0% (N=100)
I0204 22:32:45.401895 140545278417792 retrain.py:1100] 2020-02-04 22:32:45.401827: Step 3960: Validation accuracy = 40.0% (N=100)
INFO:tensorflow:2020-02-04 22:32:46.165719: Step 3970: Train accuracy = 86.0%
I0204 22:32:46.165787 140545278417792 retrain.py:1082] 2020-02-04 22:32:46.165719: Step 3970: Train accuracy = 86.0%
INFO:tensorflow:2020-02-04 22:32:46.165983: Step 3970: Cross entropy = 0.444015
I0204 22:32:46.166000 140545278417792 retrain.py:1084] 2020-02-04 22:32:46.165983: Step 3970: Cross entropy = 0.444015
INFO:tensorflow:2020-02-04 22:32:46.237716: Step 3970: Validation accuracy = 39.0% (N=100)
I0204 22:32:46.237796 140545278417792 retrain.py:1100] 2020-02-04 22:32:46.237716: Step 3970: Validation accuracy = 39.0% (N=100)
INFO:tensorflow:2020-02-04 22:32:47.018693: Step 3980: Train accuracy = 94.0%
I0204 22:32:47.018750 140545278417792 retrain.py:1082] 2020-02-04 22:32:47.018693: Step 3980: Train accuracy = 94.0%
INFO:tensorflow:2020-02-04 22:32:47.018908: Step 3980: Cross entropy = 0.425230
I0204 22:32:47.018924 140545278417792 retrain.py:1084] 2020-02-04 22:32:47.018908: Step 3980: Cross entropy = 0.425230
INFO:tensorflow:2020-02-04 22:32:47.094148: Step 3980: Validation accuracy = 33.0% (N=100)
I0204 22:32:47.094234 140545278417792 retrain.py:1100] 2020-02-04 22:32:47.094148: Step 3980: Validation accuracy = 33.0% (N=100)
INFO:tensorflow:2020-02-04 22:32:47.870622: Step 3990: Train accuracy = 83.0%
I0204 22:32:47.870680 140545278417792 retrain.py:1082] 2020-02-04 22:32:47.870622: Step 3990: Train accuracy = 83.0%
INFO:tensorflow:2020-02-04 22:32:47.870862: Step 3990: Cross entropy = 0.444399
I0204 22:32:47.870882 140545278417792 retrain.py:1084] 2020-02-04 22:32:47.870862: Step 3990: Cross entropy = 0.444399
INFO:tensorflow:2020-02-04 22:32:47.942278: Step 3990: Validation accuracy = 48.0% (N=100)
I0204 22:32:47.942337 140545278417792 retrain.py:1100] 2020-02-04 22:32:47.942278: Step 3990: Validation accuracy = 48.0% (N=100)
INFO:tensorflow:2020-02-04 22:32:48.630365: Step 3999: Train accuracy = 93.0%
I0204 22:32:48.630432 140545278417792 retrain.py:1082] 2020-02-04 22:32:48.630365: Step 3999: Train accuracy = 93.0%
INFO:tensorflow:2020-02-04 22:32:48.630602: Step 3999: Cross entropy = 0.426285
I0204 22:32:48.630622 140545278417792 retrain.py:1084] 2020-02-04 22:32:48.630602: Step 3999: Cross entropy = 0.426285
INFO:tensorflow:2020-02-04 22:32:48.705328: Step 3999: Validation accuracy = 36.0% (N=100)
I0204 22:32:48.705387 140545278417792 retrain.py:1100] 2020-02-04 22:32:48.705328: Step 3999: Validation accuracy = 36.0% (N=100)
INFO:tensorflow:Final test accuracy = 58.5% (N=41)
I0204 22:32:50.404074 140545278417792 retrain.py:1126] Final test accuracy = 58.5% (N=41)
WARNING:tensorflow:From /media/dbusaba/SharedData/University/Research/Rust/image_affinity/tensorflow/scripts/retrain.py:827: convert_variables_to_constants (from tensorflow.python.framework.graph_util_impl) is deprecated and will be removed in a future version.
Instructions for updating:
Use `tf.compat.v1.graph_util.convert_variables_to_constants`
W0204 22:32:50.525868 140545278417792 deprecation.py:323] From /media/dbusaba/SharedData/University/Research/Rust/image_affinity/tensorflow/scripts/retrain.py:827: convert_variables_to_constants (from tensorflow.python.framework.graph_util_impl) is deprecated and will be removed in a future version.
Instructions for updating:
Use `tf.compat.v1.graph_util.convert_variables_to_constants`
WARNING:tensorflow:From /home/dbusaba/.local/lib/python3.7/site-packages/tensorflow/python/framework/graph_util_impl.py:270: extract_sub_graph (from tensorflow.python.framework.graph_util_impl) is deprecated and will be removed in a future version.
Instructions for updating:
Use `tf.compat.v1.graph_util.extract_sub_graph`
W0204 22:32:50.526127 140545278417792 deprecation.py:323] From /home/dbusaba/.local/lib/python3.7/site-packages/tensorflow/python/framework/graph_util_impl.py:270: extract_sub_graph (from tensorflow.python.framework.graph_util_impl) is deprecated and will be removed in a future version.
Instructions for updating:
Use `tf.compat.v1.graph_util.extract_sub_graph`
INFO:tensorflow:Froze 2 variables.
I0204 22:32:50.645046 140545278417792 graph_util_impl.py:311] Froze 2 variables.
INFO:tensorflow:Converted 2 variables to const ops.
I0204 22:32:50.662924 140545278417792 graph_util_impl.py:364] Converted 2 variables to const ops.
