WARNING:tensorflow:From /media/dbusaba/SharedData/University/Research/Rust/image_affinity/tensorflow/scripts/retrain.py:1326: The name tf.app.run is deprecated. Please use tf.compat.v1.app.run instead.

WARNING:tensorflow:From /media/dbusaba/SharedData/University/Research/Rust/image_affinity/tensorflow/scripts/retrain.py:970: The name tf.logging.set_verbosity is deprecated. Please use tf.compat.v1.logging.set_verbosity instead.

W0105 21:16:22.839286 139687342254976 deprecation_wrapper.py:119] From /media/dbusaba/SharedData/University/Research/Rust/image_affinity/tensorflow/scripts/retrain.py:970: The name tf.logging.set_verbosity is deprecated. Please use tf.compat.v1.logging.set_verbosity instead.

WARNING:tensorflow:From /media/dbusaba/SharedData/University/Research/Rust/image_affinity/tensorflow/scripts/retrain.py:970: The name tf.logging.INFO is deprecated. Please use tf.compat.v1.logging.INFO instead.

W0105 21:16:22.839483 139687342254976 deprecation_wrapper.py:119] From /media/dbusaba/SharedData/University/Research/Rust/image_affinity/tensorflow/scripts/retrain.py:970: The name tf.logging.INFO is deprecated. Please use tf.compat.v1.logging.INFO instead.

WARNING:tensorflow:From /media/dbusaba/SharedData/University/Research/Rust/image_affinity/tensorflow/scripts/retrain.py:835: The name tf.gfile.Exists is deprecated. Please use tf.io.gfile.exists instead.

W0105 21:16:22.839739 139687342254976 deprecation_wrapper.py:119] From /media/dbusaba/SharedData/University/Research/Rust/image_affinity/tensorflow/scripts/retrain.py:835: The name tf.gfile.Exists is deprecated. Please use tf.io.gfile.exists instead.

WARNING:tensorflow:From /media/dbusaba/SharedData/University/Research/Rust/image_affinity/tensorflow/scripts/retrain.py:836: The name tf.gfile.DeleteRecursively is deprecated. Please use tf.io.gfile.rmtree instead.

W0105 21:16:22.839957 139687342254976 deprecation_wrapper.py:119] From /media/dbusaba/SharedData/University/Research/Rust/image_affinity/tensorflow/scripts/retrain.py:836: The name tf.gfile.DeleteRecursively is deprecated. Please use tf.io.gfile.rmtree instead.

WARNING:tensorflow:From /media/dbusaba/SharedData/University/Research/Rust/image_affinity/tensorflow/scripts/retrain.py:837: The name tf.gfile.MakeDirs is deprecated. Please use tf.io.gfile.makedirs instead.

W0105 21:16:22.860928 139687342254976 deprecation_wrapper.py:119] From /media/dbusaba/SharedData/University/Research/Rust/image_affinity/tensorflow/scripts/retrain.py:837: The name tf.gfile.MakeDirs is deprecated. Please use tf.io.gfile.makedirs instead.

WARNING:tensorflow:From /media/dbusaba/SharedData/University/Research/Rust/image_affinity/tensorflow/scripts/retrain.py:274: FastGFile.__init__ (from tensorflow.python.platform.gfile) is deprecated and will be removed in a future version.
Instructions for updating:
Use tf.gfile.GFile.
W0105 21:16:25.706960 139687342254976 deprecation.py:323] From /media/dbusaba/SharedData/University/Research/Rust/image_affinity/tensorflow/scripts/retrain.py:274: FastGFile.__init__ (from tensorflow.python.platform.gfile) is deprecated and will be removed in a future version.
Instructions for updating:
Use tf.gfile.GFile.
WARNING:tensorflow:From /media/dbusaba/SharedData/University/Research/Rust/image_affinity/tensorflow/scripts/retrain.py:275: The name tf.GraphDef is deprecated. Please use tf.compat.v1.GraphDef instead.

W0105 21:16:25.707182 139687342254976 deprecation_wrapper.py:119] From /media/dbusaba/SharedData/University/Research/Rust/image_affinity/tensorflow/scripts/retrain.py:275: The name tf.GraphDef is deprecated. Please use tf.compat.v1.GraphDef instead.

2020-01-05 21:16:26.098333: W tensorflow/core/framework/op_def_util.cc:357] Op BatchNormWithGlobalNormalization is deprecated. It will cease to work in GraphDef version 9. Use tf.nn.batch_normalization().
WARNING:tensorflow:From /media/dbusaba/SharedData/University/Research/Rust/image_affinity/tensorflow/scripts/retrain.py:156: The name tf.logging.info is deprecated. Please use tf.compat.v1.logging.info instead.

W0105 21:16:26.259265 139687342254976 deprecation_wrapper.py:119] From /media/dbusaba/SharedData/University/Research/Rust/image_affinity/tensorflow/scripts/retrain.py:156: The name tf.logging.info is deprecated. Please use tf.compat.v1.logging.info instead.

INFO:tensorflow:Looking for images in 'Abnormal'
I0105 21:16:26.259430 139687342254976 retrain.py:156] Looking for images in 'Abnormal'
INFO:tensorflow:Looking for images in 'Normal'
I0105 21:16:26.266688 139687342254976 retrain.py:156] Looking for images in 'Normal'
WARNING:tensorflow:From /media/dbusaba/SharedData/University/Research/Rust/image_affinity/tensorflow/scripts/retrain.py:1004: The name tf.Session is deprecated. Please use tf.compat.v1.Session instead.

W0105 21:16:26.280178 139687342254976 deprecation_wrapper.py:119] From /media/dbusaba/SharedData/University/Research/Rust/image_affinity/tensorflow/scripts/retrain.py:1004: The name tf.Session is deprecated. Please use tf.compat.v1.Session instead.

2020-01-05 21:16:26.280732: I tensorflow/core/platform/cpu_feature_guard.cc:142] Your CPU supports instructions that this TensorFlow binary was not compiled to use: AVX2 FMA
2020-01-05 21:16:26.306716: I tensorflow/core/platform/profile_utils/cpu_utils.cc:94] CPU Frequency: 2799925000 Hz
2020-01-05 21:16:26.307214: I tensorflow/compiler/xla/service/service.cc:168] XLA service 0x21ccf70 executing computations on platform Host. Devices:
2020-01-05 21:16:26.307287: I tensorflow/compiler/xla/service/service.cc:175]   StreamExecutor device (0): <undefined>, <undefined>
WARNING:tensorflow:From /media/dbusaba/SharedData/University/Research/Rust/image_affinity/tensorflow/scripts/retrain.py:954: The name tf.placeholder is deprecated. Please use tf.compat.v1.placeholder instead.

W0105 21:16:26.308021 139687342254976 deprecation_wrapper.py:119] From /media/dbusaba/SharedData/University/Research/Rust/image_affinity/tensorflow/scripts/retrain.py:954: The name tf.placeholder is deprecated. Please use tf.compat.v1.placeholder instead.

WARNING:tensorflow:From /media/dbusaba/SharedData/University/Research/Rust/image_affinity/tensorflow/scripts/retrain.py:960: The name tf.image.resize_bilinear is deprecated. Please use tf.compat.v1.image.resize_bilinear instead.

W0105 21:16:26.311674 139687342254976 deprecation_wrapper.py:119] From /media/dbusaba/SharedData/University/Research/Rust/image_affinity/tensorflow/scripts/retrain.py:960: The name tf.image.resize_bilinear is deprecated. Please use tf.compat.v1.image.resize_bilinear instead.

INFO:tensorflow:100 bottleneck files created.
I0105 21:16:26.384129 139687342254976 retrain.py:481] 100 bottleneck files created.
INFO:tensorflow:200 bottleneck files created.
I0105 21:16:26.441110 139687342254976 retrain.py:481] 200 bottleneck files created.
INFO:tensorflow:300 bottleneck files created.
I0105 21:16:26.494354 139687342254976 retrain.py:481] 300 bottleneck files created.
WARNING:tensorflow:From /media/dbusaba/SharedData/University/Research/Rust/image_affinity/tensorflow/scripts/retrain.py:758: The name tf.placeholder_with_default is deprecated. Please use tf.compat.v1.placeholder_with_default instead.

W0105 21:16:26.506659 139687342254976 deprecation_wrapper.py:119] From /media/dbusaba/SharedData/University/Research/Rust/image_affinity/tensorflow/scripts/retrain.py:758: The name tf.placeholder_with_default is deprecated. Please use tf.compat.v1.placeholder_with_default instead.

WARNING:tensorflow:From /media/dbusaba/SharedData/University/Research/Rust/image_affinity/tensorflow/scripts/retrain.py:772: The name tf.truncated_normal is deprecated. Please use tf.random.truncated_normal instead.

W0105 21:16:26.508195 139687342254976 deprecation_wrapper.py:119] From /media/dbusaba/SharedData/University/Research/Rust/image_affinity/tensorflow/scripts/retrain.py:772: The name tf.truncated_normal is deprecated. Please use tf.random.truncated_normal instead.

WARNING:tensorflow:From /media/dbusaba/SharedData/University/Research/Rust/image_affinity/tensorflow/scripts/retrain.py:726: The name tf.summary.scalar is deprecated. Please use tf.compat.v1.summary.scalar instead.

W0105 21:16:26.515797 139687342254976 deprecation_wrapper.py:119] From /media/dbusaba/SharedData/University/Research/Rust/image_affinity/tensorflow/scripts/retrain.py:726: The name tf.summary.scalar is deprecated. Please use tf.compat.v1.summary.scalar instead.

WARNING:tensorflow:From /media/dbusaba/SharedData/University/Research/Rust/image_affinity/tensorflow/scripts/retrain.py:732: The name tf.summary.histogram is deprecated. Please use tf.compat.v1.summary.histogram instead.

W0105 21:16:26.527602 139687342254976 deprecation_wrapper.py:119] From /media/dbusaba/SharedData/University/Research/Rust/image_affinity/tensorflow/scripts/retrain.py:732: The name tf.summary.histogram is deprecated. Please use tf.compat.v1.summary.histogram instead.

WARNING:tensorflow:From /media/dbusaba/SharedData/University/Research/Rust/image_affinity/tensorflow/scripts/retrain.py:790: softmax_cross_entropy_with_logits (from tensorflow.python.ops.nn_ops) is deprecated and will be removed in a future version.
Instructions for updating:

Future major versions of TensorFlow will allow gradients to flow
into the labels input on backprop by default.

See `tf.nn.softmax_cross_entropy_with_logits_v2`.

W0105 21:16:26.550858 139687342254976 deprecation.py:323] From /media/dbusaba/SharedData/University/Research/Rust/image_affinity/tensorflow/scripts/retrain.py:790: softmax_cross_entropy_with_logits (from tensorflow.python.ops.nn_ops) is deprecated and will be removed in a future version.
Instructions for updating:

Future major versions of TensorFlow will allow gradients to flow
into the labels input on backprop by default.

See `tf.nn.softmax_cross_entropy_with_logits_v2`.

WARNING:tensorflow:From /media/dbusaba/SharedData/University/Research/Rust/image_affinity/tensorflow/scripts/retrain.py:796: The name tf.train.GradientDescentOptimizer is deprecated. Please use tf.compat.v1.train.GradientDescentOptimizer instead.

W0105 21:16:26.569667 139687342254976 deprecation_wrapper.py:119] From /media/dbusaba/SharedData/University/Research/Rust/image_affinity/tensorflow/scripts/retrain.py:796: The name tf.train.GradientDescentOptimizer is deprecated. Please use tf.compat.v1.train.GradientDescentOptimizer instead.

WARNING:tensorflow:From /media/dbusaba/SharedData/University/Research/Rust/image_affinity/tensorflow/scripts/retrain.py:1038: The name tf.summary.merge_all is deprecated. Please use tf.compat.v1.summary.merge_all instead.

W0105 21:16:26.604465 139687342254976 deprecation_wrapper.py:119] From /media/dbusaba/SharedData/University/Research/Rust/image_affinity/tensorflow/scripts/retrain.py:1038: The name tf.summary.merge_all is deprecated. Please use tf.compat.v1.summary.merge_all instead.

WARNING:tensorflow:From /media/dbusaba/SharedData/University/Research/Rust/image_affinity/tensorflow/scripts/retrain.py:1039: The name tf.summary.FileWriter is deprecated. Please use tf.compat.v1.summary.FileWriter instead.

W0105 21:16:26.605612 139687342254976 deprecation_wrapper.py:119] From /media/dbusaba/SharedData/University/Research/Rust/image_affinity/tensorflow/scripts/retrain.py:1039: The name tf.summary.FileWriter is deprecated. Please use tf.compat.v1.summary.FileWriter instead.

2020-01-05 21:16:29.981567: W tensorflow/compiler/jit/mark_for_compilation_pass.cc:1412] (One-time warning): Not using XLA:CPU for cluster because envvar TF_XLA_FLAGS=--tf_xla_cpu_global_jit was not set.  If you want XLA:CPU, either set that envvar, or use experimental_jit_scope to enable XLA:CPU.  To confirm that XLA is active, pass --vmodule=xla_compilation_cache=1 (as a proper command-line flag, not via TF_XLA_FLAGS) or set the envvar XLA_FLAGS=--xla_hlo_profile.
INFO:tensorflow:2020-01-05 21:16:33.556110: Step 0: Train accuracy = 52.0%
I0105 21:16:33.556190 139687342254976 retrain.py:1082] 2020-01-05 21:16:33.556110: Step 0: Train accuracy = 52.0%
INFO:tensorflow:2020-01-05 21:16:33.556361: Step 0: Cross entropy = 0.686564
I0105 21:16:33.556379 139687342254976 retrain.py:1084] 2020-01-05 21:16:33.556361: Step 0: Cross entropy = 0.686564
INFO:tensorflow:2020-01-05 21:16:35.131159: Step 0: Validation accuracy = 57.0% (N=100)
I0105 21:16:35.131229 139687342254976 retrain.py:1100] 2020-01-05 21:16:35.131159: Step 0: Validation accuracy = 57.0% (N=100)
INFO:tensorflow:2020-01-05 21:16:35.849708: Step 10: Train accuracy = 54.0%
I0105 21:16:35.849766 139687342254976 retrain.py:1082] 2020-01-05 21:16:35.849708: Step 10: Train accuracy = 54.0%
INFO:tensorflow:2020-01-05 21:16:35.849929: Step 10: Cross entropy = 0.679089
I0105 21:16:35.849950 139687342254976 retrain.py:1084] 2020-01-05 21:16:35.849929: Step 10: Cross entropy = 0.679089
INFO:tensorflow:2020-01-05 21:16:35.919005: Step 10: Validation accuracy = 49.0% (N=100)
I0105 21:16:35.919060 139687342254976 retrain.py:1100] 2020-01-05 21:16:35.919005: Step 10: Validation accuracy = 49.0% (N=100)
INFO:tensorflow:2020-01-05 21:16:36.617643: Step 20: Train accuracy = 66.0%
I0105 21:16:36.617700 139687342254976 retrain.py:1082] 2020-01-05 21:16:36.617643: Step 20: Train accuracy = 66.0%
INFO:tensorflow:2020-01-05 21:16:36.617847: Step 20: Cross entropy = 0.674011
I0105 21:16:36.617879 139687342254976 retrain.py:1084] 2020-01-05 21:16:36.617847: Step 20: Cross entropy = 0.674011
INFO:tensorflow:2020-01-05 21:16:36.685000: Step 20: Validation accuracy = 29.0% (N=100)
I0105 21:16:36.685069 139687342254976 retrain.py:1100] 2020-01-05 21:16:36.685000: Step 20: Validation accuracy = 29.0% (N=100)
INFO:tensorflow:2020-01-05 21:16:37.364712: Step 30: Train accuracy = 61.0%
I0105 21:16:37.364769 139687342254976 retrain.py:1082] 2020-01-05 21:16:37.364712: Step 30: Train accuracy = 61.0%
INFO:tensorflow:2020-01-05 21:16:37.364909: Step 30: Cross entropy = 0.644888
I0105 21:16:37.364926 139687342254976 retrain.py:1084] 2020-01-05 21:16:37.364909: Step 30: Cross entropy = 0.644888
INFO:tensorflow:2020-01-05 21:16:37.430687: Step 30: Validation accuracy = 52.0% (N=100)
I0105 21:16:37.430744 139687342254976 retrain.py:1100] 2020-01-05 21:16:37.430687: Step 30: Validation accuracy = 52.0% (N=100)
INFO:tensorflow:2020-01-05 21:16:38.108477: Step 40: Train accuracy = 58.0%
I0105 21:16:38.108532 139687342254976 retrain.py:1082] 2020-01-05 21:16:38.108477: Step 40: Train accuracy = 58.0%
INFO:tensorflow:2020-01-05 21:16:38.108681: Step 40: Cross entropy = 0.654416
I0105 21:16:38.108699 139687342254976 retrain.py:1084] 2020-01-05 21:16:38.108681: Step 40: Cross entropy = 0.654416
INFO:tensorflow:2020-01-05 21:16:38.173909: Step 40: Validation accuracy = 57.0% (N=100)
I0105 21:16:38.173975 139687342254976 retrain.py:1100] 2020-01-05 21:16:38.173909: Step 40: Validation accuracy = 57.0% (N=100)
INFO:tensorflow:2020-01-05 21:16:38.895871: Step 50: Train accuracy = 62.0%
I0105 21:16:38.895929 139687342254976 retrain.py:1082] 2020-01-05 21:16:38.895871: Step 50: Train accuracy = 62.0%
INFO:tensorflow:2020-01-05 21:16:38.896066: Step 50: Cross entropy = 0.649286
I0105 21:16:38.896083 139687342254976 retrain.py:1084] 2020-01-05 21:16:38.896066: Step 50: Cross entropy = 0.649286
INFO:tensorflow:2020-01-05 21:16:38.962943: Step 50: Validation accuracy = 43.0% (N=100)
I0105 21:16:38.963011 139687342254976 retrain.py:1100] 2020-01-05 21:16:38.962943: Step 50: Validation accuracy = 43.0% (N=100)
INFO:tensorflow:2020-01-05 21:16:39.637390: Step 60: Train accuracy = 73.0%
I0105 21:16:39.637447 139687342254976 retrain.py:1082] 2020-01-05 21:16:39.637390: Step 60: Train accuracy = 73.0%
INFO:tensorflow:2020-01-05 21:16:39.637596: Step 60: Cross entropy = 0.623489
I0105 21:16:39.637615 139687342254976 retrain.py:1084] 2020-01-05 21:16:39.637596: Step 60: Cross entropy = 0.623489
INFO:tensorflow:2020-01-05 21:16:39.702423: Step 60: Validation accuracy = 36.0% (N=100)
I0105 21:16:39.702491 139687342254976 retrain.py:1100] 2020-01-05 21:16:39.702423: Step 60: Validation accuracy = 36.0% (N=100)
INFO:tensorflow:2020-01-05 21:16:40.383676: Step 70: Train accuracy = 61.0%
I0105 21:16:40.383741 139687342254976 retrain.py:1082] 2020-01-05 21:16:40.383676: Step 70: Train accuracy = 61.0%
INFO:tensorflow:2020-01-05 21:16:40.383897: Step 70: Cross entropy = 0.631555
I0105 21:16:40.383919 139687342254976 retrain.py:1084] 2020-01-05 21:16:40.383897: Step 70: Cross entropy = 0.631555
INFO:tensorflow:2020-01-05 21:16:40.452029: Step 70: Validation accuracy = 56.0% (N=100)
I0105 21:16:40.452086 139687342254976 retrain.py:1100] 2020-01-05 21:16:40.452029: Step 70: Validation accuracy = 56.0% (N=100)
INFO:tensorflow:2020-01-05 21:16:41.121267: Step 80: Train accuracy = 70.0%
I0105 21:16:41.121328 139687342254976 retrain.py:1082] 2020-01-05 21:16:41.121267: Step 80: Train accuracy = 70.0%
INFO:tensorflow:2020-01-05 21:16:41.121477: Step 80: Cross entropy = 0.624907
I0105 21:16:41.121491 139687342254976 retrain.py:1084] 2020-01-05 21:16:41.121477: Step 80: Cross entropy = 0.624907
INFO:tensorflow:2020-01-05 21:16:41.189804: Step 80: Validation accuracy = 42.0% (N=100)
I0105 21:16:41.189868 139687342254976 retrain.py:1100] 2020-01-05 21:16:41.189804: Step 80: Validation accuracy = 42.0% (N=100)
INFO:tensorflow:2020-01-05 21:16:41.875332: Step 90: Train accuracy = 72.0%
I0105 21:16:41.875384 139687342254976 retrain.py:1082] 2020-01-05 21:16:41.875332: Step 90: Train accuracy = 72.0%
INFO:tensorflow:2020-01-05 21:16:41.875546: Step 90: Cross entropy = 0.612887
I0105 21:16:41.875560 139687342254976 retrain.py:1084] 2020-01-05 21:16:41.875546: Step 90: Cross entropy = 0.612887
INFO:tensorflow:2020-01-05 21:16:41.940422: Step 90: Validation accuracy = 33.0% (N=100)
I0105 21:16:41.940514 139687342254976 retrain.py:1100] 2020-01-05 21:16:41.940422: Step 90: Validation accuracy = 33.0% (N=100)
INFO:tensorflow:2020-01-05 21:16:42.623557: Step 100: Train accuracy = 67.0%
I0105 21:16:42.623613 139687342254976 retrain.py:1082] 2020-01-05 21:16:42.623557: Step 100: Train accuracy = 67.0%
INFO:tensorflow:2020-01-05 21:16:42.623760: Step 100: Cross entropy = 0.609705
I0105 21:16:42.623781 139687342254976 retrain.py:1084] 2020-01-05 21:16:42.623760: Step 100: Cross entropy = 0.609705
INFO:tensorflow:2020-01-05 21:16:42.689192: Step 100: Validation accuracy = 36.0% (N=100)
I0105 21:16:42.689246 139687342254976 retrain.py:1100] 2020-01-05 21:16:42.689192: Step 100: Validation accuracy = 36.0% (N=100)
INFO:tensorflow:2020-01-05 21:16:43.369136: Step 110: Train accuracy = 75.0%
I0105 21:16:43.369193 139687342254976 retrain.py:1082] 2020-01-05 21:16:43.369136: Step 110: Train accuracy = 75.0%
INFO:tensorflow:2020-01-05 21:16:43.369345: Step 110: Cross entropy = 0.602843
I0105 21:16:43.369361 139687342254976 retrain.py:1084] 2020-01-05 21:16:43.369345: Step 110: Cross entropy = 0.602843
INFO:tensorflow:2020-01-05 21:16:43.434233: Step 110: Validation accuracy = 38.0% (N=100)
I0105 21:16:43.434289 139687342254976 retrain.py:1100] 2020-01-05 21:16:43.434233: Step 110: Validation accuracy = 38.0% (N=100)
INFO:tensorflow:2020-01-05 21:16:44.103953: Step 120: Train accuracy = 78.0%
I0105 21:16:44.104009 139687342254976 retrain.py:1082] 2020-01-05 21:16:44.103953: Step 120: Train accuracy = 78.0%
INFO:tensorflow:2020-01-05 21:16:44.104152: Step 120: Cross entropy = 0.583125
I0105 21:16:44.104166 139687342254976 retrain.py:1084] 2020-01-05 21:16:44.104152: Step 120: Cross entropy = 0.583125
INFO:tensorflow:2020-01-05 21:16:44.172900: Step 120: Validation accuracy = 48.0% (N=100)
I0105 21:16:44.172978 139687342254976 retrain.py:1100] 2020-01-05 21:16:44.172900: Step 120: Validation accuracy = 48.0% (N=100)
INFO:tensorflow:2020-01-05 21:16:44.857324: Step 130: Train accuracy = 78.0%
I0105 21:16:44.857381 139687342254976 retrain.py:1082] 2020-01-05 21:16:44.857324: Step 130: Train accuracy = 78.0%
INFO:tensorflow:2020-01-05 21:16:44.857539: Step 130: Cross entropy = 0.555143
I0105 21:16:44.857556 139687342254976 retrain.py:1084] 2020-01-05 21:16:44.857539: Step 130: Cross entropy = 0.555143
INFO:tensorflow:2020-01-05 21:16:44.922211: Step 130: Validation accuracy = 48.0% (N=100)
I0105 21:16:44.922265 139687342254976 retrain.py:1100] 2020-01-05 21:16:44.922211: Step 130: Validation accuracy = 48.0% (N=100)
INFO:tensorflow:2020-01-05 21:16:45.606447: Step 140: Train accuracy = 79.0%
I0105 21:16:45.606504 139687342254976 retrain.py:1082] 2020-01-05 21:16:45.606447: Step 140: Train accuracy = 79.0%
INFO:tensorflow:2020-01-05 21:16:45.606654: Step 140: Cross entropy = 0.563704
I0105 21:16:45.606672 139687342254976 retrain.py:1084] 2020-01-05 21:16:45.606654: Step 140: Cross entropy = 0.563704
INFO:tensorflow:2020-01-05 21:16:45.673591: Step 140: Validation accuracy = 42.0% (N=100)
I0105 21:16:45.673650 139687342254976 retrain.py:1100] 2020-01-05 21:16:45.673591: Step 140: Validation accuracy = 42.0% (N=100)
INFO:tensorflow:2020-01-05 21:16:46.370937: Step 150: Train accuracy = 77.0%
I0105 21:16:46.370994 139687342254976 retrain.py:1082] 2020-01-05 21:16:46.370937: Step 150: Train accuracy = 77.0%
INFO:tensorflow:2020-01-05 21:16:46.371146: Step 150: Cross entropy = 0.574182
I0105 21:16:46.371255 139687342254976 retrain.py:1084] 2020-01-05 21:16:46.371146: Step 150: Cross entropy = 0.574182
INFO:tensorflow:2020-01-05 21:16:46.441481: Step 150: Validation accuracy = 45.0% (N=100)
I0105 21:16:46.441537 139687342254976 retrain.py:1100] 2020-01-05 21:16:46.441481: Step 150: Validation accuracy = 45.0% (N=100)
INFO:tensorflow:2020-01-05 21:16:47.129003: Step 160: Train accuracy = 66.0%
I0105 21:16:47.129059 139687342254976 retrain.py:1082] 2020-01-05 21:16:47.129003: Step 160: Train accuracy = 66.0%
INFO:tensorflow:2020-01-05 21:16:47.129194: Step 160: Cross entropy = 0.593311
I0105 21:16:47.129212 139687342254976 retrain.py:1084] 2020-01-05 21:16:47.129194: Step 160: Cross entropy = 0.593311
INFO:tensorflow:2020-01-05 21:16:47.194155: Step 160: Validation accuracy = 52.0% (N=100)
I0105 21:16:47.194211 139687342254976 retrain.py:1100] 2020-01-05 21:16:47.194155: Step 160: Validation accuracy = 52.0% (N=100)
INFO:tensorflow:2020-01-05 21:16:47.874138: Step 170: Train accuracy = 77.0%
I0105 21:16:47.874195 139687342254976 retrain.py:1082] 2020-01-05 21:16:47.874138: Step 170: Train accuracy = 77.0%
INFO:tensorflow:2020-01-05 21:16:47.874332: Step 170: Cross entropy = 0.570514
I0105 21:16:47.874349 139687342254976 retrain.py:1084] 2020-01-05 21:16:47.874332: Step 170: Cross entropy = 0.570514
INFO:tensorflow:2020-01-05 21:16:47.939377: Step 170: Validation accuracy = 48.0% (N=100)
I0105 21:16:47.939431 139687342254976 retrain.py:1100] 2020-01-05 21:16:47.939377: Step 170: Validation accuracy = 48.0% (N=100)
INFO:tensorflow:2020-01-05 21:16:48.638845: Step 180: Train accuracy = 73.0%
I0105 21:16:48.638902 139687342254976 retrain.py:1082] 2020-01-05 21:16:48.638845: Step 180: Train accuracy = 73.0%
INFO:tensorflow:2020-01-05 21:16:48.639063: Step 180: Cross entropy = 0.566462
I0105 21:16:48.639087 139687342254976 retrain.py:1084] 2020-01-05 21:16:48.639063: Step 180: Cross entropy = 0.566462
INFO:tensorflow:2020-01-05 21:16:48.704328: Step 180: Validation accuracy = 56.0% (N=100)
I0105 21:16:48.704396 139687342254976 retrain.py:1100] 2020-01-05 21:16:48.704328: Step 180: Validation accuracy = 56.0% (N=100)
INFO:tensorflow:2020-01-05 21:16:49.390599: Step 190: Train accuracy = 70.0%
I0105 21:16:49.390659 139687342254976 retrain.py:1082] 2020-01-05 21:16:49.390599: Step 190: Train accuracy = 70.0%
INFO:tensorflow:2020-01-05 21:16:49.390802: Step 190: Cross entropy = 0.608410
I0105 21:16:49.390819 139687342254976 retrain.py:1084] 2020-01-05 21:16:49.390802: Step 190: Cross entropy = 0.608410
INFO:tensorflow:2020-01-05 21:16:49.456291: Step 190: Validation accuracy = 50.0% (N=100)
I0105 21:16:49.456342 139687342254976 retrain.py:1100] 2020-01-05 21:16:49.456291: Step 190: Validation accuracy = 50.0% (N=100)
INFO:tensorflow:2020-01-05 21:16:50.133614: Step 200: Train accuracy = 82.0%
I0105 21:16:50.133672 139687342254976 retrain.py:1082] 2020-01-05 21:16:50.133614: Step 200: Train accuracy = 82.0%
INFO:tensorflow:2020-01-05 21:16:50.133822: Step 200: Cross entropy = 0.551190
I0105 21:16:50.133922 139687342254976 retrain.py:1084] 2020-01-05 21:16:50.133822: Step 200: Cross entropy = 0.551190
INFO:tensorflow:2020-01-05 21:16:50.200306: Step 200: Validation accuracy = 42.0% (N=100)
I0105 21:16:50.200372 139687342254976 retrain.py:1100] 2020-01-05 21:16:50.200306: Step 200: Validation accuracy = 42.0% (N=100)
INFO:tensorflow:2020-01-05 21:16:50.883182: Step 210: Train accuracy = 81.0%
I0105 21:16:50.883239 139687342254976 retrain.py:1082] 2020-01-05 21:16:50.883182: Step 210: Train accuracy = 81.0%
INFO:tensorflow:2020-01-05 21:16:50.883366: Step 210: Cross entropy = 0.538969
I0105 21:16:50.883381 139687342254976 retrain.py:1084] 2020-01-05 21:16:50.883366: Step 210: Cross entropy = 0.538969
INFO:tensorflow:2020-01-05 21:16:50.948281: Step 210: Validation accuracy = 66.0% (N=100)
I0105 21:16:50.948348 139687342254976 retrain.py:1100] 2020-01-05 21:16:50.948281: Step 210: Validation accuracy = 66.0% (N=100)
INFO:tensorflow:2020-01-05 21:16:51.790088: Step 220: Train accuracy = 81.0%
I0105 21:16:51.790144 139687342254976 retrain.py:1082] 2020-01-05 21:16:51.790088: Step 220: Train accuracy = 81.0%
INFO:tensorflow:2020-01-05 21:16:51.790302: Step 220: Cross entropy = 0.543524
I0105 21:16:51.790320 139687342254976 retrain.py:1084] 2020-01-05 21:16:51.790302: Step 220: Cross entropy = 0.543524
INFO:tensorflow:2020-01-05 21:16:51.875020: Step 220: Validation accuracy = 39.0% (N=100)
I0105 21:16:51.875089 139687342254976 retrain.py:1100] 2020-01-05 21:16:51.875020: Step 220: Validation accuracy = 39.0% (N=100)
INFO:tensorflow:2020-01-05 21:16:52.735021: Step 230: Train accuracy = 77.0%
I0105 21:16:52.735087 139687342254976 retrain.py:1082] 2020-01-05 21:16:52.735021: Step 230: Train accuracy = 77.0%
INFO:tensorflow:2020-01-05 21:16:52.735223: Step 230: Cross entropy = 0.535411
I0105 21:16:52.735242 139687342254976 retrain.py:1084] 2020-01-05 21:16:52.735223: Step 230: Cross entropy = 0.535411
INFO:tensorflow:2020-01-05 21:16:52.817591: Step 230: Validation accuracy = 46.0% (N=100)
I0105 21:16:52.817650 139687342254976 retrain.py:1100] 2020-01-05 21:16:52.817591: Step 230: Validation accuracy = 46.0% (N=100)
INFO:tensorflow:2020-01-05 21:16:53.686113: Step 240: Train accuracy = 84.0%
I0105 21:16:53.686173 139687342254976 retrain.py:1082] 2020-01-05 21:16:53.686113: Step 240: Train accuracy = 84.0%
INFO:tensorflow:2020-01-05 21:16:53.686325: Step 240: Cross entropy = 0.519440
I0105 21:16:53.686343 139687342254976 retrain.py:1084] 2020-01-05 21:16:53.686325: Step 240: Cross entropy = 0.519440
INFO:tensorflow:2020-01-05 21:16:53.770633: Step 240: Validation accuracy = 39.0% (N=100)
I0105 21:16:53.770688 139687342254976 retrain.py:1100] 2020-01-05 21:16:53.770633: Step 240: Validation accuracy = 39.0% (N=100)
INFO:tensorflow:2020-01-05 21:16:54.539379: Step 250: Train accuracy = 78.0%
I0105 21:16:54.539436 139687342254976 retrain.py:1082] 2020-01-05 21:16:54.539379: Step 250: Train accuracy = 78.0%
INFO:tensorflow:2020-01-05 21:16:54.539588: Step 250: Cross entropy = 0.528410
I0105 21:16:54.539604 139687342254976 retrain.py:1084] 2020-01-05 21:16:54.539588: Step 250: Cross entropy = 0.528410
INFO:tensorflow:2020-01-05 21:16:54.604631: Step 250: Validation accuracy = 55.0% (N=100)
I0105 21:16:54.604687 139687342254976 retrain.py:1100] 2020-01-05 21:16:54.604631: Step 250: Validation accuracy = 55.0% (N=100)
INFO:tensorflow:2020-01-05 21:16:55.288401: Step 260: Train accuracy = 88.0%
I0105 21:16:55.288459 139687342254976 retrain.py:1082] 2020-01-05 21:16:55.288401: Step 260: Train accuracy = 88.0%
INFO:tensorflow:2020-01-05 21:16:55.288594: Step 260: Cross entropy = 0.498692
I0105 21:16:55.288612 139687342254976 retrain.py:1084] 2020-01-05 21:16:55.288594: Step 260: Cross entropy = 0.498692
INFO:tensorflow:2020-01-05 21:16:55.360340: Step 260: Validation accuracy = 57.0% (N=100)
I0105 21:16:55.360396 139687342254976 retrain.py:1100] 2020-01-05 21:16:55.360340: Step 260: Validation accuracy = 57.0% (N=100)
INFO:tensorflow:2020-01-05 21:16:56.039485: Step 270: Train accuracy = 78.0%
I0105 21:16:56.039543 139687342254976 retrain.py:1082] 2020-01-05 21:16:56.039485: Step 270: Train accuracy = 78.0%
INFO:tensorflow:2020-01-05 21:16:56.039695: Step 270: Cross entropy = 0.478111
I0105 21:16:56.039716 139687342254976 retrain.py:1084] 2020-01-05 21:16:56.039695: Step 270: Cross entropy = 0.478111
INFO:tensorflow:2020-01-05 21:16:56.108616: Step 270: Validation accuracy = 48.0% (N=100)
I0105 21:16:56.108673 139687342254976 retrain.py:1100] 2020-01-05 21:16:56.108616: Step 270: Validation accuracy = 48.0% (N=100)
INFO:tensorflow:2020-01-05 21:16:56.804769: Step 280: Train accuracy = 67.0%
I0105 21:16:56.804824 139687342254976 retrain.py:1082] 2020-01-05 21:16:56.804769: Step 280: Train accuracy = 67.0%
INFO:tensorflow:2020-01-05 21:16:56.804948: Step 280: Cross entropy = 0.513724
I0105 21:16:56.804963 139687342254976 retrain.py:1084] 2020-01-05 21:16:56.804948: Step 280: Cross entropy = 0.513724
INFO:tensorflow:2020-01-05 21:16:56.872171: Step 280: Validation accuracy = 63.0% (N=100)
I0105 21:16:56.872238 139687342254976 retrain.py:1100] 2020-01-05 21:16:56.872171: Step 280: Validation accuracy = 63.0% (N=100)
INFO:tensorflow:2020-01-05 21:16:57.556476: Step 290: Train accuracy = 80.0%
I0105 21:16:57.556539 139687342254976 retrain.py:1082] 2020-01-05 21:16:57.556476: Step 290: Train accuracy = 80.0%
INFO:tensorflow:2020-01-05 21:16:57.556697: Step 290: Cross entropy = 0.517791
I0105 21:16:57.556715 139687342254976 retrain.py:1084] 2020-01-05 21:16:57.556697: Step 290: Cross entropy = 0.517791
INFO:tensorflow:2020-01-05 21:16:57.622525: Step 290: Validation accuracy = 39.0% (N=100)
I0105 21:16:57.622583 139687342254976 retrain.py:1100] 2020-01-05 21:16:57.622525: Step 290: Validation accuracy = 39.0% (N=100)
INFO:tensorflow:2020-01-05 21:16:58.303241: Step 300: Train accuracy = 79.0%
I0105 21:16:58.303311 139687342254976 retrain.py:1082] 2020-01-05 21:16:58.303241: Step 300: Train accuracy = 79.0%
INFO:tensorflow:2020-01-05 21:16:58.303479: Step 300: Cross entropy = 0.523310
I0105 21:16:58.303493 139687342254976 retrain.py:1084] 2020-01-05 21:16:58.303479: Step 300: Cross entropy = 0.523310
INFO:tensorflow:2020-01-05 21:16:58.375381: Step 300: Validation accuracy = 47.0% (N=100)
I0105 21:16:58.375439 139687342254976 retrain.py:1100] 2020-01-05 21:16:58.375381: Step 300: Validation accuracy = 47.0% (N=100)
INFO:tensorflow:2020-01-05 21:16:59.053524: Step 310: Train accuracy = 84.0%
I0105 21:16:59.053580 139687342254976 retrain.py:1082] 2020-01-05 21:16:59.053524: Step 310: Train accuracy = 84.0%
INFO:tensorflow:2020-01-05 21:16:59.053719: Step 310: Cross entropy = 0.516227
I0105 21:16:59.053735 139687342254976 retrain.py:1084] 2020-01-05 21:16:59.053719: Step 310: Cross entropy = 0.516227
INFO:tensorflow:2020-01-05 21:16:59.118664: Step 310: Validation accuracy = 53.0% (N=100)
I0105 21:16:59.118718 139687342254976 retrain.py:1100] 2020-01-05 21:16:59.118664: Step 310: Validation accuracy = 53.0% (N=100)
INFO:tensorflow:2020-01-05 21:16:59.805310: Step 320: Train accuracy = 85.0%
I0105 21:16:59.805369 139687342254976 retrain.py:1082] 2020-01-05 21:16:59.805310: Step 320: Train accuracy = 85.0%
INFO:tensorflow:2020-01-05 21:16:59.805503: Step 320: Cross entropy = 0.505760
I0105 21:16:59.805521 139687342254976 retrain.py:1084] 2020-01-05 21:16:59.805503: Step 320: Cross entropy = 0.505760
INFO:tensorflow:2020-01-05 21:16:59.870011: Step 320: Validation accuracy = 51.0% (N=100)
I0105 21:16:59.870066 139687342254976 retrain.py:1100] 2020-01-05 21:16:59.870011: Step 320: Validation accuracy = 51.0% (N=100)
INFO:tensorflow:2020-01-05 21:17:00.547815: Step 330: Train accuracy = 92.0%
I0105 21:17:00.547871 139687342254976 retrain.py:1082] 2020-01-05 21:17:00.547815: Step 330: Train accuracy = 92.0%
INFO:tensorflow:2020-01-05 21:17:00.548028: Step 330: Cross entropy = 0.451598
I0105 21:17:00.548053 139687342254976 retrain.py:1084] 2020-01-05 21:17:00.548028: Step 330: Cross entropy = 0.451598
INFO:tensorflow:2020-01-05 21:17:00.613209: Step 330: Validation accuracy = 33.0% (N=100)
I0105 21:17:00.613263 139687342254976 retrain.py:1100] 2020-01-05 21:17:00.613209: Step 330: Validation accuracy = 33.0% (N=100)
INFO:tensorflow:2020-01-05 21:17:01.328000: Step 340: Train accuracy = 83.0%
I0105 21:17:01.328057 139687342254976 retrain.py:1082] 2020-01-05 21:17:01.328000: Step 340: Train accuracy = 83.0%
INFO:tensorflow:2020-01-05 21:17:01.328197: Step 340: Cross entropy = 0.509387
I0105 21:17:01.328213 139687342254976 retrain.py:1084] 2020-01-05 21:17:01.328197: Step 340: Cross entropy = 0.509387
INFO:tensorflow:2020-01-05 21:17:01.396724: Step 340: Validation accuracy = 64.0% (N=100)
I0105 21:17:01.396776 139687342254976 retrain.py:1100] 2020-01-05 21:17:01.396724: Step 340: Validation accuracy = 64.0% (N=100)
INFO:tensorflow:2020-01-05 21:17:02.086378: Step 350: Train accuracy = 89.0%
I0105 21:17:02.086432 139687342254976 retrain.py:1082] 2020-01-05 21:17:02.086378: Step 350: Train accuracy = 89.0%
INFO:tensorflow:2020-01-05 21:17:02.086611: Step 350: Cross entropy = 0.485071
I0105 21:17:02.086635 139687342254976 retrain.py:1084] 2020-01-05 21:17:02.086611: Step 350: Cross entropy = 0.485071
INFO:tensorflow:2020-01-05 21:17:02.152560: Step 350: Validation accuracy = 39.0% (N=100)
I0105 21:17:02.152638 139687342254976 retrain.py:1100] 2020-01-05 21:17:02.152560: Step 350: Validation accuracy = 39.0% (N=100)
INFO:tensorflow:2020-01-05 21:17:02.839282: Step 360: Train accuracy = 83.0%
I0105 21:17:02.839340 139687342254976 retrain.py:1082] 2020-01-05 21:17:02.839282: Step 360: Train accuracy = 83.0%
INFO:tensorflow:2020-01-05 21:17:02.839488: Step 360: Cross entropy = 0.499452
I0105 21:17:02.839507 139687342254976 retrain.py:1084] 2020-01-05 21:17:02.839488: Step 360: Cross entropy = 0.499452
INFO:tensorflow:2020-01-05 21:17:02.904094: Step 360: Validation accuracy = 49.0% (N=100)
I0105 21:17:02.904164 139687342254976 retrain.py:1100] 2020-01-05 21:17:02.904094: Step 360: Validation accuracy = 49.0% (N=100)
INFO:tensorflow:2020-01-05 21:17:03.603944: Step 370: Train accuracy = 74.0%
I0105 21:17:03.604001 139687342254976 retrain.py:1082] 2020-01-05 21:17:03.603944: Step 370: Train accuracy = 74.0%
INFO:tensorflow:2020-01-05 21:17:03.604138: Step 370: Cross entropy = 0.538201
I0105 21:17:03.604156 139687342254976 retrain.py:1084] 2020-01-05 21:17:03.604138: Step 370: Cross entropy = 0.538201
INFO:tensorflow:2020-01-05 21:17:03.670196: Step 370: Validation accuracy = 47.0% (N=100)
I0105 21:17:03.670265 139687342254976 retrain.py:1100] 2020-01-05 21:17:03.670196: Step 370: Validation accuracy = 47.0% (N=100)
INFO:tensorflow:2020-01-05 21:17:04.353447: Step 380: Train accuracy = 83.0%
I0105 21:17:04.353504 139687342254976 retrain.py:1082] 2020-01-05 21:17:04.353447: Step 380: Train accuracy = 83.0%
INFO:tensorflow:2020-01-05 21:17:04.353655: Step 380: Cross entropy = 0.500823
I0105 21:17:04.353675 139687342254976 retrain.py:1084] 2020-01-05 21:17:04.353655: Step 380: Cross entropy = 0.500823
INFO:tensorflow:2020-01-05 21:17:04.422515: Step 380: Validation accuracy = 50.0% (N=100)
I0105 21:17:04.422573 139687342254976 retrain.py:1100] 2020-01-05 21:17:04.422515: Step 380: Validation accuracy = 50.0% (N=100)
INFO:tensorflow:2020-01-05 21:17:05.108357: Step 390: Train accuracy = 83.0%
I0105 21:17:05.108413 139687342254976 retrain.py:1082] 2020-01-05 21:17:05.108357: Step 390: Train accuracy = 83.0%
INFO:tensorflow:2020-01-05 21:17:05.108544: Step 390: Cross entropy = 0.475867
I0105 21:17:05.108561 139687342254976 retrain.py:1084] 2020-01-05 21:17:05.108544: Step 390: Cross entropy = 0.475867
INFO:tensorflow:2020-01-05 21:17:05.174603: Step 390: Validation accuracy = 44.0% (N=100)
I0105 21:17:05.174658 139687342254976 retrain.py:1100] 2020-01-05 21:17:05.174603: Step 390: Validation accuracy = 44.0% (N=100)
INFO:tensorflow:2020-01-05 21:17:05.864158: Step 400: Train accuracy = 88.0%
I0105 21:17:05.864214 139687342254976 retrain.py:1082] 2020-01-05 21:17:05.864158: Step 400: Train accuracy = 88.0%
INFO:tensorflow:2020-01-05 21:17:05.864367: Step 400: Cross entropy = 0.485447
I0105 21:17:05.864382 139687342254976 retrain.py:1084] 2020-01-05 21:17:05.864367: Step 400: Cross entropy = 0.485447
INFO:tensorflow:2020-01-05 21:17:05.929671: Step 400: Validation accuracy = 42.0% (N=100)
I0105 21:17:05.929739 139687342254976 retrain.py:1100] 2020-01-05 21:17:05.929671: Step 400: Validation accuracy = 42.0% (N=100)
INFO:tensorflow:2020-01-05 21:17:06.632414: Step 410: Train accuracy = 93.0%
I0105 21:17:06.632472 139687342254976 retrain.py:1082] 2020-01-05 21:17:06.632414: Step 410: Train accuracy = 93.0%
INFO:tensorflow:2020-01-05 21:17:06.632614: Step 410: Cross entropy = 0.433053
I0105 21:17:06.632630 139687342254976 retrain.py:1084] 2020-01-05 21:17:06.632614: Step 410: Cross entropy = 0.433053
INFO:tensorflow:2020-01-05 21:17:06.700229: Step 410: Validation accuracy = 51.0% (N=100)
I0105 21:17:06.700297 139687342254976 retrain.py:1100] 2020-01-05 21:17:06.700229: Step 410: Validation accuracy = 51.0% (N=100)
INFO:tensorflow:2020-01-05 21:17:07.389581: Step 420: Train accuracy = 81.0%
I0105 21:17:07.389639 139687342254976 retrain.py:1082] 2020-01-05 21:17:07.389581: Step 420: Train accuracy = 81.0%
INFO:tensorflow:2020-01-05 21:17:07.389796: Step 420: Cross entropy = 0.484071
I0105 21:17:07.389818 139687342254976 retrain.py:1084] 2020-01-05 21:17:07.389796: Step 420: Cross entropy = 0.484071
INFO:tensorflow:2020-01-05 21:17:07.457780: Step 420: Validation accuracy = 48.0% (N=100)
I0105 21:17:07.457836 139687342254976 retrain.py:1100] 2020-01-05 21:17:07.457780: Step 420: Validation accuracy = 48.0% (N=100)
INFO:tensorflow:2020-01-05 21:17:08.137539: Step 430: Train accuracy = 82.0%
I0105 21:17:08.137597 139687342254976 retrain.py:1082] 2020-01-05 21:17:08.137539: Step 430: Train accuracy = 82.0%
INFO:tensorflow:2020-01-05 21:17:08.137743: Step 430: Cross entropy = 0.481189
I0105 21:17:08.137761 139687342254976 retrain.py:1084] 2020-01-05 21:17:08.137743: Step 430: Cross entropy = 0.481189
INFO:tensorflow:2020-01-05 21:17:08.206484: Step 430: Validation accuracy = 40.0% (N=100)
I0105 21:17:08.206542 139687342254976 retrain.py:1100] 2020-01-05 21:17:08.206484: Step 430: Validation accuracy = 40.0% (N=100)
INFO:tensorflow:2020-01-05 21:17:08.903391: Step 440: Train accuracy = 86.0%
I0105 21:17:08.903456 139687342254976 retrain.py:1082] 2020-01-05 21:17:08.903391: Step 440: Train accuracy = 86.0%
INFO:tensorflow:2020-01-05 21:17:08.903586: Step 440: Cross entropy = 0.463894
I0105 21:17:08.903601 139687342254976 retrain.py:1084] 2020-01-05 21:17:08.903586: Step 440: Cross entropy = 0.463894
INFO:tensorflow:2020-01-05 21:17:08.968910: Step 440: Validation accuracy = 40.0% (N=100)
I0105 21:17:08.968975 139687342254976 retrain.py:1100] 2020-01-05 21:17:08.968910: Step 440: Validation accuracy = 40.0% (N=100)
INFO:tensorflow:2020-01-05 21:17:09.671246: Step 450: Train accuracy = 79.0%
I0105 21:17:09.671304 139687342254976 retrain.py:1082] 2020-01-05 21:17:09.671246: Step 450: Train accuracy = 79.0%
INFO:tensorflow:2020-01-05 21:17:09.671446: Step 450: Cross entropy = 0.468094
I0105 21:17:09.671464 139687342254976 retrain.py:1084] 2020-01-05 21:17:09.671446: Step 450: Cross entropy = 0.468094
INFO:tensorflow:2020-01-05 21:17:09.737440: Step 450: Validation accuracy = 53.0% (N=100)
I0105 21:17:09.737507 139687342254976 retrain.py:1100] 2020-01-05 21:17:09.737440: Step 450: Validation accuracy = 53.0% (N=100)
INFO:tensorflow:2020-01-05 21:17:10.429731: Step 460: Train accuracy = 85.0%
I0105 21:17:10.429787 139687342254976 retrain.py:1082] 2020-01-05 21:17:10.429731: Step 460: Train accuracy = 85.0%
INFO:tensorflow:2020-01-05 21:17:10.429947: Step 460: Cross entropy = 0.462167
I0105 21:17:10.429964 139687342254976 retrain.py:1084] 2020-01-05 21:17:10.429947: Step 460: Cross entropy = 0.462167
INFO:tensorflow:2020-01-05 21:17:10.495496: Step 460: Validation accuracy = 36.0% (N=100)
I0105 21:17:10.495554 139687342254976 retrain.py:1100] 2020-01-05 21:17:10.495496: Step 460: Validation accuracy = 36.0% (N=100)
INFO:tensorflow:2020-01-05 21:17:11.182935: Step 470: Train accuracy = 81.0%
I0105 21:17:11.182991 139687342254976 retrain.py:1082] 2020-01-05 21:17:11.182935: Step 470: Train accuracy = 81.0%
INFO:tensorflow:2020-01-05 21:17:11.183125: Step 470: Cross entropy = 0.483288
I0105 21:17:11.183143 139687342254976 retrain.py:1084] 2020-01-05 21:17:11.183125: Step 470: Cross entropy = 0.483288
INFO:tensorflow:2020-01-05 21:17:11.254669: Step 470: Validation accuracy = 51.0% (N=100)
I0105 21:17:11.254725 139687342254976 retrain.py:1100] 2020-01-05 21:17:11.254669: Step 470: Validation accuracy = 51.0% (N=100)
INFO:tensorflow:2020-01-05 21:17:11.944880: Step 480: Train accuracy = 90.0%
I0105 21:17:11.944936 139687342254976 retrain.py:1082] 2020-01-05 21:17:11.944880: Step 480: Train accuracy = 90.0%
INFO:tensorflow:2020-01-05 21:17:11.945071: Step 480: Cross entropy = 0.469646
I0105 21:17:11.945092 139687342254976 retrain.py:1084] 2020-01-05 21:17:11.945071: Step 480: Cross entropy = 0.469646
INFO:tensorflow:2020-01-05 21:17:12.009917: Step 480: Validation accuracy = 46.0% (N=100)
I0105 21:17:12.009985 139687342254976 retrain.py:1100] 2020-01-05 21:17:12.009917: Step 480: Validation accuracy = 46.0% (N=100)
INFO:tensorflow:2020-01-05 21:17:12.702409: Step 490: Train accuracy = 89.0%
I0105 21:17:12.702467 139687342254976 retrain.py:1082] 2020-01-05 21:17:12.702409: Step 490: Train accuracy = 89.0%
INFO:tensorflow:2020-01-05 21:17:12.702615: Step 490: Cross entropy = 0.427967
I0105 21:17:12.702634 139687342254976 retrain.py:1084] 2020-01-05 21:17:12.702615: Step 490: Cross entropy = 0.427967
INFO:tensorflow:2020-01-05 21:17:12.769344: Step 490: Validation accuracy = 47.0% (N=100)
I0105 21:17:12.769412 139687342254976 retrain.py:1100] 2020-01-05 21:17:12.769344: Step 490: Validation accuracy = 47.0% (N=100)
INFO:tensorflow:2020-01-05 21:17:13.467948: Step 500: Train accuracy = 89.0%
I0105 21:17:13.468003 139687342254976 retrain.py:1082] 2020-01-05 21:17:13.467948: Step 500: Train accuracy = 89.0%
INFO:tensorflow:2020-01-05 21:17:13.468128: Step 500: Cross entropy = 0.465305
I0105 21:17:13.468144 139687342254976 retrain.py:1084] 2020-01-05 21:17:13.468128: Step 500: Cross entropy = 0.465305
INFO:tensorflow:2020-01-05 21:17:13.534068: Step 500: Validation accuracy = 51.0% (N=100)
I0105 21:17:13.534123 139687342254976 retrain.py:1100] 2020-01-05 21:17:13.534068: Step 500: Validation accuracy = 51.0% (N=100)
INFO:tensorflow:2020-01-05 21:17:14.219671: Step 510: Train accuracy = 86.0%
I0105 21:17:14.219729 139687342254976 retrain.py:1082] 2020-01-05 21:17:14.219671: Step 510: Train accuracy = 86.0%
INFO:tensorflow:2020-01-05 21:17:14.219863: Step 510: Cross entropy = 0.460039
I0105 21:17:14.219881 139687342254976 retrain.py:1084] 2020-01-05 21:17:14.219863: Step 510: Cross entropy = 0.460039
INFO:tensorflow:2020-01-05 21:17:14.285360: Step 510: Validation accuracy = 44.0% (N=100)
I0105 21:17:14.285429 139687342254976 retrain.py:1100] 2020-01-05 21:17:14.285360: Step 510: Validation accuracy = 44.0% (N=100)
INFO:tensorflow:2020-01-05 21:17:14.980703: Step 520: Train accuracy = 87.0%
I0105 21:17:14.980761 139687342254976 retrain.py:1082] 2020-01-05 21:17:14.980703: Step 520: Train accuracy = 87.0%
INFO:tensorflow:2020-01-05 21:17:14.980918: Step 520: Cross entropy = 0.451589
I0105 21:17:14.980938 139687342254976 retrain.py:1084] 2020-01-05 21:17:14.980918: Step 520: Cross entropy = 0.451589
INFO:tensorflow:2020-01-05 21:17:15.045823: Step 520: Validation accuracy = 37.0% (N=100)
I0105 21:17:15.045888 139687342254976 retrain.py:1100] 2020-01-05 21:17:15.045823: Step 520: Validation accuracy = 37.0% (N=100)
INFO:tensorflow:2020-01-05 21:17:15.736709: Step 530: Train accuracy = 87.0%
I0105 21:17:15.736766 139687342254976 retrain.py:1082] 2020-01-05 21:17:15.736709: Step 530: Train accuracy = 87.0%
INFO:tensorflow:2020-01-05 21:17:15.736900: Step 530: Cross entropy = 0.460052
I0105 21:17:15.736917 139687342254976 retrain.py:1084] 2020-01-05 21:17:15.736900: Step 530: Cross entropy = 0.460052
INFO:tensorflow:2020-01-05 21:17:15.802227: Step 530: Validation accuracy = 40.0% (N=100)
I0105 21:17:15.802282 139687342254976 retrain.py:1100] 2020-01-05 21:17:15.802227: Step 530: Validation accuracy = 40.0% (N=100)
INFO:tensorflow:2020-01-05 21:17:16.502206: Step 540: Train accuracy = 85.0%
I0105 21:17:16.502262 139687342254976 retrain.py:1082] 2020-01-05 21:17:16.502206: Step 540: Train accuracy = 85.0%
INFO:tensorflow:2020-01-05 21:17:16.502404: Step 540: Cross entropy = 0.487271
I0105 21:17:16.502419 139687342254976 retrain.py:1084] 2020-01-05 21:17:16.502404: Step 540: Cross entropy = 0.487271
INFO:tensorflow:2020-01-05 21:17:16.569764: Step 540: Validation accuracy = 53.0% (N=100)
I0105 21:17:16.569821 139687342254976 retrain.py:1100] 2020-01-05 21:17:16.569764: Step 540: Validation accuracy = 53.0% (N=100)
INFO:tensorflow:2020-01-05 21:17:17.251240: Step 550: Train accuracy = 92.0%
I0105 21:17:17.251297 139687342254976 retrain.py:1082] 2020-01-05 21:17:17.251240: Step 550: Train accuracy = 92.0%
INFO:tensorflow:2020-01-05 21:17:17.251432: Step 550: Cross entropy = 0.412468
I0105 21:17:17.251450 139687342254976 retrain.py:1084] 2020-01-05 21:17:17.251432: Step 550: Cross entropy = 0.412468
INFO:tensorflow:2020-01-05 21:17:17.321780: Step 550: Validation accuracy = 46.0% (N=100)
I0105 21:17:17.321838 139687342254976 retrain.py:1100] 2020-01-05 21:17:17.321780: Step 550: Validation accuracy = 46.0% (N=100)
INFO:tensorflow:2020-01-05 21:17:18.004914: Step 560: Train accuracy = 89.0%
I0105 21:17:18.004970 139687342254976 retrain.py:1082] 2020-01-05 21:17:18.004914: Step 560: Train accuracy = 89.0%
INFO:tensorflow:2020-01-05 21:17:18.005116: Step 560: Cross entropy = 0.498305
I0105 21:17:18.005135 139687342254976 retrain.py:1084] 2020-01-05 21:17:18.005116: Step 560: Cross entropy = 0.498305
INFO:tensorflow:2020-01-05 21:17:18.072622: Step 560: Validation accuracy = 47.0% (N=100)
I0105 21:17:18.072678 139687342254976 retrain.py:1100] 2020-01-05 21:17:18.072622: Step 560: Validation accuracy = 47.0% (N=100)
INFO:tensorflow:2020-01-05 21:17:18.757694: Step 570: Train accuracy = 93.0%
I0105 21:17:18.757751 139687342254976 retrain.py:1082] 2020-01-05 21:17:18.757694: Step 570: Train accuracy = 93.0%
INFO:tensorflow:2020-01-05 21:17:18.757908: Step 570: Cross entropy = 0.452596
I0105 21:17:18.757924 139687342254976 retrain.py:1084] 2020-01-05 21:17:18.757908: Step 570: Cross entropy = 0.452596
INFO:tensorflow:2020-01-05 21:17:18.824020: Step 570: Validation accuracy = 39.0% (N=100)
I0105 21:17:18.824086 139687342254976 retrain.py:1100] 2020-01-05 21:17:18.824020: Step 570: Validation accuracy = 39.0% (N=100)
INFO:tensorflow:2020-01-05 21:17:19.516783: Step 580: Train accuracy = 91.0%
I0105 21:17:19.516838 139687342254976 retrain.py:1082] 2020-01-05 21:17:19.516783: Step 580: Train accuracy = 91.0%
INFO:tensorflow:2020-01-05 21:17:19.516974: Step 580: Cross entropy = 0.430103
I0105 21:17:19.516992 139687342254976 retrain.py:1084] 2020-01-05 21:17:19.516974: Step 580: Cross entropy = 0.430103
INFO:tensorflow:2020-01-05 21:17:19.583894: Step 580: Validation accuracy = 56.0% (N=100)
I0105 21:17:19.583962 139687342254976 retrain.py:1100] 2020-01-05 21:17:19.583894: Step 580: Validation accuracy = 56.0% (N=100)
INFO:tensorflow:2020-01-05 21:17:20.256033: Step 590: Train accuracy = 90.0%
I0105 21:17:20.256088 139687342254976 retrain.py:1082] 2020-01-05 21:17:20.256033: Step 590: Train accuracy = 90.0%
INFO:tensorflow:2020-01-05 21:17:20.256245: Step 590: Cross entropy = 0.416310
I0105 21:17:20.256263 139687342254976 retrain.py:1084] 2020-01-05 21:17:20.256245: Step 590: Cross entropy = 0.416310
INFO:tensorflow:2020-01-05 21:17:20.323957: Step 590: Validation accuracy = 43.0% (N=100)
I0105 21:17:20.324018 139687342254976 retrain.py:1100] 2020-01-05 21:17:20.323957: Step 590: Validation accuracy = 43.0% (N=100)
INFO:tensorflow:2020-01-05 21:17:21.016718: Step 600: Train accuracy = 88.0%
I0105 21:17:21.016774 139687342254976 retrain.py:1082] 2020-01-05 21:17:21.016718: Step 600: Train accuracy = 88.0%
INFO:tensorflow:2020-01-05 21:17:21.016916: Step 600: Cross entropy = 0.401232
I0105 21:17:21.016933 139687342254976 retrain.py:1084] 2020-01-05 21:17:21.016916: Step 600: Cross entropy = 0.401232
INFO:tensorflow:2020-01-05 21:17:21.082246: Step 600: Validation accuracy = 71.0% (N=100)
I0105 21:17:21.082303 139687342254976 retrain.py:1100] 2020-01-05 21:17:21.082246: Step 600: Validation accuracy = 71.0% (N=100)
INFO:tensorflow:2020-01-05 21:17:21.768516: Step 610: Train accuracy = 92.0%
I0105 21:17:21.768574 139687342254976 retrain.py:1082] 2020-01-05 21:17:21.768516: Step 610: Train accuracy = 92.0%
INFO:tensorflow:2020-01-05 21:17:21.768709: Step 610: Cross entropy = 0.427017
I0105 21:17:21.768728 139687342254976 retrain.py:1084] 2020-01-05 21:17:21.768709: Step 610: Cross entropy = 0.427017
INFO:tensorflow:2020-01-05 21:17:21.834212: Step 610: Validation accuracy = 46.0% (N=100)
I0105 21:17:21.834265 139687342254976 retrain.py:1100] 2020-01-05 21:17:21.834212: Step 610: Validation accuracy = 46.0% (N=100)
INFO:tensorflow:2020-01-05 21:17:22.523577: Step 620: Train accuracy = 84.0%
I0105 21:17:22.523637 139687342254976 retrain.py:1082] 2020-01-05 21:17:22.523577: Step 620: Train accuracy = 84.0%
INFO:tensorflow:2020-01-05 21:17:22.523789: Step 620: Cross entropy = 0.446761
I0105 21:17:22.523808 139687342254976 retrain.py:1084] 2020-01-05 21:17:22.523789: Step 620: Cross entropy = 0.446761
INFO:tensorflow:2020-01-05 21:17:22.590739: Step 620: Validation accuracy = 39.0% (N=100)
I0105 21:17:22.590795 139687342254976 retrain.py:1100] 2020-01-05 21:17:22.590739: Step 620: Validation accuracy = 39.0% (N=100)
INFO:tensorflow:2020-01-05 21:17:23.268062: Step 630: Train accuracy = 91.0%
I0105 21:17:23.268126 139687342254976 retrain.py:1082] 2020-01-05 21:17:23.268062: Step 630: Train accuracy = 91.0%
INFO:tensorflow:2020-01-05 21:17:23.268274: Step 630: Cross entropy = 0.432994
I0105 21:17:23.268295 139687342254976 retrain.py:1084] 2020-01-05 21:17:23.268274: Step 630: Cross entropy = 0.432994
INFO:tensorflow:2020-01-05 21:17:23.338020: Step 630: Validation accuracy = 40.0% (N=100)
I0105 21:17:23.338081 139687342254976 retrain.py:1100] 2020-01-05 21:17:23.338020: Step 630: Validation accuracy = 40.0% (N=100)
INFO:tensorflow:2020-01-05 21:17:24.024521: Step 640: Train accuracy = 92.0%
I0105 21:17:24.024580 139687342254976 retrain.py:1082] 2020-01-05 21:17:24.024521: Step 640: Train accuracy = 92.0%
INFO:tensorflow:2020-01-05 21:17:24.024711: Step 640: Cross entropy = 0.410015
I0105 21:17:24.024729 139687342254976 retrain.py:1084] 2020-01-05 21:17:24.024711: Step 640: Cross entropy = 0.410015
INFO:tensorflow:2020-01-05 21:17:24.089746: Step 640: Validation accuracy = 35.0% (N=100)
I0105 21:17:24.089800 139687342254976 retrain.py:1100] 2020-01-05 21:17:24.089746: Step 640: Validation accuracy = 35.0% (N=100)
INFO:tensorflow:2020-01-05 21:17:24.790049: Step 650: Train accuracy = 83.0%
I0105 21:17:24.790106 139687342254976 retrain.py:1082] 2020-01-05 21:17:24.790049: Step 650: Train accuracy = 83.0%
INFO:tensorflow:2020-01-05 21:17:24.790239: Step 650: Cross entropy = 0.451408
I0105 21:17:24.790256 139687342254976 retrain.py:1084] 2020-01-05 21:17:24.790239: Step 650: Cross entropy = 0.451408
INFO:tensorflow:2020-01-05 21:17:24.856624: Step 650: Validation accuracy = 38.0% (N=100)
I0105 21:17:24.856700 139687342254976 retrain.py:1100] 2020-01-05 21:17:24.856624: Step 650: Validation accuracy = 38.0% (N=100)
INFO:tensorflow:2020-01-05 21:17:25.567062: Step 660: Train accuracy = 82.0%
I0105 21:17:25.567121 139687342254976 retrain.py:1082] 2020-01-05 21:17:25.567062: Step 660: Train accuracy = 82.0%
INFO:tensorflow:2020-01-05 21:17:25.567255: Step 660: Cross entropy = 0.450438
I0105 21:17:25.567273 139687342254976 retrain.py:1084] 2020-01-05 21:17:25.567255: Step 660: Cross entropy = 0.450438
INFO:tensorflow:2020-01-05 21:17:25.632539: Step 660: Validation accuracy = 37.0% (N=100)
I0105 21:17:25.632606 139687342254976 retrain.py:1100] 2020-01-05 21:17:25.632539: Step 660: Validation accuracy = 37.0% (N=100)
INFO:tensorflow:2020-01-05 21:17:26.318257: Step 670: Train accuracy = 90.0%
I0105 21:17:26.318332 139687342254976 retrain.py:1082] 2020-01-05 21:17:26.318257: Step 670: Train accuracy = 90.0%
INFO:tensorflow:2020-01-05 21:17:26.318615: Step 670: Cross entropy = 0.416373
I0105 21:17:26.318640 139687342254976 retrain.py:1084] 2020-01-05 21:17:26.318615: Step 670: Cross entropy = 0.416373
INFO:tensorflow:2020-01-05 21:17:26.397586: Step 670: Validation accuracy = 38.0% (N=100)
I0105 21:17:26.397642 139687342254976 retrain.py:1100] 2020-01-05 21:17:26.397586: Step 670: Validation accuracy = 38.0% (N=100)
INFO:tensorflow:2020-01-05 21:17:27.084376: Step 680: Train accuracy = 90.0%
I0105 21:17:27.084434 139687342254976 retrain.py:1082] 2020-01-05 21:17:27.084376: Step 680: Train accuracy = 90.0%
INFO:tensorflow:2020-01-05 21:17:27.084580: Step 680: Cross entropy = 0.428991
I0105 21:17:27.084599 139687342254976 retrain.py:1084] 2020-01-05 21:17:27.084580: Step 680: Cross entropy = 0.428991
INFO:tensorflow:2020-01-05 21:17:27.149909: Step 680: Validation accuracy = 39.0% (N=100)
I0105 21:17:27.149976 139687342254976 retrain.py:1100] 2020-01-05 21:17:27.149909: Step 680: Validation accuracy = 39.0% (N=100)
INFO:tensorflow:2020-01-05 21:17:27.843593: Step 690: Train accuracy = 90.0%
I0105 21:17:27.843663 139687342254976 retrain.py:1082] 2020-01-05 21:17:27.843593: Step 690: Train accuracy = 90.0%
INFO:tensorflow:2020-01-05 21:17:27.843829: Step 690: Cross entropy = 0.420876
I0105 21:17:27.843845 139687342254976 retrain.py:1084] 2020-01-05 21:17:27.843829: Step 690: Cross entropy = 0.420876
INFO:tensorflow:2020-01-05 21:17:27.912366: Step 690: Validation accuracy = 33.0% (N=100)
I0105 21:17:27.912423 139687342254976 retrain.py:1100] 2020-01-05 21:17:27.912366: Step 690: Validation accuracy = 33.0% (N=100)
INFO:tensorflow:2020-01-05 21:17:28.599189: Step 700: Train accuracy = 87.0%
I0105 21:17:28.599245 139687342254976 retrain.py:1082] 2020-01-05 21:17:28.599189: Step 700: Train accuracy = 87.0%
INFO:tensorflow:2020-01-05 21:17:28.599381: Step 700: Cross entropy = 0.419248
I0105 21:17:28.599400 139687342254976 retrain.py:1084] 2020-01-05 21:17:28.599381: Step 700: Cross entropy = 0.419248
INFO:tensorflow:2020-01-05 21:17:28.664906: Step 700: Validation accuracy = 39.0% (N=100)
I0105 21:17:28.664962 139687342254976 retrain.py:1100] 2020-01-05 21:17:28.664906: Step 700: Validation accuracy = 39.0% (N=100)
INFO:tensorflow:2020-01-05 21:17:29.351459: Step 710: Train accuracy = 93.0%
I0105 21:17:29.351516 139687342254976 retrain.py:1082] 2020-01-05 21:17:29.351459: Step 710: Train accuracy = 93.0%
INFO:tensorflow:2020-01-05 21:17:29.351679: Step 710: Cross entropy = 0.408723
I0105 21:17:29.351697 139687342254976 retrain.py:1084] 2020-01-05 21:17:29.351679: Step 710: Cross entropy = 0.408723
INFO:tensorflow:2020-01-05 21:17:29.420273: Step 710: Validation accuracy = 44.0% (N=100)
I0105 21:17:29.420330 139687342254976 retrain.py:1100] 2020-01-05 21:17:29.420273: Step 710: Validation accuracy = 44.0% (N=100)
INFO:tensorflow:2020-01-05 21:17:30.103463: Step 720: Train accuracy = 91.0%
I0105 21:17:30.103519 139687342254976 retrain.py:1082] 2020-01-05 21:17:30.103463: Step 720: Train accuracy = 91.0%
INFO:tensorflow:2020-01-05 21:17:30.103676: Step 720: Cross entropy = 0.377673
I0105 21:17:30.103695 139687342254976 retrain.py:1084] 2020-01-05 21:17:30.103676: Step 720: Cross entropy = 0.377673
INFO:tensorflow:2020-01-05 21:17:30.169338: Step 720: Validation accuracy = 38.0% (N=100)
I0105 21:17:30.169395 139687342254976 retrain.py:1100] 2020-01-05 21:17:30.169338: Step 720: Validation accuracy = 38.0% (N=100)
INFO:tensorflow:2020-01-05 21:17:30.857567: Step 730: Train accuracy = 87.0%
I0105 21:17:30.857624 139687342254976 retrain.py:1082] 2020-01-05 21:17:30.857567: Step 730: Train accuracy = 87.0%
INFO:tensorflow:2020-01-05 21:17:30.857775: Step 730: Cross entropy = 0.413640
I0105 21:17:30.857789 139687342254976 retrain.py:1084] 2020-01-05 21:17:30.857775: Step 730: Cross entropy = 0.413640
INFO:tensorflow:2020-01-05 21:17:30.923981: Step 730: Validation accuracy = 37.0% (N=100)
I0105 21:17:30.924038 139687342254976 retrain.py:1100] 2020-01-05 21:17:30.923981: Step 730: Validation accuracy = 37.0% (N=100)
INFO:tensorflow:2020-01-05 21:17:31.610022: Step 740: Train accuracy = 86.0%
I0105 21:17:31.610079 139687342254976 retrain.py:1082] 2020-01-05 21:17:31.610022: Step 740: Train accuracy = 86.0%
INFO:tensorflow:2020-01-05 21:17:31.610226: Step 740: Cross entropy = 0.413429
I0105 21:17:31.610241 139687342254976 retrain.py:1084] 2020-01-05 21:17:31.610226: Step 740: Cross entropy = 0.413429
INFO:tensorflow:2020-01-05 21:17:31.675532: Step 740: Validation accuracy = 53.0% (N=100)
I0105 21:17:31.675585 139687342254976 retrain.py:1100] 2020-01-05 21:17:31.675532: Step 740: Validation accuracy = 53.0% (N=100)
INFO:tensorflow:2020-01-05 21:17:32.376774: Step 750: Train accuracy = 88.0%
I0105 21:17:32.376833 139687342254976 retrain.py:1082] 2020-01-05 21:17:32.376774: Step 750: Train accuracy = 88.0%
INFO:tensorflow:2020-01-05 21:17:32.376982: Step 750: Cross entropy = 0.416382
I0105 21:17:32.377084 139687342254976 retrain.py:1084] 2020-01-05 21:17:32.376982: Step 750: Cross entropy = 0.416382
INFO:tensorflow:2020-01-05 21:17:32.442751: Step 750: Validation accuracy = 46.0% (N=100)
I0105 21:17:32.442806 139687342254976 retrain.py:1100] 2020-01-05 21:17:32.442751: Step 750: Validation accuracy = 46.0% (N=100)
INFO:tensorflow:2020-01-05 21:17:33.124686: Step 760: Train accuracy = 91.0%
I0105 21:17:33.124744 139687342254976 retrain.py:1082] 2020-01-05 21:17:33.124686: Step 760: Train accuracy = 91.0%
INFO:tensorflow:2020-01-05 21:17:33.124897: Step 760: Cross entropy = 0.427385
I0105 21:17:33.124918 139687342254976 retrain.py:1084] 2020-01-05 21:17:33.124897: Step 760: Cross entropy = 0.427385
INFO:tensorflow:2020-01-05 21:17:33.192748: Step 760: Validation accuracy = 44.0% (N=100)
I0105 21:17:33.192803 139687342254976 retrain.py:1100] 2020-01-05 21:17:33.192748: Step 760: Validation accuracy = 44.0% (N=100)
INFO:tensorflow:2020-01-05 21:17:33.895241: Step 770: Train accuracy = 91.0%
I0105 21:17:33.895298 139687342254976 retrain.py:1082] 2020-01-05 21:17:33.895241: Step 770: Train accuracy = 91.0%
INFO:tensorflow:2020-01-05 21:17:33.895434: Step 770: Cross entropy = 0.400655
I0105 21:17:33.895452 139687342254976 retrain.py:1084] 2020-01-05 21:17:33.895434: Step 770: Cross entropy = 0.400655
INFO:tensorflow:2020-01-05 21:17:33.963688: Step 770: Validation accuracy = 41.0% (N=100)
I0105 21:17:33.963742 139687342254976 retrain.py:1100] 2020-01-05 21:17:33.963688: Step 770: Validation accuracy = 41.0% (N=100)
INFO:tensorflow:2020-01-05 21:17:34.654158: Step 780: Train accuracy = 87.0%
I0105 21:17:34.654215 139687342254976 retrain.py:1082] 2020-01-05 21:17:34.654158: Step 780: Train accuracy = 87.0%
INFO:tensorflow:2020-01-05 21:17:34.654365: Step 780: Cross entropy = 0.403367
I0105 21:17:34.654385 139687342254976 retrain.py:1084] 2020-01-05 21:17:34.654365: Step 780: Cross entropy = 0.403367
INFO:tensorflow:2020-01-05 21:17:34.721550: Step 780: Validation accuracy = 36.0% (N=100)
I0105 21:17:34.721606 139687342254976 retrain.py:1100] 2020-01-05 21:17:34.721550: Step 780: Validation accuracy = 36.0% (N=100)
INFO:tensorflow:2020-01-05 21:17:35.412410: Step 790: Train accuracy = 94.0%
I0105 21:17:35.412467 139687342254976 retrain.py:1082] 2020-01-05 21:17:35.412410: Step 790: Train accuracy = 94.0%
INFO:tensorflow:2020-01-05 21:17:35.412597: Step 790: Cross entropy = 0.403043
I0105 21:17:35.412614 139687342254976 retrain.py:1084] 2020-01-05 21:17:35.412597: Step 790: Cross entropy = 0.403043
INFO:tensorflow:2020-01-05 21:17:35.482179: Step 790: Validation accuracy = 47.0% (N=100)
I0105 21:17:35.482236 139687342254976 retrain.py:1100] 2020-01-05 21:17:35.482179: Step 790: Validation accuracy = 47.0% (N=100)
INFO:tensorflow:2020-01-05 21:17:36.182867: Step 800: Train accuracy = 87.0%
I0105 21:17:36.182924 139687342254976 retrain.py:1082] 2020-01-05 21:17:36.182867: Step 800: Train accuracy = 87.0%
INFO:tensorflow:2020-01-05 21:17:36.183055: Step 800: Cross entropy = 0.425768
I0105 21:17:36.183071 139687342254976 retrain.py:1084] 2020-01-05 21:17:36.183055: Step 800: Cross entropy = 0.425768
INFO:tensorflow:2020-01-05 21:17:36.252788: Step 800: Validation accuracy = 42.0% (N=100)
I0105 21:17:36.252843 139687342254976 retrain.py:1100] 2020-01-05 21:17:36.252788: Step 800: Validation accuracy = 42.0% (N=100)
INFO:tensorflow:2020-01-05 21:17:36.955716: Step 810: Train accuracy = 94.0%
I0105 21:17:36.955774 139687342254976 retrain.py:1082] 2020-01-05 21:17:36.955716: Step 810: Train accuracy = 94.0%
INFO:tensorflow:2020-01-05 21:17:36.955926: Step 810: Cross entropy = 0.355280
I0105 21:17:36.955944 139687342254976 retrain.py:1084] 2020-01-05 21:17:36.955926: Step 810: Cross entropy = 0.355280
INFO:tensorflow:2020-01-05 21:17:37.022044: Step 810: Validation accuracy = 55.0% (N=100)
I0105 21:17:37.022103 139687342254976 retrain.py:1100] 2020-01-05 21:17:37.022044: Step 810: Validation accuracy = 55.0% (N=100)
INFO:tensorflow:2020-01-05 21:17:37.714073: Step 820: Train accuracy = 86.0%
I0105 21:17:37.714131 139687342254976 retrain.py:1082] 2020-01-05 21:17:37.714073: Step 820: Train accuracy = 86.0%
INFO:tensorflow:2020-01-05 21:17:37.714260: Step 820: Cross entropy = 0.412988
I0105 21:17:37.714277 139687342254976 retrain.py:1084] 2020-01-05 21:17:37.714260: Step 820: Cross entropy = 0.412988
INFO:tensorflow:2020-01-05 21:17:37.780841: Step 820: Validation accuracy = 30.0% (N=100)
I0105 21:17:37.780899 139687342254976 retrain.py:1100] 2020-01-05 21:17:37.780841: Step 820: Validation accuracy = 30.0% (N=100)
INFO:tensorflow:2020-01-05 21:17:38.476518: Step 830: Train accuracy = 86.0%
I0105 21:17:38.476575 139687342254976 retrain.py:1082] 2020-01-05 21:17:38.476518: Step 830: Train accuracy = 86.0%
INFO:tensorflow:2020-01-05 21:17:38.476718: Step 830: Cross entropy = 0.399925
I0105 21:17:38.476735 139687342254976 retrain.py:1084] 2020-01-05 21:17:38.476718: Step 830: Cross entropy = 0.399925
INFO:tensorflow:2020-01-05 21:17:38.542439: Step 830: Validation accuracy = 36.0% (N=100)
I0105 21:17:38.542495 139687342254976 retrain.py:1100] 2020-01-05 21:17:38.542439: Step 830: Validation accuracy = 36.0% (N=100)
INFO:tensorflow:2020-01-05 21:17:39.225915: Step 840: Train accuracy = 92.0%
I0105 21:17:39.225972 139687342254976 retrain.py:1082] 2020-01-05 21:17:39.225915: Step 840: Train accuracy = 92.0%
INFO:tensorflow:2020-01-05 21:17:39.226103: Step 840: Cross entropy = 0.399640
I0105 21:17:39.226119 139687342254976 retrain.py:1084] 2020-01-05 21:17:39.226103: Step 840: Cross entropy = 0.399640
INFO:tensorflow:2020-01-05 21:17:39.292718: Step 840: Validation accuracy = 44.0% (N=100)
I0105 21:17:39.292774 139687342254976 retrain.py:1100] 2020-01-05 21:17:39.292718: Step 840: Validation accuracy = 44.0% (N=100)
INFO:tensorflow:2020-01-05 21:17:39.991393: Step 850: Train accuracy = 92.0%
I0105 21:17:39.991450 139687342254976 retrain.py:1082] 2020-01-05 21:17:39.991393: Step 850: Train accuracy = 92.0%
INFO:tensorflow:2020-01-05 21:17:39.991580: Step 850: Cross entropy = 0.373082
I0105 21:17:39.991597 139687342254976 retrain.py:1084] 2020-01-05 21:17:39.991580: Step 850: Cross entropy = 0.373082
INFO:tensorflow:2020-01-05 21:17:40.060113: Step 850: Validation accuracy = 37.0% (N=100)
I0105 21:17:40.060167 139687342254976 retrain.py:1100] 2020-01-05 21:17:40.060113: Step 850: Validation accuracy = 37.0% (N=100)
INFO:tensorflow:2020-01-05 21:17:40.768602: Step 860: Train accuracy = 89.0%
I0105 21:17:40.768658 139687342254976 retrain.py:1082] 2020-01-05 21:17:40.768602: Step 860: Train accuracy = 89.0%
INFO:tensorflow:2020-01-05 21:17:40.768793: Step 860: Cross entropy = 0.406156
I0105 21:17:40.768811 139687342254976 retrain.py:1084] 2020-01-05 21:17:40.768793: Step 860: Cross entropy = 0.406156
INFO:tensorflow:2020-01-05 21:17:40.834587: Step 860: Validation accuracy = 43.0% (N=100)
I0105 21:17:40.834644 139687342254976 retrain.py:1100] 2020-01-05 21:17:40.834587: Step 860: Validation accuracy = 43.0% (N=100)
INFO:tensorflow:2020-01-05 21:17:41.520668: Step 870: Train accuracy = 94.0%
I0105 21:17:41.520726 139687342254976 retrain.py:1082] 2020-01-05 21:17:41.520668: Step 870: Train accuracy = 94.0%
INFO:tensorflow:2020-01-05 21:17:41.520857: Step 870: Cross entropy = 0.347391
I0105 21:17:41.520874 139687342254976 retrain.py:1084] 2020-01-05 21:17:41.520857: Step 870: Cross entropy = 0.347391
INFO:tensorflow:2020-01-05 21:17:41.589985: Step 870: Validation accuracy = 52.0% (N=100)
I0105 21:17:41.590043 139687342254976 retrain.py:1100] 2020-01-05 21:17:41.589985: Step 870: Validation accuracy = 52.0% (N=100)
INFO:tensorflow:2020-01-05 21:17:42.274529: Step 880: Train accuracy = 89.0%
I0105 21:17:42.274588 139687342254976 retrain.py:1082] 2020-01-05 21:17:42.274529: Step 880: Train accuracy = 89.0%
INFO:tensorflow:2020-01-05 21:17:42.274722: Step 880: Cross entropy = 0.381161
I0105 21:17:42.274739 139687342254976 retrain.py:1084] 2020-01-05 21:17:42.274722: Step 880: Cross entropy = 0.381161
INFO:tensorflow:2020-01-05 21:17:42.351351: Step 880: Validation accuracy = 43.0% (N=100)
I0105 21:17:42.351407 139687342254976 retrain.py:1100] 2020-01-05 21:17:42.351351: Step 880: Validation accuracy = 43.0% (N=100)
INFO:tensorflow:2020-01-05 21:17:43.037826: Step 890: Train accuracy = 90.0%
I0105 21:17:43.037894 139687342254976 retrain.py:1082] 2020-01-05 21:17:43.037826: Step 890: Train accuracy = 90.0%
INFO:tensorflow:2020-01-05 21:17:43.038038: Step 890: Cross entropy = 0.406923
I0105 21:17:43.038059 139687342254976 retrain.py:1084] 2020-01-05 21:17:43.038038: Step 890: Cross entropy = 0.406923
INFO:tensorflow:2020-01-05 21:17:43.103498: Step 890: Validation accuracy = 43.0% (N=100)
I0105 21:17:43.103552 139687342254976 retrain.py:1100] 2020-01-05 21:17:43.103498: Step 890: Validation accuracy = 43.0% (N=100)
INFO:tensorflow:2020-01-05 21:17:43.797398: Step 900: Train accuracy = 93.0%
I0105 21:17:43.797453 139687342254976 retrain.py:1082] 2020-01-05 21:17:43.797398: Step 900: Train accuracy = 93.0%
INFO:tensorflow:2020-01-05 21:17:43.797583: Step 900: Cross entropy = 0.382348
I0105 21:17:43.797599 139687342254976 retrain.py:1084] 2020-01-05 21:17:43.797583: Step 900: Cross entropy = 0.382348
INFO:tensorflow:2020-01-05 21:17:43.863358: Step 900: Validation accuracy = 34.0% (N=100)
I0105 21:17:43.863415 139687342254976 retrain.py:1100] 2020-01-05 21:17:43.863358: Step 900: Validation accuracy = 34.0% (N=100)
INFO:tensorflow:2020-01-05 21:17:44.547123: Step 910: Train accuracy = 91.0%
I0105 21:17:44.547179 139687342254976 retrain.py:1082] 2020-01-05 21:17:44.547123: Step 910: Train accuracy = 91.0%
INFO:tensorflow:2020-01-05 21:17:44.547312: Step 910: Cross entropy = 0.375826
I0105 21:17:44.547329 139687342254976 retrain.py:1084] 2020-01-05 21:17:44.547312: Step 910: Cross entropy = 0.375826
INFO:tensorflow:2020-01-05 21:17:44.612444: Step 910: Validation accuracy = 40.0% (N=100)
I0105 21:17:44.612512 139687342254976 retrain.py:1100] 2020-01-05 21:17:44.612444: Step 910: Validation accuracy = 40.0% (N=100)
INFO:tensorflow:2020-01-05 21:17:45.304943: Step 920: Train accuracy = 92.0%
I0105 21:17:45.304999 139687342254976 retrain.py:1082] 2020-01-05 21:17:45.304943: Step 920: Train accuracy = 92.0%
INFO:tensorflow:2020-01-05 21:17:45.305147: Step 920: Cross entropy = 0.366234
I0105 21:17:45.305165 139687342254976 retrain.py:1084] 2020-01-05 21:17:45.305147: Step 920: Cross entropy = 0.366234
INFO:tensorflow:2020-01-05 21:17:45.383601: Step 920: Validation accuracy = 44.0% (N=100)
I0105 21:17:45.383657 139687342254976 retrain.py:1100] 2020-01-05 21:17:45.383601: Step 920: Validation accuracy = 44.0% (N=100)
INFO:tensorflow:2020-01-05 21:17:46.064885: Step 930: Train accuracy = 94.0%
I0105 21:17:46.064942 139687342254976 retrain.py:1082] 2020-01-05 21:17:46.064885: Step 930: Train accuracy = 94.0%
INFO:tensorflow:2020-01-05 21:17:46.065079: Step 930: Cross entropy = 0.375510
I0105 21:17:46.065094 139687342254976 retrain.py:1084] 2020-01-05 21:17:46.065079: Step 930: Cross entropy = 0.375510
INFO:tensorflow:2020-01-05 21:17:46.130635: Step 930: Validation accuracy = 33.0% (N=100)
I0105 21:17:46.130704 139687342254976 retrain.py:1100] 2020-01-05 21:17:46.130635: Step 930: Validation accuracy = 33.0% (N=100)
INFO:tensorflow:2020-01-05 21:17:46.835283: Step 940: Train accuracy = 94.0%
I0105 21:17:46.835340 139687342254976 retrain.py:1082] 2020-01-05 21:17:46.835283: Step 940: Train accuracy = 94.0%
INFO:tensorflow:2020-01-05 21:17:46.835482: Step 940: Cross entropy = 0.348788
I0105 21:17:46.835500 139687342254976 retrain.py:1084] 2020-01-05 21:17:46.835482: Step 940: Cross entropy = 0.348788
INFO:tensorflow:2020-01-05 21:17:46.901089: Step 940: Validation accuracy = 50.0% (N=100)
I0105 21:17:46.901143 139687342254976 retrain.py:1100] 2020-01-05 21:17:46.901089: Step 940: Validation accuracy = 50.0% (N=100)
INFO:tensorflow:2020-01-05 21:17:47.593000: Step 950: Train accuracy = 96.0%
I0105 21:17:47.593057 139687342254976 retrain.py:1082] 2020-01-05 21:17:47.593000: Step 950: Train accuracy = 96.0%
INFO:tensorflow:2020-01-05 21:17:47.593203: Step 950: Cross entropy = 0.354084
I0105 21:17:47.593221 139687342254976 retrain.py:1084] 2020-01-05 21:17:47.593203: Step 950: Cross entropy = 0.354084
INFO:tensorflow:2020-01-05 21:17:47.659040: Step 950: Validation accuracy = 44.0% (N=100)
I0105 21:17:47.659097 139687342254976 retrain.py:1100] 2020-01-05 21:17:47.659040: Step 950: Validation accuracy = 44.0% (N=100)
INFO:tensorflow:2020-01-05 21:17:48.364044: Step 960: Train accuracy = 92.0%
I0105 21:17:48.364102 139687342254976 retrain.py:1082] 2020-01-05 21:17:48.364044: Step 960: Train accuracy = 92.0%
INFO:tensorflow:2020-01-05 21:17:48.364240: Step 960: Cross entropy = 0.371945
I0105 21:17:48.364257 139687342254976 retrain.py:1084] 2020-01-05 21:17:48.364240: Step 960: Cross entropy = 0.371945
INFO:tensorflow:2020-01-05 21:17:48.433466: Step 960: Validation accuracy = 53.0% (N=100)
I0105 21:17:48.433523 139687342254976 retrain.py:1100] 2020-01-05 21:17:48.433466: Step 960: Validation accuracy = 53.0% (N=100)
INFO:tensorflow:2020-01-05 21:17:49.112007: Step 970: Train accuracy = 86.0%
I0105 21:17:49.112067 139687342254976 retrain.py:1082] 2020-01-05 21:17:49.112007: Step 970: Train accuracy = 86.0%
INFO:tensorflow:2020-01-05 21:17:49.112200: Step 970: Cross entropy = 0.387865
I0105 21:17:49.112217 139687342254976 retrain.py:1084] 2020-01-05 21:17:49.112200: Step 970: Cross entropy = 0.387865
INFO:tensorflow:2020-01-05 21:17:49.182060: Step 970: Validation accuracy = 40.0% (N=100)
I0105 21:17:49.182117 139687342254976 retrain.py:1100] 2020-01-05 21:17:49.182060: Step 970: Validation accuracy = 40.0% (N=100)
INFO:tensorflow:2020-01-05 21:17:49.882074: Step 980: Train accuracy = 83.0%
I0105 21:17:49.882131 139687342254976 retrain.py:1082] 2020-01-05 21:17:49.882074: Step 980: Train accuracy = 83.0%
INFO:tensorflow:2020-01-05 21:17:49.882280: Step 980: Cross entropy = 0.412391
I0105 21:17:49.882300 139687342254976 retrain.py:1084] 2020-01-05 21:17:49.882280: Step 980: Cross entropy = 0.412391
INFO:tensorflow:2020-01-05 21:17:49.957990: Step 980: Validation accuracy = 47.0% (N=100)
I0105 21:17:49.958045 139687342254976 retrain.py:1100] 2020-01-05 21:17:49.957990: Step 980: Validation accuracy = 47.0% (N=100)
INFO:tensorflow:2020-01-05 21:17:50.654597: Step 990: Train accuracy = 93.0%
I0105 21:17:50.654655 139687342254976 retrain.py:1082] 2020-01-05 21:17:50.654597: Step 990: Train accuracy = 93.0%
INFO:tensorflow:2020-01-05 21:17:50.654809: Step 990: Cross entropy = 0.362573
I0105 21:17:50.654826 139687342254976 retrain.py:1084] 2020-01-05 21:17:50.654809: Step 990: Cross entropy = 0.362573
INFO:tensorflow:2020-01-05 21:17:50.724241: Step 990: Validation accuracy = 42.0% (N=100)
I0105 21:17:50.724300 139687342254976 retrain.py:1100] 2020-01-05 21:17:50.724241: Step 990: Validation accuracy = 42.0% (N=100)
INFO:tensorflow:2020-01-05 21:17:51.415756: Step 1000: Train accuracy = 89.0%
I0105 21:17:51.415814 139687342254976 retrain.py:1082] 2020-01-05 21:17:51.415756: Step 1000: Train accuracy = 89.0%
INFO:tensorflow:2020-01-05 21:17:51.415972: Step 1000: Cross entropy = 0.370128
I0105 21:17:51.415992 139687342254976 retrain.py:1084] 2020-01-05 21:17:51.415972: Step 1000: Cross entropy = 0.370128
INFO:tensorflow:2020-01-05 21:17:51.484509: Step 1000: Validation accuracy = 38.0% (N=100)
I0105 21:17:51.484564 139687342254976 retrain.py:1100] 2020-01-05 21:17:51.484509: Step 1000: Validation accuracy = 38.0% (N=100)
INFO:tensorflow:2020-01-05 21:17:52.173213: Step 1010: Train accuracy = 95.0%
I0105 21:17:52.173270 139687342254976 retrain.py:1082] 2020-01-05 21:17:52.173213: Step 1010: Train accuracy = 95.0%
INFO:tensorflow:2020-01-05 21:17:52.173402: Step 1010: Cross entropy = 0.351657
I0105 21:17:52.173419 139687342254976 retrain.py:1084] 2020-01-05 21:17:52.173402: Step 1010: Cross entropy = 0.351657
INFO:tensorflow:2020-01-05 21:17:52.240985: Step 1010: Validation accuracy = 40.0% (N=100)
I0105 21:17:52.241042 139687342254976 retrain.py:1100] 2020-01-05 21:17:52.240985: Step 1010: Validation accuracy = 40.0% (N=100)
INFO:tensorflow:2020-01-05 21:17:52.932608: Step 1020: Train accuracy = 91.0%
I0105 21:17:52.932665 139687342254976 retrain.py:1082] 2020-01-05 21:17:52.932608: Step 1020: Train accuracy = 91.0%
INFO:tensorflow:2020-01-05 21:17:52.932797: Step 1020: Cross entropy = 0.375229
I0105 21:17:52.932814 139687342254976 retrain.py:1084] 2020-01-05 21:17:52.932797: Step 1020: Cross entropy = 0.375229
INFO:tensorflow:2020-01-05 21:17:53.000264: Step 1020: Validation accuracy = 39.0% (N=100)
I0105 21:17:53.000319 139687342254976 retrain.py:1100] 2020-01-05 21:17:53.000264: Step 1020: Validation accuracy = 39.0% (N=100)
INFO:tensorflow:2020-01-05 21:17:53.698212: Step 1030: Train accuracy = 96.0%
I0105 21:17:53.698270 139687342254976 retrain.py:1082] 2020-01-05 21:17:53.698212: Step 1030: Train accuracy = 96.0%
INFO:tensorflow:2020-01-05 21:17:53.698425: Step 1030: Cross entropy = 0.321846
I0105 21:17:53.698439 139687342254976 retrain.py:1084] 2020-01-05 21:17:53.698425: Step 1030: Cross entropy = 0.321846
INFO:tensorflow:2020-01-05 21:17:53.766528: Step 1030: Validation accuracy = 44.0% (N=100)
I0105 21:17:53.766597 139687342254976 retrain.py:1100] 2020-01-05 21:17:53.766528: Step 1030: Validation accuracy = 44.0% (N=100)
INFO:tensorflow:2020-01-05 21:17:54.449883: Step 1040: Train accuracy = 90.0%
I0105 21:17:54.449940 139687342254976 retrain.py:1082] 2020-01-05 21:17:54.449883: Step 1040: Train accuracy = 90.0%
INFO:tensorflow:2020-01-05 21:17:54.450070: Step 1040: Cross entropy = 0.367868
I0105 21:17:54.450087 139687342254976 retrain.py:1084] 2020-01-05 21:17:54.450070: Step 1040: Cross entropy = 0.367868
INFO:tensorflow:2020-01-05 21:17:54.517296: Step 1040: Validation accuracy = 41.0% (N=100)
I0105 21:17:54.517349 139687342254976 retrain.py:1100] 2020-01-05 21:17:54.517296: Step 1040: Validation accuracy = 41.0% (N=100)
INFO:tensorflow:2020-01-05 21:17:55.201490: Step 1050: Train accuracy = 92.0%
I0105 21:17:55.201558 139687342254976 retrain.py:1082] 2020-01-05 21:17:55.201490: Step 1050: Train accuracy = 92.0%
INFO:tensorflow:2020-01-05 21:17:55.201699: Step 1050: Cross entropy = 0.377814
I0105 21:17:55.201718 139687342254976 retrain.py:1084] 2020-01-05 21:17:55.201699: Step 1050: Cross entropy = 0.377814
INFO:tensorflow:2020-01-05 21:17:55.269557: Step 1050: Validation accuracy = 47.0% (N=100)
I0105 21:17:55.269613 139687342254976 retrain.py:1100] 2020-01-05 21:17:55.269557: Step 1050: Validation accuracy = 47.0% (N=100)
INFO:tensorflow:2020-01-05 21:17:55.981959: Step 1060: Train accuracy = 96.0%
I0105 21:17:55.982017 139687342254976 retrain.py:1082] 2020-01-05 21:17:55.981959: Step 1060: Train accuracy = 96.0%
INFO:tensorflow:2020-01-05 21:17:55.982172: Step 1060: Cross entropy = 0.359588
I0105 21:17:55.982196 139687342254976 retrain.py:1084] 2020-01-05 21:17:55.982172: Step 1060: Cross entropy = 0.359588
INFO:tensorflow:2020-01-05 21:17:56.050606: Step 1060: Validation accuracy = 39.0% (N=100)
I0105 21:17:56.050663 139687342254976 retrain.py:1100] 2020-01-05 21:17:56.050606: Step 1060: Validation accuracy = 39.0% (N=100)
INFO:tensorflow:2020-01-05 21:17:56.751331: Step 1070: Train accuracy = 91.0%
I0105 21:17:56.751386 139687342254976 retrain.py:1082] 2020-01-05 21:17:56.751331: Step 1070: Train accuracy = 91.0%
INFO:tensorflow:2020-01-05 21:17:56.751530: Step 1070: Cross entropy = 0.371279
I0105 21:17:56.751548 139687342254976 retrain.py:1084] 2020-01-05 21:17:56.751530: Step 1070: Cross entropy = 0.371279
INFO:tensorflow:2020-01-05 21:17:56.817304: Step 1070: Validation accuracy = 48.0% (N=100)
I0105 21:17:56.817359 139687342254976 retrain.py:1100] 2020-01-05 21:17:56.817304: Step 1070: Validation accuracy = 48.0% (N=100)
INFO:tensorflow:2020-01-05 21:17:57.508732: Step 1080: Train accuracy = 93.0%
I0105 21:17:57.508790 139687342254976 retrain.py:1082] 2020-01-05 21:17:57.508732: Step 1080: Train accuracy = 93.0%
INFO:tensorflow:2020-01-05 21:17:57.508946: Step 1080: Cross entropy = 0.355149
I0105 21:17:57.508960 139687342254976 retrain.py:1084] 2020-01-05 21:17:57.508946: Step 1080: Cross entropy = 0.355149
INFO:tensorflow:2020-01-05 21:17:57.579082: Step 1080: Validation accuracy = 51.0% (N=100)
I0105 21:17:57.579138 139687342254976 retrain.py:1100] 2020-01-05 21:17:57.579082: Step 1080: Validation accuracy = 51.0% (N=100)
INFO:tensorflow:2020-01-05 21:17:58.272517: Step 1090: Train accuracy = 94.0%
I0105 21:17:58.272575 139687342254976 retrain.py:1082] 2020-01-05 21:17:58.272517: Step 1090: Train accuracy = 94.0%
INFO:tensorflow:2020-01-05 21:17:58.272709: Step 1090: Cross entropy = 0.324665
I0105 21:17:58.272726 139687342254976 retrain.py:1084] 2020-01-05 21:17:58.272709: Step 1090: Cross entropy = 0.324665
INFO:tensorflow:2020-01-05 21:17:58.342787: Step 1090: Validation accuracy = 42.0% (N=100)
I0105 21:17:58.342845 139687342254976 retrain.py:1100] 2020-01-05 21:17:58.342787: Step 1090: Validation accuracy = 42.0% (N=100)
INFO:tensorflow:2020-01-05 21:17:59.029889: Step 1100: Train accuracy = 93.0%
I0105 21:17:59.029948 139687342254976 retrain.py:1082] 2020-01-05 21:17:59.029889: Step 1100: Train accuracy = 93.0%
INFO:tensorflow:2020-01-05 21:17:59.030098: Step 1100: Cross entropy = 0.320454
I0105 21:17:59.030118 139687342254976 retrain.py:1084] 2020-01-05 21:17:59.030098: Step 1100: Cross entropy = 0.320454
INFO:tensorflow:2020-01-05 21:17:59.097220: Step 1100: Validation accuracy = 50.0% (N=100)
I0105 21:17:59.097275 139687342254976 retrain.py:1100] 2020-01-05 21:17:59.097220: Step 1100: Validation accuracy = 50.0% (N=100)
INFO:tensorflow:2020-01-05 21:17:59.790409: Step 1110: Train accuracy = 95.0%
I0105 21:17:59.790466 139687342254976 retrain.py:1082] 2020-01-05 21:17:59.790409: Step 1110: Train accuracy = 95.0%
INFO:tensorflow:2020-01-05 21:17:59.790596: Step 1110: Cross entropy = 0.328814
I0105 21:17:59.790613 139687342254976 retrain.py:1084] 2020-01-05 21:17:59.790596: Step 1110: Cross entropy = 0.328814
INFO:tensorflow:2020-01-05 21:17:59.856446: Step 1110: Validation accuracy = 39.0% (N=100)
I0105 21:17:59.856502 139687342254976 retrain.py:1100] 2020-01-05 21:17:59.856446: Step 1110: Validation accuracy = 39.0% (N=100)
INFO:tensorflow:2020-01-05 21:18:00.549002: Step 1120: Train accuracy = 91.0%
I0105 21:18:00.549059 139687342254976 retrain.py:1082] 2020-01-05 21:18:00.549002: Step 1120: Train accuracy = 91.0%
INFO:tensorflow:2020-01-05 21:18:00.549211: Step 1120: Cross entropy = 0.356292
I0105 21:18:00.549230 139687342254976 retrain.py:1084] 2020-01-05 21:18:00.549211: Step 1120: Cross entropy = 0.356292
INFO:tensorflow:2020-01-05 21:18:00.617081: Step 1120: Validation accuracy = 34.0% (N=100)
I0105 21:18:00.617135 139687342254976 retrain.py:1100] 2020-01-05 21:18:00.617081: Step 1120: Validation accuracy = 34.0% (N=100)
INFO:tensorflow:2020-01-05 21:18:01.310907: Step 1130: Train accuracy = 96.0%
I0105 21:18:01.310963 139687342254976 retrain.py:1082] 2020-01-05 21:18:01.310907: Step 1130: Train accuracy = 96.0%
INFO:tensorflow:2020-01-05 21:18:01.311096: Step 1130: Cross entropy = 0.341046
I0105 21:18:01.311112 139687342254976 retrain.py:1084] 2020-01-05 21:18:01.311096: Step 1130: Cross entropy = 0.341046
INFO:tensorflow:2020-01-05 21:18:01.381270: Step 1130: Validation accuracy = 38.0% (N=100)
I0105 21:18:01.381326 139687342254976 retrain.py:1100] 2020-01-05 21:18:01.381270: Step 1130: Validation accuracy = 38.0% (N=100)
INFO:tensorflow:2020-01-05 21:18:02.062881: Step 1140: Train accuracy = 94.0%
I0105 21:18:02.062937 139687342254976 retrain.py:1082] 2020-01-05 21:18:02.062881: Step 1140: Train accuracy = 94.0%
INFO:tensorflow:2020-01-05 21:18:02.063087: Step 1140: Cross entropy = 0.329056
I0105 21:18:02.063102 139687342254976 retrain.py:1084] 2020-01-05 21:18:02.063087: Step 1140: Cross entropy = 0.329056
INFO:tensorflow:2020-01-05 21:18:02.129793: Step 1140: Validation accuracy = 37.0% (N=100)
I0105 21:18:02.129850 139687342254976 retrain.py:1100] 2020-01-05 21:18:02.129793: Step 1140: Validation accuracy = 37.0% (N=100)
INFO:tensorflow:2020-01-05 21:18:02.823659: Step 1150: Train accuracy = 96.0%
I0105 21:18:02.823717 139687342254976 retrain.py:1082] 2020-01-05 21:18:02.823659: Step 1150: Train accuracy = 96.0%
INFO:tensorflow:2020-01-05 21:18:02.823870: Step 1150: Cross entropy = 0.334742
I0105 21:18:02.823892 139687342254976 retrain.py:1084] 2020-01-05 21:18:02.823870: Step 1150: Cross entropy = 0.334742
INFO:tensorflow:2020-01-05 21:18:02.890883: Step 1150: Validation accuracy = 47.0% (N=100)
I0105 21:18:02.890939 139687342254976 retrain.py:1100] 2020-01-05 21:18:02.890883: Step 1150: Validation accuracy = 47.0% (N=100)
INFO:tensorflow:2020-01-05 21:18:03.594370: Step 1160: Train accuracy = 92.0%
I0105 21:18:03.594426 139687342254976 retrain.py:1082] 2020-01-05 21:18:03.594370: Step 1160: Train accuracy = 92.0%
INFO:tensorflow:2020-01-05 21:18:03.594568: Step 1160: Cross entropy = 0.348287
I0105 21:18:03.594585 139687342254976 retrain.py:1084] 2020-01-05 21:18:03.594568: Step 1160: Cross entropy = 0.348287
INFO:tensorflow:2020-01-05 21:18:03.659880: Step 1160: Validation accuracy = 39.0% (N=100)
I0105 21:18:03.659936 139687342254976 retrain.py:1100] 2020-01-05 21:18:03.659880: Step 1160: Validation accuracy = 39.0% (N=100)
INFO:tensorflow:2020-01-05 21:18:04.360856: Step 1170: Train accuracy = 91.0%
I0105 21:18:04.360914 139687342254976 retrain.py:1082] 2020-01-05 21:18:04.360856: Step 1170: Train accuracy = 91.0%
INFO:tensorflow:2020-01-05 21:18:04.361071: Step 1170: Cross entropy = 0.355656
I0105 21:18:04.361095 139687342254976 retrain.py:1084] 2020-01-05 21:18:04.361071: Step 1170: Cross entropy = 0.355656
INFO:tensorflow:2020-01-05 21:18:04.426634: Step 1170: Validation accuracy = 43.0% (N=100)
I0105 21:18:04.426688 139687342254976 retrain.py:1100] 2020-01-05 21:18:04.426634: Step 1170: Validation accuracy = 43.0% (N=100)
INFO:tensorflow:2020-01-05 21:18:05.118785: Step 1180: Train accuracy = 95.0%
I0105 21:18:05.118841 139687342254976 retrain.py:1082] 2020-01-05 21:18:05.118785: Step 1180: Train accuracy = 95.0%
INFO:tensorflow:2020-01-05 21:18:05.118978: Step 1180: Cross entropy = 0.336930
I0105 21:18:05.118997 139687342254976 retrain.py:1084] 2020-01-05 21:18:05.118978: Step 1180: Cross entropy = 0.336930
INFO:tensorflow:2020-01-05 21:18:05.184967: Step 1180: Validation accuracy = 41.0% (N=100)
I0105 21:18:05.185022 139687342254976 retrain.py:1100] 2020-01-05 21:18:05.184967: Step 1180: Validation accuracy = 41.0% (N=100)
INFO:tensorflow:2020-01-05 21:18:05.882222: Step 1190: Train accuracy = 92.0%
I0105 21:18:05.882278 139687342254976 retrain.py:1082] 2020-01-05 21:18:05.882222: Step 1190: Train accuracy = 92.0%
INFO:tensorflow:2020-01-05 21:18:05.882420: Step 1190: Cross entropy = 0.338990
I0105 21:18:05.882440 139687342254976 retrain.py:1084] 2020-01-05 21:18:05.882420: Step 1190: Cross entropy = 0.338990
INFO:tensorflow:2020-01-05 21:18:05.948481: Step 1190: Validation accuracy = 35.0% (N=100)
I0105 21:18:05.948535 139687342254976 retrain.py:1100] 2020-01-05 21:18:05.948481: Step 1190: Validation accuracy = 35.0% (N=100)
INFO:tensorflow:2020-01-05 21:18:06.644405: Step 1200: Train accuracy = 88.0%
I0105 21:18:06.644463 139687342254976 retrain.py:1082] 2020-01-05 21:18:06.644405: Step 1200: Train accuracy = 88.0%
INFO:tensorflow:2020-01-05 21:18:06.644594: Step 1200: Cross entropy = 0.345880
I0105 21:18:06.644613 139687342254976 retrain.py:1084] 2020-01-05 21:18:06.644594: Step 1200: Cross entropy = 0.345880
INFO:tensorflow:2020-01-05 21:18:06.710654: Step 1200: Validation accuracy = 47.0% (N=100)
I0105 21:18:06.710710 139687342254976 retrain.py:1100] 2020-01-05 21:18:06.710654: Step 1200: Validation accuracy = 47.0% (N=100)
INFO:tensorflow:2020-01-05 21:18:07.407925: Step 1210: Train accuracy = 90.0%
I0105 21:18:07.407984 139687342254976 retrain.py:1082] 2020-01-05 21:18:07.407925: Step 1210: Train accuracy = 90.0%
INFO:tensorflow:2020-01-05 21:18:07.408139: Step 1210: Cross entropy = 0.365524
I0105 21:18:07.408160 139687342254976 retrain.py:1084] 2020-01-05 21:18:07.408139: Step 1210: Cross entropy = 0.365524
INFO:tensorflow:2020-01-05 21:18:07.478162: Step 1210: Validation accuracy = 38.0% (N=100)
I0105 21:18:07.478219 139687342254976 retrain.py:1100] 2020-01-05 21:18:07.478162: Step 1210: Validation accuracy = 38.0% (N=100)
INFO:tensorflow:2020-01-05 21:18:08.169541: Step 1220: Train accuracy = 95.0%
I0105 21:18:08.169600 139687342254976 retrain.py:1082] 2020-01-05 21:18:08.169541: Step 1220: Train accuracy = 95.0%
INFO:tensorflow:2020-01-05 21:18:08.169752: Step 1220: Cross entropy = 0.347919
I0105 21:18:08.169772 139687342254976 retrain.py:1084] 2020-01-05 21:18:08.169752: Step 1220: Cross entropy = 0.347919
INFO:tensorflow:2020-01-05 21:18:08.238530: Step 1220: Validation accuracy = 46.0% (N=100)
I0105 21:18:08.238588 139687342254976 retrain.py:1100] 2020-01-05 21:18:08.238530: Step 1220: Validation accuracy = 46.0% (N=100)
INFO:tensorflow:2020-01-05 21:18:08.923385: Step 1230: Train accuracy = 92.0%
I0105 21:18:08.923442 139687342254976 retrain.py:1082] 2020-01-05 21:18:08.923385: Step 1230: Train accuracy = 92.0%
INFO:tensorflow:2020-01-05 21:18:08.923593: Step 1230: Cross entropy = 0.363744
I0105 21:18:08.923611 139687342254976 retrain.py:1084] 2020-01-05 21:18:08.923593: Step 1230: Cross entropy = 0.363744
INFO:tensorflow:2020-01-05 21:18:08.991032: Step 1230: Validation accuracy = 48.0% (N=100)
I0105 21:18:08.991089 139687342254976 retrain.py:1100] 2020-01-05 21:18:08.991032: Step 1230: Validation accuracy = 48.0% (N=100)
INFO:tensorflow:2020-01-05 21:18:09.690381: Step 1240: Train accuracy = 95.0%
I0105 21:18:09.690437 139687342254976 retrain.py:1082] 2020-01-05 21:18:09.690381: Step 1240: Train accuracy = 95.0%
INFO:tensorflow:2020-01-05 21:18:09.690572: Step 1240: Cross entropy = 0.341214
I0105 21:18:09.690591 139687342254976 retrain.py:1084] 2020-01-05 21:18:09.690572: Step 1240: Cross entropy = 0.341214
INFO:tensorflow:2020-01-05 21:18:09.758458: Step 1240: Validation accuracy = 48.0% (N=100)
I0105 21:18:09.758514 139687342254976 retrain.py:1100] 2020-01-05 21:18:09.758458: Step 1240: Validation accuracy = 48.0% (N=100)
INFO:tensorflow:2020-01-05 21:18:10.447863: Step 1250: Train accuracy = 90.0%
I0105 21:18:10.447920 139687342254976 retrain.py:1082] 2020-01-05 21:18:10.447863: Step 1250: Train accuracy = 90.0%
INFO:tensorflow:2020-01-05 21:18:10.448059: Step 1250: Cross entropy = 0.341610
I0105 21:18:10.448078 139687342254976 retrain.py:1084] 2020-01-05 21:18:10.448059: Step 1250: Cross entropy = 0.341610
INFO:tensorflow:2020-01-05 21:18:10.513900: Step 1250: Validation accuracy = 48.0% (N=100)
I0105 21:18:10.513956 139687342254976 retrain.py:1100] 2020-01-05 21:18:10.513900: Step 1250: Validation accuracy = 48.0% (N=100)
INFO:tensorflow:2020-01-05 21:18:11.203136: Step 1260: Train accuracy = 96.0%
I0105 21:18:11.203192 139687342254976 retrain.py:1082] 2020-01-05 21:18:11.203136: Step 1260: Train accuracy = 96.0%
INFO:tensorflow:2020-01-05 21:18:11.203363: Step 1260: Cross entropy = 0.321894
I0105 21:18:11.203383 139687342254976 retrain.py:1084] 2020-01-05 21:18:11.203363: Step 1260: Cross entropy = 0.321894
INFO:tensorflow:2020-01-05 21:18:11.270448: Step 1260: Validation accuracy = 42.0% (N=100)
I0105 21:18:11.270504 139687342254976 retrain.py:1100] 2020-01-05 21:18:11.270448: Step 1260: Validation accuracy = 42.0% (N=100)
INFO:tensorflow:2020-01-05 21:18:11.973000: Step 1270: Train accuracy = 90.0%
I0105 21:18:11.973057 139687342254976 retrain.py:1082] 2020-01-05 21:18:11.973000: Step 1270: Train accuracy = 90.0%
INFO:tensorflow:2020-01-05 21:18:11.973205: Step 1270: Cross entropy = 0.365015
I0105 21:18:11.973222 139687342254976 retrain.py:1084] 2020-01-05 21:18:11.973205: Step 1270: Cross entropy = 0.365015
INFO:tensorflow:2020-01-05 21:18:12.039543: Step 1270: Validation accuracy = 29.0% (N=100)
I0105 21:18:12.039599 139687342254976 retrain.py:1100] 2020-01-05 21:18:12.039543: Step 1270: Validation accuracy = 29.0% (N=100)
INFO:tensorflow:2020-01-05 21:18:12.724261: Step 1280: Train accuracy = 95.0%
I0105 21:18:12.724317 139687342254976 retrain.py:1082] 2020-01-05 21:18:12.724261: Step 1280: Train accuracy = 95.0%
INFO:tensorflow:2020-01-05 21:18:12.724464: Step 1280: Cross entropy = 0.327642
I0105 21:18:12.724481 139687342254976 retrain.py:1084] 2020-01-05 21:18:12.724464: Step 1280: Cross entropy = 0.327642
INFO:tensorflow:2020-01-05 21:18:12.794292: Step 1280: Validation accuracy = 33.0% (N=100)
I0105 21:18:12.794350 139687342254976 retrain.py:1100] 2020-01-05 21:18:12.794292: Step 1280: Validation accuracy = 33.0% (N=100)
INFO:tensorflow:2020-01-05 21:18:13.483497: Step 1290: Train accuracy = 95.0%
I0105 21:18:13.483554 139687342254976 retrain.py:1082] 2020-01-05 21:18:13.483497: Step 1290: Train accuracy = 95.0%
INFO:tensorflow:2020-01-05 21:18:13.483684: Step 1290: Cross entropy = 0.327411
I0105 21:18:13.483702 139687342254976 retrain.py:1084] 2020-01-05 21:18:13.483684: Step 1290: Cross entropy = 0.327411
INFO:tensorflow:2020-01-05 21:18:13.549529: Step 1290: Validation accuracy = 35.0% (N=100)
I0105 21:18:13.549582 139687342254976 retrain.py:1100] 2020-01-05 21:18:13.549529: Step 1290: Validation accuracy = 35.0% (N=100)
INFO:tensorflow:2020-01-05 21:18:14.236529: Step 1300: Train accuracy = 96.0%
I0105 21:18:14.236585 139687342254976 retrain.py:1082] 2020-01-05 21:18:14.236529: Step 1300: Train accuracy = 96.0%
INFO:tensorflow:2020-01-05 21:18:14.236738: Step 1300: Cross entropy = 0.308193
I0105 21:18:14.236764 139687342254976 retrain.py:1084] 2020-01-05 21:18:14.236738: Step 1300: Cross entropy = 0.308193
INFO:tensorflow:2020-01-05 21:18:14.302398: Step 1300: Validation accuracy = 41.0% (N=100)
I0105 21:18:14.302453 139687342254976 retrain.py:1100] 2020-01-05 21:18:14.302398: Step 1300: Validation accuracy = 41.0% (N=100)
INFO:tensorflow:2020-01-05 21:18:15.013830: Step 1310: Train accuracy = 94.0%
I0105 21:18:15.013899 139687342254976 retrain.py:1082] 2020-01-05 21:18:15.013830: Step 1310: Train accuracy = 94.0%
INFO:tensorflow:2020-01-05 21:18:15.014039: Step 1310: Cross entropy = 0.328566
I0105 21:18:15.014056 139687342254976 retrain.py:1084] 2020-01-05 21:18:15.014039: Step 1310: Cross entropy = 0.328566
INFO:tensorflow:2020-01-05 21:18:15.083683: Step 1310: Validation accuracy = 39.0% (N=100)
I0105 21:18:15.083739 139687342254976 retrain.py:1100] 2020-01-05 21:18:15.083683: Step 1310: Validation accuracy = 39.0% (N=100)
INFO:tensorflow:2020-01-05 21:18:15.786637: Step 1320: Train accuracy = 96.0%
I0105 21:18:15.786696 139687342254976 retrain.py:1082] 2020-01-05 21:18:15.786637: Step 1320: Train accuracy = 96.0%
INFO:tensorflow:2020-01-05 21:18:15.786839: Step 1320: Cross entropy = 0.321178
I0105 21:18:15.786853 139687342254976 retrain.py:1084] 2020-01-05 21:18:15.786839: Step 1320: Cross entropy = 0.321178
INFO:tensorflow:2020-01-05 21:18:15.856515: Step 1320: Validation accuracy = 38.0% (N=100)
I0105 21:18:15.856572 139687342254976 retrain.py:1100] 2020-01-05 21:18:15.856515: Step 1320: Validation accuracy = 38.0% (N=100)
INFO:tensorflow:2020-01-05 21:18:16.552572: Step 1330: Train accuracy = 95.0%
I0105 21:18:16.552630 139687342254976 retrain.py:1082] 2020-01-05 21:18:16.552572: Step 1330: Train accuracy = 95.0%
INFO:tensorflow:2020-01-05 21:18:16.552765: Step 1330: Cross entropy = 0.316929
I0105 21:18:16.552783 139687342254976 retrain.py:1084] 2020-01-05 21:18:16.552765: Step 1330: Cross entropy = 0.316929
INFO:tensorflow:2020-01-05 21:18:16.622516: Step 1330: Validation accuracy = 37.0% (N=100)
I0105 21:18:16.622573 139687342254976 retrain.py:1100] 2020-01-05 21:18:16.622516: Step 1330: Validation accuracy = 37.0% (N=100)
INFO:tensorflow:2020-01-05 21:18:17.301872: Step 1340: Train accuracy = 89.0%
I0105 21:18:17.301930 139687342254976 retrain.py:1082] 2020-01-05 21:18:17.301872: Step 1340: Train accuracy = 89.0%
INFO:tensorflow:2020-01-05 21:18:17.302084: Step 1340: Cross entropy = 0.314359
I0105 21:18:17.302103 139687342254976 retrain.py:1084] 2020-01-05 21:18:17.302084: Step 1340: Cross entropy = 0.314359
INFO:tensorflow:2020-01-05 21:18:17.375433: Step 1340: Validation accuracy = 33.0% (N=100)
I0105 21:18:17.375490 139687342254976 retrain.py:1100] 2020-01-05 21:18:17.375433: Step 1340: Validation accuracy = 33.0% (N=100)
INFO:tensorflow:2020-01-05 21:18:18.061462: Step 1350: Train accuracy = 95.0%
I0105 21:18:18.061520 139687342254976 retrain.py:1082] 2020-01-05 21:18:18.061462: Step 1350: Train accuracy = 95.0%
INFO:tensorflow:2020-01-05 21:18:18.061677: Step 1350: Cross entropy = 0.320090
I0105 21:18:18.061699 139687342254976 retrain.py:1084] 2020-01-05 21:18:18.061677: Step 1350: Cross entropy = 0.320090
INFO:tensorflow:2020-01-05 21:18:18.127567: Step 1350: Validation accuracy = 40.0% (N=100)
I0105 21:18:18.127623 139687342254976 retrain.py:1100] 2020-01-05 21:18:18.127567: Step 1350: Validation accuracy = 40.0% (N=100)
INFO:tensorflow:2020-01-05 21:18:18.821022: Step 1360: Train accuracy = 94.0%
I0105 21:18:18.821080 139687342254976 retrain.py:1082] 2020-01-05 21:18:18.821022: Step 1360: Train accuracy = 94.0%
INFO:tensorflow:2020-01-05 21:18:18.821214: Step 1360: Cross entropy = 0.290608
I0105 21:18:18.821230 139687342254976 retrain.py:1084] 2020-01-05 21:18:18.821214: Step 1360: Cross entropy = 0.290608
INFO:tensorflow:2020-01-05 21:18:18.887858: Step 1360: Validation accuracy = 41.0% (N=100)
I0105 21:18:18.887914 139687342254976 retrain.py:1100] 2020-01-05 21:18:18.887858: Step 1360: Validation accuracy = 41.0% (N=100)
INFO:tensorflow:2020-01-05 21:18:19.590717: Step 1370: Train accuracy = 93.0%
I0105 21:18:19.590775 139687342254976 retrain.py:1082] 2020-01-05 21:18:19.590717: Step 1370: Train accuracy = 93.0%
INFO:tensorflow:2020-01-05 21:18:19.590912: Step 1370: Cross entropy = 0.303133
I0105 21:18:19.590928 139687342254976 retrain.py:1084] 2020-01-05 21:18:19.590912: Step 1370: Cross entropy = 0.303133
INFO:tensorflow:2020-01-05 21:18:19.656576: Step 1370: Validation accuracy = 33.0% (N=100)
I0105 21:18:19.656631 139687342254976 retrain.py:1100] 2020-01-05 21:18:19.656576: Step 1370: Validation accuracy = 33.0% (N=100)
INFO:tensorflow:2020-01-05 21:18:20.358729: Step 1380: Train accuracy = 91.0%
I0105 21:18:20.358785 139687342254976 retrain.py:1082] 2020-01-05 21:18:20.358729: Step 1380: Train accuracy = 91.0%
INFO:tensorflow:2020-01-05 21:18:20.358920: Step 1380: Cross entropy = 0.360574
I0105 21:18:20.358936 139687342254976 retrain.py:1084] 2020-01-05 21:18:20.358920: Step 1380: Cross entropy = 0.360574
INFO:tensorflow:2020-01-05 21:18:20.424863: Step 1380: Validation accuracy = 39.0% (N=100)
I0105 21:18:20.424918 139687342254976 retrain.py:1100] 2020-01-05 21:18:20.424863: Step 1380: Validation accuracy = 39.0% (N=100)
INFO:tensorflow:2020-01-05 21:18:21.121899: Step 1390: Train accuracy = 94.0%
I0105 21:18:21.121957 139687342254976 retrain.py:1082] 2020-01-05 21:18:21.121899: Step 1390: Train accuracy = 94.0%
INFO:tensorflow:2020-01-05 21:18:21.122109: Step 1390: Cross entropy = 0.303261
I0105 21:18:21.122130 139687342254976 retrain.py:1084] 2020-01-05 21:18:21.122109: Step 1390: Cross entropy = 0.303261
INFO:tensorflow:2020-01-05 21:18:21.190211: Step 1390: Validation accuracy = 47.0% (N=100)
I0105 21:18:21.190268 139687342254976 retrain.py:1100] 2020-01-05 21:18:21.190211: Step 1390: Validation accuracy = 47.0% (N=100)
INFO:tensorflow:2020-01-05 21:18:21.887516: Step 1400: Train accuracy = 86.0%
I0105 21:18:21.887574 139687342254976 retrain.py:1082] 2020-01-05 21:18:21.887516: Step 1400: Train accuracy = 86.0%
INFO:tensorflow:2020-01-05 21:18:21.887725: Step 1400: Cross entropy = 0.338676
I0105 21:18:21.887743 139687342254976 retrain.py:1084] 2020-01-05 21:18:21.887725: Step 1400: Cross entropy = 0.338676
INFO:tensorflow:2020-01-05 21:18:21.953226: Step 1400: Validation accuracy = 46.0% (N=100)
I0105 21:18:21.953282 139687342254976 retrain.py:1100] 2020-01-05 21:18:21.953226: Step 1400: Validation accuracy = 46.0% (N=100)
INFO:tensorflow:2020-01-05 21:18:22.655401: Step 1410: Train accuracy = 91.0%
I0105 21:18:22.655459 139687342254976 retrain.py:1082] 2020-01-05 21:18:22.655401: Step 1410: Train accuracy = 91.0%
INFO:tensorflow:2020-01-05 21:18:22.655608: Step 1410: Cross entropy = 0.316490
I0105 21:18:22.655714 139687342254976 retrain.py:1084] 2020-01-05 21:18:22.655608: Step 1410: Cross entropy = 0.316490
INFO:tensorflow:2020-01-05 21:18:22.723392: Step 1410: Validation accuracy = 47.0% (N=100)
I0105 21:18:22.723449 139687342254976 retrain.py:1100] 2020-01-05 21:18:22.723392: Step 1410: Validation accuracy = 47.0% (N=100)
INFO:tensorflow:2020-01-05 21:18:23.406957: Step 1420: Train accuracy = 92.0%
I0105 21:18:23.407014 139687342254976 retrain.py:1082] 2020-01-05 21:18:23.406957: Step 1420: Train accuracy = 92.0%
INFO:tensorflow:2020-01-05 21:18:23.407150: Step 1420: Cross entropy = 0.355474
I0105 21:18:23.407167 139687342254976 retrain.py:1084] 2020-01-05 21:18:23.407150: Step 1420: Cross entropy = 0.355474
INFO:tensorflow:2020-01-05 21:18:23.472915: Step 1420: Validation accuracy = 42.0% (N=100)
I0105 21:18:23.472970 139687342254976 retrain.py:1100] 2020-01-05 21:18:23.472915: Step 1420: Validation accuracy = 42.0% (N=100)
INFO:tensorflow:2020-01-05 21:18:24.169609: Step 1430: Train accuracy = 91.0%
I0105 21:18:24.169665 139687342254976 retrain.py:1082] 2020-01-05 21:18:24.169609: Step 1430: Train accuracy = 91.0%
INFO:tensorflow:2020-01-05 21:18:24.169825: Step 1430: Cross entropy = 0.317646
I0105 21:18:24.169842 139687342254976 retrain.py:1084] 2020-01-05 21:18:24.169825: Step 1430: Cross entropy = 0.317646
INFO:tensorflow:2020-01-05 21:18:24.235725: Step 1430: Validation accuracy = 44.0% (N=100)
I0105 21:18:24.235779 139687342254976 retrain.py:1100] 2020-01-05 21:18:24.235725: Step 1430: Validation accuracy = 44.0% (N=100)
INFO:tensorflow:2020-01-05 21:18:24.932627: Step 1440: Train accuracy = 97.0%
I0105 21:18:24.932683 139687342254976 retrain.py:1082] 2020-01-05 21:18:24.932627: Step 1440: Train accuracy = 97.0%
INFO:tensorflow:2020-01-05 21:18:24.932832: Step 1440: Cross entropy = 0.305916
I0105 21:18:24.932852 139687342254976 retrain.py:1084] 2020-01-05 21:18:24.932832: Step 1440: Cross entropy = 0.305916
INFO:tensorflow:2020-01-05 21:18:24.998709: Step 1440: Validation accuracy = 44.0% (N=100)
I0105 21:18:24.998763 139687342254976 retrain.py:1100] 2020-01-05 21:18:24.998709: Step 1440: Validation accuracy = 44.0% (N=100)
INFO:tensorflow:2020-01-05 21:18:25.708870: Step 1450: Train accuracy = 89.0%
I0105 21:18:25.708925 139687342254976 retrain.py:1082] 2020-01-05 21:18:25.708870: Step 1450: Train accuracy = 89.0%
INFO:tensorflow:2020-01-05 21:18:25.709080: Step 1450: Cross entropy = 0.335419
I0105 21:18:25.709099 139687342254976 retrain.py:1084] 2020-01-05 21:18:25.709080: Step 1450: Cross entropy = 0.335419
INFO:tensorflow:2020-01-05 21:18:25.779095: Step 1450: Validation accuracy = 42.0% (N=100)
I0105 21:18:25.779151 139687342254976 retrain.py:1100] 2020-01-05 21:18:25.779095: Step 1450: Validation accuracy = 42.0% (N=100)
INFO:tensorflow:2020-01-05 21:18:26.476301: Step 1460: Train accuracy = 98.0%
I0105 21:18:26.476359 139687342254976 retrain.py:1082] 2020-01-05 21:18:26.476301: Step 1460: Train accuracy = 98.0%
INFO:tensorflow:2020-01-05 21:18:26.476490: Step 1460: Cross entropy = 0.283867
I0105 21:18:26.476508 139687342254976 retrain.py:1084] 2020-01-05 21:18:26.476490: Step 1460: Cross entropy = 0.283867
INFO:tensorflow:2020-01-05 21:18:26.542288: Step 1460: Validation accuracy = 41.0% (N=100)
I0105 21:18:26.542356 139687342254976 retrain.py:1100] 2020-01-05 21:18:26.542288: Step 1460: Validation accuracy = 41.0% (N=100)
INFO:tensorflow:2020-01-05 21:18:27.229951: Step 1470: Train accuracy = 90.0%
I0105 21:18:27.230008 139687342254976 retrain.py:1082] 2020-01-05 21:18:27.229951: Step 1470: Train accuracy = 90.0%
INFO:tensorflow:2020-01-05 21:18:27.230153: Step 1470: Cross entropy = 0.317088
I0105 21:18:27.230168 139687342254976 retrain.py:1084] 2020-01-05 21:18:27.230153: Step 1470: Cross entropy = 0.317088
INFO:tensorflow:2020-01-05 21:18:27.296306: Step 1470: Validation accuracy = 42.0% (N=100)
I0105 21:18:27.296361 139687342254976 retrain.py:1100] 2020-01-05 21:18:27.296306: Step 1470: Validation accuracy = 42.0% (N=100)
INFO:tensorflow:2020-01-05 21:18:28.008021: Step 1480: Train accuracy = 92.0%
I0105 21:18:28.008077 139687342254976 retrain.py:1082] 2020-01-05 21:18:28.008021: Step 1480: Train accuracy = 92.0%
INFO:tensorflow:2020-01-05 21:18:28.008209: Step 1480: Cross entropy = 0.335331
I0105 21:18:28.008227 139687342254976 retrain.py:1084] 2020-01-05 21:18:28.008209: Step 1480: Cross entropy = 0.335331
INFO:tensorflow:2020-01-05 21:18:28.074087: Step 1480: Validation accuracy = 43.0% (N=100)
I0105 21:18:28.074143 139687342254976 retrain.py:1100] 2020-01-05 21:18:28.074087: Step 1480: Validation accuracy = 43.0% (N=100)
INFO:tensorflow:2020-01-05 21:18:28.770226: Step 1490: Train accuracy = 89.0%
I0105 21:18:28.770284 139687342254976 retrain.py:1082] 2020-01-05 21:18:28.770226: Step 1490: Train accuracy = 89.0%
INFO:tensorflow:2020-01-05 21:18:28.770417: Step 1490: Cross entropy = 0.340201
I0105 21:18:28.770433 139687342254976 retrain.py:1084] 2020-01-05 21:18:28.770417: Step 1490: Cross entropy = 0.340201
INFO:tensorflow:2020-01-05 21:18:28.841030: Step 1490: Validation accuracy = 34.0% (N=100)
I0105 21:18:28.841089 139687342254976 retrain.py:1100] 2020-01-05 21:18:28.841030: Step 1490: Validation accuracy = 34.0% (N=100)
INFO:tensorflow:2020-01-05 21:18:29.527616: Step 1500: Train accuracy = 96.0%
I0105 21:18:29.527674 139687342254976 retrain.py:1082] 2020-01-05 21:18:29.527616: Step 1500: Train accuracy = 96.0%
INFO:tensorflow:2020-01-05 21:18:29.527804: Step 1500: Cross entropy = 0.294328
I0105 21:18:29.527822 139687342254976 retrain.py:1084] 2020-01-05 21:18:29.527804: Step 1500: Cross entropy = 0.294328
INFO:tensorflow:2020-01-05 21:18:29.597627: Step 1500: Validation accuracy = 42.0% (N=100)
I0105 21:18:29.597685 139687342254976 retrain.py:1100] 2020-01-05 21:18:29.597627: Step 1500: Validation accuracy = 42.0% (N=100)
INFO:tensorflow:2020-01-05 21:18:30.298418: Step 1510: Train accuracy = 92.0%
I0105 21:18:30.298475 139687342254976 retrain.py:1082] 2020-01-05 21:18:30.298418: Step 1510: Train accuracy = 92.0%
INFO:tensorflow:2020-01-05 21:18:30.298605: Step 1510: Cross entropy = 0.301096
I0105 21:18:30.298623 139687342254976 retrain.py:1084] 2020-01-05 21:18:30.298605: Step 1510: Cross entropy = 0.301096
INFO:tensorflow:2020-01-05 21:18:30.380608: Step 1510: Validation accuracy = 34.0% (N=100)
I0105 21:18:30.380666 139687342254976 retrain.py:1100] 2020-01-05 21:18:30.380608: Step 1510: Validation accuracy = 34.0% (N=100)
INFO:tensorflow:2020-01-05 21:18:31.080257: Step 1520: Train accuracy = 95.0%
I0105 21:18:31.080314 139687342254976 retrain.py:1082] 2020-01-05 21:18:31.080257: Step 1520: Train accuracy = 95.0%
INFO:tensorflow:2020-01-05 21:18:31.080452: Step 1520: Cross entropy = 0.321520
I0105 21:18:31.080470 139687342254976 retrain.py:1084] 2020-01-05 21:18:31.080452: Step 1520: Cross entropy = 0.321520
INFO:tensorflow:2020-01-05 21:18:31.145806: Step 1520: Validation accuracy = 52.0% (N=100)
I0105 21:18:31.145884 139687342254976 retrain.py:1100] 2020-01-05 21:18:31.145806: Step 1520: Validation accuracy = 52.0% (N=100)
INFO:tensorflow:2020-01-05 21:18:31.852641: Step 1530: Train accuracy = 95.0%
I0105 21:18:31.852700 139687342254976 retrain.py:1082] 2020-01-05 21:18:31.852641: Step 1530: Train accuracy = 95.0%
INFO:tensorflow:2020-01-05 21:18:31.852842: Step 1530: Cross entropy = 0.314402
I0105 21:18:31.852860 139687342254976 retrain.py:1084] 2020-01-05 21:18:31.852842: Step 1530: Cross entropy = 0.314402
INFO:tensorflow:2020-01-05 21:18:31.918949: Step 1530: Validation accuracy = 39.0% (N=100)
I0105 21:18:31.919007 139687342254976 retrain.py:1100] 2020-01-05 21:18:31.918949: Step 1530: Validation accuracy = 39.0% (N=100)
INFO:tensorflow:2020-01-05 21:18:32.615839: Step 1540: Train accuracy = 89.0%
I0105 21:18:32.615896 139687342254976 retrain.py:1082] 2020-01-05 21:18:32.615839: Step 1540: Train accuracy = 89.0%
INFO:tensorflow:2020-01-05 21:18:32.616030: Step 1540: Cross entropy = 0.332752
I0105 21:18:32.616048 139687342254976 retrain.py:1084] 2020-01-05 21:18:32.616030: Step 1540: Cross entropy = 0.332752
INFO:tensorflow:2020-01-05 21:18:32.681896: Step 1540: Validation accuracy = 42.0% (N=100)
I0105 21:18:32.681952 139687342254976 retrain.py:1100] 2020-01-05 21:18:32.681896: Step 1540: Validation accuracy = 42.0% (N=100)
INFO:tensorflow:2020-01-05 21:18:33.387859: Step 1550: Train accuracy = 95.0%
I0105 21:18:33.387917 139687342254976 retrain.py:1082] 2020-01-05 21:18:33.387859: Step 1550: Train accuracy = 95.0%
INFO:tensorflow:2020-01-05 21:18:33.388070: Step 1550: Cross entropy = 0.296473
I0105 21:18:33.388087 139687342254976 retrain.py:1084] 2020-01-05 21:18:33.388070: Step 1550: Cross entropy = 0.296473
INFO:tensorflow:2020-01-05 21:18:33.453914: Step 1550: Validation accuracy = 38.0% (N=100)
I0105 21:18:33.453997 139687342254976 retrain.py:1100] 2020-01-05 21:18:33.453914: Step 1550: Validation accuracy = 38.0% (N=100)
INFO:tensorflow:2020-01-05 21:18:34.143387: Step 1560: Train accuracy = 93.0%
I0105 21:18:34.143444 139687342254976 retrain.py:1082] 2020-01-05 21:18:34.143387: Step 1560: Train accuracy = 93.0%
INFO:tensorflow:2020-01-05 21:18:34.143575: Step 1560: Cross entropy = 0.284507
I0105 21:18:34.143591 139687342254976 retrain.py:1084] 2020-01-05 21:18:34.143575: Step 1560: Cross entropy = 0.284507
INFO:tensorflow:2020-01-05 21:18:34.211454: Step 1560: Validation accuracy = 42.0% (N=100)
I0105 21:18:34.211510 139687342254976 retrain.py:1100] 2020-01-05 21:18:34.211454: Step 1560: Validation accuracy = 42.0% (N=100)
INFO:tensorflow:2020-01-05 21:18:34.906526: Step 1570: Train accuracy = 93.0%
I0105 21:18:34.906583 139687342254976 retrain.py:1082] 2020-01-05 21:18:34.906526: Step 1570: Train accuracy = 93.0%
INFO:tensorflow:2020-01-05 21:18:34.906714: Step 1570: Cross entropy = 0.331593
I0105 21:18:34.906732 139687342254976 retrain.py:1084] 2020-01-05 21:18:34.906714: Step 1570: Cross entropy = 0.331593
INFO:tensorflow:2020-01-05 21:18:34.974122: Step 1570: Validation accuracy = 31.0% (N=100)
I0105 21:18:34.974190 139687342254976 retrain.py:1100] 2020-01-05 21:18:34.974122: Step 1570: Validation accuracy = 31.0% (N=100)
INFO:tensorflow:2020-01-05 21:18:35.676871: Step 1580: Train accuracy = 97.0%
I0105 21:18:35.676938 139687342254976 retrain.py:1082] 2020-01-05 21:18:35.676871: Step 1580: Train accuracy = 97.0%
INFO:tensorflow:2020-01-05 21:18:35.677093: Step 1580: Cross entropy = 0.305090
I0105 21:18:35.677112 139687342254976 retrain.py:1084] 2020-01-05 21:18:35.677093: Step 1580: Cross entropy = 0.305090
INFO:tensorflow:2020-01-05 21:18:35.747788: Step 1580: Validation accuracy = 36.0% (N=100)
I0105 21:18:35.747846 139687342254976 retrain.py:1100] 2020-01-05 21:18:35.747788: Step 1580: Validation accuracy = 36.0% (N=100)
INFO:tensorflow:2020-01-05 21:18:36.452110: Step 1590: Train accuracy = 97.0%
I0105 21:18:36.452168 139687342254976 retrain.py:1082] 2020-01-05 21:18:36.452110: Step 1590: Train accuracy = 97.0%
INFO:tensorflow:2020-01-05 21:18:36.452317: Step 1590: Cross entropy = 0.312854
I0105 21:18:36.452332 139687342254976 retrain.py:1084] 2020-01-05 21:18:36.452317: Step 1590: Cross entropy = 0.312854
INFO:tensorflow:2020-01-05 21:18:36.520112: Step 1590: Validation accuracy = 36.0% (N=100)
I0105 21:18:36.520170 139687342254976 retrain.py:1100] 2020-01-05 21:18:36.520112: Step 1590: Validation accuracy = 36.0% (N=100)
INFO:tensorflow:2020-01-05 21:18:37.223711: Step 1600: Train accuracy = 94.0%
I0105 21:18:37.223768 139687342254976 retrain.py:1082] 2020-01-05 21:18:37.223711: Step 1600: Train accuracy = 94.0%
INFO:tensorflow:2020-01-05 21:18:37.223901: Step 1600: Cross entropy = 0.325022
I0105 21:18:37.223919 139687342254976 retrain.py:1084] 2020-01-05 21:18:37.223901: Step 1600: Cross entropy = 0.325022
INFO:tensorflow:2020-01-05 21:18:37.291529: Step 1600: Validation accuracy = 46.0% (N=100)
I0105 21:18:37.291586 139687342254976 retrain.py:1100] 2020-01-05 21:18:37.291529: Step 1600: Validation accuracy = 46.0% (N=100)
INFO:tensorflow:2020-01-05 21:18:37.989843: Step 1610: Train accuracy = 91.0%
I0105 21:18:37.989916 139687342254976 retrain.py:1082] 2020-01-05 21:18:37.989843: Step 1610: Train accuracy = 91.0%
INFO:tensorflow:2020-01-05 21:18:37.990063: Step 1610: Cross entropy = 0.303177
I0105 21:18:37.990079 139687342254976 retrain.py:1084] 2020-01-05 21:18:37.990063: Step 1610: Cross entropy = 0.303177
INFO:tensorflow:2020-01-05 21:18:38.056982: Step 1610: Validation accuracy = 36.0% (N=100)
I0105 21:18:38.057038 139687342254976 retrain.py:1100] 2020-01-05 21:18:38.056982: Step 1610: Validation accuracy = 36.0% (N=100)
INFO:tensorflow:2020-01-05 21:18:38.758508: Step 1620: Train accuracy = 90.0%
I0105 21:18:38.758566 139687342254976 retrain.py:1082] 2020-01-05 21:18:38.758508: Step 1620: Train accuracy = 90.0%
INFO:tensorflow:2020-01-05 21:18:38.758717: Step 1620: Cross entropy = 0.337078
I0105 21:18:38.758733 139687342254976 retrain.py:1084] 2020-01-05 21:18:38.758717: Step 1620: Cross entropy = 0.337078
INFO:tensorflow:2020-01-05 21:18:38.825290: Step 1620: Validation accuracy = 37.0% (N=100)
I0105 21:18:38.825345 139687342254976 retrain.py:1100] 2020-01-05 21:18:38.825290: Step 1620: Validation accuracy = 37.0% (N=100)
INFO:tensorflow:2020-01-05 21:18:39.523914: Step 1630: Train accuracy = 97.0%
I0105 21:18:39.523971 139687342254976 retrain.py:1082] 2020-01-05 21:18:39.523914: Step 1630: Train accuracy = 97.0%
INFO:tensorflow:2020-01-05 21:18:39.524103: Step 1630: Cross entropy = 0.316385
I0105 21:18:39.524120 139687342254976 retrain.py:1084] 2020-01-05 21:18:39.524103: Step 1630: Cross entropy = 0.316385
INFO:tensorflow:2020-01-05 21:18:39.592311: Step 1630: Validation accuracy = 43.0% (N=100)
I0105 21:18:39.592366 139687342254976 retrain.py:1100] 2020-01-05 21:18:39.592311: Step 1630: Validation accuracy = 43.0% (N=100)
INFO:tensorflow:2020-01-05 21:18:40.295894: Step 1640: Train accuracy = 96.0%
I0105 21:18:40.295953 139687342254976 retrain.py:1082] 2020-01-05 21:18:40.295894: Step 1640: Train accuracy = 96.0%
INFO:tensorflow:2020-01-05 21:18:40.296108: Step 1640: Cross entropy = 0.269142
I0105 21:18:40.296129 139687342254976 retrain.py:1084] 2020-01-05 21:18:40.296108: Step 1640: Cross entropy = 0.269142
INFO:tensorflow:2020-01-05 21:18:40.368704: Step 1640: Validation accuracy = 38.0% (N=100)
I0105 21:18:40.368762 139687342254976 retrain.py:1100] 2020-01-05 21:18:40.368704: Step 1640: Validation accuracy = 38.0% (N=100)
INFO:tensorflow:2020-01-05 21:18:41.066875: Step 1650: Train accuracy = 98.0%
I0105 21:18:41.066932 139687342254976 retrain.py:1082] 2020-01-05 21:18:41.066875: Step 1650: Train accuracy = 98.0%
INFO:tensorflow:2020-01-05 21:18:41.067079: Step 1650: Cross entropy = 0.282809
I0105 21:18:41.067099 139687342254976 retrain.py:1084] 2020-01-05 21:18:41.067079: Step 1650: Cross entropy = 0.282809
INFO:tensorflow:2020-01-05 21:18:41.136370: Step 1650: Validation accuracy = 41.0% (N=100)
I0105 21:18:41.136427 139687342254976 retrain.py:1100] 2020-01-05 21:18:41.136370: Step 1650: Validation accuracy = 41.0% (N=100)
INFO:tensorflow:2020-01-05 21:18:41.837722: Step 1660: Train accuracy = 93.0%
I0105 21:18:41.837780 139687342254976 retrain.py:1082] 2020-01-05 21:18:41.837722: Step 1660: Train accuracy = 93.0%
INFO:tensorflow:2020-01-05 21:18:41.837930: Step 1660: Cross entropy = 0.307200
I0105 21:18:41.837949 139687342254976 retrain.py:1084] 2020-01-05 21:18:41.837930: Step 1660: Cross entropy = 0.307200
INFO:tensorflow:2020-01-05 21:18:41.903572: Step 1660: Validation accuracy = 39.0% (N=100)
I0105 21:18:41.903625 139687342254976 retrain.py:1100] 2020-01-05 21:18:41.903572: Step 1660: Validation accuracy = 39.0% (N=100)
INFO:tensorflow:2020-01-05 21:18:42.603437: Step 1670: Train accuracy = 96.0%
I0105 21:18:42.603495 139687342254976 retrain.py:1082] 2020-01-05 21:18:42.603437: Step 1670: Train accuracy = 96.0%
INFO:tensorflow:2020-01-05 21:18:42.603639: Step 1670: Cross entropy = 0.310450
I0105 21:18:42.603658 139687342254976 retrain.py:1084] 2020-01-05 21:18:42.603639: Step 1670: Cross entropy = 0.310450
INFO:tensorflow:2020-01-05 21:18:42.673333: Step 1670: Validation accuracy = 45.0% (N=100)
I0105 21:18:42.673390 139687342254976 retrain.py:1100] 2020-01-05 21:18:42.673333: Step 1670: Validation accuracy = 45.0% (N=100)
INFO:tensorflow:2020-01-05 21:18:43.384608: Step 1680: Train accuracy = 94.0%
I0105 21:18:43.384666 139687342254976 retrain.py:1082] 2020-01-05 21:18:43.384608: Step 1680: Train accuracy = 94.0%
INFO:tensorflow:2020-01-05 21:18:43.384796: Step 1680: Cross entropy = 0.296122
I0105 21:18:43.384813 139687342254976 retrain.py:1084] 2020-01-05 21:18:43.384796: Step 1680: Cross entropy = 0.296122
INFO:tensorflow:2020-01-05 21:18:43.453553: Step 1680: Validation accuracy = 35.0% (N=100)
I0105 21:18:43.453608 139687342254976 retrain.py:1100] 2020-01-05 21:18:43.453553: Step 1680: Validation accuracy = 35.0% (N=100)
INFO:tensorflow:2020-01-05 21:18:44.143649: Step 1690: Train accuracy = 94.0%
I0105 21:18:44.143706 139687342254976 retrain.py:1082] 2020-01-05 21:18:44.143649: Step 1690: Train accuracy = 94.0%
INFO:tensorflow:2020-01-05 21:18:44.143836: Step 1690: Cross entropy = 0.291120
I0105 21:18:44.143853 139687342254976 retrain.py:1084] 2020-01-05 21:18:44.143836: Step 1690: Cross entropy = 0.291120
INFO:tensorflow:2020-01-05 21:18:44.213230: Step 1690: Validation accuracy = 34.0% (N=100)
I0105 21:18:44.213286 139687342254976 retrain.py:1100] 2020-01-05 21:18:44.213230: Step 1690: Validation accuracy = 34.0% (N=100)
INFO:tensorflow:2020-01-05 21:18:44.913597: Step 1700: Train accuracy = 95.0%
I0105 21:18:44.913655 139687342254976 retrain.py:1082] 2020-01-05 21:18:44.913597: Step 1700: Train accuracy = 95.0%
INFO:tensorflow:2020-01-05 21:18:44.913803: Step 1700: Cross entropy = 0.298746
I0105 21:18:44.913823 139687342254976 retrain.py:1084] 2020-01-05 21:18:44.913803: Step 1700: Cross entropy = 0.298746
INFO:tensorflow:2020-01-05 21:18:44.982924: Step 1700: Validation accuracy = 38.0% (N=100)
I0105 21:18:44.982981 139687342254976 retrain.py:1100] 2020-01-05 21:18:44.982924: Step 1700: Validation accuracy = 38.0% (N=100)
INFO:tensorflow:2020-01-05 21:18:45.679399: Step 1710: Train accuracy = 94.0%
I0105 21:18:45.679460 139687342254976 retrain.py:1082] 2020-01-05 21:18:45.679399: Step 1710: Train accuracy = 94.0%
INFO:tensorflow:2020-01-05 21:18:45.679597: Step 1710: Cross entropy = 0.321074
I0105 21:18:45.679611 139687342254976 retrain.py:1084] 2020-01-05 21:18:45.679597: Step 1710: Cross entropy = 0.321074
INFO:tensorflow:2020-01-05 21:18:45.747434: Step 1710: Validation accuracy = 57.0% (N=100)
I0105 21:18:45.747489 139687342254976 retrain.py:1100] 2020-01-05 21:18:45.747434: Step 1710: Validation accuracy = 57.0% (N=100)
INFO:tensorflow:2020-01-05 21:18:46.455813: Step 1720: Train accuracy = 97.0%
I0105 21:18:46.455869 139687342254976 retrain.py:1082] 2020-01-05 21:18:46.455813: Step 1720: Train accuracy = 97.0%
INFO:tensorflow:2020-01-05 21:18:46.456024: Step 1720: Cross entropy = 0.298469
I0105 21:18:46.456046 139687342254976 retrain.py:1084] 2020-01-05 21:18:46.456024: Step 1720: Cross entropy = 0.298469
INFO:tensorflow:2020-01-05 21:18:46.522050: Step 1720: Validation accuracy = 41.0% (N=100)
I0105 21:18:46.522105 139687342254976 retrain.py:1100] 2020-01-05 21:18:46.522050: Step 1720: Validation accuracy = 41.0% (N=100)
INFO:tensorflow:2020-01-05 21:18:47.215572: Step 1730: Train accuracy = 96.0%
I0105 21:18:47.215630 139687342254976 retrain.py:1082] 2020-01-05 21:18:47.215572: Step 1730: Train accuracy = 96.0%
INFO:tensorflow:2020-01-05 21:18:47.215759: Step 1730: Cross entropy = 0.282457
I0105 21:18:47.215776 139687342254976 retrain.py:1084] 2020-01-05 21:18:47.215759: Step 1730: Cross entropy = 0.282457
INFO:tensorflow:2020-01-05 21:18:47.282788: Step 1730: Validation accuracy = 43.0% (N=100)
I0105 21:18:47.282846 139687342254976 retrain.py:1100] 2020-01-05 21:18:47.282788: Step 1730: Validation accuracy = 43.0% (N=100)
INFO:tensorflow:2020-01-05 21:18:47.993827: Step 1740: Train accuracy = 98.0%
I0105 21:18:47.993896 139687342254976 retrain.py:1082] 2020-01-05 21:18:47.993827: Step 1740: Train accuracy = 98.0%
INFO:tensorflow:2020-01-05 21:18:47.994051: Step 1740: Cross entropy = 0.282059
I0105 21:18:47.994073 139687342254976 retrain.py:1084] 2020-01-05 21:18:47.994051: Step 1740: Cross entropy = 0.282059
INFO:tensorflow:2020-01-05 21:18:48.060204: Step 1740: Validation accuracy = 43.0% (N=100)
I0105 21:18:48.060258 139687342254976 retrain.py:1100] 2020-01-05 21:18:48.060204: Step 1740: Validation accuracy = 43.0% (N=100)
INFO:tensorflow:2020-01-05 21:18:48.771158: Step 1750: Train accuracy = 96.0%
I0105 21:18:48.771216 139687342254976 retrain.py:1082] 2020-01-05 21:18:48.771158: Step 1750: Train accuracy = 96.0%
INFO:tensorflow:2020-01-05 21:18:48.771365: Step 1750: Cross entropy = 0.258723
I0105 21:18:48.771383 139687342254976 retrain.py:1084] 2020-01-05 21:18:48.771365: Step 1750: Cross entropy = 0.258723
INFO:tensorflow:2020-01-05 21:18:48.837673: Step 1750: Validation accuracy = 43.0% (N=100)
I0105 21:18:48.837728 139687342254976 retrain.py:1100] 2020-01-05 21:18:48.837673: Step 1750: Validation accuracy = 43.0% (N=100)
INFO:tensorflow:2020-01-05 21:18:49.543924: Step 1760: Train accuracy = 98.0%
I0105 21:18:49.543982 139687342254976 retrain.py:1082] 2020-01-05 21:18:49.543924: Step 1760: Train accuracy = 98.0%
INFO:tensorflow:2020-01-05 21:18:49.544118: Step 1760: Cross entropy = 0.261504
I0105 21:18:49.544137 139687342254976 retrain.py:1084] 2020-01-05 21:18:49.544118: Step 1760: Cross entropy = 0.261504
INFO:tensorflow:2020-01-05 21:18:49.610405: Step 1760: Validation accuracy = 38.0% (N=100)
I0105 21:18:49.610460 139687342254976 retrain.py:1100] 2020-01-05 21:18:49.610405: Step 1760: Validation accuracy = 38.0% (N=100)
INFO:tensorflow:2020-01-05 21:18:50.315379: Step 1770: Train accuracy = 96.0%
I0105 21:18:50.315440 139687342254976 retrain.py:1082] 2020-01-05 21:18:50.315379: Step 1770: Train accuracy = 96.0%
INFO:tensorflow:2020-01-05 21:18:50.315591: Step 1770: Cross entropy = 0.245915
I0105 21:18:50.315607 139687342254976 retrain.py:1084] 2020-01-05 21:18:50.315591: Step 1770: Cross entropy = 0.245915
INFO:tensorflow:2020-01-05 21:18:50.384383: Step 1770: Validation accuracy = 41.0% (N=100)
I0105 21:18:50.384439 139687342254976 retrain.py:1100] 2020-01-05 21:18:50.384383: Step 1770: Validation accuracy = 41.0% (N=100)
INFO:tensorflow:2020-01-05 21:18:51.083744: Step 1780: Train accuracy = 99.0%
I0105 21:18:51.083802 139687342254976 retrain.py:1082] 2020-01-05 21:18:51.083744: Step 1780: Train accuracy = 99.0%
INFO:tensorflow:2020-01-05 21:18:51.083938: Step 1780: Cross entropy = 0.262717
I0105 21:18:51.083955 139687342254976 retrain.py:1084] 2020-01-05 21:18:51.083938: Step 1780: Cross entropy = 0.262717
INFO:tensorflow:2020-01-05 21:18:51.151105: Step 1780: Validation accuracy = 31.0% (N=100)
I0105 21:18:51.151160 139687342254976 retrain.py:1100] 2020-01-05 21:18:51.151105: Step 1780: Validation accuracy = 31.0% (N=100)
INFO:tensorflow:2020-01-05 21:18:51.841514: Step 1790: Train accuracy = 96.0%
I0105 21:18:51.841572 139687342254976 retrain.py:1082] 2020-01-05 21:18:51.841514: Step 1790: Train accuracy = 96.0%
INFO:tensorflow:2020-01-05 21:18:51.841707: Step 1790: Cross entropy = 0.297649
I0105 21:18:51.841721 139687342254976 retrain.py:1084] 2020-01-05 21:18:51.841707: Step 1790: Cross entropy = 0.297649
INFO:tensorflow:2020-01-05 21:18:51.907961: Step 1790: Validation accuracy = 41.0% (N=100)
I0105 21:18:51.908017 139687342254976 retrain.py:1100] 2020-01-05 21:18:51.907961: Step 1790: Validation accuracy = 41.0% (N=100)
INFO:tensorflow:2020-01-05 21:18:52.604106: Step 1800: Train accuracy = 88.0%
I0105 21:18:52.604163 139687342254976 retrain.py:1082] 2020-01-05 21:18:52.604106: Step 1800: Train accuracy = 88.0%
INFO:tensorflow:2020-01-05 21:18:52.604319: Step 1800: Cross entropy = 0.306292
I0105 21:18:52.604342 139687342254976 retrain.py:1084] 2020-01-05 21:18:52.604319: Step 1800: Cross entropy = 0.306292
INFO:tensorflow:2020-01-05 21:18:52.670109: Step 1800: Validation accuracy = 45.0% (N=100)
I0105 21:18:52.670165 139687342254976 retrain.py:1100] 2020-01-05 21:18:52.670109: Step 1800: Validation accuracy = 45.0% (N=100)
INFO:tensorflow:2020-01-05 21:18:53.379650: Step 1810: Train accuracy = 93.0%
I0105 21:18:53.379706 139687342254976 retrain.py:1082] 2020-01-05 21:18:53.379650: Step 1810: Train accuracy = 93.0%
INFO:tensorflow:2020-01-05 21:18:53.379839: Step 1810: Cross entropy = 0.285765
I0105 21:18:53.379856 139687342254976 retrain.py:1084] 2020-01-05 21:18:53.379839: Step 1810: Cross entropy = 0.285765
INFO:tensorflow:2020-01-05 21:18:53.448847: Step 1810: Validation accuracy = 40.0% (N=100)
I0105 21:18:53.448902 139687342254976 retrain.py:1100] 2020-01-05 21:18:53.448847: Step 1810: Validation accuracy = 40.0% (N=100)
INFO:tensorflow:2020-01-05 21:18:54.142311: Step 1820: Train accuracy = 93.0%
I0105 21:18:54.142368 139687342254976 retrain.py:1082] 2020-01-05 21:18:54.142311: Step 1820: Train accuracy = 93.0%
INFO:tensorflow:2020-01-05 21:18:54.142499: Step 1820: Cross entropy = 0.309020
I0105 21:18:54.142515 139687342254976 retrain.py:1084] 2020-01-05 21:18:54.142499: Step 1820: Cross entropy = 0.309020
INFO:tensorflow:2020-01-05 21:18:54.209943: Step 1820: Validation accuracy = 40.0% (N=100)
I0105 21:18:54.209998 139687342254976 retrain.py:1100] 2020-01-05 21:18:54.209943: Step 1820: Validation accuracy = 40.0% (N=100)
INFO:tensorflow:2020-01-05 21:18:54.917574: Step 1830: Train accuracy = 96.0%
I0105 21:18:54.917630 139687342254976 retrain.py:1082] 2020-01-05 21:18:54.917574: Step 1830: Train accuracy = 96.0%
INFO:tensorflow:2020-01-05 21:18:54.917775: Step 1830: Cross entropy = 0.245344
I0105 21:18:54.917796 139687342254976 retrain.py:1084] 2020-01-05 21:18:54.917775: Step 1830: Cross entropy = 0.245344
INFO:tensorflow:2020-01-05 21:18:54.987691: Step 1830: Validation accuracy = 37.0% (N=100)
I0105 21:18:54.987749 139687342254976 retrain.py:1100] 2020-01-05 21:18:54.987691: Step 1830: Validation accuracy = 37.0% (N=100)
INFO:tensorflow:2020-01-05 21:18:55.693106: Step 1840: Train accuracy = 93.0%
I0105 21:18:55.693164 139687342254976 retrain.py:1082] 2020-01-05 21:18:55.693106: Step 1840: Train accuracy = 93.0%
INFO:tensorflow:2020-01-05 21:18:55.693315: Step 1840: Cross entropy = 0.298520
I0105 21:18:55.693333 139687342254976 retrain.py:1084] 2020-01-05 21:18:55.693315: Step 1840: Cross entropy = 0.298520
INFO:tensorflow:2020-01-05 21:18:55.760029: Step 1840: Validation accuracy = 46.0% (N=100)
I0105 21:18:55.760085 139687342254976 retrain.py:1100] 2020-01-05 21:18:55.760029: Step 1840: Validation accuracy = 46.0% (N=100)
INFO:tensorflow:2020-01-05 21:18:56.457034: Step 1850: Train accuracy = 94.0%
I0105 21:18:56.457090 139687342254976 retrain.py:1082] 2020-01-05 21:18:56.457034: Step 1850: Train accuracy = 94.0%
INFO:tensorflow:2020-01-05 21:18:56.457245: Step 1850: Cross entropy = 0.282292
I0105 21:18:56.457264 139687342254976 retrain.py:1084] 2020-01-05 21:18:56.457245: Step 1850: Cross entropy = 0.282292
INFO:tensorflow:2020-01-05 21:18:56.523005: Step 1850: Validation accuracy = 41.0% (N=100)
I0105 21:18:56.523061 139687342254976 retrain.py:1100] 2020-01-05 21:18:56.523005: Step 1850: Validation accuracy = 41.0% (N=100)
INFO:tensorflow:2020-01-05 21:18:57.212819: Step 1860: Train accuracy = 95.0%
I0105 21:18:57.212884 139687342254976 retrain.py:1082] 2020-01-05 21:18:57.212819: Step 1860: Train accuracy = 95.0%
INFO:tensorflow:2020-01-05 21:18:57.213029: Step 1860: Cross entropy = 0.262194
I0105 21:18:57.213047 139687342254976 retrain.py:1084] 2020-01-05 21:18:57.213029: Step 1860: Cross entropy = 0.262194
INFO:tensorflow:2020-01-05 21:18:57.280440: Step 1860: Validation accuracy = 33.0% (N=100)
I0105 21:18:57.280498 139687342254976 retrain.py:1100] 2020-01-05 21:18:57.280440: Step 1860: Validation accuracy = 33.0% (N=100)
INFO:tensorflow:2020-01-05 21:18:57.979583: Step 1870: Train accuracy = 97.0%
I0105 21:18:57.979641 139687342254976 retrain.py:1082] 2020-01-05 21:18:57.979583: Step 1870: Train accuracy = 97.0%
INFO:tensorflow:2020-01-05 21:18:57.979771: Step 1870: Cross entropy = 0.259768
I0105 21:18:57.979789 139687342254976 retrain.py:1084] 2020-01-05 21:18:57.979771: Step 1870: Cross entropy = 0.259768
INFO:tensorflow:2020-01-05 21:18:58.047453: Step 1870: Validation accuracy = 35.0% (N=100)
I0105 21:18:58.047507 139687342254976 retrain.py:1100] 2020-01-05 21:18:58.047453: Step 1870: Validation accuracy = 35.0% (N=100)
INFO:tensorflow:2020-01-05 21:18:58.751789: Step 1880: Train accuracy = 97.0%
I0105 21:18:58.751847 139687342254976 retrain.py:1082] 2020-01-05 21:18:58.751789: Step 1880: Train accuracy = 97.0%
INFO:tensorflow:2020-01-05 21:18:58.752005: Step 1880: Cross entropy = 0.258062
I0105 21:18:58.752027 139687342254976 retrain.py:1084] 2020-01-05 21:18:58.752005: Step 1880: Cross entropy = 0.258062
INFO:tensorflow:2020-01-05 21:18:58.817780: Step 1880: Validation accuracy = 44.0% (N=100)
I0105 21:18:58.817834 139687342254976 retrain.py:1100] 2020-01-05 21:18:58.817780: Step 1880: Validation accuracy = 44.0% (N=100)
INFO:tensorflow:2020-01-05 21:18:59.517125: Step 1890: Train accuracy = 97.0%
I0105 21:18:59.517181 139687342254976 retrain.py:1082] 2020-01-05 21:18:59.517125: Step 1890: Train accuracy = 97.0%
INFO:tensorflow:2020-01-05 21:18:59.517322: Step 1890: Cross entropy = 0.271531
I0105 21:18:59.517340 139687342254976 retrain.py:1084] 2020-01-05 21:18:59.517322: Step 1890: Cross entropy = 0.271531
INFO:tensorflow:2020-01-05 21:18:59.585805: Step 1890: Validation accuracy = 42.0% (N=100)
I0105 21:18:59.585873 139687342254976 retrain.py:1100] 2020-01-05 21:18:59.585805: Step 1890: Validation accuracy = 42.0% (N=100)
INFO:tensorflow:2020-01-05 21:19:00.284717: Step 1900: Train accuracy = 99.0%
I0105 21:19:00.284775 139687342254976 retrain.py:1082] 2020-01-05 21:19:00.284717: Step 1900: Train accuracy = 99.0%
INFO:tensorflow:2020-01-05 21:19:00.284924: Step 1900: Cross entropy = 0.267409
I0105 21:19:00.284943 139687342254976 retrain.py:1084] 2020-01-05 21:19:00.284924: Step 1900: Cross entropy = 0.267409
INFO:tensorflow:2020-01-05 21:19:00.365605: Step 1900: Validation accuracy = 38.0% (N=100)
I0105 21:19:00.365661 139687342254976 retrain.py:1100] 2020-01-05 21:19:00.365605: Step 1900: Validation accuracy = 38.0% (N=100)
INFO:tensorflow:2020-01-05 21:19:01.062502: Step 1910: Train accuracy = 100.0%
I0105 21:19:01.062559 139687342254976 retrain.py:1082] 2020-01-05 21:19:01.062502: Step 1910: Train accuracy = 100.0%
INFO:tensorflow:2020-01-05 21:19:01.062695: Step 1910: Cross entropy = 0.296254
I0105 21:19:01.062711 139687342254976 retrain.py:1084] 2020-01-05 21:19:01.062695: Step 1910: Cross entropy = 0.296254
INFO:tensorflow:2020-01-05 21:19:01.129684: Step 1910: Validation accuracy = 36.0% (N=100)
I0105 21:19:01.129739 139687342254976 retrain.py:1100] 2020-01-05 21:19:01.129684: Step 1910: Validation accuracy = 36.0% (N=100)
INFO:tensorflow:2020-01-05 21:19:01.825661: Step 1920: Train accuracy = 98.0%
I0105 21:19:01.825719 139687342254976 retrain.py:1082] 2020-01-05 21:19:01.825661: Step 1920: Train accuracy = 98.0%
INFO:tensorflow:2020-01-05 21:19:01.825880: Step 1920: Cross entropy = 0.274016
I0105 21:19:01.825896 139687342254976 retrain.py:1084] 2020-01-05 21:19:01.825880: Step 1920: Cross entropy = 0.274016
INFO:tensorflow:2020-01-05 21:19:01.893849: Step 1920: Validation accuracy = 38.0% (N=100)
I0105 21:19:01.893913 139687342254976 retrain.py:1100] 2020-01-05 21:19:01.893849: Step 1920: Validation accuracy = 38.0% (N=100)
INFO:tensorflow:2020-01-05 21:19:02.585980: Step 1930: Train accuracy = 96.0%
I0105 21:19:02.586037 139687342254976 retrain.py:1082] 2020-01-05 21:19:02.585980: Step 1930: Train accuracy = 96.0%
INFO:tensorflow:2020-01-05 21:19:02.586170: Step 1930: Cross entropy = 0.281070
I0105 21:19:02.586188 139687342254976 retrain.py:1084] 2020-01-05 21:19:02.586170: Step 1930: Cross entropy = 0.281070
INFO:tensorflow:2020-01-05 21:19:02.652422: Step 1930: Validation accuracy = 35.0% (N=100)
I0105 21:19:02.652478 139687342254976 retrain.py:1100] 2020-01-05 21:19:02.652422: Step 1930: Validation accuracy = 35.0% (N=100)
INFO:tensorflow:2020-01-05 21:19:03.355236: Step 1940: Train accuracy = 97.0%
I0105 21:19:03.355293 139687342254976 retrain.py:1082] 2020-01-05 21:19:03.355236: Step 1940: Train accuracy = 97.0%
INFO:tensorflow:2020-01-05 21:19:03.355444: Step 1940: Cross entropy = 0.273184
I0105 21:19:03.355465 139687342254976 retrain.py:1084] 2020-01-05 21:19:03.355444: Step 1940: Cross entropy = 0.273184
INFO:tensorflow:2020-01-05 21:19:03.424669: Step 1940: Validation accuracy = 34.0% (N=100)
I0105 21:19:03.424726 139687342254976 retrain.py:1100] 2020-01-05 21:19:03.424669: Step 1940: Validation accuracy = 34.0% (N=100)
INFO:tensorflow:2020-01-05 21:19:04.119870: Step 1950: Train accuracy = 99.0%
I0105 21:19:04.119928 139687342254976 retrain.py:1082] 2020-01-05 21:19:04.119870: Step 1950: Train accuracy = 99.0%
INFO:tensorflow:2020-01-05 21:19:04.120086: Step 1950: Cross entropy = 0.230347
I0105 21:19:04.120108 139687342254976 retrain.py:1084] 2020-01-05 21:19:04.120086: Step 1950: Cross entropy = 0.230347
INFO:tensorflow:2020-01-05 21:19:04.188425: Step 1950: Validation accuracy = 33.0% (N=100)
I0105 21:19:04.188480 139687342254976 retrain.py:1100] 2020-01-05 21:19:04.188425: Step 1950: Validation accuracy = 33.0% (N=100)
INFO:tensorflow:2020-01-05 21:19:04.882133: Step 1960: Train accuracy = 97.0%
I0105 21:19:04.882192 139687342254976 retrain.py:1082] 2020-01-05 21:19:04.882133: Step 1960: Train accuracy = 97.0%
INFO:tensorflow:2020-01-05 21:19:04.882341: Step 1960: Cross entropy = 0.256752
I0105 21:19:04.882358 139687342254976 retrain.py:1084] 2020-01-05 21:19:04.882341: Step 1960: Cross entropy = 0.256752
INFO:tensorflow:2020-01-05 21:19:04.952377: Step 1960: Validation accuracy = 39.0% (N=100)
I0105 21:19:04.952435 139687342254976 retrain.py:1100] 2020-01-05 21:19:04.952377: Step 1960: Validation accuracy = 39.0% (N=100)
INFO:tensorflow:2020-01-05 21:19:05.657806: Step 1970: Train accuracy = 94.0%
I0105 21:19:05.657878 139687342254976 retrain.py:1082] 2020-01-05 21:19:05.657806: Step 1970: Train accuracy = 94.0%
INFO:tensorflow:2020-01-05 21:19:05.658035: Step 1970: Cross entropy = 0.256948
I0105 21:19:05.658058 139687342254976 retrain.py:1084] 2020-01-05 21:19:05.658035: Step 1970: Cross entropy = 0.256948
INFO:tensorflow:2020-01-05 21:19:05.728054: Step 1970: Validation accuracy = 44.0% (N=100)
I0105 21:19:05.728111 139687342254976 retrain.py:1100] 2020-01-05 21:19:05.728054: Step 1970: Validation accuracy = 44.0% (N=100)
INFO:tensorflow:2020-01-05 21:19:06.423422: Step 1980: Train accuracy = 96.0%
I0105 21:19:06.423478 139687342254976 retrain.py:1082] 2020-01-05 21:19:06.423422: Step 1980: Train accuracy = 96.0%
INFO:tensorflow:2020-01-05 21:19:06.423609: Step 1980: Cross entropy = 0.268884
I0105 21:19:06.423626 139687342254976 retrain.py:1084] 2020-01-05 21:19:06.423609: Step 1980: Cross entropy = 0.268884
INFO:tensorflow:2020-01-05 21:19:06.489742: Step 1980: Validation accuracy = 38.0% (N=100)
I0105 21:19:06.489797 139687342254976 retrain.py:1100] 2020-01-05 21:19:06.489742: Step 1980: Validation accuracy = 38.0% (N=100)
INFO:tensorflow:2020-01-05 21:19:07.182791: Step 1990: Train accuracy = 97.0%
I0105 21:19:07.182850 139687342254976 retrain.py:1082] 2020-01-05 21:19:07.182791: Step 1990: Train accuracy = 97.0%
INFO:tensorflow:2020-01-05 21:19:07.182981: Step 1990: Cross entropy = 0.256661
I0105 21:19:07.182999 139687342254976 retrain.py:1084] 2020-01-05 21:19:07.182981: Step 1990: Cross entropy = 0.256661
INFO:tensorflow:2020-01-05 21:19:07.253110: Step 1990: Validation accuracy = 42.0% (N=100)
I0105 21:19:07.253166 139687342254976 retrain.py:1100] 2020-01-05 21:19:07.253110: Step 1990: Validation accuracy = 42.0% (N=100)
INFO:tensorflow:2020-01-05 21:19:07.948164: Step 2000: Train accuracy = 100.0%
I0105 21:19:07.948222 139687342254976 retrain.py:1082] 2020-01-05 21:19:07.948164: Step 2000: Train accuracy = 100.0%
INFO:tensorflow:2020-01-05 21:19:07.948376: Step 2000: Cross entropy = 0.245526
I0105 21:19:07.948398 139687342254976 retrain.py:1084] 2020-01-05 21:19:07.948376: Step 2000: Cross entropy = 0.245526
INFO:tensorflow:2020-01-05 21:19:08.014791: Step 2000: Validation accuracy = 39.0% (N=100)
I0105 21:19:08.014848 139687342254976 retrain.py:1100] 2020-01-05 21:19:08.014791: Step 2000: Validation accuracy = 39.0% (N=100)
INFO:tensorflow:2020-01-05 21:19:08.720272: Step 2010: Train accuracy = 92.0%
I0105 21:19:08.720329 139687342254976 retrain.py:1082] 2020-01-05 21:19:08.720272: Step 2010: Train accuracy = 92.0%
INFO:tensorflow:2020-01-05 21:19:08.720471: Step 2010: Cross entropy = 0.303893
I0105 21:19:08.720489 139687342254976 retrain.py:1084] 2020-01-05 21:19:08.720471: Step 2010: Cross entropy = 0.303893
INFO:tensorflow:2020-01-05 21:19:08.790710: Step 2010: Validation accuracy = 39.0% (N=100)
I0105 21:19:08.790767 139687342254976 retrain.py:1100] 2020-01-05 21:19:08.790710: Step 2010: Validation accuracy = 39.0% (N=100)
INFO:tensorflow:2020-01-05 21:19:09.492206: Step 2020: Train accuracy = 94.0%
I0105 21:19:09.492262 139687342254976 retrain.py:1082] 2020-01-05 21:19:09.492206: Step 2020: Train accuracy = 94.0%
INFO:tensorflow:2020-01-05 21:19:09.492394: Step 2020: Cross entropy = 0.274905
I0105 21:19:09.492412 139687342254976 retrain.py:1084] 2020-01-05 21:19:09.492394: Step 2020: Cross entropy = 0.274905
INFO:tensorflow:2020-01-05 21:19:09.558916: Step 2020: Validation accuracy = 40.0% (N=100)
I0105 21:19:09.558981 139687342254976 retrain.py:1100] 2020-01-05 21:19:09.558916: Step 2020: Validation accuracy = 40.0% (N=100)
INFO:tensorflow:2020-01-05 21:19:10.252693: Step 2030: Train accuracy = 96.0%
I0105 21:19:10.252750 139687342254976 retrain.py:1082] 2020-01-05 21:19:10.252693: Step 2030: Train accuracy = 96.0%
INFO:tensorflow:2020-01-05 21:19:10.252891: Step 2030: Cross entropy = 0.283288
I0105 21:19:10.252907 139687342254976 retrain.py:1084] 2020-01-05 21:19:10.252891: Step 2030: Cross entropy = 0.283288
INFO:tensorflow:2020-01-05 21:19:10.322301: Step 2030: Validation accuracy = 43.0% (N=100)
I0105 21:19:10.322362 139687342254976 retrain.py:1100] 2020-01-05 21:19:10.322301: Step 2030: Validation accuracy = 43.0% (N=100)
INFO:tensorflow:2020-01-05 21:19:11.010975: Step 2040: Train accuracy = 94.0%
I0105 21:19:11.011031 139687342254976 retrain.py:1082] 2020-01-05 21:19:11.010975: Step 2040: Train accuracy = 94.0%
INFO:tensorflow:2020-01-05 21:19:11.011186: Step 2040: Cross entropy = 0.275339
I0105 21:19:11.011205 139687342254976 retrain.py:1084] 2020-01-05 21:19:11.011186: Step 2040: Cross entropy = 0.275339
INFO:tensorflow:2020-01-05 21:19:11.077318: Step 2040: Validation accuracy = 48.0% (N=100)
I0105 21:19:11.077374 139687342254976 retrain.py:1100] 2020-01-05 21:19:11.077318: Step 2040: Validation accuracy = 48.0% (N=100)
INFO:tensorflow:2020-01-05 21:19:11.778852: Step 2050: Train accuracy = 98.0%
I0105 21:19:11.778910 139687342254976 retrain.py:1082] 2020-01-05 21:19:11.778852: Step 2050: Train accuracy = 98.0%
INFO:tensorflow:2020-01-05 21:19:11.779047: Step 2050: Cross entropy = 0.242673
I0105 21:19:11.779065 139687342254976 retrain.py:1084] 2020-01-05 21:19:11.779047: Step 2050: Cross entropy = 0.242673
INFO:tensorflow:2020-01-05 21:19:11.851224: Step 2050: Validation accuracy = 38.0% (N=100)
I0105 21:19:11.851280 139687342254976 retrain.py:1100] 2020-01-05 21:19:11.851224: Step 2050: Validation accuracy = 38.0% (N=100)
INFO:tensorflow:2020-01-05 21:19:12.550034: Step 2060: Train accuracy = 98.0%
I0105 21:19:12.550091 139687342254976 retrain.py:1082] 2020-01-05 21:19:12.550034: Step 2060: Train accuracy = 98.0%
INFO:tensorflow:2020-01-05 21:19:12.550238: Step 2060: Cross entropy = 0.261689
I0105 21:19:12.550257 139687342254976 retrain.py:1084] 2020-01-05 21:19:12.550238: Step 2060: Cross entropy = 0.261689
INFO:tensorflow:2020-01-05 21:19:12.617471: Step 2060: Validation accuracy = 38.0% (N=100)
I0105 21:19:12.617527 139687342254976 retrain.py:1100] 2020-01-05 21:19:12.617471: Step 2060: Validation accuracy = 38.0% (N=100)
INFO:tensorflow:2020-01-05 21:19:13.319139: Step 2070: Train accuracy = 96.0%
I0105 21:19:13.319198 139687342254976 retrain.py:1082] 2020-01-05 21:19:13.319139: Step 2070: Train accuracy = 96.0%
INFO:tensorflow:2020-01-05 21:19:13.319344: Step 2070: Cross entropy = 0.275548
I0105 21:19:13.319364 139687342254976 retrain.py:1084] 2020-01-05 21:19:13.319344: Step 2070: Cross entropy = 0.275548
INFO:tensorflow:2020-01-05 21:19:13.390479: Step 2070: Validation accuracy = 45.0% (N=100)
I0105 21:19:13.390537 139687342254976 retrain.py:1100] 2020-01-05 21:19:13.390479: Step 2070: Validation accuracy = 45.0% (N=100)
INFO:tensorflow:2020-01-05 21:19:14.080132: Step 2080: Train accuracy = 97.0%
I0105 21:19:14.080190 139687342254976 retrain.py:1082] 2020-01-05 21:19:14.080132: Step 2080: Train accuracy = 97.0%
INFO:tensorflow:2020-01-05 21:19:14.080338: Step 2080: Cross entropy = 0.278933
I0105 21:19:14.080358 139687342254976 retrain.py:1084] 2020-01-05 21:19:14.080338: Step 2080: Cross entropy = 0.278933
INFO:tensorflow:2020-01-05 21:19:14.146985: Step 2080: Validation accuracy = 43.0% (N=100)
I0105 21:19:14.147041 139687342254976 retrain.py:1100] 2020-01-05 21:19:14.146985: Step 2080: Validation accuracy = 43.0% (N=100)
INFO:tensorflow:2020-01-05 21:19:14.854175: Step 2090: Train accuracy = 96.0%
I0105 21:19:14.854231 139687342254976 retrain.py:1082] 2020-01-05 21:19:14.854175: Step 2090: Train accuracy = 96.0%
INFO:tensorflow:2020-01-05 21:19:14.854378: Step 2090: Cross entropy = 0.247754
I0105 21:19:14.854397 139687342254976 retrain.py:1084] 2020-01-05 21:19:14.854378: Step 2090: Cross entropy = 0.247754
INFO:tensorflow:2020-01-05 21:19:14.923932: Step 2090: Validation accuracy = 35.0% (N=100)
I0105 21:19:14.923989 139687342254976 retrain.py:1100] 2020-01-05 21:19:14.923932: Step 2090: Validation accuracy = 35.0% (N=100)
INFO:tensorflow:2020-01-05 21:19:15.632441: Step 2100: Train accuracy = 95.0%
I0105 21:19:15.632498 139687342254976 retrain.py:1082] 2020-01-05 21:19:15.632441: Step 2100: Train accuracy = 95.0%
INFO:tensorflow:2020-01-05 21:19:15.632648: Step 2100: Cross entropy = 0.274502
I0105 21:19:15.632667 139687342254976 retrain.py:1084] 2020-01-05 21:19:15.632648: Step 2100: Cross entropy = 0.274502
INFO:tensorflow:2020-01-05 21:19:15.700241: Step 2100: Validation accuracy = 44.0% (N=100)
I0105 21:19:15.700296 139687342254976 retrain.py:1100] 2020-01-05 21:19:15.700241: Step 2100: Validation accuracy = 44.0% (N=100)
INFO:tensorflow:2020-01-05 21:19:16.401681: Step 2110: Train accuracy = 97.0%
I0105 21:19:16.401741 139687342254976 retrain.py:1082] 2020-01-05 21:19:16.401681: Step 2110: Train accuracy = 97.0%
INFO:tensorflow:2020-01-05 21:19:16.401902: Step 2110: Cross entropy = 0.282012
I0105 21:19:16.401922 139687342254976 retrain.py:1084] 2020-01-05 21:19:16.401902: Step 2110: Cross entropy = 0.282012
INFO:tensorflow:2020-01-05 21:19:16.468342: Step 2110: Validation accuracy = 43.0% (N=100)
I0105 21:19:16.468399 139687342254976 retrain.py:1100] 2020-01-05 21:19:16.468342: Step 2110: Validation accuracy = 43.0% (N=100)
INFO:tensorflow:2020-01-05 21:19:17.172063: Step 2120: Train accuracy = 96.0%
I0105 21:19:17.172120 139687342254976 retrain.py:1082] 2020-01-05 21:19:17.172063: Step 2120: Train accuracy = 96.0%
INFO:tensorflow:2020-01-05 21:19:17.172279: Step 2120: Cross entropy = 0.254809
I0105 21:19:17.172297 139687342254976 retrain.py:1084] 2020-01-05 21:19:17.172279: Step 2120: Cross entropy = 0.254809
INFO:tensorflow:2020-01-05 21:19:17.238850: Step 2120: Validation accuracy = 43.0% (N=100)
I0105 21:19:17.238907 139687342254976 retrain.py:1100] 2020-01-05 21:19:17.238850: Step 2120: Validation accuracy = 43.0% (N=100)
INFO:tensorflow:2020-01-05 21:19:17.940082: Step 2130: Train accuracy = 95.0%
I0105 21:19:17.940140 139687342254976 retrain.py:1082] 2020-01-05 21:19:17.940082: Step 2130: Train accuracy = 95.0%
INFO:tensorflow:2020-01-05 21:19:17.940272: Step 2130: Cross entropy = 0.265775
I0105 21:19:17.940291 139687342254976 retrain.py:1084] 2020-01-05 21:19:17.940272: Step 2130: Cross entropy = 0.265775
INFO:tensorflow:2020-01-05 21:19:18.008214: Step 2130: Validation accuracy = 38.0% (N=100)
I0105 21:19:18.008270 139687342254976 retrain.py:1100] 2020-01-05 21:19:18.008214: Step 2130: Validation accuracy = 38.0% (N=100)
INFO:tensorflow:2020-01-05 21:19:18.715905: Step 2140: Train accuracy = 97.0%
I0105 21:19:18.715962 139687342254976 retrain.py:1082] 2020-01-05 21:19:18.715905: Step 2140: Train accuracy = 97.0%
INFO:tensorflow:2020-01-05 21:19:18.716100: Step 2140: Cross entropy = 0.255276
I0105 21:19:18.716122 139687342254976 retrain.py:1084] 2020-01-05 21:19:18.716100: Step 2140: Cross entropy = 0.255276
INFO:tensorflow:2020-01-05 21:19:18.783650: Step 2140: Validation accuracy = 45.0% (N=100)
I0105 21:19:18.783705 139687342254976 retrain.py:1100] 2020-01-05 21:19:18.783650: Step 2140: Validation accuracy = 45.0% (N=100)
INFO:tensorflow:2020-01-05 21:19:19.489631: Step 2150: Train accuracy = 96.0%
I0105 21:19:19.489687 139687342254976 retrain.py:1082] 2020-01-05 21:19:19.489631: Step 2150: Train accuracy = 96.0%
INFO:tensorflow:2020-01-05 21:19:19.489816: Step 2150: Cross entropy = 0.261942
I0105 21:19:19.489831 139687342254976 retrain.py:1084] 2020-01-05 21:19:19.489816: Step 2150: Cross entropy = 0.261942
INFO:tensorflow:2020-01-05 21:19:19.560279: Step 2150: Validation accuracy = 34.0% (N=100)
I0105 21:19:19.560335 139687342254976 retrain.py:1100] 2020-01-05 21:19:19.560279: Step 2150: Validation accuracy = 34.0% (N=100)
INFO:tensorflow:2020-01-05 21:19:20.251979: Step 2160: Train accuracy = 96.0%
I0105 21:19:20.252036 139687342254976 retrain.py:1082] 2020-01-05 21:19:20.251979: Step 2160: Train accuracy = 96.0%
INFO:tensorflow:2020-01-05 21:19:20.252184: Step 2160: Cross entropy = 0.256173
I0105 21:19:20.252204 139687342254976 retrain.py:1084] 2020-01-05 21:19:20.252184: Step 2160: Cross entropy = 0.256173
INFO:tensorflow:2020-01-05 21:19:20.324288: Step 2160: Validation accuracy = 35.0% (N=100)
I0105 21:19:20.324346 139687342254976 retrain.py:1100] 2020-01-05 21:19:20.324288: Step 2160: Validation accuracy = 35.0% (N=100)
INFO:tensorflow:2020-01-05 21:19:21.020002: Step 2170: Train accuracy = 99.0%
I0105 21:19:21.020059 139687342254976 retrain.py:1082] 2020-01-05 21:19:21.020002: Step 2170: Train accuracy = 99.0%
INFO:tensorflow:2020-01-05 21:19:21.020191: Step 2170: Cross entropy = 0.234239
I0105 21:19:21.020207 139687342254976 retrain.py:1084] 2020-01-05 21:19:21.020191: Step 2170: Cross entropy = 0.234239
INFO:tensorflow:2020-01-05 21:19:21.086415: Step 2170: Validation accuracy = 50.0% (N=100)
I0105 21:19:21.086468 139687342254976 retrain.py:1100] 2020-01-05 21:19:21.086415: Step 2170: Validation accuracy = 50.0% (N=100)
INFO:tensorflow:2020-01-05 21:19:21.796810: Step 2180: Train accuracy = 99.0%
I0105 21:19:21.796867 139687342254976 retrain.py:1082] 2020-01-05 21:19:21.796810: Step 2180: Train accuracy = 99.0%
INFO:tensorflow:2020-01-05 21:19:21.797020: Step 2180: Cross entropy = 0.221691
I0105 21:19:21.797040 139687342254976 retrain.py:1084] 2020-01-05 21:19:21.797020: Step 2180: Cross entropy = 0.221691
INFO:tensorflow:2020-01-05 21:19:21.866420: Step 2180: Validation accuracy = 41.0% (N=100)
I0105 21:19:21.866476 139687342254976 retrain.py:1100] 2020-01-05 21:19:21.866420: Step 2180: Validation accuracy = 41.0% (N=100)
INFO:tensorflow:2020-01-05 21:19:22.573305: Step 2190: Train accuracy = 97.0%
I0105 21:19:22.573364 139687342254976 retrain.py:1082] 2020-01-05 21:19:22.573305: Step 2190: Train accuracy = 97.0%
INFO:tensorflow:2020-01-05 21:19:22.573501: Step 2190: Cross entropy = 0.240978
I0105 21:19:22.573518 139687342254976 retrain.py:1084] 2020-01-05 21:19:22.573501: Step 2190: Cross entropy = 0.240978
INFO:tensorflow:2020-01-05 21:19:22.648356: Step 2190: Validation accuracy = 47.0% (N=100)
I0105 21:19:22.648413 139687342254976 retrain.py:1100] 2020-01-05 21:19:22.648356: Step 2190: Validation accuracy = 47.0% (N=100)
INFO:tensorflow:2020-01-05 21:19:23.352984: Step 2200: Train accuracy = 96.0%
I0105 21:19:23.353041 139687342254976 retrain.py:1082] 2020-01-05 21:19:23.352984: Step 2200: Train accuracy = 96.0%
INFO:tensorflow:2020-01-05 21:19:23.353200: Step 2200: Cross entropy = 0.232500
I0105 21:19:23.353224 139687342254976 retrain.py:1084] 2020-01-05 21:19:23.353200: Step 2200: Cross entropy = 0.232500
INFO:tensorflow:2020-01-05 21:19:23.422102: Step 2200: Validation accuracy = 32.0% (N=100)
I0105 21:19:23.422157 139687342254976 retrain.py:1100] 2020-01-05 21:19:23.422102: Step 2200: Validation accuracy = 32.0% (N=100)
INFO:tensorflow:2020-01-05 21:19:24.123671: Step 2210: Train accuracy = 100.0%
I0105 21:19:24.123734 139687342254976 retrain.py:1082] 2020-01-05 21:19:24.123671: Step 2210: Train accuracy = 100.0%
INFO:tensorflow:2020-01-05 21:19:24.123886: Step 2210: Cross entropy = 0.253008
I0105 21:19:24.123900 139687342254976 retrain.py:1084] 2020-01-05 21:19:24.123886: Step 2210: Cross entropy = 0.253008
INFO:tensorflow:2020-01-05 21:19:24.190408: Step 2210: Validation accuracy = 51.0% (N=100)
I0105 21:19:24.190465 139687342254976 retrain.py:1100] 2020-01-05 21:19:24.190408: Step 2210: Validation accuracy = 51.0% (N=100)
INFO:tensorflow:2020-01-05 21:19:24.889170: Step 2220: Train accuracy = 97.0%
I0105 21:19:24.889227 139687342254976 retrain.py:1082] 2020-01-05 21:19:24.889170: Step 2220: Train accuracy = 97.0%
INFO:tensorflow:2020-01-05 21:19:24.889385: Step 2220: Cross entropy = 0.271370
I0105 21:19:24.889501 139687342254976 retrain.py:1084] 2020-01-05 21:19:24.889385: Step 2220: Cross entropy = 0.271370
INFO:tensorflow:2020-01-05 21:19:24.959629: Step 2220: Validation accuracy = 40.0% (N=100)
I0105 21:19:24.959686 139687342254976 retrain.py:1100] 2020-01-05 21:19:24.959629: Step 2220: Validation accuracy = 40.0% (N=100)
INFO:tensorflow:2020-01-05 21:19:25.667877: Step 2230: Train accuracy = 95.0%
I0105 21:19:25.667933 139687342254976 retrain.py:1082] 2020-01-05 21:19:25.667877: Step 2230: Train accuracy = 95.0%
INFO:tensorflow:2020-01-05 21:19:25.668062: Step 2230: Cross entropy = 0.259313
I0105 21:19:25.668079 139687342254976 retrain.py:1084] 2020-01-05 21:19:25.668062: Step 2230: Cross entropy = 0.259313
INFO:tensorflow:2020-01-05 21:19:25.735451: Step 2230: Validation accuracy = 42.0% (N=100)
I0105 21:19:25.735508 139687342254976 retrain.py:1100] 2020-01-05 21:19:25.735451: Step 2230: Validation accuracy = 42.0% (N=100)
INFO:tensorflow:2020-01-05 21:19:26.443927: Step 2240: Train accuracy = 98.0%
I0105 21:19:26.443983 139687342254976 retrain.py:1082] 2020-01-05 21:19:26.443927: Step 2240: Train accuracy = 98.0%
INFO:tensorflow:2020-01-05 21:19:26.444116: Step 2240: Cross entropy = 0.230654
I0105 21:19:26.444131 139687342254976 retrain.py:1084] 2020-01-05 21:19:26.444116: Step 2240: Cross entropy = 0.230654
INFO:tensorflow:2020-01-05 21:19:26.510382: Step 2240: Validation accuracy = 50.0% (N=100)
I0105 21:19:26.510438 139687342254976 retrain.py:1100] 2020-01-05 21:19:26.510382: Step 2240: Validation accuracy = 50.0% (N=100)
INFO:tensorflow:2020-01-05 21:19:27.207225: Step 2250: Train accuracy = 98.0%
I0105 21:19:27.207281 139687342254976 retrain.py:1082] 2020-01-05 21:19:27.207225: Step 2250: Train accuracy = 98.0%
INFO:tensorflow:2020-01-05 21:19:27.207418: Step 2250: Cross entropy = 0.262591
I0105 21:19:27.207438 139687342254976 retrain.py:1084] 2020-01-05 21:19:27.207418: Step 2250: Cross entropy = 0.262591
INFO:tensorflow:2020-01-05 21:19:27.277443: Step 2250: Validation accuracy = 32.0% (N=100)
I0105 21:19:27.277501 139687342254976 retrain.py:1100] 2020-01-05 21:19:27.277443: Step 2250: Validation accuracy = 32.0% (N=100)
INFO:tensorflow:2020-01-05 21:19:27.985332: Step 2260: Train accuracy = 99.0%
I0105 21:19:27.985389 139687342254976 retrain.py:1082] 2020-01-05 21:19:27.985332: Step 2260: Train accuracy = 99.0%
INFO:tensorflow:2020-01-05 21:19:27.985524: Step 2260: Cross entropy = 0.247300
I0105 21:19:27.985544 139687342254976 retrain.py:1084] 2020-01-05 21:19:27.985524: Step 2260: Cross entropy = 0.247300
INFO:tensorflow:2020-01-05 21:19:28.052035: Step 2260: Validation accuracy = 38.0% (N=100)
I0105 21:19:28.052093 139687342254976 retrain.py:1100] 2020-01-05 21:19:28.052035: Step 2260: Validation accuracy = 38.0% (N=100)
INFO:tensorflow:2020-01-05 21:19:28.765511: Step 2270: Train accuracy = 98.0%
I0105 21:19:28.765569 139687342254976 retrain.py:1082] 2020-01-05 21:19:28.765511: Step 2270: Train accuracy = 98.0%
INFO:tensorflow:2020-01-05 21:19:28.765719: Step 2270: Cross entropy = 0.254487
I0105 21:19:28.765738 139687342254976 retrain.py:1084] 2020-01-05 21:19:28.765719: Step 2270: Cross entropy = 0.254487
INFO:tensorflow:2020-01-05 21:19:28.833583: Step 2270: Validation accuracy = 38.0% (N=100)
I0105 21:19:28.833641 139687342254976 retrain.py:1100] 2020-01-05 21:19:28.833583: Step 2270: Validation accuracy = 38.0% (N=100)
INFO:tensorflow:2020-01-05 21:19:29.542953: Step 2280: Train accuracy = 100.0%
I0105 21:19:29.543010 139687342254976 retrain.py:1082] 2020-01-05 21:19:29.542953: Step 2280: Train accuracy = 100.0%
INFO:tensorflow:2020-01-05 21:19:29.543163: Step 2280: Cross entropy = 0.270875
I0105 21:19:29.543183 139687342254976 retrain.py:1084] 2020-01-05 21:19:29.543163: Step 2280: Cross entropy = 0.270875
INFO:tensorflow:2020-01-05 21:19:29.612067: Step 2280: Validation accuracy = 39.0% (N=100)
I0105 21:19:29.612122 139687342254976 retrain.py:1100] 2020-01-05 21:19:29.612067: Step 2280: Validation accuracy = 39.0% (N=100)
INFO:tensorflow:2020-01-05 21:19:30.312353: Step 2290: Train accuracy = 94.0%
I0105 21:19:30.312443 139687342254976 retrain.py:1082] 2020-01-05 21:19:30.312353: Step 2290: Train accuracy = 94.0%
INFO:tensorflow:2020-01-05 21:19:30.312823: Step 2290: Cross entropy = 0.238513
I0105 21:19:30.312852 139687342254976 retrain.py:1084] 2020-01-05 21:19:30.312823: Step 2290: Cross entropy = 0.238513
INFO:tensorflow:2020-01-05 21:19:30.386112: Step 2290: Validation accuracy = 37.0% (N=100)
I0105 21:19:30.386170 139687342254976 retrain.py:1100] 2020-01-05 21:19:30.386112: Step 2290: Validation accuracy = 37.0% (N=100)
INFO:tensorflow:2020-01-05 21:19:31.085105: Step 2300: Train accuracy = 97.0%
I0105 21:19:31.085163 139687342254976 retrain.py:1082] 2020-01-05 21:19:31.085105: Step 2300: Train accuracy = 97.0%
INFO:tensorflow:2020-01-05 21:19:31.085300: Step 2300: Cross entropy = 0.260660
I0105 21:19:31.085318 139687342254976 retrain.py:1084] 2020-01-05 21:19:31.085300: Step 2300: Cross entropy = 0.260660
INFO:tensorflow:2020-01-05 21:19:31.155432: Step 2300: Validation accuracy = 35.0% (N=100)
I0105 21:19:31.155490 139687342254976 retrain.py:1100] 2020-01-05 21:19:31.155432: Step 2300: Validation accuracy = 35.0% (N=100)
INFO:tensorflow:2020-01-05 21:19:31.857015: Step 2310: Train accuracy = 97.0%
I0105 21:19:31.857071 139687342254976 retrain.py:1082] 2020-01-05 21:19:31.857015: Step 2310: Train accuracy = 97.0%
INFO:tensorflow:2020-01-05 21:19:31.857229: Step 2310: Cross entropy = 0.246932
I0105 21:19:31.857251 139687342254976 retrain.py:1084] 2020-01-05 21:19:31.857229: Step 2310: Cross entropy = 0.246932
INFO:tensorflow:2020-01-05 21:19:31.923899: Step 2310: Validation accuracy = 46.0% (N=100)
I0105 21:19:31.923955 139687342254976 retrain.py:1100] 2020-01-05 21:19:31.923899: Step 2310: Validation accuracy = 46.0% (N=100)
INFO:tensorflow:2020-01-05 21:19:32.626165: Step 2320: Train accuracy = 98.0%
I0105 21:19:32.626222 139687342254976 retrain.py:1082] 2020-01-05 21:19:32.626165: Step 2320: Train accuracy = 98.0%
INFO:tensorflow:2020-01-05 21:19:32.626355: Step 2320: Cross entropy = 0.232814
I0105 21:19:32.626371 139687342254976 retrain.py:1084] 2020-01-05 21:19:32.626355: Step 2320: Cross entropy = 0.232814
INFO:tensorflow:2020-01-05 21:19:32.693121: Step 2320: Validation accuracy = 34.0% (N=100)
I0105 21:19:32.693188 139687342254976 retrain.py:1100] 2020-01-05 21:19:32.693121: Step 2320: Validation accuracy = 34.0% (N=100)
INFO:tensorflow:2020-01-05 21:19:33.400902: Step 2330: Train accuracy = 98.0%
I0105 21:19:33.400957 139687342254976 retrain.py:1082] 2020-01-05 21:19:33.400902: Step 2330: Train accuracy = 98.0%
INFO:tensorflow:2020-01-05 21:19:33.401093: Step 2330: Cross entropy = 0.249191
I0105 21:19:33.401111 139687342254976 retrain.py:1084] 2020-01-05 21:19:33.401093: Step 2330: Cross entropy = 0.249191
INFO:tensorflow:2020-01-05 21:19:33.471308: Step 2330: Validation accuracy = 38.0% (N=100)
I0105 21:19:33.471365 139687342254976 retrain.py:1100] 2020-01-05 21:19:33.471308: Step 2330: Validation accuracy = 38.0% (N=100)
INFO:tensorflow:2020-01-05 21:19:34.170820: Step 2340: Train accuracy = 95.0%
I0105 21:19:34.170879 139687342254976 retrain.py:1082] 2020-01-05 21:19:34.170820: Step 2340: Train accuracy = 95.0%
INFO:tensorflow:2020-01-05 21:19:34.171016: Step 2340: Cross entropy = 0.248125
I0105 21:19:34.171030 139687342254976 retrain.py:1084] 2020-01-05 21:19:34.171016: Step 2340: Cross entropy = 0.248125
INFO:tensorflow:2020-01-05 21:19:34.239653: Step 2340: Validation accuracy = 45.0% (N=100)
I0105 21:19:34.239711 139687342254976 retrain.py:1100] 2020-01-05 21:19:34.239653: Step 2340: Validation accuracy = 45.0% (N=100)
INFO:tensorflow:2020-01-05 21:19:34.956112: Step 2350: Train accuracy = 98.0%
I0105 21:19:34.956169 139687342254976 retrain.py:1082] 2020-01-05 21:19:34.956112: Step 2350: Train accuracy = 98.0%
INFO:tensorflow:2020-01-05 21:19:34.956302: Step 2350: Cross entropy = 0.240720
I0105 21:19:34.956316 139687342254976 retrain.py:1084] 2020-01-05 21:19:34.956302: Step 2350: Cross entropy = 0.240720
INFO:tensorflow:2020-01-05 21:19:35.026608: Step 2350: Validation accuracy = 46.0% (N=100)
I0105 21:19:35.026664 139687342254976 retrain.py:1100] 2020-01-05 21:19:35.026608: Step 2350: Validation accuracy = 46.0% (N=100)
INFO:tensorflow:2020-01-05 21:19:35.733725: Step 2360: Train accuracy = 97.0%
I0105 21:19:35.733782 139687342254976 retrain.py:1082] 2020-01-05 21:19:35.733725: Step 2360: Train accuracy = 97.0%
INFO:tensorflow:2020-01-05 21:19:35.733939: Step 2360: Cross entropy = 0.252868
I0105 21:19:35.733957 139687342254976 retrain.py:1084] 2020-01-05 21:19:35.733939: Step 2360: Cross entropy = 0.252868
INFO:tensorflow:2020-01-05 21:19:35.800991: Step 2360: Validation accuracy = 34.0% (N=100)
I0105 21:19:35.801049 139687342254976 retrain.py:1100] 2020-01-05 21:19:35.800991: Step 2360: Validation accuracy = 34.0% (N=100)
INFO:tensorflow:2020-01-05 21:19:36.508964: Step 2370: Train accuracy = 97.0%
I0105 21:19:36.509020 139687342254976 retrain.py:1082] 2020-01-05 21:19:36.508964: Step 2370: Train accuracy = 97.0%
INFO:tensorflow:2020-01-05 21:19:36.509170: Step 2370: Cross entropy = 0.236373
I0105 21:19:36.509186 139687342254976 retrain.py:1084] 2020-01-05 21:19:36.509170: Step 2370: Cross entropy = 0.236373
INFO:tensorflow:2020-01-05 21:19:36.576011: Step 2370: Validation accuracy = 45.0% (N=100)
I0105 21:19:36.576068 139687342254976 retrain.py:1100] 2020-01-05 21:19:36.576011: Step 2370: Validation accuracy = 45.0% (N=100)
INFO:tensorflow:2020-01-05 21:19:37.268423: Step 2380: Train accuracy = 98.0%
I0105 21:19:37.268479 139687342254976 retrain.py:1082] 2020-01-05 21:19:37.268423: Step 2380: Train accuracy = 98.0%
INFO:tensorflow:2020-01-05 21:19:37.268611: Step 2380: Cross entropy = 0.244688
I0105 21:19:37.268626 139687342254976 retrain.py:1084] 2020-01-05 21:19:37.268611: Step 2380: Cross entropy = 0.244688
INFO:tensorflow:2020-01-05 21:19:37.348106: Step 2380: Validation accuracy = 41.0% (N=100)
I0105 21:19:37.348175 139687342254976 retrain.py:1100] 2020-01-05 21:19:37.348106: Step 2380: Validation accuracy = 41.0% (N=100)
INFO:tensorflow:2020-01-05 21:19:38.044749: Step 2390: Train accuracy = 99.0%
I0105 21:19:38.044806 139687342254976 retrain.py:1082] 2020-01-05 21:19:38.044749: Step 2390: Train accuracy = 99.0%
INFO:tensorflow:2020-01-05 21:19:38.044954: Step 2390: Cross entropy = 0.221071
I0105 21:19:38.044970 139687342254976 retrain.py:1084] 2020-01-05 21:19:38.044954: Step 2390: Cross entropy = 0.221071
INFO:tensorflow:2020-01-05 21:19:38.111281: Step 2390: Validation accuracy = 42.0% (N=100)
I0105 21:19:38.111335 139687342254976 retrain.py:1100] 2020-01-05 21:19:38.111281: Step 2390: Validation accuracy = 42.0% (N=100)
INFO:tensorflow:2020-01-05 21:19:38.812767: Step 2400: Train accuracy = 99.0%
I0105 21:19:38.812824 139687342254976 retrain.py:1082] 2020-01-05 21:19:38.812767: Step 2400: Train accuracy = 99.0%
INFO:tensorflow:2020-01-05 21:19:38.812959: Step 2400: Cross entropy = 0.213406
I0105 21:19:38.812978 139687342254976 retrain.py:1084] 2020-01-05 21:19:38.812959: Step 2400: Cross entropy = 0.213406
INFO:tensorflow:2020-01-05 21:19:38.882150: Step 2400: Validation accuracy = 40.0% (N=100)
I0105 21:19:38.882205 139687342254976 retrain.py:1100] 2020-01-05 21:19:38.882150: Step 2400: Validation accuracy = 40.0% (N=100)
INFO:tensorflow:2020-01-05 21:19:39.589113: Step 2410: Train accuracy = 96.0%
I0105 21:19:39.589168 139687342254976 retrain.py:1082] 2020-01-05 21:19:39.589113: Step 2410: Train accuracy = 96.0%
INFO:tensorflow:2020-01-05 21:19:39.589325: Step 2410: Cross entropy = 0.260181
I0105 21:19:39.589349 139687342254976 retrain.py:1084] 2020-01-05 21:19:39.589325: Step 2410: Cross entropy = 0.260181
INFO:tensorflow:2020-01-05 21:19:39.658543: Step 2410: Validation accuracy = 44.0% (N=100)
I0105 21:19:39.658598 139687342254976 retrain.py:1100] 2020-01-05 21:19:39.658543: Step 2410: Validation accuracy = 44.0% (N=100)
INFO:tensorflow:2020-01-05 21:19:40.356607: Step 2420: Train accuracy = 97.0%
I0105 21:19:40.356664 139687342254976 retrain.py:1082] 2020-01-05 21:19:40.356607: Step 2420: Train accuracy = 97.0%
INFO:tensorflow:2020-01-05 21:19:40.356817: Step 2420: Cross entropy = 0.248820
I0105 21:19:40.356835 139687342254976 retrain.py:1084] 2020-01-05 21:19:40.356817: Step 2420: Cross entropy = 0.248820
INFO:tensorflow:2020-01-05 21:19:40.425561: Step 2420: Validation accuracy = 28.0% (N=100)
I0105 21:19:40.425638 139687342254976 retrain.py:1100] 2020-01-05 21:19:40.425561: Step 2420: Validation accuracy = 28.0% (N=100)
INFO:tensorflow:2020-01-05 21:19:41.136556: Step 2430: Train accuracy = 99.0%
I0105 21:19:41.136613 139687342254976 retrain.py:1082] 2020-01-05 21:19:41.136556: Step 2430: Train accuracy = 99.0%
INFO:tensorflow:2020-01-05 21:19:41.136748: Step 2430: Cross entropy = 0.244368
I0105 21:19:41.136763 139687342254976 retrain.py:1084] 2020-01-05 21:19:41.136748: Step 2430: Cross entropy = 0.244368
INFO:tensorflow:2020-01-05 21:19:41.205036: Step 2430: Validation accuracy = 43.0% (N=100)
I0105 21:19:41.205094 139687342254976 retrain.py:1100] 2020-01-05 21:19:41.205036: Step 2430: Validation accuracy = 43.0% (N=100)
INFO:tensorflow:2020-01-05 21:19:41.911218: Step 2440: Train accuracy = 98.0%
I0105 21:19:41.911273 139687342254976 retrain.py:1082] 2020-01-05 21:19:41.911218: Step 2440: Train accuracy = 98.0%
INFO:tensorflow:2020-01-05 21:19:41.911404: Step 2440: Cross entropy = 0.252122
I0105 21:19:41.911422 139687342254976 retrain.py:1084] 2020-01-05 21:19:41.911404: Step 2440: Cross entropy = 0.252122
INFO:tensorflow:2020-01-05 21:19:41.979806: Step 2440: Validation accuracy = 45.0% (N=100)
I0105 21:19:41.979862 139687342254976 retrain.py:1100] 2020-01-05 21:19:41.979806: Step 2440: Validation accuracy = 45.0% (N=100)
INFO:tensorflow:2020-01-05 21:19:42.681123: Step 2450: Train accuracy = 99.0%
I0105 21:19:42.681181 139687342254976 retrain.py:1082] 2020-01-05 21:19:42.681123: Step 2450: Train accuracy = 99.0%
INFO:tensorflow:2020-01-05 21:19:42.681341: Step 2450: Cross entropy = 0.205288
I0105 21:19:42.681365 139687342254976 retrain.py:1084] 2020-01-05 21:19:42.681341: Step 2450: Cross entropy = 0.205288
INFO:tensorflow:2020-01-05 21:19:42.749514: Step 2450: Validation accuracy = 45.0% (N=100)
I0105 21:19:42.749582 139687342254976 retrain.py:1100] 2020-01-05 21:19:42.749514: Step 2450: Validation accuracy = 45.0% (N=100)
INFO:tensorflow:2020-01-05 21:19:43.447506: Step 2460: Train accuracy = 100.0%
I0105 21:19:43.447561 139687342254976 retrain.py:1082] 2020-01-05 21:19:43.447506: Step 2460: Train accuracy = 100.0%
INFO:tensorflow:2020-01-05 21:19:43.447710: Step 2460: Cross entropy = 0.247090
I0105 21:19:43.447726 139687342254976 retrain.py:1084] 2020-01-05 21:19:43.447710: Step 2460: Cross entropy = 0.247090
INFO:tensorflow:2020-01-05 21:19:43.514205: Step 2460: Validation accuracy = 35.0% (N=100)
I0105 21:19:43.514260 139687342254976 retrain.py:1100] 2020-01-05 21:19:43.514205: Step 2460: Validation accuracy = 35.0% (N=100)
INFO:tensorflow:2020-01-05 21:19:44.220103: Step 2470: Train accuracy = 96.0%
I0105 21:19:44.220159 139687342254976 retrain.py:1082] 2020-01-05 21:19:44.220103: Step 2470: Train accuracy = 96.0%
INFO:tensorflow:2020-01-05 21:19:44.220294: Step 2470: Cross entropy = 0.262428
I0105 21:19:44.220311 139687342254976 retrain.py:1084] 2020-01-05 21:19:44.220294: Step 2470: Cross entropy = 0.262428
INFO:tensorflow:2020-01-05 21:19:44.287040: Step 2470: Validation accuracy = 45.0% (N=100)
I0105 21:19:44.287096 139687342254976 retrain.py:1100] 2020-01-05 21:19:44.287040: Step 2470: Validation accuracy = 45.0% (N=100)
INFO:tensorflow:2020-01-05 21:19:44.996612: Step 2480: Train accuracy = 98.0%
I0105 21:19:44.996668 139687342254976 retrain.py:1082] 2020-01-05 21:19:44.996612: Step 2480: Train accuracy = 98.0%
INFO:tensorflow:2020-01-05 21:19:44.996825: Step 2480: Cross entropy = 0.226671
I0105 21:19:44.996847 139687342254976 retrain.py:1084] 2020-01-05 21:19:44.996825: Step 2480: Cross entropy = 0.226671
INFO:tensorflow:2020-01-05 21:19:45.063169: Step 2480: Validation accuracy = 48.0% (N=100)
I0105 21:19:45.063225 139687342254976 retrain.py:1100] 2020-01-05 21:19:45.063169: Step 2480: Validation accuracy = 48.0% (N=100)
INFO:tensorflow:2020-01-05 21:19:45.776522: Step 2490: Train accuracy = 100.0%
I0105 21:19:45.776579 139687342254976 retrain.py:1082] 2020-01-05 21:19:45.776522: Step 2490: Train accuracy = 100.0%
INFO:tensorflow:2020-01-05 21:19:45.776721: Step 2490: Cross entropy = 0.238368
I0105 21:19:45.776740 139687342254976 retrain.py:1084] 2020-01-05 21:19:45.776721: Step 2490: Cross entropy = 0.238368
INFO:tensorflow:2020-01-05 21:19:45.846935: Step 2490: Validation accuracy = 39.0% (N=100)
I0105 21:19:45.846992 139687342254976 retrain.py:1100] 2020-01-05 21:19:45.846935: Step 2490: Validation accuracy = 39.0% (N=100)
INFO:tensorflow:2020-01-05 21:19:46.558409: Step 2500: Train accuracy = 99.0%
I0105 21:19:46.558474 139687342254976 retrain.py:1082] 2020-01-05 21:19:46.558409: Step 2500: Train accuracy = 99.0%
INFO:tensorflow:2020-01-05 21:19:46.558620: Step 2500: Cross entropy = 0.246635
I0105 21:19:46.558635 139687342254976 retrain.py:1084] 2020-01-05 21:19:46.558620: Step 2500: Cross entropy = 0.246635
INFO:tensorflow:2020-01-05 21:19:46.625161: Step 2500: Validation accuracy = 42.0% (N=100)
I0105 21:19:46.625216 139687342254976 retrain.py:1100] 2020-01-05 21:19:46.625161: Step 2500: Validation accuracy = 42.0% (N=100)
INFO:tensorflow:2020-01-05 21:19:47.325978: Step 2510: Train accuracy = 99.0%
I0105 21:19:47.326039 139687342254976 retrain.py:1082] 2020-01-05 21:19:47.325978: Step 2510: Train accuracy = 99.0%
INFO:tensorflow:2020-01-05 21:19:47.326191: Step 2510: Cross entropy = 0.199694
I0105 21:19:47.326210 139687342254976 retrain.py:1084] 2020-01-05 21:19:47.326191: Step 2510: Cross entropy = 0.199694
INFO:tensorflow:2020-01-05 21:19:47.396914: Step 2510: Validation accuracy = 48.0% (N=100)
I0105 21:19:47.396971 139687342254976 retrain.py:1100] 2020-01-05 21:19:47.396914: Step 2510: Validation accuracy = 48.0% (N=100)
INFO:tensorflow:2020-01-05 21:19:48.094584: Step 2520: Train accuracy = 98.0%
I0105 21:19:48.094642 139687342254976 retrain.py:1082] 2020-01-05 21:19:48.094584: Step 2520: Train accuracy = 98.0%
INFO:tensorflow:2020-01-05 21:19:48.094793: Step 2520: Cross entropy = 0.213144
I0105 21:19:48.094810 139687342254976 retrain.py:1084] 2020-01-05 21:19:48.094793: Step 2520: Cross entropy = 0.213144
INFO:tensorflow:2020-01-05 21:19:48.163904: Step 2520: Validation accuracy = 33.0% (N=100)
I0105 21:19:48.163960 139687342254976 retrain.py:1100] 2020-01-05 21:19:48.163904: Step 2520: Validation accuracy = 33.0% (N=100)
INFO:tensorflow:2020-01-05 21:19:48.873897: Step 2530: Train accuracy = 99.0%
I0105 21:19:48.873955 139687342254976 retrain.py:1082] 2020-01-05 21:19:48.873897: Step 2530: Train accuracy = 99.0%
INFO:tensorflow:2020-01-05 21:19:48.874085: Step 2530: Cross entropy = 0.235889
I0105 21:19:48.874103 139687342254976 retrain.py:1084] 2020-01-05 21:19:48.874085: Step 2530: Cross entropy = 0.235889
INFO:tensorflow:2020-01-05 21:19:48.940305: Step 2530: Validation accuracy = 32.0% (N=100)
I0105 21:19:48.940362 139687342254976 retrain.py:1100] 2020-01-05 21:19:48.940305: Step 2530: Validation accuracy = 32.0% (N=100)
INFO:tensorflow:2020-01-05 21:19:49.648647: Step 2540: Train accuracy = 97.0%
I0105 21:19:49.648705 139687342254976 retrain.py:1082] 2020-01-05 21:19:49.648647: Step 2540: Train accuracy = 97.0%
INFO:tensorflow:2020-01-05 21:19:49.648842: Step 2540: Cross entropy = 0.237650
I0105 21:19:49.648860 139687342254976 retrain.py:1084] 2020-01-05 21:19:49.648842: Step 2540: Cross entropy = 0.237650
INFO:tensorflow:2020-01-05 21:19:49.718156: Step 2540: Validation accuracy = 42.0% (N=100)
I0105 21:19:49.718213 139687342254976 retrain.py:1100] 2020-01-05 21:19:49.718156: Step 2540: Validation accuracy = 42.0% (N=100)
INFO:tensorflow:2020-01-05 21:19:50.444681: Step 2550: Train accuracy = 99.0%
I0105 21:19:50.444739 139687342254976 retrain.py:1082] 2020-01-05 21:19:50.444681: Step 2550: Train accuracy = 99.0%
INFO:tensorflow:2020-01-05 21:19:50.444887: Step 2550: Cross entropy = 0.226048
I0105 21:19:50.444906 139687342254976 retrain.py:1084] 2020-01-05 21:19:50.444887: Step 2550: Cross entropy = 0.226048
INFO:tensorflow:2020-01-05 21:19:50.511092: Step 2550: Validation accuracy = 45.0% (N=100)
I0105 21:19:50.511147 139687342254976 retrain.py:1100] 2020-01-05 21:19:50.511092: Step 2550: Validation accuracy = 45.0% (N=100)
INFO:tensorflow:2020-01-05 21:19:51.211411: Step 2560: Train accuracy = 100.0%
I0105 21:19:51.211468 139687342254976 retrain.py:1082] 2020-01-05 21:19:51.211411: Step 2560: Train accuracy = 100.0%
INFO:tensorflow:2020-01-05 21:19:51.211623: Step 2560: Cross entropy = 0.232171
I0105 21:19:51.211645 139687342254976 retrain.py:1084] 2020-01-05 21:19:51.211623: Step 2560: Cross entropy = 0.232171
INFO:tensorflow:2020-01-05 21:19:51.282467: Step 2560: Validation accuracy = 33.0% (N=100)
I0105 21:19:51.282525 139687342254976 retrain.py:1100] 2020-01-05 21:19:51.282467: Step 2560: Validation accuracy = 33.0% (N=100)
INFO:tensorflow:2020-01-05 21:19:51.984066: Step 2570: Train accuracy = 97.0%
I0105 21:19:51.984122 139687342254976 retrain.py:1082] 2020-01-05 21:19:51.984066: Step 2570: Train accuracy = 97.0%
INFO:tensorflow:2020-01-05 21:19:51.984280: Step 2570: Cross entropy = 0.226091
I0105 21:19:51.984301 139687342254976 retrain.py:1084] 2020-01-05 21:19:51.984280: Step 2570: Cross entropy = 0.226091
INFO:tensorflow:2020-01-05 21:19:52.053838: Step 2570: Validation accuracy = 44.0% (N=100)
I0105 21:19:52.053906 139687342254976 retrain.py:1100] 2020-01-05 21:19:52.053838: Step 2570: Validation accuracy = 44.0% (N=100)
INFO:tensorflow:2020-01-05 21:19:52.770337: Step 2580: Train accuracy = 96.0%
I0105 21:19:52.770393 139687342254976 retrain.py:1082] 2020-01-05 21:19:52.770337: Step 2580: Train accuracy = 96.0%
INFO:tensorflow:2020-01-05 21:19:52.770522: Step 2580: Cross entropy = 0.262033
I0105 21:19:52.770538 139687342254976 retrain.py:1084] 2020-01-05 21:19:52.770522: Step 2580: Cross entropy = 0.262033
INFO:tensorflow:2020-01-05 21:19:52.837006: Step 2580: Validation accuracy = 42.0% (N=100)
I0105 21:19:52.837063 139687342254976 retrain.py:1100] 2020-01-05 21:19:52.837006: Step 2580: Validation accuracy = 42.0% (N=100)
INFO:tensorflow:2020-01-05 21:19:53.536895: Step 2590: Train accuracy = 100.0%
I0105 21:19:53.536952 139687342254976 retrain.py:1082] 2020-01-05 21:19:53.536895: Step 2590: Train accuracy = 100.0%
INFO:tensorflow:2020-01-05 21:19:53.537104: Step 2590: Cross entropy = 0.225084
I0105 21:19:53.537125 139687342254976 retrain.py:1084] 2020-01-05 21:19:53.537104: Step 2590: Cross entropy = 0.225084
INFO:tensorflow:2020-01-05 21:19:53.606790: Step 2590: Validation accuracy = 46.0% (N=100)
I0105 21:19:53.606843 139687342254976 retrain.py:1100] 2020-01-05 21:19:53.606790: Step 2590: Validation accuracy = 46.0% (N=100)
INFO:tensorflow:2020-01-05 21:19:54.295869: Step 2600: Train accuracy = 99.0%
I0105 21:19:54.295927 139687342254976 retrain.py:1082] 2020-01-05 21:19:54.295869: Step 2600: Train accuracy = 99.0%
INFO:tensorflow:2020-01-05 21:19:54.296058: Step 2600: Cross entropy = 0.224391
I0105 21:19:54.296075 139687342254976 retrain.py:1084] 2020-01-05 21:19:54.296058: Step 2600: Cross entropy = 0.224391
INFO:tensorflow:2020-01-05 21:19:54.368365: Step 2600: Validation accuracy = 45.0% (N=100)
I0105 21:19:54.368423 139687342254976 retrain.py:1100] 2020-01-05 21:19:54.368365: Step 2600: Validation accuracy = 45.0% (N=100)
INFO:tensorflow:2020-01-05 21:19:55.074973: Step 2610: Train accuracy = 95.0%
I0105 21:19:55.075029 139687342254976 retrain.py:1082] 2020-01-05 21:19:55.074973: Step 2610: Train accuracy = 95.0%
INFO:tensorflow:2020-01-05 21:19:55.075160: Step 2610: Cross entropy = 0.236912
I0105 21:19:55.075177 139687342254976 retrain.py:1084] 2020-01-05 21:19:55.075160: Step 2610: Cross entropy = 0.236912
INFO:tensorflow:2020-01-05 21:19:55.145342: Step 2610: Validation accuracy = 41.0% (N=100)
I0105 21:19:55.145397 139687342254976 retrain.py:1100] 2020-01-05 21:19:55.145342: Step 2610: Validation accuracy = 41.0% (N=100)
INFO:tensorflow:2020-01-05 21:19:55.856387: Step 2620: Train accuracy = 99.0%
I0105 21:19:55.856444 139687342254976 retrain.py:1082] 2020-01-05 21:19:55.856387: Step 2620: Train accuracy = 99.0%
INFO:tensorflow:2020-01-05 21:19:55.856595: Step 2620: Cross entropy = 0.230545
I0105 21:19:55.856612 139687342254976 retrain.py:1084] 2020-01-05 21:19:55.856595: Step 2620: Cross entropy = 0.230545
INFO:tensorflow:2020-01-05 21:19:55.923234: Step 2620: Validation accuracy = 40.0% (N=100)
I0105 21:19:55.923289 139687342254976 retrain.py:1100] 2020-01-05 21:19:55.923234: Step 2620: Validation accuracy = 40.0% (N=100)
INFO:tensorflow:2020-01-05 21:19:56.633196: Step 2630: Train accuracy = 100.0%
I0105 21:19:56.633252 139687342254976 retrain.py:1082] 2020-01-05 21:19:56.633196: Step 2630: Train accuracy = 100.0%
INFO:tensorflow:2020-01-05 21:19:56.633382: Step 2630: Cross entropy = 0.221306
I0105 21:19:56.633399 139687342254976 retrain.py:1084] 2020-01-05 21:19:56.633382: Step 2630: Cross entropy = 0.221306
INFO:tensorflow:2020-01-05 21:19:56.700440: Step 2630: Validation accuracy = 46.0% (N=100)
I0105 21:19:56.700496 139687342254976 retrain.py:1100] 2020-01-05 21:19:56.700440: Step 2630: Validation accuracy = 46.0% (N=100)
INFO:tensorflow:2020-01-05 21:19:57.428575: Step 2640: Train accuracy = 98.0%
I0105 21:19:57.428633 139687342254976 retrain.py:1082] 2020-01-05 21:19:57.428575: Step 2640: Train accuracy = 98.0%
INFO:tensorflow:2020-01-05 21:19:57.428790: Step 2640: Cross entropy = 0.208829
I0105 21:19:57.428815 139687342254976 retrain.py:1084] 2020-01-05 21:19:57.428790: Step 2640: Cross entropy = 0.208829
INFO:tensorflow:2020-01-05 21:19:57.494991: Step 2640: Validation accuracy = 49.0% (N=100)
I0105 21:19:57.495046 139687342254976 retrain.py:1100] 2020-01-05 21:19:57.494991: Step 2640: Validation accuracy = 49.0% (N=100)
INFO:tensorflow:2020-01-05 21:19:58.196146: Step 2650: Train accuracy = 100.0%
I0105 21:19:58.196203 139687342254976 retrain.py:1082] 2020-01-05 21:19:58.196146: Step 2650: Train accuracy = 100.0%
INFO:tensorflow:2020-01-05 21:19:58.196333: Step 2650: Cross entropy = 0.219061
I0105 21:19:58.196350 139687342254976 retrain.py:1084] 2020-01-05 21:19:58.196333: Step 2650: Cross entropy = 0.219061
INFO:tensorflow:2020-01-05 21:19:58.266839: Step 2650: Validation accuracy = 43.0% (N=100)
I0105 21:19:58.266896 139687342254976 retrain.py:1100] 2020-01-05 21:19:58.266839: Step 2650: Validation accuracy = 43.0% (N=100)
INFO:tensorflow:2020-01-05 21:19:58.976318: Step 2660: Train accuracy = 98.0%
I0105 21:19:58.976373 139687342254976 retrain.py:1082] 2020-01-05 21:19:58.976318: Step 2660: Train accuracy = 98.0%
INFO:tensorflow:2020-01-05 21:19:58.976501: Step 2660: Cross entropy = 0.205637
I0105 21:19:58.976516 139687342254976 retrain.py:1084] 2020-01-05 21:19:58.976501: Step 2660: Cross entropy = 0.205637
INFO:tensorflow:2020-01-05 21:19:59.045432: Step 2660: Validation accuracy = 33.0% (N=100)
I0105 21:19:59.045487 139687342254976 retrain.py:1100] 2020-01-05 21:19:59.045432: Step 2660: Validation accuracy = 33.0% (N=100)
INFO:tensorflow:2020-01-05 21:19:59.749727: Step 2670: Train accuracy = 99.0%
I0105 21:19:59.749785 139687342254976 retrain.py:1082] 2020-01-05 21:19:59.749727: Step 2670: Train accuracy = 99.0%
INFO:tensorflow:2020-01-05 21:19:59.749943: Step 2670: Cross entropy = 0.226442
I0105 21:19:59.749958 139687342254976 retrain.py:1084] 2020-01-05 21:19:59.749943: Step 2670: Cross entropy = 0.226442
INFO:tensorflow:2020-01-05 21:19:59.819188: Step 2670: Validation accuracy = 41.0% (N=100)
I0105 21:19:59.819267 139687342254976 retrain.py:1100] 2020-01-05 21:19:59.819188: Step 2670: Validation accuracy = 41.0% (N=100)
INFO:tensorflow:2020-01-05 21:20:00.519867: Step 2680: Train accuracy = 99.0%
I0105 21:20:00.519922 139687342254976 retrain.py:1082] 2020-01-05 21:20:00.519867: Step 2680: Train accuracy = 99.0%
INFO:tensorflow:2020-01-05 21:20:00.520054: Step 2680: Cross entropy = 0.226375
I0105 21:20:00.520072 139687342254976 retrain.py:1084] 2020-01-05 21:20:00.520054: Step 2680: Cross entropy = 0.226375
INFO:tensorflow:2020-01-05 21:20:00.588782: Step 2680: Validation accuracy = 37.0% (N=100)
I0105 21:20:00.588837 139687342254976 retrain.py:1100] 2020-01-05 21:20:00.588782: Step 2680: Validation accuracy = 37.0% (N=100)
INFO:tensorflow:2020-01-05 21:20:01.296235: Step 2690: Train accuracy = 100.0%
I0105 21:20:01.296291 139687342254976 retrain.py:1082] 2020-01-05 21:20:01.296235: Step 2690: Train accuracy = 100.0%
INFO:tensorflow:2020-01-05 21:20:01.296434: Step 2690: Cross entropy = 0.200126
I0105 21:20:01.296452 139687342254976 retrain.py:1084] 2020-01-05 21:20:01.296434: Step 2690: Cross entropy = 0.200126
INFO:tensorflow:2020-01-05 21:20:01.368572: Step 2690: Validation accuracy = 51.0% (N=100)
I0105 21:20:01.368628 139687342254976 retrain.py:1100] 2020-01-05 21:20:01.368572: Step 2690: Validation accuracy = 51.0% (N=100)
INFO:tensorflow:2020-01-05 21:20:02.060776: Step 2700: Train accuracy = 99.0%
I0105 21:20:02.060835 139687342254976 retrain.py:1082] 2020-01-05 21:20:02.060776: Step 2700: Train accuracy = 99.0%
INFO:tensorflow:2020-01-05 21:20:02.060986: Step 2700: Cross entropy = 0.230798
I0105 21:20:02.061005 139687342254976 retrain.py:1084] 2020-01-05 21:20:02.060986: Step 2700: Cross entropy = 0.230798
INFO:tensorflow:2020-01-05 21:20:02.127576: Step 2700: Validation accuracy = 43.0% (N=100)
I0105 21:20:02.127632 139687342254976 retrain.py:1100] 2020-01-05 21:20:02.127576: Step 2700: Validation accuracy = 43.0% (N=100)
INFO:tensorflow:2020-01-05 21:20:02.827195: Step 2710: Train accuracy = 97.0%
I0105 21:20:02.827250 139687342254976 retrain.py:1082] 2020-01-05 21:20:02.827195: Step 2710: Train accuracy = 97.0%
INFO:tensorflow:2020-01-05 21:20:02.827389: Step 2710: Cross entropy = 0.222353
I0105 21:20:02.827407 139687342254976 retrain.py:1084] 2020-01-05 21:20:02.827389: Step 2710: Cross entropy = 0.222353
INFO:tensorflow:2020-01-05 21:20:02.893787: Step 2710: Validation accuracy = 34.0% (N=100)
I0105 21:20:02.893845 139687342254976 retrain.py:1100] 2020-01-05 21:20:02.893787: Step 2710: Validation accuracy = 34.0% (N=100)
INFO:tensorflow:2020-01-05 21:20:03.600044: Step 2720: Train accuracy = 100.0%
I0105 21:20:03.600101 139687342254976 retrain.py:1082] 2020-01-05 21:20:03.600044: Step 2720: Train accuracy = 100.0%
INFO:tensorflow:2020-01-05 21:20:03.600243: Step 2720: Cross entropy = 0.197501
I0105 21:20:03.600261 139687342254976 retrain.py:1084] 2020-01-05 21:20:03.600243: Step 2720: Cross entropy = 0.197501
INFO:tensorflow:2020-01-05 21:20:03.670087: Step 2720: Validation accuracy = 46.0% (N=100)
I0105 21:20:03.670145 139687342254976 retrain.py:1100] 2020-01-05 21:20:03.670087: Step 2720: Validation accuracy = 46.0% (N=100)
INFO:tensorflow:2020-01-05 21:20:04.372198: Step 2730: Train accuracy = 96.0%
I0105 21:20:04.372255 139687342254976 retrain.py:1082] 2020-01-05 21:20:04.372198: Step 2730: Train accuracy = 96.0%
INFO:tensorflow:2020-01-05 21:20:04.372394: Step 2730: Cross entropy = 0.221813
I0105 21:20:04.372412 139687342254976 retrain.py:1084] 2020-01-05 21:20:04.372394: Step 2730: Cross entropy = 0.221813
INFO:tensorflow:2020-01-05 21:20:04.439679: Step 2730: Validation accuracy = 33.0% (N=100)
I0105 21:20:04.439738 139687342254976 retrain.py:1100] 2020-01-05 21:20:04.439679: Step 2730: Validation accuracy = 33.0% (N=100)
INFO:tensorflow:2020-01-05 21:20:05.135162: Step 2740: Train accuracy = 99.0%
I0105 21:20:05.135220 139687342254976 retrain.py:1082] 2020-01-05 21:20:05.135162: Step 2740: Train accuracy = 99.0%
INFO:tensorflow:2020-01-05 21:20:05.135377: Step 2740: Cross entropy = 0.213028
I0105 21:20:05.135398 139687342254976 retrain.py:1084] 2020-01-05 21:20:05.135377: Step 2740: Cross entropy = 0.213028
INFO:tensorflow:2020-01-05 21:20:05.203381: Step 2740: Validation accuracy = 29.0% (N=100)
I0105 21:20:05.203438 139687342254976 retrain.py:1100] 2020-01-05 21:20:05.203381: Step 2740: Validation accuracy = 29.0% (N=100)
INFO:tensorflow:2020-01-05 21:20:05.909111: Step 2750: Train accuracy = 100.0%
I0105 21:20:05.909166 139687342254976 retrain.py:1082] 2020-01-05 21:20:05.909111: Step 2750: Train accuracy = 100.0%
INFO:tensorflow:2020-01-05 21:20:05.909298: Step 2750: Cross entropy = 0.210197
I0105 21:20:05.909315 139687342254976 retrain.py:1084] 2020-01-05 21:20:05.909298: Step 2750: Cross entropy = 0.210197
INFO:tensorflow:2020-01-05 21:20:05.975787: Step 2750: Validation accuracy = 44.0% (N=100)
I0105 21:20:05.975842 139687342254976 retrain.py:1100] 2020-01-05 21:20:05.975787: Step 2750: Validation accuracy = 44.0% (N=100)
INFO:tensorflow:2020-01-05 21:20:06.687488: Step 2760: Train accuracy = 99.0%
I0105 21:20:06.687545 139687342254976 retrain.py:1082] 2020-01-05 21:20:06.687488: Step 2760: Train accuracy = 99.0%
INFO:tensorflow:2020-01-05 21:20:06.687672: Step 2760: Cross entropy = 0.232171
I0105 21:20:06.687686 139687342254976 retrain.py:1084] 2020-01-05 21:20:06.687672: Step 2760: Cross entropy = 0.232171
INFO:tensorflow:2020-01-05 21:20:06.755559: Step 2760: Validation accuracy = 38.0% (N=100)
I0105 21:20:06.755618 139687342254976 retrain.py:1100] 2020-01-05 21:20:06.755559: Step 2760: Validation accuracy = 38.0% (N=100)
INFO:tensorflow:2020-01-05 21:20:07.462424: Step 2770: Train accuracy = 99.0%
I0105 21:20:07.462482 139687342254976 retrain.py:1082] 2020-01-05 21:20:07.462424: Step 2770: Train accuracy = 99.0%
INFO:tensorflow:2020-01-05 21:20:07.462615: Step 2770: Cross entropy = 0.236343
I0105 21:20:07.462634 139687342254976 retrain.py:1084] 2020-01-05 21:20:07.462615: Step 2770: Cross entropy = 0.236343
INFO:tensorflow:2020-01-05 21:20:07.529738: Step 2770: Validation accuracy = 37.0% (N=100)
I0105 21:20:07.529793 139687342254976 retrain.py:1100] 2020-01-05 21:20:07.529738: Step 2770: Validation accuracy = 37.0% (N=100)
INFO:tensorflow:2020-01-05 21:20:08.238081: Step 2780: Train accuracy = 98.0%
I0105 21:20:08.238139 139687342254976 retrain.py:1082] 2020-01-05 21:20:08.238081: Step 2780: Train accuracy = 98.0%
INFO:tensorflow:2020-01-05 21:20:08.238268: Step 2780: Cross entropy = 0.211037
I0105 21:20:08.238285 139687342254976 retrain.py:1084] 2020-01-05 21:20:08.238268: Step 2780: Cross entropy = 0.211037
INFO:tensorflow:2020-01-05 21:20:08.305506: Step 2780: Validation accuracy = 44.0% (N=100)
I0105 21:20:08.305563 139687342254976 retrain.py:1100] 2020-01-05 21:20:08.305506: Step 2780: Validation accuracy = 44.0% (N=100)
INFO:tensorflow:2020-01-05 21:20:09.030030: Step 2790: Train accuracy = 100.0%
I0105 21:20:09.030086 139687342254976 retrain.py:1082] 2020-01-05 21:20:09.030030: Step 2790: Train accuracy = 100.0%
INFO:tensorflow:2020-01-05 21:20:09.030224: Step 2790: Cross entropy = 0.204359
I0105 21:20:09.030240 139687342254976 retrain.py:1084] 2020-01-05 21:20:09.030224: Step 2790: Cross entropy = 0.204359
INFO:tensorflow:2020-01-05 21:20:09.099304: Step 2790: Validation accuracy = 38.0% (N=100)
I0105 21:20:09.099359 139687342254976 retrain.py:1100] 2020-01-05 21:20:09.099304: Step 2790: Validation accuracy = 38.0% (N=100)
INFO:tensorflow:2020-01-05 21:20:09.813611: Step 2800: Train accuracy = 97.0%
I0105 21:20:09.813668 139687342254976 retrain.py:1082] 2020-01-05 21:20:09.813611: Step 2800: Train accuracy = 97.0%
INFO:tensorflow:2020-01-05 21:20:09.813817: Step 2800: Cross entropy = 0.221485
I0105 21:20:09.813832 139687342254976 retrain.py:1084] 2020-01-05 21:20:09.813817: Step 2800: Cross entropy = 0.221485
INFO:tensorflow:2020-01-05 21:20:09.881010: Step 2800: Validation accuracy = 33.0% (N=100)
I0105 21:20:09.881077 139687342254976 retrain.py:1100] 2020-01-05 21:20:09.881010: Step 2800: Validation accuracy = 33.0% (N=100)
INFO:tensorflow:2020-01-05 21:20:10.596932: Step 2810: Train accuracy = 99.0%
I0105 21:20:10.596989 139687342254976 retrain.py:1082] 2020-01-05 21:20:10.596932: Step 2810: Train accuracy = 99.0%
INFO:tensorflow:2020-01-05 21:20:10.597138: Step 2810: Cross entropy = 0.227781
I0105 21:20:10.597156 139687342254976 retrain.py:1084] 2020-01-05 21:20:10.597138: Step 2810: Cross entropy = 0.227781
INFO:tensorflow:2020-01-05 21:20:10.663718: Step 2810: Validation accuracy = 41.0% (N=100)
I0105 21:20:10.663774 139687342254976 retrain.py:1100] 2020-01-05 21:20:10.663718: Step 2810: Validation accuracy = 41.0% (N=100)
INFO:tensorflow:2020-01-05 21:20:11.376479: Step 2820: Train accuracy = 99.0%
I0105 21:20:11.376537 139687342254976 retrain.py:1082] 2020-01-05 21:20:11.376479: Step 2820: Train accuracy = 99.0%
INFO:tensorflow:2020-01-05 21:20:11.376669: Step 2820: Cross entropy = 0.243830
I0105 21:20:11.376686 139687342254976 retrain.py:1084] 2020-01-05 21:20:11.376669: Step 2820: Cross entropy = 0.243830
INFO:tensorflow:2020-01-05 21:20:11.446167: Step 2820: Validation accuracy = 42.0% (N=100)
I0105 21:20:11.446224 139687342254976 retrain.py:1100] 2020-01-05 21:20:11.446167: Step 2820: Validation accuracy = 42.0% (N=100)
INFO:tensorflow:2020-01-05 21:20:12.141299: Step 2830: Train accuracy = 99.0%
I0105 21:20:12.141355 139687342254976 retrain.py:1082] 2020-01-05 21:20:12.141299: Step 2830: Train accuracy = 99.0%
INFO:tensorflow:2020-01-05 21:20:12.141508: Step 2830: Cross entropy = 0.202301
I0105 21:20:12.141528 139687342254976 retrain.py:1084] 2020-01-05 21:20:12.141508: Step 2830: Cross entropy = 0.202301
INFO:tensorflow:2020-01-05 21:20:12.208608: Step 2830: Validation accuracy = 36.0% (N=100)
I0105 21:20:12.208665 139687342254976 retrain.py:1100] 2020-01-05 21:20:12.208608: Step 2830: Validation accuracy = 36.0% (N=100)
INFO:tensorflow:2020-01-05 21:20:12.924509: Step 2840: Train accuracy = 100.0%
I0105 21:20:12.924566 139687342254976 retrain.py:1082] 2020-01-05 21:20:12.924509: Step 2840: Train accuracy = 100.0%
INFO:tensorflow:2020-01-05 21:20:12.924719: Step 2840: Cross entropy = 0.204561
I0105 21:20:12.924737 139687342254976 retrain.py:1084] 2020-01-05 21:20:12.924719: Step 2840: Cross entropy = 0.204561
INFO:tensorflow:2020-01-05 21:20:12.991421: Step 2840: Validation accuracy = 40.0% (N=100)
I0105 21:20:12.991476 139687342254976 retrain.py:1100] 2020-01-05 21:20:12.991421: Step 2840: Validation accuracy = 40.0% (N=100)
INFO:tensorflow:2020-01-05 21:20:13.700340: Step 2850: Train accuracy = 100.0%
I0105 21:20:13.700398 139687342254976 retrain.py:1082] 2020-01-05 21:20:13.700340: Step 2850: Train accuracy = 100.0%
INFO:tensorflow:2020-01-05 21:20:13.700548: Step 2850: Cross entropy = 0.195459
I0105 21:20:13.700562 139687342254976 retrain.py:1084] 2020-01-05 21:20:13.700548: Step 2850: Cross entropy = 0.195459
INFO:tensorflow:2020-01-05 21:20:13.769587: Step 2850: Validation accuracy = 39.0% (N=100)
I0105 21:20:13.769644 139687342254976 retrain.py:1100] 2020-01-05 21:20:13.769587: Step 2850: Validation accuracy = 39.0% (N=100)
INFO:tensorflow:2020-01-05 21:20:14.482182: Step 2860: Train accuracy = 100.0%
I0105 21:20:14.482239 139687342254976 retrain.py:1082] 2020-01-05 21:20:14.482182: Step 2860: Train accuracy = 100.0%
INFO:tensorflow:2020-01-05 21:20:14.482371: Step 2860: Cross entropy = 0.209318
I0105 21:20:14.482391 139687342254976 retrain.py:1084] 2020-01-05 21:20:14.482371: Step 2860: Cross entropy = 0.209318
INFO:tensorflow:2020-01-05 21:20:14.549218: Step 2860: Validation accuracy = 46.0% (N=100)
I0105 21:20:14.549274 139687342254976 retrain.py:1100] 2020-01-05 21:20:14.549218: Step 2860: Validation accuracy = 46.0% (N=100)
INFO:tensorflow:2020-01-05 21:20:15.245506: Step 2870: Train accuracy = 97.0%
I0105 21:20:15.245566 139687342254976 retrain.py:1082] 2020-01-05 21:20:15.245506: Step 2870: Train accuracy = 97.0%
INFO:tensorflow:2020-01-05 21:20:15.245733: Step 2870: Cross entropy = 0.213518
I0105 21:20:15.245749 139687342254976 retrain.py:1084] 2020-01-05 21:20:15.245733: Step 2870: Cross entropy = 0.213518
INFO:tensorflow:2020-01-05 21:20:15.316188: Step 2870: Validation accuracy = 37.0% (N=100)
I0105 21:20:15.316248 139687342254976 retrain.py:1100] 2020-01-05 21:20:15.316188: Step 2870: Validation accuracy = 37.0% (N=100)
INFO:tensorflow:2020-01-05 21:20:16.012186: Step 2880: Train accuracy = 100.0%
I0105 21:20:16.012242 139687342254976 retrain.py:1082] 2020-01-05 21:20:16.012186: Step 2880: Train accuracy = 100.0%
INFO:tensorflow:2020-01-05 21:20:16.012386: Step 2880: Cross entropy = 0.184111
I0105 21:20:16.012408 139687342254976 retrain.py:1084] 2020-01-05 21:20:16.012386: Step 2880: Cross entropy = 0.184111
INFO:tensorflow:2020-01-05 21:20:16.079639: Step 2880: Validation accuracy = 44.0% (N=100)
I0105 21:20:16.079697 139687342254976 retrain.py:1100] 2020-01-05 21:20:16.079639: Step 2880: Validation accuracy = 44.0% (N=100)
INFO:tensorflow:2020-01-05 21:20:16.793293: Step 2890: Train accuracy = 100.0%
I0105 21:20:16.793349 139687342254976 retrain.py:1082] 2020-01-05 21:20:16.793293: Step 2890: Train accuracy = 100.0%
INFO:tensorflow:2020-01-05 21:20:16.793497: Step 2890: Cross entropy = 0.237107
I0105 21:20:16.793510 139687342254976 retrain.py:1084] 2020-01-05 21:20:16.793497: Step 2890: Cross entropy = 0.237107
INFO:tensorflow:2020-01-05 21:20:16.863893: Step 2890: Validation accuracy = 39.0% (N=100)
I0105 21:20:16.863948 139687342254976 retrain.py:1100] 2020-01-05 21:20:16.863893: Step 2890: Validation accuracy = 39.0% (N=100)
INFO:tensorflow:2020-01-05 21:20:17.580059: Step 2900: Train accuracy = 100.0%
I0105 21:20:17.580115 139687342254976 retrain.py:1082] 2020-01-05 21:20:17.580059: Step 2900: Train accuracy = 100.0%
INFO:tensorflow:2020-01-05 21:20:17.580246: Step 2900: Cross entropy = 0.228416
I0105 21:20:17.580263 139687342254976 retrain.py:1084] 2020-01-05 21:20:17.580246: Step 2900: Cross entropy = 0.228416
INFO:tensorflow:2020-01-05 21:20:17.647169: Step 2900: Validation accuracy = 46.0% (N=100)
I0105 21:20:17.647226 139687342254976 retrain.py:1100] 2020-01-05 21:20:17.647169: Step 2900: Validation accuracy = 46.0% (N=100)
INFO:tensorflow:2020-01-05 21:20:18.362540: Step 2910: Train accuracy = 100.0%
I0105 21:20:18.362599 139687342254976 retrain.py:1082] 2020-01-05 21:20:18.362540: Step 2910: Train accuracy = 100.0%
INFO:tensorflow:2020-01-05 21:20:18.362749: Step 2910: Cross entropy = 0.224158
I0105 21:20:18.362767 139687342254976 retrain.py:1084] 2020-01-05 21:20:18.362749: Step 2910: Cross entropy = 0.224158
INFO:tensorflow:2020-01-05 21:20:18.432282: Step 2910: Validation accuracy = 45.0% (N=100)
I0105 21:20:18.432338 139687342254976 retrain.py:1100] 2020-01-05 21:20:18.432282: Step 2910: Validation accuracy = 45.0% (N=100)
INFO:tensorflow:2020-01-05 21:20:19.127889: Step 2920: Train accuracy = 100.0%
I0105 21:20:19.127946 139687342254976 retrain.py:1082] 2020-01-05 21:20:19.127889: Step 2920: Train accuracy = 100.0%
INFO:tensorflow:2020-01-05 21:20:19.128075: Step 2920: Cross entropy = 0.195793
I0105 21:20:19.128091 139687342254976 retrain.py:1084] 2020-01-05 21:20:19.128075: Step 2920: Cross entropy = 0.195793
INFO:tensorflow:2020-01-05 21:20:19.199089: Step 2920: Validation accuracy = 35.0% (N=100)
I0105 21:20:19.199146 139687342254976 retrain.py:1100] 2020-01-05 21:20:19.199089: Step 2920: Validation accuracy = 35.0% (N=100)
INFO:tensorflow:2020-01-05 21:20:19.909372: Step 2930: Train accuracy = 99.0%
I0105 21:20:19.909428 139687342254976 retrain.py:1082] 2020-01-05 21:20:19.909372: Step 2930: Train accuracy = 99.0%
INFO:tensorflow:2020-01-05 21:20:19.909587: Step 2930: Cross entropy = 0.192169
I0105 21:20:19.909604 139687342254976 retrain.py:1084] 2020-01-05 21:20:19.909587: Step 2930: Cross entropy = 0.192169
INFO:tensorflow:2020-01-05 21:20:19.976871: Step 2930: Validation accuracy = 37.0% (N=100)
I0105 21:20:19.976926 139687342254976 retrain.py:1100] 2020-01-05 21:20:19.976871: Step 2930: Validation accuracy = 37.0% (N=100)
INFO:tensorflow:2020-01-05 21:20:20.698652: Step 2940: Train accuracy = 100.0%
I0105 21:20:20.698709 139687342254976 retrain.py:1082] 2020-01-05 21:20:20.698652: Step 2940: Train accuracy = 100.0%
INFO:tensorflow:2020-01-05 21:20:20.698865: Step 2940: Cross entropy = 0.200483
I0105 21:20:20.698880 139687342254976 retrain.py:1084] 2020-01-05 21:20:20.698865: Step 2940: Cross entropy = 0.200483
INFO:tensorflow:2020-01-05 21:20:20.769108: Step 2940: Validation accuracy = 47.0% (N=100)
I0105 21:20:20.769165 139687342254976 retrain.py:1100] 2020-01-05 21:20:20.769108: Step 2940: Validation accuracy = 47.0% (N=100)
INFO:tensorflow:2020-01-05 21:20:21.481517: Step 2950: Train accuracy = 98.0%
I0105 21:20:21.481573 139687342254976 retrain.py:1082] 2020-01-05 21:20:21.481517: Step 2950: Train accuracy = 98.0%
INFO:tensorflow:2020-01-05 21:20:21.481731: Step 2950: Cross entropy = 0.232340
I0105 21:20:21.481753 139687342254976 retrain.py:1084] 2020-01-05 21:20:21.481731: Step 2950: Cross entropy = 0.232340
INFO:tensorflow:2020-01-05 21:20:21.549593: Step 2950: Validation accuracy = 35.0% (N=100)
I0105 21:20:21.549649 139687342254976 retrain.py:1100] 2020-01-05 21:20:21.549593: Step 2950: Validation accuracy = 35.0% (N=100)
INFO:tensorflow:2020-01-05 21:20:22.256840: Step 2960: Train accuracy = 98.0%
I0105 21:20:22.256896 139687342254976 retrain.py:1082] 2020-01-05 21:20:22.256840: Step 2960: Train accuracy = 98.0%
INFO:tensorflow:2020-01-05 21:20:22.257042: Step 2960: Cross entropy = 0.199999
I0105 21:20:22.257056 139687342254976 retrain.py:1084] 2020-01-05 21:20:22.257042: Step 2960: Cross entropy = 0.199999
INFO:tensorflow:2020-01-05 21:20:22.329182: Step 2960: Validation accuracy = 40.0% (N=100)
I0105 21:20:22.329240 139687342254976 retrain.py:1100] 2020-01-05 21:20:22.329182: Step 2960: Validation accuracy = 40.0% (N=100)
INFO:tensorflow:2020-01-05 21:20:23.031525: Step 2970: Train accuracy = 100.0%
I0105 21:20:23.031582 139687342254976 retrain.py:1082] 2020-01-05 21:20:23.031525: Step 2970: Train accuracy = 100.0%
INFO:tensorflow:2020-01-05 21:20:23.031718: Step 2970: Cross entropy = 0.189980
I0105 21:20:23.031737 139687342254976 retrain.py:1084] 2020-01-05 21:20:23.031718: Step 2970: Cross entropy = 0.189980
INFO:tensorflow:2020-01-05 21:20:23.101157: Step 2970: Validation accuracy = 37.0% (N=100)
I0105 21:20:23.101211 139687342254976 retrain.py:1100] 2020-01-05 21:20:23.101157: Step 2970: Validation accuracy = 37.0% (N=100)
INFO:tensorflow:2020-01-05 21:20:23.809786: Step 2980: Train accuracy = 99.0%
I0105 21:20:23.809842 139687342254976 retrain.py:1082] 2020-01-05 21:20:23.809786: Step 2980: Train accuracy = 99.0%
INFO:tensorflow:2020-01-05 21:20:23.809986: Step 2980: Cross entropy = 0.212827
I0105 21:20:23.810003 139687342254976 retrain.py:1084] 2020-01-05 21:20:23.809986: Step 2980: Cross entropy = 0.212827
INFO:tensorflow:2020-01-05 21:20:23.876812: Step 2980: Validation accuracy = 43.0% (N=100)
I0105 21:20:23.876868 139687342254976 retrain.py:1100] 2020-01-05 21:20:23.876812: Step 2980: Validation accuracy = 43.0% (N=100)
INFO:tensorflow:2020-01-05 21:20:24.587437: Step 2990: Train accuracy = 100.0%
I0105 21:20:24.587493 139687342254976 retrain.py:1082] 2020-01-05 21:20:24.587437: Step 2990: Train accuracy = 100.0%
INFO:tensorflow:2020-01-05 21:20:24.587627: Step 2990: Cross entropy = 0.206588
I0105 21:20:24.587646 139687342254976 retrain.py:1084] 2020-01-05 21:20:24.587627: Step 2990: Cross entropy = 0.206588
INFO:tensorflow:2020-01-05 21:20:24.654232: Step 2990: Validation accuracy = 37.0% (N=100)
I0105 21:20:24.654289 139687342254976 retrain.py:1100] 2020-01-05 21:20:24.654232: Step 2990: Validation accuracy = 37.0% (N=100)
INFO:tensorflow:2020-01-05 21:20:25.367611: Step 3000: Train accuracy = 99.0%
I0105 21:20:25.367669 139687342254976 retrain.py:1082] 2020-01-05 21:20:25.367611: Step 3000: Train accuracy = 99.0%
INFO:tensorflow:2020-01-05 21:20:25.367834: Step 3000: Cross entropy = 0.241095
I0105 21:20:25.367859 139687342254976 retrain.py:1084] 2020-01-05 21:20:25.367834: Step 3000: Cross entropy = 0.241095
INFO:tensorflow:2020-01-05 21:20:25.435247: Step 3000: Validation accuracy = 39.0% (N=100)
I0105 21:20:25.435303 139687342254976 retrain.py:1100] 2020-01-05 21:20:25.435247: Step 3000: Validation accuracy = 39.0% (N=100)
INFO:tensorflow:2020-01-05 21:20:26.140013: Step 3010: Train accuracy = 100.0%
I0105 21:20:26.140069 139687342254976 retrain.py:1082] 2020-01-05 21:20:26.140013: Step 3010: Train accuracy = 100.0%
INFO:tensorflow:2020-01-05 21:20:26.140218: Step 3010: Cross entropy = 0.204836
I0105 21:20:26.140236 139687342254976 retrain.py:1084] 2020-01-05 21:20:26.140218: Step 3010: Cross entropy = 0.204836
INFO:tensorflow:2020-01-05 21:20:26.207925: Step 3010: Validation accuracy = 40.0% (N=100)
I0105 21:20:26.207980 139687342254976 retrain.py:1100] 2020-01-05 21:20:26.207925: Step 3010: Validation accuracy = 40.0% (N=100)
INFO:tensorflow:2020-01-05 21:20:26.919716: Step 3020: Train accuracy = 99.0%
I0105 21:20:26.919772 139687342254976 retrain.py:1082] 2020-01-05 21:20:26.919716: Step 3020: Train accuracy = 99.0%
INFO:tensorflow:2020-01-05 21:20:26.919911: Step 3020: Cross entropy = 0.221027
I0105 21:20:26.919929 139687342254976 retrain.py:1084] 2020-01-05 21:20:26.919911: Step 3020: Cross entropy = 0.221027
INFO:tensorflow:2020-01-05 21:20:26.990915: Step 3020: Validation accuracy = 31.0% (N=100)
I0105 21:20:26.990973 139687342254976 retrain.py:1100] 2020-01-05 21:20:26.990915: Step 3020: Validation accuracy = 31.0% (N=100)
INFO:tensorflow:2020-01-05 21:20:27.704093: Step 3030: Train accuracy = 98.0%
I0105 21:20:27.704151 139687342254976 retrain.py:1082] 2020-01-05 21:20:27.704093: Step 3030: Train accuracy = 98.0%
INFO:tensorflow:2020-01-05 21:20:27.704281: Step 3030: Cross entropy = 0.238994
I0105 21:20:27.704297 139687342254976 retrain.py:1084] 2020-01-05 21:20:27.704281: Step 3030: Cross entropy = 0.238994
INFO:tensorflow:2020-01-05 21:20:27.773431: Step 3030: Validation accuracy = 35.0% (N=100)
I0105 21:20:27.773488 139687342254976 retrain.py:1100] 2020-01-05 21:20:27.773431: Step 3030: Validation accuracy = 35.0% (N=100)
INFO:tensorflow:2020-01-05 21:20:28.478291: Step 3040: Train accuracy = 99.0%
I0105 21:20:28.478355 139687342254976 retrain.py:1082] 2020-01-05 21:20:28.478291: Step 3040: Train accuracy = 99.0%
INFO:tensorflow:2020-01-05 21:20:28.478485: Step 3040: Cross entropy = 0.205281
I0105 21:20:28.478504 139687342254976 retrain.py:1084] 2020-01-05 21:20:28.478485: Step 3040: Cross entropy = 0.205281
INFO:tensorflow:2020-01-05 21:20:28.545984: Step 3040: Validation accuracy = 45.0% (N=100)
I0105 21:20:28.546042 139687342254976 retrain.py:1100] 2020-01-05 21:20:28.545984: Step 3040: Validation accuracy = 45.0% (N=100)
INFO:tensorflow:2020-01-05 21:20:29.255213: Step 3050: Train accuracy = 100.0%
I0105 21:20:29.255269 139687342254976 retrain.py:1082] 2020-01-05 21:20:29.255213: Step 3050: Train accuracy = 100.0%
INFO:tensorflow:2020-01-05 21:20:29.255426: Step 3050: Cross entropy = 0.217031
I0105 21:20:29.255444 139687342254976 retrain.py:1084] 2020-01-05 21:20:29.255426: Step 3050: Cross entropy = 0.217031
INFO:tensorflow:2020-01-05 21:20:29.328538: Step 3050: Validation accuracy = 51.0% (N=100)
I0105 21:20:29.328610 139687342254976 retrain.py:1100] 2020-01-05 21:20:29.328538: Step 3050: Validation accuracy = 51.0% (N=100)
INFO:tensorflow:2020-01-05 21:20:30.034075: Step 3060: Train accuracy = 99.0%
I0105 21:20:30.034133 139687342254976 retrain.py:1082] 2020-01-05 21:20:30.034075: Step 3060: Train accuracy = 99.0%
INFO:tensorflow:2020-01-05 21:20:30.034269: Step 3060: Cross entropy = 0.204223
I0105 21:20:30.034286 139687342254976 retrain.py:1084] 2020-01-05 21:20:30.034269: Step 3060: Cross entropy = 0.204223
INFO:tensorflow:2020-01-05 21:20:30.101009: Step 3060: Validation accuracy = 43.0% (N=100)
I0105 21:20:30.101064 139687342254976 retrain.py:1100] 2020-01-05 21:20:30.101009: Step 3060: Validation accuracy = 43.0% (N=100)
INFO:tensorflow:2020-01-05 21:20:30.808360: Step 3070: Train accuracy = 99.0%
I0105 21:20:30.808417 139687342254976 retrain.py:1082] 2020-01-05 21:20:30.808360: Step 3070: Train accuracy = 99.0%
INFO:tensorflow:2020-01-05 21:20:30.808562: Step 3070: Cross entropy = 0.243530
I0105 21:20:30.808578 139687342254976 retrain.py:1084] 2020-01-05 21:20:30.808562: Step 3070: Cross entropy = 0.243530
INFO:tensorflow:2020-01-05 21:20:30.875413: Step 3070: Validation accuracy = 36.0% (N=100)
I0105 21:20:30.875468 139687342254976 retrain.py:1100] 2020-01-05 21:20:30.875413: Step 3070: Validation accuracy = 36.0% (N=100)
INFO:tensorflow:2020-01-05 21:20:31.579610: Step 3080: Train accuracy = 100.0%
I0105 21:20:31.579666 139687342254976 retrain.py:1082] 2020-01-05 21:20:31.579610: Step 3080: Train accuracy = 100.0%
INFO:tensorflow:2020-01-05 21:20:31.579795: Step 3080: Cross entropy = 0.192358
I0105 21:20:31.579810 139687342254976 retrain.py:1084] 2020-01-05 21:20:31.579795: Step 3080: Cross entropy = 0.192358
INFO:tensorflow:2020-01-05 21:20:31.646920: Step 3080: Validation accuracy = 36.0% (N=100)
I0105 21:20:31.646978 139687342254976 retrain.py:1100] 2020-01-05 21:20:31.646920: Step 3080: Validation accuracy = 36.0% (N=100)
INFO:tensorflow:2020-01-05 21:20:32.362998: Step 3090: Train accuracy = 99.0%
I0105 21:20:32.363055 139687342254976 retrain.py:1082] 2020-01-05 21:20:32.362998: Step 3090: Train accuracy = 99.0%
INFO:tensorflow:2020-01-05 21:20:32.363197: Step 3090: Cross entropy = 0.206624
I0105 21:20:32.363214 139687342254976 retrain.py:1084] 2020-01-05 21:20:32.363197: Step 3090: Cross entropy = 0.206624
INFO:tensorflow:2020-01-05 21:20:32.434267: Step 3090: Validation accuracy = 53.0% (N=100)
I0105 21:20:32.434323 139687342254976 retrain.py:1100] 2020-01-05 21:20:32.434267: Step 3090: Validation accuracy = 53.0% (N=100)
INFO:tensorflow:2020-01-05 21:20:33.138061: Step 3100: Train accuracy = 100.0%
I0105 21:20:33.138117 139687342254976 retrain.py:1082] 2020-01-05 21:20:33.138061: Step 3100: Train accuracy = 100.0%
INFO:tensorflow:2020-01-05 21:20:33.138261: Step 3100: Cross entropy = 0.218454
I0105 21:20:33.138280 139687342254976 retrain.py:1084] 2020-01-05 21:20:33.138261: Step 3100: Cross entropy = 0.218454
INFO:tensorflow:2020-01-05 21:20:33.209210: Step 3100: Validation accuracy = 47.0% (N=100)
I0105 21:20:33.209267 139687342254976 retrain.py:1100] 2020-01-05 21:20:33.209210: Step 3100: Validation accuracy = 47.0% (N=100)
INFO:tensorflow:2020-01-05 21:20:33.914045: Step 3110: Train accuracy = 98.0%
I0105 21:20:33.914103 139687342254976 retrain.py:1082] 2020-01-05 21:20:33.914045: Step 3110: Train accuracy = 98.0%
INFO:tensorflow:2020-01-05 21:20:33.914265: Step 3110: Cross entropy = 0.196242
I0105 21:20:33.914282 139687342254976 retrain.py:1084] 2020-01-05 21:20:33.914265: Step 3110: Cross entropy = 0.196242
INFO:tensorflow:2020-01-05 21:20:33.981477: Step 3110: Validation accuracy = 38.0% (N=100)
I0105 21:20:33.981535 139687342254976 retrain.py:1100] 2020-01-05 21:20:33.981477: Step 3110: Validation accuracy = 38.0% (N=100)
INFO:tensorflow:2020-01-05 21:20:34.697673: Step 3120: Train accuracy = 99.0%
I0105 21:20:34.697731 139687342254976 retrain.py:1082] 2020-01-05 21:20:34.697673: Step 3120: Train accuracy = 99.0%
INFO:tensorflow:2020-01-05 21:20:34.697901: Step 3120: Cross entropy = 0.187177
I0105 21:20:34.697917 139687342254976 retrain.py:1084] 2020-01-05 21:20:34.697901: Step 3120: Cross entropy = 0.187177
INFO:tensorflow:2020-01-05 21:20:34.765523: Step 3120: Validation accuracy = 41.0% (N=100)
I0105 21:20:34.765590 139687342254976 retrain.py:1100] 2020-01-05 21:20:34.765523: Step 3120: Validation accuracy = 41.0% (N=100)
INFO:tensorflow:2020-01-05 21:20:35.475277: Step 3130: Train accuracy = 98.0%
I0105 21:20:35.475333 139687342254976 retrain.py:1082] 2020-01-05 21:20:35.475277: Step 3130: Train accuracy = 98.0%
INFO:tensorflow:2020-01-05 21:20:35.475466: Step 3130: Cross entropy = 0.211587
I0105 21:20:35.475482 139687342254976 retrain.py:1084] 2020-01-05 21:20:35.475466: Step 3130: Cross entropy = 0.211587
INFO:tensorflow:2020-01-05 21:20:35.542520: Step 3130: Validation accuracy = 38.0% (N=100)
I0105 21:20:35.542579 139687342254976 retrain.py:1100] 2020-01-05 21:20:35.542520: Step 3130: Validation accuracy = 38.0% (N=100)
INFO:tensorflow:2020-01-05 21:20:36.237835: Step 3140: Train accuracy = 100.0%
I0105 21:20:36.237900 139687342254976 retrain.py:1082] 2020-01-05 21:20:36.237835: Step 3140: Train accuracy = 100.0%
INFO:tensorflow:2020-01-05 21:20:36.238042: Step 3140: Cross entropy = 0.206849
I0105 21:20:36.238059 139687342254976 retrain.py:1084] 2020-01-05 21:20:36.238042: Step 3140: Cross entropy = 0.206849
INFO:tensorflow:2020-01-05 21:20:36.309695: Step 3140: Validation accuracy = 37.0% (N=100)
I0105 21:20:36.309754 139687342254976 retrain.py:1100] 2020-01-05 21:20:36.309695: Step 3140: Validation accuracy = 37.0% (N=100)
INFO:tensorflow:2020-01-05 21:20:37.024140: Step 3150: Train accuracy = 100.0%
I0105 21:20:37.024194 139687342254976 retrain.py:1082] 2020-01-05 21:20:37.024140: Step 3150: Train accuracy = 100.0%
INFO:tensorflow:2020-01-05 21:20:37.024344: Step 3150: Cross entropy = 0.216002
I0105 21:20:37.024359 139687342254976 retrain.py:1084] 2020-01-05 21:20:37.024344: Step 3150: Cross entropy = 0.216002
INFO:tensorflow:2020-01-05 21:20:37.091558: Step 3150: Validation accuracy = 42.0% (N=100)
I0105 21:20:37.091614 139687342254976 retrain.py:1100] 2020-01-05 21:20:37.091558: Step 3150: Validation accuracy = 42.0% (N=100)
INFO:tensorflow:2020-01-05 21:20:37.803378: Step 3160: Train accuracy = 99.0%
I0105 21:20:37.803436 139687342254976 retrain.py:1082] 2020-01-05 21:20:37.803378: Step 3160: Train accuracy = 99.0%
INFO:tensorflow:2020-01-05 21:20:37.803573: Step 3160: Cross entropy = 0.174264
I0105 21:20:37.803592 139687342254976 retrain.py:1084] 2020-01-05 21:20:37.803573: Step 3160: Cross entropy = 0.174264
INFO:tensorflow:2020-01-05 21:20:37.870488: Step 3160: Validation accuracy = 37.0% (N=100)
I0105 21:20:37.870569 139687342254976 retrain.py:1100] 2020-01-05 21:20:37.870488: Step 3160: Validation accuracy = 37.0% (N=100)
INFO:tensorflow:2020-01-05 21:20:38.573099: Step 3170: Train accuracy = 100.0%
I0105 21:20:38.573155 139687342254976 retrain.py:1082] 2020-01-05 21:20:38.573099: Step 3170: Train accuracy = 100.0%
INFO:tensorflow:2020-01-05 21:20:38.573304: Step 3170: Cross entropy = 0.198131
I0105 21:20:38.573319 139687342254976 retrain.py:1084] 2020-01-05 21:20:38.573304: Step 3170: Cross entropy = 0.198131
INFO:tensorflow:2020-01-05 21:20:38.640298: Step 3170: Validation accuracy = 45.0% (N=100)
I0105 21:20:38.640355 139687342254976 retrain.py:1100] 2020-01-05 21:20:38.640298: Step 3170: Validation accuracy = 45.0% (N=100)
INFO:tensorflow:2020-01-05 21:20:39.351806: Step 3180: Train accuracy = 98.0%
I0105 21:20:39.351863 139687342254976 retrain.py:1082] 2020-01-05 21:20:39.351806: Step 3180: Train accuracy = 98.0%
INFO:tensorflow:2020-01-05 21:20:39.351995: Step 3180: Cross entropy = 0.199442
I0105 21:20:39.352012 139687342254976 retrain.py:1084] 2020-01-05 21:20:39.351995: Step 3180: Cross entropy = 0.199442
INFO:tensorflow:2020-01-05 21:20:39.421881: Step 3180: Validation accuracy = 50.0% (N=100)
I0105 21:20:39.421936 139687342254976 retrain.py:1100] 2020-01-05 21:20:39.421881: Step 3180: Validation accuracy = 50.0% (N=100)
INFO:tensorflow:2020-01-05 21:20:40.128077: Step 3190: Train accuracy = 98.0%
I0105 21:20:40.128135 139687342254976 retrain.py:1082] 2020-01-05 21:20:40.128077: Step 3190: Train accuracy = 98.0%
INFO:tensorflow:2020-01-05 21:20:40.128288: Step 3190: Cross entropy = 0.213206
I0105 21:20:40.128303 139687342254976 retrain.py:1084] 2020-01-05 21:20:40.128288: Step 3190: Cross entropy = 0.213206
INFO:tensorflow:2020-01-05 21:20:40.199082: Step 3190: Validation accuracy = 47.0% (N=100)
I0105 21:20:40.199139 139687342254976 retrain.py:1100] 2020-01-05 21:20:40.199082: Step 3190: Validation accuracy = 47.0% (N=100)
INFO:tensorflow:2020-01-05 21:20:40.912230: Step 3200: Train accuracy = 97.0%
I0105 21:20:40.912288 139687342254976 retrain.py:1082] 2020-01-05 21:20:40.912230: Step 3200: Train accuracy = 97.0%
INFO:tensorflow:2020-01-05 21:20:40.912440: Step 3200: Cross entropy = 0.219437
I0105 21:20:40.912455 139687342254976 retrain.py:1084] 2020-01-05 21:20:40.912440: Step 3200: Cross entropy = 0.219437
INFO:tensorflow:2020-01-05 21:20:40.982973: Step 3200: Validation accuracy = 48.0% (N=100)
I0105 21:20:40.983029 139687342254976 retrain.py:1100] 2020-01-05 21:20:40.982973: Step 3200: Validation accuracy = 48.0% (N=100)
INFO:tensorflow:2020-01-05 21:20:41.684175: Step 3210: Train accuracy = 99.0%
I0105 21:20:41.684232 139687342254976 retrain.py:1082] 2020-01-05 21:20:41.684175: Step 3210: Train accuracy = 99.0%
INFO:tensorflow:2020-01-05 21:20:41.684383: Step 3210: Cross entropy = 0.183573
I0105 21:20:41.684402 139687342254976 retrain.py:1084] 2020-01-05 21:20:41.684383: Step 3210: Cross entropy = 0.183573
INFO:tensorflow:2020-01-05 21:20:41.752288: Step 3210: Validation accuracy = 34.0% (N=100)
I0105 21:20:41.752347 139687342254976 retrain.py:1100] 2020-01-05 21:20:41.752288: Step 3210: Validation accuracy = 34.0% (N=100)
INFO:tensorflow:2020-01-05 21:20:42.464800: Step 3220: Train accuracy = 99.0%
I0105 21:20:42.464858 139687342254976 retrain.py:1082] 2020-01-05 21:20:42.464800: Step 3220: Train accuracy = 99.0%
INFO:tensorflow:2020-01-05 21:20:42.465001: Step 3220: Cross entropy = 0.202529
I0105 21:20:42.465021 139687342254976 retrain.py:1084] 2020-01-05 21:20:42.465001: Step 3220: Cross entropy = 0.202529
INFO:tensorflow:2020-01-05 21:20:42.535455: Step 3220: Validation accuracy = 36.0% (N=100)
I0105 21:20:42.535514 139687342254976 retrain.py:1100] 2020-01-05 21:20:42.535455: Step 3220: Validation accuracy = 36.0% (N=100)
INFO:tensorflow:2020-01-05 21:20:43.234448: Step 3230: Train accuracy = 100.0%
I0105 21:20:43.234505 139687342254976 retrain.py:1082] 2020-01-05 21:20:43.234448: Step 3230: Train accuracy = 100.0%
INFO:tensorflow:2020-01-05 21:20:43.234640: Step 3230: Cross entropy = 0.156670
I0105 21:20:43.234660 139687342254976 retrain.py:1084] 2020-01-05 21:20:43.234640: Step 3230: Cross entropy = 0.156670
INFO:tensorflow:2020-01-05 21:20:43.304303: Step 3230: Validation accuracy = 42.0% (N=100)
I0105 21:20:43.304358 139687342254976 retrain.py:1100] 2020-01-05 21:20:43.304303: Step 3230: Validation accuracy = 42.0% (N=100)
INFO:tensorflow:2020-01-05 21:20:44.019973: Step 3240: Train accuracy = 100.0%
I0105 21:20:44.020030 139687342254976 retrain.py:1082] 2020-01-05 21:20:44.019973: Step 3240: Train accuracy = 100.0%
INFO:tensorflow:2020-01-05 21:20:44.020163: Step 3240: Cross entropy = 0.196767
I0105 21:20:44.020179 139687342254976 retrain.py:1084] 2020-01-05 21:20:44.020163: Step 3240: Cross entropy = 0.196767
INFO:tensorflow:2020-01-05 21:20:44.086775: Step 3240: Validation accuracy = 44.0% (N=100)
I0105 21:20:44.086832 139687342254976 retrain.py:1100] 2020-01-05 21:20:44.086775: Step 3240: Validation accuracy = 44.0% (N=100)
INFO:tensorflow:2020-01-05 21:20:44.813003: Step 3250: Train accuracy = 100.0%
I0105 21:20:44.813060 139687342254976 retrain.py:1082] 2020-01-05 21:20:44.813003: Step 3250: Train accuracy = 100.0%
INFO:tensorflow:2020-01-05 21:20:44.813215: Step 3250: Cross entropy = 0.180144
I0105 21:20:44.813231 139687342254976 retrain.py:1084] 2020-01-05 21:20:44.813215: Step 3250: Cross entropy = 0.180144
INFO:tensorflow:2020-01-05 21:20:44.880593: Step 3250: Validation accuracy = 38.0% (N=100)
I0105 21:20:44.880650 139687342254976 retrain.py:1100] 2020-01-05 21:20:44.880593: Step 3250: Validation accuracy = 38.0% (N=100)
INFO:tensorflow:2020-01-05 21:20:45.596635: Step 3260: Train accuracy = 99.0%
I0105 21:20:45.596692 139687342254976 retrain.py:1082] 2020-01-05 21:20:45.596635: Step 3260: Train accuracy = 99.0%
INFO:tensorflow:2020-01-05 21:20:45.596832: Step 3260: Cross entropy = 0.209439
I0105 21:20:45.596851 139687342254976 retrain.py:1084] 2020-01-05 21:20:45.596832: Step 3260: Cross entropy = 0.209439
INFO:tensorflow:2020-01-05 21:20:45.666432: Step 3260: Validation accuracy = 42.0% (N=100)
I0105 21:20:45.666489 139687342254976 retrain.py:1100] 2020-01-05 21:20:45.666432: Step 3260: Validation accuracy = 42.0% (N=100)
INFO:tensorflow:2020-01-05 21:20:46.380127: Step 3270: Train accuracy = 100.0%
I0105 21:20:46.380185 139687342254976 retrain.py:1082] 2020-01-05 21:20:46.380127: Step 3270: Train accuracy = 100.0%
INFO:tensorflow:2020-01-05 21:20:46.380334: Step 3270: Cross entropy = 0.196827
I0105 21:20:46.380353 139687342254976 retrain.py:1084] 2020-01-05 21:20:46.380334: Step 3270: Cross entropy = 0.196827
INFO:tensorflow:2020-01-05 21:20:46.447710: Step 3270: Validation accuracy = 30.0% (N=100)
I0105 21:20:46.447766 139687342254976 retrain.py:1100] 2020-01-05 21:20:46.447710: Step 3270: Validation accuracy = 30.0% (N=100)
INFO:tensorflow:2020-01-05 21:20:47.145357: Step 3280: Train accuracy = 98.0%
I0105 21:20:47.145414 139687342254976 retrain.py:1082] 2020-01-05 21:20:47.145357: Step 3280: Train accuracy = 98.0%
INFO:tensorflow:2020-01-05 21:20:47.145561: Step 3280: Cross entropy = 0.223271
I0105 21:20:47.145580 139687342254976 retrain.py:1084] 2020-01-05 21:20:47.145561: Step 3280: Cross entropy = 0.223271
INFO:tensorflow:2020-01-05 21:20:47.213831: Step 3280: Validation accuracy = 45.0% (N=100)
I0105 21:20:47.213898 139687342254976 retrain.py:1100] 2020-01-05 21:20:47.213831: Step 3280: Validation accuracy = 45.0% (N=100)
INFO:tensorflow:2020-01-05 21:20:47.929683: Step 3290: Train accuracy = 100.0%
I0105 21:20:47.929741 139687342254976 retrain.py:1082] 2020-01-05 21:20:47.929683: Step 3290: Train accuracy = 100.0%
INFO:tensorflow:2020-01-05 21:20:47.929902: Step 3290: Cross entropy = 0.208117
I0105 21:20:47.929922 139687342254976 retrain.py:1084] 2020-01-05 21:20:47.929902: Step 3290: Cross entropy = 0.208117
INFO:tensorflow:2020-01-05 21:20:47.998955: Step 3290: Validation accuracy = 41.0% (N=100)
I0105 21:20:47.999010 139687342254976 retrain.py:1100] 2020-01-05 21:20:47.998955: Step 3290: Validation accuracy = 41.0% (N=100)
INFO:tensorflow:2020-01-05 21:20:48.708989: Step 3300: Train accuracy = 99.0%
I0105 21:20:48.709045 139687342254976 retrain.py:1082] 2020-01-05 21:20:48.708989: Step 3300: Train accuracy = 99.0%
INFO:tensorflow:2020-01-05 21:20:48.709197: Step 3300: Cross entropy = 0.197848
I0105 21:20:48.709213 139687342254976 retrain.py:1084] 2020-01-05 21:20:48.709197: Step 3300: Cross entropy = 0.197848
INFO:tensorflow:2020-01-05 21:20:48.780428: Step 3300: Validation accuracy = 36.0% (N=100)
I0105 21:20:48.780485 139687342254976 retrain.py:1100] 2020-01-05 21:20:48.780428: Step 3300: Validation accuracy = 36.0% (N=100)
INFO:tensorflow:2020-01-05 21:20:49.490242: Step 3310: Train accuracy = 100.0%
I0105 21:20:49.490311 139687342254976 retrain.py:1082] 2020-01-05 21:20:49.490242: Step 3310: Train accuracy = 100.0%
INFO:tensorflow:2020-01-05 21:20:49.490467: Step 3310: Cross entropy = 0.179826
I0105 21:20:49.490484 139687342254976 retrain.py:1084] 2020-01-05 21:20:49.490467: Step 3310: Cross entropy = 0.179826
INFO:tensorflow:2020-01-05 21:20:49.558811: Step 3310: Validation accuracy = 35.0% (N=100)
I0105 21:20:49.558869 139687342254976 retrain.py:1100] 2020-01-05 21:20:49.558811: Step 3310: Validation accuracy = 35.0% (N=100)
INFO:tensorflow:2020-01-05 21:20:50.272352: Step 3320: Train accuracy = 99.0%
I0105 21:20:50.272408 139687342254976 retrain.py:1082] 2020-01-05 21:20:50.272352: Step 3320: Train accuracy = 99.0%
INFO:tensorflow:2020-01-05 21:20:50.272558: Step 3320: Cross entropy = 0.210447
I0105 21:20:50.272577 139687342254976 retrain.py:1084] 2020-01-05 21:20:50.272558: Step 3320: Cross entropy = 0.210447
INFO:tensorflow:2020-01-05 21:20:50.343646: Step 3320: Validation accuracy = 34.0% (N=100)
I0105 21:20:50.343705 139687342254976 retrain.py:1100] 2020-01-05 21:20:50.343646: Step 3320: Validation accuracy = 34.0% (N=100)
INFO:tensorflow:2020-01-05 21:20:51.059612: Step 3330: Train accuracy = 100.0%
I0105 21:20:51.059668 139687342254976 retrain.py:1082] 2020-01-05 21:20:51.059612: Step 3330: Train accuracy = 100.0%
INFO:tensorflow:2020-01-05 21:20:51.059800: Step 3330: Cross entropy = 0.158874
I0105 21:20:51.059817 139687342254976 retrain.py:1084] 2020-01-05 21:20:51.059800: Step 3330: Cross entropy = 0.158874
INFO:tensorflow:2020-01-05 21:20:51.127086: Step 3330: Validation accuracy = 35.0% (N=100)
I0105 21:20:51.127141 139687342254976 retrain.py:1100] 2020-01-05 21:20:51.127086: Step 3330: Validation accuracy = 35.0% (N=100)
INFO:tensorflow:2020-01-05 21:20:51.836103: Step 3340: Train accuracy = 99.0%
I0105 21:20:51.836161 139687342254976 retrain.py:1082] 2020-01-05 21:20:51.836103: Step 3340: Train accuracy = 99.0%
INFO:tensorflow:2020-01-05 21:20:51.836306: Step 3340: Cross entropy = 0.185961
I0105 21:20:51.836324 139687342254976 retrain.py:1084] 2020-01-05 21:20:51.836306: Step 3340: Cross entropy = 0.185961
INFO:tensorflow:2020-01-05 21:20:51.903160: Step 3340: Validation accuracy = 48.0% (N=100)
I0105 21:20:51.903241 139687342254976 retrain.py:1100] 2020-01-05 21:20:51.903160: Step 3340: Validation accuracy = 48.0% (N=100)
INFO:tensorflow:2020-01-05 21:20:52.607958: Step 3350: Train accuracy = 100.0%
I0105 21:20:52.608016 139687342254976 retrain.py:1082] 2020-01-05 21:20:52.607958: Step 3350: Train accuracy = 100.0%
INFO:tensorflow:2020-01-05 21:20:52.608178: Step 3350: Cross entropy = 0.175445
I0105 21:20:52.608201 139687342254976 retrain.py:1084] 2020-01-05 21:20:52.608178: Step 3350: Cross entropy = 0.175445
INFO:tensorflow:2020-01-05 21:20:52.674856: Step 3350: Validation accuracy = 40.0% (N=100)
I0105 21:20:52.674912 139687342254976 retrain.py:1100] 2020-01-05 21:20:52.674856: Step 3350: Validation accuracy = 40.0% (N=100)
INFO:tensorflow:2020-01-05 21:20:53.378926: Step 3360: Train accuracy = 100.0%
I0105 21:20:53.378982 139687342254976 retrain.py:1082] 2020-01-05 21:20:53.378926: Step 3360: Train accuracy = 100.0%
INFO:tensorflow:2020-01-05 21:20:53.379116: Step 3360: Cross entropy = 0.199727
I0105 21:20:53.379133 139687342254976 retrain.py:1084] 2020-01-05 21:20:53.379116: Step 3360: Cross entropy = 0.199727
INFO:tensorflow:2020-01-05 21:20:53.446509: Step 3360: Validation accuracy = 33.0% (N=100)
I0105 21:20:53.446564 139687342254976 retrain.py:1100] 2020-01-05 21:20:53.446509: Step 3360: Validation accuracy = 33.0% (N=100)
INFO:tensorflow:2020-01-05 21:20:54.150823: Step 3370: Train accuracy = 100.0%
I0105 21:20:54.150880 139687342254976 retrain.py:1082] 2020-01-05 21:20:54.150823: Step 3370: Train accuracy = 100.0%
INFO:tensorflow:2020-01-05 21:20:54.151010: Step 3370: Cross entropy = 0.197207
I0105 21:20:54.151028 139687342254976 retrain.py:1084] 2020-01-05 21:20:54.151010: Step 3370: Cross entropy = 0.197207
INFO:tensorflow:2020-01-05 21:20:54.218526: Step 3370: Validation accuracy = 39.0% (N=100)
I0105 21:20:54.218582 139687342254976 retrain.py:1100] 2020-01-05 21:20:54.218526: Step 3370: Validation accuracy = 39.0% (N=100)
INFO:tensorflow:2020-01-05 21:20:54.931815: Step 3380: Train accuracy = 99.0%
I0105 21:20:54.931870 139687342254976 retrain.py:1082] 2020-01-05 21:20:54.931815: Step 3380: Train accuracy = 99.0%
INFO:tensorflow:2020-01-05 21:20:54.932026: Step 3380: Cross entropy = 0.197142
I0105 21:20:54.932044 139687342254976 retrain.py:1084] 2020-01-05 21:20:54.932026: Step 3380: Cross entropy = 0.197142
INFO:tensorflow:2020-01-05 21:20:54.999658: Step 3380: Validation accuracy = 42.0% (N=100)
I0105 21:20:54.999716 139687342254976 retrain.py:1100] 2020-01-05 21:20:54.999658: Step 3380: Validation accuracy = 42.0% (N=100)
INFO:tensorflow:2020-01-05 21:20:55.721751: Step 3390: Train accuracy = 100.0%
I0105 21:20:55.721809 139687342254976 retrain.py:1082] 2020-01-05 21:20:55.721751: Step 3390: Train accuracy = 100.0%
INFO:tensorflow:2020-01-05 21:20:55.721949: Step 3390: Cross entropy = 0.206142
I0105 21:20:55.721967 139687342254976 retrain.py:1084] 2020-01-05 21:20:55.721949: Step 3390: Cross entropy = 0.206142
INFO:tensorflow:2020-01-05 21:20:55.789890: Step 3390: Validation accuracy = 38.0% (N=100)
I0105 21:20:55.789946 139687342254976 retrain.py:1100] 2020-01-05 21:20:55.789890: Step 3390: Validation accuracy = 38.0% (N=100)
INFO:tensorflow:2020-01-05 21:20:56.505024: Step 3400: Train accuracy = 99.0%
I0105 21:20:56.505080 139687342254976 retrain.py:1082] 2020-01-05 21:20:56.505024: Step 3400: Train accuracy = 99.0%
INFO:tensorflow:2020-01-05 21:20:56.505245: Step 3400: Cross entropy = 0.190613
I0105 21:20:56.505264 139687342254976 retrain.py:1084] 2020-01-05 21:20:56.505245: Step 3400: Cross entropy = 0.190613
INFO:tensorflow:2020-01-05 21:20:56.576161: Step 3400: Validation accuracy = 36.0% (N=100)
I0105 21:20:56.576217 139687342254976 retrain.py:1100] 2020-01-05 21:20:56.576161: Step 3400: Validation accuracy = 36.0% (N=100)
INFO:tensorflow:2020-01-05 21:20:57.292037: Step 3410: Train accuracy = 100.0%
I0105 21:20:57.292094 139687342254976 retrain.py:1082] 2020-01-05 21:20:57.292037: Step 3410: Train accuracy = 100.0%
INFO:tensorflow:2020-01-05 21:20:57.292241: Step 3410: Cross entropy = 0.178964
I0105 21:20:57.292259 139687342254976 retrain.py:1084] 2020-01-05 21:20:57.292241: Step 3410: Cross entropy = 0.178964
INFO:tensorflow:2020-01-05 21:20:57.374112: Step 3410: Validation accuracy = 45.0% (N=100)
I0105 21:20:57.374169 139687342254976 retrain.py:1100] 2020-01-05 21:20:57.374112: Step 3410: Validation accuracy = 45.0% (N=100)
INFO:tensorflow:2020-01-05 21:20:58.088956: Step 3420: Train accuracy = 99.0%
I0105 21:20:58.089013 139687342254976 retrain.py:1082] 2020-01-05 21:20:58.088956: Step 3420: Train accuracy = 99.0%
INFO:tensorflow:2020-01-05 21:20:58.089146: Step 3420: Cross entropy = 0.210925
I0105 21:20:58.089161 139687342254976 retrain.py:1084] 2020-01-05 21:20:58.089146: Step 3420: Cross entropy = 0.210925
INFO:tensorflow:2020-01-05 21:20:58.155852: Step 3420: Validation accuracy = 35.0% (N=100)
I0105 21:20:58.155907 139687342254976 retrain.py:1100] 2020-01-05 21:20:58.155852: Step 3420: Validation accuracy = 35.0% (N=100)
INFO:tensorflow:2020-01-05 21:20:58.856339: Step 3430: Train accuracy = 100.0%
I0105 21:20:58.856396 139687342254976 retrain.py:1082] 2020-01-05 21:20:58.856339: Step 3430: Train accuracy = 100.0%
INFO:tensorflow:2020-01-05 21:20:58.856530: Step 3430: Cross entropy = 0.189079
I0105 21:20:58.856547 139687342254976 retrain.py:1084] 2020-01-05 21:20:58.856530: Step 3430: Cross entropy = 0.189079
INFO:tensorflow:2020-01-05 21:20:58.923607: Step 3430: Validation accuracy = 39.0% (N=100)
I0105 21:20:58.923663 139687342254976 retrain.py:1100] 2020-01-05 21:20:58.923607: Step 3430: Validation accuracy = 39.0% (N=100)
INFO:tensorflow:2020-01-05 21:20:59.637982: Step 3440: Train accuracy = 100.0%
I0105 21:20:59.638038 139687342254976 retrain.py:1082] 2020-01-05 21:20:59.637982: Step 3440: Train accuracy = 100.0%
INFO:tensorflow:2020-01-05 21:20:59.638187: Step 3440: Cross entropy = 0.159395
I0105 21:20:59.638207 139687342254976 retrain.py:1084] 2020-01-05 21:20:59.638187: Step 3440: Cross entropy = 0.159395
INFO:tensorflow:2020-01-05 21:20:59.709913: Step 3440: Validation accuracy = 39.0% (N=100)
I0105 21:20:59.709969 139687342254976 retrain.py:1100] 2020-01-05 21:20:59.709913: Step 3440: Validation accuracy = 39.0% (N=100)
INFO:tensorflow:2020-01-05 21:21:00.418720: Step 3450: Train accuracy = 100.0%
I0105 21:21:00.418776 139687342254976 retrain.py:1082] 2020-01-05 21:21:00.418720: Step 3450: Train accuracy = 100.0%
INFO:tensorflow:2020-01-05 21:21:00.418922: Step 3450: Cross entropy = 0.203559
I0105 21:21:00.418942 139687342254976 retrain.py:1084] 2020-01-05 21:21:00.418922: Step 3450: Cross entropy = 0.203559
INFO:tensorflow:2020-01-05 21:21:00.485777: Step 3450: Validation accuracy = 42.0% (N=100)
I0105 21:21:00.485832 139687342254976 retrain.py:1100] 2020-01-05 21:21:00.485777: Step 3450: Validation accuracy = 42.0% (N=100)
INFO:tensorflow:2020-01-05 21:21:01.181814: Step 3460: Train accuracy = 100.0%
I0105 21:21:01.181882 139687342254976 retrain.py:1082] 2020-01-05 21:21:01.181814: Step 3460: Train accuracy = 100.0%
INFO:tensorflow:2020-01-05 21:21:01.182029: Step 3460: Cross entropy = 0.174197
I0105 21:21:01.182049 139687342254976 retrain.py:1084] 2020-01-05 21:21:01.182029: Step 3460: Cross entropy = 0.174197
INFO:tensorflow:2020-01-05 21:21:01.251413: Step 3460: Validation accuracy = 36.0% (N=100)
I0105 21:21:01.251469 139687342254976 retrain.py:1100] 2020-01-05 21:21:01.251413: Step 3460: Validation accuracy = 36.0% (N=100)
INFO:tensorflow:2020-01-05 21:21:01.965295: Step 3470: Train accuracy = 100.0%
I0105 21:21:01.965352 139687342254976 retrain.py:1082] 2020-01-05 21:21:01.965295: Step 3470: Train accuracy = 100.0%
INFO:tensorflow:2020-01-05 21:21:01.965489: Step 3470: Cross entropy = 0.192203
I0105 21:21:01.965507 139687342254976 retrain.py:1084] 2020-01-05 21:21:01.965489: Step 3470: Cross entropy = 0.192203
INFO:tensorflow:2020-01-05 21:21:02.032813: Step 3470: Validation accuracy = 35.0% (N=100)
I0105 21:21:02.032871 139687342254976 retrain.py:1100] 2020-01-05 21:21:02.032813: Step 3470: Validation accuracy = 35.0% (N=100)
INFO:tensorflow:2020-01-05 21:21:02.749692: Step 3480: Train accuracy = 100.0%
I0105 21:21:02.749750 139687342254976 retrain.py:1082] 2020-01-05 21:21:02.749692: Step 3480: Train accuracy = 100.0%
INFO:tensorflow:2020-01-05 21:21:02.749913: Step 3480: Cross entropy = 0.155846
I0105 21:21:02.749928 139687342254976 retrain.py:1084] 2020-01-05 21:21:02.749913: Step 3480: Cross entropy = 0.155846
INFO:tensorflow:2020-01-05 21:21:02.821732: Step 3480: Validation accuracy = 37.0% (N=100)
I0105 21:21:02.821789 139687342254976 retrain.py:1100] 2020-01-05 21:21:02.821732: Step 3480: Validation accuracy = 37.0% (N=100)
INFO:tensorflow:2020-01-05 21:21:03.527574: Step 3490: Train accuracy = 98.0%
I0105 21:21:03.527631 139687342254976 retrain.py:1082] 2020-01-05 21:21:03.527574: Step 3490: Train accuracy = 98.0%
INFO:tensorflow:2020-01-05 21:21:03.527778: Step 3490: Cross entropy = 0.206731
I0105 21:21:03.527795 139687342254976 retrain.py:1084] 2020-01-05 21:21:03.527778: Step 3490: Cross entropy = 0.206731
INFO:tensorflow:2020-01-05 21:21:03.599843: Step 3490: Validation accuracy = 33.0% (N=100)
I0105 21:21:03.599900 139687342254976 retrain.py:1100] 2020-01-05 21:21:03.599843: Step 3490: Validation accuracy = 33.0% (N=100)
INFO:tensorflow:2020-01-05 21:21:04.314863: Step 3500: Train accuracy = 100.0%
I0105 21:21:04.314950 139687342254976 retrain.py:1082] 2020-01-05 21:21:04.314863: Step 3500: Train accuracy = 100.0%
INFO:tensorflow:2020-01-05 21:21:04.315161: Step 3500: Cross entropy = 0.195691
I0105 21:21:04.315185 139687342254976 retrain.py:1084] 2020-01-05 21:21:04.315161: Step 3500: Cross entropy = 0.195691
INFO:tensorflow:2020-01-05 21:21:04.385725: Step 3500: Validation accuracy = 32.0% (N=100)
I0105 21:21:04.385782 139687342254976 retrain.py:1100] 2020-01-05 21:21:04.385725: Step 3500: Validation accuracy = 32.0% (N=100)
INFO:tensorflow:2020-01-05 21:21:05.084020: Step 3510: Train accuracy = 100.0%
I0105 21:21:05.084075 139687342254976 retrain.py:1082] 2020-01-05 21:21:05.084020: Step 3510: Train accuracy = 100.0%
INFO:tensorflow:2020-01-05 21:21:05.084210: Step 3510: Cross entropy = 0.186215
I0105 21:21:05.084228 139687342254976 retrain.py:1084] 2020-01-05 21:21:05.084210: Step 3510: Cross entropy = 0.186215
INFO:tensorflow:2020-01-05 21:21:05.151215: Step 3510: Validation accuracy = 36.0% (N=100)
I0105 21:21:05.151271 139687342254976 retrain.py:1100] 2020-01-05 21:21:05.151215: Step 3510: Validation accuracy = 36.0% (N=100)
INFO:tensorflow:2020-01-05 21:21:05.862807: Step 3520: Train accuracy = 100.0%
I0105 21:21:05.862864 139687342254976 retrain.py:1082] 2020-01-05 21:21:05.862807: Step 3520: Train accuracy = 100.0%
INFO:tensorflow:2020-01-05 21:21:05.863001: Step 3520: Cross entropy = 0.163466
I0105 21:21:05.863019 139687342254976 retrain.py:1084] 2020-01-05 21:21:05.863001: Step 3520: Cross entropy = 0.163466
INFO:tensorflow:2020-01-05 21:21:05.929982: Step 3520: Validation accuracy = 40.0% (N=100)
I0105 21:21:05.930040 139687342254976 retrain.py:1100] 2020-01-05 21:21:05.929982: Step 3520: Validation accuracy = 40.0% (N=100)
INFO:tensorflow:2020-01-05 21:21:06.647870: Step 3530: Train accuracy = 100.0%
I0105 21:21:06.647927 139687342254976 retrain.py:1082] 2020-01-05 21:21:06.647870: Step 3530: Train accuracy = 100.0%
INFO:tensorflow:2020-01-05 21:21:06.648081: Step 3530: Cross entropy = 0.160573
I0105 21:21:06.648103 139687342254976 retrain.py:1084] 2020-01-05 21:21:06.648081: Step 3530: Cross entropy = 0.160573
INFO:tensorflow:2020-01-05 21:21:06.715291: Step 3530: Validation accuracy = 53.0% (N=100)
I0105 21:21:06.715348 139687342254976 retrain.py:1100] 2020-01-05 21:21:06.715291: Step 3530: Validation accuracy = 53.0% (N=100)
INFO:tensorflow:2020-01-05 21:21:07.441932: Step 3540: Train accuracy = 99.0%
I0105 21:21:07.441991 139687342254976 retrain.py:1082] 2020-01-05 21:21:07.441932: Step 3540: Train accuracy = 99.0%
INFO:tensorflow:2020-01-05 21:21:07.442144: Step 3540: Cross entropy = 0.207121
I0105 21:21:07.442160 139687342254976 retrain.py:1084] 2020-01-05 21:21:07.442144: Step 3540: Cross entropy = 0.207121
INFO:tensorflow:2020-01-05 21:21:07.511919: Step 3540: Validation accuracy = 31.0% (N=100)
I0105 21:21:07.511986 139687342254976 retrain.py:1100] 2020-01-05 21:21:07.511919: Step 3540: Validation accuracy = 31.0% (N=100)
INFO:tensorflow:2020-01-05 21:21:08.218786: Step 3550: Train accuracy = 98.0%
I0105 21:21:08.218844 139687342254976 retrain.py:1082] 2020-01-05 21:21:08.218786: Step 3550: Train accuracy = 98.0%
INFO:tensorflow:2020-01-05 21:21:08.219012: Step 3550: Cross entropy = 0.175107
I0105 21:21:08.219033 139687342254976 retrain.py:1084] 2020-01-05 21:21:08.219012: Step 3550: Cross entropy = 0.175107
INFO:tensorflow:2020-01-05 21:21:08.288334: Step 3550: Validation accuracy = 44.0% (N=100)
I0105 21:21:08.288390 139687342254976 retrain.py:1100] 2020-01-05 21:21:08.288334: Step 3550: Validation accuracy = 44.0% (N=100)
INFO:tensorflow:2020-01-05 21:21:09.010030: Step 3560: Train accuracy = 99.0%
I0105 21:21:09.010088 139687342254976 retrain.py:1082] 2020-01-05 21:21:09.010030: Step 3560: Train accuracy = 99.0%
INFO:tensorflow:2020-01-05 21:21:09.010224: Step 3560: Cross entropy = 0.187786
I0105 21:21:09.010242 139687342254976 retrain.py:1084] 2020-01-05 21:21:09.010224: Step 3560: Cross entropy = 0.187786
INFO:tensorflow:2020-01-05 21:21:09.081249: Step 3560: Validation accuracy = 44.0% (N=100)
I0105 21:21:09.081306 139687342254976 retrain.py:1100] 2020-01-05 21:21:09.081249: Step 3560: Validation accuracy = 44.0% (N=100)
INFO:tensorflow:2020-01-05 21:21:09.801805: Step 3570: Train accuracy = 100.0%
I0105 21:21:09.801874 139687342254976 retrain.py:1082] 2020-01-05 21:21:09.801805: Step 3570: Train accuracy = 100.0%
INFO:tensorflow:2020-01-05 21:21:09.802004: Step 3570: Cross entropy = 0.184230
I0105 21:21:09.802023 139687342254976 retrain.py:1084] 2020-01-05 21:21:09.802004: Step 3570: Cross entropy = 0.184230
INFO:tensorflow:2020-01-05 21:21:09.869782: Step 3570: Validation accuracy = 32.0% (N=100)
I0105 21:21:09.869839 139687342254976 retrain.py:1100] 2020-01-05 21:21:09.869782: Step 3570: Validation accuracy = 32.0% (N=100)
INFO:tensorflow:2020-01-05 21:21:10.584364: Step 3580: Train accuracy = 100.0%
I0105 21:21:10.584422 139687342254976 retrain.py:1082] 2020-01-05 21:21:10.584364: Step 3580: Train accuracy = 100.0%
INFO:tensorflow:2020-01-05 21:21:10.584569: Step 3580: Cross entropy = 0.218121
I0105 21:21:10.584584 139687342254976 retrain.py:1084] 2020-01-05 21:21:10.584569: Step 3580: Cross entropy = 0.218121
INFO:tensorflow:2020-01-05 21:21:10.651808: Step 3580: Validation accuracy = 36.0% (N=100)
I0105 21:21:10.651865 139687342254976 retrain.py:1100] 2020-01-05 21:21:10.651808: Step 3580: Validation accuracy = 36.0% (N=100)
INFO:tensorflow:2020-01-05 21:21:11.367451: Step 3590: Train accuracy = 100.0%
I0105 21:21:11.367510 139687342254976 retrain.py:1082] 2020-01-05 21:21:11.367451: Step 3590: Train accuracy = 100.0%
INFO:tensorflow:2020-01-05 21:21:11.367649: Step 3590: Cross entropy = 0.158471
I0105 21:21:11.367668 139687342254976 retrain.py:1084] 2020-01-05 21:21:11.367649: Step 3590: Cross entropy = 0.158471
INFO:tensorflow:2020-01-05 21:21:11.434872: Step 3590: Validation accuracy = 37.0% (N=100)
I0105 21:21:11.434947 139687342254976 retrain.py:1100] 2020-01-05 21:21:11.434872: Step 3590: Validation accuracy = 37.0% (N=100)
INFO:tensorflow:2020-01-05 21:21:12.135902: Step 3600: Train accuracy = 100.0%
I0105 21:21:12.135959 139687342254976 retrain.py:1082] 2020-01-05 21:21:12.135902: Step 3600: Train accuracy = 100.0%
INFO:tensorflow:2020-01-05 21:21:12.136102: Step 3600: Cross entropy = 0.214872
I0105 21:21:12.136121 139687342254976 retrain.py:1084] 2020-01-05 21:21:12.136102: Step 3600: Cross entropy = 0.214872
INFO:tensorflow:2020-01-05 21:21:12.203834: Step 3600: Validation accuracy = 42.0% (N=100)
I0105 21:21:12.203892 139687342254976 retrain.py:1100] 2020-01-05 21:21:12.203834: Step 3600: Validation accuracy = 42.0% (N=100)
INFO:tensorflow:2020-01-05 21:21:12.922461: Step 3610: Train accuracy = 100.0%
I0105 21:21:12.922518 139687342254976 retrain.py:1082] 2020-01-05 21:21:12.922461: Step 3610: Train accuracy = 100.0%
INFO:tensorflow:2020-01-05 21:21:12.922661: Step 3610: Cross entropy = 0.178091
I0105 21:21:12.922677 139687342254976 retrain.py:1084] 2020-01-05 21:21:12.922661: Step 3610: Cross entropy = 0.178091
INFO:tensorflow:2020-01-05 21:21:12.989788: Step 3610: Validation accuracy = 38.0% (N=100)
I0105 21:21:12.989869 139687342254976 retrain.py:1100] 2020-01-05 21:21:12.989788: Step 3610: Validation accuracy = 38.0% (N=100)
INFO:tensorflow:2020-01-05 21:21:13.707986: Step 3620: Train accuracy = 100.0%
I0105 21:21:13.708043 139687342254976 retrain.py:1082] 2020-01-05 21:21:13.707986: Step 3620: Train accuracy = 100.0%
INFO:tensorflow:2020-01-05 21:21:13.708185: Step 3620: Cross entropy = 0.199631
I0105 21:21:13.708204 139687342254976 retrain.py:1084] 2020-01-05 21:21:13.708185: Step 3620: Cross entropy = 0.199631
INFO:tensorflow:2020-01-05 21:21:13.776732: Step 3620: Validation accuracy = 35.0% (N=100)
I0105 21:21:13.776789 139687342254976 retrain.py:1100] 2020-01-05 21:21:13.776732: Step 3620: Validation accuracy = 35.0% (N=100)
INFO:tensorflow:2020-01-05 21:21:14.512033: Step 3630: Train accuracy = 100.0%
I0105 21:21:14.512090 139687342254976 retrain.py:1082] 2020-01-05 21:21:14.512033: Step 3630: Train accuracy = 100.0%
INFO:tensorflow:2020-01-05 21:21:14.512224: Step 3630: Cross entropy = 0.174095
I0105 21:21:14.512241 139687342254976 retrain.py:1084] 2020-01-05 21:21:14.512224: Step 3630: Cross entropy = 0.174095
INFO:tensorflow:2020-01-05 21:21:14.579522: Step 3630: Validation accuracy = 42.0% (N=100)
I0105 21:21:14.579590 139687342254976 retrain.py:1100] 2020-01-05 21:21:14.579522: Step 3630: Validation accuracy = 42.0% (N=100)
INFO:tensorflow:2020-01-05 21:21:15.282265: Step 3640: Train accuracy = 100.0%
I0105 21:21:15.282321 139687342254976 retrain.py:1082] 2020-01-05 21:21:15.282265: Step 3640: Train accuracy = 100.0%
INFO:tensorflow:2020-01-05 21:21:15.282473: Step 3640: Cross entropy = 0.167316
I0105 21:21:15.282493 139687342254976 retrain.py:1084] 2020-01-05 21:21:15.282473: Step 3640: Cross entropy = 0.167316
INFO:tensorflow:2020-01-05 21:21:15.354074: Step 3640: Validation accuracy = 37.0% (N=100)
I0105 21:21:15.354132 139687342254976 retrain.py:1100] 2020-01-05 21:21:15.354074: Step 3640: Validation accuracy = 37.0% (N=100)
INFO:tensorflow:2020-01-05 21:21:16.072097: Step 3650: Train accuracy = 100.0%
I0105 21:21:16.072154 139687342254976 retrain.py:1082] 2020-01-05 21:21:16.072097: Step 3650: Train accuracy = 100.0%
INFO:tensorflow:2020-01-05 21:21:16.072303: Step 3650: Cross entropy = 0.165243
I0105 21:21:16.072319 139687342254976 retrain.py:1084] 2020-01-05 21:21:16.072303: Step 3650: Cross entropy = 0.165243
INFO:tensorflow:2020-01-05 21:21:16.143123: Step 3650: Validation accuracy = 48.0% (N=100)
I0105 21:21:16.143178 139687342254976 retrain.py:1100] 2020-01-05 21:21:16.143123: Step 3650: Validation accuracy = 48.0% (N=100)
INFO:tensorflow:2020-01-05 21:21:16.856305: Step 3660: Train accuracy = 100.0%
I0105 21:21:16.856362 139687342254976 retrain.py:1082] 2020-01-05 21:21:16.856305: Step 3660: Train accuracy = 100.0%
INFO:tensorflow:2020-01-05 21:21:16.856512: Step 3660: Cross entropy = 0.199904
I0105 21:21:16.856531 139687342254976 retrain.py:1084] 2020-01-05 21:21:16.856512: Step 3660: Cross entropy = 0.199904
INFO:tensorflow:2020-01-05 21:21:16.923752: Step 3660: Validation accuracy = 39.0% (N=100)
I0105 21:21:16.923820 139687342254976 retrain.py:1100] 2020-01-05 21:21:16.923752: Step 3660: Validation accuracy = 39.0% (N=100)
INFO:tensorflow:2020-01-05 21:21:17.631575: Step 3670: Train accuracy = 100.0%
I0105 21:21:17.631633 139687342254976 retrain.py:1082] 2020-01-05 21:21:17.631575: Step 3670: Train accuracy = 100.0%
INFO:tensorflow:2020-01-05 21:21:17.631769: Step 3670: Cross entropy = 0.173953
I0105 21:21:17.631787 139687342254976 retrain.py:1084] 2020-01-05 21:21:17.631769: Step 3670: Cross entropy = 0.173953
INFO:tensorflow:2020-01-05 21:21:17.698557: Step 3670: Validation accuracy = 42.0% (N=100)
I0105 21:21:17.698612 139687342254976 retrain.py:1100] 2020-01-05 21:21:17.698557: Step 3670: Validation accuracy = 42.0% (N=100)
INFO:tensorflow:2020-01-05 21:21:18.416715: Step 3680: Train accuracy = 100.0%
I0105 21:21:18.416773 139687342254976 retrain.py:1082] 2020-01-05 21:21:18.416715: Step 3680: Train accuracy = 100.0%
INFO:tensorflow:2020-01-05 21:21:18.416905: Step 3680: Cross entropy = 0.169701
I0105 21:21:18.416922 139687342254976 retrain.py:1084] 2020-01-05 21:21:18.416905: Step 3680: Cross entropy = 0.169701
INFO:tensorflow:2020-01-05 21:21:18.484439: Step 3680: Validation accuracy = 42.0% (N=100)
I0105 21:21:18.484495 139687342254976 retrain.py:1100] 2020-01-05 21:21:18.484439: Step 3680: Validation accuracy = 42.0% (N=100)
INFO:tensorflow:2020-01-05 21:21:19.192902: Step 3690: Train accuracy = 98.0%
I0105 21:21:19.192960 139687342254976 retrain.py:1082] 2020-01-05 21:21:19.192902: Step 3690: Train accuracy = 98.0%
INFO:tensorflow:2020-01-05 21:21:19.193118: Step 3690: Cross entropy = 0.196798
I0105 21:21:19.193141 139687342254976 retrain.py:1084] 2020-01-05 21:21:19.193118: Step 3690: Cross entropy = 0.196798
INFO:tensorflow:2020-01-05 21:21:19.264607: Step 3690: Validation accuracy = 35.0% (N=100)
I0105 21:21:19.264663 139687342254976 retrain.py:1100] 2020-01-05 21:21:19.264607: Step 3690: Validation accuracy = 35.0% (N=100)
INFO:tensorflow:2020-01-05 21:21:19.985921: Step 3700: Train accuracy = 100.0%
I0105 21:21:19.985978 139687342254976 retrain.py:1082] 2020-01-05 21:21:19.985921: Step 3700: Train accuracy = 100.0%
INFO:tensorflow:2020-01-05 21:21:19.986133: Step 3700: Cross entropy = 0.200857
I0105 21:21:19.986154 139687342254976 retrain.py:1084] 2020-01-05 21:21:19.986133: Step 3700: Cross entropy = 0.200857
INFO:tensorflow:2020-01-05 21:21:20.057170: Step 3700: Validation accuracy = 42.0% (N=100)
I0105 21:21:20.057228 139687342254976 retrain.py:1100] 2020-01-05 21:21:20.057170: Step 3700: Validation accuracy = 42.0% (N=100)
INFO:tensorflow:2020-01-05 21:21:20.768114: Step 3710: Train accuracy = 99.0%
I0105 21:21:20.768172 139687342254976 retrain.py:1082] 2020-01-05 21:21:20.768114: Step 3710: Train accuracy = 99.0%
INFO:tensorflow:2020-01-05 21:21:20.768309: Step 3710: Cross entropy = 0.182526
I0105 21:21:20.768327 139687342254976 retrain.py:1084] 2020-01-05 21:21:20.768309: Step 3710: Cross entropy = 0.182526
INFO:tensorflow:2020-01-05 21:21:20.840135: Step 3710: Validation accuracy = 35.0% (N=100)
I0105 21:21:20.840190 139687342254976 retrain.py:1100] 2020-01-05 21:21:20.840135: Step 3710: Validation accuracy = 35.0% (N=100)
INFO:tensorflow:2020-01-05 21:21:21.556487: Step 3720: Train accuracy = 100.0%
I0105 21:21:21.556543 139687342254976 retrain.py:1082] 2020-01-05 21:21:21.556487: Step 3720: Train accuracy = 100.0%
INFO:tensorflow:2020-01-05 21:21:21.556710: Step 3720: Cross entropy = 0.176290
I0105 21:21:21.556725 139687342254976 retrain.py:1084] 2020-01-05 21:21:21.556710: Step 3720: Cross entropy = 0.176290
INFO:tensorflow:2020-01-05 21:21:21.627845: Step 3720: Validation accuracy = 38.0% (N=100)
I0105 21:21:21.627902 139687342254976 retrain.py:1100] 2020-01-05 21:21:21.627845: Step 3720: Validation accuracy = 38.0% (N=100)
INFO:tensorflow:2020-01-05 21:21:22.338566: Step 3730: Train accuracy = 99.0%
I0105 21:21:22.338638 139687342254976 retrain.py:1082] 2020-01-05 21:21:22.338566: Step 3730: Train accuracy = 99.0%
INFO:tensorflow:2020-01-05 21:21:22.338818: Step 3730: Cross entropy = 0.178053
I0105 21:21:22.338845 139687342254976 retrain.py:1084] 2020-01-05 21:21:22.338818: Step 3730: Cross entropy = 0.178053
INFO:tensorflow:2020-01-05 21:21:22.407646: Step 3730: Validation accuracy = 43.0% (N=100)
I0105 21:21:22.407704 139687342254976 retrain.py:1100] 2020-01-05 21:21:22.407646: Step 3730: Validation accuracy = 43.0% (N=100)
INFO:tensorflow:2020-01-05 21:21:23.106931: Step 3740: Train accuracy = 100.0%
I0105 21:21:23.106986 139687342254976 retrain.py:1082] 2020-01-05 21:21:23.106931: Step 3740: Train accuracy = 100.0%
INFO:tensorflow:2020-01-05 21:21:23.107138: Step 3740: Cross entropy = 0.217958
I0105 21:21:23.107153 139687342254976 retrain.py:1084] 2020-01-05 21:21:23.107138: Step 3740: Cross entropy = 0.217958
INFO:tensorflow:2020-01-05 21:21:23.177341: Step 3740: Validation accuracy = 37.0% (N=100)
I0105 21:21:23.177397 139687342254976 retrain.py:1100] 2020-01-05 21:21:23.177341: Step 3740: Validation accuracy = 37.0% (N=100)
INFO:tensorflow:2020-01-05 21:21:23.893420: Step 3750: Train accuracy = 100.0%
I0105 21:21:23.893475 139687342254976 retrain.py:1082] 2020-01-05 21:21:23.893420: Step 3750: Train accuracy = 100.0%
INFO:tensorflow:2020-01-05 21:21:23.893617: Step 3750: Cross entropy = 0.171881
I0105 21:21:23.893635 139687342254976 retrain.py:1084] 2020-01-05 21:21:23.893617: Step 3750: Cross entropy = 0.171881
INFO:tensorflow:2020-01-05 21:21:23.961949: Step 3750: Validation accuracy = 43.0% (N=100)
I0105 21:21:23.962006 139687342254976 retrain.py:1100] 2020-01-05 21:21:23.961949: Step 3750: Validation accuracy = 43.0% (N=100)
INFO:tensorflow:2020-01-05 21:21:24.676359: Step 3760: Train accuracy = 100.0%
I0105 21:21:24.676417 139687342254976 retrain.py:1082] 2020-01-05 21:21:24.676359: Step 3760: Train accuracy = 100.0%
INFO:tensorflow:2020-01-05 21:21:24.676568: Step 3760: Cross entropy = 0.168579
I0105 21:21:24.676589 139687342254976 retrain.py:1084] 2020-01-05 21:21:24.676568: Step 3760: Cross entropy = 0.168579
INFO:tensorflow:2020-01-05 21:21:24.746236: Step 3760: Validation accuracy = 47.0% (N=100)
I0105 21:21:24.746291 139687342254976 retrain.py:1100] 2020-01-05 21:21:24.746236: Step 3760: Validation accuracy = 47.0% (N=100)
INFO:tensorflow:2020-01-05 21:21:25.461193: Step 3770: Train accuracy = 100.0%
I0105 21:21:25.461248 139687342254976 retrain.py:1082] 2020-01-05 21:21:25.461193: Step 3770: Train accuracy = 100.0%
INFO:tensorflow:2020-01-05 21:21:25.461401: Step 3770: Cross entropy = 0.225303
I0105 21:21:25.461421 139687342254976 retrain.py:1084] 2020-01-05 21:21:25.461401: Step 3770: Cross entropy = 0.225303
INFO:tensorflow:2020-01-05 21:21:25.532831: Step 3770: Validation accuracy = 39.0% (N=100)
I0105 21:21:25.532889 139687342254976 retrain.py:1100] 2020-01-05 21:21:25.532831: Step 3770: Validation accuracy = 39.0% (N=100)
INFO:tensorflow:2020-01-05 21:21:26.247715: Step 3780: Train accuracy = 100.0%
I0105 21:21:26.247771 139687342254976 retrain.py:1082] 2020-01-05 21:21:26.247715: Step 3780: Train accuracy = 100.0%
INFO:tensorflow:2020-01-05 21:21:26.247910: Step 3780: Cross entropy = 0.192592
I0105 21:21:26.247926 139687342254976 retrain.py:1084] 2020-01-05 21:21:26.247910: Step 3780: Cross entropy = 0.192592
INFO:tensorflow:2020-01-05 21:21:26.318850: Step 3780: Validation accuracy = 41.0% (N=100)
I0105 21:21:26.318934 139687342254976 retrain.py:1100] 2020-01-05 21:21:26.318850: Step 3780: Validation accuracy = 41.0% (N=100)
INFO:tensorflow:2020-01-05 21:21:27.026455: Step 3790: Train accuracy = 100.0%
I0105 21:21:27.026511 139687342254976 retrain.py:1082] 2020-01-05 21:21:27.026455: Step 3790: Train accuracy = 100.0%
INFO:tensorflow:2020-01-05 21:21:27.026648: Step 3790: Cross entropy = 0.193101
I0105 21:21:27.026666 139687342254976 retrain.py:1084] 2020-01-05 21:21:27.026648: Step 3790: Cross entropy = 0.193101
INFO:tensorflow:2020-01-05 21:21:27.094115: Step 3790: Validation accuracy = 34.0% (N=100)
I0105 21:21:27.094171 139687342254976 retrain.py:1100] 2020-01-05 21:21:27.094115: Step 3790: Validation accuracy = 34.0% (N=100)
INFO:tensorflow:2020-01-05 21:21:27.820604: Step 3800: Train accuracy = 100.0%
I0105 21:21:27.820662 139687342254976 retrain.py:1082] 2020-01-05 21:21:27.820604: Step 3800: Train accuracy = 100.0%
INFO:tensorflow:2020-01-05 21:21:27.820791: Step 3800: Cross entropy = 0.185374
I0105 21:21:27.820808 139687342254976 retrain.py:1084] 2020-01-05 21:21:27.820791: Step 3800: Cross entropy = 0.185374
INFO:tensorflow:2020-01-05 21:21:27.887721: Step 3800: Validation accuracy = 42.0% (N=100)
I0105 21:21:27.887778 139687342254976 retrain.py:1100] 2020-01-05 21:21:27.887721: Step 3800: Validation accuracy = 42.0% (N=100)
INFO:tensorflow:2020-01-05 21:21:28.604894: Step 3810: Train accuracy = 99.0%
I0105 21:21:28.604951 139687342254976 retrain.py:1082] 2020-01-05 21:21:28.604894: Step 3810: Train accuracy = 99.0%
INFO:tensorflow:2020-01-05 21:21:28.605090: Step 3810: Cross entropy = 0.197906
I0105 21:21:28.605110 139687342254976 retrain.py:1084] 2020-01-05 21:21:28.605090: Step 3810: Cross entropy = 0.197906
INFO:tensorflow:2020-01-05 21:21:28.672113: Step 3810: Validation accuracy = 40.0% (N=100)
I0105 21:21:28.672169 139687342254976 retrain.py:1100] 2020-01-05 21:21:28.672113: Step 3810: Validation accuracy = 40.0% (N=100)
INFO:tensorflow:2020-01-05 21:21:29.394407: Step 3820: Train accuracy = 100.0%
I0105 21:21:29.394462 139687342254976 retrain.py:1082] 2020-01-05 21:21:29.394407: Step 3820: Train accuracy = 100.0%
INFO:tensorflow:2020-01-05 21:21:29.394594: Step 3820: Cross entropy = 0.175097
I0105 21:21:29.394612 139687342254976 retrain.py:1084] 2020-01-05 21:21:29.394594: Step 3820: Cross entropy = 0.175097
INFO:tensorflow:2020-01-05 21:21:29.465599: Step 3820: Validation accuracy = 34.0% (N=100)
I0105 21:21:29.465656 139687342254976 retrain.py:1100] 2020-01-05 21:21:29.465599: Step 3820: Validation accuracy = 34.0% (N=100)
INFO:tensorflow:2020-01-05 21:21:30.192045: Step 3830: Train accuracy = 99.0%
I0105 21:21:30.192102 139687342254976 retrain.py:1082] 2020-01-05 21:21:30.192045: Step 3830: Train accuracy = 99.0%
INFO:tensorflow:2020-01-05 21:21:30.192238: Step 3830: Cross entropy = 0.169111
I0105 21:21:30.192255 139687342254976 retrain.py:1084] 2020-01-05 21:21:30.192238: Step 3830: Cross entropy = 0.169111
INFO:tensorflow:2020-01-05 21:21:30.262922: Step 3830: Validation accuracy = 49.0% (N=100)
I0105 21:21:30.262979 139687342254976 retrain.py:1100] 2020-01-05 21:21:30.262922: Step 3830: Validation accuracy = 49.0% (N=100)
INFO:tensorflow:2020-01-05 21:21:30.973807: Step 3840: Train accuracy = 100.0%
I0105 21:21:30.973875 139687342254976 retrain.py:1082] 2020-01-05 21:21:30.973807: Step 3840: Train accuracy = 100.0%
INFO:tensorflow:2020-01-05 21:21:30.974026: Step 3840: Cross entropy = 0.188900
I0105 21:21:30.974042 139687342254976 retrain.py:1084] 2020-01-05 21:21:30.974026: Step 3840: Cross entropy = 0.188900
INFO:tensorflow:2020-01-05 21:21:31.041214: Step 3840: Validation accuracy = 31.0% (N=100)
I0105 21:21:31.041273 139687342254976 retrain.py:1100] 2020-01-05 21:21:31.041214: Step 3840: Validation accuracy = 31.0% (N=100)
INFO:tensorflow:2020-01-05 21:21:31.761671: Step 3850: Train accuracy = 99.0%
I0105 21:21:31.761728 139687342254976 retrain.py:1082] 2020-01-05 21:21:31.761671: Step 3850: Train accuracy = 99.0%
INFO:tensorflow:2020-01-05 21:21:31.761896: Step 3850: Cross entropy = 0.182716
I0105 21:21:31.761912 139687342254976 retrain.py:1084] 2020-01-05 21:21:31.761896: Step 3850: Cross entropy = 0.182716
INFO:tensorflow:2020-01-05 21:21:31.831973: Step 3850: Validation accuracy = 41.0% (N=100)
I0105 21:21:31.832030 139687342254976 retrain.py:1100] 2020-01-05 21:21:31.831973: Step 3850: Validation accuracy = 41.0% (N=100)
INFO:tensorflow:2020-01-05 21:21:32.545075: Step 3860: Train accuracy = 99.0%
I0105 21:21:32.545132 139687342254976 retrain.py:1082] 2020-01-05 21:21:32.545075: Step 3860: Train accuracy = 99.0%
INFO:tensorflow:2020-01-05 21:21:32.545291: Step 3860: Cross entropy = 0.182020
I0105 21:21:32.545313 139687342254976 retrain.py:1084] 2020-01-05 21:21:32.545291: Step 3860: Cross entropy = 0.182020
INFO:tensorflow:2020-01-05 21:21:32.613219: Step 3860: Validation accuracy = 38.0% (N=100)
I0105 21:21:32.613275 139687342254976 retrain.py:1100] 2020-01-05 21:21:32.613219: Step 3860: Validation accuracy = 38.0% (N=100)
INFO:tensorflow:2020-01-05 21:21:33.336423: Step 3870: Train accuracy = 100.0%
I0105 21:21:33.336485 139687342254976 retrain.py:1082] 2020-01-05 21:21:33.336423: Step 3870: Train accuracy = 100.0%
INFO:tensorflow:2020-01-05 21:21:33.336633: Step 3870: Cross entropy = 0.176734
I0105 21:21:33.336651 139687342254976 retrain.py:1084] 2020-01-05 21:21:33.336633: Step 3870: Cross entropy = 0.176734
INFO:tensorflow:2020-01-05 21:21:33.404965: Step 3870: Validation accuracy = 38.0% (N=100)
I0105 21:21:33.405020 139687342254976 retrain.py:1100] 2020-01-05 21:21:33.404965: Step 3870: Validation accuracy = 38.0% (N=100)
INFO:tensorflow:2020-01-05 21:21:34.111776: Step 3880: Train accuracy = 99.0%
I0105 21:21:34.111834 139687342254976 retrain.py:1082] 2020-01-05 21:21:34.111776: Step 3880: Train accuracy = 99.0%
INFO:tensorflow:2020-01-05 21:21:34.111967: Step 3880: Cross entropy = 0.172975
I0105 21:21:34.111984 139687342254976 retrain.py:1084] 2020-01-05 21:21:34.111967: Step 3880: Cross entropy = 0.172975
INFO:tensorflow:2020-01-05 21:21:34.179521: Step 3880: Validation accuracy = 42.0% (N=100)
I0105 21:21:34.179580 139687342254976 retrain.py:1100] 2020-01-05 21:21:34.179521: Step 3880: Validation accuracy = 42.0% (N=100)
INFO:tensorflow:2020-01-05 21:21:34.890482: Step 3890: Train accuracy = 100.0%
I0105 21:21:34.890538 139687342254976 retrain.py:1082] 2020-01-05 21:21:34.890482: Step 3890: Train accuracy = 100.0%
INFO:tensorflow:2020-01-05 21:21:34.890683: Step 3890: Cross entropy = 0.176318
I0105 21:21:34.890704 139687342254976 retrain.py:1084] 2020-01-05 21:21:34.890683: Step 3890: Cross entropy = 0.176318
INFO:tensorflow:2020-01-05 21:21:34.958067: Step 3890: Validation accuracy = 42.0% (N=100)
I0105 21:21:34.958125 139687342254976 retrain.py:1100] 2020-01-05 21:21:34.958067: Step 3890: Validation accuracy = 42.0% (N=100)
INFO:tensorflow:2020-01-05 21:21:35.684489: Step 3900: Train accuracy = 100.0%
I0105 21:21:35.684546 139687342254976 retrain.py:1082] 2020-01-05 21:21:35.684489: Step 3900: Train accuracy = 100.0%
INFO:tensorflow:2020-01-05 21:21:35.684691: Step 3900: Cross entropy = 0.185513
I0105 21:21:35.684708 139687342254976 retrain.py:1084] 2020-01-05 21:21:35.684691: Step 3900: Cross entropy = 0.185513
INFO:tensorflow:2020-01-05 21:21:35.752129: Step 3900: Validation accuracy = 46.0% (N=100)
I0105 21:21:35.752184 139687342254976 retrain.py:1100] 2020-01-05 21:21:35.752129: Step 3900: Validation accuracy = 46.0% (N=100)
INFO:tensorflow:2020-01-05 21:21:36.464817: Step 3910: Train accuracy = 100.0%
I0105 21:21:36.464872 139687342254976 retrain.py:1082] 2020-01-05 21:21:36.464817: Step 3910: Train accuracy = 100.0%
INFO:tensorflow:2020-01-05 21:21:36.465007: Step 3910: Cross entropy = 0.156211
I0105 21:21:36.465025 139687342254976 retrain.py:1084] 2020-01-05 21:21:36.465007: Step 3910: Cross entropy = 0.156211
INFO:tensorflow:2020-01-05 21:21:36.531938: Step 3910: Validation accuracy = 38.0% (N=100)
I0105 21:21:36.531993 139687342254976 retrain.py:1100] 2020-01-05 21:21:36.531938: Step 3910: Validation accuracy = 38.0% (N=100)
INFO:tensorflow:2020-01-05 21:21:37.242569: Step 3920: Train accuracy = 99.0%
I0105 21:21:37.242625 139687342254976 retrain.py:1082] 2020-01-05 21:21:37.242569: Step 3920: Train accuracy = 99.0%
INFO:tensorflow:2020-01-05 21:21:37.242791: Step 3920: Cross entropy = 0.175174
I0105 21:21:37.242807 139687342254976 retrain.py:1084] 2020-01-05 21:21:37.242791: Step 3920: Cross entropy = 0.175174
INFO:tensorflow:2020-01-05 21:21:37.312325: Step 3920: Validation accuracy = 34.0% (N=100)
I0105 21:21:37.312388 139687342254976 retrain.py:1100] 2020-01-05 21:21:37.312325: Step 3920: Validation accuracy = 34.0% (N=100)
INFO:tensorflow:2020-01-05 21:21:38.033469: Step 3930: Train accuracy = 100.0%
I0105 21:21:38.033529 139687342254976 retrain.py:1082] 2020-01-05 21:21:38.033469: Step 3930: Train accuracy = 100.0%
INFO:tensorflow:2020-01-05 21:21:38.033668: Step 3930: Cross entropy = 0.187752
I0105 21:21:38.033686 139687342254976 retrain.py:1084] 2020-01-05 21:21:38.033668: Step 3930: Cross entropy = 0.187752
INFO:tensorflow:2020-01-05 21:21:38.101135: Step 3930: Validation accuracy = 49.0% (N=100)
I0105 21:21:38.101194 139687342254976 retrain.py:1100] 2020-01-05 21:21:38.101135: Step 3930: Validation accuracy = 49.0% (N=100)
INFO:tensorflow:2020-01-05 21:21:38.811605: Step 3940: Train accuracy = 100.0%
I0105 21:21:38.811663 139687342254976 retrain.py:1082] 2020-01-05 21:21:38.811605: Step 3940: Train accuracy = 100.0%
INFO:tensorflow:2020-01-05 21:21:38.811798: Step 3940: Cross entropy = 0.173953
I0105 21:21:38.811815 139687342254976 retrain.py:1084] 2020-01-05 21:21:38.811798: Step 3940: Cross entropy = 0.173953
INFO:tensorflow:2020-01-05 21:21:38.879982: Step 3940: Validation accuracy = 50.0% (N=100)
I0105 21:21:38.880040 139687342254976 retrain.py:1100] 2020-01-05 21:21:38.879982: Step 3940: Validation accuracy = 50.0% (N=100)
INFO:tensorflow:2020-01-05 21:21:39.597040: Step 3950: Train accuracy = 100.0%
I0105 21:21:39.597096 139687342254976 retrain.py:1082] 2020-01-05 21:21:39.597040: Step 3950: Train accuracy = 100.0%
INFO:tensorflow:2020-01-05 21:21:39.597250: Step 3950: Cross entropy = 0.188236
I0105 21:21:39.597273 139687342254976 retrain.py:1084] 2020-01-05 21:21:39.597250: Step 3950: Cross entropy = 0.188236
INFO:tensorflow:2020-01-05 21:21:39.664372: Step 3950: Validation accuracy = 44.0% (N=100)
I0105 21:21:39.664449 139687342254976 retrain.py:1100] 2020-01-05 21:21:39.664372: Step 3950: Validation accuracy = 44.0% (N=100)
INFO:tensorflow:2020-01-05 21:21:40.385010: Step 3960: Train accuracy = 98.0%
I0105 21:21:40.385066 139687342254976 retrain.py:1082] 2020-01-05 21:21:40.385010: Step 3960: Train accuracy = 98.0%
INFO:tensorflow:2020-01-05 21:21:40.385207: Step 3960: Cross entropy = 0.174979
I0105 21:21:40.385226 139687342254976 retrain.py:1084] 2020-01-05 21:21:40.385207: Step 3960: Cross entropy = 0.174979
INFO:tensorflow:2020-01-05 21:21:40.452958: Step 3960: Validation accuracy = 32.0% (N=100)
I0105 21:21:40.453015 139687342254976 retrain.py:1100] 2020-01-05 21:21:40.452958: Step 3960: Validation accuracy = 32.0% (N=100)
INFO:tensorflow:2020-01-05 21:21:41.170551: Step 3970: Train accuracy = 100.0%
I0105 21:21:41.170609 139687342254976 retrain.py:1082] 2020-01-05 21:21:41.170551: Step 3970: Train accuracy = 100.0%
INFO:tensorflow:2020-01-05 21:21:41.170746: Step 3970: Cross entropy = 0.176721
I0105 21:21:41.170762 139687342254976 retrain.py:1084] 2020-01-05 21:21:41.170746: Step 3970: Cross entropy = 0.176721
INFO:tensorflow:2020-01-05 21:21:41.242169: Step 3970: Validation accuracy = 36.0% (N=100)
I0105 21:21:41.242225 139687342254976 retrain.py:1100] 2020-01-05 21:21:41.242169: Step 3970: Validation accuracy = 36.0% (N=100)
INFO:tensorflow:2020-01-05 21:21:41.961151: Step 3980: Train accuracy = 100.0%
I0105 21:21:41.961209 139687342254976 retrain.py:1082] 2020-01-05 21:21:41.961151: Step 3980: Train accuracy = 100.0%
INFO:tensorflow:2020-01-05 21:21:41.961374: Step 3980: Cross entropy = 0.170894
I0105 21:21:41.961392 139687342254976 retrain.py:1084] 2020-01-05 21:21:41.961374: Step 3980: Cross entropy = 0.170894
INFO:tensorflow:2020-01-05 21:21:42.029148: Step 3980: Validation accuracy = 44.0% (N=100)
I0105 21:21:42.029205 139687342254976 retrain.py:1100] 2020-01-05 21:21:42.029148: Step 3980: Validation accuracy = 44.0% (N=100)
INFO:tensorflow:2020-01-05 21:21:42.751181: Step 3990: Train accuracy = 100.0%
I0105 21:21:42.751237 139687342254976 retrain.py:1082] 2020-01-05 21:21:42.751181: Step 3990: Train accuracy = 100.0%
INFO:tensorflow:2020-01-05 21:21:42.751371: Step 3990: Cross entropy = 0.158751
I0105 21:21:42.751387 139687342254976 retrain.py:1084] 2020-01-05 21:21:42.751371: Step 3990: Cross entropy = 0.158751
INFO:tensorflow:2020-01-05 21:21:42.819308: Step 3990: Validation accuracy = 36.0% (N=100)
I0105 21:21:42.819365 139687342254976 retrain.py:1100] 2020-01-05 21:21:42.819308: Step 3990: Validation accuracy = 36.0% (N=100)
INFO:tensorflow:2020-01-05 21:21:43.464070: Step 3999: Train accuracy = 100.0%
I0105 21:21:43.464125 139687342254976 retrain.py:1082] 2020-01-05 21:21:43.464070: Step 3999: Train accuracy = 100.0%
INFO:tensorflow:2020-01-05 21:21:43.464259: Step 3999: Cross entropy = 0.177158
I0105 21:21:43.464278 139687342254976 retrain.py:1084] 2020-01-05 21:21:43.464259: Step 3999: Cross entropy = 0.177158
INFO:tensorflow:2020-01-05 21:21:43.532209: Step 3999: Validation accuracy = 40.0% (N=100)
I0105 21:21:43.532264 139687342254976 retrain.py:1100] 2020-01-05 21:21:43.532209: Step 3999: Validation accuracy = 40.0% (N=100)
INFO:tensorflow:Final test accuracy = 69.2% (N=26)
I0105 21:21:44.904052 139687342254976 retrain.py:1126] Final test accuracy = 69.2% (N=26)
WARNING:tensorflow:From /media/dbusaba/SharedData/University/Research/Rust/image_affinity/tensorflow/scripts/retrain.py:827: convert_variables_to_constants (from tensorflow.python.framework.graph_util_impl) is deprecated and will be removed in a future version.
Instructions for updating:
Use `tf.compat.v1.graph_util.convert_variables_to_constants`
W0105 21:21:45.081296 139687342254976 deprecation.py:323] From /media/dbusaba/SharedData/University/Research/Rust/image_affinity/tensorflow/scripts/retrain.py:827: convert_variables_to_constants (from tensorflow.python.framework.graph_util_impl) is deprecated and will be removed in a future version.
Instructions for updating:
Use `tf.compat.v1.graph_util.convert_variables_to_constants`
WARNING:tensorflow:From /home/dbusaba/.local/lib/python3.7/site-packages/tensorflow/python/framework/graph_util_impl.py:270: extract_sub_graph (from tensorflow.python.framework.graph_util_impl) is deprecated and will be removed in a future version.
Instructions for updating:
Use `tf.compat.v1.graph_util.extract_sub_graph`
W0105 21:21:45.081509 139687342254976 deprecation.py:323] From /home/dbusaba/.local/lib/python3.7/site-packages/tensorflow/python/framework/graph_util_impl.py:270: extract_sub_graph (from tensorflow.python.framework.graph_util_impl) is deprecated and will be removed in a future version.
Instructions for updating:
Use `tf.compat.v1.graph_util.extract_sub_graph`
INFO:tensorflow:Froze 2 variables.
I0105 21:21:45.179514 139687342254976 graph_util_impl.py:311] Froze 2 variables.
INFO:tensorflow:Converted 2 variables to const ops.
I0105 21:21:45.195533 139687342254976 graph_util_impl.py:364] Converted 2 variables to const ops.
