WARNING:tensorflow:From /media/dbusaba/SharedData/University/Research/Rust/image_affinity/tensorflow/scripts/retrain.py:1326: The name tf.app.run is deprecated. Please use tf.compat.v1.app.run instead.

WARNING:tensorflow:From /media/dbusaba/SharedData/University/Research/Rust/image_affinity/tensorflow/scripts/retrain.py:970: The name tf.logging.set_verbosity is deprecated. Please use tf.compat.v1.logging.set_verbosity instead.

W0202 01:15:30.051381 140664937167744 deprecation_wrapper.py:119] From /media/dbusaba/SharedData/University/Research/Rust/image_affinity/tensorflow/scripts/retrain.py:970: The name tf.logging.set_verbosity is deprecated. Please use tf.compat.v1.logging.set_verbosity instead.

WARNING:tensorflow:From /media/dbusaba/SharedData/University/Research/Rust/image_affinity/tensorflow/scripts/retrain.py:970: The name tf.logging.INFO is deprecated. Please use tf.compat.v1.logging.INFO instead.

W0202 01:15:30.051577 140664937167744 deprecation_wrapper.py:119] From /media/dbusaba/SharedData/University/Research/Rust/image_affinity/tensorflow/scripts/retrain.py:970: The name tf.logging.INFO is deprecated. Please use tf.compat.v1.logging.INFO instead.

WARNING:tensorflow:From /media/dbusaba/SharedData/University/Research/Rust/image_affinity/tensorflow/scripts/retrain.py:835: The name tf.gfile.Exists is deprecated. Please use tf.io.gfile.exists instead.

W0202 01:15:30.051756 140664937167744 deprecation_wrapper.py:119] From /media/dbusaba/SharedData/University/Research/Rust/image_affinity/tensorflow/scripts/retrain.py:835: The name tf.gfile.Exists is deprecated. Please use tf.io.gfile.exists instead.

WARNING:tensorflow:From /media/dbusaba/SharedData/University/Research/Rust/image_affinity/tensorflow/scripts/retrain.py:836: The name tf.gfile.DeleteRecursively is deprecated. Please use tf.io.gfile.rmtree instead.

W0202 01:15:30.051969 140664937167744 deprecation_wrapper.py:119] From /media/dbusaba/SharedData/University/Research/Rust/image_affinity/tensorflow/scripts/retrain.py:836: The name tf.gfile.DeleteRecursively is deprecated. Please use tf.io.gfile.rmtree instead.

WARNING:tensorflow:From /media/dbusaba/SharedData/University/Research/Rust/image_affinity/tensorflow/scripts/retrain.py:837: The name tf.gfile.MakeDirs is deprecated. Please use tf.io.gfile.makedirs instead.

W0202 01:15:30.073871 140664937167744 deprecation_wrapper.py:119] From /media/dbusaba/SharedData/University/Research/Rust/image_affinity/tensorflow/scripts/retrain.py:837: The name tf.gfile.MakeDirs is deprecated. Please use tf.io.gfile.makedirs instead.

WARNING:tensorflow:From /media/dbusaba/SharedData/University/Research/Rust/image_affinity/tensorflow/scripts/retrain.py:274: FastGFile.__init__ (from tensorflow.python.platform.gfile) is deprecated and will be removed in a future version.
Instructions for updating:
Use tf.gfile.GFile.
W0202 01:15:32.778831 140664937167744 deprecation.py:323] From /media/dbusaba/SharedData/University/Research/Rust/image_affinity/tensorflow/scripts/retrain.py:274: FastGFile.__init__ (from tensorflow.python.platform.gfile) is deprecated and will be removed in a future version.
Instructions for updating:
Use tf.gfile.GFile.
WARNING:tensorflow:From /media/dbusaba/SharedData/University/Research/Rust/image_affinity/tensorflow/scripts/retrain.py:275: The name tf.GraphDef is deprecated. Please use tf.compat.v1.GraphDef instead.

W0202 01:15:32.779098 140664937167744 deprecation_wrapper.py:119] From /media/dbusaba/SharedData/University/Research/Rust/image_affinity/tensorflow/scripts/retrain.py:275: The name tf.GraphDef is deprecated. Please use tf.compat.v1.GraphDef instead.

2020-02-02 01:15:33.379975: W tensorflow/core/framework/op_def_util.cc:357] Op BatchNormWithGlobalNormalization is deprecated. It will cease to work in GraphDef version 9. Use tf.nn.batch_normalization().
WARNING:tensorflow:From /media/dbusaba/SharedData/University/Research/Rust/image_affinity/tensorflow/scripts/retrain.py:156: The name tf.logging.info is deprecated. Please use tf.compat.v1.logging.info instead.

W0202 01:15:33.577158 140664937167744 deprecation_wrapper.py:119] From /media/dbusaba/SharedData/University/Research/Rust/image_affinity/tensorflow/scripts/retrain.py:156: The name tf.logging.info is deprecated. Please use tf.compat.v1.logging.info instead.

INFO:tensorflow:Looking for images in 'Abnormal'
I0202 01:15:33.577397 140664937167744 retrain.py:156] Looking for images in 'Abnormal'
INFO:tensorflow:Looking for images in 'Normal'
I0202 01:15:33.592514 140664937167744 retrain.py:156] Looking for images in 'Normal'
WARNING:tensorflow:From /media/dbusaba/SharedData/University/Research/Rust/image_affinity/tensorflow/scripts/retrain.py:1004: The name tf.Session is deprecated. Please use tf.compat.v1.Session instead.

W0202 01:15:33.616181 140664937167744 deprecation_wrapper.py:119] From /media/dbusaba/SharedData/University/Research/Rust/image_affinity/tensorflow/scripts/retrain.py:1004: The name tf.Session is deprecated. Please use tf.compat.v1.Session instead.

2020-02-02 01:15:33.616730: I tensorflow/core/platform/cpu_feature_guard.cc:142] Your CPU supports instructions that this TensorFlow binary was not compiled to use: AVX2 FMA
2020-02-02 01:15:33.638109: I tensorflow/core/platform/profile_utils/cpu_utils.cc:94] CPU Frequency: 2799925000 Hz
2020-02-02 01:15:33.638511: I tensorflow/compiler/xla/service/service.cc:168] XLA service 0x1f11560 executing computations on platform Host. Devices:
2020-02-02 01:15:33.638530: I tensorflow/compiler/xla/service/service.cc:175]   StreamExecutor device (0): <undefined>, <undefined>
WARNING:tensorflow:From /media/dbusaba/SharedData/University/Research/Rust/image_affinity/tensorflow/scripts/retrain.py:954: The name tf.placeholder is deprecated. Please use tf.compat.v1.placeholder instead.

W0202 01:15:33.639053 140664937167744 deprecation_wrapper.py:119] From /media/dbusaba/SharedData/University/Research/Rust/image_affinity/tensorflow/scripts/retrain.py:954: The name tf.placeholder is deprecated. Please use tf.compat.v1.placeholder instead.

WARNING:tensorflow:From /media/dbusaba/SharedData/University/Research/Rust/image_affinity/tensorflow/scripts/retrain.py:960: The name tf.image.resize_bilinear is deprecated. Please use tf.compat.v1.image.resize_bilinear instead.

W0202 01:15:33.645464 140664937167744 deprecation_wrapper.py:119] From /media/dbusaba/SharedData/University/Research/Rust/image_affinity/tensorflow/scripts/retrain.py:960: The name tf.image.resize_bilinear is deprecated. Please use tf.compat.v1.image.resize_bilinear instead.

INFO:tensorflow:100 bottleneck files created.
I0202 01:15:33.719822 140664937167744 retrain.py:481] 100 bottleneck files created.
INFO:tensorflow:200 bottleneck files created.
I0202 01:15:33.791902 140664937167744 retrain.py:481] 200 bottleneck files created.
INFO:tensorflow:300 bottleneck files created.
I0202 01:15:33.864105 140664937167744 retrain.py:481] 300 bottleneck files created.
WARNING:tensorflow:From /media/dbusaba/SharedData/University/Research/Rust/image_affinity/tensorflow/scripts/retrain.py:758: The name tf.placeholder_with_default is deprecated. Please use tf.compat.v1.placeholder_with_default instead.

W0202 01:15:33.883984 140664937167744 deprecation_wrapper.py:119] From /media/dbusaba/SharedData/University/Research/Rust/image_affinity/tensorflow/scripts/retrain.py:758: The name tf.placeholder_with_default is deprecated. Please use tf.compat.v1.placeholder_with_default instead.

WARNING:tensorflow:From /media/dbusaba/SharedData/University/Research/Rust/image_affinity/tensorflow/scripts/retrain.py:772: The name tf.truncated_normal is deprecated. Please use tf.random.truncated_normal instead.

W0202 01:15:33.885794 140664937167744 deprecation_wrapper.py:119] From /media/dbusaba/SharedData/University/Research/Rust/image_affinity/tensorflow/scripts/retrain.py:772: The name tf.truncated_normal is deprecated. Please use tf.random.truncated_normal instead.

WARNING:tensorflow:From /media/dbusaba/SharedData/University/Research/Rust/image_affinity/tensorflow/scripts/retrain.py:726: The name tf.summary.scalar is deprecated. Please use tf.compat.v1.summary.scalar instead.

W0202 01:15:33.896666 140664937167744 deprecation_wrapper.py:119] From /media/dbusaba/SharedData/University/Research/Rust/image_affinity/tensorflow/scripts/retrain.py:726: The name tf.summary.scalar is deprecated. Please use tf.compat.v1.summary.scalar instead.

WARNING:tensorflow:From /media/dbusaba/SharedData/University/Research/Rust/image_affinity/tensorflow/scripts/retrain.py:732: The name tf.summary.histogram is deprecated. Please use tf.compat.v1.summary.histogram instead.

W0202 01:15:33.915006 140664937167744 deprecation_wrapper.py:119] From /media/dbusaba/SharedData/University/Research/Rust/image_affinity/tensorflow/scripts/retrain.py:732: The name tf.summary.histogram is deprecated. Please use tf.compat.v1.summary.histogram instead.

WARNING:tensorflow:From /media/dbusaba/SharedData/University/Research/Rust/image_affinity/tensorflow/scripts/retrain.py:790: softmax_cross_entropy_with_logits (from tensorflow.python.ops.nn_ops) is deprecated and will be removed in a future version.
Instructions for updating:

Future major versions of TensorFlow will allow gradients to flow
into the labels input on backprop by default.

See `tf.nn.softmax_cross_entropy_with_logits_v2`.

W0202 01:15:33.951627 140664937167744 deprecation.py:323] From /media/dbusaba/SharedData/University/Research/Rust/image_affinity/tensorflow/scripts/retrain.py:790: softmax_cross_entropy_with_logits (from tensorflow.python.ops.nn_ops) is deprecated and will be removed in a future version.
Instructions for updating:

Future major versions of TensorFlow will allow gradients to flow
into the labels input on backprop by default.

See `tf.nn.softmax_cross_entropy_with_logits_v2`.

WARNING:tensorflow:From /media/dbusaba/SharedData/University/Research/Rust/image_affinity/tensorflow/scripts/retrain.py:796: The name tf.train.GradientDescentOptimizer is deprecated. Please use tf.compat.v1.train.GradientDescentOptimizer instead.

W0202 01:15:33.981083 140664937167744 deprecation_wrapper.py:119] From /media/dbusaba/SharedData/University/Research/Rust/image_affinity/tensorflow/scripts/retrain.py:796: The name tf.train.GradientDescentOptimizer is deprecated. Please use tf.compat.v1.train.GradientDescentOptimizer instead.

WARNING:tensorflow:From /media/dbusaba/SharedData/University/Research/Rust/image_affinity/tensorflow/scripts/retrain.py:1038: The name tf.summary.merge_all is deprecated. Please use tf.compat.v1.summary.merge_all instead.

W0202 01:15:34.027241 140664937167744 deprecation_wrapper.py:119] From /media/dbusaba/SharedData/University/Research/Rust/image_affinity/tensorflow/scripts/retrain.py:1038: The name tf.summary.merge_all is deprecated. Please use tf.compat.v1.summary.merge_all instead.

WARNING:tensorflow:From /media/dbusaba/SharedData/University/Research/Rust/image_affinity/tensorflow/scripts/retrain.py:1039: The name tf.summary.FileWriter is deprecated. Please use tf.compat.v1.summary.FileWriter instead.

W0202 01:15:34.028545 140664937167744 deprecation_wrapper.py:119] From /media/dbusaba/SharedData/University/Research/Rust/image_affinity/tensorflow/scripts/retrain.py:1039: The name tf.summary.FileWriter is deprecated. Please use tf.compat.v1.summary.FileWriter instead.

2020-02-02 01:15:42.393635: W tensorflow/compiler/jit/mark_for_compilation_pass.cc:1412] (One-time warning): Not using XLA:CPU for cluster because envvar TF_XLA_FLAGS=--tf_xla_cpu_global_jit was not set.  If you want XLA:CPU, either set that envvar, or use experimental_jit_scope to enable XLA:CPU.  To confirm that XLA is active, pass --vmodule=xla_compilation_cache=1 (as a proper command-line flag, not via TF_XLA_FLAGS) or set the envvar XLA_FLAGS=--xla_hlo_profile.
INFO:tensorflow:2020-02-02 01:15:46.864815: Step 0: Train accuracy = 55.0%
I0202 01:15:46.864922 140664937167744 retrain.py:1082] 2020-02-02 01:15:46.864815: Step 0: Train accuracy = 55.0%
INFO:tensorflow:2020-02-02 01:15:46.865139: Step 0: Cross entropy = 0.683088
I0202 01:15:46.865165 140664937167744 retrain.py:1084] 2020-02-02 01:15:46.865139: Step 0: Cross entropy = 0.683088
INFO:tensorflow:2020-02-02 01:15:49.261417: Step 0: Validation accuracy = 54.0% (N=100)
I0202 01:15:49.261523 140664937167744 retrain.py:1100] 2020-02-02 01:15:49.261417: Step 0: Validation accuracy = 54.0% (N=100)
INFO:tensorflow:2020-02-02 01:15:50.224327: Step 10: Train accuracy = 55.0%
I0202 01:15:50.224414 140664937167744 retrain.py:1082] 2020-02-02 01:15:50.224327: Step 10: Train accuracy = 55.0%
INFO:tensorflow:2020-02-02 01:15:50.224627: Step 10: Cross entropy = 0.667659
I0202 01:15:50.224653 140664937167744 retrain.py:1084] 2020-02-02 01:15:50.224627: Step 10: Cross entropy = 0.667659
INFO:tensorflow:2020-02-02 01:15:50.332987: Step 10: Validation accuracy = 54.0% (N=100)
I0202 01:15:50.333073 140664937167744 retrain.py:1100] 2020-02-02 01:15:50.332987: Step 10: Validation accuracy = 54.0% (N=100)
INFO:tensorflow:2020-02-02 01:15:51.296302: Step 20: Train accuracy = 68.0%
I0202 01:15:51.296360 140664937167744 retrain.py:1082] 2020-02-02 01:15:51.296302: Step 20: Train accuracy = 68.0%
INFO:tensorflow:2020-02-02 01:15:51.296521: Step 20: Cross entropy = 0.652399
I0202 01:15:51.296549 140664937167744 retrain.py:1084] 2020-02-02 01:15:51.296521: Step 20: Cross entropy = 0.652399
INFO:tensorflow:2020-02-02 01:15:51.398450: Step 20: Validation accuracy = 24.0% (N=100)
I0202 01:15:51.398526 140664937167744 retrain.py:1100] 2020-02-02 01:15:51.398450: Step 20: Validation accuracy = 24.0% (N=100)
INFO:tensorflow:2020-02-02 01:15:52.342431: Step 30: Train accuracy = 65.0%
I0202 01:15:52.342488 140664937167744 retrain.py:1082] 2020-02-02 01:15:52.342431: Step 30: Train accuracy = 65.0%
INFO:tensorflow:2020-02-02 01:15:52.342650: Step 30: Cross entropy = 0.605571
I0202 01:15:52.342665 140664937167744 retrain.py:1084] 2020-02-02 01:15:52.342650: Step 30: Cross entropy = 0.605571
INFO:tensorflow:2020-02-02 01:15:52.430498: Step 30: Validation accuracy = 45.0% (N=100)
I0202 01:15:52.430558 140664937167744 retrain.py:1100] 2020-02-02 01:15:52.430498: Step 30: Validation accuracy = 45.0% (N=100)
INFO:tensorflow:2020-02-02 01:15:53.237566: Step 40: Train accuracy = 61.0%
I0202 01:15:53.237621 140664937167744 retrain.py:1082] 2020-02-02 01:15:53.237566: Step 40: Train accuracy = 61.0%
INFO:tensorflow:2020-02-02 01:15:53.237793: Step 40: Cross entropy = 0.623837
I0202 01:15:53.237812 140664937167744 retrain.py:1084] 2020-02-02 01:15:53.237793: Step 40: Cross entropy = 0.623837
INFO:tensorflow:2020-02-02 01:15:53.326696: Step 40: Validation accuracy = 59.0% (N=100)
I0202 01:15:53.326777 140664937167744 retrain.py:1100] 2020-02-02 01:15:53.326696: Step 40: Validation accuracy = 59.0% (N=100)
INFO:tensorflow:2020-02-02 01:15:54.095999: Step 50: Train accuracy = 60.0%
I0202 01:15:54.096071 140664937167744 retrain.py:1082] 2020-02-02 01:15:54.095999: Step 50: Train accuracy = 60.0%
INFO:tensorflow:2020-02-02 01:15:54.096277: Step 50: Cross entropy = 0.636492
I0202 01:15:54.096298 140664937167744 retrain.py:1084] 2020-02-02 01:15:54.096277: Step 50: Cross entropy = 0.636492
INFO:tensorflow:2020-02-02 01:15:54.175578: Step 50: Validation accuracy = 58.0% (N=100)
I0202 01:15:54.175649 140664937167744 retrain.py:1100] 2020-02-02 01:15:54.175578: Step 50: Validation accuracy = 58.0% (N=100)
INFO:tensorflow:2020-02-02 01:15:54.963750: Step 60: Train accuracy = 54.0%
I0202 01:15:54.963840 140664937167744 retrain.py:1082] 2020-02-02 01:15:54.963750: Step 60: Train accuracy = 54.0%
INFO:tensorflow:2020-02-02 01:15:54.963992: Step 60: Cross entropy = 0.660430
I0202 01:15:54.964007 140664937167744 retrain.py:1084] 2020-02-02 01:15:54.963992: Step 60: Cross entropy = 0.660430
INFO:tensorflow:2020-02-02 01:15:55.044977: Step 60: Validation accuracy = 48.0% (N=100)
I0202 01:15:55.045033 140664937167744 retrain.py:1100] 2020-02-02 01:15:55.044977: Step 60: Validation accuracy = 48.0% (N=100)
INFO:tensorflow:2020-02-02 01:15:55.903812: Step 70: Train accuracy = 67.0%
I0202 01:15:55.903873 140664937167744 retrain.py:1082] 2020-02-02 01:15:55.903812: Step 70: Train accuracy = 67.0%
INFO:tensorflow:2020-02-02 01:15:55.904068: Step 70: Cross entropy = 0.627479
I0202 01:15:55.904095 140664937167744 retrain.py:1084] 2020-02-02 01:15:55.904068: Step 70: Cross entropy = 0.627479
INFO:tensorflow:2020-02-02 01:15:56.010193: Step 70: Validation accuracy = 26.0% (N=100)
I0202 01:15:56.010250 140664937167744 retrain.py:1100] 2020-02-02 01:15:56.010193: Step 70: Validation accuracy = 26.0% (N=100)
INFO:tensorflow:2020-02-02 01:15:56.864931: Step 80: Train accuracy = 72.0%
I0202 01:15:56.864987 140664937167744 retrain.py:1082] 2020-02-02 01:15:56.864931: Step 80: Train accuracy = 72.0%
INFO:tensorflow:2020-02-02 01:15:56.865157: Step 80: Cross entropy = 0.603902
I0202 01:15:56.865178 140664937167744 retrain.py:1084] 2020-02-02 01:15:56.865157: Step 80: Cross entropy = 0.603902
INFO:tensorflow:2020-02-02 01:15:56.943320: Step 80: Validation accuracy = 35.0% (N=100)
I0202 01:15:56.943399 140664937167744 retrain.py:1100] 2020-02-02 01:15:56.943320: Step 80: Validation accuracy = 35.0% (N=100)
INFO:tensorflow:2020-02-02 01:15:57.732495: Step 90: Train accuracy = 75.0%
I0202 01:15:57.732550 140664937167744 retrain.py:1082] 2020-02-02 01:15:57.732495: Step 90: Train accuracy = 75.0%
INFO:tensorflow:2020-02-02 01:15:57.732704: Step 90: Cross entropy = 0.615357
I0202 01:15:57.732725 140664937167744 retrain.py:1084] 2020-02-02 01:15:57.732704: Step 90: Cross entropy = 0.615357
INFO:tensorflow:2020-02-02 01:15:57.808120: Step 90: Validation accuracy = 28.0% (N=100)
I0202 01:15:57.808175 140664937167744 retrain.py:1100] 2020-02-02 01:15:57.808120: Step 90: Validation accuracy = 28.0% (N=100)
INFO:tensorflow:2020-02-02 01:15:58.603854: Step 100: Train accuracy = 66.0%
I0202 01:15:58.603922 140664937167744 retrain.py:1082] 2020-02-02 01:15:58.603854: Step 100: Train accuracy = 66.0%
INFO:tensorflow:2020-02-02 01:15:58.604079: Step 100: Cross entropy = 0.614236
I0202 01:15:58.604109 140664937167744 retrain.py:1084] 2020-02-02 01:15:58.604079: Step 100: Cross entropy = 0.614236
INFO:tensorflow:2020-02-02 01:15:58.704184: Step 100: Validation accuracy = 58.0% (N=100)
I0202 01:15:58.704257 140664937167744 retrain.py:1100] 2020-02-02 01:15:58.704184: Step 100: Validation accuracy = 58.0% (N=100)
INFO:tensorflow:2020-02-02 01:15:59.644777: Step 110: Train accuracy = 67.0%
I0202 01:15:59.644851 140664937167744 retrain.py:1082] 2020-02-02 01:15:59.644777: Step 110: Train accuracy = 67.0%
INFO:tensorflow:2020-02-02 01:15:59.645047: Step 110: Cross entropy = 0.593315
I0202 01:15:59.645068 140664937167744 retrain.py:1084] 2020-02-02 01:15:59.645047: Step 110: Cross entropy = 0.593315
INFO:tensorflow:2020-02-02 01:15:59.726318: Step 110: Validation accuracy = 49.0% (N=100)
I0202 01:15:59.726397 140664937167744 retrain.py:1100] 2020-02-02 01:15:59.726318: Step 110: Validation accuracy = 49.0% (N=100)
INFO:tensorflow:2020-02-02 01:16:00.678713: Step 120: Train accuracy = 82.0%
I0202 01:16:00.678781 140664937167744 retrain.py:1082] 2020-02-02 01:16:00.678713: Step 120: Train accuracy = 82.0%
INFO:tensorflow:2020-02-02 01:16:00.678955: Step 120: Cross entropy = 0.555632
I0202 01:16:00.678987 140664937167744 retrain.py:1084] 2020-02-02 01:16:00.678955: Step 120: Cross entropy = 0.555632
INFO:tensorflow:2020-02-02 01:16:00.766679: Step 120: Validation accuracy = 36.0% (N=100)
I0202 01:16:00.766747 140664937167744 retrain.py:1100] 2020-02-02 01:16:00.766679: Step 120: Validation accuracy = 36.0% (N=100)
INFO:tensorflow:2020-02-02 01:16:01.565561: Step 130: Train accuracy = 73.0%
I0202 01:16:01.565617 140664937167744 retrain.py:1082] 2020-02-02 01:16:01.565561: Step 130: Train accuracy = 73.0%
INFO:tensorflow:2020-02-02 01:16:01.565795: Step 130: Cross entropy = 0.542111
I0202 01:16:01.565818 140664937167744 retrain.py:1084] 2020-02-02 01:16:01.565795: Step 130: Cross entropy = 0.542111
INFO:tensorflow:2020-02-02 01:16:01.640506: Step 130: Validation accuracy = 54.0% (N=100)
I0202 01:16:01.640565 140664937167744 retrain.py:1100] 2020-02-02 01:16:01.640506: Step 130: Validation accuracy = 54.0% (N=100)
INFO:tensorflow:2020-02-02 01:16:02.438834: Step 140: Train accuracy = 75.0%
I0202 01:16:02.438900 140664937167744 retrain.py:1082] 2020-02-02 01:16:02.438834: Step 140: Train accuracy = 75.0%
INFO:tensorflow:2020-02-02 01:16:02.439068: Step 140: Cross entropy = 0.576619
I0202 01:16:02.439087 140664937167744 retrain.py:1084] 2020-02-02 01:16:02.439068: Step 140: Cross entropy = 0.576619
INFO:tensorflow:2020-02-02 01:16:02.518618: Step 140: Validation accuracy = 31.0% (N=100)
I0202 01:16:02.518687 140664937167744 retrain.py:1100] 2020-02-02 01:16:02.518618: Step 140: Validation accuracy = 31.0% (N=100)
INFO:tensorflow:2020-02-02 01:16:03.510033: Step 150: Train accuracy = 81.0%
I0202 01:16:03.510127 140664937167744 retrain.py:1082] 2020-02-02 01:16:03.510033: Step 150: Train accuracy = 81.0%
INFO:tensorflow:2020-02-02 01:16:03.510542: Step 150: Cross entropy = 0.568014
I0202 01:16:03.510600 140664937167744 retrain.py:1084] 2020-02-02 01:16:03.510542: Step 150: Cross entropy = 0.568014
INFO:tensorflow:2020-02-02 01:16:03.603453: Step 150: Validation accuracy = 42.0% (N=100)
I0202 01:16:03.603512 140664937167744 retrain.py:1100] 2020-02-02 01:16:03.603453: Step 150: Validation accuracy = 42.0% (N=100)
INFO:tensorflow:2020-02-02 01:16:04.446479: Step 160: Train accuracy = 76.0%
I0202 01:16:04.446545 140664937167744 retrain.py:1082] 2020-02-02 01:16:04.446479: Step 160: Train accuracy = 76.0%
INFO:tensorflow:2020-02-02 01:16:04.446738: Step 160: Cross entropy = 0.556616
I0202 01:16:04.446762 140664937167744 retrain.py:1084] 2020-02-02 01:16:04.446738: Step 160: Cross entropy = 0.556616
INFO:tensorflow:2020-02-02 01:16:04.538217: Step 160: Validation accuracy = 34.0% (N=100)
I0202 01:16:04.538321 140664937167744 retrain.py:1100] 2020-02-02 01:16:04.538217: Step 160: Validation accuracy = 34.0% (N=100)
INFO:tensorflow:2020-02-02 01:16:05.393209: Step 170: Train accuracy = 79.0%
I0202 01:16:05.393268 140664937167744 retrain.py:1082] 2020-02-02 01:16:05.393209: Step 170: Train accuracy = 79.0%
INFO:tensorflow:2020-02-02 01:16:05.393440: Step 170: Cross entropy = 0.540724
I0202 01:16:05.393459 140664937167744 retrain.py:1084] 2020-02-02 01:16:05.393440: Step 170: Cross entropy = 0.540724
INFO:tensorflow:2020-02-02 01:16:05.519331: Step 170: Validation accuracy = 39.0% (N=100)
I0202 01:16:05.519389 140664937167744 retrain.py:1100] 2020-02-02 01:16:05.519331: Step 170: Validation accuracy = 39.0% (N=100)
INFO:tensorflow:2020-02-02 01:16:06.370761: Step 180: Train accuracy = 79.0%
I0202 01:16:06.370817 140664937167744 retrain.py:1082] 2020-02-02 01:16:06.370761: Step 180: Train accuracy = 79.0%
INFO:tensorflow:2020-02-02 01:16:06.370991: Step 180: Cross entropy = 0.547745
I0202 01:16:06.371017 140664937167744 retrain.py:1084] 2020-02-02 01:16:06.370991: Step 180: Cross entropy = 0.547745
INFO:tensorflow:2020-02-02 01:16:06.453238: Step 180: Validation accuracy = 32.0% (N=100)
I0202 01:16:06.453319 140664937167744 retrain.py:1100] 2020-02-02 01:16:06.453238: Step 180: Validation accuracy = 32.0% (N=100)
INFO:tensorflow:2020-02-02 01:16:07.247578: Step 190: Train accuracy = 82.0%
I0202 01:16:07.247669 140664937167744 retrain.py:1082] 2020-02-02 01:16:07.247578: Step 190: Train accuracy = 82.0%
INFO:tensorflow:2020-02-02 01:16:07.247837: Step 190: Cross entropy = 0.527930
I0202 01:16:07.247859 140664937167744 retrain.py:1084] 2020-02-02 01:16:07.247837: Step 190: Cross entropy = 0.527930
INFO:tensorflow:2020-02-02 01:16:07.331361: Step 190: Validation accuracy = 42.0% (N=100)
I0202 01:16:07.331434 140664937167744 retrain.py:1100] 2020-02-02 01:16:07.331361: Step 190: Validation accuracy = 42.0% (N=100)
INFO:tensorflow:2020-02-02 01:16:08.089327: Step 200: Train accuracy = 83.0%
I0202 01:16:08.089381 140664937167744 retrain.py:1082] 2020-02-02 01:16:08.089327: Step 200: Train accuracy = 83.0%
INFO:tensorflow:2020-02-02 01:16:08.089563: Step 200: Cross entropy = 0.512361
I0202 01:16:08.089583 140664937167744 retrain.py:1084] 2020-02-02 01:16:08.089563: Step 200: Cross entropy = 0.512361
INFO:tensorflow:2020-02-02 01:16:08.168327: Step 200: Validation accuracy = 52.0% (N=100)
I0202 01:16:08.168386 140664937167744 retrain.py:1100] 2020-02-02 01:16:08.168327: Step 200: Validation accuracy = 52.0% (N=100)
INFO:tensorflow:2020-02-02 01:16:08.955667: Step 210: Train accuracy = 78.0%
I0202 01:16:08.955722 140664937167744 retrain.py:1082] 2020-02-02 01:16:08.955667: Step 210: Train accuracy = 78.0%
INFO:tensorflow:2020-02-02 01:16:08.955894: Step 210: Cross entropy = 0.514746
I0202 01:16:08.955913 140664937167744 retrain.py:1084] 2020-02-02 01:16:08.955894: Step 210: Cross entropy = 0.514746
INFO:tensorflow:2020-02-02 01:16:09.032313: Step 210: Validation accuracy = 33.0% (N=100)
I0202 01:16:09.032367 140664937167744 retrain.py:1100] 2020-02-02 01:16:09.032313: Step 210: Validation accuracy = 33.0% (N=100)
INFO:tensorflow:2020-02-02 01:16:09.803025: Step 220: Train accuracy = 78.0%
I0202 01:16:09.803082 140664937167744 retrain.py:1082] 2020-02-02 01:16:09.803025: Step 220: Train accuracy = 78.0%
INFO:tensorflow:2020-02-02 01:16:09.803265: Step 220: Cross entropy = 0.505114
I0202 01:16:09.803287 140664937167744 retrain.py:1084] 2020-02-02 01:16:09.803265: Step 220: Cross entropy = 0.505114
INFO:tensorflow:2020-02-02 01:16:09.895172: Step 220: Validation accuracy = 39.0% (N=100)
I0202 01:16:09.895242 140664937167744 retrain.py:1100] 2020-02-02 01:16:09.895172: Step 220: Validation accuracy = 39.0% (N=100)
INFO:tensorflow:2020-02-02 01:16:10.669709: Step 230: Train accuracy = 82.0%
I0202 01:16:10.669775 140664937167744 retrain.py:1082] 2020-02-02 01:16:10.669709: Step 230: Train accuracy = 82.0%
INFO:tensorflow:2020-02-02 01:16:10.669973: Step 230: Cross entropy = 0.511687
I0202 01:16:10.670010 140664937167744 retrain.py:1084] 2020-02-02 01:16:10.669973: Step 230: Cross entropy = 0.511687
INFO:tensorflow:2020-02-02 01:16:10.754653: Step 230: Validation accuracy = 36.0% (N=100)
I0202 01:16:10.754723 140664937167744 retrain.py:1100] 2020-02-02 01:16:10.754653: Step 230: Validation accuracy = 36.0% (N=100)
INFO:tensorflow:2020-02-02 01:16:11.602574: Step 240: Train accuracy = 76.0%
I0202 01:16:11.602658 140664937167744 retrain.py:1082] 2020-02-02 01:16:11.602574: Step 240: Train accuracy = 76.0%
INFO:tensorflow:2020-02-02 01:16:11.602885: Step 240: Cross entropy = 0.506042
I0202 01:16:11.602910 140664937167744 retrain.py:1084] 2020-02-02 01:16:11.602885: Step 240: Cross entropy = 0.506042
INFO:tensorflow:2020-02-02 01:16:11.691137: Step 240: Validation accuracy = 55.0% (N=100)
I0202 01:16:11.691215 140664937167744 retrain.py:1100] 2020-02-02 01:16:11.691137: Step 240: Validation accuracy = 55.0% (N=100)
INFO:tensorflow:2020-02-02 01:16:12.508674: Step 250: Train accuracy = 76.0%
I0202 01:16:12.508744 140664937167744 retrain.py:1082] 2020-02-02 01:16:12.508674: Step 250: Train accuracy = 76.0%
INFO:tensorflow:2020-02-02 01:16:12.508902: Step 250: Cross entropy = 0.530662
I0202 01:16:12.508954 140664937167744 retrain.py:1084] 2020-02-02 01:16:12.508902: Step 250: Cross entropy = 0.530662
INFO:tensorflow:2020-02-02 01:16:12.587226: Step 250: Validation accuracy = 35.0% (N=100)
I0202 01:16:12.587313 140664937167744 retrain.py:1100] 2020-02-02 01:16:12.587226: Step 250: Validation accuracy = 35.0% (N=100)
INFO:tensorflow:2020-02-02 01:16:13.420476: Step 260: Train accuracy = 82.0%
I0202 01:16:13.420542 140664937167744 retrain.py:1082] 2020-02-02 01:16:13.420476: Step 260: Train accuracy = 82.0%
INFO:tensorflow:2020-02-02 01:16:13.420704: Step 260: Cross entropy = 0.524985
I0202 01:16:13.420725 140664937167744 retrain.py:1084] 2020-02-02 01:16:13.420704: Step 260: Cross entropy = 0.524985
INFO:tensorflow:2020-02-02 01:16:13.502739: Step 260: Validation accuracy = 39.0% (N=100)
I0202 01:16:13.502795 140664937167744 retrain.py:1100] 2020-02-02 01:16:13.502739: Step 260: Validation accuracy = 39.0% (N=100)
INFO:tensorflow:2020-02-02 01:16:14.283560: Step 270: Train accuracy = 84.0%
I0202 01:16:14.283640 140664937167744 retrain.py:1082] 2020-02-02 01:16:14.283560: Step 270: Train accuracy = 84.0%
INFO:tensorflow:2020-02-02 01:16:14.283798: Step 270: Cross entropy = 0.498130
I0202 01:16:14.283818 140664937167744 retrain.py:1084] 2020-02-02 01:16:14.283798: Step 270: Cross entropy = 0.498130
INFO:tensorflow:2020-02-02 01:16:14.386321: Step 270: Validation accuracy = 33.0% (N=100)
I0202 01:16:14.386388 140664937167744 retrain.py:1100] 2020-02-02 01:16:14.386321: Step 270: Validation accuracy = 33.0% (N=100)
INFO:tensorflow:2020-02-02 01:16:15.236757: Step 280: Train accuracy = 83.0%
I0202 01:16:15.236867 140664937167744 retrain.py:1082] 2020-02-02 01:16:15.236757: Step 280: Train accuracy = 83.0%
INFO:tensorflow:2020-02-02 01:16:15.237108: Step 280: Cross entropy = 0.508723
I0202 01:16:15.237133 140664937167744 retrain.py:1084] 2020-02-02 01:16:15.237108: Step 280: Cross entropy = 0.508723
INFO:tensorflow:2020-02-02 01:16:15.342179: Step 280: Validation accuracy = 47.0% (N=100)
I0202 01:16:15.342286 140664937167744 retrain.py:1100] 2020-02-02 01:16:15.342179: Step 280: Validation accuracy = 47.0% (N=100)
INFO:tensorflow:2020-02-02 01:16:16.460393: Step 290: Train accuracy = 85.0%
I0202 01:16:16.460482 140664937167744 retrain.py:1082] 2020-02-02 01:16:16.460393: Step 290: Train accuracy = 85.0%
INFO:tensorflow:2020-02-02 01:16:16.460684: Step 290: Cross entropy = 0.477046
I0202 01:16:16.460707 140664937167744 retrain.py:1084] 2020-02-02 01:16:16.460684: Step 290: Cross entropy = 0.477046
INFO:tensorflow:2020-02-02 01:16:16.622881: Step 290: Validation accuracy = 35.0% (N=100)
I0202 01:16:16.622955 140664937167744 retrain.py:1100] 2020-02-02 01:16:16.622881: Step 290: Validation accuracy = 35.0% (N=100)
INFO:tensorflow:2020-02-02 01:16:17.593621: Step 300: Train accuracy = 86.0%
I0202 01:16:17.593757 140664937167744 retrain.py:1082] 2020-02-02 01:16:17.593621: Step 300: Train accuracy = 86.0%
INFO:tensorflow:2020-02-02 01:16:17.594010: Step 300: Cross entropy = 0.476469
I0202 01:16:17.594036 140664937167744 retrain.py:1084] 2020-02-02 01:16:17.594010: Step 300: Cross entropy = 0.476469
INFO:tensorflow:2020-02-02 01:16:17.675602: Step 300: Validation accuracy = 39.0% (N=100)
I0202 01:16:17.675683 140664937167744 retrain.py:1100] 2020-02-02 01:16:17.675602: Step 300: Validation accuracy = 39.0% (N=100)
INFO:tensorflow:2020-02-02 01:16:18.470443: Step 310: Train accuracy = 89.0%
I0202 01:16:18.470498 140664937167744 retrain.py:1082] 2020-02-02 01:16:18.470443: Step 310: Train accuracy = 89.0%
INFO:tensorflow:2020-02-02 01:16:18.470681: Step 310: Cross entropy = 0.500376
I0202 01:16:18.470707 140664937167744 retrain.py:1084] 2020-02-02 01:16:18.470681: Step 310: Cross entropy = 0.500376
INFO:tensorflow:2020-02-02 01:16:18.552474: Step 310: Validation accuracy = 37.0% (N=100)
I0202 01:16:18.552530 140664937167744 retrain.py:1100] 2020-02-02 01:16:18.552474: Step 310: Validation accuracy = 37.0% (N=100)
INFO:tensorflow:2020-02-02 01:16:19.353699: Step 320: Train accuracy = 90.0%
I0202 01:16:19.353758 140664937167744 retrain.py:1082] 2020-02-02 01:16:19.353699: Step 320: Train accuracy = 90.0%
INFO:tensorflow:2020-02-02 01:16:19.353951: Step 320: Cross entropy = 0.458668
I0202 01:16:19.353987 140664937167744 retrain.py:1084] 2020-02-02 01:16:19.353951: Step 320: Cross entropy = 0.458668
INFO:tensorflow:2020-02-02 01:16:19.442089: Step 320: Validation accuracy = 45.0% (N=100)
I0202 01:16:19.442150 140664937167744 retrain.py:1100] 2020-02-02 01:16:19.442089: Step 320: Validation accuracy = 45.0% (N=100)
INFO:tensorflow:2020-02-02 01:16:20.237227: Step 330: Train accuracy = 80.0%
I0202 01:16:20.237303 140664937167744 retrain.py:1082] 2020-02-02 01:16:20.237227: Step 330: Train accuracy = 80.0%
INFO:tensorflow:2020-02-02 01:16:20.237467: Step 330: Cross entropy = 0.514872
I0202 01:16:20.237485 140664937167744 retrain.py:1084] 2020-02-02 01:16:20.237467: Step 330: Cross entropy = 0.514872
INFO:tensorflow:2020-02-02 01:16:20.317293: Step 330: Validation accuracy = 33.0% (N=100)
I0202 01:16:20.317360 140664937167744 retrain.py:1100] 2020-02-02 01:16:20.317293: Step 330: Validation accuracy = 33.0% (N=100)
INFO:tensorflow:2020-02-02 01:16:21.194533: Step 340: Train accuracy = 85.0%
I0202 01:16:21.194629 140664937167744 retrain.py:1082] 2020-02-02 01:16:21.194533: Step 340: Train accuracy = 85.0%
INFO:tensorflow:2020-02-02 01:16:21.195408: Step 340: Cross entropy = 0.468170
I0202 01:16:21.195462 140664937167744 retrain.py:1084] 2020-02-02 01:16:21.195408: Step 340: Cross entropy = 0.468170
INFO:tensorflow:2020-02-02 01:16:21.328896: Step 340: Validation accuracy = 35.0% (N=100)
I0202 01:16:21.328988 140664937167744 retrain.py:1100] 2020-02-02 01:16:21.328896: Step 340: Validation accuracy = 35.0% (N=100)
INFO:tensorflow:2020-02-02 01:16:22.180815: Step 350: Train accuracy = 81.0%
I0202 01:16:22.180872 140664937167744 retrain.py:1082] 2020-02-02 01:16:22.180815: Step 350: Train accuracy = 81.0%
INFO:tensorflow:2020-02-02 01:16:22.181074: Step 350: Cross entropy = 0.494983
I0202 01:16:22.181095 140664937167744 retrain.py:1084] 2020-02-02 01:16:22.181074: Step 350: Cross entropy = 0.494983
INFO:tensorflow:2020-02-02 01:16:22.267558: Step 350: Validation accuracy = 39.0% (N=100)
I0202 01:16:22.267640 140664937167744 retrain.py:1100] 2020-02-02 01:16:22.267558: Step 350: Validation accuracy = 39.0% (N=100)
INFO:tensorflow:2020-02-02 01:16:23.239056: Step 360: Train accuracy = 82.0%
I0202 01:16:23.239110 140664937167744 retrain.py:1082] 2020-02-02 01:16:23.239056: Step 360: Train accuracy = 82.0%
INFO:tensorflow:2020-02-02 01:16:23.239288: Step 360: Cross entropy = 0.442943
I0202 01:16:23.239306 140664937167744 retrain.py:1084] 2020-02-02 01:16:23.239288: Step 360: Cross entropy = 0.442943
INFO:tensorflow:2020-02-02 01:16:23.320191: Step 360: Validation accuracy = 43.0% (N=100)
I0202 01:16:23.320260 140664937167744 retrain.py:1100] 2020-02-02 01:16:23.320191: Step 360: Validation accuracy = 43.0% (N=100)
INFO:tensorflow:2020-02-02 01:16:24.120444: Step 370: Train accuracy = 86.0%
I0202 01:16:24.120527 140664937167744 retrain.py:1082] 2020-02-02 01:16:24.120444: Step 370: Train accuracy = 86.0%
INFO:tensorflow:2020-02-02 01:16:24.120701: Step 370: Cross entropy = 0.425383
I0202 01:16:24.120725 140664937167744 retrain.py:1084] 2020-02-02 01:16:24.120701: Step 370: Cross entropy = 0.425383
INFO:tensorflow:2020-02-02 01:16:24.204538: Step 370: Validation accuracy = 41.0% (N=100)
I0202 01:16:24.204594 140664937167744 retrain.py:1100] 2020-02-02 01:16:24.204538: Step 370: Validation accuracy = 41.0% (N=100)
INFO:tensorflow:2020-02-02 01:16:25.018599: Step 380: Train accuracy = 86.0%
I0202 01:16:25.018665 140664937167744 retrain.py:1082] 2020-02-02 01:16:25.018599: Step 380: Train accuracy = 86.0%
INFO:tensorflow:2020-02-02 01:16:25.018816: Step 380: Cross entropy = 0.467644
I0202 01:16:25.018833 140664937167744 retrain.py:1084] 2020-02-02 01:16:25.018816: Step 380: Cross entropy = 0.467644
INFO:tensorflow:2020-02-02 01:16:25.098553: Step 380: Validation accuracy = 25.0% (N=100)
I0202 01:16:25.098621 140664937167744 retrain.py:1100] 2020-02-02 01:16:25.098553: Step 380: Validation accuracy = 25.0% (N=100)
INFO:tensorflow:2020-02-02 01:16:26.004363: Step 390: Train accuracy = 86.0%
I0202 01:16:26.004443 140664937167744 retrain.py:1082] 2020-02-02 01:16:26.004363: Step 390: Train accuracy = 86.0%
INFO:tensorflow:2020-02-02 01:16:26.004705: Step 390: Cross entropy = 0.463871
I0202 01:16:26.004734 140664937167744 retrain.py:1084] 2020-02-02 01:16:26.004705: Step 390: Cross entropy = 0.463871
INFO:tensorflow:2020-02-02 01:16:26.136034: Step 390: Validation accuracy = 24.0% (N=100)
I0202 01:16:26.136123 140664937167744 retrain.py:1100] 2020-02-02 01:16:26.136034: Step 390: Validation accuracy = 24.0% (N=100)
INFO:tensorflow:2020-02-02 01:16:26.965589: Step 400: Train accuracy = 89.0%
I0202 01:16:26.965660 140664937167744 retrain.py:1082] 2020-02-02 01:16:26.965589: Step 400: Train accuracy = 89.0%
INFO:tensorflow:2020-02-02 01:16:26.966003: Step 400: Cross entropy = 0.427950
I0202 01:16:26.966030 140664937167744 retrain.py:1084] 2020-02-02 01:16:26.966003: Step 400: Cross entropy = 0.427950
INFO:tensorflow:2020-02-02 01:16:27.096227: Step 400: Validation accuracy = 34.0% (N=100)
I0202 01:16:27.096356 140664937167744 retrain.py:1100] 2020-02-02 01:16:27.096227: Step 400: Validation accuracy = 34.0% (N=100)
INFO:tensorflow:2020-02-02 01:16:28.023587: Step 410: Train accuracy = 85.0%
I0202 01:16:28.023653 140664937167744 retrain.py:1082] 2020-02-02 01:16:28.023587: Step 410: Train accuracy = 85.0%
INFO:tensorflow:2020-02-02 01:16:28.023820: Step 410: Cross entropy = 0.431747
I0202 01:16:28.023839 140664937167744 retrain.py:1084] 2020-02-02 01:16:28.023820: Step 410: Cross entropy = 0.431747
INFO:tensorflow:2020-02-02 01:16:28.101142: Step 410: Validation accuracy = 34.0% (N=100)
I0202 01:16:28.101199 140664937167744 retrain.py:1100] 2020-02-02 01:16:28.101142: Step 410: Validation accuracy = 34.0% (N=100)
INFO:tensorflow:2020-02-02 01:16:28.974676: Step 420: Train accuracy = 88.0%
I0202 01:16:28.974763 140664937167744 retrain.py:1082] 2020-02-02 01:16:28.974676: Step 420: Train accuracy = 88.0%
INFO:tensorflow:2020-02-02 01:16:28.975095: Step 420: Cross entropy = 0.428140
I0202 01:16:28.975114 140664937167744 retrain.py:1084] 2020-02-02 01:16:28.975095: Step 420: Cross entropy = 0.428140
INFO:tensorflow:2020-02-02 01:16:29.061843: Step 420: Validation accuracy = 35.0% (N=100)
I0202 01:16:29.061901 140664937167744 retrain.py:1100] 2020-02-02 01:16:29.061843: Step 420: Validation accuracy = 35.0% (N=100)
INFO:tensorflow:2020-02-02 01:16:29.865207: Step 430: Train accuracy = 86.0%
I0202 01:16:29.865272 140664937167744 retrain.py:1082] 2020-02-02 01:16:29.865207: Step 430: Train accuracy = 86.0%
INFO:tensorflow:2020-02-02 01:16:29.865445: Step 430: Cross entropy = 0.445926
I0202 01:16:29.865465 140664937167744 retrain.py:1084] 2020-02-02 01:16:29.865445: Step 430: Cross entropy = 0.445926
INFO:tensorflow:2020-02-02 01:16:29.939367: Step 430: Validation accuracy = 41.0% (N=100)
I0202 01:16:29.939445 140664937167744 retrain.py:1100] 2020-02-02 01:16:29.939367: Step 430: Validation accuracy = 41.0% (N=100)
INFO:tensorflow:2020-02-02 01:16:30.751507: Step 440: Train accuracy = 89.0%
I0202 01:16:30.751596 140664937167744 retrain.py:1082] 2020-02-02 01:16:30.751507: Step 440: Train accuracy = 89.0%
INFO:tensorflow:2020-02-02 01:16:30.751758: Step 440: Cross entropy = 0.420697
I0202 01:16:30.751779 140664937167744 retrain.py:1084] 2020-02-02 01:16:30.751758: Step 440: Cross entropy = 0.420697
INFO:tensorflow:2020-02-02 01:16:30.829466: Step 440: Validation accuracy = 30.0% (N=100)
I0202 01:16:30.829534 140664937167744 retrain.py:1100] 2020-02-02 01:16:30.829466: Step 440: Validation accuracy = 30.0% (N=100)
INFO:tensorflow:2020-02-02 01:16:31.692210: Step 450: Train accuracy = 85.0%
I0202 01:16:31.692297 140664937167744 retrain.py:1082] 2020-02-02 01:16:31.692210: Step 450: Train accuracy = 85.0%
INFO:tensorflow:2020-02-02 01:16:31.692472: Step 450: Cross entropy = 0.462056
I0202 01:16:31.692500 140664937167744 retrain.py:1084] 2020-02-02 01:16:31.692472: Step 450: Cross entropy = 0.462056
INFO:tensorflow:2020-02-02 01:16:31.773446: Step 450: Validation accuracy = 28.0% (N=100)
I0202 01:16:31.773503 140664937167744 retrain.py:1100] 2020-02-02 01:16:31.773446: Step 450: Validation accuracy = 28.0% (N=100)
INFO:tensorflow:2020-02-02 01:16:32.688778: Step 460: Train accuracy = 82.0%
I0202 01:16:32.688833 140664937167744 retrain.py:1082] 2020-02-02 01:16:32.688778: Step 460: Train accuracy = 82.0%
INFO:tensorflow:2020-02-02 01:16:32.689012: Step 460: Cross entropy = 0.462565
I0202 01:16:32.689037 140664937167744 retrain.py:1084] 2020-02-02 01:16:32.689012: Step 460: Cross entropy = 0.462565
INFO:tensorflow:2020-02-02 01:16:32.779927: Step 460: Validation accuracy = 41.0% (N=100)
I0202 01:16:32.780020 140664937167744 retrain.py:1100] 2020-02-02 01:16:32.779927: Step 460: Validation accuracy = 41.0% (N=100)
INFO:tensorflow:2020-02-02 01:16:33.574978: Step 470: Train accuracy = 87.0%
I0202 01:16:33.575045 140664937167744 retrain.py:1082] 2020-02-02 01:16:33.574978: Step 470: Train accuracy = 87.0%
INFO:tensorflow:2020-02-02 01:16:33.575219: Step 470: Cross entropy = 0.445400
I0202 01:16:33.575242 140664937167744 retrain.py:1084] 2020-02-02 01:16:33.575219: Step 470: Cross entropy = 0.445400
INFO:tensorflow:2020-02-02 01:16:33.665228: Step 470: Validation accuracy = 35.0% (N=100)
I0202 01:16:33.665313 140664937167744 retrain.py:1100] 2020-02-02 01:16:33.665228: Step 470: Validation accuracy = 35.0% (N=100)
INFO:tensorflow:2020-02-02 01:16:34.468419: Step 480: Train accuracy = 94.0%
I0202 01:16:34.468490 140664937167744 retrain.py:1082] 2020-02-02 01:16:34.468419: Step 480: Train accuracy = 94.0%
INFO:tensorflow:2020-02-02 01:16:34.468659: Step 480: Cross entropy = 0.420577
I0202 01:16:34.468677 140664937167744 retrain.py:1084] 2020-02-02 01:16:34.468659: Step 480: Cross entropy = 0.420577
INFO:tensorflow:2020-02-02 01:16:34.546630: Step 480: Validation accuracy = 28.0% (N=100)
I0202 01:16:34.546687 140664937167744 retrain.py:1100] 2020-02-02 01:16:34.546630: Step 480: Validation accuracy = 28.0% (N=100)
INFO:tensorflow:2020-02-02 01:16:35.308305: Step 490: Train accuracy = 87.0%
I0202 01:16:35.308371 140664937167744 retrain.py:1082] 2020-02-02 01:16:35.308305: Step 490: Train accuracy = 87.0%
INFO:tensorflow:2020-02-02 01:16:35.308543: Step 490: Cross entropy = 0.469617
I0202 01:16:35.308562 140664937167744 retrain.py:1084] 2020-02-02 01:16:35.308543: Step 490: Cross entropy = 0.469617
INFO:tensorflow:2020-02-02 01:16:35.383239: Step 490: Validation accuracy = 44.0% (N=100)
I0202 01:16:35.383306 140664937167744 retrain.py:1100] 2020-02-02 01:16:35.383239: Step 490: Validation accuracy = 44.0% (N=100)
INFO:tensorflow:2020-02-02 01:16:36.140741: Step 500: Train accuracy = 90.0%
I0202 01:16:36.140810 140664937167744 retrain.py:1082] 2020-02-02 01:16:36.140741: Step 500: Train accuracy = 90.0%
INFO:tensorflow:2020-02-02 01:16:36.140949: Step 500: Cross entropy = 0.411453
I0202 01:16:36.140985 140664937167744 retrain.py:1084] 2020-02-02 01:16:36.140949: Step 500: Cross entropy = 0.411453
INFO:tensorflow:2020-02-02 01:16:36.224910: Step 500: Validation accuracy = 32.0% (N=100)
I0202 01:16:36.224989 140664937167744 retrain.py:1100] 2020-02-02 01:16:36.224910: Step 500: Validation accuracy = 32.0% (N=100)
INFO:tensorflow:2020-02-02 01:16:36.974744: Step 510: Train accuracy = 94.0%
I0202 01:16:36.974798 140664937167744 retrain.py:1082] 2020-02-02 01:16:36.974744: Step 510: Train accuracy = 94.0%
INFO:tensorflow:2020-02-02 01:16:36.974987: Step 510: Cross entropy = 0.395464
I0202 01:16:36.975015 140664937167744 retrain.py:1084] 2020-02-02 01:16:36.974987: Step 510: Cross entropy = 0.395464
INFO:tensorflow:2020-02-02 01:16:37.051582: Step 510: Validation accuracy = 42.0% (N=100)
I0202 01:16:37.051651 140664937167744 retrain.py:1100] 2020-02-02 01:16:37.051582: Step 510: Validation accuracy = 42.0% (N=100)
INFO:tensorflow:2020-02-02 01:16:37.795734: Step 520: Train accuracy = 91.0%
I0202 01:16:37.795814 140664937167744 retrain.py:1082] 2020-02-02 01:16:37.795734: Step 520: Train accuracy = 91.0%
INFO:tensorflow:2020-02-02 01:16:37.795970: Step 520: Cross entropy = 0.446127
I0202 01:16:37.795998 140664937167744 retrain.py:1084] 2020-02-02 01:16:37.795970: Step 520: Cross entropy = 0.446127
INFO:tensorflow:2020-02-02 01:16:37.877013: Step 520: Validation accuracy = 29.0% (N=100)
I0202 01:16:37.877073 140664937167744 retrain.py:1100] 2020-02-02 01:16:37.877013: Step 520: Validation accuracy = 29.0% (N=100)
INFO:tensorflow:2020-02-02 01:16:38.627830: Step 530: Train accuracy = 87.0%
I0202 01:16:38.627902 140664937167744 retrain.py:1082] 2020-02-02 01:16:38.627830: Step 530: Train accuracy = 87.0%
INFO:tensorflow:2020-02-02 01:16:38.628085: Step 530: Cross entropy = 0.438547
I0202 01:16:38.628117 140664937167744 retrain.py:1084] 2020-02-02 01:16:38.628085: Step 530: Cross entropy = 0.438547
INFO:tensorflow:2020-02-02 01:16:38.704385: Step 530: Validation accuracy = 41.0% (N=100)
I0202 01:16:38.704440 140664937167744 retrain.py:1100] 2020-02-02 01:16:38.704385: Step 530: Validation accuracy = 41.0% (N=100)
INFO:tensorflow:2020-02-02 01:16:39.456382: Step 540: Train accuracy = 88.0%
I0202 01:16:39.456461 140664937167744 retrain.py:1082] 2020-02-02 01:16:39.456382: Step 540: Train accuracy = 88.0%
INFO:tensorflow:2020-02-02 01:16:39.456638: Step 540: Cross entropy = 0.417785
I0202 01:16:39.456657 140664937167744 retrain.py:1084] 2020-02-02 01:16:39.456638: Step 540: Cross entropy = 0.417785
INFO:tensorflow:2020-02-02 01:16:39.532870: Step 540: Validation accuracy = 34.0% (N=100)
I0202 01:16:39.532931 140664937167744 retrain.py:1100] 2020-02-02 01:16:39.532870: Step 540: Validation accuracy = 34.0% (N=100)
INFO:tensorflow:2020-02-02 01:16:40.337052: Step 550: Train accuracy = 94.0%
I0202 01:16:40.337118 140664937167744 retrain.py:1082] 2020-02-02 01:16:40.337052: Step 550: Train accuracy = 94.0%
INFO:tensorflow:2020-02-02 01:16:40.337349: Step 550: Cross entropy = 0.378825
I0202 01:16:40.337384 140664937167744 retrain.py:1084] 2020-02-02 01:16:40.337349: Step 550: Cross entropy = 0.378825
INFO:tensorflow:2020-02-02 01:16:40.437738: Step 550: Validation accuracy = 35.0% (N=100)
I0202 01:16:40.437817 140664937167744 retrain.py:1100] 2020-02-02 01:16:40.437738: Step 550: Validation accuracy = 35.0% (N=100)
INFO:tensorflow:2020-02-02 01:16:41.393373: Step 560: Train accuracy = 90.0%
I0202 01:16:41.393455 140664937167744 retrain.py:1082] 2020-02-02 01:16:41.393373: Step 560: Train accuracy = 90.0%
INFO:tensorflow:2020-02-02 01:16:41.393664: Step 560: Cross entropy = 0.424697
I0202 01:16:41.393685 140664937167744 retrain.py:1084] 2020-02-02 01:16:41.393664: Step 560: Cross entropy = 0.424697
INFO:tensorflow:2020-02-02 01:16:41.476121: Step 560: Validation accuracy = 25.0% (N=100)
I0202 01:16:41.476188 140664937167744 retrain.py:1100] 2020-02-02 01:16:41.476121: Step 560: Validation accuracy = 25.0% (N=100)
INFO:tensorflow:2020-02-02 01:16:42.378529: Step 570: Train accuracy = 91.0%
I0202 01:16:42.378603 140664937167744 retrain.py:1082] 2020-02-02 01:16:42.378529: Step 570: Train accuracy = 91.0%
INFO:tensorflow:2020-02-02 01:16:42.378964: Step 570: Cross entropy = 0.408732
I0202 01:16:42.379005 140664937167744 retrain.py:1084] 2020-02-02 01:16:42.378964: Step 570: Cross entropy = 0.408732
INFO:tensorflow:2020-02-02 01:16:42.477225: Step 570: Validation accuracy = 38.0% (N=100)
I0202 01:16:42.477313 140664937167744 retrain.py:1100] 2020-02-02 01:16:42.477225: Step 570: Validation accuracy = 38.0% (N=100)
INFO:tensorflow:2020-02-02 01:16:43.443810: Step 580: Train accuracy = 87.0%
I0202 01:16:43.443889 140664937167744 retrain.py:1082] 2020-02-02 01:16:43.443810: Step 580: Train accuracy = 87.0%
INFO:tensorflow:2020-02-02 01:16:43.444041: Step 580: Cross entropy = 0.426422
I0202 01:16:43.444060 140664937167744 retrain.py:1084] 2020-02-02 01:16:43.444041: Step 580: Cross entropy = 0.426422
INFO:tensorflow:2020-02-02 01:16:43.519660: Step 580: Validation accuracy = 32.0% (N=100)
I0202 01:16:43.519739 140664937167744 retrain.py:1100] 2020-02-02 01:16:43.519660: Step 580: Validation accuracy = 32.0% (N=100)
INFO:tensorflow:2020-02-02 01:16:44.341809: Step 590: Train accuracy = 87.0%
I0202 01:16:44.341873 140664937167744 retrain.py:1082] 2020-02-02 01:16:44.341809: Step 590: Train accuracy = 87.0%
INFO:tensorflow:2020-02-02 01:16:44.342037: Step 590: Cross entropy = 0.433543
I0202 01:16:44.342053 140664937167744 retrain.py:1084] 2020-02-02 01:16:44.342037: Step 590: Cross entropy = 0.433543
INFO:tensorflow:2020-02-02 01:16:44.419074: Step 590: Validation accuracy = 38.0% (N=100)
I0202 01:16:44.419143 140664937167744 retrain.py:1100] 2020-02-02 01:16:44.419074: Step 590: Validation accuracy = 38.0% (N=100)
INFO:tensorflow:2020-02-02 01:16:45.233681: Step 600: Train accuracy = 96.0%
I0202 01:16:45.233747 140664937167744 retrain.py:1082] 2020-02-02 01:16:45.233681: Step 600: Train accuracy = 96.0%
INFO:tensorflow:2020-02-02 01:16:45.233915: Step 600: Cross entropy = 0.392117
I0202 01:16:45.233946 140664937167744 retrain.py:1084] 2020-02-02 01:16:45.233915: Step 600: Cross entropy = 0.392117
INFO:tensorflow:2020-02-02 01:16:45.320101: Step 600: Validation accuracy = 34.0% (N=100)
I0202 01:16:45.320161 140664937167744 retrain.py:1100] 2020-02-02 01:16:45.320101: Step 600: Validation accuracy = 34.0% (N=100)
INFO:tensorflow:2020-02-02 01:16:46.129935: Step 610: Train accuracy = 86.0%
I0202 01:16:46.130016 140664937167744 retrain.py:1082] 2020-02-02 01:16:46.129935: Step 610: Train accuracy = 86.0%
INFO:tensorflow:2020-02-02 01:16:46.130173: Step 610: Cross entropy = 0.441412
I0202 01:16:46.130188 140664937167744 retrain.py:1084] 2020-02-02 01:16:46.130173: Step 610: Cross entropy = 0.441412
INFO:tensorflow:2020-02-02 01:16:46.234203: Step 610: Validation accuracy = 30.0% (N=100)
I0202 01:16:46.234299 140664937167744 retrain.py:1100] 2020-02-02 01:16:46.234203: Step 610: Validation accuracy = 30.0% (N=100)
INFO:tensorflow:2020-02-02 01:16:47.148810: Step 620: Train accuracy = 88.0%
I0202 01:16:47.148879 140664937167744 retrain.py:1082] 2020-02-02 01:16:47.148810: Step 620: Train accuracy = 88.0%
INFO:tensorflow:2020-02-02 01:16:47.149060: Step 620: Cross entropy = 0.414926
I0202 01:16:47.149083 140664937167744 retrain.py:1084] 2020-02-02 01:16:47.149060: Step 620: Cross entropy = 0.414926
INFO:tensorflow:2020-02-02 01:16:47.232944: Step 620: Validation accuracy = 45.0% (N=100)
I0202 01:16:47.233044 140664937167744 retrain.py:1100] 2020-02-02 01:16:47.232944: Step 620: Validation accuracy = 45.0% (N=100)
INFO:tensorflow:2020-02-02 01:16:48.149034: Step 630: Train accuracy = 92.0%
I0202 01:16:48.149091 140664937167744 retrain.py:1082] 2020-02-02 01:16:48.149034: Step 630: Train accuracy = 92.0%
INFO:tensorflow:2020-02-02 01:16:48.149290: Step 630: Cross entropy = 0.410994
I0202 01:16:48.149314 140664937167744 retrain.py:1084] 2020-02-02 01:16:48.149290: Step 630: Cross entropy = 0.410994
INFO:tensorflow:2020-02-02 01:16:48.234920: Step 630: Validation accuracy = 40.0% (N=100)
I0202 01:16:48.234999 140664937167744 retrain.py:1100] 2020-02-02 01:16:48.234920: Step 630: Validation accuracy = 40.0% (N=100)
INFO:tensorflow:2020-02-02 01:16:49.090132: Step 640: Train accuracy = 90.0%
I0202 01:16:49.090204 140664937167744 retrain.py:1082] 2020-02-02 01:16:49.090132: Step 640: Train accuracy = 90.0%
INFO:tensorflow:2020-02-02 01:16:49.090577: Step 640: Cross entropy = 0.408388
I0202 01:16:49.090612 140664937167744 retrain.py:1084] 2020-02-02 01:16:49.090577: Step 640: Cross entropy = 0.408388
INFO:tensorflow:2020-02-02 01:16:49.188715: Step 640: Validation accuracy = 30.0% (N=100)
I0202 01:16:49.188772 140664937167744 retrain.py:1100] 2020-02-02 01:16:49.188715: Step 640: Validation accuracy = 30.0% (N=100)
INFO:tensorflow:2020-02-02 01:16:49.990341: Step 650: Train accuracy = 89.0%
I0202 01:16:49.990421 140664937167744 retrain.py:1082] 2020-02-02 01:16:49.990341: Step 650: Train accuracy = 89.0%
INFO:tensorflow:2020-02-02 01:16:49.990605: Step 650: Cross entropy = 0.437730
I0202 01:16:49.990638 140664937167744 retrain.py:1084] 2020-02-02 01:16:49.990605: Step 650: Cross entropy = 0.437730
INFO:tensorflow:2020-02-02 01:16:50.063939: Step 650: Validation accuracy = 38.0% (N=100)
I0202 01:16:50.064004 140664937167744 retrain.py:1100] 2020-02-02 01:16:50.063939: Step 650: Validation accuracy = 38.0% (N=100)
INFO:tensorflow:2020-02-02 01:16:50.821865: Step 660: Train accuracy = 91.0%
I0202 01:16:50.821952 140664937167744 retrain.py:1082] 2020-02-02 01:16:50.821865: Step 660: Train accuracy = 91.0%
INFO:tensorflow:2020-02-02 01:16:50.822116: Step 660: Cross entropy = 0.373915
I0202 01:16:50.822145 140664937167744 retrain.py:1084] 2020-02-02 01:16:50.822116: Step 660: Cross entropy = 0.373915
INFO:tensorflow:2020-02-02 01:16:50.900629: Step 660: Validation accuracy = 37.0% (N=100)
I0202 01:16:50.900686 140664937167744 retrain.py:1100] 2020-02-02 01:16:50.900629: Step 660: Validation accuracy = 37.0% (N=100)
INFO:tensorflow:2020-02-02 01:16:51.665151: Step 670: Train accuracy = 91.0%
I0202 01:16:51.665208 140664937167744 retrain.py:1082] 2020-02-02 01:16:51.665151: Step 670: Train accuracy = 91.0%
INFO:tensorflow:2020-02-02 01:16:51.665398: Step 670: Cross entropy = 0.413574
I0202 01:16:51.665418 140664937167744 retrain.py:1084] 2020-02-02 01:16:51.665398: Step 670: Cross entropy = 0.413574
INFO:tensorflow:2020-02-02 01:16:51.756671: Step 670: Validation accuracy = 33.0% (N=100)
I0202 01:16:51.756742 140664937167744 retrain.py:1100] 2020-02-02 01:16:51.756671: Step 670: Validation accuracy = 33.0% (N=100)
INFO:tensorflow:2020-02-02 01:16:52.679104: Step 680: Train accuracy = 91.0%
I0202 01:16:52.679231 140664937167744 retrain.py:1082] 2020-02-02 01:16:52.679104: Step 680: Train accuracy = 91.0%
INFO:tensorflow:2020-02-02 01:16:52.679490: Step 680: Cross entropy = 0.381561
I0202 01:16:52.679519 140664937167744 retrain.py:1084] 2020-02-02 01:16:52.679490: Step 680: Cross entropy = 0.381561
INFO:tensorflow:2020-02-02 01:16:52.798738: Step 680: Validation accuracy = 44.0% (N=100)
I0202 01:16:52.798833 140664937167744 retrain.py:1100] 2020-02-02 01:16:52.798738: Step 680: Validation accuracy = 44.0% (N=100)
INFO:tensorflow:2020-02-02 01:16:53.629690: Step 690: Train accuracy = 92.0%
I0202 01:16:53.629759 140664937167744 retrain.py:1082] 2020-02-02 01:16:53.629690: Step 690: Train accuracy = 92.0%
INFO:tensorflow:2020-02-02 01:16:53.629956: Step 690: Cross entropy = 0.355803
I0202 01:16:53.629978 140664937167744 retrain.py:1084] 2020-02-02 01:16:53.629956: Step 690: Cross entropy = 0.355803
INFO:tensorflow:2020-02-02 01:16:53.715621: Step 690: Validation accuracy = 34.0% (N=100)
I0202 01:16:53.715677 140664937167744 retrain.py:1100] 2020-02-02 01:16:53.715621: Step 690: Validation accuracy = 34.0% (N=100)
INFO:tensorflow:2020-02-02 01:16:54.665462: Step 700: Train accuracy = 90.0%
I0202 01:16:54.665541 140664937167744 retrain.py:1082] 2020-02-02 01:16:54.665462: Step 700: Train accuracy = 90.0%
INFO:tensorflow:2020-02-02 01:16:54.665716: Step 700: Cross entropy = 0.412079
I0202 01:16:54.665735 140664937167744 retrain.py:1084] 2020-02-02 01:16:54.665716: Step 700: Cross entropy = 0.412079
INFO:tensorflow:2020-02-02 01:16:54.748190: Step 700: Validation accuracy = 41.0% (N=100)
I0202 01:16:54.748248 140664937167744 retrain.py:1100] 2020-02-02 01:16:54.748190: Step 700: Validation accuracy = 41.0% (N=100)
INFO:tensorflow:2020-02-02 01:16:55.678616: Step 710: Train accuracy = 94.0%
I0202 01:16:55.678729 140664937167744 retrain.py:1082] 2020-02-02 01:16:55.678616: Step 710: Train accuracy = 94.0%
INFO:tensorflow:2020-02-02 01:16:55.678937: Step 710: Cross entropy = 0.372516
I0202 01:16:55.678973 140664937167744 retrain.py:1084] 2020-02-02 01:16:55.678937: Step 710: Cross entropy = 0.372516
INFO:tensorflow:2020-02-02 01:16:55.780562: Step 710: Validation accuracy = 46.0% (N=100)
I0202 01:16:55.780628 140664937167744 retrain.py:1100] 2020-02-02 01:16:55.780562: Step 710: Validation accuracy = 46.0% (N=100)
INFO:tensorflow:2020-02-02 01:16:56.621231: Step 720: Train accuracy = 89.0%
I0202 01:16:56.621298 140664937167744 retrain.py:1082] 2020-02-02 01:16:56.621231: Step 720: Train accuracy = 89.0%
INFO:tensorflow:2020-02-02 01:16:56.621473: Step 720: Cross entropy = 0.398417
I0202 01:16:56.621494 140664937167744 retrain.py:1084] 2020-02-02 01:16:56.621473: Step 720: Cross entropy = 0.398417
INFO:tensorflow:2020-02-02 01:16:56.703290: Step 720: Validation accuracy = 40.0% (N=100)
I0202 01:16:56.703370 140664937167744 retrain.py:1100] 2020-02-02 01:16:56.703290: Step 720: Validation accuracy = 40.0% (N=100)
INFO:tensorflow:2020-02-02 01:16:57.500336: Step 730: Train accuracy = 93.0%
I0202 01:16:57.500402 140664937167744 retrain.py:1082] 2020-02-02 01:16:57.500336: Step 730: Train accuracy = 93.0%
INFO:tensorflow:2020-02-02 01:16:57.500579: Step 730: Cross entropy = 0.394712
I0202 01:16:57.500599 140664937167744 retrain.py:1084] 2020-02-02 01:16:57.500579: Step 730: Cross entropy = 0.394712
INFO:tensorflow:2020-02-02 01:16:57.588987: Step 730: Validation accuracy = 33.0% (N=100)
I0202 01:16:57.589059 140664937167744 retrain.py:1100] 2020-02-02 01:16:57.588987: Step 730: Validation accuracy = 33.0% (N=100)
INFO:tensorflow:2020-02-02 01:16:58.352323: Step 740: Train accuracy = 91.0%
I0202 01:16:58.352403 140664937167744 retrain.py:1082] 2020-02-02 01:16:58.352323: Step 740: Train accuracy = 91.0%
INFO:tensorflow:2020-02-02 01:16:58.352626: Step 740: Cross entropy = 0.362065
I0202 01:16:58.352648 140664937167744 retrain.py:1084] 2020-02-02 01:16:58.352626: Step 740: Cross entropy = 0.362065
INFO:tensorflow:2020-02-02 01:16:58.427737: Step 740: Validation accuracy = 27.0% (N=100)
I0202 01:16:58.427796 140664937167744 retrain.py:1100] 2020-02-02 01:16:58.427737: Step 740: Validation accuracy = 27.0% (N=100)
INFO:tensorflow:2020-02-02 01:16:59.170685: Step 750: Train accuracy = 92.0%
I0202 01:16:59.170744 140664937167744 retrain.py:1082] 2020-02-02 01:16:59.170685: Step 750: Train accuracy = 92.0%
INFO:tensorflow:2020-02-02 01:16:59.170925: Step 750: Cross entropy = 0.361728
I0202 01:16:59.170940 140664937167744 retrain.py:1084] 2020-02-02 01:16:59.170925: Step 750: Cross entropy = 0.361728
INFO:tensorflow:2020-02-02 01:16:59.245188: Step 750: Validation accuracy = 42.0% (N=100)
I0202 01:16:59.245244 140664937167744 retrain.py:1100] 2020-02-02 01:16:59.245188: Step 750: Validation accuracy = 42.0% (N=100)
INFO:tensorflow:2020-02-02 01:16:59.995154: Step 760: Train accuracy = 94.0%
I0202 01:16:59.995211 140664937167744 retrain.py:1082] 2020-02-02 01:16:59.995154: Step 760: Train accuracy = 94.0%
INFO:tensorflow:2020-02-02 01:16:59.995388: Step 760: Cross entropy = 0.371914
I0202 01:16:59.995402 140664937167744 retrain.py:1084] 2020-02-02 01:16:59.995388: Step 760: Cross entropy = 0.371914
INFO:tensorflow:2020-02-02 01:17:00.074465: Step 760: Validation accuracy = 43.0% (N=100)
I0202 01:17:00.074521 140664937167744 retrain.py:1100] 2020-02-02 01:17:00.074465: Step 760: Validation accuracy = 43.0% (N=100)
INFO:tensorflow:2020-02-02 01:17:00.834203: Step 770: Train accuracy = 90.0%
I0202 01:17:00.834263 140664937167744 retrain.py:1082] 2020-02-02 01:17:00.834203: Step 770: Train accuracy = 90.0%
INFO:tensorflow:2020-02-02 01:17:00.834452: Step 770: Cross entropy = 0.386210
I0202 01:17:00.834474 140664937167744 retrain.py:1084] 2020-02-02 01:17:00.834452: Step 770: Cross entropy = 0.386210
INFO:tensorflow:2020-02-02 01:17:00.911570: Step 770: Validation accuracy = 33.0% (N=100)
I0202 01:17:00.911623 140664937167744 retrain.py:1100] 2020-02-02 01:17:00.911570: Step 770: Validation accuracy = 33.0% (N=100)
INFO:tensorflow:2020-02-02 01:17:01.660376: Step 780: Train accuracy = 96.0%
I0202 01:17:01.660432 140664937167744 retrain.py:1082] 2020-02-02 01:17:01.660376: Step 780: Train accuracy = 96.0%
INFO:tensorflow:2020-02-02 01:17:01.660621: Step 780: Cross entropy = 0.371646
I0202 01:17:01.660645 140664937167744 retrain.py:1084] 2020-02-02 01:17:01.660621: Step 780: Cross entropy = 0.371646
INFO:tensorflow:2020-02-02 01:17:01.738293: Step 780: Validation accuracy = 42.0% (N=100)
I0202 01:17:01.738382 140664937167744 retrain.py:1100] 2020-02-02 01:17:01.738293: Step 780: Validation accuracy = 42.0% (N=100)
INFO:tensorflow:2020-02-02 01:17:02.494793: Step 790: Train accuracy = 92.0%
I0202 01:17:02.494848 140664937167744 retrain.py:1082] 2020-02-02 01:17:02.494793: Step 790: Train accuracy = 92.0%
INFO:tensorflow:2020-02-02 01:17:02.495053: Step 790: Cross entropy = 0.369080
I0202 01:17:02.495080 140664937167744 retrain.py:1084] 2020-02-02 01:17:02.495053: Step 790: Cross entropy = 0.369080
INFO:tensorflow:2020-02-02 01:17:02.572729: Step 790: Validation accuracy = 45.0% (N=100)
I0202 01:17:02.572798 140664937167744 retrain.py:1100] 2020-02-02 01:17:02.572729: Step 790: Validation accuracy = 45.0% (N=100)
INFO:tensorflow:2020-02-02 01:17:03.329092: Step 800: Train accuracy = 90.0%
I0202 01:17:03.329192 140664937167744 retrain.py:1082] 2020-02-02 01:17:03.329092: Step 800: Train accuracy = 90.0%
INFO:tensorflow:2020-02-02 01:17:03.329334: Step 800: Cross entropy = 0.372236
I0202 01:17:03.329354 140664937167744 retrain.py:1084] 2020-02-02 01:17:03.329334: Step 800: Cross entropy = 0.372236
INFO:tensorflow:2020-02-02 01:17:03.411712: Step 800: Validation accuracy = 37.0% (N=100)
I0202 01:17:03.411768 140664937167744 retrain.py:1100] 2020-02-02 01:17:03.411712: Step 800: Validation accuracy = 37.0% (N=100)
INFO:tensorflow:2020-02-02 01:17:04.166694: Step 810: Train accuracy = 95.0%
I0202 01:17:04.166814 140664937167744 retrain.py:1082] 2020-02-02 01:17:04.166694: Step 810: Train accuracy = 95.0%
INFO:tensorflow:2020-02-02 01:17:04.167042: Step 810: Cross entropy = 0.332320
I0202 01:17:04.167066 140664937167744 retrain.py:1084] 2020-02-02 01:17:04.167042: Step 810: Cross entropy = 0.332320
INFO:tensorflow:2020-02-02 01:17:04.251555: Step 810: Validation accuracy = 31.0% (N=100)
I0202 01:17:04.251612 140664937167744 retrain.py:1100] 2020-02-02 01:17:04.251555: Step 810: Validation accuracy = 31.0% (N=100)
INFO:tensorflow:2020-02-02 01:17:05.020916: Step 820: Train accuracy = 98.0%
I0202 01:17:05.020972 140664937167744 retrain.py:1082] 2020-02-02 01:17:05.020916: Step 820: Train accuracy = 98.0%
INFO:tensorflow:2020-02-02 01:17:05.021118: Step 820: Cross entropy = 0.357437
I0202 01:17:05.021145 140664937167744 retrain.py:1084] 2020-02-02 01:17:05.021118: Step 820: Cross entropy = 0.357437
INFO:tensorflow:2020-02-02 01:17:05.097169: Step 820: Validation accuracy = 44.0% (N=100)
I0202 01:17:05.097224 140664937167744 retrain.py:1100] 2020-02-02 01:17:05.097169: Step 820: Validation accuracy = 44.0% (N=100)
INFO:tensorflow:2020-02-02 01:17:05.891916: Step 830: Train accuracy = 95.0%
I0202 01:17:05.891970 140664937167744 retrain.py:1082] 2020-02-02 01:17:05.891916: Step 830: Train accuracy = 95.0%
INFO:tensorflow:2020-02-02 01:17:05.892126: Step 830: Cross entropy = 0.346639
I0202 01:17:05.892159 140664937167744 retrain.py:1084] 2020-02-02 01:17:05.892126: Step 830: Cross entropy = 0.346639
INFO:tensorflow:2020-02-02 01:17:05.969606: Step 830: Validation accuracy = 38.0% (N=100)
I0202 01:17:05.969686 140664937167744 retrain.py:1100] 2020-02-02 01:17:05.969606: Step 830: Validation accuracy = 38.0% (N=100)
INFO:tensorflow:2020-02-02 01:17:06.786426: Step 840: Train accuracy = 96.0%
I0202 01:17:06.786483 140664937167744 retrain.py:1082] 2020-02-02 01:17:06.786426: Step 840: Train accuracy = 96.0%
INFO:tensorflow:2020-02-02 01:17:06.786724: Step 840: Cross entropy = 0.356727
I0202 01:17:06.786746 140664937167744 retrain.py:1084] 2020-02-02 01:17:06.786724: Step 840: Cross entropy = 0.356727
INFO:tensorflow:2020-02-02 01:17:06.869827: Step 840: Validation accuracy = 40.0% (N=100)
I0202 01:17:06.869909 140664937167744 retrain.py:1100] 2020-02-02 01:17:06.869827: Step 840: Validation accuracy = 40.0% (N=100)
INFO:tensorflow:2020-02-02 01:17:07.751213: Step 850: Train accuracy = 93.0%
I0202 01:17:07.751350 140664937167744 retrain.py:1082] 2020-02-02 01:17:07.751213: Step 850: Train accuracy = 93.0%
INFO:tensorflow:2020-02-02 01:17:07.751637: Step 850: Cross entropy = 0.390172
I0202 01:17:07.751679 140664937167744 retrain.py:1084] 2020-02-02 01:17:07.751637: Step 850: Cross entropy = 0.390172
INFO:tensorflow:2020-02-02 01:17:07.889473: Step 850: Validation accuracy = 41.0% (N=100)
I0202 01:17:07.889560 140664937167744 retrain.py:1100] 2020-02-02 01:17:07.889473: Step 850: Validation accuracy = 41.0% (N=100)
INFO:tensorflow:2020-02-02 01:17:08.731404: Step 860: Train accuracy = 95.0%
I0202 01:17:08.731468 140664937167744 retrain.py:1082] 2020-02-02 01:17:08.731404: Step 860: Train accuracy = 95.0%
INFO:tensorflow:2020-02-02 01:17:08.731624: Step 860: Cross entropy = 0.374857
I0202 01:17:08.731644 140664937167744 retrain.py:1084] 2020-02-02 01:17:08.731624: Step 860: Cross entropy = 0.374857
INFO:tensorflow:2020-02-02 01:17:08.814787: Step 860: Validation accuracy = 38.0% (N=100)
I0202 01:17:08.814844 140664937167744 retrain.py:1100] 2020-02-02 01:17:08.814787: Step 860: Validation accuracy = 38.0% (N=100)
INFO:tensorflow:2020-02-02 01:17:09.605872: Step 870: Train accuracy = 90.0%
I0202 01:17:09.605988 140664937167744 retrain.py:1082] 2020-02-02 01:17:09.605872: Step 870: Train accuracy = 90.0%
INFO:tensorflow:2020-02-02 01:17:09.606207: Step 870: Cross entropy = 0.333200
I0202 01:17:09.606234 140664937167744 retrain.py:1084] 2020-02-02 01:17:09.606207: Step 870: Cross entropy = 0.333200
INFO:tensorflow:2020-02-02 01:17:09.690018: Step 870: Validation accuracy = 39.0% (N=100)
I0202 01:17:09.690085 140664937167744 retrain.py:1100] 2020-02-02 01:17:09.690018: Step 870: Validation accuracy = 39.0% (N=100)
INFO:tensorflow:2020-02-02 01:17:10.521894: Step 880: Train accuracy = 94.0%
I0202 01:17:10.521981 140664937167744 retrain.py:1082] 2020-02-02 01:17:10.521894: Step 880: Train accuracy = 94.0%
INFO:tensorflow:2020-02-02 01:17:10.522177: Step 880: Cross entropy = 0.354934
I0202 01:17:10.522195 140664937167744 retrain.py:1084] 2020-02-02 01:17:10.522177: Step 880: Cross entropy = 0.354934
INFO:tensorflow:2020-02-02 01:17:10.611874: Step 880: Validation accuracy = 29.0% (N=100)
I0202 01:17:10.612016 140664937167744 retrain.py:1100] 2020-02-02 01:17:10.611874: Step 880: Validation accuracy = 29.0% (N=100)
INFO:tensorflow:2020-02-02 01:17:11.456463: Step 890: Train accuracy = 91.0%
I0202 01:17:11.456554 140664937167744 retrain.py:1082] 2020-02-02 01:17:11.456463: Step 890: Train accuracy = 91.0%
INFO:tensorflow:2020-02-02 01:17:11.456726: Step 890: Cross entropy = 0.376700
I0202 01:17:11.456746 140664937167744 retrain.py:1084] 2020-02-02 01:17:11.456726: Step 890: Cross entropy = 0.376700
INFO:tensorflow:2020-02-02 01:17:11.542798: Step 890: Validation accuracy = 46.0% (N=100)
I0202 01:17:11.542867 140664937167744 retrain.py:1100] 2020-02-02 01:17:11.542798: Step 890: Validation accuracy = 46.0% (N=100)
INFO:tensorflow:2020-02-02 01:17:12.336711: Step 900: Train accuracy = 91.0%
I0202 01:17:12.336812 140664937167744 retrain.py:1082] 2020-02-02 01:17:12.336711: Step 900: Train accuracy = 91.0%
INFO:tensorflow:2020-02-02 01:17:12.337212: Step 900: Cross entropy = 0.356752
I0202 01:17:12.337307 140664937167744 retrain.py:1084] 2020-02-02 01:17:12.337212: Step 900: Cross entropy = 0.356752
INFO:tensorflow:2020-02-02 01:17:12.442193: Step 900: Validation accuracy = 52.0% (N=100)
I0202 01:17:12.442281 140664937167744 retrain.py:1100] 2020-02-02 01:17:12.442193: Step 900: Validation accuracy = 52.0% (N=100)
INFO:tensorflow:2020-02-02 01:17:13.200495: Step 910: Train accuracy = 92.0%
I0202 01:17:13.200559 140664937167744 retrain.py:1082] 2020-02-02 01:17:13.200495: Step 910: Train accuracy = 92.0%
INFO:tensorflow:2020-02-02 01:17:13.200718: Step 910: Cross entropy = 0.354952
I0202 01:17:13.200736 140664937167744 retrain.py:1084] 2020-02-02 01:17:13.200718: Step 910: Cross entropy = 0.354952
INFO:tensorflow:2020-02-02 01:17:13.276212: Step 910: Validation accuracy = 28.0% (N=100)
I0202 01:17:13.276275 140664937167744 retrain.py:1100] 2020-02-02 01:17:13.276212: Step 910: Validation accuracy = 28.0% (N=100)
INFO:tensorflow:2020-02-02 01:17:14.030956: Step 920: Train accuracy = 92.0%
I0202 01:17:14.031012 140664937167744 retrain.py:1082] 2020-02-02 01:17:14.030956: Step 920: Train accuracy = 92.0%
INFO:tensorflow:2020-02-02 01:17:14.031197: Step 920: Cross entropy = 0.333194
I0202 01:17:14.031216 140664937167744 retrain.py:1084] 2020-02-02 01:17:14.031197: Step 920: Cross entropy = 0.333194
INFO:tensorflow:2020-02-02 01:17:14.120785: Step 920: Validation accuracy = 34.0% (N=100)
I0202 01:17:14.120839 140664937167744 retrain.py:1100] 2020-02-02 01:17:14.120785: Step 920: Validation accuracy = 34.0% (N=100)
INFO:tensorflow:2020-02-02 01:17:14.909843: Step 930: Train accuracy = 96.0%
I0202 01:17:14.909930 140664937167744 retrain.py:1082] 2020-02-02 01:17:14.909843: Step 930: Train accuracy = 96.0%
INFO:tensorflow:2020-02-02 01:17:14.910090: Step 930: Cross entropy = 0.322478
I0202 01:17:14.910109 140664937167744 retrain.py:1084] 2020-02-02 01:17:14.910090: Step 930: Cross entropy = 0.322478
INFO:tensorflow:2020-02-02 01:17:14.995559: Step 930: Validation accuracy = 40.0% (N=100)
I0202 01:17:14.995618 140664937167744 retrain.py:1100] 2020-02-02 01:17:14.995559: Step 930: Validation accuracy = 40.0% (N=100)
INFO:tensorflow:2020-02-02 01:17:15.870790: Step 940: Train accuracy = 90.0%
I0202 01:17:15.870882 140664937167744 retrain.py:1082] 2020-02-02 01:17:15.870790: Step 940: Train accuracy = 90.0%
INFO:tensorflow:2020-02-02 01:17:15.871011: Step 940: Cross entropy = 0.384742
I0202 01:17:15.871042 140664937167744 retrain.py:1084] 2020-02-02 01:17:15.871011: Step 940: Cross entropy = 0.384742
INFO:tensorflow:2020-02-02 01:17:15.955265: Step 940: Validation accuracy = 48.0% (N=100)
I0202 01:17:15.955322 140664937167744 retrain.py:1100] 2020-02-02 01:17:15.955265: Step 940: Validation accuracy = 48.0% (N=100)
INFO:tensorflow:2020-02-02 01:17:16.995329: Step 950: Train accuracy = 90.0%
I0202 01:17:16.995425 140664937167744 retrain.py:1082] 2020-02-02 01:17:16.995329: Step 950: Train accuracy = 90.0%
INFO:tensorflow:2020-02-02 01:17:16.995673: Step 950: Cross entropy = 0.361468
I0202 01:17:16.995704 140664937167744 retrain.py:1084] 2020-02-02 01:17:16.995673: Step 950: Cross entropy = 0.361468
INFO:tensorflow:2020-02-02 01:17:17.102787: Step 950: Validation accuracy = 47.0% (N=100)
I0202 01:17:17.102860 140664937167744 retrain.py:1100] 2020-02-02 01:17:17.102787: Step 950: Validation accuracy = 47.0% (N=100)
INFO:tensorflow:2020-02-02 01:17:18.209646: Step 960: Train accuracy = 93.0%
I0202 01:17:18.209702 140664937167744 retrain.py:1082] 2020-02-02 01:17:18.209646: Step 960: Train accuracy = 93.0%
INFO:tensorflow:2020-02-02 01:17:18.209884: Step 960: Cross entropy = 0.381445
I0202 01:17:18.209926 140664937167744 retrain.py:1084] 2020-02-02 01:17:18.209884: Step 960: Cross entropy = 0.381445
INFO:tensorflow:2020-02-02 01:17:18.302233: Step 960: Validation accuracy = 48.0% (N=100)
I0202 01:17:18.302306 140664937167744 retrain.py:1100] 2020-02-02 01:17:18.302233: Step 960: Validation accuracy = 48.0% (N=100)
INFO:tensorflow:2020-02-02 01:17:19.176489: Step 970: Train accuracy = 93.0%
I0202 01:17:19.176574 140664937167744 retrain.py:1082] 2020-02-02 01:17:19.176489: Step 970: Train accuracy = 93.0%
INFO:tensorflow:2020-02-02 01:17:19.176762: Step 970: Cross entropy = 0.366806
I0202 01:17:19.176790 140664937167744 retrain.py:1084] 2020-02-02 01:17:19.176762: Step 970: Cross entropy = 0.366806
INFO:tensorflow:2020-02-02 01:17:19.258028: Step 970: Validation accuracy = 37.0% (N=100)
I0202 01:17:19.258099 140664937167744 retrain.py:1100] 2020-02-02 01:17:19.258028: Step 970: Validation accuracy = 37.0% (N=100)
INFO:tensorflow:2020-02-02 01:17:20.062829: Step 980: Train accuracy = 93.0%
I0202 01:17:20.062895 140664937167744 retrain.py:1082] 2020-02-02 01:17:20.062829: Step 980: Train accuracy = 93.0%
INFO:tensorflow:2020-02-02 01:17:20.063064: Step 980: Cross entropy = 0.356532
I0202 01:17:20.063086 140664937167744 retrain.py:1084] 2020-02-02 01:17:20.063064: Step 980: Cross entropy = 0.356532
INFO:tensorflow:2020-02-02 01:17:20.141048: Step 980: Validation accuracy = 49.0% (N=100)
I0202 01:17:20.141126 140664937167744 retrain.py:1100] 2020-02-02 01:17:20.141048: Step 980: Validation accuracy = 49.0% (N=100)
INFO:tensorflow:2020-02-02 01:17:21.126103: Step 990: Train accuracy = 95.0%
I0202 01:17:21.126192 140664937167744 retrain.py:1082] 2020-02-02 01:17:21.126103: Step 990: Train accuracy = 95.0%
INFO:tensorflow:2020-02-02 01:17:21.126609: Step 990: Cross entropy = 0.330223
I0202 01:17:21.126635 140664937167744 retrain.py:1084] 2020-02-02 01:17:21.126609: Step 990: Cross entropy = 0.330223
INFO:tensorflow:2020-02-02 01:17:21.211288: Step 990: Validation accuracy = 49.0% (N=100)
I0202 01:17:21.211344 140664937167744 retrain.py:1100] 2020-02-02 01:17:21.211288: Step 990: Validation accuracy = 49.0% (N=100)
INFO:tensorflow:2020-02-02 01:17:22.012859: Step 1000: Train accuracy = 95.0%
I0202 01:17:22.012966 140664937167744 retrain.py:1082] 2020-02-02 01:17:22.012859: Step 1000: Train accuracy = 95.0%
INFO:tensorflow:2020-02-02 01:17:22.013210: Step 1000: Cross entropy = 0.341072
I0202 01:17:22.013234 140664937167744 retrain.py:1084] 2020-02-02 01:17:22.013210: Step 1000: Cross entropy = 0.341072
INFO:tensorflow:2020-02-02 01:17:22.170527: Step 1000: Validation accuracy = 38.0% (N=100)
I0202 01:17:22.170687 140664937167744 retrain.py:1100] 2020-02-02 01:17:22.170527: Step 1000: Validation accuracy = 38.0% (N=100)
INFO:tensorflow:2020-02-02 01:17:22.983371: Step 1010: Train accuracy = 87.0%
I0202 01:17:22.983427 140664937167744 retrain.py:1082] 2020-02-02 01:17:22.983371: Step 1010: Train accuracy = 87.0%
INFO:tensorflow:2020-02-02 01:17:22.983607: Step 1010: Cross entropy = 0.394149
I0202 01:17:22.983626 140664937167744 retrain.py:1084] 2020-02-02 01:17:22.983607: Step 1010: Cross entropy = 0.394149
INFO:tensorflow:2020-02-02 01:17:23.072745: Step 1010: Validation accuracy = 44.0% (N=100)
I0202 01:17:23.072812 140664937167744 retrain.py:1100] 2020-02-02 01:17:23.072745: Step 1010: Validation accuracy = 44.0% (N=100)
INFO:tensorflow:2020-02-02 01:17:23.880705: Step 1020: Train accuracy = 89.0%
I0202 01:17:23.880794 140664937167744 retrain.py:1082] 2020-02-02 01:17:23.880705: Step 1020: Train accuracy = 89.0%
INFO:tensorflow:2020-02-02 01:17:23.880978: Step 1020: Cross entropy = 0.336843
I0202 01:17:23.880998 140664937167744 retrain.py:1084] 2020-02-02 01:17:23.880978: Step 1020: Cross entropy = 0.336843
INFO:tensorflow:2020-02-02 01:17:23.963111: Step 1020: Validation accuracy = 39.0% (N=100)
I0202 01:17:23.963183 140664937167744 retrain.py:1100] 2020-02-02 01:17:23.963111: Step 1020: Validation accuracy = 39.0% (N=100)
INFO:tensorflow:2020-02-02 01:17:25.048424: Step 1030: Train accuracy = 93.0%
I0202 01:17:25.048499 140664937167744 retrain.py:1082] 2020-02-02 01:17:25.048424: Step 1030: Train accuracy = 93.0%
INFO:tensorflow:2020-02-02 01:17:25.048684: Step 1030: Cross entropy = 0.334593
I0202 01:17:25.048732 140664937167744 retrain.py:1084] 2020-02-02 01:17:25.048684: Step 1030: Cross entropy = 0.334593
INFO:tensorflow:2020-02-02 01:17:25.129720: Step 1030: Validation accuracy = 46.0% (N=100)
I0202 01:17:25.129797 140664937167744 retrain.py:1100] 2020-02-02 01:17:25.129720: Step 1030: Validation accuracy = 46.0% (N=100)
INFO:tensorflow:2020-02-02 01:17:26.014089: Step 1040: Train accuracy = 94.0%
I0202 01:17:26.014165 140664937167744 retrain.py:1082] 2020-02-02 01:17:26.014089: Step 1040: Train accuracy = 94.0%
INFO:tensorflow:2020-02-02 01:17:26.014326: Step 1040: Cross entropy = 0.320437
I0202 01:17:26.014356 140664937167744 retrain.py:1084] 2020-02-02 01:17:26.014326: Step 1040: Cross entropy = 0.320437
INFO:tensorflow:2020-02-02 01:17:26.111069: Step 1040: Validation accuracy = 48.0% (N=100)
I0202 01:17:26.111175 140664937167744 retrain.py:1100] 2020-02-02 01:17:26.111069: Step 1040: Validation accuracy = 48.0% (N=100)
INFO:tensorflow:2020-02-02 01:17:27.036789: Step 1050: Train accuracy = 93.0%
I0202 01:17:27.036882 140664937167744 retrain.py:1082] 2020-02-02 01:17:27.036789: Step 1050: Train accuracy = 93.0%
INFO:tensorflow:2020-02-02 01:17:27.037051: Step 1050: Cross entropy = 0.347261
I0202 01:17:27.037071 140664937167744 retrain.py:1084] 2020-02-02 01:17:27.037051: Step 1050: Cross entropy = 0.347261
INFO:tensorflow:2020-02-02 01:17:27.113705: Step 1050: Validation accuracy = 42.0% (N=100)
I0202 01:17:27.113762 140664937167744 retrain.py:1100] 2020-02-02 01:17:27.113705: Step 1050: Validation accuracy = 42.0% (N=100)
INFO:tensorflow:2020-02-02 01:17:28.003789: Step 1060: Train accuracy = 96.0%
I0202 01:17:28.003848 140664937167744 retrain.py:1082] 2020-02-02 01:17:28.003789: Step 1060: Train accuracy = 96.0%
INFO:tensorflow:2020-02-02 01:17:28.004030: Step 1060: Cross entropy = 0.322294
I0202 01:17:28.004049 140664937167744 retrain.py:1084] 2020-02-02 01:17:28.004030: Step 1060: Cross entropy = 0.322294
INFO:tensorflow:2020-02-02 01:17:28.148251: Step 1060: Validation accuracy = 40.0% (N=100)
I0202 01:17:28.148360 140664937167744 retrain.py:1100] 2020-02-02 01:17:28.148251: Step 1060: Validation accuracy = 40.0% (N=100)
INFO:tensorflow:2020-02-02 01:17:29.091215: Step 1070: Train accuracy = 99.0%
I0202 01:17:29.091282 140664937167744 retrain.py:1082] 2020-02-02 01:17:29.091215: Step 1070: Train accuracy = 99.0%
INFO:tensorflow:2020-02-02 01:17:29.091469: Step 1070: Cross entropy = 0.295649
I0202 01:17:29.091583 140664937167744 retrain.py:1084] 2020-02-02 01:17:29.091469: Step 1070: Cross entropy = 0.295649
INFO:tensorflow:2020-02-02 01:17:29.182745: Step 1070: Validation accuracy = 46.0% (N=100)
I0202 01:17:29.182802 140664937167744 retrain.py:1100] 2020-02-02 01:17:29.182745: Step 1070: Validation accuracy = 46.0% (N=100)
INFO:tensorflow:2020-02-02 01:17:30.377070: Step 1080: Train accuracy = 94.0%
I0202 01:17:30.377151 140664937167744 retrain.py:1082] 2020-02-02 01:17:30.377070: Step 1080: Train accuracy = 94.0%
INFO:tensorflow:2020-02-02 01:17:30.377486: Step 1080: Cross entropy = 0.315756
I0202 01:17:30.377521 140664937167744 retrain.py:1084] 2020-02-02 01:17:30.377486: Step 1080: Cross entropy = 0.315756
INFO:tensorflow:2020-02-02 01:17:30.471352: Step 1080: Validation accuracy = 47.0% (N=100)
I0202 01:17:30.471436 140664937167744 retrain.py:1100] 2020-02-02 01:17:30.471352: Step 1080: Validation accuracy = 47.0% (N=100)
INFO:tensorflow:2020-02-02 01:17:31.301890: Step 1090: Train accuracy = 95.0%
I0202 01:17:31.301958 140664937167744 retrain.py:1082] 2020-02-02 01:17:31.301890: Step 1090: Train accuracy = 95.0%
INFO:tensorflow:2020-02-02 01:17:31.302148: Step 1090: Cross entropy = 0.296384
I0202 01:17:31.302165 140664937167744 retrain.py:1084] 2020-02-02 01:17:31.302148: Step 1090: Cross entropy = 0.296384
INFO:tensorflow:2020-02-02 01:17:31.377616: Step 1090: Validation accuracy = 42.0% (N=100)
I0202 01:17:31.377672 140664937167744 retrain.py:1100] 2020-02-02 01:17:31.377616: Step 1090: Validation accuracy = 42.0% (N=100)
INFO:tensorflow:2020-02-02 01:17:32.129501: Step 1100: Train accuracy = 96.0%
I0202 01:17:32.129569 140664937167744 retrain.py:1082] 2020-02-02 01:17:32.129501: Step 1100: Train accuracy = 96.0%
INFO:tensorflow:2020-02-02 01:17:32.129729: Step 1100: Cross entropy = 0.303993
I0202 01:17:32.129766 140664937167744 retrain.py:1084] 2020-02-02 01:17:32.129729: Step 1100: Cross entropy = 0.303993
INFO:tensorflow:2020-02-02 01:17:32.209260: Step 1100: Validation accuracy = 42.0% (N=100)
I0202 01:17:32.209330 140664937167744 retrain.py:1100] 2020-02-02 01:17:32.209260: Step 1100: Validation accuracy = 42.0% (N=100)
INFO:tensorflow:2020-02-02 01:17:32.996616: Step 1110: Train accuracy = 93.0%
I0202 01:17:32.996695 140664937167744 retrain.py:1082] 2020-02-02 01:17:32.996616: Step 1110: Train accuracy = 93.0%
INFO:tensorflow:2020-02-02 01:17:32.996856: Step 1110: Cross entropy = 0.320220
I0202 01:17:32.996876 140664937167744 retrain.py:1084] 2020-02-02 01:17:32.996856: Step 1110: Cross entropy = 0.320220
INFO:tensorflow:2020-02-02 01:17:33.080411: Step 1110: Validation accuracy = 36.0% (N=100)
I0202 01:17:33.080484 140664937167744 retrain.py:1100] 2020-02-02 01:17:33.080411: Step 1110: Validation accuracy = 36.0% (N=100)
INFO:tensorflow:2020-02-02 01:17:33.862694: Step 1120: Train accuracy = 94.0%
I0202 01:17:33.862774 140664937167744 retrain.py:1082] 2020-02-02 01:17:33.862694: Step 1120: Train accuracy = 94.0%
INFO:tensorflow:2020-02-02 01:17:33.862925: Step 1120: Cross entropy = 0.326917
I0202 01:17:33.862945 140664937167744 retrain.py:1084] 2020-02-02 01:17:33.862925: Step 1120: Cross entropy = 0.326917
INFO:tensorflow:2020-02-02 01:17:33.962642: Step 1120: Validation accuracy = 47.0% (N=100)
I0202 01:17:33.962699 140664937167744 retrain.py:1100] 2020-02-02 01:17:33.962642: Step 1120: Validation accuracy = 47.0% (N=100)
INFO:tensorflow:2020-02-02 01:17:34.861118: Step 1130: Train accuracy = 93.0%
I0202 01:17:34.861173 140664937167744 retrain.py:1082] 2020-02-02 01:17:34.861118: Step 1130: Train accuracy = 93.0%
INFO:tensorflow:2020-02-02 01:17:34.861356: Step 1130: Cross entropy = 0.319590
I0202 01:17:34.861374 140664937167744 retrain.py:1084] 2020-02-02 01:17:34.861356: Step 1130: Cross entropy = 0.319590
INFO:tensorflow:2020-02-02 01:17:34.944980: Step 1130: Validation accuracy = 37.0% (N=100)
I0202 01:17:34.945073 140664937167744 retrain.py:1100] 2020-02-02 01:17:34.944980: Step 1130: Validation accuracy = 37.0% (N=100)
INFO:tensorflow:2020-02-02 01:17:35.830077: Step 1140: Train accuracy = 93.0%
I0202 01:17:35.830157 140664937167744 retrain.py:1082] 2020-02-02 01:17:35.830077: Step 1140: Train accuracy = 93.0%
INFO:tensorflow:2020-02-02 01:17:35.830569: Step 1140: Cross entropy = 0.341695
I0202 01:17:35.830593 140664937167744 retrain.py:1084] 2020-02-02 01:17:35.830569: Step 1140: Cross entropy = 0.341695
INFO:tensorflow:2020-02-02 01:17:35.935119: Step 1140: Validation accuracy = 35.0% (N=100)
I0202 01:17:35.935237 140664937167744 retrain.py:1100] 2020-02-02 01:17:35.935119: Step 1140: Validation accuracy = 35.0% (N=100)
INFO:tensorflow:2020-02-02 01:17:36.887628: Step 1150: Train accuracy = 96.0%
I0202 01:17:36.887744 140664937167744 retrain.py:1082] 2020-02-02 01:17:36.887628: Step 1150: Train accuracy = 96.0%
INFO:tensorflow:2020-02-02 01:17:36.888035: Step 1150: Cross entropy = 0.302898
I0202 01:17:36.888061 140664937167744 retrain.py:1084] 2020-02-02 01:17:36.888035: Step 1150: Cross entropy = 0.302898
INFO:tensorflow:2020-02-02 01:17:36.973129: Step 1150: Validation accuracy = 48.0% (N=100)
I0202 01:17:36.973195 140664937167744 retrain.py:1100] 2020-02-02 01:17:36.973129: Step 1150: Validation accuracy = 48.0% (N=100)
INFO:tensorflow:2020-02-02 01:17:37.952215: Step 1160: Train accuracy = 93.0%
I0202 01:17:37.952310 140664937167744 retrain.py:1082] 2020-02-02 01:17:37.952215: Step 1160: Train accuracy = 93.0%
INFO:tensorflow:2020-02-02 01:17:37.952631: Step 1160: Cross entropy = 0.333188
I0202 01:17:37.952656 140664937167744 retrain.py:1084] 2020-02-02 01:17:37.952631: Step 1160: Cross entropy = 0.333188
INFO:tensorflow:2020-02-02 01:17:38.059218: Step 1160: Validation accuracy = 44.0% (N=100)
I0202 01:17:38.059319 140664937167744 retrain.py:1100] 2020-02-02 01:17:38.059218: Step 1160: Validation accuracy = 44.0% (N=100)
INFO:tensorflow:2020-02-02 01:17:39.005167: Step 1170: Train accuracy = 96.0%
I0202 01:17:39.005277 140664937167744 retrain.py:1082] 2020-02-02 01:17:39.005167: Step 1170: Train accuracy = 96.0%
INFO:tensorflow:2020-02-02 01:17:39.005520: Step 1170: Cross entropy = 0.300828
I0202 01:17:39.005547 140664937167744 retrain.py:1084] 2020-02-02 01:17:39.005520: Step 1170: Cross entropy = 0.300828
INFO:tensorflow:2020-02-02 01:17:39.123470: Step 1170: Validation accuracy = 39.0% (N=100)
I0202 01:17:39.123537 140664937167744 retrain.py:1100] 2020-02-02 01:17:39.123470: Step 1170: Validation accuracy = 39.0% (N=100)
INFO:tensorflow:2020-02-02 01:17:39.956779: Step 1180: Train accuracy = 94.0%
I0202 01:17:39.956845 140664937167744 retrain.py:1082] 2020-02-02 01:17:39.956779: Step 1180: Train accuracy = 94.0%
INFO:tensorflow:2020-02-02 01:17:39.956994: Step 1180: Cross entropy = 0.313140
I0202 01:17:39.957012 140664937167744 retrain.py:1084] 2020-02-02 01:17:39.956994: Step 1180: Cross entropy = 0.313140
INFO:tensorflow:2020-02-02 01:17:40.041250: Step 1180: Validation accuracy = 40.0% (N=100)
I0202 01:17:40.041322 140664937167744 retrain.py:1100] 2020-02-02 01:17:40.041250: Step 1180: Validation accuracy = 40.0% (N=100)
INFO:tensorflow:2020-02-02 01:17:40.865817: Step 1190: Train accuracy = 95.0%
I0202 01:17:40.865897 140664937167744 retrain.py:1082] 2020-02-02 01:17:40.865817: Step 1190: Train accuracy = 95.0%
INFO:tensorflow:2020-02-02 01:17:40.866111: Step 1190: Cross entropy = 0.307899
I0202 01:17:40.866136 140664937167744 retrain.py:1084] 2020-02-02 01:17:40.866111: Step 1190: Cross entropy = 0.307899
INFO:tensorflow:2020-02-02 01:17:40.946679: Step 1190: Validation accuracy = 44.0% (N=100)
I0202 01:17:40.946745 140664937167744 retrain.py:1100] 2020-02-02 01:17:40.946679: Step 1190: Validation accuracy = 44.0% (N=100)
INFO:tensorflow:2020-02-02 01:17:41.740612: Step 1200: Train accuracy = 95.0%
I0202 01:17:41.740680 140664937167744 retrain.py:1082] 2020-02-02 01:17:41.740612: Step 1200: Train accuracy = 95.0%
INFO:tensorflow:2020-02-02 01:17:41.740856: Step 1200: Cross entropy = 0.301839
I0202 01:17:41.740902 140664937167744 retrain.py:1084] 2020-02-02 01:17:41.740856: Step 1200: Cross entropy = 0.301839
INFO:tensorflow:2020-02-02 01:17:41.825582: Step 1200: Validation accuracy = 45.0% (N=100)
I0202 01:17:41.825653 140664937167744 retrain.py:1100] 2020-02-02 01:17:41.825582: Step 1200: Validation accuracy = 45.0% (N=100)
INFO:tensorflow:2020-02-02 01:17:42.809076: Step 1210: Train accuracy = 93.0%
I0202 01:17:42.809147 140664937167744 retrain.py:1082] 2020-02-02 01:17:42.809076: Step 1210: Train accuracy = 93.0%
INFO:tensorflow:2020-02-02 01:17:42.809293: Step 1210: Cross entropy = 0.316010
I0202 01:17:42.809308 140664937167744 retrain.py:1084] 2020-02-02 01:17:42.809293: Step 1210: Cross entropy = 0.316010
INFO:tensorflow:2020-02-02 01:17:42.899436: Step 1210: Validation accuracy = 40.0% (N=100)
I0202 01:17:42.899524 140664937167744 retrain.py:1100] 2020-02-02 01:17:42.899436: Step 1210: Validation accuracy = 40.0% (N=100)
INFO:tensorflow:2020-02-02 01:17:43.727097: Step 1220: Train accuracy = 96.0%
I0202 01:17:43.727152 140664937167744 retrain.py:1082] 2020-02-02 01:17:43.727097: Step 1220: Train accuracy = 96.0%
INFO:tensorflow:2020-02-02 01:17:43.727309: Step 1220: Cross entropy = 0.308322
I0202 01:17:43.727327 140664937167744 retrain.py:1084] 2020-02-02 01:17:43.727309: Step 1220: Cross entropy = 0.308322
INFO:tensorflow:2020-02-02 01:17:43.810962: Step 1220: Validation accuracy = 38.0% (N=100)
I0202 01:17:43.811019 140664937167744 retrain.py:1100] 2020-02-02 01:17:43.810962: Step 1220: Validation accuracy = 38.0% (N=100)
INFO:tensorflow:2020-02-02 01:17:44.636031: Step 1230: Train accuracy = 95.0%
I0202 01:17:44.636123 140664937167744 retrain.py:1082] 2020-02-02 01:17:44.636031: Step 1230: Train accuracy = 95.0%
INFO:tensorflow:2020-02-02 01:17:44.636272: Step 1230: Cross entropy = 0.298400
I0202 01:17:44.636298 140664937167744 retrain.py:1084] 2020-02-02 01:17:44.636272: Step 1230: Cross entropy = 0.298400
INFO:tensorflow:2020-02-02 01:17:44.728448: Step 1230: Validation accuracy = 48.0% (N=100)
I0202 01:17:44.728507 140664937167744 retrain.py:1100] 2020-02-02 01:17:44.728448: Step 1230: Validation accuracy = 48.0% (N=100)
INFO:tensorflow:2020-02-02 01:17:45.540828: Step 1240: Train accuracy = 98.0%
I0202 01:17:45.540909 140664937167744 retrain.py:1082] 2020-02-02 01:17:45.540828: Step 1240: Train accuracy = 98.0%
INFO:tensorflow:2020-02-02 01:17:45.541115: Step 1240: Cross entropy = 0.265005
I0202 01:17:45.541133 140664937167744 retrain.py:1084] 2020-02-02 01:17:45.541115: Step 1240: Cross entropy = 0.265005
INFO:tensorflow:2020-02-02 01:17:45.668020: Step 1240: Validation accuracy = 35.0% (N=100)
I0202 01:17:45.668079 140664937167744 retrain.py:1100] 2020-02-02 01:17:45.668020: Step 1240: Validation accuracy = 35.0% (N=100)
INFO:tensorflow:2020-02-02 01:17:46.532389: Step 1250: Train accuracy = 97.0%
I0202 01:17:46.532465 140664937167744 retrain.py:1082] 2020-02-02 01:17:46.532389: Step 1250: Train accuracy = 97.0%
INFO:tensorflow:2020-02-02 01:17:46.532623: Step 1250: Cross entropy = 0.264593
I0202 01:17:46.532652 140664937167744 retrain.py:1084] 2020-02-02 01:17:46.532623: Step 1250: Cross entropy = 0.264593
INFO:tensorflow:2020-02-02 01:17:46.612433: Step 1250: Validation accuracy = 41.0% (N=100)
I0202 01:17:46.612489 140664937167744 retrain.py:1100] 2020-02-02 01:17:46.612433: Step 1250: Validation accuracy = 41.0% (N=100)
INFO:tensorflow:2020-02-02 01:17:47.413135: Step 1260: Train accuracy = 97.0%
I0202 01:17:47.413192 140664937167744 retrain.py:1082] 2020-02-02 01:17:47.413135: Step 1260: Train accuracy = 97.0%
INFO:tensorflow:2020-02-02 01:17:47.413368: Step 1260: Cross entropy = 0.292321
I0202 01:17:47.413387 140664937167744 retrain.py:1084] 2020-02-02 01:17:47.413368: Step 1260: Cross entropy = 0.292321
INFO:tensorflow:2020-02-02 01:17:47.497300: Step 1260: Validation accuracy = 30.0% (N=100)
I0202 01:17:47.497380 140664937167744 retrain.py:1100] 2020-02-02 01:17:47.497300: Step 1260: Validation accuracy = 30.0% (N=100)
INFO:tensorflow:2020-02-02 01:17:48.269572: Step 1270: Train accuracy = 92.0%
I0202 01:17:48.269654 140664937167744 retrain.py:1082] 2020-02-02 01:17:48.269572: Step 1270: Train accuracy = 92.0%
INFO:tensorflow:2020-02-02 01:17:48.269857: Step 1270: Cross entropy = 0.302832
I0202 01:17:48.269880 140664937167744 retrain.py:1084] 2020-02-02 01:17:48.269857: Step 1270: Cross entropy = 0.302832
INFO:tensorflow:2020-02-02 01:17:48.356887: Step 1270: Validation accuracy = 34.0% (N=100)
I0202 01:17:48.356942 140664937167744 retrain.py:1100] 2020-02-02 01:17:48.356887: Step 1270: Validation accuracy = 34.0% (N=100)
INFO:tensorflow:2020-02-02 01:17:49.133451: Step 1280: Train accuracy = 95.0%
I0202 01:17:49.133507 140664937167744 retrain.py:1082] 2020-02-02 01:17:49.133451: Step 1280: Train accuracy = 95.0%
INFO:tensorflow:2020-02-02 01:17:49.133674: Step 1280: Cross entropy = 0.288080
I0202 01:17:49.133690 140664937167744 retrain.py:1084] 2020-02-02 01:17:49.133674: Step 1280: Cross entropy = 0.288080
INFO:tensorflow:2020-02-02 01:17:49.215262: Step 1280: Validation accuracy = 43.0% (N=100)
I0202 01:17:49.215329 140664937167744 retrain.py:1100] 2020-02-02 01:17:49.215262: Step 1280: Validation accuracy = 43.0% (N=100)
INFO:tensorflow:2020-02-02 01:17:50.014883: Step 1290: Train accuracy = 92.0%
I0202 01:17:50.014938 140664937167744 retrain.py:1082] 2020-02-02 01:17:50.014883: Step 1290: Train accuracy = 92.0%
INFO:tensorflow:2020-02-02 01:17:50.015116: Step 1290: Cross entropy = 0.312513
I0202 01:17:50.015137 140664937167744 retrain.py:1084] 2020-02-02 01:17:50.015116: Step 1290: Cross entropy = 0.312513
INFO:tensorflow:2020-02-02 01:17:50.091904: Step 1290: Validation accuracy = 39.0% (N=100)
I0202 01:17:50.091985 140664937167744 retrain.py:1100] 2020-02-02 01:17:50.091904: Step 1290: Validation accuracy = 39.0% (N=100)
INFO:tensorflow:2020-02-02 01:17:50.862818: Step 1300: Train accuracy = 92.0%
I0202 01:17:50.862888 140664937167744 retrain.py:1082] 2020-02-02 01:17:50.862818: Step 1300: Train accuracy = 92.0%
INFO:tensorflow:2020-02-02 01:17:50.863101: Step 1300: Cross entropy = 0.316880
I0202 01:17:50.863124 140664937167744 retrain.py:1084] 2020-02-02 01:17:50.863101: Step 1300: Cross entropy = 0.316880
INFO:tensorflow:2020-02-02 01:17:50.942322: Step 1300: Validation accuracy = 53.0% (N=100)
I0202 01:17:50.942400 140664937167744 retrain.py:1100] 2020-02-02 01:17:50.942322: Step 1300: Validation accuracy = 53.0% (N=100)
INFO:tensorflow:2020-02-02 01:17:51.715134: Step 1310: Train accuracy = 93.0%
I0202 01:17:51.715189 140664937167744 retrain.py:1082] 2020-02-02 01:17:51.715134: Step 1310: Train accuracy = 93.0%
INFO:tensorflow:2020-02-02 01:17:51.715423: Step 1310: Cross entropy = 0.319339
I0202 01:17:51.715452 140664937167744 retrain.py:1084] 2020-02-02 01:17:51.715423: Step 1310: Cross entropy = 0.319339
INFO:tensorflow:2020-02-02 01:17:51.793257: Step 1310: Validation accuracy = 43.0% (N=100)
I0202 01:17:51.793313 140664937167744 retrain.py:1100] 2020-02-02 01:17:51.793257: Step 1310: Validation accuracy = 43.0% (N=100)
INFO:tensorflow:2020-02-02 01:17:52.596233: Step 1320: Train accuracy = 95.0%
I0202 01:17:52.596291 140664937167744 retrain.py:1082] 2020-02-02 01:17:52.596233: Step 1320: Train accuracy = 95.0%
INFO:tensorflow:2020-02-02 01:17:52.596480: Step 1320: Cross entropy = 0.302054
I0202 01:17:52.596497 140664937167744 retrain.py:1084] 2020-02-02 01:17:52.596480: Step 1320: Cross entropy = 0.302054
INFO:tensorflow:2020-02-02 01:17:52.681595: Step 1320: Validation accuracy = 40.0% (N=100)
I0202 01:17:52.681678 140664937167744 retrain.py:1100] 2020-02-02 01:17:52.681595: Step 1320: Validation accuracy = 40.0% (N=100)
INFO:tensorflow:2020-02-02 01:17:53.491241: Step 1330: Train accuracy = 98.0%
I0202 01:17:53.491310 140664937167744 retrain.py:1082] 2020-02-02 01:17:53.491241: Step 1330: Train accuracy = 98.0%
INFO:tensorflow:2020-02-02 01:17:53.491473: Step 1330: Cross entropy = 0.315952
I0202 01:17:53.491488 140664937167744 retrain.py:1084] 2020-02-02 01:17:53.491473: Step 1330: Cross entropy = 0.315952
INFO:tensorflow:2020-02-02 01:17:53.572951: Step 1330: Validation accuracy = 48.0% (N=100)
I0202 01:17:53.573022 140664937167744 retrain.py:1100] 2020-02-02 01:17:53.572951: Step 1330: Validation accuracy = 48.0% (N=100)
INFO:tensorflow:2020-02-02 01:17:54.394663: Step 1340: Train accuracy = 96.0%
I0202 01:17:54.394720 140664937167744 retrain.py:1082] 2020-02-02 01:17:54.394663: Step 1340: Train accuracy = 96.0%
INFO:tensorflow:2020-02-02 01:17:54.394897: Step 1340: Cross entropy = 0.302912
I0202 01:17:54.394945 140664937167744 retrain.py:1084] 2020-02-02 01:17:54.394897: Step 1340: Cross entropy = 0.302912
INFO:tensorflow:2020-02-02 01:17:54.478775: Step 1340: Validation accuracy = 44.0% (N=100)
I0202 01:17:54.478831 140664937167744 retrain.py:1100] 2020-02-02 01:17:54.478775: Step 1340: Validation accuracy = 44.0% (N=100)
INFO:tensorflow:2020-02-02 01:17:55.309567: Step 1350: Train accuracy = 97.0%
I0202 01:17:55.309625 140664937167744 retrain.py:1082] 2020-02-02 01:17:55.309567: Step 1350: Train accuracy = 97.0%
INFO:tensorflow:2020-02-02 01:17:55.309812: Step 1350: Cross entropy = 0.277390
I0202 01:17:55.309847 140664937167744 retrain.py:1084] 2020-02-02 01:17:55.309812: Step 1350: Cross entropy = 0.277390
INFO:tensorflow:2020-02-02 01:17:55.393119: Step 1350: Validation accuracy = 53.0% (N=100)
I0202 01:17:55.393177 140664937167744 retrain.py:1100] 2020-02-02 01:17:55.393119: Step 1350: Validation accuracy = 53.0% (N=100)
INFO:tensorflow:2020-02-02 01:17:56.182922: Step 1360: Train accuracy = 94.0%
I0202 01:17:56.182979 140664937167744 retrain.py:1082] 2020-02-02 01:17:56.182922: Step 1360: Train accuracy = 94.0%
INFO:tensorflow:2020-02-02 01:17:56.183154: Step 1360: Cross entropy = 0.323035
I0202 01:17:56.183171 140664937167744 retrain.py:1084] 2020-02-02 01:17:56.183154: Step 1360: Cross entropy = 0.323035
INFO:tensorflow:2020-02-02 01:17:56.261357: Step 1360: Validation accuracy = 41.0% (N=100)
I0202 01:17:56.261413 140664937167744 retrain.py:1100] 2020-02-02 01:17:56.261357: Step 1360: Validation accuracy = 41.0% (N=100)
INFO:tensorflow:2020-02-02 01:17:57.031541: Step 1370: Train accuracy = 94.0%
I0202 01:17:57.031629 140664937167744 retrain.py:1082] 2020-02-02 01:17:57.031541: Step 1370: Train accuracy = 94.0%
INFO:tensorflow:2020-02-02 01:17:57.031759: Step 1370: Cross entropy = 0.315545
I0202 01:17:57.031776 140664937167744 retrain.py:1084] 2020-02-02 01:17:57.031759: Step 1370: Cross entropy = 0.315545
INFO:tensorflow:2020-02-02 01:17:57.110180: Step 1370: Validation accuracy = 48.0% (N=100)
I0202 01:17:57.110245 140664937167744 retrain.py:1100] 2020-02-02 01:17:57.110180: Step 1370: Validation accuracy = 48.0% (N=100)
INFO:tensorflow:2020-02-02 01:17:57.887021: Step 1380: Train accuracy = 96.0%
I0202 01:17:57.887087 140664937167744 retrain.py:1082] 2020-02-02 01:17:57.887021: Step 1380: Train accuracy = 96.0%
INFO:tensorflow:2020-02-02 01:17:57.887310: Step 1380: Cross entropy = 0.318620
I0202 01:17:57.887331 140664937167744 retrain.py:1084] 2020-02-02 01:17:57.887310: Step 1380: Cross entropy = 0.318620
INFO:tensorflow:2020-02-02 01:17:57.966512: Step 1380: Validation accuracy = 39.0% (N=100)
I0202 01:17:57.966570 140664937167744 retrain.py:1100] 2020-02-02 01:17:57.966512: Step 1380: Validation accuracy = 39.0% (N=100)
INFO:tensorflow:2020-02-02 01:17:58.730740: Step 1390: Train accuracy = 94.0%
I0202 01:17:58.730810 140664937167744 retrain.py:1082] 2020-02-02 01:17:58.730740: Step 1390: Train accuracy = 94.0%
INFO:tensorflow:2020-02-02 01:17:58.730981: Step 1390: Cross entropy = 0.307901
I0202 01:17:58.731021 140664937167744 retrain.py:1084] 2020-02-02 01:17:58.730981: Step 1390: Cross entropy = 0.307901
INFO:tensorflow:2020-02-02 01:17:58.809534: Step 1390: Validation accuracy = 40.0% (N=100)
I0202 01:17:58.809589 140664937167744 retrain.py:1100] 2020-02-02 01:17:58.809534: Step 1390: Validation accuracy = 40.0% (N=100)
INFO:tensorflow:2020-02-02 01:17:59.603404: Step 1400: Train accuracy = 95.0%
I0202 01:17:59.603463 140664937167744 retrain.py:1082] 2020-02-02 01:17:59.603404: Step 1400: Train accuracy = 95.0%
INFO:tensorflow:2020-02-02 01:17:59.603653: Step 1400: Cross entropy = 0.310755
I0202 01:17:59.603679 140664937167744 retrain.py:1084] 2020-02-02 01:17:59.603653: Step 1400: Cross entropy = 0.310755
INFO:tensorflow:2020-02-02 01:17:59.689813: Step 1400: Validation accuracy = 40.0% (N=100)
I0202 01:17:59.689946 140664937167744 retrain.py:1100] 2020-02-02 01:17:59.689813: Step 1400: Validation accuracy = 40.0% (N=100)
INFO:tensorflow:2020-02-02 01:18:00.498417: Step 1410: Train accuracy = 94.0%
I0202 01:18:00.498488 140664937167744 retrain.py:1082] 2020-02-02 01:18:00.498417: Step 1410: Train accuracy = 94.0%
INFO:tensorflow:2020-02-02 01:18:00.498693: Step 1410: Cross entropy = 0.314951
I0202 01:18:00.498713 140664937167744 retrain.py:1084] 2020-02-02 01:18:00.498693: Step 1410: Cross entropy = 0.314951
INFO:tensorflow:2020-02-02 01:18:00.584977: Step 1410: Validation accuracy = 41.0% (N=100)
I0202 01:18:00.585033 140664937167744 retrain.py:1100] 2020-02-02 01:18:00.584977: Step 1410: Validation accuracy = 41.0% (N=100)
INFO:tensorflow:2020-02-02 01:18:01.379926: Step 1420: Train accuracy = 96.0%
I0202 01:18:01.380034 140664937167744 retrain.py:1082] 2020-02-02 01:18:01.379926: Step 1420: Train accuracy = 96.0%
INFO:tensorflow:2020-02-02 01:18:01.380281: Step 1420: Cross entropy = 0.283615
I0202 01:18:01.380310 140664937167744 retrain.py:1084] 2020-02-02 01:18:01.380281: Step 1420: Cross entropy = 0.283615
INFO:tensorflow:2020-02-02 01:18:01.479480: Step 1420: Validation accuracy = 40.0% (N=100)
I0202 01:18:01.479554 140664937167744 retrain.py:1100] 2020-02-02 01:18:01.479480: Step 1420: Validation accuracy = 40.0% (N=100)
INFO:tensorflow:2020-02-02 01:18:02.406101: Step 1430: Train accuracy = 97.0%
I0202 01:18:02.406166 140664937167744 retrain.py:1082] 2020-02-02 01:18:02.406101: Step 1430: Train accuracy = 97.0%
INFO:tensorflow:2020-02-02 01:18:02.406372: Step 1430: Cross entropy = 0.261361
I0202 01:18:02.406414 140664937167744 retrain.py:1084] 2020-02-02 01:18:02.406372: Step 1430: Cross entropy = 0.261361
INFO:tensorflow:2020-02-02 01:18:02.508605: Step 1430: Validation accuracy = 45.0% (N=100)
I0202 01:18:02.508662 140664937167744 retrain.py:1100] 2020-02-02 01:18:02.508605: Step 1430: Validation accuracy = 45.0% (N=100)
INFO:tensorflow:2020-02-02 01:18:03.450249: Step 1440: Train accuracy = 93.0%
I0202 01:18:03.450315 140664937167744 retrain.py:1082] 2020-02-02 01:18:03.450249: Step 1440: Train accuracy = 93.0%
INFO:tensorflow:2020-02-02 01:18:03.450484: Step 1440: Cross entropy = 0.300995
I0202 01:18:03.450503 140664937167744 retrain.py:1084] 2020-02-02 01:18:03.450484: Step 1440: Cross entropy = 0.300995
INFO:tensorflow:2020-02-02 01:18:03.541230: Step 1440: Validation accuracy = 46.0% (N=100)
I0202 01:18:03.541339 140664937167744 retrain.py:1100] 2020-02-02 01:18:03.541230: Step 1440: Validation accuracy = 46.0% (N=100)
INFO:tensorflow:2020-02-02 01:18:04.404836: Step 1450: Train accuracy = 93.0%
I0202 01:18:04.404922 140664937167744 retrain.py:1082] 2020-02-02 01:18:04.404836: Step 1450: Train accuracy = 93.0%
INFO:tensorflow:2020-02-02 01:18:04.405191: Step 1450: Cross entropy = 0.331004
I0202 01:18:04.405225 140664937167744 retrain.py:1084] 2020-02-02 01:18:04.405191: Step 1450: Cross entropy = 0.331004
INFO:tensorflow:2020-02-02 01:18:04.488422: Step 1450: Validation accuracy = 52.0% (N=100)
I0202 01:18:04.488574 140664937167744 retrain.py:1100] 2020-02-02 01:18:04.488422: Step 1450: Validation accuracy = 52.0% (N=100)
INFO:tensorflow:2020-02-02 01:18:05.377955: Step 1460: Train accuracy = 98.0%
I0202 01:18:05.378011 140664937167744 retrain.py:1082] 2020-02-02 01:18:05.377955: Step 1460: Train accuracy = 98.0%
INFO:tensorflow:2020-02-02 01:18:05.378196: Step 1460: Cross entropy = 0.272574
I0202 01:18:05.378214 140664937167744 retrain.py:1084] 2020-02-02 01:18:05.378196: Step 1460: Cross entropy = 0.272574
INFO:tensorflow:2020-02-02 01:18:05.468456: Step 1460: Validation accuracy = 40.0% (N=100)
I0202 01:18:05.468515 140664937167744 retrain.py:1100] 2020-02-02 01:18:05.468456: Step 1460: Validation accuracy = 40.0% (N=100)
INFO:tensorflow:2020-02-02 01:18:06.341989: Step 1470: Train accuracy = 97.0%
I0202 01:18:06.342058 140664937167744 retrain.py:1082] 2020-02-02 01:18:06.341989: Step 1470: Train accuracy = 97.0%
INFO:tensorflow:2020-02-02 01:18:06.342220: Step 1470: Cross entropy = 0.255658
I0202 01:18:06.342239 140664937167744 retrain.py:1084] 2020-02-02 01:18:06.342220: Step 1470: Cross entropy = 0.255658
INFO:tensorflow:2020-02-02 01:18:06.425790: Step 1470: Validation accuracy = 45.0% (N=100)
I0202 01:18:06.425847 140664937167744 retrain.py:1100] 2020-02-02 01:18:06.425790: Step 1470: Validation accuracy = 45.0% (N=100)
INFO:tensorflow:2020-02-02 01:18:07.309647: Step 1480: Train accuracy = 98.0%
I0202 01:18:07.309717 140664937167744 retrain.py:1082] 2020-02-02 01:18:07.309647: Step 1480: Train accuracy = 98.0%
INFO:tensorflow:2020-02-02 01:18:07.309889: Step 1480: Cross entropy = 0.276050
I0202 01:18:07.309927 140664937167744 retrain.py:1084] 2020-02-02 01:18:07.309889: Step 1480: Cross entropy = 0.276050
INFO:tensorflow:2020-02-02 01:18:07.388565: Step 1480: Validation accuracy = 43.0% (N=100)
I0202 01:18:07.388645 140664937167744 retrain.py:1100] 2020-02-02 01:18:07.388565: Step 1480: Validation accuracy = 43.0% (N=100)
INFO:tensorflow:2020-02-02 01:18:08.259483: Step 1490: Train accuracy = 95.0%
I0202 01:18:08.259540 140664937167744 retrain.py:1082] 2020-02-02 01:18:08.259483: Step 1490: Train accuracy = 95.0%
INFO:tensorflow:2020-02-02 01:18:08.259717: Step 1490: Cross entropy = 0.273008
I0202 01:18:08.259739 140664937167744 retrain.py:1084] 2020-02-02 01:18:08.259717: Step 1490: Cross entropy = 0.273008
INFO:tensorflow:2020-02-02 01:18:08.358559: Step 1490: Validation accuracy = 36.0% (N=100)
I0202 01:18:08.358703 140664937167744 retrain.py:1100] 2020-02-02 01:18:08.358559: Step 1490: Validation accuracy = 36.0% (N=100)
INFO:tensorflow:2020-02-02 01:18:09.360398: Step 1500: Train accuracy = 96.0%
I0202 01:18:09.360469 140664937167744 retrain.py:1082] 2020-02-02 01:18:09.360398: Step 1500: Train accuracy = 96.0%
INFO:tensorflow:2020-02-02 01:18:09.360651: Step 1500: Cross entropy = 0.280232
I0202 01:18:09.360686 140664937167744 retrain.py:1084] 2020-02-02 01:18:09.360651: Step 1500: Cross entropy = 0.280232
INFO:tensorflow:2020-02-02 01:18:09.458392: Step 1500: Validation accuracy = 52.0% (N=100)
I0202 01:18:09.458833 140664937167744 retrain.py:1100] 2020-02-02 01:18:09.458392: Step 1500: Validation accuracy = 52.0% (N=100)
INFO:tensorflow:2020-02-02 01:18:10.427944: Step 1510: Train accuracy = 96.0%
I0202 01:18:10.428023 140664937167744 retrain.py:1082] 2020-02-02 01:18:10.427944: Step 1510: Train accuracy = 96.0%
INFO:tensorflow:2020-02-02 01:18:10.428188: Step 1510: Cross entropy = 0.271573
I0202 01:18:10.428222 140664937167744 retrain.py:1084] 2020-02-02 01:18:10.428188: Step 1510: Cross entropy = 0.271573
INFO:tensorflow:2020-02-02 01:18:10.528675: Step 1510: Validation accuracy = 45.0% (N=100)
I0202 01:18:10.528733 140664937167744 retrain.py:1100] 2020-02-02 01:18:10.528675: Step 1510: Validation accuracy = 45.0% (N=100)
INFO:tensorflow:2020-02-02 01:18:11.384141: Step 1520: Train accuracy = 96.0%
I0202 01:18:11.384209 140664937167744 retrain.py:1082] 2020-02-02 01:18:11.384141: Step 1520: Train accuracy = 96.0%
INFO:tensorflow:2020-02-02 01:18:11.384416: Step 1520: Cross entropy = 0.267094
I0202 01:18:11.384437 140664937167744 retrain.py:1084] 2020-02-02 01:18:11.384416: Step 1520: Cross entropy = 0.267094
INFO:tensorflow:2020-02-02 01:18:11.477390: Step 1520: Validation accuracy = 48.0% (N=100)
I0202 01:18:11.477465 140664937167744 retrain.py:1100] 2020-02-02 01:18:11.477390: Step 1520: Validation accuracy = 48.0% (N=100)
INFO:tensorflow:2020-02-02 01:18:12.432484: Step 1530: Train accuracy = 98.0%
I0202 01:18:12.432557 140664937167744 retrain.py:1082] 2020-02-02 01:18:12.432484: Step 1530: Train accuracy = 98.0%
INFO:tensorflow:2020-02-02 01:18:12.432782: Step 1530: Cross entropy = 0.268240
I0202 01:18:12.432808 140664937167744 retrain.py:1084] 2020-02-02 01:18:12.432782: Step 1530: Cross entropy = 0.268240
INFO:tensorflow:2020-02-02 01:18:12.512974: Step 1530: Validation accuracy = 48.0% (N=100)
I0202 01:18:12.513056 140664937167744 retrain.py:1100] 2020-02-02 01:18:12.512974: Step 1530: Validation accuracy = 48.0% (N=100)
INFO:tensorflow:2020-02-02 01:18:13.450395: Step 1540: Train accuracy = 97.0%
I0202 01:18:13.450481 140664937167744 retrain.py:1082] 2020-02-02 01:18:13.450395: Step 1540: Train accuracy = 97.0%
INFO:tensorflow:2020-02-02 01:18:13.450646: Step 1540: Cross entropy = 0.256646
I0202 01:18:13.450665 140664937167744 retrain.py:1084] 2020-02-02 01:18:13.450646: Step 1540: Cross entropy = 0.256646
INFO:tensorflow:2020-02-02 01:18:13.534549: Step 1540: Validation accuracy = 42.0% (N=100)
I0202 01:18:13.534636 140664937167744 retrain.py:1100] 2020-02-02 01:18:13.534549: Step 1540: Validation accuracy = 42.0% (N=100)
INFO:tensorflow:2020-02-02 01:18:14.400764: Step 1550: Train accuracy = 94.0%
I0202 01:18:14.400851 140664937167744 retrain.py:1082] 2020-02-02 01:18:14.400764: Step 1550: Train accuracy = 94.0%
INFO:tensorflow:2020-02-02 01:18:14.401026: Step 1550: Cross entropy = 0.249178
I0202 01:18:14.401056 140664937167744 retrain.py:1084] 2020-02-02 01:18:14.401026: Step 1550: Cross entropy = 0.249178
INFO:tensorflow:2020-02-02 01:18:14.478161: Step 1550: Validation accuracy = 44.0% (N=100)
I0202 01:18:14.478228 140664937167744 retrain.py:1100] 2020-02-02 01:18:14.478161: Step 1550: Validation accuracy = 44.0% (N=100)
INFO:tensorflow:2020-02-02 01:18:15.374811: Step 1560: Train accuracy = 97.0%
I0202 01:18:15.374878 140664937167744 retrain.py:1082] 2020-02-02 01:18:15.374811: Step 1560: Train accuracy = 97.0%
INFO:tensorflow:2020-02-02 01:18:15.375037: Step 1560: Cross entropy = 0.267654
I0202 01:18:15.375054 140664937167744 retrain.py:1084] 2020-02-02 01:18:15.375037: Step 1560: Cross entropy = 0.267654
INFO:tensorflow:2020-02-02 01:18:15.459695: Step 1560: Validation accuracy = 35.0% (N=100)
I0202 01:18:15.459764 140664937167744 retrain.py:1100] 2020-02-02 01:18:15.459695: Step 1560: Validation accuracy = 35.0% (N=100)
INFO:tensorflow:2020-02-02 01:18:16.470244: Step 1570: Train accuracy = 95.0%
I0202 01:18:16.470362 140664937167744 retrain.py:1082] 2020-02-02 01:18:16.470244: Step 1570: Train accuracy = 95.0%
INFO:tensorflow:2020-02-02 01:18:16.470905: Step 1570: Cross entropy = 0.261385
I0202 01:18:16.470950 140664937167744 retrain.py:1084] 2020-02-02 01:18:16.470905: Step 1570: Cross entropy = 0.261385
INFO:tensorflow:2020-02-02 01:18:16.571726: Step 1570: Validation accuracy = 55.0% (N=100)
I0202 01:18:16.571786 140664937167744 retrain.py:1100] 2020-02-02 01:18:16.571726: Step 1570: Validation accuracy = 55.0% (N=100)
INFO:tensorflow:2020-02-02 01:18:17.380241: Step 1580: Train accuracy = 94.0%
I0202 01:18:17.380320 140664937167744 retrain.py:1082] 2020-02-02 01:18:17.380241: Step 1580: Train accuracy = 94.0%
INFO:tensorflow:2020-02-02 01:18:17.380467: Step 1580: Cross entropy = 0.284078
I0202 01:18:17.380508 140664937167744 retrain.py:1084] 2020-02-02 01:18:17.380467: Step 1580: Cross entropy = 0.284078
INFO:tensorflow:2020-02-02 01:18:17.460765: Step 1580: Validation accuracy = 41.0% (N=100)
I0202 01:18:17.460836 140664937167744 retrain.py:1100] 2020-02-02 01:18:17.460765: Step 1580: Validation accuracy = 41.0% (N=100)
INFO:tensorflow:2020-02-02 01:18:18.424582: Step 1590: Train accuracy = 93.0%
I0202 01:18:18.424695 140664937167744 retrain.py:1082] 2020-02-02 01:18:18.424582: Step 1590: Train accuracy = 93.0%
INFO:tensorflow:2020-02-02 01:18:18.424936: Step 1590: Cross entropy = 0.287540
I0202 01:18:18.424964 140664937167744 retrain.py:1084] 2020-02-02 01:18:18.424936: Step 1590: Cross entropy = 0.287540
INFO:tensorflow:2020-02-02 01:18:18.539232: Step 1590: Validation accuracy = 51.0% (N=100)
I0202 01:18:18.539316 140664937167744 retrain.py:1100] 2020-02-02 01:18:18.539232: Step 1590: Validation accuracy = 51.0% (N=100)
INFO:tensorflow:2020-02-02 01:18:19.457567: Step 1600: Train accuracy = 98.0%
I0202 01:18:19.457660 140664937167744 retrain.py:1082] 2020-02-02 01:18:19.457567: Step 1600: Train accuracy = 98.0%
INFO:tensorflow:2020-02-02 01:18:19.457852: Step 1600: Cross entropy = 0.235918
I0202 01:18:19.457878 140664937167744 retrain.py:1084] 2020-02-02 01:18:19.457852: Step 1600: Cross entropy = 0.235918
INFO:tensorflow:2020-02-02 01:18:19.548794: Step 1600: Validation accuracy = 44.0% (N=100)
I0202 01:18:19.548865 140664937167744 retrain.py:1100] 2020-02-02 01:18:19.548794: Step 1600: Validation accuracy = 44.0% (N=100)
INFO:tensorflow:2020-02-02 01:18:20.518583: Step 1610: Train accuracy = 90.0%
I0202 01:18:20.518653 140664937167744 retrain.py:1082] 2020-02-02 01:18:20.518583: Step 1610: Train accuracy = 90.0%
INFO:tensorflow:2020-02-02 01:18:20.518791: Step 1610: Cross entropy = 0.295997
I0202 01:18:20.518842 140664937167744 retrain.py:1084] 2020-02-02 01:18:20.518791: Step 1610: Cross entropy = 0.295997
INFO:tensorflow:2020-02-02 01:18:20.606659: Step 1610: Validation accuracy = 39.0% (N=100)
I0202 01:18:20.606730 140664937167744 retrain.py:1100] 2020-02-02 01:18:20.606659: Step 1610: Validation accuracy = 39.0% (N=100)
INFO:tensorflow:2020-02-02 01:18:21.434880: Step 1620: Train accuracy = 97.0%
I0202 01:18:21.434975 140664937167744 retrain.py:1082] 2020-02-02 01:18:21.434880: Step 1620: Train accuracy = 97.0%
INFO:tensorflow:2020-02-02 01:18:21.435231: Step 1620: Cross entropy = 0.266387
I0202 01:18:21.435270 140664937167744 retrain.py:1084] 2020-02-02 01:18:21.435231: Step 1620: Cross entropy = 0.266387
INFO:tensorflow:2020-02-02 01:18:21.530599: Step 1620: Validation accuracy = 39.0% (N=100)
I0202 01:18:21.530672 140664937167744 retrain.py:1100] 2020-02-02 01:18:21.530599: Step 1620: Validation accuracy = 39.0% (N=100)
INFO:tensorflow:2020-02-02 01:18:22.389891: Step 1630: Train accuracy = 99.0%
I0202 01:18:22.389998 140664937167744 retrain.py:1082] 2020-02-02 01:18:22.389891: Step 1630: Train accuracy = 99.0%
INFO:tensorflow:2020-02-02 01:18:22.390167: Step 1630: Cross entropy = 0.282923
I0202 01:18:22.390187 140664937167744 retrain.py:1084] 2020-02-02 01:18:22.390167: Step 1630: Cross entropy = 0.282923
INFO:tensorflow:2020-02-02 01:18:22.495041: Step 1630: Validation accuracy = 53.0% (N=100)
I0202 01:18:22.495122 140664937167744 retrain.py:1100] 2020-02-02 01:18:22.495041: Step 1630: Validation accuracy = 53.0% (N=100)
INFO:tensorflow:2020-02-02 01:18:23.550232: Step 1640: Train accuracy = 99.0%
I0202 01:18:23.550321 140664937167744 retrain.py:1082] 2020-02-02 01:18:23.550232: Step 1640: Train accuracy = 99.0%
INFO:tensorflow:2020-02-02 01:18:23.550757: Step 1640: Cross entropy = 0.229378
I0202 01:18:23.550780 140664937167744 retrain.py:1084] 2020-02-02 01:18:23.550757: Step 1640: Cross entropy = 0.229378
INFO:tensorflow:2020-02-02 01:18:23.713172: Step 1640: Validation accuracy = 48.0% (N=100)
I0202 01:18:23.713292 140664937167744 retrain.py:1100] 2020-02-02 01:18:23.713172: Step 1640: Validation accuracy = 48.0% (N=100)
INFO:tensorflow:2020-02-02 01:18:24.721185: Step 1650: Train accuracy = 97.0%
I0202 01:18:24.721242 140664937167744 retrain.py:1082] 2020-02-02 01:18:24.721185: Step 1650: Train accuracy = 97.0%
INFO:tensorflow:2020-02-02 01:18:24.721417: Step 1650: Cross entropy = 0.252700
I0202 01:18:24.721433 140664937167744 retrain.py:1084] 2020-02-02 01:18:24.721417: Step 1650: Cross entropy = 0.252700
INFO:tensorflow:2020-02-02 01:18:24.800977: Step 1650: Validation accuracy = 45.0% (N=100)
I0202 01:18:24.801033 140664937167744 retrain.py:1100] 2020-02-02 01:18:24.800977: Step 1650: Validation accuracy = 45.0% (N=100)
INFO:tensorflow:2020-02-02 01:18:25.608018: Step 1660: Train accuracy = 96.0%
I0202 01:18:25.608098 140664937167744 retrain.py:1082] 2020-02-02 01:18:25.608018: Step 1660: Train accuracy = 96.0%
INFO:tensorflow:2020-02-02 01:18:25.608260: Step 1660: Cross entropy = 0.253779
I0202 01:18:25.608276 140664937167744 retrain.py:1084] 2020-02-02 01:18:25.608260: Step 1660: Cross entropy = 0.253779
INFO:tensorflow:2020-02-02 01:18:25.686376: Step 1660: Validation accuracy = 45.0% (N=100)
I0202 01:18:25.686434 140664937167744 retrain.py:1100] 2020-02-02 01:18:25.686376: Step 1660: Validation accuracy = 45.0% (N=100)
INFO:tensorflow:2020-02-02 01:18:26.555784: Step 1670: Train accuracy = 93.0%
I0202 01:18:26.555842 140664937167744 retrain.py:1082] 2020-02-02 01:18:26.555784: Step 1670: Train accuracy = 93.0%
INFO:tensorflow:2020-02-02 01:18:26.556020: Step 1670: Cross entropy = 0.258897
I0202 01:18:26.556042 140664937167744 retrain.py:1084] 2020-02-02 01:18:26.556020: Step 1670: Cross entropy = 0.258897
INFO:tensorflow:2020-02-02 01:18:26.642266: Step 1670: Validation accuracy = 43.0% (N=100)
I0202 01:18:26.642339 140664937167744 retrain.py:1100] 2020-02-02 01:18:26.642266: Step 1670: Validation accuracy = 43.0% (N=100)
INFO:tensorflow:2020-02-02 01:18:27.419503: Step 1680: Train accuracy = 97.0%
I0202 01:18:27.419564 140664937167744 retrain.py:1082] 2020-02-02 01:18:27.419503: Step 1680: Train accuracy = 97.0%
INFO:tensorflow:2020-02-02 01:18:27.419762: Step 1680: Cross entropy = 0.240696
I0202 01:18:27.419798 140664937167744 retrain.py:1084] 2020-02-02 01:18:27.419762: Step 1680: Cross entropy = 0.240696
INFO:tensorflow:2020-02-02 01:18:27.501622: Step 1680: Validation accuracy = 44.0% (N=100)
I0202 01:18:27.501679 140664937167744 retrain.py:1100] 2020-02-02 01:18:27.501622: Step 1680: Validation accuracy = 44.0% (N=100)
INFO:tensorflow:2020-02-02 01:18:28.310824: Step 1690: Train accuracy = 97.0%
I0202 01:18:28.310907 140664937167744 retrain.py:1082] 2020-02-02 01:18:28.310824: Step 1690: Train accuracy = 97.0%
INFO:tensorflow:2020-02-02 01:18:28.311188: Step 1690: Cross entropy = 0.268339
I0202 01:18:28.311233 140664937167744 retrain.py:1084] 2020-02-02 01:18:28.311188: Step 1690: Cross entropy = 0.268339
INFO:tensorflow:2020-02-02 01:18:28.395546: Step 1690: Validation accuracy = 44.0% (N=100)
I0202 01:18:28.395620 140664937167744 retrain.py:1100] 2020-02-02 01:18:28.395546: Step 1690: Validation accuracy = 44.0% (N=100)
INFO:tensorflow:2020-02-02 01:18:29.300969: Step 1700: Train accuracy = 97.0%
I0202 01:18:29.301052 140664937167744 retrain.py:1082] 2020-02-02 01:18:29.300969: Step 1700: Train accuracy = 97.0%
INFO:tensorflow:2020-02-02 01:18:29.301227: Step 1700: Cross entropy = 0.273463
I0202 01:18:29.301257 140664937167744 retrain.py:1084] 2020-02-02 01:18:29.301227: Step 1700: Cross entropy = 0.273463
INFO:tensorflow:2020-02-02 01:18:29.407130: Step 1700: Validation accuracy = 41.0% (N=100)
I0202 01:18:29.407197 140664937167744 retrain.py:1100] 2020-02-02 01:18:29.407130: Step 1700: Validation accuracy = 41.0% (N=100)
INFO:tensorflow:2020-02-02 01:18:30.419721: Step 1710: Train accuracy = 93.0%
I0202 01:18:30.419809 140664937167744 retrain.py:1082] 2020-02-02 01:18:30.419721: Step 1710: Train accuracy = 93.0%
INFO:tensorflow:2020-02-02 01:18:30.419964: Step 1710: Cross entropy = 0.292126
I0202 01:18:30.419980 140664937167744 retrain.py:1084] 2020-02-02 01:18:30.419964: Step 1710: Cross entropy = 0.292126
INFO:tensorflow:2020-02-02 01:18:30.528177: Step 1710: Validation accuracy = 43.0% (N=100)
I0202 01:18:30.528273 140664937167744 retrain.py:1100] 2020-02-02 01:18:30.528177: Step 1710: Validation accuracy = 43.0% (N=100)
INFO:tensorflow:2020-02-02 01:18:31.715542: Step 1720: Train accuracy = 94.0%
I0202 01:18:31.715609 140664937167744 retrain.py:1082] 2020-02-02 01:18:31.715542: Step 1720: Train accuracy = 94.0%
INFO:tensorflow:2020-02-02 01:18:31.715787: Step 1720: Cross entropy = 0.274308
I0202 01:18:31.715809 140664937167744 retrain.py:1084] 2020-02-02 01:18:31.715787: Step 1720: Cross entropy = 0.274308
INFO:tensorflow:2020-02-02 01:18:31.832824: Step 1720: Validation accuracy = 45.0% (N=100)
I0202 01:18:31.833001 140664937167744 retrain.py:1100] 2020-02-02 01:18:31.832824: Step 1720: Validation accuracy = 45.0% (N=100)
INFO:tensorflow:2020-02-02 01:18:33.075998: Step 1730: Train accuracy = 96.0%
I0202 01:18:33.076088 140664937167744 retrain.py:1082] 2020-02-02 01:18:33.075998: Step 1730: Train accuracy = 96.0%
INFO:tensorflow:2020-02-02 01:18:33.076324: Step 1730: Cross entropy = 0.253517
I0202 01:18:33.076352 140664937167744 retrain.py:1084] 2020-02-02 01:18:33.076324: Step 1730: Cross entropy = 0.253517
INFO:tensorflow:2020-02-02 01:18:33.190730: Step 1730: Validation accuracy = 36.0% (N=100)
I0202 01:18:33.190826 140664937167744 retrain.py:1100] 2020-02-02 01:18:33.190730: Step 1730: Validation accuracy = 36.0% (N=100)
INFO:tensorflow:2020-02-02 01:18:34.229775: Step 1740: Train accuracy = 96.0%
I0202 01:18:34.229843 140664937167744 retrain.py:1082] 2020-02-02 01:18:34.229775: Step 1740: Train accuracy = 96.0%
INFO:tensorflow:2020-02-02 01:18:34.230049: Step 1740: Cross entropy = 0.257273
I0202 01:18:34.230072 140664937167744 retrain.py:1084] 2020-02-02 01:18:34.230049: Step 1740: Cross entropy = 0.257273
INFO:tensorflow:2020-02-02 01:18:34.319342: Step 1740: Validation accuracy = 43.0% (N=100)
I0202 01:18:34.319434 140664937167744 retrain.py:1100] 2020-02-02 01:18:34.319342: Step 1740: Validation accuracy = 43.0% (N=100)
INFO:tensorflow:2020-02-02 01:18:35.093577: Step 1750: Train accuracy = 99.0%
I0202 01:18:35.093680 140664937167744 retrain.py:1082] 2020-02-02 01:18:35.093577: Step 1750: Train accuracy = 99.0%
INFO:tensorflow:2020-02-02 01:18:35.093868: Step 1750: Cross entropy = 0.251551
I0202 01:18:35.093888 140664937167744 retrain.py:1084] 2020-02-02 01:18:35.093868: Step 1750: Cross entropy = 0.251551
INFO:tensorflow:2020-02-02 01:18:35.226233: Step 1750: Validation accuracy = 46.0% (N=100)
I0202 01:18:35.226354 140664937167744 retrain.py:1100] 2020-02-02 01:18:35.226233: Step 1750: Validation accuracy = 46.0% (N=100)
INFO:tensorflow:2020-02-02 01:18:36.182226: Step 1760: Train accuracy = 94.0%
I0202 01:18:36.182297 140664937167744 retrain.py:1082] 2020-02-02 01:18:36.182226: Step 1760: Train accuracy = 94.0%
INFO:tensorflow:2020-02-02 01:18:36.182504: Step 1760: Cross entropy = 0.259941
I0202 01:18:36.182525 140664937167744 retrain.py:1084] 2020-02-02 01:18:36.182504: Step 1760: Cross entropy = 0.259941
INFO:tensorflow:2020-02-02 01:18:36.286649: Step 1760: Validation accuracy = 46.0% (N=100)
I0202 01:18:36.286730 140664937167744 retrain.py:1100] 2020-02-02 01:18:36.286649: Step 1760: Validation accuracy = 46.0% (N=100)
INFO:tensorflow:2020-02-02 01:18:37.147608: Step 1770: Train accuracy = 97.0%
I0202 01:18:37.147693 140664937167744 retrain.py:1082] 2020-02-02 01:18:37.147608: Step 1770: Train accuracy = 97.0%
INFO:tensorflow:2020-02-02 01:18:37.147857: Step 1770: Cross entropy = 0.254271
I0202 01:18:37.147876 140664937167744 retrain.py:1084] 2020-02-02 01:18:37.147857: Step 1770: Cross entropy = 0.254271
INFO:tensorflow:2020-02-02 01:18:37.243240: Step 1770: Validation accuracy = 39.0% (N=100)
I0202 01:18:37.243311 140664937167744 retrain.py:1100] 2020-02-02 01:18:37.243240: Step 1770: Validation accuracy = 39.0% (N=100)
INFO:tensorflow:2020-02-02 01:18:38.232586: Step 1780: Train accuracy = 96.0%
I0202 01:18:38.232656 140664937167744 retrain.py:1082] 2020-02-02 01:18:38.232586: Step 1780: Train accuracy = 96.0%
INFO:tensorflow:2020-02-02 01:18:38.232832: Step 1780: Cross entropy = 0.249151
I0202 01:18:38.232854 140664937167744 retrain.py:1084] 2020-02-02 01:18:38.232832: Step 1780: Cross entropy = 0.249151
INFO:tensorflow:2020-02-02 01:18:38.312029: Step 1780: Validation accuracy = 36.0% (N=100)
I0202 01:18:38.312084 140664937167744 retrain.py:1100] 2020-02-02 01:18:38.312029: Step 1780: Validation accuracy = 36.0% (N=100)
INFO:tensorflow:2020-02-02 01:18:39.076362: Step 1790: Train accuracy = 95.0%
I0202 01:18:39.076430 140664937167744 retrain.py:1082] 2020-02-02 01:18:39.076362: Step 1790: Train accuracy = 95.0%
INFO:tensorflow:2020-02-02 01:18:39.076599: Step 1790: Cross entropy = 0.274752
I0202 01:18:39.076620 140664937167744 retrain.py:1084] 2020-02-02 01:18:39.076599: Step 1790: Cross entropy = 0.274752
INFO:tensorflow:2020-02-02 01:18:39.158995: Step 1790: Validation accuracy = 44.0% (N=100)
I0202 01:18:39.159059 140664937167744 retrain.py:1100] 2020-02-02 01:18:39.158995: Step 1790: Validation accuracy = 44.0% (N=100)
INFO:tensorflow:2020-02-02 01:18:40.108048: Step 1800: Train accuracy = 98.0%
I0202 01:18:40.108106 140664937167744 retrain.py:1082] 2020-02-02 01:18:40.108048: Step 1800: Train accuracy = 98.0%
INFO:tensorflow:2020-02-02 01:18:40.108377: Step 1800: Cross entropy = 0.212002
I0202 01:18:40.108403 140664937167744 retrain.py:1084] 2020-02-02 01:18:40.108377: Step 1800: Cross entropy = 0.212002
INFO:tensorflow:2020-02-02 01:18:40.214148: Step 1800: Validation accuracy = 38.0% (N=100)
I0202 01:18:40.214206 140664937167744 retrain.py:1100] 2020-02-02 01:18:40.214148: Step 1800: Validation accuracy = 38.0% (N=100)
INFO:tensorflow:2020-02-02 01:18:41.125256: Step 1810: Train accuracy = 98.0%
I0202 01:18:41.125327 140664937167744 retrain.py:1082] 2020-02-02 01:18:41.125256: Step 1810: Train accuracy = 98.0%
INFO:tensorflow:2020-02-02 01:18:41.125473: Step 1810: Cross entropy = 0.254438
I0202 01:18:41.125498 140664937167744 retrain.py:1084] 2020-02-02 01:18:41.125473: Step 1810: Cross entropy = 0.254438
INFO:tensorflow:2020-02-02 01:18:41.215583: Step 1810: Validation accuracy = 46.0% (N=100)
I0202 01:18:41.215688 140664937167744 retrain.py:1100] 2020-02-02 01:18:41.215583: Step 1810: Validation accuracy = 46.0% (N=100)
INFO:tensorflow:2020-02-02 01:18:42.091043: Step 1820: Train accuracy = 97.0%
I0202 01:18:42.091129 140664937167744 retrain.py:1082] 2020-02-02 01:18:42.091043: Step 1820: Train accuracy = 97.0%
INFO:tensorflow:2020-02-02 01:18:42.091383: Step 1820: Cross entropy = 0.224592
I0202 01:18:42.091412 140664937167744 retrain.py:1084] 2020-02-02 01:18:42.091383: Step 1820: Cross entropy = 0.224592
INFO:tensorflow:2020-02-02 01:18:42.184030: Step 1820: Validation accuracy = 49.0% (N=100)
I0202 01:18:42.184097 140664937167744 retrain.py:1100] 2020-02-02 01:18:42.184030: Step 1820: Validation accuracy = 49.0% (N=100)
INFO:tensorflow:2020-02-02 01:18:43.058558: Step 1830: Train accuracy = 100.0%
I0202 01:18:43.058613 140664937167744 retrain.py:1082] 2020-02-02 01:18:43.058558: Step 1830: Train accuracy = 100.0%
INFO:tensorflow:2020-02-02 01:18:43.058791: Step 1830: Cross entropy = 0.228429
I0202 01:18:43.058811 140664937167744 retrain.py:1084] 2020-02-02 01:18:43.058791: Step 1830: Cross entropy = 0.228429
INFO:tensorflow:2020-02-02 01:18:43.160532: Step 1830: Validation accuracy = 42.0% (N=100)
I0202 01:18:43.160592 140664937167744 retrain.py:1100] 2020-02-02 01:18:43.160532: Step 1830: Validation accuracy = 42.0% (N=100)
INFO:tensorflow:2020-02-02 01:18:43.952088: Step 1840: Train accuracy = 98.0%
I0202 01:18:43.952158 140664937167744 retrain.py:1082] 2020-02-02 01:18:43.952088: Step 1840: Train accuracy = 98.0%
INFO:tensorflow:2020-02-02 01:18:43.952343: Step 1840: Cross entropy = 0.248034
I0202 01:18:43.952361 140664937167744 retrain.py:1084] 2020-02-02 01:18:43.952343: Step 1840: Cross entropy = 0.248034
INFO:tensorflow:2020-02-02 01:18:44.047803: Step 1840: Validation accuracy = 42.0% (N=100)
I0202 01:18:44.047892 140664937167744 retrain.py:1100] 2020-02-02 01:18:44.047803: Step 1840: Validation accuracy = 42.0% (N=100)
INFO:tensorflow:2020-02-02 01:18:44.896847: Step 1850: Train accuracy = 97.0%
I0202 01:18:44.896902 140664937167744 retrain.py:1082] 2020-02-02 01:18:44.896847: Step 1850: Train accuracy = 97.0%
INFO:tensorflow:2020-02-02 01:18:44.897078: Step 1850: Cross entropy = 0.268438
I0202 01:18:44.897100 140664937167744 retrain.py:1084] 2020-02-02 01:18:44.897078: Step 1850: Cross entropy = 0.268438
INFO:tensorflow:2020-02-02 01:18:44.973817: Step 1850: Validation accuracy = 46.0% (N=100)
I0202 01:18:44.973907 140664937167744 retrain.py:1100] 2020-02-02 01:18:44.973817: Step 1850: Validation accuracy = 46.0% (N=100)
INFO:tensorflow:2020-02-02 01:18:46.045351: Step 1860: Train accuracy = 96.0%
I0202 01:18:46.045410 140664937167744 retrain.py:1082] 2020-02-02 01:18:46.045351: Step 1860: Train accuracy = 96.0%
INFO:tensorflow:2020-02-02 01:18:46.045769: Step 1860: Cross entropy = 0.265863
I0202 01:18:46.045821 140664937167744 retrain.py:1084] 2020-02-02 01:18:46.045769: Step 1860: Cross entropy = 0.265863
INFO:tensorflow:2020-02-02 01:18:46.145451: Step 1860: Validation accuracy = 48.0% (N=100)
I0202 01:18:46.145534 140664937167744 retrain.py:1100] 2020-02-02 01:18:46.145451: Step 1860: Validation accuracy = 48.0% (N=100)
INFO:tensorflow:2020-02-02 01:18:46.941620: Step 1870: Train accuracy = 99.0%
I0202 01:18:46.941686 140664937167744 retrain.py:1082] 2020-02-02 01:18:46.941620: Step 1870: Train accuracy = 99.0%
INFO:tensorflow:2020-02-02 01:18:46.941854: Step 1870: Cross entropy = 0.211953
I0202 01:18:46.941877 140664937167744 retrain.py:1084] 2020-02-02 01:18:46.941854: Step 1870: Cross entropy = 0.211953
INFO:tensorflow:2020-02-02 01:18:47.021124: Step 1870: Validation accuracy = 33.0% (N=100)
I0202 01:18:47.021190 140664937167744 retrain.py:1100] 2020-02-02 01:18:47.021124: Step 1870: Validation accuracy = 33.0% (N=100)
INFO:tensorflow:2020-02-02 01:18:48.116723: Step 1880: Train accuracy = 98.0%
I0202 01:18:48.116781 140664937167744 retrain.py:1082] 2020-02-02 01:18:48.116723: Step 1880: Train accuracy = 98.0%
INFO:tensorflow:2020-02-02 01:18:48.116951: Step 1880: Cross entropy = 0.258413
I0202 01:18:48.116982 140664937167744 retrain.py:1084] 2020-02-02 01:18:48.116951: Step 1880: Cross entropy = 0.258413
INFO:tensorflow:2020-02-02 01:18:48.199828: Step 1880: Validation accuracy = 33.0% (N=100)
I0202 01:18:48.199882 140664937167744 retrain.py:1100] 2020-02-02 01:18:48.199828: Step 1880: Validation accuracy = 33.0% (N=100)
INFO:tensorflow:2020-02-02 01:18:49.069153: Step 1890: Train accuracy = 97.0%
I0202 01:18:49.069242 140664937167744 retrain.py:1082] 2020-02-02 01:18:49.069153: Step 1890: Train accuracy = 97.0%
INFO:tensorflow:2020-02-02 01:18:49.069529: Step 1890: Cross entropy = 0.251644
I0202 01:18:49.069563 140664937167744 retrain.py:1084] 2020-02-02 01:18:49.069529: Step 1890: Cross entropy = 0.251644
INFO:tensorflow:2020-02-02 01:18:49.240743: Step 1890: Validation accuracy = 46.0% (N=100)
I0202 01:18:49.240864 140664937167744 retrain.py:1100] 2020-02-02 01:18:49.240743: Step 1890: Validation accuracy = 46.0% (N=100)
INFO:tensorflow:2020-02-02 01:18:50.229804: Step 1900: Train accuracy = 95.0%
I0202 01:18:50.229879 140664937167744 retrain.py:1082] 2020-02-02 01:18:50.229804: Step 1900: Train accuracy = 95.0%
INFO:tensorflow:2020-02-02 01:18:50.230094: Step 1900: Cross entropy = 0.244494
I0202 01:18:50.230115 140664937167744 retrain.py:1084] 2020-02-02 01:18:50.230094: Step 1900: Cross entropy = 0.244494
INFO:tensorflow:2020-02-02 01:18:50.330014: Step 1900: Validation accuracy = 48.0% (N=100)
I0202 01:18:50.330113 140664937167744 retrain.py:1100] 2020-02-02 01:18:50.330014: Step 1900: Validation accuracy = 48.0% (N=100)
INFO:tensorflow:2020-02-02 01:18:51.229375: Step 1910: Train accuracy = 99.0%
I0202 01:18:51.229442 140664937167744 retrain.py:1082] 2020-02-02 01:18:51.229375: Step 1910: Train accuracy = 99.0%
INFO:tensorflow:2020-02-02 01:18:51.229625: Step 1910: Cross entropy = 0.254881
I0202 01:18:51.229656 140664937167744 retrain.py:1084] 2020-02-02 01:18:51.229625: Step 1910: Cross entropy = 0.254881
INFO:tensorflow:2020-02-02 01:18:51.312029: Step 1910: Validation accuracy = 48.0% (N=100)
I0202 01:18:51.312154 140664937167744 retrain.py:1100] 2020-02-02 01:18:51.312029: Step 1910: Validation accuracy = 48.0% (N=100)
INFO:tensorflow:2020-02-02 01:18:52.165469: Step 1920: Train accuracy = 94.0%
I0202 01:18:52.165527 140664937167744 retrain.py:1082] 2020-02-02 01:18:52.165469: Step 1920: Train accuracy = 94.0%
INFO:tensorflow:2020-02-02 01:18:52.165724: Step 1920: Cross entropy = 0.284625
I0202 01:18:52.165743 140664937167744 retrain.py:1084] 2020-02-02 01:18:52.165724: Step 1920: Cross entropy = 0.284625
INFO:tensorflow:2020-02-02 01:18:52.265552: Step 1920: Validation accuracy = 45.0% (N=100)
I0202 01:18:52.265655 140664937167744 retrain.py:1100] 2020-02-02 01:18:52.265552: Step 1920: Validation accuracy = 45.0% (N=100)
INFO:tensorflow:2020-02-02 01:18:53.087591: Step 1930: Train accuracy = 99.0%
I0202 01:18:53.087647 140664937167744 retrain.py:1082] 2020-02-02 01:18:53.087591: Step 1930: Train accuracy = 99.0%
INFO:tensorflow:2020-02-02 01:18:53.087836: Step 1930: Cross entropy = 0.227225
I0202 01:18:53.087857 140664937167744 retrain.py:1084] 2020-02-02 01:18:53.087836: Step 1930: Cross entropy = 0.227225
INFO:tensorflow:2020-02-02 01:18:53.166643: Step 1930: Validation accuracy = 44.0% (N=100)
I0202 01:18:53.166714 140664937167744 retrain.py:1100] 2020-02-02 01:18:53.166643: Step 1930: Validation accuracy = 44.0% (N=100)
INFO:tensorflow:2020-02-02 01:18:54.156303: Step 1940: Train accuracy = 96.0%
I0202 01:18:54.156383 140664937167744 retrain.py:1082] 2020-02-02 01:18:54.156303: Step 1940: Train accuracy = 96.0%
INFO:tensorflow:2020-02-02 01:18:54.156550: Step 1940: Cross entropy = 0.257569
I0202 01:18:54.156568 140664937167744 retrain.py:1084] 2020-02-02 01:18:54.156550: Step 1940: Cross entropy = 0.257569
INFO:tensorflow:2020-02-02 01:18:54.242557: Step 1940: Validation accuracy = 39.0% (N=100)
I0202 01:18:54.242616 140664937167744 retrain.py:1100] 2020-02-02 01:18:54.242557: Step 1940: Validation accuracy = 39.0% (N=100)
INFO:tensorflow:2020-02-02 01:18:55.013742: Step 1950: Train accuracy = 96.0%
I0202 01:18:55.013798 140664937167744 retrain.py:1082] 2020-02-02 01:18:55.013742: Step 1950: Train accuracy = 96.0%
INFO:tensorflow:2020-02-02 01:18:55.013988: Step 1950: Cross entropy = 0.255495
I0202 01:18:55.014005 140664937167744 retrain.py:1084] 2020-02-02 01:18:55.013988: Step 1950: Cross entropy = 0.255495
INFO:tensorflow:2020-02-02 01:18:55.095206: Step 1950: Validation accuracy = 45.0% (N=100)
I0202 01:18:55.095280 140664937167744 retrain.py:1100] 2020-02-02 01:18:55.095206: Step 1950: Validation accuracy = 45.0% (N=100)
INFO:tensorflow:2020-02-02 01:18:55.885379: Step 1960: Train accuracy = 98.0%
I0202 01:18:55.885435 140664937167744 retrain.py:1082] 2020-02-02 01:18:55.885379: Step 1960: Train accuracy = 98.0%
INFO:tensorflow:2020-02-02 01:18:55.885616: Step 1960: Cross entropy = 0.247910
I0202 01:18:55.885636 140664937167744 retrain.py:1084] 2020-02-02 01:18:55.885616: Step 1960: Cross entropy = 0.247910
INFO:tensorflow:2020-02-02 01:18:55.968267: Step 1960: Validation accuracy = 48.0% (N=100)
I0202 01:18:55.968340 140664937167744 retrain.py:1100] 2020-02-02 01:18:55.968267: Step 1960: Validation accuracy = 48.0% (N=100)
INFO:tensorflow:2020-02-02 01:18:56.777032: Step 1970: Train accuracy = 97.0%
I0202 01:18:56.777157 140664937167744 retrain.py:1082] 2020-02-02 01:18:56.777032: Step 1970: Train accuracy = 97.0%
INFO:tensorflow:2020-02-02 01:18:56.777363: Step 1970: Cross entropy = 0.250819
I0202 01:18:56.777386 140664937167744 retrain.py:1084] 2020-02-02 01:18:56.777363: Step 1970: Cross entropy = 0.250819
INFO:tensorflow:2020-02-02 01:18:56.880185: Step 1970: Validation accuracy = 49.0% (N=100)
I0202 01:18:56.880247 140664937167744 retrain.py:1100] 2020-02-02 01:18:56.880185: Step 1970: Validation accuracy = 49.0% (N=100)
INFO:tensorflow:2020-02-02 01:18:57.826561: Step 1980: Train accuracy = 98.0%
I0202 01:18:57.826669 140664937167744 retrain.py:1082] 2020-02-02 01:18:57.826561: Step 1980: Train accuracy = 98.0%
INFO:tensorflow:2020-02-02 01:18:57.827140: Step 1980: Cross entropy = 0.245499
I0202 01:18:57.827172 140664937167744 retrain.py:1084] 2020-02-02 01:18:57.827140: Step 1980: Cross entropy = 0.245499
INFO:tensorflow:2020-02-02 01:18:57.944313: Step 1980: Validation accuracy = 45.0% (N=100)
I0202 01:18:57.944427 140664937167744 retrain.py:1100] 2020-02-02 01:18:57.944313: Step 1980: Validation accuracy = 45.0% (N=100)
INFO:tensorflow:2020-02-02 01:18:58.911785: Step 1990: Train accuracy = 98.0%
I0202 01:18:58.911882 140664937167744 retrain.py:1082] 2020-02-02 01:18:58.911785: Step 1990: Train accuracy = 98.0%
INFO:tensorflow:2020-02-02 01:18:58.912201: Step 1990: Cross entropy = 0.232851
I0202 01:18:58.912225 140664937167744 retrain.py:1084] 2020-02-02 01:18:58.912201: Step 1990: Cross entropy = 0.232851
INFO:tensorflow:2020-02-02 01:18:58.994861: Step 1990: Validation accuracy = 39.0% (N=100)
I0202 01:18:58.994926 140664937167744 retrain.py:1100] 2020-02-02 01:18:58.994861: Step 1990: Validation accuracy = 39.0% (N=100)
INFO:tensorflow:2020-02-02 01:18:59.947983: Step 2000: Train accuracy = 97.0%
I0202 01:18:59.948454 140664937167744 retrain.py:1082] 2020-02-02 01:18:59.947983: Step 2000: Train accuracy = 97.0%
INFO:tensorflow:2020-02-02 01:18:59.948725: Step 2000: Cross entropy = 0.252570
I0202 01:18:59.948766 140664937167744 retrain.py:1084] 2020-02-02 01:18:59.948725: Step 2000: Cross entropy = 0.252570
INFO:tensorflow:2020-02-02 01:19:00.056802: Step 2000: Validation accuracy = 47.0% (N=100)
I0202 01:19:00.056859 140664937167744 retrain.py:1100] 2020-02-02 01:19:00.056802: Step 2000: Validation accuracy = 47.0% (N=100)
INFO:tensorflow:2020-02-02 01:19:00.947475: Step 2010: Train accuracy = 96.0%
I0202 01:19:00.947542 140664937167744 retrain.py:1082] 2020-02-02 01:19:00.947475: Step 2010: Train accuracy = 96.0%
INFO:tensorflow:2020-02-02 01:19:00.947710: Step 2010: Cross entropy = 0.249217
I0202 01:19:00.947732 140664937167744 retrain.py:1084] 2020-02-02 01:19:00.947710: Step 2010: Cross entropy = 0.249217
INFO:tensorflow:2020-02-02 01:19:01.028389: Step 2010: Validation accuracy = 52.0% (N=100)
I0202 01:19:01.028447 140664937167744 retrain.py:1100] 2020-02-02 01:19:01.028389: Step 2010: Validation accuracy = 52.0% (N=100)
INFO:tensorflow:2020-02-02 01:19:01.815488: Step 2020: Train accuracy = 99.0%
I0202 01:19:01.815544 140664937167744 retrain.py:1082] 2020-02-02 01:19:01.815488: Step 2020: Train accuracy = 99.0%
INFO:tensorflow:2020-02-02 01:19:01.815711: Step 2020: Cross entropy = 0.249321
I0202 01:19:01.815726 140664937167744 retrain.py:1084] 2020-02-02 01:19:01.815711: Step 2020: Cross entropy = 0.249321
INFO:tensorflow:2020-02-02 01:19:01.902713: Step 2020: Validation accuracy = 46.0% (N=100)
I0202 01:19:01.902781 140664937167744 retrain.py:1100] 2020-02-02 01:19:01.902713: Step 2020: Validation accuracy = 46.0% (N=100)
INFO:tensorflow:2020-02-02 01:19:02.673121: Step 2030: Train accuracy = 98.0%
I0202 01:19:02.673187 140664937167744 retrain.py:1082] 2020-02-02 01:19:02.673121: Step 2030: Train accuracy = 98.0%
INFO:tensorflow:2020-02-02 01:19:02.673348: Step 2030: Cross entropy = 0.227325
I0202 01:19:02.673366 140664937167744 retrain.py:1084] 2020-02-02 01:19:02.673348: Step 2030: Cross entropy = 0.227325
INFO:tensorflow:2020-02-02 01:19:02.753315: Step 2030: Validation accuracy = 51.0% (N=100)
I0202 01:19:02.753380 140664937167744 retrain.py:1100] 2020-02-02 01:19:02.753315: Step 2030: Validation accuracy = 51.0% (N=100)
INFO:tensorflow:2020-02-02 01:19:03.567848: Step 2040: Train accuracy = 99.0%
I0202 01:19:03.567916 140664937167744 retrain.py:1082] 2020-02-02 01:19:03.567848: Step 2040: Train accuracy = 99.0%
INFO:tensorflow:2020-02-02 01:19:03.568071: Step 2040: Cross entropy = 0.229248
I0202 01:19:03.568098 140664937167744 retrain.py:1084] 2020-02-02 01:19:03.568071: Step 2040: Cross entropy = 0.229248
INFO:tensorflow:2020-02-02 01:19:03.651907: Step 2040: Validation accuracy = 39.0% (N=100)
I0202 01:19:03.651963 140664937167744 retrain.py:1100] 2020-02-02 01:19:03.651907: Step 2040: Validation accuracy = 39.0% (N=100)
INFO:tensorflow:2020-02-02 01:19:04.422180: Step 2050: Train accuracy = 95.0%
I0202 01:19:04.422246 140664937167744 retrain.py:1082] 2020-02-02 01:19:04.422180: Step 2050: Train accuracy = 95.0%
INFO:tensorflow:2020-02-02 01:19:04.422398: Step 2050: Cross entropy = 0.241085
I0202 01:19:04.422426 140664937167744 retrain.py:1084] 2020-02-02 01:19:04.422398: Step 2050: Cross entropy = 0.241085
INFO:tensorflow:2020-02-02 01:19:04.503310: Step 2050: Validation accuracy = 51.0% (N=100)
I0202 01:19:04.503396 140664937167744 retrain.py:1100] 2020-02-02 01:19:04.503310: Step 2050: Validation accuracy = 51.0% (N=100)
INFO:tensorflow:2020-02-02 01:19:05.353468: Step 2060: Train accuracy = 98.0%
I0202 01:19:05.353525 140664937167744 retrain.py:1082] 2020-02-02 01:19:05.353468: Step 2060: Train accuracy = 98.0%
INFO:tensorflow:2020-02-02 01:19:05.353713: Step 2060: Cross entropy = 0.221711
I0202 01:19:05.353734 140664937167744 retrain.py:1084] 2020-02-02 01:19:05.353713: Step 2060: Cross entropy = 0.221711
INFO:tensorflow:2020-02-02 01:19:05.439565: Step 2060: Validation accuracy = 41.0% (N=100)
I0202 01:19:05.439729 140664937167744 retrain.py:1100] 2020-02-02 01:19:05.439565: Step 2060: Validation accuracy = 41.0% (N=100)
INFO:tensorflow:2020-02-02 01:19:06.261724: Step 2070: Train accuracy = 96.0%
I0202 01:19:06.261822 140664937167744 retrain.py:1082] 2020-02-02 01:19:06.261724: Step 2070: Train accuracy = 96.0%
INFO:tensorflow:2020-02-02 01:19:06.262117: Step 2070: Cross entropy = 0.216670
I0202 01:19:06.262158 140664937167744 retrain.py:1084] 2020-02-02 01:19:06.262117: Step 2070: Cross entropy = 0.216670
INFO:tensorflow:2020-02-02 01:19:06.351248: Step 2070: Validation accuracy = 39.0% (N=100)
I0202 01:19:06.351307 140664937167744 retrain.py:1100] 2020-02-02 01:19:06.351248: Step 2070: Validation accuracy = 39.0% (N=100)
INFO:tensorflow:2020-02-02 01:19:07.215282: Step 2080: Train accuracy = 98.0%
I0202 01:19:07.215338 140664937167744 retrain.py:1082] 2020-02-02 01:19:07.215282: Step 2080: Train accuracy = 98.0%
INFO:tensorflow:2020-02-02 01:19:07.215493: Step 2080: Cross entropy = 0.231191
I0202 01:19:07.215534 140664937167744 retrain.py:1084] 2020-02-02 01:19:07.215493: Step 2080: Cross entropy = 0.231191
INFO:tensorflow:2020-02-02 01:19:07.325215: Step 2080: Validation accuracy = 35.0% (N=100)
I0202 01:19:07.325273 140664937167744 retrain.py:1100] 2020-02-02 01:19:07.325215: Step 2080: Validation accuracy = 35.0% (N=100)
INFO:tensorflow:2020-02-02 01:19:08.155546: Step 2090: Train accuracy = 99.0%
I0202 01:19:08.155626 140664937167744 retrain.py:1082] 2020-02-02 01:19:08.155546: Step 2090: Train accuracy = 99.0%
INFO:tensorflow:2020-02-02 01:19:08.155879: Step 2090: Cross entropy = 0.239032
I0202 01:19:08.155917 140664937167744 retrain.py:1084] 2020-02-02 01:19:08.155879: Step 2090: Cross entropy = 0.239032
INFO:tensorflow:2020-02-02 01:19:08.240310: Step 2090: Validation accuracy = 45.0% (N=100)
I0202 01:19:08.240409 140664937167744 retrain.py:1100] 2020-02-02 01:19:08.240310: Step 2090: Validation accuracy = 45.0% (N=100)
INFO:tensorflow:2020-02-02 01:19:09.080260: Step 2100: Train accuracy = 100.0%
I0202 01:19:09.080317 140664937167744 retrain.py:1082] 2020-02-02 01:19:09.080260: Step 2100: Train accuracy = 100.0%
INFO:tensorflow:2020-02-02 01:19:09.080476: Step 2100: Cross entropy = 0.220519
I0202 01:19:09.080493 140664937167744 retrain.py:1084] 2020-02-02 01:19:09.080476: Step 2100: Cross entropy = 0.220519
INFO:tensorflow:2020-02-02 01:19:09.162625: Step 2100: Validation accuracy = 46.0% (N=100)
I0202 01:19:09.162694 140664937167744 retrain.py:1100] 2020-02-02 01:19:09.162625: Step 2100: Validation accuracy = 46.0% (N=100)
INFO:tensorflow:2020-02-02 01:19:10.005254: Step 2110: Train accuracy = 97.0%
I0202 01:19:10.005334 140664937167744 retrain.py:1082] 2020-02-02 01:19:10.005254: Step 2110: Train accuracy = 97.0%
INFO:tensorflow:2020-02-02 01:19:10.005475: Step 2110: Cross entropy = 0.227581
I0202 01:19:10.005492 140664937167744 retrain.py:1084] 2020-02-02 01:19:10.005475: Step 2110: Cross entropy = 0.227581
INFO:tensorflow:2020-02-02 01:19:10.097297: Step 2110: Validation accuracy = 37.0% (N=100)
I0202 01:19:10.097370 140664937167744 retrain.py:1100] 2020-02-02 01:19:10.097297: Step 2110: Validation accuracy = 37.0% (N=100)
INFO:tensorflow:2020-02-02 01:19:10.909834: Step 2120: Train accuracy = 97.0%
I0202 01:19:10.909890 140664937167744 retrain.py:1082] 2020-02-02 01:19:10.909834: Step 2120: Train accuracy = 97.0%
INFO:tensorflow:2020-02-02 01:19:10.910086: Step 2120: Cross entropy = 0.221757
I0202 01:19:10.910105 140664937167744 retrain.py:1084] 2020-02-02 01:19:10.910086: Step 2120: Cross entropy = 0.221757
INFO:tensorflow:2020-02-02 01:19:10.986382: Step 2120: Validation accuracy = 35.0% (N=100)
I0202 01:19:10.986449 140664937167744 retrain.py:1100] 2020-02-02 01:19:10.986382: Step 2120: Validation accuracy = 35.0% (N=100)
INFO:tensorflow:2020-02-02 01:19:11.826883: Step 2130: Train accuracy = 98.0%
I0202 01:19:11.826950 140664937167744 retrain.py:1082] 2020-02-02 01:19:11.826883: Step 2130: Train accuracy = 98.0%
INFO:tensorflow:2020-02-02 01:19:11.827098: Step 2130: Cross entropy = 0.220379
I0202 01:19:11.827118 140664937167744 retrain.py:1084] 2020-02-02 01:19:11.827098: Step 2130: Cross entropy = 0.220379
INFO:tensorflow:2020-02-02 01:19:11.906076: Step 2130: Validation accuracy = 37.0% (N=100)
I0202 01:19:11.906155 140664937167744 retrain.py:1100] 2020-02-02 01:19:11.906076: Step 2130: Validation accuracy = 37.0% (N=100)
INFO:tensorflow:2020-02-02 01:19:12.702519: Step 2140: Train accuracy = 97.0%
I0202 01:19:12.702600 140664937167744 retrain.py:1082] 2020-02-02 01:19:12.702519: Step 2140: Train accuracy = 97.0%
INFO:tensorflow:2020-02-02 01:19:12.702776: Step 2140: Cross entropy = 0.232280
I0202 01:19:12.702804 140664937167744 retrain.py:1084] 2020-02-02 01:19:12.702776: Step 2140: Cross entropy = 0.232280
INFO:tensorflow:2020-02-02 01:19:12.783322: Step 2140: Validation accuracy = 45.0% (N=100)
I0202 01:19:12.783378 140664937167744 retrain.py:1100] 2020-02-02 01:19:12.783322: Step 2140: Validation accuracy = 45.0% (N=100)
INFO:tensorflow:2020-02-02 01:19:13.622857: Step 2150: Train accuracy = 96.0%
I0202 01:19:13.622923 140664937167744 retrain.py:1082] 2020-02-02 01:19:13.622857: Step 2150: Train accuracy = 96.0%
INFO:tensorflow:2020-02-02 01:19:13.623105: Step 2150: Cross entropy = 0.234197
I0202 01:19:13.623132 140664937167744 retrain.py:1084] 2020-02-02 01:19:13.623105: Step 2150: Cross entropy = 0.234197
INFO:tensorflow:2020-02-02 01:19:13.709838: Step 2150: Validation accuracy = 50.0% (N=100)
I0202 01:19:13.709979 140664937167744 retrain.py:1100] 2020-02-02 01:19:13.709838: Step 2150: Validation accuracy = 50.0% (N=100)
INFO:tensorflow:2020-02-02 01:19:14.516811: Step 2160: Train accuracy = 96.0%
I0202 01:19:14.516876 140664937167744 retrain.py:1082] 2020-02-02 01:19:14.516811: Step 2160: Train accuracy = 96.0%
INFO:tensorflow:2020-02-02 01:19:14.517049: Step 2160: Cross entropy = 0.231680
I0202 01:19:14.517068 140664937167744 retrain.py:1084] 2020-02-02 01:19:14.517049: Step 2160: Cross entropy = 0.231680
INFO:tensorflow:2020-02-02 01:19:14.602858: Step 2160: Validation accuracy = 45.0% (N=100)
I0202 01:19:14.602915 140664937167744 retrain.py:1100] 2020-02-02 01:19:14.602858: Step 2160: Validation accuracy = 45.0% (N=100)
INFO:tensorflow:2020-02-02 01:19:15.443275: Step 2170: Train accuracy = 98.0%
I0202 01:19:15.443354 140664937167744 retrain.py:1082] 2020-02-02 01:19:15.443275: Step 2170: Train accuracy = 98.0%
INFO:tensorflow:2020-02-02 01:19:15.443513: Step 2170: Cross entropy = 0.230826
I0202 01:19:15.443541 140664937167744 retrain.py:1084] 2020-02-02 01:19:15.443513: Step 2170: Cross entropy = 0.230826
INFO:tensorflow:2020-02-02 01:19:15.527493: Step 2170: Validation accuracy = 36.0% (N=100)
I0202 01:19:15.527562 140664937167744 retrain.py:1100] 2020-02-02 01:19:15.527493: Step 2170: Validation accuracy = 36.0% (N=100)
INFO:tensorflow:2020-02-02 01:19:16.405113: Step 2180: Train accuracy = 96.0%
I0202 01:19:16.405169 140664937167744 retrain.py:1082] 2020-02-02 01:19:16.405113: Step 2180: Train accuracy = 96.0%
INFO:tensorflow:2020-02-02 01:19:16.405364: Step 2180: Cross entropy = 0.231086
I0202 01:19:16.405385 140664937167744 retrain.py:1084] 2020-02-02 01:19:16.405364: Step 2180: Cross entropy = 0.231086
INFO:tensorflow:2020-02-02 01:19:16.492907: Step 2180: Validation accuracy = 47.0% (N=100)
I0202 01:19:16.492966 140664937167744 retrain.py:1100] 2020-02-02 01:19:16.492907: Step 2180: Validation accuracy = 47.0% (N=100)
INFO:tensorflow:2020-02-02 01:19:17.291684: Step 2190: Train accuracy = 97.0%
I0202 01:19:17.291766 140664937167744 retrain.py:1082] 2020-02-02 01:19:17.291684: Step 2190: Train accuracy = 97.0%
INFO:tensorflow:2020-02-02 01:19:17.291971: Step 2190: Cross entropy = 0.245547
I0202 01:19:17.291987 140664937167744 retrain.py:1084] 2020-02-02 01:19:17.291971: Step 2190: Cross entropy = 0.245547
INFO:tensorflow:2020-02-02 01:19:17.386910: Step 2190: Validation accuracy = 49.0% (N=100)
I0202 01:19:17.386968 140664937167744 retrain.py:1100] 2020-02-02 01:19:17.386910: Step 2190: Validation accuracy = 49.0% (N=100)
INFO:tensorflow:2020-02-02 01:19:18.454153: Step 2200: Train accuracy = 98.0%
I0202 01:19:18.454209 140664937167744 retrain.py:1082] 2020-02-02 01:19:18.454153: Step 2200: Train accuracy = 98.0%
INFO:tensorflow:2020-02-02 01:19:18.454397: Step 2200: Cross entropy = 0.214557
I0202 01:19:18.454420 140664937167744 retrain.py:1084] 2020-02-02 01:19:18.454397: Step 2200: Cross entropy = 0.214557
INFO:tensorflow:2020-02-02 01:19:18.531493: Step 2200: Validation accuracy = 48.0% (N=100)
I0202 01:19:18.531550 140664937167744 retrain.py:1100] 2020-02-02 01:19:18.531493: Step 2200: Validation accuracy = 48.0% (N=100)
INFO:tensorflow:2020-02-02 01:19:19.326596: Step 2210: Train accuracy = 97.0%
I0202 01:19:19.326724 140664937167744 retrain.py:1082] 2020-02-02 01:19:19.326596: Step 2210: Train accuracy = 97.0%
INFO:tensorflow:2020-02-02 01:19:19.327095: Step 2210: Cross entropy = 0.238197
I0202 01:19:19.327162 140664937167744 retrain.py:1084] 2020-02-02 01:19:19.327095: Step 2210: Cross entropy = 0.238197
INFO:tensorflow:2020-02-02 01:19:19.456238: Step 2210: Validation accuracy = 42.0% (N=100)
I0202 01:19:19.456365 140664937167744 retrain.py:1100] 2020-02-02 01:19:19.456238: Step 2210: Validation accuracy = 42.0% (N=100)
INFO:tensorflow:2020-02-02 01:19:20.246773: Step 2220: Train accuracy = 96.0%
I0202 01:19:20.246834 140664937167744 retrain.py:1082] 2020-02-02 01:19:20.246773: Step 2220: Train accuracy = 96.0%
INFO:tensorflow:2020-02-02 01:19:20.247014: Step 2220: Cross entropy = 0.231174
I0202 01:19:20.247033 140664937167744 retrain.py:1084] 2020-02-02 01:19:20.247014: Step 2220: Cross entropy = 0.231174
INFO:tensorflow:2020-02-02 01:19:20.327717: Step 2220: Validation accuracy = 50.0% (N=100)
I0202 01:19:20.327775 140664937167744 retrain.py:1100] 2020-02-02 01:19:20.327717: Step 2220: Validation accuracy = 50.0% (N=100)
INFO:tensorflow:2020-02-02 01:19:21.201162: Step 2230: Train accuracy = 97.0%
I0202 01:19:21.201250 140664937167744 retrain.py:1082] 2020-02-02 01:19:21.201162: Step 2230: Train accuracy = 97.0%
INFO:tensorflow:2020-02-02 01:19:21.201440: Step 2230: Cross entropy = 0.234079
I0202 01:19:21.201458 140664937167744 retrain.py:1084] 2020-02-02 01:19:21.201440: Step 2230: Cross entropy = 0.234079
INFO:tensorflow:2020-02-02 01:19:21.309706: Step 2230: Validation accuracy = 45.0% (N=100)
I0202 01:19:21.309789 140664937167744 retrain.py:1100] 2020-02-02 01:19:21.309706: Step 2230: Validation accuracy = 45.0% (N=100)
INFO:tensorflow:2020-02-02 01:19:22.239885: Step 2240: Train accuracy = 97.0%
I0202 01:19:22.239942 140664937167744 retrain.py:1082] 2020-02-02 01:19:22.239885: Step 2240: Train accuracy = 97.0%
INFO:tensorflow:2020-02-02 01:19:22.240103: Step 2240: Cross entropy = 0.207962
I0202 01:19:22.240121 140664937167744 retrain.py:1084] 2020-02-02 01:19:22.240103: Step 2240: Cross entropy = 0.207962
INFO:tensorflow:2020-02-02 01:19:22.325184: Step 2240: Validation accuracy = 38.0% (N=100)
I0202 01:19:22.325241 140664937167744 retrain.py:1100] 2020-02-02 01:19:22.325184: Step 2240: Validation accuracy = 38.0% (N=100)
INFO:tensorflow:2020-02-02 01:19:23.342528: Step 2250: Train accuracy = 98.0%
I0202 01:19:23.342586 140664937167744 retrain.py:1082] 2020-02-02 01:19:23.342528: Step 2250: Train accuracy = 98.0%
INFO:tensorflow:2020-02-02 01:19:23.342830: Step 2250: Cross entropy = 0.212332
I0202 01:19:23.342858 140664937167744 retrain.py:1084] 2020-02-02 01:19:23.342830: Step 2250: Cross entropy = 0.212332
INFO:tensorflow:2020-02-02 01:19:23.431690: Step 2250: Validation accuracy = 46.0% (N=100)
I0202 01:19:23.431780 140664937167744 retrain.py:1100] 2020-02-02 01:19:23.431690: Step 2250: Validation accuracy = 46.0% (N=100)
INFO:tensorflow:2020-02-02 01:19:24.253495: Step 2260: Train accuracy = 95.0%
I0202 01:19:24.253610 140664937167744 retrain.py:1082] 2020-02-02 01:19:24.253495: Step 2260: Train accuracy = 95.0%
INFO:tensorflow:2020-02-02 01:19:24.254265: Step 2260: Cross entropy = 0.247127
I0202 01:19:24.254297 140664937167744 retrain.py:1084] 2020-02-02 01:19:24.254265: Step 2260: Cross entropy = 0.247127
INFO:tensorflow:2020-02-02 01:19:24.334243: Step 2260: Validation accuracy = 46.0% (N=100)
I0202 01:19:24.334301 140664937167744 retrain.py:1100] 2020-02-02 01:19:24.334243: Step 2260: Validation accuracy = 46.0% (N=100)
INFO:tensorflow:2020-02-02 01:19:25.180584: Step 2270: Train accuracy = 97.0%
I0202 01:19:25.180674 140664937167744 retrain.py:1082] 2020-02-02 01:19:25.180584: Step 2270: Train accuracy = 97.0%
INFO:tensorflow:2020-02-02 01:19:25.182007: Step 2270: Cross entropy = 0.227399
I0202 01:19:25.182104 140664937167744 retrain.py:1084] 2020-02-02 01:19:25.182007: Step 2270: Cross entropy = 0.227399
INFO:tensorflow:2020-02-02 01:19:25.312811: Step 2270: Validation accuracy = 41.0% (N=100)
I0202 01:19:25.312891 140664937167744 retrain.py:1100] 2020-02-02 01:19:25.312811: Step 2270: Validation accuracy = 41.0% (N=100)
INFO:tensorflow:2020-02-02 01:19:26.273888: Step 2280: Train accuracy = 96.0%
I0202 01:19:26.273959 140664937167744 retrain.py:1082] 2020-02-02 01:19:26.273888: Step 2280: Train accuracy = 96.0%
INFO:tensorflow:2020-02-02 01:19:26.274132: Step 2280: Cross entropy = 0.234792
I0202 01:19:26.274154 140664937167744 retrain.py:1084] 2020-02-02 01:19:26.274132: Step 2280: Cross entropy = 0.234792
INFO:tensorflow:2020-02-02 01:19:26.359392: Step 2280: Validation accuracy = 46.0% (N=100)
I0202 01:19:26.359471 140664937167744 retrain.py:1100] 2020-02-02 01:19:26.359392: Step 2280: Validation accuracy = 46.0% (N=100)
INFO:tensorflow:2020-02-02 01:19:27.167997: Step 2290: Train accuracy = 93.0%
I0202 01:19:27.168064 140664937167744 retrain.py:1082] 2020-02-02 01:19:27.167997: Step 2290: Train accuracy = 93.0%
INFO:tensorflow:2020-02-02 01:19:27.168228: Step 2290: Cross entropy = 0.271991
I0202 01:19:27.168245 140664937167744 retrain.py:1084] 2020-02-02 01:19:27.168228: Step 2290: Cross entropy = 0.271991
INFO:tensorflow:2020-02-02 01:19:27.258446: Step 2290: Validation accuracy = 45.0% (N=100)
I0202 01:19:27.258505 140664937167744 retrain.py:1100] 2020-02-02 01:19:27.258446: Step 2290: Validation accuracy = 45.0% (N=100)
INFO:tensorflow:2020-02-02 01:19:28.095665: Step 2300: Train accuracy = 98.0%
I0202 01:19:28.095774 140664937167744 retrain.py:1082] 2020-02-02 01:19:28.095665: Step 2300: Train accuracy = 98.0%
INFO:tensorflow:2020-02-02 01:19:28.095992: Step 2300: Cross entropy = 0.219151
I0202 01:19:28.096019 140664937167744 retrain.py:1084] 2020-02-02 01:19:28.095992: Step 2300: Cross entropy = 0.219151
INFO:tensorflow:2020-02-02 01:19:28.205252: Step 2300: Validation accuracy = 39.0% (N=100)
I0202 01:19:28.205311 140664937167744 retrain.py:1100] 2020-02-02 01:19:28.205252: Step 2300: Validation accuracy = 39.0% (N=100)
INFO:tensorflow:2020-02-02 01:19:29.005854: Step 2310: Train accuracy = 97.0%
I0202 01:19:29.005911 140664937167744 retrain.py:1082] 2020-02-02 01:19:29.005854: Step 2310: Train accuracy = 97.0%
INFO:tensorflow:2020-02-02 01:19:29.006107: Step 2310: Cross entropy = 0.220127
I0202 01:19:29.006122 140664937167744 retrain.py:1084] 2020-02-02 01:19:29.006107: Step 2310: Cross entropy = 0.220127
INFO:tensorflow:2020-02-02 01:19:29.093624: Step 2310: Validation accuracy = 52.0% (N=100)
I0202 01:19:29.093703 140664937167744 retrain.py:1100] 2020-02-02 01:19:29.093624: Step 2310: Validation accuracy = 52.0% (N=100)
INFO:tensorflow:2020-02-02 01:19:30.041376: Step 2320: Train accuracy = 97.0%
I0202 01:19:30.041444 140664937167744 retrain.py:1082] 2020-02-02 01:19:30.041376: Step 2320: Train accuracy = 97.0%
INFO:tensorflow:2020-02-02 01:19:30.041587: Step 2320: Cross entropy = 0.219417
I0202 01:19:30.041610 140664937167744 retrain.py:1084] 2020-02-02 01:19:30.041587: Step 2320: Cross entropy = 0.219417
INFO:tensorflow:2020-02-02 01:19:30.122263: Step 2320: Validation accuracy = 42.0% (N=100)
I0202 01:19:30.122342 140664937167744 retrain.py:1100] 2020-02-02 01:19:30.122263: Step 2320: Validation accuracy = 42.0% (N=100)
INFO:tensorflow:2020-02-02 01:19:30.964812: Step 2330: Train accuracy = 99.0%
I0202 01:19:30.964869 140664937167744 retrain.py:1082] 2020-02-02 01:19:30.964812: Step 2330: Train accuracy = 99.0%
INFO:tensorflow:2020-02-02 01:19:30.965052: Step 2330: Cross entropy = 0.203315
I0202 01:19:30.965070 140664937167744 retrain.py:1084] 2020-02-02 01:19:30.965052: Step 2330: Cross entropy = 0.203315
INFO:tensorflow:2020-02-02 01:19:31.046677: Step 2330: Validation accuracy = 54.0% (N=100)
I0202 01:19:31.046747 140664937167744 retrain.py:1100] 2020-02-02 01:19:31.046677: Step 2330: Validation accuracy = 54.0% (N=100)
INFO:tensorflow:2020-02-02 01:19:31.887130: Step 2340: Train accuracy = 99.0%
I0202 01:19:31.887207 140664937167744 retrain.py:1082] 2020-02-02 01:19:31.887130: Step 2340: Train accuracy = 99.0%
INFO:tensorflow:2020-02-02 01:19:31.887558: Step 2340: Cross entropy = 0.229451
I0202 01:19:31.887586 140664937167744 retrain.py:1084] 2020-02-02 01:19:31.887558: Step 2340: Cross entropy = 0.229451
INFO:tensorflow:2020-02-02 01:19:31.984892: Step 2340: Validation accuracy = 46.0% (N=100)
I0202 01:19:31.984968 140664937167744 retrain.py:1100] 2020-02-02 01:19:31.984892: Step 2340: Validation accuracy = 46.0% (N=100)
INFO:tensorflow:2020-02-02 01:19:32.831547: Step 2350: Train accuracy = 96.0%
I0202 01:19:32.831632 140664937167744 retrain.py:1082] 2020-02-02 01:19:32.831547: Step 2350: Train accuracy = 96.0%
INFO:tensorflow:2020-02-02 01:19:32.831882: Step 2350: Cross entropy = 0.225210
I0202 01:19:32.831909 140664937167744 retrain.py:1084] 2020-02-02 01:19:32.831882: Step 2350: Cross entropy = 0.225210
INFO:tensorflow:2020-02-02 01:19:32.921433: Step 2350: Validation accuracy = 44.0% (N=100)
I0202 01:19:32.921500 140664937167744 retrain.py:1100] 2020-02-02 01:19:32.921433: Step 2350: Validation accuracy = 44.0% (N=100)
INFO:tensorflow:2020-02-02 01:19:33.817822: Step 2360: Train accuracy = 98.0%
I0202 01:19:33.817879 140664937167744 retrain.py:1082] 2020-02-02 01:19:33.817822: Step 2360: Train accuracy = 98.0%
INFO:tensorflow:2020-02-02 01:19:33.818066: Step 2360: Cross entropy = 0.206014
I0202 01:19:33.818100 140664937167744 retrain.py:1084] 2020-02-02 01:19:33.818066: Step 2360: Cross entropy = 0.206014
INFO:tensorflow:2020-02-02 01:19:33.897696: Step 2360: Validation accuracy = 47.0% (N=100)
I0202 01:19:33.897755 140664937167744 retrain.py:1100] 2020-02-02 01:19:33.897696: Step 2360: Validation accuracy = 47.0% (N=100)
INFO:tensorflow:2020-02-02 01:19:34.775575: Step 2370: Train accuracy = 98.0%
I0202 01:19:34.775650 140664937167744 retrain.py:1082] 2020-02-02 01:19:34.775575: Step 2370: Train accuracy = 98.0%
INFO:tensorflow:2020-02-02 01:19:34.775870: Step 2370: Cross entropy = 0.215223
I0202 01:19:34.775897 140664937167744 retrain.py:1084] 2020-02-02 01:19:34.775870: Step 2370: Cross entropy = 0.215223
INFO:tensorflow:2020-02-02 01:19:34.868220: Step 2370: Validation accuracy = 44.0% (N=100)
I0202 01:19:34.868350 140664937167744 retrain.py:1100] 2020-02-02 01:19:34.868220: Step 2370: Validation accuracy = 44.0% (N=100)
INFO:tensorflow:2020-02-02 01:19:35.778298: Step 2380: Train accuracy = 98.0%
I0202 01:19:35.778373 140664937167744 retrain.py:1082] 2020-02-02 01:19:35.778298: Step 2380: Train accuracy = 98.0%
INFO:tensorflow:2020-02-02 01:19:35.778750: Step 2380: Cross entropy = 0.228788
I0202 01:19:35.778775 140664937167744 retrain.py:1084] 2020-02-02 01:19:35.778750: Step 2380: Cross entropy = 0.228788
INFO:tensorflow:2020-02-02 01:19:35.865404: Step 2380: Validation accuracy = 41.0% (N=100)
I0202 01:19:35.865505 140664937167744 retrain.py:1100] 2020-02-02 01:19:35.865404: Step 2380: Validation accuracy = 41.0% (N=100)
INFO:tensorflow:2020-02-02 01:19:36.776464: Step 2390: Train accuracy = 97.0%
I0202 01:19:36.776551 140664937167744 retrain.py:1082] 2020-02-02 01:19:36.776464: Step 2390: Train accuracy = 97.0%
INFO:tensorflow:2020-02-02 01:19:36.776731: Step 2390: Cross entropy = 0.210550
I0202 01:19:36.776759 140664937167744 retrain.py:1084] 2020-02-02 01:19:36.776731: Step 2390: Cross entropy = 0.210550
INFO:tensorflow:2020-02-02 01:19:36.874879: Step 2390: Validation accuracy = 48.0% (N=100)
I0202 01:19:36.874940 140664937167744 retrain.py:1100] 2020-02-02 01:19:36.874879: Step 2390: Validation accuracy = 48.0% (N=100)
INFO:tensorflow:2020-02-02 01:19:37.775966: Step 2400: Train accuracy = 98.0%
I0202 01:19:37.776049 140664937167744 retrain.py:1082] 2020-02-02 01:19:37.775966: Step 2400: Train accuracy = 98.0%
INFO:tensorflow:2020-02-02 01:19:37.776279: Step 2400: Cross entropy = 0.204326
I0202 01:19:37.776316 140664937167744 retrain.py:1084] 2020-02-02 01:19:37.776279: Step 2400: Cross entropy = 0.204326
INFO:tensorflow:2020-02-02 01:19:37.867540: Step 2400: Validation accuracy = 46.0% (N=100)
I0202 01:19:37.867608 140664937167744 retrain.py:1100] 2020-02-02 01:19:37.867540: Step 2400: Validation accuracy = 46.0% (N=100)
INFO:tensorflow:2020-02-02 01:19:38.708323: Step 2410: Train accuracy = 98.0%
I0202 01:19:38.708403 140664937167744 retrain.py:1082] 2020-02-02 01:19:38.708323: Step 2410: Train accuracy = 98.0%
INFO:tensorflow:2020-02-02 01:19:38.708551: Step 2410: Cross entropy = 0.214541
I0202 01:19:38.708566 140664937167744 retrain.py:1084] 2020-02-02 01:19:38.708551: Step 2410: Cross entropy = 0.214541
INFO:tensorflow:2020-02-02 01:19:38.790975: Step 2410: Validation accuracy = 48.0% (N=100)
I0202 01:19:38.791030 140664937167744 retrain.py:1100] 2020-02-02 01:19:38.790975: Step 2410: Validation accuracy = 48.0% (N=100)
INFO:tensorflow:2020-02-02 01:19:39.641704: Step 2420: Train accuracy = 99.0%
I0202 01:19:39.641761 140664937167744 retrain.py:1082] 2020-02-02 01:19:39.641704: Step 2420: Train accuracy = 99.0%
INFO:tensorflow:2020-02-02 01:19:39.641915: Step 2420: Cross entropy = 0.215256
I0202 01:19:39.641953 140664937167744 retrain.py:1084] 2020-02-02 01:19:39.641915: Step 2420: Cross entropy = 0.215256
INFO:tensorflow:2020-02-02 01:19:39.727053: Step 2420: Validation accuracy = 48.0% (N=100)
I0202 01:19:39.727146 140664937167744 retrain.py:1100] 2020-02-02 01:19:39.727053: Step 2420: Validation accuracy = 48.0% (N=100)
INFO:tensorflow:2020-02-02 01:19:40.636091: Step 2430: Train accuracy = 99.0%
I0202 01:19:40.636167 140664937167744 retrain.py:1082] 2020-02-02 01:19:40.636091: Step 2430: Train accuracy = 99.0%
INFO:tensorflow:2020-02-02 01:19:40.636335: Step 2430: Cross entropy = 0.186560
I0202 01:19:40.636358 140664937167744 retrain.py:1084] 2020-02-02 01:19:40.636335: Step 2430: Cross entropy = 0.186560
INFO:tensorflow:2020-02-02 01:19:40.715942: Step 2430: Validation accuracy = 49.0% (N=100)
I0202 01:19:40.716022 140664937167744 retrain.py:1100] 2020-02-02 01:19:40.715942: Step 2430: Validation accuracy = 49.0% (N=100)
INFO:tensorflow:2020-02-02 01:19:41.569770: Step 2440: Train accuracy = 100.0%
I0202 01:19:41.569826 140664937167744 retrain.py:1082] 2020-02-02 01:19:41.569770: Step 2440: Train accuracy = 100.0%
INFO:tensorflow:2020-02-02 01:19:41.570029: Step 2440: Cross entropy = 0.234025
I0202 01:19:41.570049 140664937167744 retrain.py:1084] 2020-02-02 01:19:41.570029: Step 2440: Cross entropy = 0.234025
INFO:tensorflow:2020-02-02 01:19:41.650115: Step 2440: Validation accuracy = 44.0% (N=100)
I0202 01:19:41.650180 140664937167744 retrain.py:1100] 2020-02-02 01:19:41.650115: Step 2440: Validation accuracy = 44.0% (N=100)
INFO:tensorflow:2020-02-02 01:19:42.420516: Step 2450: Train accuracy = 96.0%
I0202 01:19:42.420585 140664937167744 retrain.py:1082] 2020-02-02 01:19:42.420516: Step 2450: Train accuracy = 96.0%
INFO:tensorflow:2020-02-02 01:19:42.420733: Step 2450: Cross entropy = 0.229197
I0202 01:19:42.420774 140664937167744 retrain.py:1084] 2020-02-02 01:19:42.420733: Step 2450: Cross entropy = 0.229197
INFO:tensorflow:2020-02-02 01:19:42.519127: Step 2450: Validation accuracy = 35.0% (N=100)
I0202 01:19:42.519196 140664937167744 retrain.py:1100] 2020-02-02 01:19:42.519127: Step 2450: Validation accuracy = 35.0% (N=100)
INFO:tensorflow:2020-02-02 01:19:43.329735: Step 2460: Train accuracy = 98.0%
I0202 01:19:43.329813 140664937167744 retrain.py:1082] 2020-02-02 01:19:43.329735: Step 2460: Train accuracy = 98.0%
INFO:tensorflow:2020-02-02 01:19:43.330239: Step 2460: Cross entropy = 0.215374
I0202 01:19:43.330275 140664937167744 retrain.py:1084] 2020-02-02 01:19:43.330239: Step 2460: Cross entropy = 0.215374
INFO:tensorflow:2020-02-02 01:19:43.410229: Step 2460: Validation accuracy = 41.0% (N=100)
I0202 01:19:43.410286 140664937167744 retrain.py:1100] 2020-02-02 01:19:43.410229: Step 2460: Validation accuracy = 41.0% (N=100)
INFO:tensorflow:2020-02-02 01:19:44.320747: Step 2470: Train accuracy = 98.0%
I0202 01:19:44.320828 140664937167744 retrain.py:1082] 2020-02-02 01:19:44.320747: Step 2470: Train accuracy = 98.0%
INFO:tensorflow:2020-02-02 01:19:44.320977: Step 2470: Cross entropy = 0.217908
I0202 01:19:44.321006 140664937167744 retrain.py:1084] 2020-02-02 01:19:44.320977: Step 2470: Cross entropy = 0.217908
INFO:tensorflow:2020-02-02 01:19:44.408102: Step 2470: Validation accuracy = 44.0% (N=100)
I0202 01:19:44.408177 140664937167744 retrain.py:1100] 2020-02-02 01:19:44.408102: Step 2470: Validation accuracy = 44.0% (N=100)
INFO:tensorflow:2020-02-02 01:19:45.375707: Step 2480: Train accuracy = 98.0%
I0202 01:19:45.375770 140664937167744 retrain.py:1082] 2020-02-02 01:19:45.375707: Step 2480: Train accuracy = 98.0%
INFO:tensorflow:2020-02-02 01:19:45.375971: Step 2480: Cross entropy = 0.187711
I0202 01:19:45.375990 140664937167744 retrain.py:1084] 2020-02-02 01:19:45.375971: Step 2480: Cross entropy = 0.187711
INFO:tensorflow:2020-02-02 01:19:45.491813: Step 2480: Validation accuracy = 43.0% (N=100)
I0202 01:19:45.491884 140664937167744 retrain.py:1100] 2020-02-02 01:19:45.491813: Step 2480: Validation accuracy = 43.0% (N=100)
INFO:tensorflow:2020-02-02 01:19:46.380803: Step 2490: Train accuracy = 99.0%
I0202 01:19:46.380878 140664937167744 retrain.py:1082] 2020-02-02 01:19:46.380803: Step 2490: Train accuracy = 99.0%
INFO:tensorflow:2020-02-02 01:19:46.381118: Step 2490: Cross entropy = 0.187217
I0202 01:19:46.381145 140664937167744 retrain.py:1084] 2020-02-02 01:19:46.381118: Step 2490: Cross entropy = 0.187217
INFO:tensorflow:2020-02-02 01:19:46.474680: Step 2490: Validation accuracy = 49.0% (N=100)
I0202 01:19:46.474740 140664937167744 retrain.py:1100] 2020-02-02 01:19:46.474680: Step 2490: Validation accuracy = 49.0% (N=100)
INFO:tensorflow:2020-02-02 01:19:47.323515: Step 2500: Train accuracy = 94.0%
I0202 01:19:47.323582 140664937167744 retrain.py:1082] 2020-02-02 01:19:47.323515: Step 2500: Train accuracy = 94.0%
INFO:tensorflow:2020-02-02 01:19:47.323745: Step 2500: Cross entropy = 0.204277
I0202 01:19:47.323765 140664937167744 retrain.py:1084] 2020-02-02 01:19:47.323745: Step 2500: Cross entropy = 0.204277
INFO:tensorflow:2020-02-02 01:19:47.398577: Step 2500: Validation accuracy = 46.0% (N=100)
I0202 01:19:47.398647 140664937167744 retrain.py:1100] 2020-02-02 01:19:47.398577: Step 2500: Validation accuracy = 46.0% (N=100)
INFO:tensorflow:2020-02-02 01:19:48.364453: Step 2510: Train accuracy = 100.0%
I0202 01:19:48.364527 140664937167744 retrain.py:1082] 2020-02-02 01:19:48.364453: Step 2510: Train accuracy = 100.0%
INFO:tensorflow:2020-02-02 01:19:48.364684: Step 2510: Cross entropy = 0.204372
I0202 01:19:48.364703 140664937167744 retrain.py:1084] 2020-02-02 01:19:48.364684: Step 2510: Cross entropy = 0.204372
INFO:tensorflow:2020-02-02 01:19:48.458424: Step 2510: Validation accuracy = 47.0% (N=100)
I0202 01:19:48.458492 140664937167744 retrain.py:1100] 2020-02-02 01:19:48.458424: Step 2510: Validation accuracy = 47.0% (N=100)
INFO:tensorflow:2020-02-02 01:19:49.285839: Step 2520: Train accuracy = 98.0%
I0202 01:19:49.285910 140664937167744 retrain.py:1082] 2020-02-02 01:19:49.285839: Step 2520: Train accuracy = 98.0%
INFO:tensorflow:2020-02-02 01:19:49.286078: Step 2520: Cross entropy = 0.186744
I0202 01:19:49.286114 140664937167744 retrain.py:1084] 2020-02-02 01:19:49.286078: Step 2520: Cross entropy = 0.186744
INFO:tensorflow:2020-02-02 01:19:49.391985: Step 2520: Validation accuracy = 43.0% (N=100)
I0202 01:19:49.392095 140664937167744 retrain.py:1100] 2020-02-02 01:19:49.391985: Step 2520: Validation accuracy = 43.0% (N=100)
INFO:tensorflow:2020-02-02 01:19:50.312658: Step 2530: Train accuracy = 97.0%
I0202 01:19:50.312783 140664937167744 retrain.py:1082] 2020-02-02 01:19:50.312658: Step 2530: Train accuracy = 97.0%
INFO:tensorflow:2020-02-02 01:19:50.313140: Step 2530: Cross entropy = 0.193376
I0202 01:19:50.313171 140664937167744 retrain.py:1084] 2020-02-02 01:19:50.313140: Step 2530: Cross entropy = 0.193376
INFO:tensorflow:2020-02-02 01:19:50.396602: Step 2530: Validation accuracy = 42.0% (N=100)
I0202 01:19:50.396675 140664937167744 retrain.py:1100] 2020-02-02 01:19:50.396602: Step 2530: Validation accuracy = 42.0% (N=100)
INFO:tensorflow:2020-02-02 01:19:51.289759: Step 2540: Train accuracy = 99.0%
I0202 01:19:51.289849 140664937167744 retrain.py:1082] 2020-02-02 01:19:51.289759: Step 2540: Train accuracy = 99.0%
INFO:tensorflow:2020-02-02 01:19:51.290030: Step 2540: Cross entropy = 0.216145
I0202 01:19:51.290063 140664937167744 retrain.py:1084] 2020-02-02 01:19:51.290030: Step 2540: Cross entropy = 0.216145
INFO:tensorflow:2020-02-02 01:19:51.386195: Step 2540: Validation accuracy = 49.0% (N=100)
I0202 01:19:51.386274 140664937167744 retrain.py:1100] 2020-02-02 01:19:51.386195: Step 2540: Validation accuracy = 49.0% (N=100)
INFO:tensorflow:2020-02-02 01:19:52.283433: Step 2550: Train accuracy = 99.0%
I0202 01:19:52.283530 140664937167744 retrain.py:1082] 2020-02-02 01:19:52.283433: Step 2550: Train accuracy = 99.0%
INFO:tensorflow:2020-02-02 01:19:52.284125: Step 2550: Cross entropy = 0.191526
I0202 01:19:52.284175 140664937167744 retrain.py:1084] 2020-02-02 01:19:52.284125: Step 2550: Cross entropy = 0.191526
INFO:tensorflow:2020-02-02 01:19:52.380388: Step 2550: Validation accuracy = 48.0% (N=100)
I0202 01:19:52.380447 140664937167744 retrain.py:1100] 2020-02-02 01:19:52.380388: Step 2550: Validation accuracy = 48.0% (N=100)
INFO:tensorflow:2020-02-02 01:19:53.469838: Step 2560: Train accuracy = 100.0%
I0202 01:19:53.469928 140664937167744 retrain.py:1082] 2020-02-02 01:19:53.469838: Step 2560: Train accuracy = 100.0%
INFO:tensorflow:2020-02-02 01:19:53.470133: Step 2560: Cross entropy = 0.197592
I0202 01:19:53.470165 140664937167744 retrain.py:1084] 2020-02-02 01:19:53.470133: Step 2560: Cross entropy = 0.197592
INFO:tensorflow:2020-02-02 01:19:53.556119: Step 2560: Validation accuracy = 38.0% (N=100)
I0202 01:19:53.556197 140664937167744 retrain.py:1100] 2020-02-02 01:19:53.556119: Step 2560: Validation accuracy = 38.0% (N=100)
INFO:tensorflow:2020-02-02 01:19:54.441993: Step 2570: Train accuracy = 97.0%
I0202 01:19:54.442085 140664937167744 retrain.py:1082] 2020-02-02 01:19:54.441993: Step 2570: Train accuracy = 97.0%
INFO:tensorflow:2020-02-02 01:19:54.442252: Step 2570: Cross entropy = 0.208120
I0202 01:19:54.442291 140664937167744 retrain.py:1084] 2020-02-02 01:19:54.442252: Step 2570: Cross entropy = 0.208120
INFO:tensorflow:2020-02-02 01:19:54.534488: Step 2570: Validation accuracy = 50.0% (N=100)
I0202 01:19:54.534545 140664937167744 retrain.py:1100] 2020-02-02 01:19:54.534488: Step 2570: Validation accuracy = 50.0% (N=100)
INFO:tensorflow:2020-02-02 01:19:55.352075: Step 2580: Train accuracy = 99.0%
I0202 01:19:55.352145 140664937167744 retrain.py:1082] 2020-02-02 01:19:55.352075: Step 2580: Train accuracy = 99.0%
INFO:tensorflow:2020-02-02 01:19:55.352332: Step 2580: Cross entropy = 0.216889
I0202 01:19:55.352351 140664937167744 retrain.py:1084] 2020-02-02 01:19:55.352332: Step 2580: Cross entropy = 0.216889
INFO:tensorflow:2020-02-02 01:19:55.434361: Step 2580: Validation accuracy = 44.0% (N=100)
I0202 01:19:55.434427 140664937167744 retrain.py:1100] 2020-02-02 01:19:55.434361: Step 2580: Validation accuracy = 44.0% (N=100)
INFO:tensorflow:2020-02-02 01:19:56.262612: Step 2590: Train accuracy = 100.0%
I0202 01:19:56.262682 140664937167744 retrain.py:1082] 2020-02-02 01:19:56.262612: Step 2590: Train accuracy = 100.0%
INFO:tensorflow:2020-02-02 01:19:56.262869: Step 2590: Cross entropy = 0.183032
I0202 01:19:56.262897 140664937167744 retrain.py:1084] 2020-02-02 01:19:56.262869: Step 2590: Cross entropy = 0.183032
INFO:tensorflow:2020-02-02 01:19:56.344778: Step 2590: Validation accuracy = 44.0% (N=100)
I0202 01:19:56.344846 140664937167744 retrain.py:1100] 2020-02-02 01:19:56.344778: Step 2590: Validation accuracy = 44.0% (N=100)
INFO:tensorflow:2020-02-02 01:19:57.214992: Step 2600: Train accuracy = 99.0%
I0202 01:19:57.215059 140664937167744 retrain.py:1082] 2020-02-02 01:19:57.214992: Step 2600: Train accuracy = 99.0%
INFO:tensorflow:2020-02-02 01:19:57.215237: Step 2600: Cross entropy = 0.196244
I0202 01:19:57.215262 140664937167744 retrain.py:1084] 2020-02-02 01:19:57.215237: Step 2600: Cross entropy = 0.196244
INFO:tensorflow:2020-02-02 01:19:57.321265: Step 2600: Validation accuracy = 44.0% (N=100)
I0202 01:19:57.321333 140664937167744 retrain.py:1100] 2020-02-02 01:19:57.321265: Step 2600: Validation accuracy = 44.0% (N=100)
INFO:tensorflow:2020-02-02 01:19:58.193644: Step 2610: Train accuracy = 99.0%
I0202 01:19:58.193701 140664937167744 retrain.py:1082] 2020-02-02 01:19:58.193644: Step 2610: Train accuracy = 99.0%
INFO:tensorflow:2020-02-02 01:19:58.193872: Step 2610: Cross entropy = 0.214822
I0202 01:19:58.193891 140664937167744 retrain.py:1084] 2020-02-02 01:19:58.193872: Step 2610: Cross entropy = 0.214822
INFO:tensorflow:2020-02-02 01:19:58.313059: Step 2610: Validation accuracy = 30.0% (N=100)
I0202 01:19:58.313128 140664937167744 retrain.py:1100] 2020-02-02 01:19:58.313059: Step 2610: Validation accuracy = 30.0% (N=100)
INFO:tensorflow:2020-02-02 01:19:59.118152: Step 2620: Train accuracy = 100.0%
I0202 01:19:59.118209 140664937167744 retrain.py:1082] 2020-02-02 01:19:59.118152: Step 2620: Train accuracy = 100.0%
INFO:tensorflow:2020-02-02 01:19:59.118388: Step 2620: Cross entropy = 0.181509
I0202 01:19:59.118407 140664937167744 retrain.py:1084] 2020-02-02 01:19:59.118388: Step 2620: Cross entropy = 0.181509
INFO:tensorflow:2020-02-02 01:19:59.200933: Step 2620: Validation accuracy = 38.0% (N=100)
I0202 01:19:59.201003 140664937167744 retrain.py:1100] 2020-02-02 01:19:59.200933: Step 2620: Validation accuracy = 38.0% (N=100)
INFO:tensorflow:2020-02-02 01:20:00.042081: Step 2630: Train accuracy = 96.0%
I0202 01:20:00.042147 140664937167744 retrain.py:1082] 2020-02-02 01:20:00.042081: Step 2630: Train accuracy = 96.0%
INFO:tensorflow:2020-02-02 01:20:00.042309: Step 2630: Cross entropy = 0.202964
I0202 01:20:00.042325 140664937167744 retrain.py:1084] 2020-02-02 01:20:00.042309: Step 2630: Cross entropy = 0.202964
INFO:tensorflow:2020-02-02 01:20:00.122356: Step 2630: Validation accuracy = 43.0% (N=100)
I0202 01:20:00.122414 140664937167744 retrain.py:1100] 2020-02-02 01:20:00.122356: Step 2630: Validation accuracy = 43.0% (N=100)
INFO:tensorflow:2020-02-02 01:20:00.911727: Step 2640: Train accuracy = 98.0%
I0202 01:20:00.911784 140664937167744 retrain.py:1082] 2020-02-02 01:20:00.911727: Step 2640: Train accuracy = 98.0%
INFO:tensorflow:2020-02-02 01:20:00.911966: Step 2640: Cross entropy = 0.170693
I0202 01:20:00.911990 140664937167744 retrain.py:1084] 2020-02-02 01:20:00.911966: Step 2640: Cross entropy = 0.170693
INFO:tensorflow:2020-02-02 01:20:00.991046: Step 2640: Validation accuracy = 41.0% (N=100)
I0202 01:20:00.991122 140664937167744 retrain.py:1100] 2020-02-02 01:20:00.991046: Step 2640: Validation accuracy = 41.0% (N=100)
INFO:tensorflow:2020-02-02 01:20:01.907598: Step 2650: Train accuracy = 98.0%
I0202 01:20:01.907681 140664937167744 retrain.py:1082] 2020-02-02 01:20:01.907598: Step 2650: Train accuracy = 98.0%
INFO:tensorflow:2020-02-02 01:20:01.908071: Step 2650: Cross entropy = 0.188677
I0202 01:20:01.908105 140664937167744 retrain.py:1084] 2020-02-02 01:20:01.908071: Step 2650: Cross entropy = 0.188677
INFO:tensorflow:2020-02-02 01:20:02.000715: Step 2650: Validation accuracy = 40.0% (N=100)
I0202 01:20:02.000773 140664937167744 retrain.py:1100] 2020-02-02 01:20:02.000715: Step 2650: Validation accuracy = 40.0% (N=100)
INFO:tensorflow:2020-02-02 01:20:02.846256: Step 2660: Train accuracy = 98.0%
I0202 01:20:02.846346 140664937167744 retrain.py:1082] 2020-02-02 01:20:02.846256: Step 2660: Train accuracy = 98.0%
INFO:tensorflow:2020-02-02 01:20:02.846521: Step 2660: Cross entropy = 0.196761
I0202 01:20:02.846554 140664937167744 retrain.py:1084] 2020-02-02 01:20:02.846521: Step 2660: Cross entropy = 0.196761
INFO:tensorflow:2020-02-02 01:20:02.935898: Step 2660: Validation accuracy = 44.0% (N=100)
I0202 01:20:02.935978 140664937167744 retrain.py:1100] 2020-02-02 01:20:02.935898: Step 2660: Validation accuracy = 44.0% (N=100)
INFO:tensorflow:2020-02-02 01:20:03.722639: Step 2670: Train accuracy = 99.0%
I0202 01:20:03.722708 140664937167744 retrain.py:1082] 2020-02-02 01:20:03.722639: Step 2670: Train accuracy = 99.0%
INFO:tensorflow:2020-02-02 01:20:03.722897: Step 2670: Cross entropy = 0.210271
I0202 01:20:03.722914 140664937167744 retrain.py:1084] 2020-02-02 01:20:03.722897: Step 2670: Cross entropy = 0.210271
INFO:tensorflow:2020-02-02 01:20:03.825883: Step 2670: Validation accuracy = 45.0% (N=100)
I0202 01:20:03.825952 140664937167744 retrain.py:1100] 2020-02-02 01:20:03.825883: Step 2670: Validation accuracy = 45.0% (N=100)
INFO:tensorflow:2020-02-02 01:20:04.831449: Step 2680: Train accuracy = 99.0%
I0202 01:20:04.831517 140664937167744 retrain.py:1082] 2020-02-02 01:20:04.831449: Step 2680: Train accuracy = 99.0%
INFO:tensorflow:2020-02-02 01:20:04.831678: Step 2680: Cross entropy = 0.200478
I0202 01:20:04.831698 140664937167744 retrain.py:1084] 2020-02-02 01:20:04.831678: Step 2680: Cross entropy = 0.200478
INFO:tensorflow:2020-02-02 01:20:04.933064: Step 2680: Validation accuracy = 43.0% (N=100)
I0202 01:20:04.933124 140664937167744 retrain.py:1100] 2020-02-02 01:20:04.933064: Step 2680: Validation accuracy = 43.0% (N=100)
INFO:tensorflow:2020-02-02 01:20:05.823120: Step 2690: Train accuracy = 96.0%
I0202 01:20:05.823194 140664937167744 retrain.py:1082] 2020-02-02 01:20:05.823120: Step 2690: Train accuracy = 96.0%
INFO:tensorflow:2020-02-02 01:20:05.823426: Step 2690: Cross entropy = 0.199172
I0202 01:20:05.823456 140664937167744 retrain.py:1084] 2020-02-02 01:20:05.823426: Step 2690: Cross entropy = 0.199172
INFO:tensorflow:2020-02-02 01:20:05.920807: Step 2690: Validation accuracy = 36.0% (N=100)
I0202 01:20:05.920889 140664937167744 retrain.py:1100] 2020-02-02 01:20:05.920807: Step 2690: Validation accuracy = 36.0% (N=100)
INFO:tensorflow:2020-02-02 01:20:06.768012: Step 2700: Train accuracy = 98.0%
I0202 01:20:06.768126 140664937167744 retrain.py:1082] 2020-02-02 01:20:06.768012: Step 2700: Train accuracy = 98.0%
INFO:tensorflow:2020-02-02 01:20:06.768540: Step 2700: Cross entropy = 0.199026
I0202 01:20:06.768567 140664937167744 retrain.py:1084] 2020-02-02 01:20:06.768540: Step 2700: Cross entropy = 0.199026
INFO:tensorflow:2020-02-02 01:20:06.860350: Step 2700: Validation accuracy = 42.0% (N=100)
I0202 01:20:06.860417 140664937167744 retrain.py:1100] 2020-02-02 01:20:06.860350: Step 2700: Validation accuracy = 42.0% (N=100)
INFO:tensorflow:2020-02-02 01:20:07.725553: Step 2710: Train accuracy = 96.0%
I0202 01:20:07.725621 140664937167744 retrain.py:1082] 2020-02-02 01:20:07.725553: Step 2710: Train accuracy = 96.0%
INFO:tensorflow:2020-02-02 01:20:07.725806: Step 2710: Cross entropy = 0.200783
I0202 01:20:07.725840 140664937167744 retrain.py:1084] 2020-02-02 01:20:07.725806: Step 2710: Cross entropy = 0.200783
INFO:tensorflow:2020-02-02 01:20:07.827814: Step 2710: Validation accuracy = 37.0% (N=100)
I0202 01:20:07.827873 140664937167744 retrain.py:1100] 2020-02-02 01:20:07.827814: Step 2710: Validation accuracy = 37.0% (N=100)
INFO:tensorflow:2020-02-02 01:20:08.705713: Step 2720: Train accuracy = 99.0%
I0202 01:20:08.705800 140664937167744 retrain.py:1082] 2020-02-02 01:20:08.705713: Step 2720: Train accuracy = 99.0%
INFO:tensorflow:2020-02-02 01:20:08.705998: Step 2720: Cross entropy = 0.222746
I0202 01:20:08.706207 140664937167744 retrain.py:1084] 2020-02-02 01:20:08.705998: Step 2720: Cross entropy = 0.222746
INFO:tensorflow:2020-02-02 01:20:08.808381: Step 2720: Validation accuracy = 38.0% (N=100)
I0202 01:20:08.808464 140664937167744 retrain.py:1100] 2020-02-02 01:20:08.808381: Step 2720: Validation accuracy = 38.0% (N=100)
INFO:tensorflow:2020-02-02 01:20:09.685327: Step 2730: Train accuracy = 97.0%
I0202 01:20:09.685399 140664937167744 retrain.py:1082] 2020-02-02 01:20:09.685327: Step 2730: Train accuracy = 97.0%
INFO:tensorflow:2020-02-02 01:20:09.685582: Step 2730: Cross entropy = 0.203102
I0202 01:20:09.685599 140664937167744 retrain.py:1084] 2020-02-02 01:20:09.685582: Step 2730: Cross entropy = 0.203102
INFO:tensorflow:2020-02-02 01:20:09.769787: Step 2730: Validation accuracy = 39.0% (N=100)
I0202 01:20:09.769859 140664937167744 retrain.py:1100] 2020-02-02 01:20:09.769787: Step 2730: Validation accuracy = 39.0% (N=100)
INFO:tensorflow:2020-02-02 01:20:10.607633: Step 2740: Train accuracy = 100.0%
I0202 01:20:10.607719 140664937167744 retrain.py:1082] 2020-02-02 01:20:10.607633: Step 2740: Train accuracy = 100.0%
INFO:tensorflow:2020-02-02 01:20:10.607920: Step 2740: Cross entropy = 0.174459
I0202 01:20:10.607943 140664937167744 retrain.py:1084] 2020-02-02 01:20:10.607920: Step 2740: Cross entropy = 0.174459
INFO:tensorflow:2020-02-02 01:20:10.688696: Step 2740: Validation accuracy = 45.0% (N=100)
I0202 01:20:10.688780 140664937167744 retrain.py:1100] 2020-02-02 01:20:10.688696: Step 2740: Validation accuracy = 45.0% (N=100)
INFO:tensorflow:2020-02-02 01:20:11.509879: Step 2750: Train accuracy = 98.0%
I0202 01:20:11.509957 140664937167744 retrain.py:1082] 2020-02-02 01:20:11.509879: Step 2750: Train accuracy = 98.0%
INFO:tensorflow:2020-02-02 01:20:11.510147: Step 2750: Cross entropy = 0.196750
I0202 01:20:11.510170 140664937167744 retrain.py:1084] 2020-02-02 01:20:11.510147: Step 2750: Cross entropy = 0.196750
INFO:tensorflow:2020-02-02 01:20:11.591425: Step 2750: Validation accuracy = 39.0% (N=100)
I0202 01:20:11.591499 140664937167744 retrain.py:1100] 2020-02-02 01:20:11.591425: Step 2750: Validation accuracy = 39.0% (N=100)
INFO:tensorflow:2020-02-02 01:20:12.464616: Step 2760: Train accuracy = 100.0%
I0202 01:20:12.464674 140664937167744 retrain.py:1082] 2020-02-02 01:20:12.464616: Step 2760: Train accuracy = 100.0%
INFO:tensorflow:2020-02-02 01:20:12.464859: Step 2760: Cross entropy = 0.199723
I0202 01:20:12.464879 140664937167744 retrain.py:1084] 2020-02-02 01:20:12.464859: Step 2760: Cross entropy = 0.199723
INFO:tensorflow:2020-02-02 01:20:12.556559: Step 2760: Validation accuracy = 50.0% (N=100)
I0202 01:20:12.556627 140664937167744 retrain.py:1100] 2020-02-02 01:20:12.556559: Step 2760: Validation accuracy = 50.0% (N=100)
INFO:tensorflow:2020-02-02 01:20:13.364918: Step 2770: Train accuracy = 100.0%
I0202 01:20:13.364974 140664937167744 retrain.py:1082] 2020-02-02 01:20:13.364918: Step 2770: Train accuracy = 100.0%
INFO:tensorflow:2020-02-02 01:20:13.365150: Step 2770: Cross entropy = 0.180878
I0202 01:20:13.365170 140664937167744 retrain.py:1084] 2020-02-02 01:20:13.365150: Step 2770: Cross entropy = 0.180878
INFO:tensorflow:2020-02-02 01:20:13.444611: Step 2770: Validation accuracy = 46.0% (N=100)
I0202 01:20:13.444666 140664937167744 retrain.py:1100] 2020-02-02 01:20:13.444611: Step 2770: Validation accuracy = 46.0% (N=100)
INFO:tensorflow:2020-02-02 01:20:14.257492: Step 2780: Train accuracy = 96.0%
I0202 01:20:14.257575 140664937167744 retrain.py:1082] 2020-02-02 01:20:14.257492: Step 2780: Train accuracy = 96.0%
INFO:tensorflow:2020-02-02 01:20:14.257736: Step 2780: Cross entropy = 0.201831
I0202 01:20:14.257785 140664937167744 retrain.py:1084] 2020-02-02 01:20:14.257736: Step 2780: Cross entropy = 0.201831
INFO:tensorflow:2020-02-02 01:20:14.342599: Step 2780: Validation accuracy = 47.0% (N=100)
I0202 01:20:14.342677 140664937167744 retrain.py:1100] 2020-02-02 01:20:14.342599: Step 2780: Validation accuracy = 47.0% (N=100)
INFO:tensorflow:2020-02-02 01:20:15.125590: Step 2790: Train accuracy = 98.0%
I0202 01:20:15.125646 140664937167744 retrain.py:1082] 2020-02-02 01:20:15.125590: Step 2790: Train accuracy = 98.0%
INFO:tensorflow:2020-02-02 01:20:15.125845: Step 2790: Cross entropy = 0.215923
I0202 01:20:15.125866 140664937167744 retrain.py:1084] 2020-02-02 01:20:15.125845: Step 2790: Cross entropy = 0.215923
INFO:tensorflow:2020-02-02 01:20:15.202810: Step 2790: Validation accuracy = 47.0% (N=100)
I0202 01:20:15.202915 140664937167744 retrain.py:1100] 2020-02-02 01:20:15.202810: Step 2790: Validation accuracy = 47.0% (N=100)
INFO:tensorflow:2020-02-02 01:20:15.988073: Step 2800: Train accuracy = 97.0%
I0202 01:20:15.988144 140664937167744 retrain.py:1082] 2020-02-02 01:20:15.988073: Step 2800: Train accuracy = 97.0%
INFO:tensorflow:2020-02-02 01:20:15.988301: Step 2800: Cross entropy = 0.206560
I0202 01:20:15.988319 140664937167744 retrain.py:1084] 2020-02-02 01:20:15.988301: Step 2800: Cross entropy = 0.206560
INFO:tensorflow:2020-02-02 01:20:16.069038: Step 2800: Validation accuracy = 44.0% (N=100)
I0202 01:20:16.069093 140664937167744 retrain.py:1100] 2020-02-02 01:20:16.069038: Step 2800: Validation accuracy = 44.0% (N=100)
INFO:tensorflow:2020-02-02 01:20:16.849788: Step 2810: Train accuracy = 97.0%
I0202 01:20:16.849858 140664937167744 retrain.py:1082] 2020-02-02 01:20:16.849788: Step 2810: Train accuracy = 97.0%
INFO:tensorflow:2020-02-02 01:20:16.850043: Step 2810: Cross entropy = 0.212542
I0202 01:20:16.850060 140664937167744 retrain.py:1084] 2020-02-02 01:20:16.850043: Step 2810: Cross entropy = 0.212542
INFO:tensorflow:2020-02-02 01:20:16.924800: Step 2810: Validation accuracy = 47.0% (N=100)
I0202 01:20:16.924868 140664937167744 retrain.py:1100] 2020-02-02 01:20:16.924800: Step 2810: Validation accuracy = 47.0% (N=100)
INFO:tensorflow:2020-02-02 01:20:17.707196: Step 2820: Train accuracy = 100.0%
I0202 01:20:17.707250 140664937167744 retrain.py:1082] 2020-02-02 01:20:17.707196: Step 2820: Train accuracy = 100.0%
INFO:tensorflow:2020-02-02 01:20:17.707431: Step 2820: Cross entropy = 0.184630
I0202 01:20:17.707450 140664937167744 retrain.py:1084] 2020-02-02 01:20:17.707431: Step 2820: Cross entropy = 0.184630
INFO:tensorflow:2020-02-02 01:20:17.795591: Step 2820: Validation accuracy = 41.0% (N=100)
I0202 01:20:17.795664 140664937167744 retrain.py:1100] 2020-02-02 01:20:17.795591: Step 2820: Validation accuracy = 41.0% (N=100)
INFO:tensorflow:2020-02-02 01:20:18.590320: Step 2830: Train accuracy = 99.0%
I0202 01:20:18.590389 140664937167744 retrain.py:1082] 2020-02-02 01:20:18.590320: Step 2830: Train accuracy = 99.0%
INFO:tensorflow:2020-02-02 01:20:18.590534: Step 2830: Cross entropy = 0.200045
I0202 01:20:18.590573 140664937167744 retrain.py:1084] 2020-02-02 01:20:18.590534: Step 2830: Cross entropy = 0.200045
INFO:tensorflow:2020-02-02 01:20:18.667049: Step 2830: Validation accuracy = 45.0% (N=100)
I0202 01:20:18.667116 140664937167744 retrain.py:1100] 2020-02-02 01:20:18.667049: Step 2830: Validation accuracy = 45.0% (N=100)
INFO:tensorflow:2020-02-02 01:20:19.440479: Step 2840: Train accuracy = 98.0%
I0202 01:20:19.440560 140664937167744 retrain.py:1082] 2020-02-02 01:20:19.440479: Step 2840: Train accuracy = 98.0%
INFO:tensorflow:2020-02-02 01:20:19.440724: Step 2840: Cross entropy = 0.183873
I0202 01:20:19.440742 140664937167744 retrain.py:1084] 2020-02-02 01:20:19.440724: Step 2840: Cross entropy = 0.183873
INFO:tensorflow:2020-02-02 01:20:19.519990: Step 2840: Validation accuracy = 40.0% (N=100)
I0202 01:20:19.520057 140664937167744 retrain.py:1100] 2020-02-02 01:20:19.519990: Step 2840: Validation accuracy = 40.0% (N=100)
INFO:tensorflow:2020-02-02 01:20:20.308750: Step 2850: Train accuracy = 98.0%
I0202 01:20:20.308808 140664937167744 retrain.py:1082] 2020-02-02 01:20:20.308750: Step 2850: Train accuracy = 98.0%
INFO:tensorflow:2020-02-02 01:20:20.309006: Step 2850: Cross entropy = 0.215115
I0202 01:20:20.309026 140664937167744 retrain.py:1084] 2020-02-02 01:20:20.309006: Step 2850: Cross entropy = 0.215115
INFO:tensorflow:2020-02-02 01:20:20.391791: Step 2850: Validation accuracy = 43.0% (N=100)
I0202 01:20:20.391873 140664937167744 retrain.py:1100] 2020-02-02 01:20:20.391791: Step 2850: Validation accuracy = 43.0% (N=100)
INFO:tensorflow:2020-02-02 01:20:21.164490: Step 2860: Train accuracy = 99.0%
I0202 01:20:21.164549 140664937167744 retrain.py:1082] 2020-02-02 01:20:21.164490: Step 2860: Train accuracy = 99.0%
INFO:tensorflow:2020-02-02 01:20:21.164737: Step 2860: Cross entropy = 0.166028
I0202 01:20:21.164776 140664937167744 retrain.py:1084] 2020-02-02 01:20:21.164737: Step 2860: Cross entropy = 0.166028
INFO:tensorflow:2020-02-02 01:20:21.247034: Step 2860: Validation accuracy = 41.0% (N=100)
I0202 01:20:21.247104 140664937167744 retrain.py:1100] 2020-02-02 01:20:21.247034: Step 2860: Validation accuracy = 41.0% (N=100)
INFO:tensorflow:2020-02-02 01:20:22.027781: Step 2870: Train accuracy = 98.0%
I0202 01:20:22.027871 140664937167744 retrain.py:1082] 2020-02-02 01:20:22.027781: Step 2870: Train accuracy = 98.0%
INFO:tensorflow:2020-02-02 01:20:22.028006: Step 2870: Cross entropy = 0.165204
I0202 01:20:22.028039 140664937167744 retrain.py:1084] 2020-02-02 01:20:22.028006: Step 2870: Cross entropy = 0.165204
INFO:tensorflow:2020-02-02 01:20:22.108035: Step 2870: Validation accuracy = 44.0% (N=100)
I0202 01:20:22.108091 140664937167744 retrain.py:1100] 2020-02-02 01:20:22.108035: Step 2870: Validation accuracy = 44.0% (N=100)
INFO:tensorflow:2020-02-02 01:20:22.878050: Step 2880: Train accuracy = 100.0%
I0202 01:20:22.878134 140664937167744 retrain.py:1082] 2020-02-02 01:20:22.878050: Step 2880: Train accuracy = 100.0%
INFO:tensorflow:2020-02-02 01:20:22.878283: Step 2880: Cross entropy = 0.192689
I0202 01:20:22.878320 140664937167744 retrain.py:1084] 2020-02-02 01:20:22.878283: Step 2880: Cross entropy = 0.192689
INFO:tensorflow:2020-02-02 01:20:22.953340: Step 2880: Validation accuracy = 38.0% (N=100)
I0202 01:20:22.953410 140664937167744 retrain.py:1100] 2020-02-02 01:20:22.953340: Step 2880: Validation accuracy = 38.0% (N=100)
INFO:tensorflow:2020-02-02 01:20:23.737424: Step 2890: Train accuracy = 99.0%
I0202 01:20:23.737480 140664937167744 retrain.py:1082] 2020-02-02 01:20:23.737424: Step 2890: Train accuracy = 99.0%
INFO:tensorflow:2020-02-02 01:20:23.737660: Step 2890: Cross entropy = 0.210586
I0202 01:20:23.737682 140664937167744 retrain.py:1084] 2020-02-02 01:20:23.737660: Step 2890: Cross entropy = 0.210586
INFO:tensorflow:2020-02-02 01:20:23.830802: Step 2890: Validation accuracy = 44.0% (N=100)
I0202 01:20:23.830897 140664937167744 retrain.py:1100] 2020-02-02 01:20:23.830802: Step 2890: Validation accuracy = 44.0% (N=100)
INFO:tensorflow:2020-02-02 01:20:24.752199: Step 2900: Train accuracy = 98.0%
I0202 01:20:24.752281 140664937167744 retrain.py:1082] 2020-02-02 01:20:24.752199: Step 2900: Train accuracy = 98.0%
INFO:tensorflow:2020-02-02 01:20:24.752461: Step 2900: Cross entropy = 0.171499
I0202 01:20:24.752494 140664937167744 retrain.py:1084] 2020-02-02 01:20:24.752461: Step 2900: Cross entropy = 0.171499
INFO:tensorflow:2020-02-02 01:20:24.850489: Step 2900: Validation accuracy = 48.0% (N=100)
I0202 01:20:24.850547 140664937167744 retrain.py:1100] 2020-02-02 01:20:24.850489: Step 2900: Validation accuracy = 48.0% (N=100)
INFO:tensorflow:2020-02-02 01:20:25.743436: Step 2910: Train accuracy = 100.0%
I0202 01:20:25.743522 140664937167744 retrain.py:1082] 2020-02-02 01:20:25.743436: Step 2910: Train accuracy = 100.0%
INFO:tensorflow:2020-02-02 01:20:25.743761: Step 2910: Cross entropy = 0.188039
I0202 01:20:25.743801 140664937167744 retrain.py:1084] 2020-02-02 01:20:25.743761: Step 2910: Cross entropy = 0.188039
INFO:tensorflow:2020-02-02 01:20:25.834188: Step 2910: Validation accuracy = 42.0% (N=100)
I0202 01:20:25.834246 140664937167744 retrain.py:1100] 2020-02-02 01:20:25.834188: Step 2910: Validation accuracy = 42.0% (N=100)
INFO:tensorflow:2020-02-02 01:20:26.640250: Step 2920: Train accuracy = 99.0%
I0202 01:20:26.640316 140664937167744 retrain.py:1082] 2020-02-02 01:20:26.640250: Step 2920: Train accuracy = 99.0%
INFO:tensorflow:2020-02-02 01:20:26.640467: Step 2920: Cross entropy = 0.202178
I0202 01:20:26.640487 140664937167744 retrain.py:1084] 2020-02-02 01:20:26.640467: Step 2920: Cross entropy = 0.202178
INFO:tensorflow:2020-02-02 01:20:26.719743: Step 2920: Validation accuracy = 38.0% (N=100)
I0202 01:20:26.719812 140664937167744 retrain.py:1100] 2020-02-02 01:20:26.719743: Step 2920: Validation accuracy = 38.0% (N=100)
INFO:tensorflow:2020-02-02 01:20:27.526341: Step 2930: Train accuracy = 99.0%
I0202 01:20:27.526422 140664937167744 retrain.py:1082] 2020-02-02 01:20:27.526341: Step 2930: Train accuracy = 99.0%
INFO:tensorflow:2020-02-02 01:20:27.526616: Step 2930: Cross entropy = 0.194115
I0202 01:20:27.526632 140664937167744 retrain.py:1084] 2020-02-02 01:20:27.526616: Step 2930: Cross entropy = 0.194115
INFO:tensorflow:2020-02-02 01:20:27.607812: Step 2930: Validation accuracy = 46.0% (N=100)
I0202 01:20:27.607870 140664937167744 retrain.py:1100] 2020-02-02 01:20:27.607812: Step 2930: Validation accuracy = 46.0% (N=100)
INFO:tensorflow:2020-02-02 01:20:28.395616: Step 2940: Train accuracy = 100.0%
I0202 01:20:28.395673 140664937167744 retrain.py:1082] 2020-02-02 01:20:28.395616: Step 2940: Train accuracy = 100.0%
INFO:tensorflow:2020-02-02 01:20:28.395853: Step 2940: Cross entropy = 0.172879
I0202 01:20:28.395874 140664937167744 retrain.py:1084] 2020-02-02 01:20:28.395853: Step 2940: Cross entropy = 0.172879
INFO:tensorflow:2020-02-02 01:20:28.495639: Step 2940: Validation accuracy = 45.0% (N=100)
I0202 01:20:28.495710 140664937167744 retrain.py:1100] 2020-02-02 01:20:28.495639: Step 2940: Validation accuracy = 45.0% (N=100)
INFO:tensorflow:2020-02-02 01:20:29.385976: Step 2950: Train accuracy = 100.0%
I0202 01:20:29.386056 140664937167744 retrain.py:1082] 2020-02-02 01:20:29.385976: Step 2950: Train accuracy = 100.0%
INFO:tensorflow:2020-02-02 01:20:29.386195: Step 2950: Cross entropy = 0.209686
I0202 01:20:29.386215 140664937167744 retrain.py:1084] 2020-02-02 01:20:29.386195: Step 2950: Cross entropy = 0.209686
INFO:tensorflow:2020-02-02 01:20:29.469783: Step 2950: Validation accuracy = 47.0% (N=100)
I0202 01:20:29.469850 140664937167744 retrain.py:1100] 2020-02-02 01:20:29.469783: Step 2950: Validation accuracy = 47.0% (N=100)
INFO:tensorflow:2020-02-02 01:20:30.442356: Step 2960: Train accuracy = 98.0%
I0202 01:20:30.442412 140664937167744 retrain.py:1082] 2020-02-02 01:20:30.442356: Step 2960: Train accuracy = 98.0%
INFO:tensorflow:2020-02-02 01:20:30.442597: Step 2960: Cross entropy = 0.197732
I0202 01:20:30.442616 140664937167744 retrain.py:1084] 2020-02-02 01:20:30.442597: Step 2960: Cross entropy = 0.197732
INFO:tensorflow:2020-02-02 01:20:30.575385: Step 2960: Validation accuracy = 46.0% (N=100)
I0202 01:20:30.575507 140664937167744 retrain.py:1100] 2020-02-02 01:20:30.575385: Step 2960: Validation accuracy = 46.0% (N=100)
INFO:tensorflow:2020-02-02 01:20:31.769446: Step 2970: Train accuracy = 100.0%
I0202 01:20:31.769515 140664937167744 retrain.py:1082] 2020-02-02 01:20:31.769446: Step 2970: Train accuracy = 100.0%
INFO:tensorflow:2020-02-02 01:20:31.769681: Step 2970: Cross entropy = 0.165843
I0202 01:20:31.769698 140664937167744 retrain.py:1084] 2020-02-02 01:20:31.769681: Step 2970: Cross entropy = 0.165843
INFO:tensorflow:2020-02-02 01:20:31.850116: Step 2970: Validation accuracy = 45.0% (N=100)
I0202 01:20:31.850184 140664937167744 retrain.py:1100] 2020-02-02 01:20:31.850116: Step 2970: Validation accuracy = 45.0% (N=100)
INFO:tensorflow:2020-02-02 01:20:32.643551: Step 2980: Train accuracy = 100.0%
I0202 01:20:32.643616 140664937167744 retrain.py:1082] 2020-02-02 01:20:32.643551: Step 2980: Train accuracy = 100.0%
INFO:tensorflow:2020-02-02 01:20:32.643793: Step 2980: Cross entropy = 0.187758
I0202 01:20:32.643812 140664937167744 retrain.py:1084] 2020-02-02 01:20:32.643793: Step 2980: Cross entropy = 0.187758
INFO:tensorflow:2020-02-02 01:20:32.723745: Step 2980: Validation accuracy = 44.0% (N=100)
I0202 01:20:32.723815 140664937167744 retrain.py:1100] 2020-02-02 01:20:32.723745: Step 2980: Validation accuracy = 44.0% (N=100)
INFO:tensorflow:2020-02-02 01:20:33.473421: Step 2990: Train accuracy = 98.0%
I0202 01:20:33.473503 140664937167744 retrain.py:1082] 2020-02-02 01:20:33.473421: Step 2990: Train accuracy = 98.0%
INFO:tensorflow:2020-02-02 01:20:33.473673: Step 2990: Cross entropy = 0.173063
I0202 01:20:33.473720 140664937167744 retrain.py:1084] 2020-02-02 01:20:33.473673: Step 2990: Cross entropy = 0.173063
INFO:tensorflow:2020-02-02 01:20:33.551043: Step 2990: Validation accuracy = 42.0% (N=100)
I0202 01:20:33.551119 140664937167744 retrain.py:1100] 2020-02-02 01:20:33.551043: Step 2990: Validation accuracy = 42.0% (N=100)
INFO:tensorflow:2020-02-02 01:20:34.600440: Step 3000: Train accuracy = 97.0%
I0202 01:20:34.600540 140664937167744 retrain.py:1082] 2020-02-02 01:20:34.600440: Step 3000: Train accuracy = 97.0%
INFO:tensorflow:2020-02-02 01:20:34.600778: Step 3000: Cross entropy = 0.210109
I0202 01:20:34.600805 140664937167744 retrain.py:1084] 2020-02-02 01:20:34.600778: Step 3000: Cross entropy = 0.210109
INFO:tensorflow:2020-02-02 01:20:34.697861: Step 3000: Validation accuracy = 52.0% (N=100)
I0202 01:20:34.697942 140664937167744 retrain.py:1100] 2020-02-02 01:20:34.697861: Step 3000: Validation accuracy = 52.0% (N=100)
INFO:tensorflow:2020-02-02 01:20:35.453421: Step 3010: Train accuracy = 100.0%
I0202 01:20:35.453489 140664937167744 retrain.py:1082] 2020-02-02 01:20:35.453421: Step 3010: Train accuracy = 100.0%
INFO:tensorflow:2020-02-02 01:20:35.453689: Step 3010: Cross entropy = 0.175522
I0202 01:20:35.453713 140664937167744 retrain.py:1084] 2020-02-02 01:20:35.453689: Step 3010: Cross entropy = 0.175522
INFO:tensorflow:2020-02-02 01:20:35.531739: Step 3010: Validation accuracy = 45.0% (N=100)
I0202 01:20:35.531802 140664937167744 retrain.py:1100] 2020-02-02 01:20:35.531739: Step 3010: Validation accuracy = 45.0% (N=100)
INFO:tensorflow:2020-02-02 01:20:36.300926: Step 3020: Train accuracy = 99.0%
I0202 01:20:36.300983 140664937167744 retrain.py:1082] 2020-02-02 01:20:36.300926: Step 3020: Train accuracy = 99.0%
INFO:tensorflow:2020-02-02 01:20:36.301160: Step 3020: Cross entropy = 0.182908
I0202 01:20:36.301177 140664937167744 retrain.py:1084] 2020-02-02 01:20:36.301160: Step 3020: Cross entropy = 0.182908
INFO:tensorflow:2020-02-02 01:20:36.379974: Step 3020: Validation accuracy = 51.0% (N=100)
I0202 01:20:36.380042 140664937167744 retrain.py:1100] 2020-02-02 01:20:36.379974: Step 3020: Validation accuracy = 51.0% (N=100)
INFO:tensorflow:2020-02-02 01:20:37.150608: Step 3030: Train accuracy = 100.0%
I0202 01:20:37.150701 140664937167744 retrain.py:1082] 2020-02-02 01:20:37.150608: Step 3030: Train accuracy = 100.0%
INFO:tensorflow:2020-02-02 01:20:37.150843: Step 3030: Cross entropy = 0.175375
I0202 01:20:37.150884 140664937167744 retrain.py:1084] 2020-02-02 01:20:37.150843: Step 3030: Cross entropy = 0.175375
INFO:tensorflow:2020-02-02 01:20:37.227686: Step 3030: Validation accuracy = 41.0% (N=100)
I0202 01:20:37.227752 140664937167744 retrain.py:1100] 2020-02-02 01:20:37.227686: Step 3030: Validation accuracy = 41.0% (N=100)
INFO:tensorflow:2020-02-02 01:20:37.973331: Step 3040: Train accuracy = 99.0%
I0202 01:20:37.973402 140664937167744 retrain.py:1082] 2020-02-02 01:20:37.973331: Step 3040: Train accuracy = 99.0%
INFO:tensorflow:2020-02-02 01:20:37.973587: Step 3040: Cross entropy = 0.194889
I0202 01:20:37.973608 140664937167744 retrain.py:1084] 2020-02-02 01:20:37.973587: Step 3040: Cross entropy = 0.194889
INFO:tensorflow:2020-02-02 01:20:38.050292: Step 3040: Validation accuracy = 46.0% (N=100)
I0202 01:20:38.050347 140664937167744 retrain.py:1100] 2020-02-02 01:20:38.050292: Step 3040: Validation accuracy = 46.0% (N=100)
INFO:tensorflow:2020-02-02 01:20:38.840982: Step 3050: Train accuracy = 98.0%
I0202 01:20:38.841036 140664937167744 retrain.py:1082] 2020-02-02 01:20:38.840982: Step 3050: Train accuracy = 98.0%
INFO:tensorflow:2020-02-02 01:20:38.841214: Step 3050: Cross entropy = 0.172808
I0202 01:20:38.841234 140664937167744 retrain.py:1084] 2020-02-02 01:20:38.841214: Step 3050: Cross entropy = 0.172808
INFO:tensorflow:2020-02-02 01:20:38.924011: Step 3050: Validation accuracy = 38.0% (N=100)
I0202 01:20:38.924088 140664937167744 retrain.py:1100] 2020-02-02 01:20:38.924011: Step 3050: Validation accuracy = 38.0% (N=100)
INFO:tensorflow:2020-02-02 01:20:39.668711: Step 3060: Train accuracy = 97.0%
I0202 01:20:39.668776 140664937167744 retrain.py:1082] 2020-02-02 01:20:39.668711: Step 3060: Train accuracy = 97.0%
INFO:tensorflow:2020-02-02 01:20:39.668959: Step 3060: Cross entropy = 0.196000
I0202 01:20:39.668988 140664937167744 retrain.py:1084] 2020-02-02 01:20:39.668959: Step 3060: Cross entropy = 0.196000
INFO:tensorflow:2020-02-02 01:20:39.744796: Step 3060: Validation accuracy = 37.0% (N=100)
I0202 01:20:39.744852 140664937167744 retrain.py:1100] 2020-02-02 01:20:39.744796: Step 3060: Validation accuracy = 37.0% (N=100)
INFO:tensorflow:2020-02-02 01:20:40.493180: Step 3070: Train accuracy = 99.0%
I0202 01:20:40.493259 140664937167744 retrain.py:1082] 2020-02-02 01:20:40.493180: Step 3070: Train accuracy = 99.0%
INFO:tensorflow:2020-02-02 01:20:40.493436: Step 3070: Cross entropy = 0.206290
I0202 01:20:40.493468 140664937167744 retrain.py:1084] 2020-02-02 01:20:40.493436: Step 3070: Cross entropy = 0.206290
INFO:tensorflow:2020-02-02 01:20:40.572601: Step 3070: Validation accuracy = 39.0% (N=100)
I0202 01:20:40.572657 140664937167744 retrain.py:1100] 2020-02-02 01:20:40.572601: Step 3070: Validation accuracy = 39.0% (N=100)
INFO:tensorflow:2020-02-02 01:20:41.351415: Step 3080: Train accuracy = 100.0%
I0202 01:20:41.351483 140664937167744 retrain.py:1082] 2020-02-02 01:20:41.351415: Step 3080: Train accuracy = 100.0%
INFO:tensorflow:2020-02-02 01:20:41.351664: Step 3080: Cross entropy = 0.191190
I0202 01:20:41.351684 140664937167744 retrain.py:1084] 2020-02-02 01:20:41.351664: Step 3080: Cross entropy = 0.191190
INFO:tensorflow:2020-02-02 01:20:41.428860: Step 3080: Validation accuracy = 40.0% (N=100)
I0202 01:20:41.428940 140664937167744 retrain.py:1100] 2020-02-02 01:20:41.428860: Step 3080: Validation accuracy = 40.0% (N=100)
INFO:tensorflow:2020-02-02 01:20:42.180476: Step 3090: Train accuracy = 97.0%
I0202 01:20:42.180540 140664937167744 retrain.py:1082] 2020-02-02 01:20:42.180476: Step 3090: Train accuracy = 97.0%
INFO:tensorflow:2020-02-02 01:20:42.180769: Step 3090: Cross entropy = 0.209108
I0202 01:20:42.180802 140664937167744 retrain.py:1084] 2020-02-02 01:20:42.180769: Step 3090: Cross entropy = 0.209108
INFO:tensorflow:2020-02-02 01:20:42.259279: Step 3090: Validation accuracy = 42.0% (N=100)
I0202 01:20:42.259359 140664937167744 retrain.py:1100] 2020-02-02 01:20:42.259279: Step 3090: Validation accuracy = 42.0% (N=100)
INFO:tensorflow:2020-02-02 01:20:43.008228: Step 3100: Train accuracy = 98.0%
I0202 01:20:43.008307 140664937167744 retrain.py:1082] 2020-02-02 01:20:43.008228: Step 3100: Train accuracy = 98.0%
INFO:tensorflow:2020-02-02 01:20:43.008484: Step 3100: Cross entropy = 0.171285
I0202 01:20:43.008501 140664937167744 retrain.py:1084] 2020-02-02 01:20:43.008484: Step 3100: Cross entropy = 0.171285
INFO:tensorflow:2020-02-02 01:20:43.085389: Step 3100: Validation accuracy = 40.0% (N=100)
I0202 01:20:43.085460 140664937167744 retrain.py:1100] 2020-02-02 01:20:43.085389: Step 3100: Validation accuracy = 40.0% (N=100)
INFO:tensorflow:2020-02-02 01:20:43.842594: Step 3110: Train accuracy = 98.0%
I0202 01:20:43.842650 140664937167744 retrain.py:1082] 2020-02-02 01:20:43.842594: Step 3110: Train accuracy = 98.0%
INFO:tensorflow:2020-02-02 01:20:43.842837: Step 3110: Cross entropy = 0.172867
I0202 01:20:43.842858 140664937167744 retrain.py:1084] 2020-02-02 01:20:43.842837: Step 3110: Cross entropy = 0.172867
INFO:tensorflow:2020-02-02 01:20:43.919542: Step 3110: Validation accuracy = 49.0% (N=100)
I0202 01:20:43.919621 140664937167744 retrain.py:1100] 2020-02-02 01:20:43.919542: Step 3110: Validation accuracy = 49.0% (N=100)
INFO:tensorflow:2020-02-02 01:20:44.684189: Step 3120: Train accuracy = 100.0%
I0202 01:20:44.684258 140664937167744 retrain.py:1082] 2020-02-02 01:20:44.684189: Step 3120: Train accuracy = 100.0%
INFO:tensorflow:2020-02-02 01:20:44.684444: Step 3120: Cross entropy = 0.193173
I0202 01:20:44.684465 140664937167744 retrain.py:1084] 2020-02-02 01:20:44.684444: Step 3120: Cross entropy = 0.193173
INFO:tensorflow:2020-02-02 01:20:44.765166: Step 3120: Validation accuracy = 49.0% (N=100)
I0202 01:20:44.765221 140664937167744 retrain.py:1100] 2020-02-02 01:20:44.765166: Step 3120: Validation accuracy = 49.0% (N=100)
INFO:tensorflow:2020-02-02 01:20:45.539704: Step 3130: Train accuracy = 98.0%
I0202 01:20:45.539779 140664937167744 retrain.py:1082] 2020-02-02 01:20:45.539704: Step 3130: Train accuracy = 98.0%
INFO:tensorflow:2020-02-02 01:20:45.539955: Step 3130: Cross entropy = 0.165664
I0202 01:20:45.539975 140664937167744 retrain.py:1084] 2020-02-02 01:20:45.539955: Step 3130: Cross entropy = 0.165664
INFO:tensorflow:2020-02-02 01:20:45.621883: Step 3130: Validation accuracy = 38.0% (N=100)
I0202 01:20:45.621973 140664937167744 retrain.py:1100] 2020-02-02 01:20:45.621883: Step 3130: Validation accuracy = 38.0% (N=100)
INFO:tensorflow:2020-02-02 01:20:46.377938: Step 3140: Train accuracy = 99.0%
I0202 01:20:46.377995 140664937167744 retrain.py:1082] 2020-02-02 01:20:46.377938: Step 3140: Train accuracy = 99.0%
INFO:tensorflow:2020-02-02 01:20:46.378173: Step 3140: Cross entropy = 0.173334
I0202 01:20:46.378189 140664937167744 retrain.py:1084] 2020-02-02 01:20:46.378173: Step 3140: Cross entropy = 0.173334
INFO:tensorflow:2020-02-02 01:20:46.461558: Step 3140: Validation accuracy = 45.0% (N=100)
I0202 01:20:46.461615 140664937167744 retrain.py:1100] 2020-02-02 01:20:46.461558: Step 3140: Validation accuracy = 45.0% (N=100)
INFO:tensorflow:2020-02-02 01:20:47.222588: Step 3150: Train accuracy = 100.0%
I0202 01:20:47.222683 140664937167744 retrain.py:1082] 2020-02-02 01:20:47.222588: Step 3150: Train accuracy = 100.0%
INFO:tensorflow:2020-02-02 01:20:47.222853: Step 3150: Cross entropy = 0.183590
I0202 01:20:47.222876 140664937167744 retrain.py:1084] 2020-02-02 01:20:47.222853: Step 3150: Cross entropy = 0.183590
INFO:tensorflow:2020-02-02 01:20:47.303133: Step 3150: Validation accuracy = 45.0% (N=100)
I0202 01:20:47.303188 140664937167744 retrain.py:1100] 2020-02-02 01:20:47.303133: Step 3150: Validation accuracy = 45.0% (N=100)
INFO:tensorflow:2020-02-02 01:20:48.044286: Step 3160: Train accuracy = 100.0%
I0202 01:20:48.044366 140664937167744 retrain.py:1082] 2020-02-02 01:20:48.044286: Step 3160: Train accuracy = 100.0%
INFO:tensorflow:2020-02-02 01:20:48.044517: Step 3160: Cross entropy = 0.164066
I0202 01:20:48.044536 140664937167744 retrain.py:1084] 2020-02-02 01:20:48.044517: Step 3160: Cross entropy = 0.164066
INFO:tensorflow:2020-02-02 01:20:48.124605: Step 3160: Validation accuracy = 48.0% (N=100)
I0202 01:20:48.124662 140664937167744 retrain.py:1100] 2020-02-02 01:20:48.124605: Step 3160: Validation accuracy = 48.0% (N=100)
INFO:tensorflow:2020-02-02 01:20:48.918716: Step 3170: Train accuracy = 100.0%
I0202 01:20:48.918784 140664937167744 retrain.py:1082] 2020-02-02 01:20:48.918716: Step 3170: Train accuracy = 100.0%
INFO:tensorflow:2020-02-02 01:20:48.918948: Step 3170: Cross entropy = 0.210397
I0202 01:20:48.918990 140664937167744 retrain.py:1084] 2020-02-02 01:20:48.918948: Step 3170: Cross entropy = 0.210397
INFO:tensorflow:2020-02-02 01:20:48.997246: Step 3170: Validation accuracy = 42.0% (N=100)
I0202 01:20:48.997337 140664937167744 retrain.py:1100] 2020-02-02 01:20:48.997246: Step 3170: Validation accuracy = 42.0% (N=100)
INFO:tensorflow:2020-02-02 01:20:49.753450: Step 3180: Train accuracy = 100.0%
I0202 01:20:49.753516 140664937167744 retrain.py:1082] 2020-02-02 01:20:49.753450: Step 3180: Train accuracy = 100.0%
INFO:tensorflow:2020-02-02 01:20:49.753688: Step 3180: Cross entropy = 0.182078
I0202 01:20:49.753707 140664937167744 retrain.py:1084] 2020-02-02 01:20:49.753688: Step 3180: Cross entropy = 0.182078
INFO:tensorflow:2020-02-02 01:20:49.833447: Step 3180: Validation accuracy = 55.0% (N=100)
I0202 01:20:49.833503 140664937167744 retrain.py:1100] 2020-02-02 01:20:49.833447: Step 3180: Validation accuracy = 55.0% (N=100)
INFO:tensorflow:2020-02-02 01:20:50.590975: Step 3190: Train accuracy = 100.0%
I0202 01:20:50.591032 140664937167744 retrain.py:1082] 2020-02-02 01:20:50.590975: Step 3190: Train accuracy = 100.0%
INFO:tensorflow:2020-02-02 01:20:50.591198: Step 3190: Cross entropy = 0.162765
I0202 01:20:50.591219 140664937167744 retrain.py:1084] 2020-02-02 01:20:50.591198: Step 3190: Cross entropy = 0.162765
INFO:tensorflow:2020-02-02 01:20:50.669403: Step 3190: Validation accuracy = 44.0% (N=100)
I0202 01:20:50.669469 140664937167744 retrain.py:1100] 2020-02-02 01:20:50.669403: Step 3190: Validation accuracy = 44.0% (N=100)
INFO:tensorflow:2020-02-02 01:20:51.417598: Step 3200: Train accuracy = 100.0%
I0202 01:20:51.417654 140664937167744 retrain.py:1082] 2020-02-02 01:20:51.417598: Step 3200: Train accuracy = 100.0%
INFO:tensorflow:2020-02-02 01:20:51.417840: Step 3200: Cross entropy = 0.180919
I0202 01:20:51.417858 140664937167744 retrain.py:1084] 2020-02-02 01:20:51.417840: Step 3200: Cross entropy = 0.180919
INFO:tensorflow:2020-02-02 01:20:51.493841: Step 3200: Validation accuracy = 35.0% (N=100)
I0202 01:20:51.493906 140664937167744 retrain.py:1100] 2020-02-02 01:20:51.493841: Step 3200: Validation accuracy = 35.0% (N=100)
INFO:tensorflow:2020-02-02 01:20:52.244007: Step 3210: Train accuracy = 100.0%
I0202 01:20:52.244088 140664937167744 retrain.py:1082] 2020-02-02 01:20:52.244007: Step 3210: Train accuracy = 100.0%
INFO:tensorflow:2020-02-02 01:20:52.244267: Step 3210: Cross entropy = 0.193395
I0202 01:20:52.244288 140664937167744 retrain.py:1084] 2020-02-02 01:20:52.244267: Step 3210: Cross entropy = 0.193395
INFO:tensorflow:2020-02-02 01:20:52.323158: Step 3210: Validation accuracy = 48.0% (N=100)
I0202 01:20:52.323229 140664937167744 retrain.py:1100] 2020-02-02 01:20:52.323158: Step 3210: Validation accuracy = 48.0% (N=100)
INFO:tensorflow:2020-02-02 01:20:53.081050: Step 3220: Train accuracy = 99.0%
I0202 01:20:53.081106 140664937167744 retrain.py:1082] 2020-02-02 01:20:53.081050: Step 3220: Train accuracy = 99.0%
INFO:tensorflow:2020-02-02 01:20:53.081303: Step 3220: Cross entropy = 0.181953
I0202 01:20:53.081343 140664937167744 retrain.py:1084] 2020-02-02 01:20:53.081303: Step 3220: Cross entropy = 0.181953
INFO:tensorflow:2020-02-02 01:20:53.162165: Step 3220: Validation accuracy = 40.0% (N=100)
I0202 01:20:53.162247 140664937167744 retrain.py:1100] 2020-02-02 01:20:53.162165: Step 3220: Validation accuracy = 40.0% (N=100)
INFO:tensorflow:2020-02-02 01:20:53.907134: Step 3230: Train accuracy = 98.0%
I0202 01:20:53.907191 140664937167744 retrain.py:1082] 2020-02-02 01:20:53.907134: Step 3230: Train accuracy = 98.0%
INFO:tensorflow:2020-02-02 01:20:53.907382: Step 3230: Cross entropy = 0.172493
I0202 01:20:53.907402 140664937167744 retrain.py:1084] 2020-02-02 01:20:53.907382: Step 3230: Cross entropy = 0.172493
INFO:tensorflow:2020-02-02 01:20:53.982696: Step 3230: Validation accuracy = 41.0% (N=100)
I0202 01:20:53.982753 140664937167744 retrain.py:1100] 2020-02-02 01:20:53.982696: Step 3230: Validation accuracy = 41.0% (N=100)
INFO:tensorflow:2020-02-02 01:20:54.745914: Step 3240: Train accuracy = 99.0%
I0202 01:20:54.745996 140664937167744 retrain.py:1082] 2020-02-02 01:20:54.745914: Step 3240: Train accuracy = 99.0%
INFO:tensorflow:2020-02-02 01:20:54.746179: Step 3240: Cross entropy = 0.190368
I0202 01:20:54.746204 140664937167744 retrain.py:1084] 2020-02-02 01:20:54.746179: Step 3240: Cross entropy = 0.190368
INFO:tensorflow:2020-02-02 01:20:54.823952: Step 3240: Validation accuracy = 50.0% (N=100)
I0202 01:20:54.824033 140664937167744 retrain.py:1100] 2020-02-02 01:20:54.823952: Step 3240: Validation accuracy = 50.0% (N=100)
INFO:tensorflow:2020-02-02 01:20:55.577882: Step 3250: Train accuracy = 100.0%
I0202 01:20:55.577977 140664937167744 retrain.py:1082] 2020-02-02 01:20:55.577882: Step 3250: Train accuracy = 100.0%
INFO:tensorflow:2020-02-02 01:20:55.578151: Step 3250: Cross entropy = 0.190399
I0202 01:20:55.578174 140664937167744 retrain.py:1084] 2020-02-02 01:20:55.578151: Step 3250: Cross entropy = 0.190399
INFO:tensorflow:2020-02-02 01:20:55.657377: Step 3250: Validation accuracy = 49.0% (N=100)
I0202 01:20:55.657434 140664937167744 retrain.py:1100] 2020-02-02 01:20:55.657377: Step 3250: Validation accuracy = 49.0% (N=100)
INFO:tensorflow:2020-02-02 01:20:56.403134: Step 3260: Train accuracy = 100.0%
I0202 01:20:56.403198 140664937167744 retrain.py:1082] 2020-02-02 01:20:56.403134: Step 3260: Train accuracy = 100.0%
INFO:tensorflow:2020-02-02 01:20:56.403368: Step 3260: Cross entropy = 0.203914
I0202 01:20:56.403386 140664937167744 retrain.py:1084] 2020-02-02 01:20:56.403368: Step 3260: Cross entropy = 0.203914
INFO:tensorflow:2020-02-02 01:20:56.479701: Step 3260: Validation accuracy = 46.0% (N=100)
I0202 01:20:56.479756 140664937167744 retrain.py:1100] 2020-02-02 01:20:56.479701: Step 3260: Validation accuracy = 46.0% (N=100)
INFO:tensorflow:2020-02-02 01:20:57.239673: Step 3270: Train accuracy = 99.0%
I0202 01:20:57.239764 140664937167744 retrain.py:1082] 2020-02-02 01:20:57.239673: Step 3270: Train accuracy = 99.0%
INFO:tensorflow:2020-02-02 01:20:57.239918: Step 3270: Cross entropy = 0.175116
I0202 01:20:57.239948 140664937167744 retrain.py:1084] 2020-02-02 01:20:57.239918: Step 3270: Cross entropy = 0.175116
INFO:tensorflow:2020-02-02 01:20:57.315164: Step 3270: Validation accuracy = 48.0% (N=100)
I0202 01:20:57.315220 140664937167744 retrain.py:1100] 2020-02-02 01:20:57.315164: Step 3270: Validation accuracy = 48.0% (N=100)
INFO:tensorflow:2020-02-02 01:20:58.074464: Step 3280: Train accuracy = 99.0%
I0202 01:20:58.074520 140664937167744 retrain.py:1082] 2020-02-02 01:20:58.074464: Step 3280: Train accuracy = 99.0%
INFO:tensorflow:2020-02-02 01:20:58.074680: Step 3280: Cross entropy = 0.204419
I0202 01:20:58.074700 140664937167744 retrain.py:1084] 2020-02-02 01:20:58.074680: Step 3280: Cross entropy = 0.204419
INFO:tensorflow:2020-02-02 01:20:58.151608: Step 3280: Validation accuracy = 38.0% (N=100)
I0202 01:20:58.151698 140664937167744 retrain.py:1100] 2020-02-02 01:20:58.151608: Step 3280: Validation accuracy = 38.0% (N=100)
INFO:tensorflow:2020-02-02 01:20:58.893288: Step 3290: Train accuracy = 100.0%
I0202 01:20:58.893359 140664937167744 retrain.py:1082] 2020-02-02 01:20:58.893288: Step 3290: Train accuracy = 100.0%
INFO:tensorflow:2020-02-02 01:20:58.893548: Step 3290: Cross entropy = 0.162902
I0202 01:20:58.893577 140664937167744 retrain.py:1084] 2020-02-02 01:20:58.893548: Step 3290: Cross entropy = 0.162902
INFO:tensorflow:2020-02-02 01:20:58.969654: Step 3290: Validation accuracy = 50.0% (N=100)
I0202 01:20:58.969722 140664937167744 retrain.py:1100] 2020-02-02 01:20:58.969654: Step 3290: Validation accuracy = 50.0% (N=100)
INFO:tensorflow:2020-02-02 01:20:59.729291: Step 3300: Train accuracy = 100.0%
I0202 01:20:59.729362 140664937167744 retrain.py:1082] 2020-02-02 01:20:59.729291: Step 3300: Train accuracy = 100.0%
INFO:tensorflow:2020-02-02 01:20:59.729552: Step 3300: Cross entropy = 0.178715
I0202 01:20:59.729570 140664937167744 retrain.py:1084] 2020-02-02 01:20:59.729552: Step 3300: Cross entropy = 0.178715
INFO:tensorflow:2020-02-02 01:20:59.806362: Step 3300: Validation accuracy = 45.0% (N=100)
I0202 01:20:59.806430 140664937167744 retrain.py:1100] 2020-02-02 01:20:59.806362: Step 3300: Validation accuracy = 45.0% (N=100)
INFO:tensorflow:2020-02-02 01:21:00.558586: Step 3310: Train accuracy = 99.0%
I0202 01:21:00.558662 140664937167744 retrain.py:1082] 2020-02-02 01:21:00.558586: Step 3310: Train accuracy = 99.0%
INFO:tensorflow:2020-02-02 01:21:00.558819: Step 3310: Cross entropy = 0.157224
I0202 01:21:00.558840 140664937167744 retrain.py:1084] 2020-02-02 01:21:00.558819: Step 3310: Cross entropy = 0.157224
INFO:tensorflow:2020-02-02 01:21:00.639603: Step 3310: Validation accuracy = 44.0% (N=100)
I0202 01:21:00.639668 140664937167744 retrain.py:1100] 2020-02-02 01:21:00.639603: Step 3310: Validation accuracy = 44.0% (N=100)
INFO:tensorflow:2020-02-02 01:21:01.395331: Step 3320: Train accuracy = 99.0%
I0202 01:21:01.395401 140664937167744 retrain.py:1082] 2020-02-02 01:21:01.395331: Step 3320: Train accuracy = 99.0%
INFO:tensorflow:2020-02-02 01:21:01.395558: Step 3320: Cross entropy = 0.188262
I0202 01:21:01.395588 140664937167744 retrain.py:1084] 2020-02-02 01:21:01.395558: Step 3320: Cross entropy = 0.188262
INFO:tensorflow:2020-02-02 01:21:01.474445: Step 3320: Validation accuracy = 47.0% (N=100)
I0202 01:21:01.474515 140664937167744 retrain.py:1100] 2020-02-02 01:21:01.474445: Step 3320: Validation accuracy = 47.0% (N=100)
INFO:tensorflow:2020-02-02 01:21:02.228511: Step 3330: Train accuracy = 98.0%
I0202 01:21:02.228579 140664937167744 retrain.py:1082] 2020-02-02 01:21:02.228511: Step 3330: Train accuracy = 98.0%
INFO:tensorflow:2020-02-02 01:21:02.228713: Step 3330: Cross entropy = 0.195397
I0202 01:21:02.228774 140664937167744 retrain.py:1084] 2020-02-02 01:21:02.228713: Step 3330: Cross entropy = 0.195397
INFO:tensorflow:2020-02-02 01:21:02.307014: Step 3330: Validation accuracy = 52.0% (N=100)
I0202 01:21:02.307072 140664937167744 retrain.py:1100] 2020-02-02 01:21:02.307014: Step 3330: Validation accuracy = 52.0% (N=100)
INFO:tensorflow:2020-02-02 01:21:03.064894: Step 3340: Train accuracy = 100.0%
I0202 01:21:03.064950 140664937167744 retrain.py:1082] 2020-02-02 01:21:03.064894: Step 3340: Train accuracy = 100.0%
INFO:tensorflow:2020-02-02 01:21:03.065117: Step 3340: Cross entropy = 0.162793
I0202 01:21:03.065136 140664937167744 retrain.py:1084] 2020-02-02 01:21:03.065117: Step 3340: Cross entropy = 0.162793
INFO:tensorflow:2020-02-02 01:21:03.141790: Step 3340: Validation accuracy = 44.0% (N=100)
I0202 01:21:03.141861 140664937167744 retrain.py:1100] 2020-02-02 01:21:03.141790: Step 3340: Validation accuracy = 44.0% (N=100)
INFO:tensorflow:2020-02-02 01:21:03.910719: Step 3350: Train accuracy = 100.0%
I0202 01:21:03.910789 140664937167744 retrain.py:1082] 2020-02-02 01:21:03.910719: Step 3350: Train accuracy = 100.0%
INFO:tensorflow:2020-02-02 01:21:03.910997: Step 3350: Cross entropy = 0.159878
I0202 01:21:03.911022 140664937167744 retrain.py:1084] 2020-02-02 01:21:03.910997: Step 3350: Cross entropy = 0.159878
INFO:tensorflow:2020-02-02 01:21:03.986265: Step 3350: Validation accuracy = 43.0% (N=100)
I0202 01:21:03.986331 140664937167744 retrain.py:1100] 2020-02-02 01:21:03.986265: Step 3350: Validation accuracy = 43.0% (N=100)
INFO:tensorflow:2020-02-02 01:21:04.741041: Step 3360: Train accuracy = 100.0%
I0202 01:21:04.741111 140664937167744 retrain.py:1082] 2020-02-02 01:21:04.741041: Step 3360: Train accuracy = 100.0%
INFO:tensorflow:2020-02-02 01:21:04.741263: Step 3360: Cross entropy = 0.166021
I0202 01:21:04.741289 140664937167744 retrain.py:1084] 2020-02-02 01:21:04.741263: Step 3360: Cross entropy = 0.166021
INFO:tensorflow:2020-02-02 01:21:04.828803: Step 3360: Validation accuracy = 46.0% (N=100)
I0202 01:21:04.828870 140664937167744 retrain.py:1100] 2020-02-02 01:21:04.828803: Step 3360: Validation accuracy = 46.0% (N=100)
INFO:tensorflow:2020-02-02 01:21:05.581912: Step 3370: Train accuracy = 99.0%
I0202 01:21:05.581981 140664937167744 retrain.py:1082] 2020-02-02 01:21:05.581912: Step 3370: Train accuracy = 99.0%
INFO:tensorflow:2020-02-02 01:21:05.582159: Step 3370: Cross entropy = 0.169519
I0202 01:21:05.582175 140664937167744 retrain.py:1084] 2020-02-02 01:21:05.582159: Step 3370: Cross entropy = 0.169519
INFO:tensorflow:2020-02-02 01:21:05.659672: Step 3370: Validation accuracy = 46.0% (N=100)
I0202 01:21:05.659728 140664937167744 retrain.py:1100] 2020-02-02 01:21:05.659672: Step 3370: Validation accuracy = 46.0% (N=100)
INFO:tensorflow:2020-02-02 01:21:06.422819: Step 3380: Train accuracy = 99.0%
I0202 01:21:06.422876 140664937167744 retrain.py:1082] 2020-02-02 01:21:06.422819: Step 3380: Train accuracy = 99.0%
INFO:tensorflow:2020-02-02 01:21:06.423068: Step 3380: Cross entropy = 0.145656
I0202 01:21:06.423089 140664937167744 retrain.py:1084] 2020-02-02 01:21:06.423068: Step 3380: Cross entropy = 0.145656
INFO:tensorflow:2020-02-02 01:21:06.499875: Step 3380: Validation accuracy = 52.0% (N=100)
I0202 01:21:06.499931 140664937167744 retrain.py:1100] 2020-02-02 01:21:06.499875: Step 3380: Validation accuracy = 52.0% (N=100)
INFO:tensorflow:2020-02-02 01:21:07.251186: Step 3390: Train accuracy = 98.0%
I0202 01:21:07.251252 140664937167744 retrain.py:1082] 2020-02-02 01:21:07.251186: Step 3390: Train accuracy = 98.0%
INFO:tensorflow:2020-02-02 01:21:07.251438: Step 3390: Cross entropy = 0.174542
I0202 01:21:07.251456 140664937167744 retrain.py:1084] 2020-02-02 01:21:07.251438: Step 3390: Cross entropy = 0.174542
INFO:tensorflow:2020-02-02 01:21:07.328809: Step 3390: Validation accuracy = 51.0% (N=100)
I0202 01:21:07.328865 140664937167744 retrain.py:1100] 2020-02-02 01:21:07.328809: Step 3390: Validation accuracy = 51.0% (N=100)
INFO:tensorflow:2020-02-02 01:21:08.088746: Step 3400: Train accuracy = 99.0%
I0202 01:21:08.088835 140664937167744 retrain.py:1082] 2020-02-02 01:21:08.088746: Step 3400: Train accuracy = 99.0%
INFO:tensorflow:2020-02-02 01:21:08.088969: Step 3400: Cross entropy = 0.183269
I0202 01:21:08.089001 140664937167744 retrain.py:1084] 2020-02-02 01:21:08.088969: Step 3400: Cross entropy = 0.183269
INFO:tensorflow:2020-02-02 01:21:08.165869: Step 3400: Validation accuracy = 43.0% (N=100)
I0202 01:21:08.165951 140664937167744 retrain.py:1100] 2020-02-02 01:21:08.165869: Step 3400: Validation accuracy = 43.0% (N=100)
INFO:tensorflow:2020-02-02 01:21:08.916063: Step 3410: Train accuracy = 100.0%
I0202 01:21:08.916117 140664937167744 retrain.py:1082] 2020-02-02 01:21:08.916063: Step 3410: Train accuracy = 100.0%
INFO:tensorflow:2020-02-02 01:21:08.916298: Step 3410: Cross entropy = 0.159916
I0202 01:21:08.916314 140664937167744 retrain.py:1084] 2020-02-02 01:21:08.916298: Step 3410: Cross entropy = 0.159916
INFO:tensorflow:2020-02-02 01:21:08.991583: Step 3410: Validation accuracy = 50.0% (N=100)
I0202 01:21:08.991680 140664937167744 retrain.py:1100] 2020-02-02 01:21:08.991583: Step 3410: Validation accuracy = 50.0% (N=100)
INFO:tensorflow:2020-02-02 01:21:09.755895: Step 3420: Train accuracy = 97.0%
I0202 01:21:09.755952 140664937167744 retrain.py:1082] 2020-02-02 01:21:09.755895: Step 3420: Train accuracy = 97.0%
INFO:tensorflow:2020-02-02 01:21:09.756120: Step 3420: Cross entropy = 0.196415
I0202 01:21:09.756136 140664937167744 retrain.py:1084] 2020-02-02 01:21:09.756120: Step 3420: Cross entropy = 0.196415
INFO:tensorflow:2020-02-02 01:21:09.832712: Step 3420: Validation accuracy = 43.0% (N=100)
I0202 01:21:09.832767 140664937167744 retrain.py:1100] 2020-02-02 01:21:09.832712: Step 3420: Validation accuracy = 43.0% (N=100)
INFO:tensorflow:2020-02-02 01:21:10.592754: Step 3430: Train accuracy = 97.0%
I0202 01:21:10.592812 140664937167744 retrain.py:1082] 2020-02-02 01:21:10.592754: Step 3430: Train accuracy = 97.0%
INFO:tensorflow:2020-02-02 01:21:10.593003: Step 3430: Cross entropy = 0.156656
I0202 01:21:10.593021 140664937167744 retrain.py:1084] 2020-02-02 01:21:10.593003: Step 3430: Cross entropy = 0.156656
INFO:tensorflow:2020-02-02 01:21:10.671006: Step 3430: Validation accuracy = 44.0% (N=100)
I0202 01:21:10.671063 140664937167744 retrain.py:1100] 2020-02-02 01:21:10.671006: Step 3430: Validation accuracy = 44.0% (N=100)
INFO:tensorflow:2020-02-02 01:21:11.421392: Step 3440: Train accuracy = 99.0%
I0202 01:21:11.421449 140664937167744 retrain.py:1082] 2020-02-02 01:21:11.421392: Step 3440: Train accuracy = 99.0%
INFO:tensorflow:2020-02-02 01:21:11.421642: Step 3440: Cross entropy = 0.172108
I0202 01:21:11.421667 140664937167744 retrain.py:1084] 2020-02-02 01:21:11.421642: Step 3440: Cross entropy = 0.172108
INFO:tensorflow:2020-02-02 01:21:11.498897: Step 3440: Validation accuracy = 51.0% (N=100)
I0202 01:21:11.498954 140664937167744 retrain.py:1100] 2020-02-02 01:21:11.498897: Step 3440: Validation accuracy = 51.0% (N=100)
INFO:tensorflow:2020-02-02 01:21:12.260643: Step 3450: Train accuracy = 100.0%
I0202 01:21:12.260698 140664937167744 retrain.py:1082] 2020-02-02 01:21:12.260643: Step 3450: Train accuracy = 100.0%
INFO:tensorflow:2020-02-02 01:21:12.260892: Step 3450: Cross entropy = 0.171594
I0202 01:21:12.260926 140664937167744 retrain.py:1084] 2020-02-02 01:21:12.260892: Step 3450: Cross entropy = 0.171594
INFO:tensorflow:2020-02-02 01:21:12.338927: Step 3450: Validation accuracy = 39.0% (N=100)
I0202 01:21:12.338984 140664937167744 retrain.py:1100] 2020-02-02 01:21:12.338927: Step 3450: Validation accuracy = 39.0% (N=100)
INFO:tensorflow:2020-02-02 01:21:13.090050: Step 3460: Train accuracy = 99.0%
I0202 01:21:13.090116 140664937167744 retrain.py:1082] 2020-02-02 01:21:13.090050: Step 3460: Train accuracy = 99.0%
INFO:tensorflow:2020-02-02 01:21:13.090294: Step 3460: Cross entropy = 0.150441
I0202 01:21:13.090315 140664937167744 retrain.py:1084] 2020-02-02 01:21:13.090294: Step 3460: Cross entropy = 0.150441
INFO:tensorflow:2020-02-02 01:21:13.169831: Step 3460: Validation accuracy = 40.0% (N=100)
I0202 01:21:13.169888 140664937167744 retrain.py:1100] 2020-02-02 01:21:13.169831: Step 3460: Validation accuracy = 40.0% (N=100)
INFO:tensorflow:2020-02-02 01:21:13.924737: Step 3470: Train accuracy = 100.0%
I0202 01:21:13.924793 140664937167744 retrain.py:1082] 2020-02-02 01:21:13.924737: Step 3470: Train accuracy = 100.0%
INFO:tensorflow:2020-02-02 01:21:13.924986: Step 3470: Cross entropy = 0.174530
I0202 01:21:13.925010 140664937167744 retrain.py:1084] 2020-02-02 01:21:13.924986: Step 3470: Cross entropy = 0.174530
INFO:tensorflow:2020-02-02 01:21:14.002102: Step 3470: Validation accuracy = 44.0% (N=100)
I0202 01:21:14.002159 140664937167744 retrain.py:1100] 2020-02-02 01:21:14.002102: Step 3470: Validation accuracy = 44.0% (N=100)
INFO:tensorflow:2020-02-02 01:21:14.771903: Step 3480: Train accuracy = 100.0%
I0202 01:21:14.771959 140664937167744 retrain.py:1082] 2020-02-02 01:21:14.771903: Step 3480: Train accuracy = 100.0%
INFO:tensorflow:2020-02-02 01:21:14.772127: Step 3480: Cross entropy = 0.159300
I0202 01:21:14.772146 140664937167744 retrain.py:1084] 2020-02-02 01:21:14.772127: Step 3480: Cross entropy = 0.159300
INFO:tensorflow:2020-02-02 01:21:14.849455: Step 3480: Validation accuracy = 42.0% (N=100)
I0202 01:21:14.849538 140664937167744 retrain.py:1100] 2020-02-02 01:21:14.849455: Step 3480: Validation accuracy = 42.0% (N=100)
INFO:tensorflow:2020-02-02 01:21:15.613267: Step 3490: Train accuracy = 100.0%
I0202 01:21:15.613335 140664937167744 retrain.py:1082] 2020-02-02 01:21:15.613267: Step 3490: Train accuracy = 100.0%
INFO:tensorflow:2020-02-02 01:21:15.613517: Step 3490: Cross entropy = 0.153265
I0202 01:21:15.613538 140664937167744 retrain.py:1084] 2020-02-02 01:21:15.613517: Step 3490: Cross entropy = 0.153265
INFO:tensorflow:2020-02-02 01:21:15.694548: Step 3490: Validation accuracy = 41.0% (N=100)
I0202 01:21:15.694614 140664937167744 retrain.py:1100] 2020-02-02 01:21:15.694548: Step 3490: Validation accuracy = 41.0% (N=100)
INFO:tensorflow:2020-02-02 01:21:16.463630: Step 3500: Train accuracy = 100.0%
I0202 01:21:16.463686 140664937167744 retrain.py:1082] 2020-02-02 01:21:16.463630: Step 3500: Train accuracy = 100.0%
INFO:tensorflow:2020-02-02 01:21:16.463863: Step 3500: Cross entropy = 0.147880
I0202 01:21:16.463881 140664937167744 retrain.py:1084] 2020-02-02 01:21:16.463863: Step 3500: Cross entropy = 0.147880
INFO:tensorflow:2020-02-02 01:21:16.544569: Step 3500: Validation accuracy = 41.0% (N=100)
I0202 01:21:16.544623 140664937167744 retrain.py:1100] 2020-02-02 01:21:16.544569: Step 3500: Validation accuracy = 41.0% (N=100)
INFO:tensorflow:2020-02-02 01:21:17.311467: Step 3510: Train accuracy = 99.0%
I0202 01:21:17.311531 140664937167744 retrain.py:1082] 2020-02-02 01:21:17.311467: Step 3510: Train accuracy = 99.0%
INFO:tensorflow:2020-02-02 01:21:17.311691: Step 3510: Cross entropy = 0.159572
I0202 01:21:17.311712 140664937167744 retrain.py:1084] 2020-02-02 01:21:17.311691: Step 3510: Cross entropy = 0.159572
INFO:tensorflow:2020-02-02 01:21:17.392899: Step 3510: Validation accuracy = 40.0% (N=100)
I0202 01:21:17.392955 140664937167744 retrain.py:1100] 2020-02-02 01:21:17.392899: Step 3510: Validation accuracy = 40.0% (N=100)
INFO:tensorflow:2020-02-02 01:21:18.156675: Step 3520: Train accuracy = 99.0%
I0202 01:21:18.156731 140664937167744 retrain.py:1082] 2020-02-02 01:21:18.156675: Step 3520: Train accuracy = 99.0%
INFO:tensorflow:2020-02-02 01:21:18.156923: Step 3520: Cross entropy = 0.161087
I0202 01:21:18.156944 140664937167744 retrain.py:1084] 2020-02-02 01:21:18.156923: Step 3520: Cross entropy = 0.161087
INFO:tensorflow:2020-02-02 01:21:18.234793: Step 3520: Validation accuracy = 49.0% (N=100)
I0202 01:21:18.234864 140664937167744 retrain.py:1100] 2020-02-02 01:21:18.234793: Step 3520: Validation accuracy = 49.0% (N=100)
INFO:tensorflow:2020-02-02 01:21:19.077136: Step 3530: Train accuracy = 99.0%
I0202 01:21:19.077206 140664937167744 retrain.py:1082] 2020-02-02 01:21:19.077136: Step 3530: Train accuracy = 99.0%
INFO:tensorflow:2020-02-02 01:21:19.077364: Step 3530: Cross entropy = 0.203584
I0202 01:21:19.077381 140664937167744 retrain.py:1084] 2020-02-02 01:21:19.077364: Step 3530: Cross entropy = 0.203584
INFO:tensorflow:2020-02-02 01:21:19.153844: Step 3530: Validation accuracy = 44.0% (N=100)
I0202 01:21:19.153909 140664937167744 retrain.py:1100] 2020-02-02 01:21:19.153844: Step 3530: Validation accuracy = 44.0% (N=100)
INFO:tensorflow:2020-02-02 01:21:19.916748: Step 3540: Train accuracy = 99.0%
I0202 01:21:19.916802 140664937167744 retrain.py:1082] 2020-02-02 01:21:19.916748: Step 3540: Train accuracy = 99.0%
INFO:tensorflow:2020-02-02 01:21:19.916982: Step 3540: Cross entropy = 0.174582
I0202 01:21:19.917001 140664937167744 retrain.py:1084] 2020-02-02 01:21:19.916982: Step 3540: Cross entropy = 0.174582
INFO:tensorflow:2020-02-02 01:21:19.993124: Step 3540: Validation accuracy = 42.0% (N=100)
I0202 01:21:19.993181 140664937167744 retrain.py:1100] 2020-02-02 01:21:19.993124: Step 3540: Validation accuracy = 42.0% (N=100)
INFO:tensorflow:2020-02-02 01:21:20.765867: Step 3550: Train accuracy = 100.0%
I0202 01:21:20.765946 140664937167744 retrain.py:1082] 2020-02-02 01:21:20.765867: Step 3550: Train accuracy = 100.0%
INFO:tensorflow:2020-02-02 01:21:20.766129: Step 3550: Cross entropy = 0.176298
I0202 01:21:20.766161 140664937167744 retrain.py:1084] 2020-02-02 01:21:20.766129: Step 3550: Cross entropy = 0.176298
INFO:tensorflow:2020-02-02 01:21:20.842093: Step 3550: Validation accuracy = 45.0% (N=100)
I0202 01:21:20.842185 140664937167744 retrain.py:1100] 2020-02-02 01:21:20.842093: Step 3550: Validation accuracy = 45.0% (N=100)
INFO:tensorflow:2020-02-02 01:21:21.637815: Step 3560: Train accuracy = 100.0%
I0202 01:21:21.637870 140664937167744 retrain.py:1082] 2020-02-02 01:21:21.637815: Step 3560: Train accuracy = 100.0%
INFO:tensorflow:2020-02-02 01:21:21.638051: Step 3560: Cross entropy = 0.171960
I0202 01:21:21.638071 140664937167744 retrain.py:1084] 2020-02-02 01:21:21.638051: Step 3560: Cross entropy = 0.171960
INFO:tensorflow:2020-02-02 01:21:21.718559: Step 3560: Validation accuracy = 47.0% (N=100)
I0202 01:21:21.718625 140664937167744 retrain.py:1100] 2020-02-02 01:21:21.718559: Step 3560: Validation accuracy = 47.0% (N=100)
INFO:tensorflow:2020-02-02 01:21:22.474234: Step 3570: Train accuracy = 100.0%
I0202 01:21:22.474305 140664937167744 retrain.py:1082] 2020-02-02 01:21:22.474234: Step 3570: Train accuracy = 100.0%
INFO:tensorflow:2020-02-02 01:21:22.474493: Step 3570: Cross entropy = 0.184226
I0202 01:21:22.474511 140664937167744 retrain.py:1084] 2020-02-02 01:21:22.474493: Step 3570: Cross entropy = 0.184226
INFO:tensorflow:2020-02-02 01:21:22.553010: Step 3570: Validation accuracy = 49.0% (N=100)
I0202 01:21:22.553075 140664937167744 retrain.py:1100] 2020-02-02 01:21:22.553010: Step 3570: Validation accuracy = 49.0% (N=100)
INFO:tensorflow:2020-02-02 01:21:23.304641: Step 3580: Train accuracy = 99.0%
I0202 01:21:23.304706 140664937167744 retrain.py:1082] 2020-02-02 01:21:23.304641: Step 3580: Train accuracy = 99.0%
INFO:tensorflow:2020-02-02 01:21:23.304865: Step 3580: Cross entropy = 0.144984
I0202 01:21:23.304884 140664937167744 retrain.py:1084] 2020-02-02 01:21:23.304865: Step 3580: Cross entropy = 0.144984
INFO:tensorflow:2020-02-02 01:21:23.381631: Step 3580: Validation accuracy = 41.0% (N=100)
I0202 01:21:23.381688 140664937167744 retrain.py:1100] 2020-02-02 01:21:23.381631: Step 3580: Validation accuracy = 41.0% (N=100)
INFO:tensorflow:2020-02-02 01:21:24.136969: Step 3590: Train accuracy = 99.0%
I0202 01:21:24.137023 140664937167744 retrain.py:1082] 2020-02-02 01:21:24.136969: Step 3590: Train accuracy = 99.0%
INFO:tensorflow:2020-02-02 01:21:24.137184: Step 3590: Cross entropy = 0.165512
I0202 01:21:24.137214 140664937167744 retrain.py:1084] 2020-02-02 01:21:24.137184: Step 3590: Cross entropy = 0.165512
INFO:tensorflow:2020-02-02 01:21:24.221021: Step 3590: Validation accuracy = 45.0% (N=100)
I0202 01:21:24.221078 140664937167744 retrain.py:1100] 2020-02-02 01:21:24.221021: Step 3590: Validation accuracy = 45.0% (N=100)
INFO:tensorflow:2020-02-02 01:21:24.989671: Step 3600: Train accuracy = 100.0%
I0202 01:21:24.989726 140664937167744 retrain.py:1082] 2020-02-02 01:21:24.989671: Step 3600: Train accuracy = 100.0%
INFO:tensorflow:2020-02-02 01:21:24.989911: Step 3600: Cross entropy = 0.161871
I0202 01:21:24.989952 140664937167744 retrain.py:1084] 2020-02-02 01:21:24.989911: Step 3600: Cross entropy = 0.161871
INFO:tensorflow:2020-02-02 01:21:25.069363: Step 3600: Validation accuracy = 50.0% (N=100)
I0202 01:21:25.069439 140664937167744 retrain.py:1100] 2020-02-02 01:21:25.069363: Step 3600: Validation accuracy = 50.0% (N=100)
INFO:tensorflow:2020-02-02 01:21:25.834556: Step 3610: Train accuracy = 100.0%
I0202 01:21:25.834635 140664937167744 retrain.py:1082] 2020-02-02 01:21:25.834556: Step 3610: Train accuracy = 100.0%
INFO:tensorflow:2020-02-02 01:21:25.834788: Step 3610: Cross entropy = 0.148406
I0202 01:21:25.834833 140664937167744 retrain.py:1084] 2020-02-02 01:21:25.834788: Step 3610: Cross entropy = 0.148406
INFO:tensorflow:2020-02-02 01:21:25.914730: Step 3610: Validation accuracy = 53.0% (N=100)
I0202 01:21:25.914787 140664937167744 retrain.py:1100] 2020-02-02 01:21:25.914730: Step 3610: Validation accuracy = 53.0% (N=100)
INFO:tensorflow:2020-02-02 01:21:26.665986: Step 3620: Train accuracy = 100.0%
I0202 01:21:26.666056 140664937167744 retrain.py:1082] 2020-02-02 01:21:26.665986: Step 3620: Train accuracy = 100.0%
INFO:tensorflow:2020-02-02 01:21:26.666221: Step 3620: Cross entropy = 0.163352
I0202 01:21:26.666250 140664937167744 retrain.py:1084] 2020-02-02 01:21:26.666221: Step 3620: Cross entropy = 0.163352
INFO:tensorflow:2020-02-02 01:21:26.743623: Step 3620: Validation accuracy = 32.0% (N=100)
I0202 01:21:26.743704 140664937167744 retrain.py:1100] 2020-02-02 01:21:26.743623: Step 3620: Validation accuracy = 32.0% (N=100)
INFO:tensorflow:2020-02-02 01:21:27.508382: Step 3630: Train accuracy = 100.0%
I0202 01:21:27.508462 140664937167744 retrain.py:1082] 2020-02-02 01:21:27.508382: Step 3630: Train accuracy = 100.0%
INFO:tensorflow:2020-02-02 01:21:27.508608: Step 3630: Cross entropy = 0.153560
I0202 01:21:27.508630 140664937167744 retrain.py:1084] 2020-02-02 01:21:27.508608: Step 3630: Cross entropy = 0.153560
INFO:tensorflow:2020-02-02 01:21:27.587350: Step 3630: Validation accuracy = 44.0% (N=100)
I0202 01:21:27.587408 140664937167744 retrain.py:1100] 2020-02-02 01:21:27.587350: Step 3630: Validation accuracy = 44.0% (N=100)
INFO:tensorflow:2020-02-02 01:21:28.338504: Step 3640: Train accuracy = 100.0%
I0202 01:21:28.338584 140664937167744 retrain.py:1082] 2020-02-02 01:21:28.338504: Step 3640: Train accuracy = 100.0%
INFO:tensorflow:2020-02-02 01:21:28.338738: Step 3640: Cross entropy = 0.169786
I0202 01:21:28.338771 140664937167744 retrain.py:1084] 2020-02-02 01:21:28.338738: Step 3640: Cross entropy = 0.169786
INFO:tensorflow:2020-02-02 01:21:28.418773: Step 3640: Validation accuracy = 50.0% (N=100)
I0202 01:21:28.418828 140664937167744 retrain.py:1100] 2020-02-02 01:21:28.418773: Step 3640: Validation accuracy = 50.0% (N=100)
INFO:tensorflow:2020-02-02 01:21:29.185555: Step 3650: Train accuracy = 100.0%
I0202 01:21:29.185649 140664937167744 retrain.py:1082] 2020-02-02 01:21:29.185555: Step 3650: Train accuracy = 100.0%
INFO:tensorflow:2020-02-02 01:21:29.185862: Step 3650: Cross entropy = 0.155644
I0202 01:21:29.185897 140664937167744 retrain.py:1084] 2020-02-02 01:21:29.185862: Step 3650: Cross entropy = 0.155644
INFO:tensorflow:2020-02-02 01:21:29.265295: Step 3650: Validation accuracy = 44.0% (N=100)
I0202 01:21:29.265361 140664937167744 retrain.py:1100] 2020-02-02 01:21:29.265295: Step 3650: Validation accuracy = 44.0% (N=100)
INFO:tensorflow:2020-02-02 01:21:30.018578: Step 3660: Train accuracy = 100.0%
I0202 01:21:30.018648 140664937167744 retrain.py:1082] 2020-02-02 01:21:30.018578: Step 3660: Train accuracy = 100.0%
INFO:tensorflow:2020-02-02 01:21:30.018833: Step 3660: Cross entropy = 0.148272
I0202 01:21:30.018852 140664937167744 retrain.py:1084] 2020-02-02 01:21:30.018833: Step 3660: Cross entropy = 0.148272
INFO:tensorflow:2020-02-02 01:21:30.096267: Step 3660: Validation accuracy = 44.0% (N=100)
I0202 01:21:30.096333 140664937167744 retrain.py:1100] 2020-02-02 01:21:30.096267: Step 3660: Validation accuracy = 44.0% (N=100)
INFO:tensorflow:2020-02-02 01:21:30.860010: Step 3670: Train accuracy = 100.0%
I0202 01:21:30.860077 140664937167744 retrain.py:1082] 2020-02-02 01:21:30.860010: Step 3670: Train accuracy = 100.0%
INFO:tensorflow:2020-02-02 01:21:30.860256: Step 3670: Cross entropy = 0.168243
I0202 01:21:30.860286 140664937167744 retrain.py:1084] 2020-02-02 01:21:30.860256: Step 3670: Cross entropy = 0.168243
INFO:tensorflow:2020-02-02 01:21:30.940493: Step 3670: Validation accuracy = 46.0% (N=100)
I0202 01:21:30.940572 140664937167744 retrain.py:1100] 2020-02-02 01:21:30.940493: Step 3670: Validation accuracy = 46.0% (N=100)
INFO:tensorflow:2020-02-02 01:21:31.695137: Step 3680: Train accuracy = 99.0%
I0202 01:21:31.695196 140664937167744 retrain.py:1082] 2020-02-02 01:21:31.695137: Step 3680: Train accuracy = 99.0%
INFO:tensorflow:2020-02-02 01:21:31.695408: Step 3680: Cross entropy = 0.173713
I0202 01:21:31.695435 140664937167744 retrain.py:1084] 2020-02-02 01:21:31.695408: Step 3680: Cross entropy = 0.173713
INFO:tensorflow:2020-02-02 01:21:31.773349: Step 3680: Validation accuracy = 46.0% (N=100)
I0202 01:21:31.773404 140664937167744 retrain.py:1100] 2020-02-02 01:21:31.773349: Step 3680: Validation accuracy = 46.0% (N=100)
INFO:tensorflow:2020-02-02 01:21:32.538507: Step 3690: Train accuracy = 100.0%
I0202 01:21:32.538562 140664937167744 retrain.py:1082] 2020-02-02 01:21:32.538507: Step 3690: Train accuracy = 100.0%
INFO:tensorflow:2020-02-02 01:21:32.538737: Step 3690: Cross entropy = 0.151291
I0202 01:21:32.538759 140664937167744 retrain.py:1084] 2020-02-02 01:21:32.538737: Step 3690: Cross entropy = 0.151291
INFO:tensorflow:2020-02-02 01:21:32.617621: Step 3690: Validation accuracy = 48.0% (N=100)
I0202 01:21:32.617677 140664937167744 retrain.py:1100] 2020-02-02 01:21:32.617621: Step 3690: Validation accuracy = 48.0% (N=100)
INFO:tensorflow:2020-02-02 01:21:33.417345: Step 3700: Train accuracy = 99.0%
I0202 01:21:33.417401 140664937167744 retrain.py:1082] 2020-02-02 01:21:33.417345: Step 3700: Train accuracy = 99.0%
INFO:tensorflow:2020-02-02 01:21:33.417575: Step 3700: Cross entropy = 0.171754
I0202 01:21:33.417598 140664937167744 retrain.py:1084] 2020-02-02 01:21:33.417575: Step 3700: Cross entropy = 0.171754
INFO:tensorflow:2020-02-02 01:21:33.493536: Step 3700: Validation accuracy = 39.0% (N=100)
I0202 01:21:33.493617 140664937167744 retrain.py:1100] 2020-02-02 01:21:33.493536: Step 3700: Validation accuracy = 39.0% (N=100)
INFO:tensorflow:2020-02-02 01:21:34.251930: Step 3710: Train accuracy = 100.0%
I0202 01:21:34.251987 140664937167744 retrain.py:1082] 2020-02-02 01:21:34.251930: Step 3710: Train accuracy = 100.0%
INFO:tensorflow:2020-02-02 01:21:34.252170: Step 3710: Cross entropy = 0.176944
I0202 01:21:34.252190 140664937167744 retrain.py:1084] 2020-02-02 01:21:34.252170: Step 3710: Cross entropy = 0.176944
INFO:tensorflow:2020-02-02 01:21:34.332081: Step 3710: Validation accuracy = 41.0% (N=100)
I0202 01:21:34.332147 140664937167744 retrain.py:1100] 2020-02-02 01:21:34.332081: Step 3710: Validation accuracy = 41.0% (N=100)
INFO:tensorflow:2020-02-02 01:21:35.089218: Step 3720: Train accuracy = 100.0%
I0202 01:21:35.089288 140664937167744 retrain.py:1082] 2020-02-02 01:21:35.089218: Step 3720: Train accuracy = 100.0%
INFO:tensorflow:2020-02-02 01:21:35.089476: Step 3720: Cross entropy = 0.138594
I0202 01:21:35.089496 140664937167744 retrain.py:1084] 2020-02-02 01:21:35.089476: Step 3720: Cross entropy = 0.138594
INFO:tensorflow:2020-02-02 01:21:35.171997: Step 3720: Validation accuracy = 40.0% (N=100)
I0202 01:21:35.172053 140664937167744 retrain.py:1100] 2020-02-02 01:21:35.171997: Step 3720: Validation accuracy = 40.0% (N=100)
INFO:tensorflow:2020-02-02 01:21:35.951789: Step 3730: Train accuracy = 100.0%
I0202 01:21:35.951870 140664937167744 retrain.py:1082] 2020-02-02 01:21:35.951789: Step 3730: Train accuracy = 100.0%
INFO:tensorflow:2020-02-02 01:21:35.952020: Step 3730: Cross entropy = 0.135189
I0202 01:21:35.952036 140664937167744 retrain.py:1084] 2020-02-02 01:21:35.952020: Step 3730: Cross entropy = 0.135189
INFO:tensorflow:2020-02-02 01:21:36.030232: Step 3730: Validation accuracy = 44.0% (N=100)
I0202 01:21:36.030286 140664937167744 retrain.py:1100] 2020-02-02 01:21:36.030232: Step 3730: Validation accuracy = 44.0% (N=100)
INFO:tensorflow:2020-02-02 01:21:36.790096: Step 3740: Train accuracy = 99.0%
I0202 01:21:36.790165 140664937167744 retrain.py:1082] 2020-02-02 01:21:36.790096: Step 3740: Train accuracy = 99.0%
INFO:tensorflow:2020-02-02 01:21:36.790352: Step 3740: Cross entropy = 0.179703
I0202 01:21:36.790373 140664937167744 retrain.py:1084] 2020-02-02 01:21:36.790352: Step 3740: Cross entropy = 0.179703
INFO:tensorflow:2020-02-02 01:21:36.867824: Step 3740: Validation accuracy = 40.0% (N=100)
I0202 01:21:36.867897 140664937167744 retrain.py:1100] 2020-02-02 01:21:36.867824: Step 3740: Validation accuracy = 40.0% (N=100)
INFO:tensorflow:2020-02-02 01:21:37.621270: Step 3750: Train accuracy = 100.0%
I0202 01:21:37.621325 140664937167744 retrain.py:1082] 2020-02-02 01:21:37.621270: Step 3750: Train accuracy = 100.0%
INFO:tensorflow:2020-02-02 01:21:37.621488: Step 3750: Cross entropy = 0.165619
I0202 01:21:37.621514 140664937167744 retrain.py:1084] 2020-02-02 01:21:37.621488: Step 3750: Cross entropy = 0.165619
INFO:tensorflow:2020-02-02 01:21:37.701069: Step 3750: Validation accuracy = 52.0% (N=100)
I0202 01:21:37.701149 140664937167744 retrain.py:1100] 2020-02-02 01:21:37.701069: Step 3750: Validation accuracy = 52.0% (N=100)
INFO:tensorflow:2020-02-02 01:21:38.464131: Step 3760: Train accuracy = 100.0%
I0202 01:21:38.464186 140664937167744 retrain.py:1082] 2020-02-02 01:21:38.464131: Step 3760: Train accuracy = 100.0%
INFO:tensorflow:2020-02-02 01:21:38.464361: Step 3760: Cross entropy = 0.154088
I0202 01:21:38.464380 140664937167744 retrain.py:1084] 2020-02-02 01:21:38.464361: Step 3760: Cross entropy = 0.154088
INFO:tensorflow:2020-02-02 01:21:38.541675: Step 3760: Validation accuracy = 41.0% (N=100)
I0202 01:21:38.541745 140664937167744 retrain.py:1100] 2020-02-02 01:21:38.541675: Step 3760: Validation accuracy = 41.0% (N=100)
INFO:tensorflow:2020-02-02 01:21:39.312074: Step 3770: Train accuracy = 100.0%
I0202 01:21:39.312129 140664937167744 retrain.py:1082] 2020-02-02 01:21:39.312074: Step 3770: Train accuracy = 100.0%
INFO:tensorflow:2020-02-02 01:21:39.312322: Step 3770: Cross entropy = 0.141424
I0202 01:21:39.312348 140664937167744 retrain.py:1084] 2020-02-02 01:21:39.312322: Step 3770: Cross entropy = 0.141424
INFO:tensorflow:2020-02-02 01:21:39.390301: Step 3770: Validation accuracy = 44.0% (N=100)
I0202 01:21:39.390355 140664937167744 retrain.py:1100] 2020-02-02 01:21:39.390301: Step 3770: Validation accuracy = 44.0% (N=100)
INFO:tensorflow:2020-02-02 01:21:40.142616: Step 3780: Train accuracy = 100.0%
I0202 01:21:40.142682 140664937167744 retrain.py:1082] 2020-02-02 01:21:40.142616: Step 3780: Train accuracy = 100.0%
INFO:tensorflow:2020-02-02 01:21:40.142859: Step 3780: Cross entropy = 0.157842
I0202 01:21:40.142879 140664937167744 retrain.py:1084] 2020-02-02 01:21:40.142859: Step 3780: Cross entropy = 0.157842
INFO:tensorflow:2020-02-02 01:21:40.221361: Step 3780: Validation accuracy = 44.0% (N=100)
I0202 01:21:40.221441 140664937167744 retrain.py:1100] 2020-02-02 01:21:40.221361: Step 3780: Validation accuracy = 44.0% (N=100)
INFO:tensorflow:2020-02-02 01:21:41.008996: Step 3790: Train accuracy = 100.0%
I0202 01:21:41.009067 140664937167744 retrain.py:1082] 2020-02-02 01:21:41.008996: Step 3790: Train accuracy = 100.0%
INFO:tensorflow:2020-02-02 01:21:41.009225: Step 3790: Cross entropy = 0.152467
I0202 01:21:41.009263 140664937167744 retrain.py:1084] 2020-02-02 01:21:41.009225: Step 3790: Cross entropy = 0.152467
INFO:tensorflow:2020-02-02 01:21:41.089746: Step 3790: Validation accuracy = 52.0% (N=100)
I0202 01:21:41.089802 140664937167744 retrain.py:1100] 2020-02-02 01:21:41.089746: Step 3790: Validation accuracy = 52.0% (N=100)
INFO:tensorflow:2020-02-02 01:21:41.865204: Step 3800: Train accuracy = 100.0%
I0202 01:21:41.865259 140664937167744 retrain.py:1082] 2020-02-02 01:21:41.865204: Step 3800: Train accuracy = 100.0%
INFO:tensorflow:2020-02-02 01:21:41.865423: Step 3800: Cross entropy = 0.161335
I0202 01:21:41.865442 140664937167744 retrain.py:1084] 2020-02-02 01:21:41.865423: Step 3800: Cross entropy = 0.161335
INFO:tensorflow:2020-02-02 01:21:41.941330: Step 3800: Validation accuracy = 44.0% (N=100)
I0202 01:21:41.941385 140664937167744 retrain.py:1100] 2020-02-02 01:21:41.941330: Step 3800: Validation accuracy = 44.0% (N=100)
INFO:tensorflow:2020-02-02 01:21:42.707777: Step 3810: Train accuracy = 100.0%
I0202 01:21:42.707847 140664937167744 retrain.py:1082] 2020-02-02 01:21:42.707777: Step 3810: Train accuracy = 100.0%
INFO:tensorflow:2020-02-02 01:21:42.708021: Step 3810: Cross entropy = 0.151117
I0202 01:21:42.708054 140664937167744 retrain.py:1084] 2020-02-02 01:21:42.708021: Step 3810: Cross entropy = 0.151117
INFO:tensorflow:2020-02-02 01:21:42.783515: Step 3810: Validation accuracy = 56.0% (N=100)
I0202 01:21:42.783580 140664937167744 retrain.py:1100] 2020-02-02 01:21:42.783515: Step 3810: Validation accuracy = 56.0% (N=100)
INFO:tensorflow:2020-02-02 01:21:43.541442: Step 3820: Train accuracy = 100.0%
I0202 01:21:43.541507 140664937167744 retrain.py:1082] 2020-02-02 01:21:43.541442: Step 3820: Train accuracy = 100.0%
INFO:tensorflow:2020-02-02 01:21:43.541684: Step 3820: Cross entropy = 0.174897
I0202 01:21:43.541702 140664937167744 retrain.py:1084] 2020-02-02 01:21:43.541684: Step 3820: Cross entropy = 0.174897
INFO:tensorflow:2020-02-02 01:21:43.621862: Step 3820: Validation accuracy = 45.0% (N=100)
I0202 01:21:43.621956 140664937167744 retrain.py:1100] 2020-02-02 01:21:43.621862: Step 3820: Validation accuracy = 45.0% (N=100)
INFO:tensorflow:2020-02-02 01:21:44.381932: Step 3830: Train accuracy = 100.0%
I0202 01:21:44.381988 140664937167744 retrain.py:1082] 2020-02-02 01:21:44.381932: Step 3830: Train accuracy = 100.0%
INFO:tensorflow:2020-02-02 01:21:44.382157: Step 3830: Cross entropy = 0.168171
I0202 01:21:44.382177 140664937167744 retrain.py:1084] 2020-02-02 01:21:44.382157: Step 3830: Cross entropy = 0.168171
INFO:tensorflow:2020-02-02 01:21:44.462486: Step 3830: Validation accuracy = 45.0% (N=100)
I0202 01:21:44.462555 140664937167744 retrain.py:1100] 2020-02-02 01:21:44.462486: Step 3830: Validation accuracy = 45.0% (N=100)
INFO:tensorflow:2020-02-02 01:21:45.245987: Step 3840: Train accuracy = 100.0%
I0202 01:21:45.246064 140664937167744 retrain.py:1082] 2020-02-02 01:21:45.245987: Step 3840: Train accuracy = 100.0%
INFO:tensorflow:2020-02-02 01:21:45.246230: Step 3840: Cross entropy = 0.133753
I0202 01:21:45.246249 140664937167744 retrain.py:1084] 2020-02-02 01:21:45.246230: Step 3840: Cross entropy = 0.133753
INFO:tensorflow:2020-02-02 01:21:45.325230: Step 3840: Validation accuracy = 40.0% (N=100)
I0202 01:21:45.325284 140664937167744 retrain.py:1100] 2020-02-02 01:21:45.325230: Step 3840: Validation accuracy = 40.0% (N=100)
INFO:tensorflow:2020-02-02 01:21:46.082326: Step 3850: Train accuracy = 100.0%
I0202 01:21:46.082396 140664937167744 retrain.py:1082] 2020-02-02 01:21:46.082326: Step 3850: Train accuracy = 100.0%
INFO:tensorflow:2020-02-02 01:21:46.082543: Step 3850: Cross entropy = 0.159946
I0202 01:21:46.082564 140664937167744 retrain.py:1084] 2020-02-02 01:21:46.082543: Step 3850: Cross entropy = 0.159946
INFO:tensorflow:2020-02-02 01:21:46.162475: Step 3850: Validation accuracy = 44.0% (N=100)
I0202 01:21:46.162531 140664937167744 retrain.py:1100] 2020-02-02 01:21:46.162475: Step 3850: Validation accuracy = 44.0% (N=100)
INFO:tensorflow:2020-02-02 01:21:46.919284: Step 3860: Train accuracy = 100.0%
I0202 01:21:46.919340 140664937167744 retrain.py:1082] 2020-02-02 01:21:46.919284: Step 3860: Train accuracy = 100.0%
INFO:tensorflow:2020-02-02 01:21:46.919510: Step 3860: Cross entropy = 0.131940
I0202 01:21:46.919543 140664937167744 retrain.py:1084] 2020-02-02 01:21:46.919510: Step 3860: Cross entropy = 0.131940
INFO:tensorflow:2020-02-02 01:21:46.995266: Step 3860: Validation accuracy = 39.0% (N=100)
I0202 01:21:46.995321 140664937167744 retrain.py:1100] 2020-02-02 01:21:46.995266: Step 3860: Validation accuracy = 39.0% (N=100)
INFO:tensorflow:2020-02-02 01:21:47.764453: Step 3870: Train accuracy = 99.0%
I0202 01:21:47.764509 140664937167744 retrain.py:1082] 2020-02-02 01:21:47.764453: Step 3870: Train accuracy = 99.0%
INFO:tensorflow:2020-02-02 01:21:47.764684: Step 3870: Cross entropy = 0.167466
I0202 01:21:47.764703 140664937167744 retrain.py:1084] 2020-02-02 01:21:47.764684: Step 3870: Cross entropy = 0.167466
INFO:tensorflow:2020-02-02 01:21:47.842335: Step 3870: Validation accuracy = 40.0% (N=100)
I0202 01:21:47.842393 140664937167744 retrain.py:1100] 2020-02-02 01:21:47.842335: Step 3870: Validation accuracy = 40.0% (N=100)
INFO:tensorflow:2020-02-02 01:21:48.619087: Step 3880: Train accuracy = 100.0%
I0202 01:21:48.619166 140664937167744 retrain.py:1082] 2020-02-02 01:21:48.619087: Step 3880: Train accuracy = 100.0%
INFO:tensorflow:2020-02-02 01:21:48.619340: Step 3880: Cross entropy = 0.125304
I0202 01:21:48.619368 140664937167744 retrain.py:1084] 2020-02-02 01:21:48.619340: Step 3880: Cross entropy = 0.125304
INFO:tensorflow:2020-02-02 01:21:48.700241: Step 3880: Validation accuracy = 45.0% (N=100)
I0202 01:21:48.700309 140664937167744 retrain.py:1100] 2020-02-02 01:21:48.700241: Step 3880: Validation accuracy = 45.0% (N=100)
INFO:tensorflow:2020-02-02 01:21:49.455061: Step 3890: Train accuracy = 100.0%
I0202 01:21:49.455126 140664937167744 retrain.py:1082] 2020-02-02 01:21:49.455061: Step 3890: Train accuracy = 100.0%
INFO:tensorflow:2020-02-02 01:21:49.455298: Step 3890: Cross entropy = 0.134210
I0202 01:21:49.455317 140664937167744 retrain.py:1084] 2020-02-02 01:21:49.455298: Step 3890: Cross entropy = 0.134210
INFO:tensorflow:2020-02-02 01:21:49.536535: Step 3890: Validation accuracy = 39.0% (N=100)
I0202 01:21:49.536602 140664937167744 retrain.py:1100] 2020-02-02 01:21:49.536535: Step 3890: Validation accuracy = 39.0% (N=100)
INFO:tensorflow:2020-02-02 01:21:50.302822: Step 3900: Train accuracy = 100.0%
I0202 01:21:50.302901 140664937167744 retrain.py:1082] 2020-02-02 01:21:50.302822: Step 3900: Train accuracy = 100.0%
INFO:tensorflow:2020-02-02 01:21:50.303069: Step 3900: Cross entropy = 0.151771
I0202 01:21:50.303091 140664937167744 retrain.py:1084] 2020-02-02 01:21:50.303069: Step 3900: Cross entropy = 0.151771
INFO:tensorflow:2020-02-02 01:21:50.380965: Step 3900: Validation accuracy = 42.0% (N=100)
I0202 01:21:50.381030 140664937167744 retrain.py:1100] 2020-02-02 01:21:50.380965: Step 3900: Validation accuracy = 42.0% (N=100)
INFO:tensorflow:2020-02-02 01:21:51.133128: Step 3910: Train accuracy = 100.0%
I0202 01:21:51.133198 140664937167744 retrain.py:1082] 2020-02-02 01:21:51.133128: Step 3910: Train accuracy = 100.0%
INFO:tensorflow:2020-02-02 01:21:51.133345: Step 3910: Cross entropy = 0.144121
I0202 01:21:51.133391 140664937167744 retrain.py:1084] 2020-02-02 01:21:51.133345: Step 3910: Cross entropy = 0.144121
INFO:tensorflow:2020-02-02 01:21:51.209280: Step 3910: Validation accuracy = 57.0% (N=100)
I0202 01:21:51.209360 140664937167744 retrain.py:1100] 2020-02-02 01:21:51.209280: Step 3910: Validation accuracy = 57.0% (N=100)
INFO:tensorflow:2020-02-02 01:21:51.970936: Step 3920: Train accuracy = 100.0%
I0202 01:21:51.971011 140664937167744 retrain.py:1082] 2020-02-02 01:21:51.970936: Step 3920: Train accuracy = 100.0%
INFO:tensorflow:2020-02-02 01:21:51.971159: Step 3920: Cross entropy = 0.138457
I0202 01:21:51.971178 140664937167744 retrain.py:1084] 2020-02-02 01:21:51.971159: Step 3920: Cross entropy = 0.138457
INFO:tensorflow:2020-02-02 01:21:52.049062: Step 3920: Validation accuracy = 42.0% (N=100)
I0202 01:21:52.049128 140664937167744 retrain.py:1100] 2020-02-02 01:21:52.049062: Step 3920: Validation accuracy = 42.0% (N=100)
INFO:tensorflow:2020-02-02 01:21:52.806318: Step 3930: Train accuracy = 99.0%
I0202 01:21:52.806374 140664937167744 retrain.py:1082] 2020-02-02 01:21:52.806318: Step 3930: Train accuracy = 99.0%
INFO:tensorflow:2020-02-02 01:21:52.806540: Step 3930: Cross entropy = 0.125695
I0202 01:21:52.806564 140664937167744 retrain.py:1084] 2020-02-02 01:21:52.806540: Step 3930: Cross entropy = 0.125695
INFO:tensorflow:2020-02-02 01:21:52.885875: Step 3930: Validation accuracy = 43.0% (N=100)
I0202 01:21:52.885953 140664937167744 retrain.py:1100] 2020-02-02 01:21:52.885875: Step 3930: Validation accuracy = 43.0% (N=100)
INFO:tensorflow:2020-02-02 01:21:53.633190: Step 3940: Train accuracy = 100.0%
I0202 01:21:53.633255 140664937167744 retrain.py:1082] 2020-02-02 01:21:53.633190: Step 3940: Train accuracy = 100.0%
INFO:tensorflow:2020-02-02 01:21:53.633434: Step 3940: Cross entropy = 0.150929
I0202 01:21:53.633460 140664937167744 retrain.py:1084] 2020-02-02 01:21:53.633434: Step 3940: Cross entropy = 0.150929
INFO:tensorflow:2020-02-02 01:21:53.710619: Step 3940: Validation accuracy = 39.0% (N=100)
I0202 01:21:53.710677 140664937167744 retrain.py:1100] 2020-02-02 01:21:53.710619: Step 3940: Validation accuracy = 39.0% (N=100)
INFO:tensorflow:2020-02-02 01:21:54.486886: Step 3950: Train accuracy = 100.0%
I0202 01:21:54.486988 140664937167744 retrain.py:1082] 2020-02-02 01:21:54.486886: Step 3950: Train accuracy = 100.0%
INFO:tensorflow:2020-02-02 01:21:54.487137: Step 3950: Cross entropy = 0.155230
I0202 01:21:54.487159 140664937167744 retrain.py:1084] 2020-02-02 01:21:54.487137: Step 3950: Cross entropy = 0.155230
INFO:tensorflow:2020-02-02 01:21:54.568908: Step 3950: Validation accuracy = 45.0% (N=100)
I0202 01:21:54.568965 140664937167744 retrain.py:1100] 2020-02-02 01:21:54.568908: Step 3950: Validation accuracy = 45.0% (N=100)
INFO:tensorflow:2020-02-02 01:21:55.316333: Step 3960: Train accuracy = 100.0%
I0202 01:21:55.316401 140664937167744 retrain.py:1082] 2020-02-02 01:21:55.316333: Step 3960: Train accuracy = 100.0%
INFO:tensorflow:2020-02-02 01:21:55.316559: Step 3960: Cross entropy = 0.132094
I0202 01:21:55.316589 140664937167744 retrain.py:1084] 2020-02-02 01:21:55.316559: Step 3960: Cross entropy = 0.132094
INFO:tensorflow:2020-02-02 01:21:55.398687: Step 3960: Validation accuracy = 47.0% (N=100)
I0202 01:21:55.398758 140664937167744 retrain.py:1100] 2020-02-02 01:21:55.398687: Step 3960: Validation accuracy = 47.0% (N=100)
INFO:tensorflow:2020-02-02 01:21:56.159108: Step 3970: Train accuracy = 100.0%
I0202 01:21:56.159174 140664937167744 retrain.py:1082] 2020-02-02 01:21:56.159108: Step 3970: Train accuracy = 100.0%
INFO:tensorflow:2020-02-02 01:21:56.159350: Step 3970: Cross entropy = 0.138312
I0202 01:21:56.159370 140664937167744 retrain.py:1084] 2020-02-02 01:21:56.159350: Step 3970: Cross entropy = 0.138312
INFO:tensorflow:2020-02-02 01:21:56.235708: Step 3970: Validation accuracy = 36.0% (N=100)
I0202 01:21:56.235778 140664937167744 retrain.py:1100] 2020-02-02 01:21:56.235708: Step 3970: Validation accuracy = 36.0% (N=100)
INFO:tensorflow:2020-02-02 01:21:56.994302: Step 3980: Train accuracy = 100.0%
I0202 01:21:56.994359 140664937167744 retrain.py:1082] 2020-02-02 01:21:56.994302: Step 3980: Train accuracy = 100.0%
INFO:tensorflow:2020-02-02 01:21:56.994541: Step 3980: Cross entropy = 0.164225
I0202 01:21:56.994564 140664937167744 retrain.py:1084] 2020-02-02 01:21:56.994541: Step 3980: Cross entropy = 0.164225
INFO:tensorflow:2020-02-02 01:21:57.072096: Step 3980: Validation accuracy = 35.0% (N=100)
I0202 01:21:57.072152 140664937167744 retrain.py:1100] 2020-02-02 01:21:57.072096: Step 3980: Validation accuracy = 35.0% (N=100)
INFO:tensorflow:2020-02-02 01:21:57.827018: Step 3990: Train accuracy = 100.0%
I0202 01:21:57.827088 140664937167744 retrain.py:1082] 2020-02-02 01:21:57.827018: Step 3990: Train accuracy = 100.0%
INFO:tensorflow:2020-02-02 01:21:57.827270: Step 3990: Cross entropy = 0.138160
I0202 01:21:57.827291 140664937167744 retrain.py:1084] 2020-02-02 01:21:57.827270: Step 3990: Cross entropy = 0.138160
INFO:tensorflow:2020-02-02 01:21:57.905369: Step 3990: Validation accuracy = 43.0% (N=100)
I0202 01:21:57.905426 140664937167744 retrain.py:1100] 2020-02-02 01:21:57.905369: Step 3990: Validation accuracy = 43.0% (N=100)
INFO:tensorflow:2020-02-02 01:21:58.600767: Step 3999: Train accuracy = 100.0%
I0202 01:21:58.600854 140664937167744 retrain.py:1082] 2020-02-02 01:21:58.600767: Step 3999: Train accuracy = 100.0%
INFO:tensorflow:2020-02-02 01:21:58.601000: Step 3999: Cross entropy = 0.162683
I0202 01:21:58.601017 140664937167744 retrain.py:1084] 2020-02-02 01:21:58.601000: Step 3999: Cross entropy = 0.162683
INFO:tensorflow:2020-02-02 01:21:58.680392: Step 3999: Validation accuracy = 45.0% (N=100)
I0202 01:21:58.680468 140664937167744 retrain.py:1100] 2020-02-02 01:21:58.680392: Step 3999: Validation accuracy = 45.0% (N=100)
INFO:tensorflow:Final test accuracy = 55.8% (N=43)
I0202 01:22:00.368554 140664937167744 retrain.py:1126] Final test accuracy = 55.8% (N=43)
WARNING:tensorflow:From /media/dbusaba/SharedData/University/Research/Rust/image_affinity/tensorflow/scripts/retrain.py:827: convert_variables_to_constants (from tensorflow.python.framework.graph_util_impl) is deprecated and will be removed in a future version.
Instructions for updating:
Use `tf.compat.v1.graph_util.convert_variables_to_constants`
W0202 01:22:00.548031 140664937167744 deprecation.py:323] From /media/dbusaba/SharedData/University/Research/Rust/image_affinity/tensorflow/scripts/retrain.py:827: convert_variables_to_constants (from tensorflow.python.framework.graph_util_impl) is deprecated and will be removed in a future version.
Instructions for updating:
Use `tf.compat.v1.graph_util.convert_variables_to_constants`
WARNING:tensorflow:From /home/dbusaba/.local/lib/python3.7/site-packages/tensorflow/python/framework/graph_util_impl.py:270: extract_sub_graph (from tensorflow.python.framework.graph_util_impl) is deprecated and will be removed in a future version.
Instructions for updating:
Use `tf.compat.v1.graph_util.extract_sub_graph`
W0202 01:22:00.548244 140664937167744 deprecation.py:323] From /home/dbusaba/.local/lib/python3.7/site-packages/tensorflow/python/framework/graph_util_impl.py:270: extract_sub_graph (from tensorflow.python.framework.graph_util_impl) is deprecated and will be removed in a future version.
Instructions for updating:
Use `tf.compat.v1.graph_util.extract_sub_graph`
INFO:tensorflow:Froze 2 variables.
I0202 01:22:00.676812 140664937167744 graph_util_impl.py:311] Froze 2 variables.
INFO:tensorflow:Converted 2 variables to const ops.
I0202 01:22:00.697021 140664937167744 graph_util_impl.py:364] Converted 2 variables to const ops.
