WARNING:tensorflow:From /media/dbusaba/SharedData/University/Research/Rust/image_affinity/tensorflow/scripts/retrain.py:1326: The name tf.app.run is deprecated. Please use tf.compat.v1.app.run instead.

WARNING:tensorflow:From /media/dbusaba/SharedData/University/Research/Rust/image_affinity/tensorflow/scripts/retrain.py:970: The name tf.logging.set_verbosity is deprecated. Please use tf.compat.v1.logging.set_verbosity instead.

W0204 23:28:34.135645 140417363757952 deprecation_wrapper.py:119] From /media/dbusaba/SharedData/University/Research/Rust/image_affinity/tensorflow/scripts/retrain.py:970: The name tf.logging.set_verbosity is deprecated. Please use tf.compat.v1.logging.set_verbosity instead.

WARNING:tensorflow:From /media/dbusaba/SharedData/University/Research/Rust/image_affinity/tensorflow/scripts/retrain.py:970: The name tf.logging.INFO is deprecated. Please use tf.compat.v1.logging.INFO instead.

W0204 23:28:34.135905 140417363757952 deprecation_wrapper.py:119] From /media/dbusaba/SharedData/University/Research/Rust/image_affinity/tensorflow/scripts/retrain.py:970: The name tf.logging.INFO is deprecated. Please use tf.compat.v1.logging.INFO instead.

WARNING:tensorflow:From /media/dbusaba/SharedData/University/Research/Rust/image_affinity/tensorflow/scripts/retrain.py:835: The name tf.gfile.Exists is deprecated. Please use tf.io.gfile.exists instead.

W0204 23:28:34.136109 140417363757952 deprecation_wrapper.py:119] From /media/dbusaba/SharedData/University/Research/Rust/image_affinity/tensorflow/scripts/retrain.py:835: The name tf.gfile.Exists is deprecated. Please use tf.io.gfile.exists instead.

WARNING:tensorflow:From /media/dbusaba/SharedData/University/Research/Rust/image_affinity/tensorflow/scripts/retrain.py:836: The name tf.gfile.DeleteRecursively is deprecated. Please use tf.io.gfile.rmtree instead.

W0204 23:28:34.136364 140417363757952 deprecation_wrapper.py:119] From /media/dbusaba/SharedData/University/Research/Rust/image_affinity/tensorflow/scripts/retrain.py:836: The name tf.gfile.DeleteRecursively is deprecated. Please use tf.io.gfile.rmtree instead.

WARNING:tensorflow:From /media/dbusaba/SharedData/University/Research/Rust/image_affinity/tensorflow/scripts/retrain.py:837: The name tf.gfile.MakeDirs is deprecated. Please use tf.io.gfile.makedirs instead.

W0204 23:28:34.149773 140417363757952 deprecation_wrapper.py:119] From /media/dbusaba/SharedData/University/Research/Rust/image_affinity/tensorflow/scripts/retrain.py:837: The name tf.gfile.MakeDirs is deprecated. Please use tf.io.gfile.makedirs instead.

WARNING:tensorflow:From /media/dbusaba/SharedData/University/Research/Rust/image_affinity/tensorflow/scripts/retrain.py:274: FastGFile.__init__ (from tensorflow.python.platform.gfile) is deprecated and will be removed in a future version.
Instructions for updating:
Use tf.gfile.GFile.
W0204 23:28:36.643588 140417363757952 deprecation.py:323] From /media/dbusaba/SharedData/University/Research/Rust/image_affinity/tensorflow/scripts/retrain.py:274: FastGFile.__init__ (from tensorflow.python.platform.gfile) is deprecated and will be removed in a future version.
Instructions for updating:
Use tf.gfile.GFile.
WARNING:tensorflow:From /media/dbusaba/SharedData/University/Research/Rust/image_affinity/tensorflow/scripts/retrain.py:275: The name tf.GraphDef is deprecated. Please use tf.compat.v1.GraphDef instead.

W0204 23:28:36.643833 140417363757952 deprecation_wrapper.py:119] From /media/dbusaba/SharedData/University/Research/Rust/image_affinity/tensorflow/scripts/retrain.py:275: The name tf.GraphDef is deprecated. Please use tf.compat.v1.GraphDef instead.

2020-02-04 23:28:37.105888: W tensorflow/core/framework/op_def_util.cc:357] Op BatchNormWithGlobalNormalization is deprecated. It will cease to work in GraphDef version 9. Use tf.nn.batch_normalization().
WARNING:tensorflow:From /media/dbusaba/SharedData/University/Research/Rust/image_affinity/tensorflow/scripts/retrain.py:156: The name tf.logging.info is deprecated. Please use tf.compat.v1.logging.info instead.

W0204 23:28:37.293437 140417363757952 deprecation_wrapper.py:119] From /media/dbusaba/SharedData/University/Research/Rust/image_affinity/tensorflow/scripts/retrain.py:156: The name tf.logging.info is deprecated. Please use tf.compat.v1.logging.info instead.

INFO:tensorflow:Looking for images in 'Abnormal'
I0204 23:28:37.293657 140417363757952 retrain.py:156] Looking for images in 'Abnormal'
INFO:tensorflow:Looking for images in 'Normal'
I0204 23:28:37.305390 140417363757952 retrain.py:156] Looking for images in 'Normal'
WARNING:tensorflow:From /media/dbusaba/SharedData/University/Research/Rust/image_affinity/tensorflow/scripts/retrain.py:1004: The name tf.Session is deprecated. Please use tf.compat.v1.Session instead.

W0204 23:28:37.321423 140417363757952 deprecation_wrapper.py:119] From /media/dbusaba/SharedData/University/Research/Rust/image_affinity/tensorflow/scripts/retrain.py:1004: The name tf.Session is deprecated. Please use tf.compat.v1.Session instead.

2020-02-04 23:28:37.321955: I tensorflow/core/platform/cpu_feature_guard.cc:142] Your CPU supports instructions that this TensorFlow binary was not compiled to use: AVX2 FMA
2020-02-04 23:28:37.346799: I tensorflow/core/platform/profile_utils/cpu_utils.cc:94] CPU Frequency: 2799925000 Hz
2020-02-04 23:28:37.347662: I tensorflow/compiler/xla/service/service.cc:168] XLA service 0x32d3900 executing computations on platform Host. Devices:
2020-02-04 23:28:37.347735: I tensorflow/compiler/xla/service/service.cc:175]   StreamExecutor device (0): <undefined>, <undefined>
WARNING:tensorflow:From /media/dbusaba/SharedData/University/Research/Rust/image_affinity/tensorflow/scripts/retrain.py:954: The name tf.placeholder is deprecated. Please use tf.compat.v1.placeholder instead.

W0204 23:28:37.349104 140417363757952 deprecation_wrapper.py:119] From /media/dbusaba/SharedData/University/Research/Rust/image_affinity/tensorflow/scripts/retrain.py:954: The name tf.placeholder is deprecated. Please use tf.compat.v1.placeholder instead.

WARNING:tensorflow:From /media/dbusaba/SharedData/University/Research/Rust/image_affinity/tensorflow/scripts/retrain.py:960: The name tf.image.resize_bilinear is deprecated. Please use tf.compat.v1.image.resize_bilinear instead.

W0204 23:28:37.360497 140417363757952 deprecation_wrapper.py:119] From /media/dbusaba/SharedData/University/Research/Rust/image_affinity/tensorflow/scripts/retrain.py:960: The name tf.image.resize_bilinear is deprecated. Please use tf.compat.v1.image.resize_bilinear instead.

INFO:tensorflow:Creating bottleneck at tf_files/bottlenecks/Abnormal/mdb001.bmp_inception_v3.txt
I0204 23:28:37.366961 140417363757952 retrain.py:361] Creating bottleneck at tf_files/bottlenecks/Abnormal/mdb001.bmp_inception_v3.txt
2020-02-04 23:28:37.707556: W tensorflow/compiler/jit/mark_for_compilation_pass.cc:1412] (One-time warning): Not using XLA:CPU for cluster because envvar TF_XLA_FLAGS=--tf_xla_cpu_global_jit was not set.  If you want XLA:CPU, either set that envvar, or use experimental_jit_scope to enable XLA:CPU.  To confirm that XLA is active, pass --vmodule=xla_compilation_cache=1 (as a proper command-line flag, not via TF_XLA_FLAGS) or set the envvar XLA_FLAGS=--xla_hlo_profile.
INFO:tensorflow:Creating bottleneck at tf_files/bottlenecks/Abnormal/mdb005.bmp_inception_v3.txt
I0204 23:28:38.289578 140417363757952 retrain.py:361] Creating bottleneck at tf_files/bottlenecks/Abnormal/mdb005.bmp_inception_v3.txt
INFO:tensorflow:Creating bottleneck at tf_files/bottlenecks/Abnormal/mdb010.bmp_inception_v3.txt
I0204 23:28:38.531326 140417363757952 retrain.py:361] Creating bottleneck at tf_files/bottlenecks/Abnormal/mdb010.bmp_inception_v3.txt
INFO:tensorflow:Creating bottleneck at tf_files/bottlenecks/Abnormal/mdb012.bmp_inception_v3.txt
I0204 23:28:38.769583 140417363757952 retrain.py:361] Creating bottleneck at tf_files/bottlenecks/Abnormal/mdb012.bmp_inception_v3.txt
INFO:tensorflow:Creating bottleneck at tf_files/bottlenecks/Abnormal/mdb013.bmp_inception_v3.txt
I0204 23:28:38.958133 140417363757952 retrain.py:361] Creating bottleneck at tf_files/bottlenecks/Abnormal/mdb013.bmp_inception_v3.txt
INFO:tensorflow:Creating bottleneck at tf_files/bottlenecks/Abnormal/mdb017.bmp_inception_v3.txt
I0204 23:28:39.148026 140417363757952 retrain.py:361] Creating bottleneck at tf_files/bottlenecks/Abnormal/mdb017.bmp_inception_v3.txt
INFO:tensorflow:Creating bottleneck at tf_files/bottlenecks/Abnormal/mdb019.bmp_inception_v3.txt
I0204 23:28:39.327580 140417363757952 retrain.py:361] Creating bottleneck at tf_files/bottlenecks/Abnormal/mdb019.bmp_inception_v3.txt
INFO:tensorflow:Creating bottleneck at tf_files/bottlenecks/Abnormal/mdb021.bmp_inception_v3.txt
I0204 23:28:39.528054 140417363757952 retrain.py:361] Creating bottleneck at tf_files/bottlenecks/Abnormal/mdb021.bmp_inception_v3.txt
INFO:tensorflow:Creating bottleneck at tf_files/bottlenecks/Abnormal/mdb023.bmp_inception_v3.txt
I0204 23:28:39.716754 140417363757952 retrain.py:361] Creating bottleneck at tf_files/bottlenecks/Abnormal/mdb023.bmp_inception_v3.txt
INFO:tensorflow:Creating bottleneck at tf_files/bottlenecks/Abnormal/mdb025.bmp_inception_v3.txt
I0204 23:28:39.905691 140417363757952 retrain.py:361] Creating bottleneck at tf_files/bottlenecks/Abnormal/mdb025.bmp_inception_v3.txt
INFO:tensorflow:Creating bottleneck at tf_files/bottlenecks/Abnormal/mdb028.bmp_inception_v3.txt
I0204 23:28:40.099363 140417363757952 retrain.py:361] Creating bottleneck at tf_files/bottlenecks/Abnormal/mdb028.bmp_inception_v3.txt
INFO:tensorflow:Creating bottleneck at tf_files/bottlenecks/Abnormal/mdb030.bmp_inception_v3.txt
I0204 23:28:40.278987 140417363757952 retrain.py:361] Creating bottleneck at tf_files/bottlenecks/Abnormal/mdb030.bmp_inception_v3.txt
INFO:tensorflow:Creating bottleneck at tf_files/bottlenecks/Abnormal/mdb032.bmp_inception_v3.txt
I0204 23:28:40.460700 140417363757952 retrain.py:361] Creating bottleneck at tf_files/bottlenecks/Abnormal/mdb032.bmp_inception_v3.txt
INFO:tensorflow:Creating bottleneck at tf_files/bottlenecks/Abnormal/mdb058.bmp_inception_v3.txt
I0204 23:28:40.672825 140417363757952 retrain.py:361] Creating bottleneck at tf_files/bottlenecks/Abnormal/mdb058.bmp_inception_v3.txt
INFO:tensorflow:Creating bottleneck at tf_files/bottlenecks/Abnormal/mdb059.bmp_inception_v3.txt
I0204 23:28:40.854227 140417363757952 retrain.py:361] Creating bottleneck at tf_files/bottlenecks/Abnormal/mdb059.bmp_inception_v3.txt
INFO:tensorflow:Creating bottleneck at tf_files/bottlenecks/Abnormal/mdb063.bmp_inception_v3.txt
I0204 23:28:41.048005 140417363757952 retrain.py:361] Creating bottleneck at tf_files/bottlenecks/Abnormal/mdb063.bmp_inception_v3.txt
INFO:tensorflow:Creating bottleneck at tf_files/bottlenecks/Abnormal/mdb069.bmp_inception_v3.txt
I0204 23:28:41.276662 140417363757952 retrain.py:361] Creating bottleneck at tf_files/bottlenecks/Abnormal/mdb069.bmp_inception_v3.txt
INFO:tensorflow:Creating bottleneck at tf_files/bottlenecks/Abnormal/mdb178.bmp_inception_v3.txt
I0204 23:28:41.512677 140417363757952 retrain.py:361] Creating bottleneck at tf_files/bottlenecks/Abnormal/mdb178.bmp_inception_v3.txt
INFO:tensorflow:Creating bottleneck at tf_files/bottlenecks/Abnormal/mdb179.bmp_inception_v3.txt
I0204 23:28:41.693181 140417363757952 retrain.py:361] Creating bottleneck at tf_files/bottlenecks/Abnormal/mdb179.bmp_inception_v3.txt
INFO:tensorflow:Creating bottleneck at tf_files/bottlenecks/Abnormal/mdb181.bmp_inception_v3.txt
I0204 23:28:41.870406 140417363757952 retrain.py:361] Creating bottleneck at tf_files/bottlenecks/Abnormal/mdb181.bmp_inception_v3.txt
INFO:tensorflow:Creating bottleneck at tf_files/bottlenecks/Abnormal/mdb184.bmp_inception_v3.txt
I0204 23:28:42.055465 140417363757952 retrain.py:361] Creating bottleneck at tf_files/bottlenecks/Abnormal/mdb184.bmp_inception_v3.txt
INFO:tensorflow:Creating bottleneck at tf_files/bottlenecks/Abnormal/mdb186.bmp_inception_v3.txt
I0204 23:28:42.247370 140417363757952 retrain.py:361] Creating bottleneck at tf_files/bottlenecks/Abnormal/mdb186.bmp_inception_v3.txt
INFO:tensorflow:Creating bottleneck at tf_files/bottlenecks/Abnormal/mdb188.bmp_inception_v3.txt
I0204 23:28:42.425979 140417363757952 retrain.py:361] Creating bottleneck at tf_files/bottlenecks/Abnormal/mdb188.bmp_inception_v3.txt
INFO:tensorflow:Creating bottleneck at tf_files/bottlenecks/Abnormal/mdb190.bmp_inception_v3.txt
I0204 23:28:42.659760 140417363757952 retrain.py:361] Creating bottleneck at tf_files/bottlenecks/Abnormal/mdb190.bmp_inception_v3.txt
INFO:tensorflow:Creating bottleneck at tf_files/bottlenecks/Abnormal/mdb191.bmp_inception_v3.txt
I0204 23:28:42.841538 140417363757952 retrain.py:361] Creating bottleneck at tf_files/bottlenecks/Abnormal/mdb191.bmp_inception_v3.txt
INFO:tensorflow:Creating bottleneck at tf_files/bottlenecks/Abnormal/mdb195.bmp_inception_v3.txt
I0204 23:28:43.019951 140417363757952 retrain.py:361] Creating bottleneck at tf_files/bottlenecks/Abnormal/mdb195.bmp_inception_v3.txt
INFO:tensorflow:Creating bottleneck at tf_files/bottlenecks/Abnormal/mdb198.bmp_inception_v3.txt
I0204 23:28:43.201691 140417363757952 retrain.py:361] Creating bottleneck at tf_files/bottlenecks/Abnormal/mdb198.bmp_inception_v3.txt
INFO:tensorflow:Creating bottleneck at tf_files/bottlenecks/Abnormal/mdb199.bmp_inception_v3.txt
I0204 23:28:43.419382 140417363757952 retrain.py:361] Creating bottleneck at tf_files/bottlenecks/Abnormal/mdb199.bmp_inception_v3.txt
INFO:tensorflow:Creating bottleneck at tf_files/bottlenecks/Abnormal/mdb207.bmp_inception_v3.txt
I0204 23:28:43.631430 140417363757952 retrain.py:361] Creating bottleneck at tf_files/bottlenecks/Abnormal/mdb207.bmp_inception_v3.txt
INFO:tensorflow:Creating bottleneck at tf_files/bottlenecks/Abnormal/mdb209.bmp_inception_v3.txt
I0204 23:28:43.840039 140417363757952 retrain.py:361] Creating bottleneck at tf_files/bottlenecks/Abnormal/mdb209.bmp_inception_v3.txt
INFO:tensorflow:Creating bottleneck at tf_files/bottlenecks/Abnormal/mdb211.bmp_inception_v3.txt
I0204 23:28:44.060630 140417363757952 retrain.py:361] Creating bottleneck at tf_files/bottlenecks/Abnormal/mdb211.bmp_inception_v3.txt
INFO:tensorflow:Creating bottleneck at tf_files/bottlenecks/Abnormal/mdb212.bmp_inception_v3.txt
I0204 23:28:44.291016 140417363757952 retrain.py:361] Creating bottleneck at tf_files/bottlenecks/Abnormal/mdb212.bmp_inception_v3.txt
INFO:tensorflow:Creating bottleneck at tf_files/bottlenecks/Abnormal/mdb091.bmp_inception_v3.txt
I0204 23:28:44.514919 140417363757952 retrain.py:361] Creating bottleneck at tf_files/bottlenecks/Abnormal/mdb091.bmp_inception_v3.txt
INFO:tensorflow:Creating bottleneck at tf_files/bottlenecks/Abnormal/mdb115.bmp_inception_v3.txt
I0204 23:28:44.741109 140417363757952 retrain.py:361] Creating bottleneck at tf_files/bottlenecks/Abnormal/mdb115.bmp_inception_v3.txt
INFO:tensorflow:Creating bottleneck at tf_files/bottlenecks/Abnormal/mdb117.bmp_inception_v3.txt
I0204 23:28:44.971253 140417363757952 retrain.py:361] Creating bottleneck at tf_files/bottlenecks/Abnormal/mdb117.bmp_inception_v3.txt
INFO:tensorflow:Creating bottleneck at tf_files/bottlenecks/Abnormal/mdb120.bmp_inception_v3.txt
I0204 23:28:45.198816 140417363757952 retrain.py:361] Creating bottleneck at tf_files/bottlenecks/Abnormal/mdb120.bmp_inception_v3.txt
INFO:tensorflow:Creating bottleneck at tf_files/bottlenecks/Abnormal/mdb121.bmp_inception_v3.txt
I0204 23:28:45.424627 140417363757952 retrain.py:361] Creating bottleneck at tf_files/bottlenecks/Abnormal/mdb121.bmp_inception_v3.txt
INFO:tensorflow:Creating bottleneck at tf_files/bottlenecks/Abnormal/mdb124.bmp_inception_v3.txt
I0204 23:28:45.665962 140417363757952 retrain.py:361] Creating bottleneck at tf_files/bottlenecks/Abnormal/mdb124.bmp_inception_v3.txt
INFO:tensorflow:Creating bottleneck at tf_files/bottlenecks/Abnormal/mdb126.bmp_inception_v3.txt
I0204 23:28:45.885244 140417363757952 retrain.py:361] Creating bottleneck at tf_files/bottlenecks/Abnormal/mdb126.bmp_inception_v3.txt
INFO:tensorflow:Creating bottleneck at tf_files/bottlenecks/Abnormal/mdb130.bmp_inception_v3.txt
I0204 23:28:46.120243 140417363757952 retrain.py:361] Creating bottleneck at tf_files/bottlenecks/Abnormal/mdb130.bmp_inception_v3.txt
INFO:tensorflow:Creating bottleneck at tf_files/bottlenecks/Abnormal/mdb132.bmp_inception_v3.txt
I0204 23:28:46.380066 140417363757952 retrain.py:361] Creating bottleneck at tf_files/bottlenecks/Abnormal/mdb132.bmp_inception_v3.txt
INFO:tensorflow:Creating bottleneck at tf_files/bottlenecks/Abnormal/mdb141.bmp_inception_v3.txt
I0204 23:28:46.642106 140417363757952 retrain.py:361] Creating bottleneck at tf_files/bottlenecks/Abnormal/mdb141.bmp_inception_v3.txt
INFO:tensorflow:Creating bottleneck at tf_files/bottlenecks/Abnormal/mdb142.bmp_inception_v3.txt
I0204 23:28:46.990821 140417363757952 retrain.py:361] Creating bottleneck at tf_files/bottlenecks/Abnormal/mdb142.bmp_inception_v3.txt
INFO:tensorflow:Creating bottleneck at tf_files/bottlenecks/Abnormal/mdb144.bmp_inception_v3.txt
I0204 23:28:47.333646 140417363757952 retrain.py:361] Creating bottleneck at tf_files/bottlenecks/Abnormal/mdb144.bmp_inception_v3.txt
INFO:tensorflow:Creating bottleneck at tf_files/bottlenecks/Abnormal/mdb145.bmp_inception_v3.txt
I0204 23:28:47.702936 140417363757952 retrain.py:361] Creating bottleneck at tf_files/bottlenecks/Abnormal/mdb145.bmp_inception_v3.txt
INFO:tensorflow:Creating bottleneck at tf_files/bottlenecks/Abnormal/mdb148.bmp_inception_v3.txt
I0204 23:28:48.040783 140417363757952 retrain.py:361] Creating bottleneck at tf_files/bottlenecks/Abnormal/mdb148.bmp_inception_v3.txt
INFO:tensorflow:Creating bottleneck at tf_files/bottlenecks/Abnormal/mdb150.bmp_inception_v3.txt
I0204 23:28:48.471013 140417363757952 retrain.py:361] Creating bottleneck at tf_files/bottlenecks/Abnormal/mdb150.bmp_inception_v3.txt
INFO:tensorflow:Creating bottleneck at tf_files/bottlenecks/Abnormal/mdb155.bmp_inception_v3.txt
I0204 23:28:48.846651 140417363757952 retrain.py:361] Creating bottleneck at tf_files/bottlenecks/Abnormal/mdb155.bmp_inception_v3.txt
INFO:tensorflow:Creating bottleneck at tf_files/bottlenecks/Abnormal/mdb158.bmp_inception_v3.txt
I0204 23:28:49.267459 140417363757952 retrain.py:361] Creating bottleneck at tf_files/bottlenecks/Abnormal/mdb158.bmp_inception_v3.txt
INFO:tensorflow:Creating bottleneck at tf_files/bottlenecks/Abnormal/mdb160.bmp_inception_v3.txt
I0204 23:28:49.492509 140417363757952 retrain.py:361] Creating bottleneck at tf_files/bottlenecks/Abnormal/mdb160.bmp_inception_v3.txt
INFO:tensorflow:Creating bottleneck at tf_files/bottlenecks/Abnormal/mdb163.bmp_inception_v3.txt
I0204 23:28:49.723584 140417363757952 retrain.py:361] Creating bottleneck at tf_files/bottlenecks/Abnormal/mdb163.bmp_inception_v3.txt
INFO:tensorflow:Creating bottleneck at tf_files/bottlenecks/Abnormal/mdb165.bmp_inception_v3.txt
I0204 23:28:49.949692 140417363757952 retrain.py:361] Creating bottleneck at tf_files/bottlenecks/Abnormal/mdb165.bmp_inception_v3.txt
INFO:tensorflow:Creating bottleneck at tf_files/bottlenecks/Abnormal/mdb170.bmp_inception_v3.txt
I0204 23:28:50.170114 140417363757952 retrain.py:361] Creating bottleneck at tf_files/bottlenecks/Abnormal/mdb170.bmp_inception_v3.txt
INFO:tensorflow:Creating bottleneck at tf_files/bottlenecks/Abnormal/mdb171.bmp_inception_v3.txt
I0204 23:28:50.396072 140417363757952 retrain.py:361] Creating bottleneck at tf_files/bottlenecks/Abnormal/mdb171.bmp_inception_v3.txt
INFO:tensorflow:Creating bottleneck at tf_files/bottlenecks/Abnormal/mdb214.bmp_inception_v3.txt
I0204 23:28:50.627911 140417363757952 retrain.py:361] Creating bottleneck at tf_files/bottlenecks/Abnormal/mdb214.bmp_inception_v3.txt
INFO:tensorflow:Creating bottleneck at tf_files/bottlenecks/Abnormal/mdb216.bmp_inception_v3.txt
I0204 23:28:50.852880 140417363757952 retrain.py:361] Creating bottleneck at tf_files/bottlenecks/Abnormal/mdb216.bmp_inception_v3.txt
INFO:tensorflow:Creating bottleneck at tf_files/bottlenecks/Abnormal/mdb218.bmp_inception_v3.txt
I0204 23:28:51.086655 140417363757952 retrain.py:361] Creating bottleneck at tf_files/bottlenecks/Abnormal/mdb218.bmp_inception_v3.txt
INFO:tensorflow:Creating bottleneck at tf_files/bottlenecks/Abnormal/mdb222.bmp_inception_v3.txt
I0204 23:28:51.326596 140417363757952 retrain.py:361] Creating bottleneck at tf_files/bottlenecks/Abnormal/mdb222.bmp_inception_v3.txt
INFO:tensorflow:Creating bottleneck at tf_files/bottlenecks/Abnormal/mdb223.bmp_inception_v3.txt
I0204 23:28:51.565310 140417363757952 retrain.py:361] Creating bottleneck at tf_files/bottlenecks/Abnormal/mdb223.bmp_inception_v3.txt
INFO:tensorflow:Creating bottleneck at tf_files/bottlenecks/Abnormal/mdb226.bmp_inception_v3.txt
I0204 23:28:51.787253 140417363757952 retrain.py:361] Creating bottleneck at tf_files/bottlenecks/Abnormal/mdb226.bmp_inception_v3.txt
INFO:tensorflow:Creating bottleneck at tf_files/bottlenecks/Abnormal/mdb227.bmp_inception_v3.txt
I0204 23:28:52.018747 140417363757952 retrain.py:361] Creating bottleneck at tf_files/bottlenecks/Abnormal/mdb227.bmp_inception_v3.txt
INFO:tensorflow:Creating bottleneck at tf_files/bottlenecks/Abnormal/mdb231.bmp_inception_v3.txt
I0204 23:28:52.247670 140417363757952 retrain.py:361] Creating bottleneck at tf_files/bottlenecks/Abnormal/mdb231.bmp_inception_v3.txt
INFO:tensorflow:Creating bottleneck at tf_files/bottlenecks/Abnormal/mdb233.bmp_inception_v3.txt
I0204 23:28:52.468899 140417363757952 retrain.py:361] Creating bottleneck at tf_files/bottlenecks/Abnormal/mdb233.bmp_inception_v3.txt
INFO:tensorflow:Creating bottleneck at tf_files/bottlenecks/Abnormal/mdb236.bmp_inception_v3.txt
I0204 23:28:52.690485 140417363757952 retrain.py:361] Creating bottleneck at tf_files/bottlenecks/Abnormal/mdb236.bmp_inception_v3.txt
INFO:tensorflow:Creating bottleneck at tf_files/bottlenecks/Abnormal/mdb240.bmp_inception_v3.txt
I0204 23:28:52.916910 140417363757952 retrain.py:361] Creating bottleneck at tf_files/bottlenecks/Abnormal/mdb240.bmp_inception_v3.txt
INFO:tensorflow:Creating bottleneck at tf_files/bottlenecks/Abnormal/mdb241.bmp_inception_v3.txt
I0204 23:28:53.143368 140417363757952 retrain.py:361] Creating bottleneck at tf_files/bottlenecks/Abnormal/mdb241.bmp_inception_v3.txt
INFO:tensorflow:Creating bottleneck at tf_files/bottlenecks/Abnormal/mdb244.bmp_inception_v3.txt
I0204 23:28:53.365057 140417363757952 retrain.py:361] Creating bottleneck at tf_files/bottlenecks/Abnormal/mdb244.bmp_inception_v3.txt
INFO:tensorflow:Creating bottleneck at tf_files/bottlenecks/Abnormal/mdb245.bmp_inception_v3.txt
I0204 23:28:53.593832 140417363757952 retrain.py:361] Creating bottleneck at tf_files/bottlenecks/Abnormal/mdb245.bmp_inception_v3.txt
INFO:tensorflow:Creating bottleneck at tf_files/bottlenecks/Abnormal/mdb249.bmp_inception_v3.txt
I0204 23:28:53.818964 140417363757952 retrain.py:361] Creating bottleneck at tf_files/bottlenecks/Abnormal/mdb249.bmp_inception_v3.txt
INFO:tensorflow:Creating bottleneck at tf_files/bottlenecks/Abnormal/mdb252.bmp_inception_v3.txt
I0204 23:28:54.050554 140417363757952 retrain.py:361] Creating bottleneck at tf_files/bottlenecks/Abnormal/mdb252.bmp_inception_v3.txt
INFO:tensorflow:Creating bottleneck at tf_files/bottlenecks/Abnormal/mdb253.bmp_inception_v3.txt
I0204 23:28:54.280627 140417363757952 retrain.py:361] Creating bottleneck at tf_files/bottlenecks/Abnormal/mdb253.bmp_inception_v3.txt
INFO:tensorflow:Creating bottleneck at tf_files/bottlenecks/Abnormal/mdb256.bmp_inception_v3.txt
I0204 23:28:54.559033 140417363757952 retrain.py:361] Creating bottleneck at tf_files/bottlenecks/Abnormal/mdb256.bmp_inception_v3.txt
INFO:tensorflow:Creating bottleneck at tf_files/bottlenecks/Abnormal/mdb264.bmp_inception_v3.txt
I0204 23:28:54.800512 140417363757952 retrain.py:361] Creating bottleneck at tf_files/bottlenecks/Abnormal/mdb264.bmp_inception_v3.txt
INFO:tensorflow:Creating bottleneck at tf_files/bottlenecks/Abnormal/mdb267.bmp_inception_v3.txt
I0204 23:28:55.030485 140417363757952 retrain.py:361] Creating bottleneck at tf_files/bottlenecks/Abnormal/mdb267.bmp_inception_v3.txt
INFO:tensorflow:Creating bottleneck at tf_files/bottlenecks/Abnormal/mdb270.bmp_inception_v3.txt
I0204 23:28:55.258454 140417363757952 retrain.py:361] Creating bottleneck at tf_files/bottlenecks/Abnormal/mdb270.bmp_inception_v3.txt
INFO:tensorflow:Creating bottleneck at tf_files/bottlenecks/Abnormal/mdb274.bmp_inception_v3.txt
I0204 23:28:55.496070 140417363757952 retrain.py:361] Creating bottleneck at tf_files/bottlenecks/Abnormal/mdb274.bmp_inception_v3.txt
INFO:tensorflow:Creating bottleneck at tf_files/bottlenecks/Abnormal/mdb290.bmp_inception_v3.txt
I0204 23:28:55.723619 140417363757952 retrain.py:361] Creating bottleneck at tf_files/bottlenecks/Abnormal/mdb290.bmp_inception_v3.txt
INFO:tensorflow:Creating bottleneck at tf_files/bottlenecks/Abnormal/mdb312.bmp_inception_v3.txt
I0204 23:28:55.940011 140417363757952 retrain.py:361] Creating bottleneck at tf_files/bottlenecks/Abnormal/mdb312.bmp_inception_v3.txt
INFO:tensorflow:Creating bottleneck at tf_files/bottlenecks/Abnormal/mdb314.bmp_inception_v3.txt
I0204 23:28:56.159488 140417363757952 retrain.py:361] Creating bottleneck at tf_files/bottlenecks/Abnormal/mdb314.bmp_inception_v3.txt
INFO:tensorflow:Creating bottleneck at tf_files/bottlenecks/Abnormal/mdb315.bmp_inception_v3.txt
I0204 23:28:56.380358 140417363757952 retrain.py:361] Creating bottleneck at tf_files/bottlenecks/Abnormal/mdb315.bmp_inception_v3.txt
INFO:tensorflow:Creating bottleneck at tf_files/bottlenecks/Abnormal/mdb080.bmp_inception_v3.txt
I0204 23:28:56.597456 140417363757952 retrain.py:361] Creating bottleneck at tf_files/bottlenecks/Abnormal/mdb080.bmp_inception_v3.txt
INFO:tensorflow:Creating bottleneck at tf_files/bottlenecks/Abnormal/mdb175.bmp_inception_v3.txt
I0204 23:28:56.806070 140417363757952 retrain.py:361] Creating bottleneck at tf_files/bottlenecks/Abnormal/mdb175.bmp_inception_v3.txt
INFO:tensorflow:Creating bottleneck at tf_files/bottlenecks/Abnormal/mdb213.bmp_inception_v3.txt
I0204 23:28:57.019362 140417363757952 retrain.py:361] Creating bottleneck at tf_files/bottlenecks/Abnormal/mdb213.bmp_inception_v3.txt
INFO:tensorflow:Creating bottleneck at tf_files/bottlenecks/Abnormal/mdb002.bmp_inception_v3.txt
I0204 23:28:57.236473 140417363757952 retrain.py:361] Creating bottleneck at tf_files/bottlenecks/Abnormal/mdb002.bmp_inception_v3.txt
INFO:tensorflow:Creating bottleneck at tf_files/bottlenecks/Abnormal/mdb193.bmp_inception_v3.txt
I0204 23:28:57.453649 140417363757952 retrain.py:361] Creating bottleneck at tf_files/bottlenecks/Abnormal/mdb193.bmp_inception_v3.txt
INFO:tensorflow:Creating bottleneck at tf_files/bottlenecks/Abnormal/mdb204.bmp_inception_v3.txt
I0204 23:28:57.668087 140417363757952 retrain.py:361] Creating bottleneck at tf_files/bottlenecks/Abnormal/mdb204.bmp_inception_v3.txt
INFO:tensorflow:Creating bottleneck at tf_files/bottlenecks/Abnormal/mdb206.bmp_inception_v3.txt
I0204 23:28:57.883156 140417363757952 retrain.py:361] Creating bottleneck at tf_files/bottlenecks/Abnormal/mdb206.bmp_inception_v3.txt
INFO:tensorflow:Creating bottleneck at tf_files/bottlenecks/Abnormal/mdb238.bmp_inception_v3.txt
I0204 23:28:58.107865 140417363757952 retrain.py:361] Creating bottleneck at tf_files/bottlenecks/Abnormal/mdb238.bmp_inception_v3.txt
INFO:tensorflow:Creating bottleneck at tf_files/bottlenecks/Abnormal/mdb239.bmp_inception_v3.txt
I0204 23:28:58.322887 140417363757952 retrain.py:361] Creating bottleneck at tf_files/bottlenecks/Abnormal/mdb239.bmp_inception_v3.txt
INFO:tensorflow:Creating bottleneck at tf_files/bottlenecks/Abnormal/mdb265.bmp_inception_v3.txt
I0204 23:28:58.537600 140417363757952 retrain.py:361] Creating bottleneck at tf_files/bottlenecks/Abnormal/mdb265.bmp_inception_v3.txt
INFO:tensorflow:Creating bottleneck at tf_files/bottlenecks/Abnormal/mdb271.bmp_inception_v3.txt
I0204 23:28:58.759391 140417363757952 retrain.py:361] Creating bottleneck at tf_files/bottlenecks/Abnormal/mdb271.bmp_inception_v3.txt
INFO:tensorflow:Creating bottleneck at tf_files/bottlenecks/Abnormal/mdb015.bmp_inception_v3.txt
I0204 23:28:58.984091 140417363757952 retrain.py:361] Creating bottleneck at tf_files/bottlenecks/Abnormal/mdb015.bmp_inception_v3.txt
INFO:tensorflow:Creating bottleneck at tf_files/bottlenecks/Abnormal/mdb202.bmp_inception_v3.txt
I0204 23:28:59.200583 140417363757952 retrain.py:361] Creating bottleneck at tf_files/bottlenecks/Abnormal/mdb202.bmp_inception_v3.txt
INFO:tensorflow:Creating bottleneck at tf_files/bottlenecks/Abnormal/mdb125.bmp_inception_v3.txt
I0204 23:28:59.413398 140417363757952 retrain.py:361] Creating bottleneck at tf_files/bottlenecks/Abnormal/mdb125.bmp_inception_v3.txt
INFO:tensorflow:Creating bottleneck at tf_files/bottlenecks/Abnormal/mdb127.bmp_inception_v3.txt
I0204 23:28:59.636620 140417363757952 retrain.py:361] Creating bottleneck at tf_files/bottlenecks/Abnormal/mdb127.bmp_inception_v3.txt
INFO:tensorflow:Creating bottleneck at tf_files/bottlenecks/Abnormal/mdb134.bmp_inception_v3.txt
I0204 23:28:59.857801 140417363757952 retrain.py:361] Creating bottleneck at tf_files/bottlenecks/Abnormal/mdb134.bmp_inception_v3.txt
INFO:tensorflow:Creating bottleneck at tf_files/bottlenecks/Abnormal/mdb152.bmp_inception_v3.txt
I0204 23:29:00.078161 140417363757952 retrain.py:361] Creating bottleneck at tf_files/bottlenecks/Abnormal/mdb152.bmp_inception_v3.txt
INFO:tensorflow:Creating bottleneck at tf_files/bottlenecks/Abnormal/mdb167.bmp_inception_v3.txt
I0204 23:29:00.295713 140417363757952 retrain.py:361] Creating bottleneck at tf_files/bottlenecks/Abnormal/mdb167.bmp_inception_v3.txt
INFO:tensorflow:Creating bottleneck at tf_files/bottlenecks/Abnormal/mdb219.bmp_inception_v3.txt
I0204 23:29:00.509870 140417363757952 retrain.py:361] Creating bottleneck at tf_files/bottlenecks/Abnormal/mdb219.bmp_inception_v3.txt
INFO:tensorflow:Creating bottleneck at tf_files/bottlenecks/Abnormal/mdb248.bmp_inception_v3.txt
I0204 23:29:00.722654 140417363757952 retrain.py:361] Creating bottleneck at tf_files/bottlenecks/Abnormal/mdb248.bmp_inception_v3.txt
INFO:tensorflow:100 bottleneck files created.
I0204 23:29:00.956616 140417363757952 retrain.py:481] 100 bottleneck files created.
INFO:tensorflow:Creating bottleneck at tf_files/bottlenecks/Normal/mdb007.bmp_inception_v3.txt
I0204 23:29:00.957236 140417363757952 retrain.py:361] Creating bottleneck at tf_files/bottlenecks/Normal/mdb007.bmp_inception_v3.txt
INFO:tensorflow:Creating bottleneck at tf_files/bottlenecks/Normal/mdb008.bmp_inception_v3.txt
I0204 23:29:01.184480 140417363757952 retrain.py:361] Creating bottleneck at tf_files/bottlenecks/Normal/mdb008.bmp_inception_v3.txt
INFO:tensorflow:Creating bottleneck at tf_files/bottlenecks/Normal/mdb011.bmp_inception_v3.txt
I0204 23:29:01.414935 140417363757952 retrain.py:361] Creating bottleneck at tf_files/bottlenecks/Normal/mdb011.bmp_inception_v3.txt
INFO:tensorflow:Creating bottleneck at tf_files/bottlenecks/Normal/mdb014.bmp_inception_v3.txt
I0204 23:29:01.675071 140417363757952 retrain.py:361] Creating bottleneck at tf_files/bottlenecks/Normal/mdb014.bmp_inception_v3.txt
INFO:tensorflow:Creating bottleneck at tf_files/bottlenecks/Normal/mdb016.bmp_inception_v3.txt
I0204 23:29:01.922324 140417363757952 retrain.py:361] Creating bottleneck at tf_files/bottlenecks/Normal/mdb016.bmp_inception_v3.txt
INFO:tensorflow:Creating bottleneck at tf_files/bottlenecks/Normal/mdb018.bmp_inception_v3.txt
I0204 23:29:02.160733 140417363757952 retrain.py:361] Creating bottleneck at tf_files/bottlenecks/Normal/mdb018.bmp_inception_v3.txt
INFO:tensorflow:Creating bottleneck at tf_files/bottlenecks/Normal/mdb020.bmp_inception_v3.txt
I0204 23:29:02.340091 140417363757952 retrain.py:361] Creating bottleneck at tf_files/bottlenecks/Normal/mdb020.bmp_inception_v3.txt
INFO:tensorflow:Creating bottleneck at tf_files/bottlenecks/Normal/mdb022.bmp_inception_v3.txt
I0204 23:29:02.518448 140417363757952 retrain.py:361] Creating bottleneck at tf_files/bottlenecks/Normal/mdb022.bmp_inception_v3.txt
INFO:tensorflow:Creating bottleneck at tf_files/bottlenecks/Normal/mdb024.bmp_inception_v3.txt
I0204 23:29:02.701919 140417363757952 retrain.py:361] Creating bottleneck at tf_files/bottlenecks/Normal/mdb024.bmp_inception_v3.txt
INFO:tensorflow:Creating bottleneck at tf_files/bottlenecks/Normal/mdb027.bmp_inception_v3.txt
I0204 23:29:02.882044 140417363757952 retrain.py:361] Creating bottleneck at tf_files/bottlenecks/Normal/mdb027.bmp_inception_v3.txt
INFO:tensorflow:Creating bottleneck at tf_files/bottlenecks/Normal/mdb029.bmp_inception_v3.txt
I0204 23:29:03.063482 140417363757952 retrain.py:361] Creating bottleneck at tf_files/bottlenecks/Normal/mdb029.bmp_inception_v3.txt
INFO:tensorflow:Creating bottleneck at tf_files/bottlenecks/Normal/mdb031.bmp_inception_v3.txt
I0204 23:29:03.274362 140417363757952 retrain.py:361] Creating bottleneck at tf_files/bottlenecks/Normal/mdb031.bmp_inception_v3.txt
INFO:tensorflow:Creating bottleneck at tf_files/bottlenecks/Normal/mdb033.bmp_inception_v3.txt
I0204 23:29:03.482771 140417363757952 retrain.py:361] Creating bottleneck at tf_files/bottlenecks/Normal/mdb033.bmp_inception_v3.txt
INFO:tensorflow:Creating bottleneck at tf_files/bottlenecks/Normal/mdb034.bmp_inception_v3.txt
I0204 23:29:03.698387 140417363757952 retrain.py:361] Creating bottleneck at tf_files/bottlenecks/Normal/mdb034.bmp_inception_v3.txt
INFO:tensorflow:Creating bottleneck at tf_files/bottlenecks/Normal/mdb138.bmp_inception_v3.txt
I0204 23:29:03.910784 140417363757952 retrain.py:361] Creating bottleneck at tf_files/bottlenecks/Normal/mdb138.bmp_inception_v3.txt
INFO:tensorflow:Creating bottleneck at tf_files/bottlenecks/Normal/mdb139.bmp_inception_v3.txt
I0204 23:29:04.129554 140417363757952 retrain.py:361] Creating bottleneck at tf_files/bottlenecks/Normal/mdb139.bmp_inception_v3.txt
INFO:tensorflow:Creating bottleneck at tf_files/bottlenecks/Normal/mdb140.bmp_inception_v3.txt
I0204 23:29:04.344322 140417363757952 retrain.py:361] Creating bottleneck at tf_files/bottlenecks/Normal/mdb140.bmp_inception_v3.txt
INFO:tensorflow:Creating bottleneck at tf_files/bottlenecks/Normal/mdb143.bmp_inception_v3.txt
I0204 23:29:04.567112 140417363757952 retrain.py:361] Creating bottleneck at tf_files/bottlenecks/Normal/mdb143.bmp_inception_v3.txt
INFO:tensorflow:Creating bottleneck at tf_files/bottlenecks/Normal/mdb146.bmp_inception_v3.txt
I0204 23:29:04.782340 140417363757952 retrain.py:361] Creating bottleneck at tf_files/bottlenecks/Normal/mdb146.bmp_inception_v3.txt
INFO:tensorflow:Creating bottleneck at tf_files/bottlenecks/Normal/mdb147.bmp_inception_v3.txt
I0204 23:29:04.997184 140417363757952 retrain.py:361] Creating bottleneck at tf_files/bottlenecks/Normal/mdb147.bmp_inception_v3.txt
INFO:tensorflow:Creating bottleneck at tf_files/bottlenecks/Normal/mdb151.bmp_inception_v3.txt
I0204 23:29:05.217735 140417363757952 retrain.py:361] Creating bottleneck at tf_files/bottlenecks/Normal/mdb151.bmp_inception_v3.txt
INFO:tensorflow:Creating bottleneck at tf_files/bottlenecks/Normal/mdb153.bmp_inception_v3.txt
I0204 23:29:05.436836 140417363757952 retrain.py:361] Creating bottleneck at tf_files/bottlenecks/Normal/mdb153.bmp_inception_v3.txt
INFO:tensorflow:Creating bottleneck at tf_files/bottlenecks/Normal/mdb154.bmp_inception_v3.txt
I0204 23:29:05.655612 140417363757952 retrain.py:361] Creating bottleneck at tf_files/bottlenecks/Normal/mdb154.bmp_inception_v3.txt
INFO:tensorflow:Creating bottleneck at tf_files/bottlenecks/Normal/mdb156.bmp_inception_v3.txt
I0204 23:29:05.875834 140417363757952 retrain.py:361] Creating bottleneck at tf_files/bottlenecks/Normal/mdb156.bmp_inception_v3.txt
INFO:tensorflow:Creating bottleneck at tf_files/bottlenecks/Normal/mdb162.bmp_inception_v3.txt
I0204 23:29:06.097392 140417363757952 retrain.py:361] Creating bottleneck at tf_files/bottlenecks/Normal/mdb162.bmp_inception_v3.txt
INFO:tensorflow:Creating bottleneck at tf_files/bottlenecks/Normal/mdb166.bmp_inception_v3.txt
I0204 23:29:06.309527 140417363757952 retrain.py:361] Creating bottleneck at tf_files/bottlenecks/Normal/mdb166.bmp_inception_v3.txt
INFO:tensorflow:Creating bottleneck at tf_files/bottlenecks/Normal/mdb168.bmp_inception_v3.txt
I0204 23:29:06.518666 140417363757952 retrain.py:361] Creating bottleneck at tf_files/bottlenecks/Normal/mdb168.bmp_inception_v3.txt
INFO:tensorflow:Creating bottleneck at tf_files/bottlenecks/Normal/mdb169.bmp_inception_v3.txt
I0204 23:29:06.734116 140417363757952 retrain.py:361] Creating bottleneck at tf_files/bottlenecks/Normal/mdb169.bmp_inception_v3.txt
INFO:tensorflow:Creating bottleneck at tf_files/bottlenecks/Normal/mdb172.bmp_inception_v3.txt
I0204 23:29:06.950485 140417363757952 retrain.py:361] Creating bottleneck at tf_files/bottlenecks/Normal/mdb172.bmp_inception_v3.txt
INFO:tensorflow:Creating bottleneck at tf_files/bottlenecks/Normal/mdb057.bmp_inception_v3.txt
I0204 23:29:07.168977 140417363757952 retrain.py:361] Creating bottleneck at tf_files/bottlenecks/Normal/mdb057.bmp_inception_v3.txt
INFO:tensorflow:Creating bottleneck at tf_files/bottlenecks/Normal/mdb060.bmp_inception_v3.txt
I0204 23:29:07.380284 140417363757952 retrain.py:361] Creating bottleneck at tf_files/bottlenecks/Normal/mdb060.bmp_inception_v3.txt
INFO:tensorflow:Creating bottleneck at tf_files/bottlenecks/Normal/mdb062.bmp_inception_v3.txt
I0204 23:29:07.633636 140417363757952 retrain.py:361] Creating bottleneck at tf_files/bottlenecks/Normal/mdb062.bmp_inception_v3.txt
INFO:tensorflow:Creating bottleneck at tf_files/bottlenecks/Normal/mdb064.bmp_inception_v3.txt
I0204 23:29:07.868058 140417363757952 retrain.py:361] Creating bottleneck at tf_files/bottlenecks/Normal/mdb064.bmp_inception_v3.txt
INFO:tensorflow:Creating bottleneck at tf_files/bottlenecks/Normal/mdb067.bmp_inception_v3.txt
I0204 23:29:08.115448 140417363757952 retrain.py:361] Creating bottleneck at tf_files/bottlenecks/Normal/mdb067.bmp_inception_v3.txt
INFO:tensorflow:Creating bottleneck at tf_files/bottlenecks/Normal/mdb072.bmp_inception_v3.txt
I0204 23:29:08.367029 140417363757952 retrain.py:361] Creating bottleneck at tf_files/bottlenecks/Normal/mdb072.bmp_inception_v3.txt
INFO:tensorflow:Creating bottleneck at tf_files/bottlenecks/Normal/mdb075.bmp_inception_v3.txt
I0204 23:29:08.605284 140417363757952 retrain.py:361] Creating bottleneck at tf_files/bottlenecks/Normal/mdb075.bmp_inception_v3.txt
INFO:tensorflow:Creating bottleneck at tf_files/bottlenecks/Normal/mdb076.bmp_inception_v3.txt
I0204 23:29:08.959876 140417363757952 retrain.py:361] Creating bottleneck at tf_files/bottlenecks/Normal/mdb076.bmp_inception_v3.txt
INFO:tensorflow:Creating bottleneck at tf_files/bottlenecks/Normal/mdb077.bmp_inception_v3.txt
I0204 23:29:09.141003 140417363757952 retrain.py:361] Creating bottleneck at tf_files/bottlenecks/Normal/mdb077.bmp_inception_v3.txt
INFO:tensorflow:Creating bottleneck at tf_files/bottlenecks/Normal/mdb078.bmp_inception_v3.txt
I0204 23:29:09.318391 140417363757952 retrain.py:361] Creating bottleneck at tf_files/bottlenecks/Normal/mdb078.bmp_inception_v3.txt
INFO:tensorflow:Creating bottleneck at tf_files/bottlenecks/Normal/mdb079.bmp_inception_v3.txt
I0204 23:29:09.493325 140417363757952 retrain.py:361] Creating bottleneck at tf_files/bottlenecks/Normal/mdb079.bmp_inception_v3.txt
INFO:tensorflow:Creating bottleneck at tf_files/bottlenecks/Normal/mdb081.bmp_inception_v3.txt
I0204 23:29:09.672909 140417363757952 retrain.py:361] Creating bottleneck at tf_files/bottlenecks/Normal/mdb081.bmp_inception_v3.txt
INFO:tensorflow:Creating bottleneck at tf_files/bottlenecks/Normal/mdb082.bmp_inception_v3.txt
I0204 23:29:09.849681 140417363757952 retrain.py:361] Creating bottleneck at tf_files/bottlenecks/Normal/mdb082.bmp_inception_v3.txt
INFO:tensorflow:Creating bottleneck at tf_files/bottlenecks/Normal/mdb083.bmp_inception_v3.txt
I0204 23:29:10.032935 140417363757952 retrain.py:361] Creating bottleneck at tf_files/bottlenecks/Normal/mdb083.bmp_inception_v3.txt
INFO:tensorflow:Creating bottleneck at tf_files/bottlenecks/Normal/mdb084.bmp_inception_v3.txt
I0204 23:29:10.216819 140417363757952 retrain.py:361] Creating bottleneck at tf_files/bottlenecks/Normal/mdb084.bmp_inception_v3.txt
INFO:tensorflow:Creating bottleneck at tf_files/bottlenecks/Normal/mdb085.bmp_inception_v3.txt
I0204 23:29:10.414902 140417363757952 retrain.py:361] Creating bottleneck at tf_files/bottlenecks/Normal/mdb085.bmp_inception_v3.txt
INFO:tensorflow:Creating bottleneck at tf_files/bottlenecks/Normal/mdb086.bmp_inception_v3.txt
I0204 23:29:10.597371 140417363757952 retrain.py:361] Creating bottleneck at tf_files/bottlenecks/Normal/mdb086.bmp_inception_v3.txt
INFO:tensorflow:Creating bottleneck at tf_files/bottlenecks/Normal/mdb087.bmp_inception_v3.txt
I0204 23:29:10.777005 140417363757952 retrain.py:361] Creating bottleneck at tf_files/bottlenecks/Normal/mdb087.bmp_inception_v3.txt
INFO:tensorflow:Creating bottleneck at tf_files/bottlenecks/Normal/mdb255.bmp_inception_v3.txt
I0204 23:29:10.959621 140417363757952 retrain.py:361] Creating bottleneck at tf_files/bottlenecks/Normal/mdb255.bmp_inception_v3.txt
INFO:tensorflow:Creating bottleneck at tf_files/bottlenecks/Normal/mdb257.bmp_inception_v3.txt
I0204 23:29:11.143174 140417363757952 retrain.py:361] Creating bottleneck at tf_files/bottlenecks/Normal/mdb257.bmp_inception_v3.txt
INFO:tensorflow:Creating bottleneck at tf_files/bottlenecks/Normal/mdb258.bmp_inception_v3.txt
I0204 23:29:11.320191 140417363757952 retrain.py:361] Creating bottleneck at tf_files/bottlenecks/Normal/mdb258.bmp_inception_v3.txt
INFO:tensorflow:Creating bottleneck at tf_files/bottlenecks/Normal/mdb260.bmp_inception_v3.txt
I0204 23:29:11.496154 140417363757952 retrain.py:361] Creating bottleneck at tf_files/bottlenecks/Normal/mdb260.bmp_inception_v3.txt
INFO:tensorflow:Creating bottleneck at tf_files/bottlenecks/Normal/mdb262.bmp_inception_v3.txt
I0204 23:29:11.676506 140417363757952 retrain.py:361] Creating bottleneck at tf_files/bottlenecks/Normal/mdb262.bmp_inception_v3.txt
INFO:tensorflow:Creating bottleneck at tf_files/bottlenecks/Normal/mdb263.bmp_inception_v3.txt
I0204 23:29:11.859114 140417363757952 retrain.py:361] Creating bottleneck at tf_files/bottlenecks/Normal/mdb263.bmp_inception_v3.txt
INFO:tensorflow:Creating bottleneck at tf_files/bottlenecks/Normal/mdb268.bmp_inception_v3.txt
I0204 23:29:12.082882 140417363757952 retrain.py:361] Creating bottleneck at tf_files/bottlenecks/Normal/mdb268.bmp_inception_v3.txt
INFO:tensorflow:Creating bottleneck at tf_files/bottlenecks/Normal/mdb269.bmp_inception_v3.txt
I0204 23:29:12.282025 140417363757952 retrain.py:361] Creating bottleneck at tf_files/bottlenecks/Normal/mdb269.bmp_inception_v3.txt
INFO:tensorflow:Creating bottleneck at tf_files/bottlenecks/Normal/mdb272.bmp_inception_v3.txt
I0204 23:29:12.461158 140417363757952 retrain.py:361] Creating bottleneck at tf_files/bottlenecks/Normal/mdb272.bmp_inception_v3.txt
INFO:tensorflow:Creating bottleneck at tf_files/bottlenecks/Normal/mdb273.bmp_inception_v3.txt
I0204 23:29:12.643639 140417363757952 retrain.py:361] Creating bottleneck at tf_files/bottlenecks/Normal/mdb273.bmp_inception_v3.txt
INFO:tensorflow:Creating bottleneck at tf_files/bottlenecks/Normal/mdb275.bmp_inception_v3.txt
I0204 23:29:12.824181 140417363757952 retrain.py:361] Creating bottleneck at tf_files/bottlenecks/Normal/mdb275.bmp_inception_v3.txt
INFO:tensorflow:Creating bottleneck at tf_files/bottlenecks/Normal/mdb276.bmp_inception_v3.txt
I0204 23:29:13.018814 140417363757952 retrain.py:361] Creating bottleneck at tf_files/bottlenecks/Normal/mdb276.bmp_inception_v3.txt
INFO:tensorflow:Creating bottleneck at tf_files/bottlenecks/Normal/mdb277.bmp_inception_v3.txt
I0204 23:29:13.209013 140417363757952 retrain.py:361] Creating bottleneck at tf_files/bottlenecks/Normal/mdb277.bmp_inception_v3.txt
INFO:tensorflow:Creating bottleneck at tf_files/bottlenecks/Normal/mdb278.bmp_inception_v3.txt
I0204 23:29:13.382910 140417363757952 retrain.py:361] Creating bottleneck at tf_files/bottlenecks/Normal/mdb278.bmp_inception_v3.txt
INFO:tensorflow:Creating bottleneck at tf_files/bottlenecks/Normal/mdb279.bmp_inception_v3.txt
I0204 23:29:13.576859 140417363757952 retrain.py:361] Creating bottleneck at tf_files/bottlenecks/Normal/mdb279.bmp_inception_v3.txt
INFO:tensorflow:Creating bottleneck at tf_files/bottlenecks/Normal/mdb283.bmp_inception_v3.txt
I0204 23:29:13.759617 140417363757952 retrain.py:361] Creating bottleneck at tf_files/bottlenecks/Normal/mdb283.bmp_inception_v3.txt
INFO:tensorflow:Creating bottleneck at tf_files/bottlenecks/Normal/mdb284.bmp_inception_v3.txt
I0204 23:29:13.941608 140417363757952 retrain.py:361] Creating bottleneck at tf_files/bottlenecks/Normal/mdb284.bmp_inception_v3.txt
INFO:tensorflow:Creating bottleneck at tf_files/bottlenecks/Normal/mdb036.bmp_inception_v3.txt
I0204 23:29:14.122723 140417363757952 retrain.py:361] Creating bottleneck at tf_files/bottlenecks/Normal/mdb036.bmp_inception_v3.txt
INFO:tensorflow:Creating bottleneck at tf_files/bottlenecks/Normal/mdb038.bmp_inception_v3.txt
I0204 23:29:14.313018 140417363757952 retrain.py:361] Creating bottleneck at tf_files/bottlenecks/Normal/mdb038.bmp_inception_v3.txt
INFO:tensorflow:Creating bottleneck at tf_files/bottlenecks/Normal/mdb039.bmp_inception_v3.txt
I0204 23:29:14.489511 140417363757952 retrain.py:361] Creating bottleneck at tf_files/bottlenecks/Normal/mdb039.bmp_inception_v3.txt
INFO:tensorflow:Creating bottleneck at tf_files/bottlenecks/Normal/mdb040.bmp_inception_v3.txt
I0204 23:29:14.668476 140417363757952 retrain.py:361] Creating bottleneck at tf_files/bottlenecks/Normal/mdb040.bmp_inception_v3.txt
INFO:tensorflow:Creating bottleneck at tf_files/bottlenecks/Normal/mdb041.bmp_inception_v3.txt
I0204 23:29:14.847115 140417363757952 retrain.py:361] Creating bottleneck at tf_files/bottlenecks/Normal/mdb041.bmp_inception_v3.txt
INFO:tensorflow:Creating bottleneck at tf_files/bottlenecks/Normal/mdb042.bmp_inception_v3.txt
I0204 23:29:15.037514 140417363757952 retrain.py:361] Creating bottleneck at tf_files/bottlenecks/Normal/mdb042.bmp_inception_v3.txt
INFO:tensorflow:Creating bottleneck at tf_files/bottlenecks/Normal/mdb043.bmp_inception_v3.txt
I0204 23:29:15.216693 140417363757952 retrain.py:361] Creating bottleneck at tf_files/bottlenecks/Normal/mdb043.bmp_inception_v3.txt
INFO:tensorflow:Creating bottleneck at tf_files/bottlenecks/Normal/mdb044.bmp_inception_v3.txt
I0204 23:29:15.395172 140417363757952 retrain.py:361] Creating bottleneck at tf_files/bottlenecks/Normal/mdb044.bmp_inception_v3.txt
INFO:tensorflow:Creating bottleneck at tf_files/bottlenecks/Normal/mdb045.bmp_inception_v3.txt
I0204 23:29:15.573458 140417363757952 retrain.py:361] Creating bottleneck at tf_files/bottlenecks/Normal/mdb045.bmp_inception_v3.txt
INFO:tensorflow:Creating bottleneck at tf_files/bottlenecks/Normal/mdb050.bmp_inception_v3.txt
I0204 23:29:15.751076 140417363757952 retrain.py:361] Creating bottleneck at tf_files/bottlenecks/Normal/mdb050.bmp_inception_v3.txt
INFO:tensorflow:Creating bottleneck at tf_files/bottlenecks/Normal/mdb051.bmp_inception_v3.txt
I0204 23:29:15.970165 140417363757952 retrain.py:361] Creating bottleneck at tf_files/bottlenecks/Normal/mdb051.bmp_inception_v3.txt
INFO:tensorflow:Creating bottleneck at tf_files/bottlenecks/Normal/mdb052.bmp_inception_v3.txt
I0204 23:29:16.157189 140417363757952 retrain.py:361] Creating bottleneck at tf_files/bottlenecks/Normal/mdb052.bmp_inception_v3.txt
INFO:tensorflow:Creating bottleneck at tf_files/bottlenecks/Normal/mdb053.bmp_inception_v3.txt
I0204 23:29:16.341485 140417363757952 retrain.py:361] Creating bottleneck at tf_files/bottlenecks/Normal/mdb053.bmp_inception_v3.txt
INFO:tensorflow:Creating bottleneck at tf_files/bottlenecks/Normal/mdb054.bmp_inception_v3.txt
I0204 23:29:16.522035 140417363757952 retrain.py:361] Creating bottleneck at tf_files/bottlenecks/Normal/mdb054.bmp_inception_v3.txt
INFO:tensorflow:Creating bottleneck at tf_files/bottlenecks/Normal/mdb055.bmp_inception_v3.txt
I0204 23:29:16.702155 140417363757952 retrain.py:361] Creating bottleneck at tf_files/bottlenecks/Normal/mdb055.bmp_inception_v3.txt
INFO:tensorflow:Creating bottleneck at tf_files/bottlenecks/Normal/mdb035.bmp_inception_v3.txt
I0204 23:29:16.880019 140417363757952 retrain.py:361] Creating bottleneck at tf_files/bottlenecks/Normal/mdb035.bmp_inception_v3.txt
INFO:tensorflow:Creating bottleneck at tf_files/bottlenecks/Normal/mdb056.bmp_inception_v3.txt
I0204 23:29:17.062435 140417363757952 retrain.py:361] Creating bottleneck at tf_files/bottlenecks/Normal/mdb056.bmp_inception_v3.txt
INFO:tensorflow:Creating bottleneck at tf_files/bottlenecks/Normal/mdb137.bmp_inception_v3.txt
I0204 23:29:17.242276 140417363757952 retrain.py:361] Creating bottleneck at tf_files/bottlenecks/Normal/mdb137.bmp_inception_v3.txt
INFO:tensorflow:Creating bottleneck at tf_files/bottlenecks/Normal/mdb254.bmp_inception_v3.txt
I0204 23:29:17.420912 140417363757952 retrain.py:361] Creating bottleneck at tf_files/bottlenecks/Normal/mdb254.bmp_inception_v3.txt
INFO:tensorflow:Creating bottleneck at tf_files/bottlenecks/Normal/mdb089.bmp_inception_v3.txt
I0204 23:29:17.601014 140417363757952 retrain.py:361] Creating bottleneck at tf_files/bottlenecks/Normal/mdb089.bmp_inception_v3.txt
INFO:tensorflow:Creating bottleneck at tf_files/bottlenecks/Normal/mdb090.bmp_inception_v3.txt
I0204 23:29:17.786457 140417363757952 retrain.py:361] Creating bottleneck at tf_files/bottlenecks/Normal/mdb090.bmp_inception_v3.txt
INFO:tensorflow:Creating bottleneck at tf_files/bottlenecks/Normal/mdb092.bmp_inception_v3.txt
I0204 23:29:17.968189 140417363757952 retrain.py:361] Creating bottleneck at tf_files/bottlenecks/Normal/mdb092.bmp_inception_v3.txt
INFO:tensorflow:Creating bottleneck at tf_files/bottlenecks/Normal/mdb094.bmp_inception_v3.txt
I0204 23:29:18.146485 140417363757952 retrain.py:361] Creating bottleneck at tf_files/bottlenecks/Normal/mdb094.bmp_inception_v3.txt
INFO:tensorflow:Creating bottleneck at tf_files/bottlenecks/Normal/mdb095.bmp_inception_v3.txt
I0204 23:29:18.322705 140417363757952 retrain.py:361] Creating bottleneck at tf_files/bottlenecks/Normal/mdb095.bmp_inception_v3.txt
INFO:tensorflow:Creating bottleneck at tf_files/bottlenecks/Normal/mdb097.bmp_inception_v3.txt
I0204 23:29:18.500346 140417363757952 retrain.py:361] Creating bottleneck at tf_files/bottlenecks/Normal/mdb097.bmp_inception_v3.txt
INFO:tensorflow:Creating bottleneck at tf_files/bottlenecks/Normal/mdb098.bmp_inception_v3.txt
I0204 23:29:18.681274 140417363757952 retrain.py:361] Creating bottleneck at tf_files/bottlenecks/Normal/mdb098.bmp_inception_v3.txt
INFO:tensorflow:Creating bottleneck at tf_files/bottlenecks/Normal/mdb100.bmp_inception_v3.txt
I0204 23:29:18.858495 140417363757952 retrain.py:361] Creating bottleneck at tf_files/bottlenecks/Normal/mdb100.bmp_inception_v3.txt
INFO:tensorflow:Creating bottleneck at tf_files/bottlenecks/Normal/mdb101.bmp_inception_v3.txt
I0204 23:29:19.037744 140417363757952 retrain.py:361] Creating bottleneck at tf_files/bottlenecks/Normal/mdb101.bmp_inception_v3.txt
INFO:tensorflow:Creating bottleneck at tf_files/bottlenecks/Normal/mdb102.bmp_inception_v3.txt
I0204 23:29:19.229300 140417363757952 retrain.py:361] Creating bottleneck at tf_files/bottlenecks/Normal/mdb102.bmp_inception_v3.txt
INFO:tensorflow:Creating bottleneck at tf_files/bottlenecks/Normal/mdb103.bmp_inception_v3.txt
I0204 23:29:19.405931 140417363757952 retrain.py:361] Creating bottleneck at tf_files/bottlenecks/Normal/mdb103.bmp_inception_v3.txt
INFO:tensorflow:Creating bottleneck at tf_files/bottlenecks/Normal/mdb104.bmp_inception_v3.txt
I0204 23:29:19.582564 140417363757952 retrain.py:361] Creating bottleneck at tf_files/bottlenecks/Normal/mdb104.bmp_inception_v3.txt
INFO:tensorflow:Creating bottleneck at tf_files/bottlenecks/Normal/mdb106.bmp_inception_v3.txt
I0204 23:29:19.761718 140417363757952 retrain.py:361] Creating bottleneck at tf_files/bottlenecks/Normal/mdb106.bmp_inception_v3.txt
INFO:tensorflow:Creating bottleneck at tf_files/bottlenecks/Normal/mdb107.bmp_inception_v3.txt
I0204 23:29:19.947241 140417363757952 retrain.py:361] Creating bottleneck at tf_files/bottlenecks/Normal/mdb107.bmp_inception_v3.txt
INFO:tensorflow:Creating bottleneck at tf_files/bottlenecks/Normal/mdb109.bmp_inception_v3.txt
I0204 23:29:20.129836 140417363757952 retrain.py:361] Creating bottleneck at tf_files/bottlenecks/Normal/mdb109.bmp_inception_v3.txt
INFO:tensorflow:Creating bottleneck at tf_files/bottlenecks/Normal/mdb110.bmp_inception_v3.txt
I0204 23:29:20.308666 140417363757952 retrain.py:361] Creating bottleneck at tf_files/bottlenecks/Normal/mdb110.bmp_inception_v3.txt
INFO:tensorflow:Creating bottleneck at tf_files/bottlenecks/Normal/mdb111.bmp_inception_v3.txt
I0204 23:29:20.492465 140417363757952 retrain.py:361] Creating bottleneck at tf_files/bottlenecks/Normal/mdb111.bmp_inception_v3.txt
INFO:tensorflow:200 bottleneck files created.
I0204 23:29:20.680596 140417363757952 retrain.py:481] 200 bottleneck files created.
INFO:tensorflow:Creating bottleneck at tf_files/bottlenecks/Normal/mdb113.bmp_inception_v3.txt
I0204 23:29:20.680910 140417363757952 retrain.py:361] Creating bottleneck at tf_files/bottlenecks/Normal/mdb113.bmp_inception_v3.txt
INFO:tensorflow:Creating bottleneck at tf_files/bottlenecks/Normal/mdb114.bmp_inception_v3.txt
I0204 23:29:20.857710 140417363757952 retrain.py:361] Creating bottleneck at tf_files/bottlenecks/Normal/mdb114.bmp_inception_v3.txt
INFO:tensorflow:Creating bottleneck at tf_files/bottlenecks/Normal/mdb116.bmp_inception_v3.txt
I0204 23:29:21.035560 140417363757952 retrain.py:361] Creating bottleneck at tf_files/bottlenecks/Normal/mdb116.bmp_inception_v3.txt
INFO:tensorflow:Creating bottleneck at tf_files/bottlenecks/Normal/mdb118.bmp_inception_v3.txt
I0204 23:29:21.230038 140417363757952 retrain.py:361] Creating bottleneck at tf_files/bottlenecks/Normal/mdb118.bmp_inception_v3.txt
INFO:tensorflow:Creating bottleneck at tf_files/bottlenecks/Normal/mdb119.bmp_inception_v3.txt
I0204 23:29:21.407083 140417363757952 retrain.py:361] Creating bottleneck at tf_files/bottlenecks/Normal/mdb119.bmp_inception_v3.txt
INFO:tensorflow:Creating bottleneck at tf_files/bottlenecks/Normal/mdb123.bmp_inception_v3.txt
I0204 23:29:21.613720 140417363757952 retrain.py:361] Creating bottleneck at tf_files/bottlenecks/Normal/mdb123.bmp_inception_v3.txt
INFO:tensorflow:Creating bottleneck at tf_files/bottlenecks/Normal/mdb128.bmp_inception_v3.txt
I0204 23:29:21.793041 140417363757952 retrain.py:361] Creating bottleneck at tf_files/bottlenecks/Normal/mdb128.bmp_inception_v3.txt
INFO:tensorflow:Creating bottleneck at tf_files/bottlenecks/Normal/mdb129.bmp_inception_v3.txt
I0204 23:29:21.974175 140417363757952 retrain.py:361] Creating bottleneck at tf_files/bottlenecks/Normal/mdb129.bmp_inception_v3.txt
INFO:tensorflow:Creating bottleneck at tf_files/bottlenecks/Normal/mdb133.bmp_inception_v3.txt
I0204 23:29:22.152801 140417363757952 retrain.py:361] Creating bottleneck at tf_files/bottlenecks/Normal/mdb133.bmp_inception_v3.txt
INFO:tensorflow:Creating bottleneck at tf_files/bottlenecks/Normal/mdb135.bmp_inception_v3.txt
I0204 23:29:22.333403 140417363757952 retrain.py:361] Creating bottleneck at tf_files/bottlenecks/Normal/mdb135.bmp_inception_v3.txt
INFO:tensorflow:Creating bottleneck at tf_files/bottlenecks/Normal/mdb174.bmp_inception_v3.txt
I0204 23:29:22.512534 140417363757952 retrain.py:361] Creating bottleneck at tf_files/bottlenecks/Normal/mdb174.bmp_inception_v3.txt
INFO:tensorflow:Creating bottleneck at tf_files/bottlenecks/Normal/mdb176.bmp_inception_v3.txt
I0204 23:29:22.693282 140417363757952 retrain.py:361] Creating bottleneck at tf_files/bottlenecks/Normal/mdb176.bmp_inception_v3.txt
INFO:tensorflow:Creating bottleneck at tf_files/bottlenecks/Normal/mdb177.bmp_inception_v3.txt
I0204 23:29:22.873310 140417363757952 retrain.py:361] Creating bottleneck at tf_files/bottlenecks/Normal/mdb177.bmp_inception_v3.txt
INFO:tensorflow:Creating bottleneck at tf_files/bottlenecks/Normal/mdb180.bmp_inception_v3.txt
I0204 23:29:23.053445 140417363757952 retrain.py:361] Creating bottleneck at tf_files/bottlenecks/Normal/mdb180.bmp_inception_v3.txt
INFO:tensorflow:Creating bottleneck at tf_files/bottlenecks/Normal/mdb182.bmp_inception_v3.txt
I0204 23:29:23.232948 140417363757952 retrain.py:361] Creating bottleneck at tf_files/bottlenecks/Normal/mdb182.bmp_inception_v3.txt
INFO:tensorflow:Creating bottleneck at tf_files/bottlenecks/Normal/mdb185.bmp_inception_v3.txt
I0204 23:29:23.411716 140417363757952 retrain.py:361] Creating bottleneck at tf_files/bottlenecks/Normal/mdb185.bmp_inception_v3.txt
INFO:tensorflow:Creating bottleneck at tf_files/bottlenecks/Normal/mdb189.bmp_inception_v3.txt
I0204 23:29:23.605240 140417363757952 retrain.py:361] Creating bottleneck at tf_files/bottlenecks/Normal/mdb189.bmp_inception_v3.txt
INFO:tensorflow:Creating bottleneck at tf_files/bottlenecks/Normal/mdb192.bmp_inception_v3.txt
I0204 23:29:23.786216 140417363757952 retrain.py:361] Creating bottleneck at tf_files/bottlenecks/Normal/mdb192.bmp_inception_v3.txt
INFO:tensorflow:Creating bottleneck at tf_files/bottlenecks/Normal/mdb194.bmp_inception_v3.txt
I0204 23:29:23.965803 140417363757952 retrain.py:361] Creating bottleneck at tf_files/bottlenecks/Normal/mdb194.bmp_inception_v3.txt
INFO:tensorflow:Creating bottleneck at tf_files/bottlenecks/Normal/mdb196.bmp_inception_v3.txt
I0204 23:29:24.147334 140417363757952 retrain.py:361] Creating bottleneck at tf_files/bottlenecks/Normal/mdb196.bmp_inception_v3.txt
INFO:tensorflow:Creating bottleneck at tf_files/bottlenecks/Normal/mdb197.bmp_inception_v3.txt
I0204 23:29:24.327512 140417363757952 retrain.py:361] Creating bottleneck at tf_files/bottlenecks/Normal/mdb197.bmp_inception_v3.txt
INFO:tensorflow:Creating bottleneck at tf_files/bottlenecks/Normal/mdb200.bmp_inception_v3.txt
I0204 23:29:24.506084 140417363757952 retrain.py:361] Creating bottleneck at tf_files/bottlenecks/Normal/mdb200.bmp_inception_v3.txt
INFO:tensorflow:Creating bottleneck at tf_files/bottlenecks/Normal/mdb203.bmp_inception_v3.txt
I0204 23:29:24.684351 140417363757952 retrain.py:361] Creating bottleneck at tf_files/bottlenecks/Normal/mdb203.bmp_inception_v3.txt
INFO:tensorflow:Creating bottleneck at tf_files/bottlenecks/Normal/mdb205.bmp_inception_v3.txt
I0204 23:29:24.863294 140417363757952 retrain.py:361] Creating bottleneck at tf_files/bottlenecks/Normal/mdb205.bmp_inception_v3.txt
INFO:tensorflow:Creating bottleneck at tf_files/bottlenecks/Normal/mdb208.bmp_inception_v3.txt
I0204 23:29:25.043495 140417363757952 retrain.py:361] Creating bottleneck at tf_files/bottlenecks/Normal/mdb208.bmp_inception_v3.txt
INFO:tensorflow:Creating bottleneck at tf_files/bottlenecks/Normal/mdb210.bmp_inception_v3.txt
I0204 23:29:25.221829 140417363757952 retrain.py:361] Creating bottleneck at tf_files/bottlenecks/Normal/mdb210.bmp_inception_v3.txt
INFO:tensorflow:Creating bottleneck at tf_files/bottlenecks/Normal/mdb215.bmp_inception_v3.txt
I0204 23:29:25.432342 140417363757952 retrain.py:361] Creating bottleneck at tf_files/bottlenecks/Normal/mdb215.bmp_inception_v3.txt
INFO:tensorflow:Creating bottleneck at tf_files/bottlenecks/Normal/mdb217.bmp_inception_v3.txt
I0204 23:29:25.624007 140417363757952 retrain.py:361] Creating bottleneck at tf_files/bottlenecks/Normal/mdb217.bmp_inception_v3.txt
INFO:tensorflow:Creating bottleneck at tf_files/bottlenecks/Normal/mdb220.bmp_inception_v3.txt
I0204 23:29:25.805171 140417363757952 retrain.py:361] Creating bottleneck at tf_files/bottlenecks/Normal/mdb220.bmp_inception_v3.txt
INFO:tensorflow:Creating bottleneck at tf_files/bottlenecks/Normal/mdb221.bmp_inception_v3.txt
I0204 23:29:25.985014 140417363757952 retrain.py:361] Creating bottleneck at tf_files/bottlenecks/Normal/mdb221.bmp_inception_v3.txt
INFO:tensorflow:Creating bottleneck at tf_files/bottlenecks/Normal/mdb224.bmp_inception_v3.txt
I0204 23:29:26.164603 140417363757952 retrain.py:361] Creating bottleneck at tf_files/bottlenecks/Normal/mdb224.bmp_inception_v3.txt
INFO:tensorflow:Creating bottleneck at tf_files/bottlenecks/Normal/mdb228.bmp_inception_v3.txt
I0204 23:29:26.341865 140417363757952 retrain.py:361] Creating bottleneck at tf_files/bottlenecks/Normal/mdb228.bmp_inception_v3.txt
INFO:tensorflow:Creating bottleneck at tf_files/bottlenecks/Normal/mdb229.bmp_inception_v3.txt
I0204 23:29:26.519193 140417363757952 retrain.py:361] Creating bottleneck at tf_files/bottlenecks/Normal/mdb229.bmp_inception_v3.txt
INFO:tensorflow:Creating bottleneck at tf_files/bottlenecks/Normal/mdb230.bmp_inception_v3.txt
I0204 23:29:26.697040 140417363757952 retrain.py:361] Creating bottleneck at tf_files/bottlenecks/Normal/mdb230.bmp_inception_v3.txt
INFO:tensorflow:Creating bottleneck at tf_files/bottlenecks/Normal/mdb232.bmp_inception_v3.txt
I0204 23:29:26.876342 140417363757952 retrain.py:361] Creating bottleneck at tf_files/bottlenecks/Normal/mdb232.bmp_inception_v3.txt
INFO:tensorflow:Creating bottleneck at tf_files/bottlenecks/Normal/mdb234.bmp_inception_v3.txt
I0204 23:29:27.059141 140417363757952 retrain.py:361] Creating bottleneck at tf_files/bottlenecks/Normal/mdb234.bmp_inception_v3.txt
INFO:tensorflow:Creating bottleneck at tf_files/bottlenecks/Normal/mdb235.bmp_inception_v3.txt
I0204 23:29:27.239694 140417363757952 retrain.py:361] Creating bottleneck at tf_files/bottlenecks/Normal/mdb235.bmp_inception_v3.txt
INFO:tensorflow:Creating bottleneck at tf_files/bottlenecks/Normal/mdb237.bmp_inception_v3.txt
I0204 23:29:27.417393 140417363757952 retrain.py:361] Creating bottleneck at tf_files/bottlenecks/Normal/mdb237.bmp_inception_v3.txt
INFO:tensorflow:Creating bottleneck at tf_files/bottlenecks/Normal/mdb242.bmp_inception_v3.txt
I0204 23:29:27.595468 140417363757952 retrain.py:361] Creating bottleneck at tf_files/bottlenecks/Normal/mdb242.bmp_inception_v3.txt
INFO:tensorflow:Creating bottleneck at tf_files/bottlenecks/Normal/mdb243.bmp_inception_v3.txt
I0204 23:29:27.772214 140417363757952 retrain.py:361] Creating bottleneck at tf_files/bottlenecks/Normal/mdb243.bmp_inception_v3.txt
INFO:tensorflow:Creating bottleneck at tf_files/bottlenecks/Normal/mdb250.bmp_inception_v3.txt
I0204 23:29:27.954274 140417363757952 retrain.py:361] Creating bottleneck at tf_files/bottlenecks/Normal/mdb250.bmp_inception_v3.txt
INFO:tensorflow:Creating bottleneck at tf_files/bottlenecks/Normal/mdb251.bmp_inception_v3.txt
I0204 23:29:28.135493 140417363757952 retrain.py:361] Creating bottleneck at tf_files/bottlenecks/Normal/mdb251.bmp_inception_v3.txt
INFO:tensorflow:Creating bottleneck at tf_files/bottlenecks/Normal/mdb287.bmp_inception_v3.txt
I0204 23:29:28.350137 140417363757952 retrain.py:361] Creating bottleneck at tf_files/bottlenecks/Normal/mdb287.bmp_inception_v3.txt
INFO:tensorflow:Creating bottleneck at tf_files/bottlenecks/Normal/mdb288.bmp_inception_v3.txt
I0204 23:29:28.533521 140417363757952 retrain.py:361] Creating bottleneck at tf_files/bottlenecks/Normal/mdb288.bmp_inception_v3.txt
INFO:tensorflow:Creating bottleneck at tf_files/bottlenecks/Normal/mdb289.bmp_inception_v3.txt
I0204 23:29:28.711744 140417363757952 retrain.py:361] Creating bottleneck at tf_files/bottlenecks/Normal/mdb289.bmp_inception_v3.txt
INFO:tensorflow:Creating bottleneck at tf_files/bottlenecks/Normal/mdb291.bmp_inception_v3.txt
I0204 23:29:28.886916 140417363757952 retrain.py:361] Creating bottleneck at tf_files/bottlenecks/Normal/mdb291.bmp_inception_v3.txt
INFO:tensorflow:Creating bottleneck at tf_files/bottlenecks/Normal/mdb292.bmp_inception_v3.txt
I0204 23:29:29.070466 140417363757952 retrain.py:361] Creating bottleneck at tf_files/bottlenecks/Normal/mdb292.bmp_inception_v3.txt
INFO:tensorflow:Creating bottleneck at tf_files/bottlenecks/Normal/mdb294.bmp_inception_v3.txt
I0204 23:29:29.253413 140417363757952 retrain.py:361] Creating bottleneck at tf_files/bottlenecks/Normal/mdb294.bmp_inception_v3.txt
INFO:tensorflow:Creating bottleneck at tf_files/bottlenecks/Normal/mdb295.bmp_inception_v3.txt
I0204 23:29:29.428492 140417363757952 retrain.py:361] Creating bottleneck at tf_files/bottlenecks/Normal/mdb295.bmp_inception_v3.txt
INFO:tensorflow:Creating bottleneck at tf_files/bottlenecks/Normal/mdb296.bmp_inception_v3.txt
I0204 23:29:29.611251 140417363757952 retrain.py:361] Creating bottleneck at tf_files/bottlenecks/Normal/mdb296.bmp_inception_v3.txt
INFO:tensorflow:Creating bottleneck at tf_files/bottlenecks/Normal/mdb297.bmp_inception_v3.txt
I0204 23:29:29.788937 140417363757952 retrain.py:361] Creating bottleneck at tf_files/bottlenecks/Normal/mdb297.bmp_inception_v3.txt
INFO:tensorflow:Creating bottleneck at tf_files/bottlenecks/Normal/mdb298.bmp_inception_v3.txt
I0204 23:29:29.972770 140417363757952 retrain.py:361] Creating bottleneck at tf_files/bottlenecks/Normal/mdb298.bmp_inception_v3.txt
INFO:tensorflow:Creating bottleneck at tf_files/bottlenecks/Normal/mdb300.bmp_inception_v3.txt
I0204 23:29:30.157060 140417363757952 retrain.py:361] Creating bottleneck at tf_files/bottlenecks/Normal/mdb300.bmp_inception_v3.txt
INFO:tensorflow:Creating bottleneck at tf_files/bottlenecks/Normal/mdb301.bmp_inception_v3.txt
I0204 23:29:30.337317 140417363757952 retrain.py:361] Creating bottleneck at tf_files/bottlenecks/Normal/mdb301.bmp_inception_v3.txt
INFO:tensorflow:Creating bottleneck at tf_files/bottlenecks/Normal/mdb302.bmp_inception_v3.txt
I0204 23:29:30.522192 140417363757952 retrain.py:361] Creating bottleneck at tf_files/bottlenecks/Normal/mdb302.bmp_inception_v3.txt
INFO:tensorflow:Creating bottleneck at tf_files/bottlenecks/Normal/mdb303.bmp_inception_v3.txt
I0204 23:29:30.704203 140417363757952 retrain.py:361] Creating bottleneck at tf_files/bottlenecks/Normal/mdb303.bmp_inception_v3.txt
INFO:tensorflow:Creating bottleneck at tf_files/bottlenecks/Normal/mdb305.bmp_inception_v3.txt
I0204 23:29:30.881302 140417363757952 retrain.py:361] Creating bottleneck at tf_files/bottlenecks/Normal/mdb305.bmp_inception_v3.txt
INFO:tensorflow:Creating bottleneck at tf_files/bottlenecks/Normal/mdb306.bmp_inception_v3.txt
I0204 23:29:31.064732 140417363757952 retrain.py:361] Creating bottleneck at tf_files/bottlenecks/Normal/mdb306.bmp_inception_v3.txt
INFO:tensorflow:Creating bottleneck at tf_files/bottlenecks/Normal/mdb307.bmp_inception_v3.txt
I0204 23:29:31.244986 140417363757952 retrain.py:361] Creating bottleneck at tf_files/bottlenecks/Normal/mdb307.bmp_inception_v3.txt
INFO:tensorflow:Creating bottleneck at tf_files/bottlenecks/Normal/mdb308.bmp_inception_v3.txt
I0204 23:29:31.427790 140417363757952 retrain.py:361] Creating bottleneck at tf_files/bottlenecks/Normal/mdb308.bmp_inception_v3.txt
INFO:tensorflow:Creating bottleneck at tf_files/bottlenecks/Normal/mdb310.bmp_inception_v3.txt
I0204 23:29:31.610127 140417363757952 retrain.py:361] Creating bottleneck at tf_files/bottlenecks/Normal/mdb310.bmp_inception_v3.txt
INFO:tensorflow:Creating bottleneck at tf_files/bottlenecks/Normal/mdb311.bmp_inception_v3.txt
I0204 23:29:31.812595 140417363757952 retrain.py:361] Creating bottleneck at tf_files/bottlenecks/Normal/mdb311.bmp_inception_v3.txt
INFO:tensorflow:Creating bottleneck at tf_files/bottlenecks/Normal/mdb313.bmp_inception_v3.txt
I0204 23:29:31.992437 140417363757952 retrain.py:361] Creating bottleneck at tf_files/bottlenecks/Normal/mdb313.bmp_inception_v3.txt
INFO:tensorflow:Creating bottleneck at tf_files/bottlenecks/Normal/mdb316.bmp_inception_v3.txt
I0204 23:29:32.176127 140417363757952 retrain.py:361] Creating bottleneck at tf_files/bottlenecks/Normal/mdb316.bmp_inception_v3.txt
INFO:tensorflow:Creating bottleneck at tf_files/bottlenecks/Normal/mdb317.bmp_inception_v3.txt
I0204 23:29:32.356925 140417363757952 retrain.py:361] Creating bottleneck at tf_files/bottlenecks/Normal/mdb317.bmp_inception_v3.txt
INFO:tensorflow:Creating bottleneck at tf_files/bottlenecks/Normal/mdb318.bmp_inception_v3.txt
I0204 23:29:32.536407 140417363757952 retrain.py:361] Creating bottleneck at tf_files/bottlenecks/Normal/mdb318.bmp_inception_v3.txt
INFO:tensorflow:Creating bottleneck at tf_files/bottlenecks/Normal/mdb319.bmp_inception_v3.txt
I0204 23:29:32.728739 140417363757952 retrain.py:361] Creating bottleneck at tf_files/bottlenecks/Normal/mdb319.bmp_inception_v3.txt
INFO:tensorflow:Creating bottleneck at tf_files/bottlenecks/Normal/mdb321.bmp_inception_v3.txt
I0204 23:29:32.909653 140417363757952 retrain.py:361] Creating bottleneck at tf_files/bottlenecks/Normal/mdb321.bmp_inception_v3.txt
INFO:tensorflow:Creating bottleneck at tf_files/bottlenecks/Normal/mdb322.bmp_inception_v3.txt
I0204 23:29:33.092416 140417363757952 retrain.py:361] Creating bottleneck at tf_files/bottlenecks/Normal/mdb322.bmp_inception_v3.txt
INFO:tensorflow:Creating bottleneck at tf_files/bottlenecks/Normal/mdb004.bmp_inception_v3.txt
I0204 23:29:33.274170 140417363757952 retrain.py:361] Creating bottleneck at tf_files/bottlenecks/Normal/mdb004.bmp_inception_v3.txt
INFO:tensorflow:Creating bottleneck at tf_files/bottlenecks/Normal/mdb006.bmp_inception_v3.txt
I0204 23:29:33.451819 140417363757952 retrain.py:361] Creating bottleneck at tf_files/bottlenecks/Normal/mdb006.bmp_inception_v3.txt
INFO:tensorflow:Creating bottleneck at tf_files/bottlenecks/Normal/mdb157.bmp_inception_v3.txt
I0204 23:29:33.633898 140417363757952 retrain.py:361] Creating bottleneck at tf_files/bottlenecks/Normal/mdb157.bmp_inception_v3.txt
INFO:tensorflow:Creating bottleneck at tf_files/bottlenecks/Normal/mdb065.bmp_inception_v3.txt
I0204 23:29:33.847398 140417363757952 retrain.py:361] Creating bottleneck at tf_files/bottlenecks/Normal/mdb065.bmp_inception_v3.txt
INFO:tensorflow:Creating bottleneck at tf_files/bottlenecks/Normal/mdb073.bmp_inception_v3.txt
I0204 23:29:34.025516 140417363757952 retrain.py:361] Creating bottleneck at tf_files/bottlenecks/Normal/mdb073.bmp_inception_v3.txt
INFO:tensorflow:Creating bottleneck at tf_files/bottlenecks/Normal/mdb261.bmp_inception_v3.txt
I0204 23:29:34.205432 140417363757952 retrain.py:361] Creating bottleneck at tf_files/bottlenecks/Normal/mdb261.bmp_inception_v3.txt
INFO:tensorflow:Creating bottleneck at tf_files/bottlenecks/Normal/mdb280.bmp_inception_v3.txt
I0204 23:29:34.382459 140417363757952 retrain.py:361] Creating bottleneck at tf_files/bottlenecks/Normal/mdb280.bmp_inception_v3.txt
INFO:tensorflow:Creating bottleneck at tf_files/bottlenecks/Normal/mdb281.bmp_inception_v3.txt
I0204 23:29:34.565897 140417363757952 retrain.py:361] Creating bottleneck at tf_files/bottlenecks/Normal/mdb281.bmp_inception_v3.txt
INFO:tensorflow:Creating bottleneck at tf_files/bottlenecks/Normal/mdb048.bmp_inception_v3.txt
I0204 23:29:34.744666 140417363757952 retrain.py:361] Creating bottleneck at tf_files/bottlenecks/Normal/mdb048.bmp_inception_v3.txt
INFO:tensorflow:Creating bottleneck at tf_files/bottlenecks/Normal/mdb049.bmp_inception_v3.txt
I0204 23:29:34.922042 140417363757952 retrain.py:361] Creating bottleneck at tf_files/bottlenecks/Normal/mdb049.bmp_inception_v3.txt
INFO:tensorflow:Creating bottleneck at tf_files/bottlenecks/Normal/mdb088.bmp_inception_v3.txt
I0204 23:29:35.107657 140417363757952 retrain.py:361] Creating bottleneck at tf_files/bottlenecks/Normal/mdb088.bmp_inception_v3.txt
INFO:tensorflow:Creating bottleneck at tf_files/bottlenecks/Normal/mdb173.bmp_inception_v3.txt
I0204 23:29:35.287984 140417363757952 retrain.py:361] Creating bottleneck at tf_files/bottlenecks/Normal/mdb173.bmp_inception_v3.txt
INFO:tensorflow:Creating bottleneck at tf_files/bottlenecks/Normal/mdb285.bmp_inception_v3.txt
I0204 23:29:35.461597 140417363757952 retrain.py:361] Creating bottleneck at tf_files/bottlenecks/Normal/mdb285.bmp_inception_v3.txt
INFO:tensorflow:Creating bottleneck at tf_files/bottlenecks/Normal/mdb112.bmp_inception_v3.txt
I0204 23:29:35.640990 140417363757952 retrain.py:361] Creating bottleneck at tf_files/bottlenecks/Normal/mdb112.bmp_inception_v3.txt
INFO:tensorflow:Creating bottleneck at tf_files/bottlenecks/Normal/mdb131.bmp_inception_v3.txt
I0204 23:29:35.837213 140417363757952 retrain.py:361] Creating bottleneck at tf_files/bottlenecks/Normal/mdb131.bmp_inception_v3.txt
INFO:tensorflow:Creating bottleneck at tf_files/bottlenecks/Normal/mdb201.bmp_inception_v3.txt
I0204 23:29:36.016875 140417363757952 retrain.py:361] Creating bottleneck at tf_files/bottlenecks/Normal/mdb201.bmp_inception_v3.txt
INFO:tensorflow:Creating bottleneck at tf_files/bottlenecks/Normal/mdb246.bmp_inception_v3.txt
I0204 23:29:36.201544 140417363757952 retrain.py:361] Creating bottleneck at tf_files/bottlenecks/Normal/mdb246.bmp_inception_v3.txt
INFO:tensorflow:Creating bottleneck at tf_files/bottlenecks/Normal/mdb286.bmp_inception_v3.txt
I0204 23:29:36.380609 140417363757952 retrain.py:361] Creating bottleneck at tf_files/bottlenecks/Normal/mdb286.bmp_inception_v3.txt
INFO:tensorflow:Creating bottleneck at tf_files/bottlenecks/Normal/mdb299.bmp_inception_v3.txt
I0204 23:29:36.573002 140417363757952 retrain.py:361] Creating bottleneck at tf_files/bottlenecks/Normal/mdb299.bmp_inception_v3.txt
INFO:tensorflow:Creating bottleneck at tf_files/bottlenecks/Normal/mdb304.bmp_inception_v3.txt
I0204 23:29:36.751885 140417363757952 retrain.py:361] Creating bottleneck at tf_files/bottlenecks/Normal/mdb304.bmp_inception_v3.txt
INFO:tensorflow:Creating bottleneck at tf_files/bottlenecks/Normal/mdb320.bmp_inception_v3.txt
I0204 23:29:36.931701 140417363757952 retrain.py:361] Creating bottleneck at tf_files/bottlenecks/Normal/mdb320.bmp_inception_v3.txt
INFO:tensorflow:Creating bottleneck at tf_files/bottlenecks/Normal/mdb003.bmp_inception_v3.txt
I0204 23:29:37.114187 140417363757952 retrain.py:361] Creating bottleneck at tf_files/bottlenecks/Normal/mdb003.bmp_inception_v3.txt
INFO:tensorflow:Creating bottleneck at tf_files/bottlenecks/Normal/mdb009.bmp_inception_v3.txt
I0204 23:29:37.291606 140417363757952 retrain.py:361] Creating bottleneck at tf_files/bottlenecks/Normal/mdb009.bmp_inception_v3.txt
INFO:tensorflow:Creating bottleneck at tf_files/bottlenecks/Normal/mdb026.bmp_inception_v3.txt
I0204 23:29:37.469143 140417363757952 retrain.py:361] Creating bottleneck at tf_files/bottlenecks/Normal/mdb026.bmp_inception_v3.txt
INFO:tensorflow:Creating bottleneck at tf_files/bottlenecks/Normal/mdb149.bmp_inception_v3.txt
I0204 23:29:37.652787 140417363757952 retrain.py:361] Creating bottleneck at tf_files/bottlenecks/Normal/mdb149.bmp_inception_v3.txt
INFO:tensorflow:Creating bottleneck at tf_files/bottlenecks/Normal/mdb159.bmp_inception_v3.txt
I0204 23:29:37.833008 140417363757952 retrain.py:361] Creating bottleneck at tf_files/bottlenecks/Normal/mdb159.bmp_inception_v3.txt
INFO:tensorflow:Creating bottleneck at tf_files/bottlenecks/Normal/mdb161.bmp_inception_v3.txt
I0204 23:29:38.014102 140417363757952 retrain.py:361] Creating bottleneck at tf_files/bottlenecks/Normal/mdb161.bmp_inception_v3.txt
INFO:tensorflow:Creating bottleneck at tf_files/bottlenecks/Normal/mdb164.bmp_inception_v3.txt
I0204 23:29:38.193647 140417363757952 retrain.py:361] Creating bottleneck at tf_files/bottlenecks/Normal/mdb164.bmp_inception_v3.txt
INFO:tensorflow:Creating bottleneck at tf_files/bottlenecks/Normal/mdb061.bmp_inception_v3.txt
I0204 23:29:38.373548 140417363757952 retrain.py:361] Creating bottleneck at tf_files/bottlenecks/Normal/mdb061.bmp_inception_v3.txt
INFO:tensorflow:Creating bottleneck at tf_files/bottlenecks/Normal/mdb066.bmp_inception_v3.txt
I0204 23:29:38.551177 140417363757952 retrain.py:361] Creating bottleneck at tf_files/bottlenecks/Normal/mdb066.bmp_inception_v3.txt
INFO:tensorflow:Creating bottleneck at tf_files/bottlenecks/Normal/mdb068.bmp_inception_v3.txt
I0204 23:29:38.729303 140417363757952 retrain.py:361] Creating bottleneck at tf_files/bottlenecks/Normal/mdb068.bmp_inception_v3.txt
INFO:tensorflow:300 bottleneck files created.
I0204 23:29:38.910061 140417363757952 retrain.py:481] 300 bottleneck files created.
INFO:tensorflow:Creating bottleneck at tf_files/bottlenecks/Normal/mdb070.bmp_inception_v3.txt
I0204 23:29:38.910381 140417363757952 retrain.py:361] Creating bottleneck at tf_files/bottlenecks/Normal/mdb070.bmp_inception_v3.txt
INFO:tensorflow:Creating bottleneck at tf_files/bottlenecks/Normal/mdb071.bmp_inception_v3.txt
I0204 23:29:39.089143 140417363757952 retrain.py:361] Creating bottleneck at tf_files/bottlenecks/Normal/mdb071.bmp_inception_v3.txt
INFO:tensorflow:Creating bottleneck at tf_files/bottlenecks/Normal/mdb074.bmp_inception_v3.txt
I0204 23:29:39.266782 140417363757952 retrain.py:361] Creating bottleneck at tf_files/bottlenecks/Normal/mdb074.bmp_inception_v3.txt
INFO:tensorflow:Creating bottleneck at tf_files/bottlenecks/Normal/mdb259.bmp_inception_v3.txt
I0204 23:29:39.443756 140417363757952 retrain.py:361] Creating bottleneck at tf_files/bottlenecks/Normal/mdb259.bmp_inception_v3.txt
INFO:tensorflow:Creating bottleneck at tf_files/bottlenecks/Normal/mdb266.bmp_inception_v3.txt
I0204 23:29:39.624774 140417363757952 retrain.py:361] Creating bottleneck at tf_files/bottlenecks/Normal/mdb266.bmp_inception_v3.txt
INFO:tensorflow:Creating bottleneck at tf_files/bottlenecks/Normal/mdb282.bmp_inception_v3.txt
I0204 23:29:39.804296 140417363757952 retrain.py:361] Creating bottleneck at tf_files/bottlenecks/Normal/mdb282.bmp_inception_v3.txt
INFO:tensorflow:Creating bottleneck at tf_files/bottlenecks/Normal/mdb037.bmp_inception_v3.txt
I0204 23:29:39.983391 140417363757952 retrain.py:361] Creating bottleneck at tf_files/bottlenecks/Normal/mdb037.bmp_inception_v3.txt
INFO:tensorflow:Creating bottleneck at tf_files/bottlenecks/Normal/mdb046.bmp_inception_v3.txt
I0204 23:29:40.165773 140417363757952 retrain.py:361] Creating bottleneck at tf_files/bottlenecks/Normal/mdb046.bmp_inception_v3.txt
INFO:tensorflow:Creating bottleneck at tf_files/bottlenecks/Normal/mdb047.bmp_inception_v3.txt
I0204 23:29:40.343430 140417363757952 retrain.py:361] Creating bottleneck at tf_files/bottlenecks/Normal/mdb047.bmp_inception_v3.txt
INFO:tensorflow:Creating bottleneck at tf_files/bottlenecks/Normal/mdb093.bmp_inception_v3.txt
I0204 23:29:40.524936 140417363757952 retrain.py:361] Creating bottleneck at tf_files/bottlenecks/Normal/mdb093.bmp_inception_v3.txt
INFO:tensorflow:Creating bottleneck at tf_files/bottlenecks/Normal/mdb096.bmp_inception_v3.txt
I0204 23:29:40.706535 140417363757952 retrain.py:361] Creating bottleneck at tf_files/bottlenecks/Normal/mdb096.bmp_inception_v3.txt
INFO:tensorflow:Creating bottleneck at tf_files/bottlenecks/Normal/mdb099.bmp_inception_v3.txt
I0204 23:29:40.886859 140417363757952 retrain.py:361] Creating bottleneck at tf_files/bottlenecks/Normal/mdb099.bmp_inception_v3.txt
INFO:tensorflow:Creating bottleneck at tf_files/bottlenecks/Normal/mdb105.bmp_inception_v3.txt
I0204 23:29:41.075504 140417363757952 retrain.py:361] Creating bottleneck at tf_files/bottlenecks/Normal/mdb105.bmp_inception_v3.txt
INFO:tensorflow:Creating bottleneck at tf_files/bottlenecks/Normal/mdb108.bmp_inception_v3.txt
I0204 23:29:41.259701 140417363757952 retrain.py:361] Creating bottleneck at tf_files/bottlenecks/Normal/mdb108.bmp_inception_v3.txt
INFO:tensorflow:Creating bottleneck at tf_files/bottlenecks/Normal/mdb122.bmp_inception_v3.txt
I0204 23:29:41.441965 140417363757952 retrain.py:361] Creating bottleneck at tf_files/bottlenecks/Normal/mdb122.bmp_inception_v3.txt
INFO:tensorflow:Creating bottleneck at tf_files/bottlenecks/Normal/mdb136.bmp_inception_v3.txt
I0204 23:29:41.621972 140417363757952 retrain.py:361] Creating bottleneck at tf_files/bottlenecks/Normal/mdb136.bmp_inception_v3.txt
INFO:tensorflow:Creating bottleneck at tf_files/bottlenecks/Normal/mdb183.bmp_inception_v3.txt
I0204 23:29:41.800760 140417363757952 retrain.py:361] Creating bottleneck at tf_files/bottlenecks/Normal/mdb183.bmp_inception_v3.txt
INFO:tensorflow:Creating bottleneck at tf_files/bottlenecks/Normal/mdb187.bmp_inception_v3.txt
I0204 23:29:41.984669 140417363757952 retrain.py:361] Creating bottleneck at tf_files/bottlenecks/Normal/mdb187.bmp_inception_v3.txt
INFO:tensorflow:Creating bottleneck at tf_files/bottlenecks/Normal/mdb225.bmp_inception_v3.txt
I0204 23:29:42.167119 140417363757952 retrain.py:361] Creating bottleneck at tf_files/bottlenecks/Normal/mdb225.bmp_inception_v3.txt
INFO:tensorflow:Creating bottleneck at tf_files/bottlenecks/Normal/mdb247.bmp_inception_v3.txt
I0204 23:29:42.344333 140417363757952 retrain.py:361] Creating bottleneck at tf_files/bottlenecks/Normal/mdb247.bmp_inception_v3.txt
INFO:tensorflow:Creating bottleneck at tf_files/bottlenecks/Normal/mdb293.bmp_inception_v3.txt
I0204 23:29:42.523530 140417363757952 retrain.py:361] Creating bottleneck at tf_files/bottlenecks/Normal/mdb293.bmp_inception_v3.txt
INFO:tensorflow:Creating bottleneck at tf_files/bottlenecks/Normal/mdb309.bmp_inception_v3.txt
I0204 23:29:42.703962 140417363757952 retrain.py:361] Creating bottleneck at tf_files/bottlenecks/Normal/mdb309.bmp_inception_v3.txt
WARNING:tensorflow:From /media/dbusaba/SharedData/University/Research/Rust/image_affinity/tensorflow/scripts/retrain.py:758: The name tf.placeholder_with_default is deprecated. Please use tf.compat.v1.placeholder_with_default instead.

W0204 23:29:42.882920 140417363757952 deprecation_wrapper.py:119] From /media/dbusaba/SharedData/University/Research/Rust/image_affinity/tensorflow/scripts/retrain.py:758: The name tf.placeholder_with_default is deprecated. Please use tf.compat.v1.placeholder_with_default instead.

WARNING:tensorflow:From /media/dbusaba/SharedData/University/Research/Rust/image_affinity/tensorflow/scripts/retrain.py:772: The name tf.truncated_normal is deprecated. Please use tf.random.truncated_normal instead.

W0204 23:29:42.884702 140417363757952 deprecation_wrapper.py:119] From /media/dbusaba/SharedData/University/Research/Rust/image_affinity/tensorflow/scripts/retrain.py:772: The name tf.truncated_normal is deprecated. Please use tf.random.truncated_normal instead.

WARNING:tensorflow:From /media/dbusaba/SharedData/University/Research/Rust/image_affinity/tensorflow/scripts/retrain.py:726: The name tf.summary.scalar is deprecated. Please use tf.compat.v1.summary.scalar instead.

W0204 23:29:42.893220 140417363757952 deprecation_wrapper.py:119] From /media/dbusaba/SharedData/University/Research/Rust/image_affinity/tensorflow/scripts/retrain.py:726: The name tf.summary.scalar is deprecated. Please use tf.compat.v1.summary.scalar instead.

WARNING:tensorflow:From /media/dbusaba/SharedData/University/Research/Rust/image_affinity/tensorflow/scripts/retrain.py:732: The name tf.summary.histogram is deprecated. Please use tf.compat.v1.summary.histogram instead.

W0204 23:29:42.907339 140417363757952 deprecation_wrapper.py:119] From /media/dbusaba/SharedData/University/Research/Rust/image_affinity/tensorflow/scripts/retrain.py:732: The name tf.summary.histogram is deprecated. Please use tf.compat.v1.summary.histogram instead.

WARNING:tensorflow:From /media/dbusaba/SharedData/University/Research/Rust/image_affinity/tensorflow/scripts/retrain.py:790: softmax_cross_entropy_with_logits (from tensorflow.python.ops.nn_ops) is deprecated and will be removed in a future version.
Instructions for updating:

Future major versions of TensorFlow will allow gradients to flow
into the labels input on backprop by default.

See `tf.nn.softmax_cross_entropy_with_logits_v2`.

W0204 23:29:42.931651 140417363757952 deprecation.py:323] From /media/dbusaba/SharedData/University/Research/Rust/image_affinity/tensorflow/scripts/retrain.py:790: softmax_cross_entropy_with_logits (from tensorflow.python.ops.nn_ops) is deprecated and will be removed in a future version.
Instructions for updating:

Future major versions of TensorFlow will allow gradients to flow
into the labels input on backprop by default.

See `tf.nn.softmax_cross_entropy_with_logits_v2`.

WARNING:tensorflow:From /media/dbusaba/SharedData/University/Research/Rust/image_affinity/tensorflow/scripts/retrain.py:796: The name tf.train.GradientDescentOptimizer is deprecated. Please use tf.compat.v1.train.GradientDescentOptimizer instead.

W0204 23:29:42.953304 140417363757952 deprecation_wrapper.py:119] From /media/dbusaba/SharedData/University/Research/Rust/image_affinity/tensorflow/scripts/retrain.py:796: The name tf.train.GradientDescentOptimizer is deprecated. Please use tf.compat.v1.train.GradientDescentOptimizer instead.

WARNING:tensorflow:From /media/dbusaba/SharedData/University/Research/Rust/image_affinity/tensorflow/scripts/retrain.py:1038: The name tf.summary.merge_all is deprecated. Please use tf.compat.v1.summary.merge_all instead.

W0204 23:29:42.991480 140417363757952 deprecation_wrapper.py:119] From /media/dbusaba/SharedData/University/Research/Rust/image_affinity/tensorflow/scripts/retrain.py:1038: The name tf.summary.merge_all is deprecated. Please use tf.compat.v1.summary.merge_all instead.

WARNING:tensorflow:From /media/dbusaba/SharedData/University/Research/Rust/image_affinity/tensorflow/scripts/retrain.py:1039: The name tf.summary.FileWriter is deprecated. Please use tf.compat.v1.summary.FileWriter instead.

W0204 23:29:42.992641 140417363757952 deprecation_wrapper.py:119] From /media/dbusaba/SharedData/University/Research/Rust/image_affinity/tensorflow/scripts/retrain.py:1039: The name tf.summary.FileWriter is deprecated. Please use tf.compat.v1.summary.FileWriter instead.

INFO:tensorflow:2020-02-04 23:29:51.450252: Step 0: Train accuracy = 56.0%
I0204 23:29:51.450327 140417363757952 retrain.py:1082] 2020-02-04 23:29:51.450252: Step 0: Train accuracy = 56.0%
INFO:tensorflow:2020-02-04 23:29:51.450535: Step 0: Cross entropy = 0.683187
I0204 23:29:51.450555 140417363757952 retrain.py:1084] 2020-02-04 23:29:51.450535: Step 0: Cross entropy = 0.683187
INFO:tensorflow:2020-02-04 23:29:53.509488: Step 0: Validation accuracy = 55.0% (N=100)
I0204 23:29:53.509588 140417363757952 retrain.py:1100] 2020-02-04 23:29:53.509488: Step 0: Validation accuracy = 55.0% (N=100)
INFO:tensorflow:2020-02-04 23:29:54.274354: Step 10: Train accuracy = 60.0%
I0204 23:29:54.274420 140417363757952 retrain.py:1082] 2020-02-04 23:29:54.274354: Step 10: Train accuracy = 60.0%
INFO:tensorflow:2020-02-04 23:29:54.274592: Step 10: Cross entropy = 0.675515
I0204 23:29:54.274620 140417363757952 retrain.py:1084] 2020-02-04 23:29:54.274592: Step 10: Cross entropy = 0.675515
INFO:tensorflow:2020-02-04 23:29:54.347159: Step 10: Validation accuracy = 48.0% (N=100)
I0204 23:29:54.347247 140417363757952 retrain.py:1100] 2020-02-04 23:29:54.347159: Step 10: Validation accuracy = 48.0% (N=100)
INFO:tensorflow:2020-02-04 23:29:55.096247: Step 20: Train accuracy = 57.0%
I0204 23:29:55.096304 140417363757952 retrain.py:1082] 2020-02-04 23:29:55.096247: Step 20: Train accuracy = 57.0%
INFO:tensorflow:2020-02-04 23:29:55.096485: Step 20: Cross entropy = 0.667488
I0204 23:29:55.096503 140417363757952 retrain.py:1084] 2020-02-04 23:29:55.096485: Step 20: Cross entropy = 0.667488
INFO:tensorflow:2020-02-04 23:29:55.171762: Step 20: Validation accuracy = 54.0% (N=100)
I0204 23:29:55.171828 140417363757952 retrain.py:1100] 2020-02-04 23:29:55.171762: Step 20: Validation accuracy = 54.0% (N=100)
INFO:tensorflow:2020-02-04 23:29:55.914591: Step 30: Train accuracy = 55.0%
I0204 23:29:55.914659 140417363757952 retrain.py:1082] 2020-02-04 23:29:55.914591: Step 30: Train accuracy = 55.0%
INFO:tensorflow:2020-02-04 23:29:55.914841: Step 30: Cross entropy = 0.661421
I0204 23:29:55.914860 140417363757952 retrain.py:1084] 2020-02-04 23:29:55.914841: Step 30: Cross entropy = 0.661421
INFO:tensorflow:2020-02-04 23:29:55.987443: Step 30: Validation accuracy = 52.0% (N=100)
I0204 23:29:55.987509 140417363757952 retrain.py:1100] 2020-02-04 23:29:55.987443: Step 30: Validation accuracy = 52.0% (N=100)
INFO:tensorflow:2020-02-04 23:29:56.734564: Step 40: Train accuracy = 59.0%
I0204 23:29:56.734620 140417363757952 retrain.py:1082] 2020-02-04 23:29:56.734564: Step 40: Train accuracy = 59.0%
INFO:tensorflow:2020-02-04 23:29:56.734798: Step 40: Cross entropy = 0.655668
I0204 23:29:56.734818 140417363757952 retrain.py:1084] 2020-02-04 23:29:56.734798: Step 40: Cross entropy = 0.655668
INFO:tensorflow:2020-02-04 23:29:56.804235: Step 40: Validation accuracy = 50.0% (N=100)
I0204 23:29:56.804292 140417363757952 retrain.py:1100] 2020-02-04 23:29:56.804235: Step 40: Validation accuracy = 50.0% (N=100)
INFO:tensorflow:2020-02-04 23:29:57.542148: Step 50: Train accuracy = 69.0%
I0204 23:29:57.542261 140417363757952 retrain.py:1082] 2020-02-04 23:29:57.542148: Step 50: Train accuracy = 69.0%
INFO:tensorflow:2020-02-04 23:29:57.542460: Step 50: Cross entropy = 0.644662
I0204 23:29:57.542481 140417363757952 retrain.py:1084] 2020-02-04 23:29:57.542460: Step 50: Cross entropy = 0.644662
INFO:tensorflow:2020-02-04 23:29:57.612509: Step 50: Validation accuracy = 59.0% (N=100)
I0204 23:29:57.612564 140417363757952 retrain.py:1100] 2020-02-04 23:29:57.612509: Step 50: Validation accuracy = 59.0% (N=100)
INFO:tensorflow:2020-02-04 23:29:58.347944: Step 60: Train accuracy = 57.0%
I0204 23:29:58.348015 140417363757952 retrain.py:1082] 2020-02-04 23:29:58.347944: Step 60: Train accuracy = 57.0%
INFO:tensorflow:2020-02-04 23:29:58.348216: Step 60: Cross entropy = 0.613315
I0204 23:29:58.348243 140417363757952 retrain.py:1084] 2020-02-04 23:29:58.348216: Step 60: Cross entropy = 0.613315
INFO:tensorflow:2020-02-04 23:29:58.418036: Step 60: Validation accuracy = 52.0% (N=100)
I0204 23:29:58.418092 140417363757952 retrain.py:1100] 2020-02-04 23:29:58.418036: Step 60: Validation accuracy = 52.0% (N=100)
INFO:tensorflow:2020-02-04 23:29:59.164287: Step 70: Train accuracy = 63.0%
I0204 23:29:59.164360 140417363757952 retrain.py:1082] 2020-02-04 23:29:59.164287: Step 70: Train accuracy = 63.0%
INFO:tensorflow:2020-02-04 23:29:59.164507: Step 70: Cross entropy = 0.608323
I0204 23:29:59.164527 140417363757952 retrain.py:1084] 2020-02-04 23:29:59.164507: Step 70: Cross entropy = 0.608323
INFO:tensorflow:2020-02-04 23:29:59.235980: Step 70: Validation accuracy = 47.0% (N=100)
I0204 23:29:59.236036 140417363757952 retrain.py:1100] 2020-02-04 23:29:59.235980: Step 70: Validation accuracy = 47.0% (N=100)
INFO:tensorflow:2020-02-04 23:30:00.014743: Step 80: Train accuracy = 72.0%
I0204 23:30:00.014799 140417363757952 retrain.py:1082] 2020-02-04 23:30:00.014743: Step 80: Train accuracy = 72.0%
INFO:tensorflow:2020-02-04 23:30:00.015001: Step 80: Cross entropy = 0.600736
I0204 23:30:00.015022 140417363757952 retrain.py:1084] 2020-02-04 23:30:00.015001: Step 80: Cross entropy = 0.600736
INFO:tensorflow:2020-02-04 23:30:00.091408: Step 80: Validation accuracy = 67.0% (N=100)
I0204 23:30:00.091499 140417363757952 retrain.py:1100] 2020-02-04 23:30:00.091408: Step 80: Validation accuracy = 67.0% (N=100)
INFO:tensorflow:2020-02-04 23:30:00.820516: Step 90: Train accuracy = 72.0%
I0204 23:30:00.820581 140417363757952 retrain.py:1082] 2020-02-04 23:30:00.820516: Step 90: Train accuracy = 72.0%
INFO:tensorflow:2020-02-04 23:30:00.820743: Step 90: Cross entropy = 0.601966
I0204 23:30:00.820774 140417363757952 retrain.py:1084] 2020-02-04 23:30:00.820743: Step 90: Cross entropy = 0.601966
INFO:tensorflow:2020-02-04 23:30:00.893784: Step 90: Validation accuracy = 58.0% (N=100)
I0204 23:30:00.893851 140417363757952 retrain.py:1100] 2020-02-04 23:30:00.893784: Step 90: Validation accuracy = 58.0% (N=100)
INFO:tensorflow:2020-02-04 23:30:01.625319: Step 100: Train accuracy = 65.0%
I0204 23:30:01.625375 140417363757952 retrain.py:1082] 2020-02-04 23:30:01.625319: Step 100: Train accuracy = 65.0%
INFO:tensorflow:2020-02-04 23:30:01.625556: Step 100: Cross entropy = 0.570430
I0204 23:30:01.625577 140417363757952 retrain.py:1084] 2020-02-04 23:30:01.625556: Step 100: Cross entropy = 0.570430
INFO:tensorflow:2020-02-04 23:30:01.698494: Step 100: Validation accuracy = 35.0% (N=100)
I0204 23:30:01.698564 140417363757952 retrain.py:1100] 2020-02-04 23:30:01.698494: Step 100: Validation accuracy = 35.0% (N=100)
INFO:tensorflow:2020-02-04 23:30:02.429502: Step 110: Train accuracy = 77.0%
I0204 23:30:02.429588 140417363757952 retrain.py:1082] 2020-02-04 23:30:02.429502: Step 110: Train accuracy = 77.0%
INFO:tensorflow:2020-02-04 23:30:02.429774: Step 110: Cross entropy = 0.577450
I0204 23:30:02.429804 140417363757952 retrain.py:1084] 2020-02-04 23:30:02.429774: Step 110: Cross entropy = 0.577450
INFO:tensorflow:2020-02-04 23:30:02.499276: Step 110: Validation accuracy = 37.0% (N=100)
I0204 23:30:02.499340 140417363757952 retrain.py:1100] 2020-02-04 23:30:02.499276: Step 110: Validation accuracy = 37.0% (N=100)
INFO:tensorflow:2020-02-04 23:30:03.239880: Step 120: Train accuracy = 78.0%
I0204 23:30:03.239945 140417363757952 retrain.py:1082] 2020-02-04 23:30:03.239880: Step 120: Train accuracy = 78.0%
INFO:tensorflow:2020-02-04 23:30:03.240116: Step 120: Cross entropy = 0.575443
I0204 23:30:03.240134 140417363757952 retrain.py:1084] 2020-02-04 23:30:03.240116: Step 120: Cross entropy = 0.575443
INFO:tensorflow:2020-02-04 23:30:03.310978: Step 120: Validation accuracy = 66.0% (N=100)
I0204 23:30:03.311048 140417363757952 retrain.py:1100] 2020-02-04 23:30:03.310978: Step 120: Validation accuracy = 66.0% (N=100)
INFO:tensorflow:2020-02-04 23:30:04.058229: Step 130: Train accuracy = 80.0%
I0204 23:30:04.058284 140417363757952 retrain.py:1082] 2020-02-04 23:30:04.058229: Step 130: Train accuracy = 80.0%
INFO:tensorflow:2020-02-04 23:30:04.058460: Step 130: Cross entropy = 0.570032
I0204 23:30:04.058477 140417363757952 retrain.py:1084] 2020-02-04 23:30:04.058460: Step 130: Cross entropy = 0.570032
INFO:tensorflow:2020-02-04 23:30:04.129298: Step 130: Validation accuracy = 53.0% (N=100)
I0204 23:30:04.129354 140417363757952 retrain.py:1100] 2020-02-04 23:30:04.129298: Step 130: Validation accuracy = 53.0% (N=100)
INFO:tensorflow:2020-02-04 23:30:04.859463: Step 140: Train accuracy = 73.0%
I0204 23:30:04.859518 140417363757952 retrain.py:1082] 2020-02-04 23:30:04.859463: Step 140: Train accuracy = 73.0%
INFO:tensorflow:2020-02-04 23:30:04.859700: Step 140: Cross entropy = 0.577608
I0204 23:30:04.859717 140417363757952 retrain.py:1084] 2020-02-04 23:30:04.859700: Step 140: Cross entropy = 0.577608
INFO:tensorflow:2020-02-04 23:30:04.930224: Step 140: Validation accuracy = 47.0% (N=100)
I0204 23:30:04.930279 140417363757952 retrain.py:1100] 2020-02-04 23:30:04.930224: Step 140: Validation accuracy = 47.0% (N=100)
INFO:tensorflow:2020-02-04 23:30:05.664155: Step 150: Train accuracy = 77.0%
I0204 23:30:05.664211 140417363757952 retrain.py:1082] 2020-02-04 23:30:05.664155: Step 150: Train accuracy = 77.0%
INFO:tensorflow:2020-02-04 23:30:05.664397: Step 150: Cross entropy = 0.560466
I0204 23:30:05.664420 140417363757952 retrain.py:1084] 2020-02-04 23:30:05.664397: Step 150: Cross entropy = 0.560466
INFO:tensorflow:2020-02-04 23:30:05.734841: Step 150: Validation accuracy = 50.0% (N=100)
I0204 23:30:05.734897 140417363757952 retrain.py:1100] 2020-02-04 23:30:05.734841: Step 150: Validation accuracy = 50.0% (N=100)
INFO:tensorflow:2020-02-04 23:30:06.464287: Step 160: Train accuracy = 69.0%
I0204 23:30:06.464345 140417363757952 retrain.py:1082] 2020-02-04 23:30:06.464287: Step 160: Train accuracy = 69.0%
INFO:tensorflow:2020-02-04 23:30:06.464530: Step 160: Cross entropy = 0.575500
I0204 23:30:06.464550 140417363757952 retrain.py:1084] 2020-02-04 23:30:06.464530: Step 160: Cross entropy = 0.575500
INFO:tensorflow:2020-02-04 23:30:06.536344: Step 160: Validation accuracy = 56.0% (N=100)
I0204 23:30:06.536427 140417363757952 retrain.py:1100] 2020-02-04 23:30:06.536344: Step 160: Validation accuracy = 56.0% (N=100)
INFO:tensorflow:2020-02-04 23:30:07.266252: Step 170: Train accuracy = 78.0%
I0204 23:30:07.266309 140417363757952 retrain.py:1082] 2020-02-04 23:30:07.266252: Step 170: Train accuracy = 78.0%
INFO:tensorflow:2020-02-04 23:30:07.266510: Step 170: Cross entropy = 0.551836
I0204 23:30:07.266528 140417363757952 retrain.py:1084] 2020-02-04 23:30:07.266510: Step 170: Cross entropy = 0.551836
INFO:tensorflow:2020-02-04 23:30:07.335984: Step 170: Validation accuracy = 65.0% (N=100)
I0204 23:30:07.336055 140417363757952 retrain.py:1100] 2020-02-04 23:30:07.335984: Step 170: Validation accuracy = 65.0% (N=100)
INFO:tensorflow:2020-02-04 23:30:08.078867: Step 180: Train accuracy = 86.0%
I0204 23:30:08.078923 140417363757952 retrain.py:1082] 2020-02-04 23:30:08.078867: Step 180: Train accuracy = 86.0%
INFO:tensorflow:2020-02-04 23:30:08.079080: Step 180: Cross entropy = 0.553509
I0204 23:30:08.079098 140417363757952 retrain.py:1084] 2020-02-04 23:30:08.079080: Step 180: Cross entropy = 0.553509
INFO:tensorflow:2020-02-04 23:30:08.151031: Step 180: Validation accuracy = 51.0% (N=100)
I0204 23:30:08.151088 140417363757952 retrain.py:1100] 2020-02-04 23:30:08.151031: Step 180: Validation accuracy = 51.0% (N=100)
INFO:tensorflow:2020-02-04 23:30:08.879459: Step 190: Train accuracy = 78.0%
I0204 23:30:08.879525 140417363757952 retrain.py:1082] 2020-02-04 23:30:08.879459: Step 190: Train accuracy = 78.0%
INFO:tensorflow:2020-02-04 23:30:08.879709: Step 190: Cross entropy = 0.583732
I0204 23:30:08.879738 140417363757952 retrain.py:1084] 2020-02-04 23:30:08.879709: Step 190: Cross entropy = 0.583732
INFO:tensorflow:2020-02-04 23:30:08.951852: Step 190: Validation accuracy = 49.0% (N=100)
I0204 23:30:08.951924 140417363757952 retrain.py:1100] 2020-02-04 23:30:08.951852: Step 190: Validation accuracy = 49.0% (N=100)
INFO:tensorflow:2020-02-04 23:30:09.688198: Step 200: Train accuracy = 84.0%
I0204 23:30:09.688264 140417363757952 retrain.py:1082] 2020-02-04 23:30:09.688198: Step 200: Train accuracy = 84.0%
INFO:tensorflow:2020-02-04 23:30:09.688439: Step 200: Cross entropy = 0.529578
I0204 23:30:09.688463 140417363757952 retrain.py:1084] 2020-02-04 23:30:09.688439: Step 200: Cross entropy = 0.529578
INFO:tensorflow:2020-02-04 23:30:09.758654: Step 200: Validation accuracy = 56.0% (N=100)
I0204 23:30:09.758718 140417363757952 retrain.py:1100] 2020-02-04 23:30:09.758654: Step 200: Validation accuracy = 56.0% (N=100)
INFO:tensorflow:2020-02-04 23:30:10.488126: Step 210: Train accuracy = 77.0%
I0204 23:30:10.488196 140417363757952 retrain.py:1082] 2020-02-04 23:30:10.488126: Step 210: Train accuracy = 77.0%
INFO:tensorflow:2020-02-04 23:30:10.488357: Step 210: Cross entropy = 0.539924
I0204 23:30:10.488373 140417363757952 retrain.py:1084] 2020-02-04 23:30:10.488357: Step 210: Cross entropy = 0.539924
INFO:tensorflow:2020-02-04 23:30:10.560582: Step 210: Validation accuracy = 52.0% (N=100)
I0204 23:30:10.560664 140417363757952 retrain.py:1100] 2020-02-04 23:30:10.560582: Step 210: Validation accuracy = 52.0% (N=100)
INFO:tensorflow:2020-02-04 23:30:11.288137: Step 220: Train accuracy = 77.0%
I0204 23:30:11.288226 140417363757952 retrain.py:1082] 2020-02-04 23:30:11.288137: Step 220: Train accuracy = 77.0%
INFO:tensorflow:2020-02-04 23:30:11.288388: Step 220: Cross entropy = 0.516982
I0204 23:30:11.288418 140417363757952 retrain.py:1084] 2020-02-04 23:30:11.288388: Step 220: Cross entropy = 0.516982
INFO:tensorflow:2020-02-04 23:30:11.357669: Step 220: Validation accuracy = 56.0% (N=100)
I0204 23:30:11.357734 140417363757952 retrain.py:1100] 2020-02-04 23:30:11.357669: Step 220: Validation accuracy = 56.0% (N=100)
INFO:tensorflow:2020-02-04 23:30:12.093968: Step 230: Train accuracy = 75.0%
I0204 23:30:12.094050 140417363757952 retrain.py:1082] 2020-02-04 23:30:12.093968: Step 230: Train accuracy = 75.0%
INFO:tensorflow:2020-02-04 23:30:12.094245: Step 230: Cross entropy = 0.557029
I0204 23:30:12.094263 140417363757952 retrain.py:1084] 2020-02-04 23:30:12.094245: Step 230: Cross entropy = 0.557029
INFO:tensorflow:2020-02-04 23:30:12.165986: Step 230: Validation accuracy = 51.0% (N=100)
I0204 23:30:12.166055 140417363757952 retrain.py:1100] 2020-02-04 23:30:12.165986: Step 230: Validation accuracy = 51.0% (N=100)
INFO:tensorflow:2020-02-04 23:30:12.894781: Step 240: Train accuracy = 76.0%
I0204 23:30:12.894838 140417363757952 retrain.py:1082] 2020-02-04 23:30:12.894781: Step 240: Train accuracy = 76.0%
INFO:tensorflow:2020-02-04 23:30:12.895014: Step 240: Cross entropy = 0.560848
I0204 23:30:12.895034 140417363757952 retrain.py:1084] 2020-02-04 23:30:12.895014: Step 240: Cross entropy = 0.560848
INFO:tensorflow:2020-02-04 23:30:12.967417: Step 240: Validation accuracy = 55.0% (N=100)
I0204 23:30:12.967499 140417363757952 retrain.py:1100] 2020-02-04 23:30:12.967417: Step 240: Validation accuracy = 55.0% (N=100)
INFO:tensorflow:2020-02-04 23:30:13.697100: Step 250: Train accuracy = 68.0%
I0204 23:30:13.697180 140417363757952 retrain.py:1082] 2020-02-04 23:30:13.697100: Step 250: Train accuracy = 68.0%
INFO:tensorflow:2020-02-04 23:30:13.697347: Step 250: Cross entropy = 0.567852
I0204 23:30:13.697372 140417363757952 retrain.py:1084] 2020-02-04 23:30:13.697347: Step 250: Cross entropy = 0.567852
INFO:tensorflow:2020-02-04 23:30:13.767302: Step 250: Validation accuracy = 54.0% (N=100)
I0204 23:30:13.767392 140417363757952 retrain.py:1100] 2020-02-04 23:30:13.767302: Step 250: Validation accuracy = 54.0% (N=100)
INFO:tensorflow:2020-02-04 23:30:14.493896: Step 260: Train accuracy = 77.0%
I0204 23:30:14.493967 140417363757952 retrain.py:1082] 2020-02-04 23:30:14.493896: Step 260: Train accuracy = 77.0%
INFO:tensorflow:2020-02-04 23:30:14.494138: Step 260: Cross entropy = 0.532251
I0204 23:30:14.494156 140417363757952 retrain.py:1084] 2020-02-04 23:30:14.494138: Step 260: Cross entropy = 0.532251
INFO:tensorflow:2020-02-04 23:30:14.567844: Step 260: Validation accuracy = 60.0% (N=100)
I0204 23:30:14.567939 140417363757952 retrain.py:1100] 2020-02-04 23:30:14.567844: Step 260: Validation accuracy = 60.0% (N=100)
INFO:tensorflow:2020-02-04 23:30:15.304795: Step 270: Train accuracy = 79.0%
I0204 23:30:15.304850 140417363757952 retrain.py:1082] 2020-02-04 23:30:15.304795: Step 270: Train accuracy = 79.0%
INFO:tensorflow:2020-02-04 23:30:15.305029: Step 270: Cross entropy = 0.510597
I0204 23:30:15.305051 140417363757952 retrain.py:1084] 2020-02-04 23:30:15.305029: Step 270: Cross entropy = 0.510597
INFO:tensorflow:2020-02-04 23:30:15.374135: Step 270: Validation accuracy = 61.0% (N=100)
I0204 23:30:15.374192 140417363757952 retrain.py:1100] 2020-02-04 23:30:15.374135: Step 270: Validation accuracy = 61.0% (N=100)
INFO:tensorflow:2020-02-04 23:30:16.113882: Step 280: Train accuracy = 76.0%
I0204 23:30:16.113952 140417363757952 retrain.py:1082] 2020-02-04 23:30:16.113882: Step 280: Train accuracy = 76.0%
INFO:tensorflow:2020-02-04 23:30:16.114137: Step 280: Cross entropy = 0.517475
I0204 23:30:16.114153 140417363757952 retrain.py:1084] 2020-02-04 23:30:16.114137: Step 280: Cross entropy = 0.517475
INFO:tensorflow:2020-02-04 23:30:16.185778: Step 280: Validation accuracy = 48.0% (N=100)
I0204 23:30:16.185869 140417363757952 retrain.py:1100] 2020-02-04 23:30:16.185778: Step 280: Validation accuracy = 48.0% (N=100)
INFO:tensorflow:2020-02-04 23:30:16.929768: Step 290: Train accuracy = 76.0%
I0204 23:30:16.929862 140417363757952 retrain.py:1082] 2020-02-04 23:30:16.929768: Step 290: Train accuracy = 76.0%
INFO:tensorflow:2020-02-04 23:30:16.930058: Step 290: Cross entropy = 0.537195
I0204 23:30:16.930101 140417363757952 retrain.py:1084] 2020-02-04 23:30:16.930058: Step 290: Cross entropy = 0.537195
INFO:tensorflow:2020-02-04 23:30:17.001306: Step 290: Validation accuracy = 42.0% (N=100)
I0204 23:30:17.001374 140417363757952 retrain.py:1100] 2020-02-04 23:30:17.001306: Step 290: Validation accuracy = 42.0% (N=100)
INFO:tensorflow:2020-02-04 23:30:17.729275: Step 300: Train accuracy = 80.0%
I0204 23:30:17.729370 140417363757952 retrain.py:1082] 2020-02-04 23:30:17.729275: Step 300: Train accuracy = 80.0%
INFO:tensorflow:2020-02-04 23:30:17.729527: Step 300: Cross entropy = 0.509783
I0204 23:30:17.729563 140417363757952 retrain.py:1084] 2020-02-04 23:30:17.729527: Step 300: Cross entropy = 0.509783
INFO:tensorflow:2020-02-04 23:30:17.798067: Step 300: Validation accuracy = 51.0% (N=100)
I0204 23:30:17.798121 140417363757952 retrain.py:1100] 2020-02-04 23:30:17.798067: Step 300: Validation accuracy = 51.0% (N=100)
INFO:tensorflow:2020-02-04 23:30:18.532262: Step 310: Train accuracy = 78.0%
I0204 23:30:18.532341 140417363757952 retrain.py:1082] 2020-02-04 23:30:18.532262: Step 310: Train accuracy = 78.0%
INFO:tensorflow:2020-02-04 23:30:18.532543: Step 310: Cross entropy = 0.481565
I0204 23:30:18.532582 140417363757952 retrain.py:1084] 2020-02-04 23:30:18.532543: Step 310: Cross entropy = 0.481565
INFO:tensorflow:2020-02-04 23:30:18.604662: Step 310: Validation accuracy = 41.0% (N=100)
I0204 23:30:18.604742 140417363757952 retrain.py:1100] 2020-02-04 23:30:18.604662: Step 310: Validation accuracy = 41.0% (N=100)
INFO:tensorflow:2020-02-04 23:30:19.339653: Step 320: Train accuracy = 82.0%
I0204 23:30:19.339723 140417363757952 retrain.py:1082] 2020-02-04 23:30:19.339653: Step 320: Train accuracy = 82.0%
INFO:tensorflow:2020-02-04 23:30:19.339896: Step 320: Cross entropy = 0.483783
I0204 23:30:19.339916 140417363757952 retrain.py:1084] 2020-02-04 23:30:19.339896: Step 320: Cross entropy = 0.483783
INFO:tensorflow:2020-02-04 23:30:19.410580: Step 320: Validation accuracy = 53.0% (N=100)
I0204 23:30:19.410645 140417363757952 retrain.py:1100] 2020-02-04 23:30:19.410580: Step 320: Validation accuracy = 53.0% (N=100)
INFO:tensorflow:2020-02-04 23:30:20.146887: Step 330: Train accuracy = 83.0%
I0204 23:30:20.146955 140417363757952 retrain.py:1082] 2020-02-04 23:30:20.146887: Step 330: Train accuracy = 83.0%
INFO:tensorflow:2020-02-04 23:30:20.147136: Step 330: Cross entropy = 0.498630
I0204 23:30:20.147156 140417363757952 retrain.py:1084] 2020-02-04 23:30:20.147136: Step 330: Cross entropy = 0.498630
INFO:tensorflow:2020-02-04 23:30:20.216819: Step 330: Validation accuracy = 57.0% (N=100)
I0204 23:30:20.216900 140417363757952 retrain.py:1100] 2020-02-04 23:30:20.216819: Step 330: Validation accuracy = 57.0% (N=100)
INFO:tensorflow:2020-02-04 23:30:20.952702: Step 340: Train accuracy = 83.0%
I0204 23:30:20.952770 140417363757952 retrain.py:1082] 2020-02-04 23:30:20.952702: Step 340: Train accuracy = 83.0%
INFO:tensorflow:2020-02-04 23:30:20.952940: Step 340: Cross entropy = 0.522653
I0204 23:30:20.952961 140417363757952 retrain.py:1084] 2020-02-04 23:30:20.952940: Step 340: Cross entropy = 0.522653
INFO:tensorflow:2020-02-04 23:30:21.024643: Step 340: Validation accuracy = 53.0% (N=100)
I0204 23:30:21.024724 140417363757952 retrain.py:1100] 2020-02-04 23:30:21.024643: Step 340: Validation accuracy = 53.0% (N=100)
INFO:tensorflow:2020-02-04 23:30:21.756429: Step 350: Train accuracy = 81.0%
I0204 23:30:21.756484 140417363757952 retrain.py:1082] 2020-02-04 23:30:21.756429: Step 350: Train accuracy = 81.0%
INFO:tensorflow:2020-02-04 23:30:21.756662: Step 350: Cross entropy = 0.474982
I0204 23:30:21.756682 140417363757952 retrain.py:1084] 2020-02-04 23:30:21.756662: Step 350: Cross entropy = 0.474982
INFO:tensorflow:2020-02-04 23:30:21.825988: Step 350: Validation accuracy = 51.0% (N=100)
I0204 23:30:21.826068 140417363757952 retrain.py:1100] 2020-02-04 23:30:21.825988: Step 350: Validation accuracy = 51.0% (N=100)
INFO:tensorflow:2020-02-04 23:30:22.557775: Step 360: Train accuracy = 84.0%
I0204 23:30:22.557830 140417363757952 retrain.py:1082] 2020-02-04 23:30:22.557775: Step 360: Train accuracy = 84.0%
INFO:tensorflow:2020-02-04 23:30:22.558015: Step 360: Cross entropy = 0.473242
I0204 23:30:22.558035 140417363757952 retrain.py:1084] 2020-02-04 23:30:22.558015: Step 360: Cross entropy = 0.473242
INFO:tensorflow:2020-02-04 23:30:22.628656: Step 360: Validation accuracy = 50.0% (N=100)
I0204 23:30:22.628710 140417363757952 retrain.py:1100] 2020-02-04 23:30:22.628656: Step 360: Validation accuracy = 50.0% (N=100)
INFO:tensorflow:2020-02-04 23:30:23.360470: Step 370: Train accuracy = 79.0%
I0204 23:30:23.360537 140417363757952 retrain.py:1082] 2020-02-04 23:30:23.360470: Step 370: Train accuracy = 79.0%
INFO:tensorflow:2020-02-04 23:30:23.360705: Step 370: Cross entropy = 0.503629
I0204 23:30:23.360727 140417363757952 retrain.py:1084] 2020-02-04 23:30:23.360705: Step 370: Cross entropy = 0.503629
INFO:tensorflow:2020-02-04 23:30:23.432168: Step 370: Validation accuracy = 52.0% (N=100)
I0204 23:30:23.432233 140417363757952 retrain.py:1100] 2020-02-04 23:30:23.432168: Step 370: Validation accuracy = 52.0% (N=100)
INFO:tensorflow:2020-02-04 23:30:24.174209: Step 380: Train accuracy = 84.0%
I0204 23:30:24.174293 140417363757952 retrain.py:1082] 2020-02-04 23:30:24.174209: Step 380: Train accuracy = 84.0%
INFO:tensorflow:2020-02-04 23:30:24.174460: Step 380: Cross entropy = 0.463893
I0204 23:30:24.174506 140417363757952 retrain.py:1084] 2020-02-04 23:30:24.174460: Step 380: Cross entropy = 0.463893
INFO:tensorflow:2020-02-04 23:30:24.249509: Step 380: Validation accuracy = 54.0% (N=100)
I0204 23:30:24.249599 140417363757952 retrain.py:1100] 2020-02-04 23:30:24.249509: Step 380: Validation accuracy = 54.0% (N=100)
INFO:tensorflow:2020-02-04 23:30:24.982348: Step 390: Train accuracy = 87.0%
I0204 23:30:24.982408 140417363757952 retrain.py:1082] 2020-02-04 23:30:24.982348: Step 390: Train accuracy = 87.0%
INFO:tensorflow:2020-02-04 23:30:24.982605: Step 390: Cross entropy = 0.479390
I0204 23:30:24.982622 140417363757952 retrain.py:1084] 2020-02-04 23:30:24.982605: Step 390: Cross entropy = 0.479390
INFO:tensorflow:2020-02-04 23:30:25.053079: Step 390: Validation accuracy = 58.0% (N=100)
I0204 23:30:25.053134 140417363757952 retrain.py:1100] 2020-02-04 23:30:25.053079: Step 390: Validation accuracy = 58.0% (N=100)
INFO:tensorflow:2020-02-04 23:30:25.788381: Step 400: Train accuracy = 86.0%
I0204 23:30:25.788439 140417363757952 retrain.py:1082] 2020-02-04 23:30:25.788381: Step 400: Train accuracy = 86.0%
INFO:tensorflow:2020-02-04 23:30:25.788613: Step 400: Cross entropy = 0.447434
I0204 23:30:25.788632 140417363757952 retrain.py:1084] 2020-02-04 23:30:25.788613: Step 400: Cross entropy = 0.447434
INFO:tensorflow:2020-02-04 23:30:25.858252: Step 400: Validation accuracy = 52.0% (N=100)
I0204 23:30:25.858322 140417363757952 retrain.py:1100] 2020-02-04 23:30:25.858252: Step 400: Validation accuracy = 52.0% (N=100)
INFO:tensorflow:2020-02-04 23:30:26.590734: Step 410: Train accuracy = 91.0%
I0204 23:30:26.590805 140417363757952 retrain.py:1082] 2020-02-04 23:30:26.590734: Step 410: Train accuracy = 91.0%
INFO:tensorflow:2020-02-04 23:30:26.590939: Step 410: Cross entropy = 0.439406
I0204 23:30:26.590991 140417363757952 retrain.py:1084] 2020-02-04 23:30:26.590939: Step 410: Cross entropy = 0.439406
INFO:tensorflow:2020-02-04 23:30:26.662351: Step 410: Validation accuracy = 57.0% (N=100)
I0204 23:30:26.662432 140417363757952 retrain.py:1100] 2020-02-04 23:30:26.662351: Step 410: Validation accuracy = 57.0% (N=100)
INFO:tensorflow:2020-02-04 23:30:27.397082: Step 420: Train accuracy = 87.0%
I0204 23:30:27.397153 140417363757952 retrain.py:1082] 2020-02-04 23:30:27.397082: Step 420: Train accuracy = 87.0%
INFO:tensorflow:2020-02-04 23:30:27.397323: Step 420: Cross entropy = 0.477089
I0204 23:30:27.397356 140417363757952 retrain.py:1084] 2020-02-04 23:30:27.397323: Step 420: Cross entropy = 0.477089
INFO:tensorflow:2020-02-04 23:30:27.469569: Step 420: Validation accuracy = 49.0% (N=100)
I0204 23:30:27.469639 140417363757952 retrain.py:1100] 2020-02-04 23:30:27.469569: Step 420: Validation accuracy = 49.0% (N=100)
INFO:tensorflow:2020-02-04 23:30:28.210030: Step 430: Train accuracy = 85.0%
I0204 23:30:28.210086 140417363757952 retrain.py:1082] 2020-02-04 23:30:28.210030: Step 430: Train accuracy = 85.0%
INFO:tensorflow:2020-02-04 23:30:28.210270: Step 430: Cross entropy = 0.420913
I0204 23:30:28.210289 140417363757952 retrain.py:1084] 2020-02-04 23:30:28.210270: Step 430: Cross entropy = 0.420913
INFO:tensorflow:2020-02-04 23:30:28.280011: Step 430: Validation accuracy = 56.0% (N=100)
I0204 23:30:28.280077 140417363757952 retrain.py:1100] 2020-02-04 23:30:28.280011: Step 430: Validation accuracy = 56.0% (N=100)
INFO:tensorflow:2020-02-04 23:30:29.009024: Step 440: Train accuracy = 83.0%
I0204 23:30:29.009080 140417363757952 retrain.py:1082] 2020-02-04 23:30:29.009024: Step 440: Train accuracy = 83.0%
INFO:tensorflow:2020-02-04 23:30:29.009262: Step 440: Cross entropy = 0.469842
I0204 23:30:29.009278 140417363757952 retrain.py:1084] 2020-02-04 23:30:29.009262: Step 440: Cross entropy = 0.469842
INFO:tensorflow:2020-02-04 23:30:29.081470: Step 440: Validation accuracy = 58.0% (N=100)
I0204 23:30:29.081550 140417363757952 retrain.py:1100] 2020-02-04 23:30:29.081470: Step 440: Validation accuracy = 58.0% (N=100)
INFO:tensorflow:2020-02-04 23:30:29.815798: Step 450: Train accuracy = 83.0%
I0204 23:30:29.815886 140417363757952 retrain.py:1082] 2020-02-04 23:30:29.815798: Step 450: Train accuracy = 83.0%
INFO:tensorflow:2020-02-04 23:30:29.816123: Step 450: Cross entropy = 0.488462
I0204 23:30:29.816148 140417363757952 retrain.py:1084] 2020-02-04 23:30:29.816123: Step 450: Cross entropy = 0.488462
INFO:tensorflow:2020-02-04 23:30:29.885320: Step 450: Validation accuracy = 54.0% (N=100)
I0204 23:30:29.885400 140417363757952 retrain.py:1100] 2020-02-04 23:30:29.885320: Step 450: Validation accuracy = 54.0% (N=100)
INFO:tensorflow:2020-02-04 23:30:30.626146: Step 460: Train accuracy = 83.0%
I0204 23:30:30.626202 140417363757952 retrain.py:1082] 2020-02-04 23:30:30.626146: Step 460: Train accuracy = 83.0%
INFO:tensorflow:2020-02-04 23:30:30.626357: Step 460: Cross entropy = 0.415946
I0204 23:30:30.626383 140417363757952 retrain.py:1084] 2020-02-04 23:30:30.626357: Step 460: Cross entropy = 0.415946
INFO:tensorflow:2020-02-04 23:30:30.698357: Step 460: Validation accuracy = 48.0% (N=100)
I0204 23:30:30.698414 140417363757952 retrain.py:1100] 2020-02-04 23:30:30.698357: Step 460: Validation accuracy = 48.0% (N=100)
INFO:tensorflow:2020-02-04 23:30:31.428607: Step 470: Train accuracy = 92.0%
I0204 23:30:31.428662 140417363757952 retrain.py:1082] 2020-02-04 23:30:31.428607: Step 470: Train accuracy = 92.0%
INFO:tensorflow:2020-02-04 23:30:31.428823: Step 470: Cross entropy = 0.416353
I0204 23:30:31.428842 140417363757952 retrain.py:1084] 2020-02-04 23:30:31.428823: Step 470: Cross entropy = 0.416353
INFO:tensorflow:2020-02-04 23:30:31.500018: Step 470: Validation accuracy = 57.0% (N=100)
I0204 23:30:31.500108 140417363757952 retrain.py:1100] 2020-02-04 23:30:31.500018: Step 470: Validation accuracy = 57.0% (N=100)
INFO:tensorflow:2020-02-04 23:30:32.238531: Step 480: Train accuracy = 92.0%
I0204 23:30:32.238586 140417363757952 retrain.py:1082] 2020-02-04 23:30:32.238531: Step 480: Train accuracy = 92.0%
INFO:tensorflow:2020-02-04 23:30:32.238765: Step 480: Cross entropy = 0.446291
I0204 23:30:32.238785 140417363757952 retrain.py:1084] 2020-02-04 23:30:32.238765: Step 480: Cross entropy = 0.446291
INFO:tensorflow:2020-02-04 23:30:32.308814: Step 480: Validation accuracy = 51.0% (N=100)
I0204 23:30:32.308876 140417363757952 retrain.py:1100] 2020-02-04 23:30:32.308814: Step 480: Validation accuracy = 51.0% (N=100)
INFO:tensorflow:2020-02-04 23:30:33.040896: Step 490: Train accuracy = 87.0%
I0204 23:30:33.040966 140417363757952 retrain.py:1082] 2020-02-04 23:30:33.040896: Step 490: Train accuracy = 87.0%
INFO:tensorflow:2020-02-04 23:30:33.041121: Step 490: Cross entropy = 0.444694
I0204 23:30:33.041159 140417363757952 retrain.py:1084] 2020-02-04 23:30:33.041121: Step 490: Cross entropy = 0.444694
INFO:tensorflow:2020-02-04 23:30:33.113485: Step 490: Validation accuracy = 41.0% (N=100)
I0204 23:30:33.113569 140417363757952 retrain.py:1100] 2020-02-04 23:30:33.113485: Step 490: Validation accuracy = 41.0% (N=100)
INFO:tensorflow:2020-02-04 23:30:33.909691: Step 500: Train accuracy = 89.0%
I0204 23:30:33.909774 140417363757952 retrain.py:1082] 2020-02-04 23:30:33.909691: Step 500: Train accuracy = 89.0%
INFO:tensorflow:2020-02-04 23:30:33.909978: Step 500: Cross entropy = 0.434394
I0204 23:30:33.910000 140417363757952 retrain.py:1084] 2020-02-04 23:30:33.909978: Step 500: Cross entropy = 0.434394
INFO:tensorflow:2020-02-04 23:30:33.982768: Step 500: Validation accuracy = 43.0% (N=100)
I0204 23:30:33.982828 140417363757952 retrain.py:1100] 2020-02-04 23:30:33.982768: Step 500: Validation accuracy = 43.0% (N=100)
INFO:tensorflow:2020-02-04 23:30:34.729263: Step 510: Train accuracy = 85.0%
I0204 23:30:34.729363 140417363757952 retrain.py:1082] 2020-02-04 23:30:34.729263: Step 510: Train accuracy = 85.0%
INFO:tensorflow:2020-02-04 23:30:34.729552: Step 510: Cross entropy = 0.429124
I0204 23:30:34.729569 140417363757952 retrain.py:1084] 2020-02-04 23:30:34.729552: Step 510: Cross entropy = 0.429124
INFO:tensorflow:2020-02-04 23:30:34.810074: Step 510: Validation accuracy = 56.0% (N=100)
I0204 23:30:34.810140 140417363757952 retrain.py:1100] 2020-02-04 23:30:34.810074: Step 510: Validation accuracy = 56.0% (N=100)
INFO:tensorflow:2020-02-04 23:30:35.549755: Step 520: Train accuracy = 90.0%
I0204 23:30:35.549821 140417363757952 retrain.py:1082] 2020-02-04 23:30:35.549755: Step 520: Train accuracy = 90.0%
INFO:tensorflow:2020-02-04 23:30:35.550068: Step 520: Cross entropy = 0.413726
I0204 23:30:35.550094 140417363757952 retrain.py:1084] 2020-02-04 23:30:35.550068: Step 520: Cross entropy = 0.413726
INFO:tensorflow:2020-02-04 23:30:35.622275: Step 520: Validation accuracy = 58.0% (N=100)
I0204 23:30:35.622353 140417363757952 retrain.py:1100] 2020-02-04 23:30:35.622275: Step 520: Validation accuracy = 58.0% (N=100)
INFO:tensorflow:2020-02-04 23:30:36.354210: Step 530: Train accuracy = 86.0%
I0204 23:30:36.354266 140417363757952 retrain.py:1082] 2020-02-04 23:30:36.354210: Step 530: Train accuracy = 86.0%
INFO:tensorflow:2020-02-04 23:30:36.354444: Step 530: Cross entropy = 0.427760
I0204 23:30:36.354465 140417363757952 retrain.py:1084] 2020-02-04 23:30:36.354444: Step 530: Cross entropy = 0.427760
INFO:tensorflow:2020-02-04 23:30:36.424619: Step 530: Validation accuracy = 63.0% (N=100)
I0204 23:30:36.424690 140417363757952 retrain.py:1100] 2020-02-04 23:30:36.424619: Step 530: Validation accuracy = 63.0% (N=100)
INFO:tensorflow:2020-02-04 23:30:37.165800: Step 540: Train accuracy = 88.0%
I0204 23:30:37.165891 140417363757952 retrain.py:1082] 2020-02-04 23:30:37.165800: Step 540: Train accuracy = 88.0%
INFO:tensorflow:2020-02-04 23:30:37.166055: Step 540: Cross entropy = 0.428171
I0204 23:30:37.166110 140417363757952 retrain.py:1084] 2020-02-04 23:30:37.166055: Step 540: Cross entropy = 0.428171
INFO:tensorflow:2020-02-04 23:30:37.235982: Step 540: Validation accuracy = 64.0% (N=100)
I0204 23:30:37.236064 140417363757952 retrain.py:1100] 2020-02-04 23:30:37.235982: Step 540: Validation accuracy = 64.0% (N=100)
INFO:tensorflow:2020-02-04 23:30:37.965150: Step 550: Train accuracy = 88.0%
I0204 23:30:37.965248 140417363757952 retrain.py:1082] 2020-02-04 23:30:37.965150: Step 550: Train accuracy = 88.0%
INFO:tensorflow:2020-02-04 23:30:37.965418: Step 550: Cross entropy = 0.415117
I0204 23:30:37.965453 140417363757952 retrain.py:1084] 2020-02-04 23:30:37.965418: Step 550: Cross entropy = 0.415117
INFO:tensorflow:2020-02-04 23:30:38.035701: Step 550: Validation accuracy = 56.0% (N=100)
I0204 23:30:38.035755 140417363757952 retrain.py:1100] 2020-02-04 23:30:38.035701: Step 550: Validation accuracy = 56.0% (N=100)
INFO:tensorflow:2020-02-04 23:30:38.778249: Step 560: Train accuracy = 90.0%
I0204 23:30:38.778318 140417363757952 retrain.py:1082] 2020-02-04 23:30:38.778249: Step 560: Train accuracy = 90.0%
INFO:tensorflow:2020-02-04 23:30:38.778502: Step 560: Cross entropy = 0.399914
I0204 23:30:38.778524 140417363757952 retrain.py:1084] 2020-02-04 23:30:38.778502: Step 560: Cross entropy = 0.399914
INFO:tensorflow:2020-02-04 23:30:38.849951: Step 560: Validation accuracy = 57.0% (N=100)
I0204 23:30:38.850020 140417363757952 retrain.py:1100] 2020-02-04 23:30:38.849951: Step 560: Validation accuracy = 57.0% (N=100)
INFO:tensorflow:2020-02-04 23:30:39.582491: Step 570: Train accuracy = 93.0%
I0204 23:30:39.582560 140417363757952 retrain.py:1082] 2020-02-04 23:30:39.582491: Step 570: Train accuracy = 93.0%
INFO:tensorflow:2020-02-04 23:30:39.582739: Step 570: Cross entropy = 0.407165
I0204 23:30:39.582757 140417363757952 retrain.py:1084] 2020-02-04 23:30:39.582739: Step 570: Cross entropy = 0.407165
INFO:tensorflow:2020-02-04 23:30:39.653571: Step 570: Validation accuracy = 52.0% (N=100)
I0204 23:30:39.653629 140417363757952 retrain.py:1100] 2020-02-04 23:30:39.653571: Step 570: Validation accuracy = 52.0% (N=100)
INFO:tensorflow:2020-02-04 23:30:40.385553: Step 580: Train accuracy = 87.0%
I0204 23:30:40.385618 140417363757952 retrain.py:1082] 2020-02-04 23:30:40.385553: Step 580: Train accuracy = 87.0%
INFO:tensorflow:2020-02-04 23:30:40.385790: Step 580: Cross entropy = 0.405370
I0204 23:30:40.385821 140417363757952 retrain.py:1084] 2020-02-04 23:30:40.385790: Step 580: Cross entropy = 0.405370
INFO:tensorflow:2020-02-04 23:30:40.458178: Step 580: Validation accuracy = 53.0% (N=100)
I0204 23:30:40.458235 140417363757952 retrain.py:1100] 2020-02-04 23:30:40.458178: Step 580: Validation accuracy = 53.0% (N=100)
INFO:tensorflow:2020-02-04 23:30:41.197117: Step 590: Train accuracy = 88.0%
I0204 23:30:41.197188 140417363757952 retrain.py:1082] 2020-02-04 23:30:41.197117: Step 590: Train accuracy = 88.0%
INFO:tensorflow:2020-02-04 23:30:41.197359: Step 590: Cross entropy = 0.432859
I0204 23:30:41.197385 140417363757952 retrain.py:1084] 2020-02-04 23:30:41.197359: Step 590: Cross entropy = 0.432859
INFO:tensorflow:2020-02-04 23:30:41.268082: Step 590: Validation accuracy = 46.0% (N=100)
I0204 23:30:41.268150 140417363757952 retrain.py:1100] 2020-02-04 23:30:41.268082: Step 590: Validation accuracy = 46.0% (N=100)
INFO:tensorflow:2020-02-04 23:30:42.009717: Step 600: Train accuracy = 93.0%
I0204 23:30:42.009782 140417363757952 retrain.py:1082] 2020-02-04 23:30:42.009717: Step 600: Train accuracy = 93.0%
INFO:tensorflow:2020-02-04 23:30:42.009958: Step 600: Cross entropy = 0.404347
I0204 23:30:42.009976 140417363757952 retrain.py:1084] 2020-02-04 23:30:42.009958: Step 600: Cross entropy = 0.404347
INFO:tensorflow:2020-02-04 23:30:42.081658: Step 600: Validation accuracy = 53.0% (N=100)
I0204 23:30:42.081714 140417363757952 retrain.py:1100] 2020-02-04 23:30:42.081658: Step 600: Validation accuracy = 53.0% (N=100)
INFO:tensorflow:2020-02-04 23:30:42.814153: Step 610: Train accuracy = 88.0%
I0204 23:30:42.814237 140417363757952 retrain.py:1082] 2020-02-04 23:30:42.814153: Step 610: Train accuracy = 88.0%
INFO:tensorflow:2020-02-04 23:30:42.814393: Step 610: Cross entropy = 0.419034
I0204 23:30:42.814414 140417363757952 retrain.py:1084] 2020-02-04 23:30:42.814393: Step 610: Cross entropy = 0.419034
INFO:tensorflow:2020-02-04 23:30:42.885563: Step 610: Validation accuracy = 49.0% (N=100)
I0204 23:30:42.885632 140417363757952 retrain.py:1100] 2020-02-04 23:30:42.885563: Step 610: Validation accuracy = 49.0% (N=100)
INFO:tensorflow:2020-02-04 23:30:43.630479: Step 620: Train accuracy = 89.0%
I0204 23:30:43.630537 140417363757952 retrain.py:1082] 2020-02-04 23:30:43.630479: Step 620: Train accuracy = 89.0%
INFO:tensorflow:2020-02-04 23:30:43.630703: Step 620: Cross entropy = 0.382185
I0204 23:30:43.630723 140417363757952 retrain.py:1084] 2020-02-04 23:30:43.630703: Step 620: Cross entropy = 0.382185
INFO:tensorflow:2020-02-04 23:30:43.701808: Step 620: Validation accuracy = 51.0% (N=100)
I0204 23:30:43.701875 140417363757952 retrain.py:1100] 2020-02-04 23:30:43.701808: Step 620: Validation accuracy = 51.0% (N=100)
INFO:tensorflow:2020-02-04 23:30:44.435671: Step 630: Train accuracy = 85.0%
I0204 23:30:44.435727 140417363757952 retrain.py:1082] 2020-02-04 23:30:44.435671: Step 630: Train accuracy = 85.0%
INFO:tensorflow:2020-02-04 23:30:44.435899: Step 630: Cross entropy = 0.396033
I0204 23:30:44.435929 140417363757952 retrain.py:1084] 2020-02-04 23:30:44.435899: Step 630: Cross entropy = 0.396033
INFO:tensorflow:2020-02-04 23:30:44.506999: Step 630: Validation accuracy = 44.0% (N=100)
I0204 23:30:44.507080 140417363757952 retrain.py:1100] 2020-02-04 23:30:44.506999: Step 630: Validation accuracy = 44.0% (N=100)
INFO:tensorflow:2020-02-04 23:30:45.251504: Step 640: Train accuracy = 92.0%
I0204 23:30:45.251559 140417363757952 retrain.py:1082] 2020-02-04 23:30:45.251504: Step 640: Train accuracy = 92.0%
INFO:tensorflow:2020-02-04 23:30:45.251729: Step 640: Cross entropy = 0.390670
I0204 23:30:45.251748 140417363757952 retrain.py:1084] 2020-02-04 23:30:45.251729: Step 640: Cross entropy = 0.390670
INFO:tensorflow:2020-02-04 23:30:45.323337: Step 640: Validation accuracy = 47.0% (N=100)
I0204 23:30:45.323392 140417363757952 retrain.py:1100] 2020-02-04 23:30:45.323337: Step 640: Validation accuracy = 47.0% (N=100)
INFO:tensorflow:2020-02-04 23:30:46.068452: Step 650: Train accuracy = 85.0%
I0204 23:30:46.068508 140417363757952 retrain.py:1082] 2020-02-04 23:30:46.068452: Step 650: Train accuracy = 85.0%
INFO:tensorflow:2020-02-04 23:30:46.068692: Step 650: Cross entropy = 0.427157
I0204 23:30:46.068717 140417363757952 retrain.py:1084] 2020-02-04 23:30:46.068692: Step 650: Cross entropy = 0.427157
INFO:tensorflow:2020-02-04 23:30:46.141113: Step 650: Validation accuracy = 48.0% (N=100)
I0204 23:30:46.141179 140417363757952 retrain.py:1100] 2020-02-04 23:30:46.141113: Step 650: Validation accuracy = 48.0% (N=100)
INFO:tensorflow:2020-02-04 23:30:46.874496: Step 660: Train accuracy = 88.0%
I0204 23:30:46.874566 140417363757952 retrain.py:1082] 2020-02-04 23:30:46.874496: Step 660: Train accuracy = 88.0%
INFO:tensorflow:2020-02-04 23:30:46.874739: Step 660: Cross entropy = 0.415691
I0204 23:30:46.874760 140417363757952 retrain.py:1084] 2020-02-04 23:30:46.874739: Step 660: Cross entropy = 0.415691
INFO:tensorflow:2020-02-04 23:30:46.947978: Step 660: Validation accuracy = 43.0% (N=100)
I0204 23:30:46.948060 140417363757952 retrain.py:1100] 2020-02-04 23:30:46.947978: Step 660: Validation accuracy = 43.0% (N=100)
INFO:tensorflow:2020-02-04 23:30:47.698583: Step 670: Train accuracy = 88.0%
I0204 23:30:47.698640 140417363757952 retrain.py:1082] 2020-02-04 23:30:47.698583: Step 670: Train accuracy = 88.0%
INFO:tensorflow:2020-02-04 23:30:47.698818: Step 670: Cross entropy = 0.379671
I0204 23:30:47.698838 140417363757952 retrain.py:1084] 2020-02-04 23:30:47.698818: Step 670: Cross entropy = 0.379671
INFO:tensorflow:2020-02-04 23:30:47.770079: Step 670: Validation accuracy = 65.0% (N=100)
I0204 23:30:47.770134 140417363757952 retrain.py:1100] 2020-02-04 23:30:47.770079: Step 670: Validation accuracy = 65.0% (N=100)
INFO:tensorflow:2020-02-04 23:30:48.503041: Step 680: Train accuracy = 88.0%
I0204 23:30:48.503121 140417363757952 retrain.py:1082] 2020-02-04 23:30:48.503041: Step 680: Train accuracy = 88.0%
INFO:tensorflow:2020-02-04 23:30:48.503264: Step 680: Cross entropy = 0.413113
I0204 23:30:48.503281 140417363757952 retrain.py:1084] 2020-02-04 23:30:48.503264: Step 680: Cross entropy = 0.413113
INFO:tensorflow:2020-02-04 23:30:48.576067: Step 680: Validation accuracy = 59.0% (N=100)
I0204 23:30:48.576134 140417363757952 retrain.py:1100] 2020-02-04 23:30:48.576067: Step 680: Validation accuracy = 59.0% (N=100)
INFO:tensorflow:2020-02-04 23:30:49.311344: Step 690: Train accuracy = 85.0%
I0204 23:30:49.311420 140417363757952 retrain.py:1082] 2020-02-04 23:30:49.311344: Step 690: Train accuracy = 85.0%
INFO:tensorflow:2020-02-04 23:30:49.311582: Step 690: Cross entropy = 0.409805
I0204 23:30:49.311603 140417363757952 retrain.py:1084] 2020-02-04 23:30:49.311582: Step 690: Cross entropy = 0.409805
INFO:tensorflow:2020-02-04 23:30:49.382539: Step 690: Validation accuracy = 51.0% (N=100)
I0204 23:30:49.382638 140417363757952 retrain.py:1100] 2020-02-04 23:30:49.382539: Step 690: Validation accuracy = 51.0% (N=100)
INFO:tensorflow:2020-02-04 23:30:50.128039: Step 700: Train accuracy = 95.0%
I0204 23:30:50.128119 140417363757952 retrain.py:1082] 2020-02-04 23:30:50.128039: Step 700: Train accuracy = 95.0%
INFO:tensorflow:2020-02-04 23:30:50.128274: Step 700: Cross entropy = 0.361096
I0204 23:30:50.128307 140417363757952 retrain.py:1084] 2020-02-04 23:30:50.128274: Step 700: Cross entropy = 0.361096
INFO:tensorflow:2020-02-04 23:30:50.199677: Step 700: Validation accuracy = 49.0% (N=100)
I0204 23:30:50.199732 140417363757952 retrain.py:1100] 2020-02-04 23:30:50.199677: Step 700: Validation accuracy = 49.0% (N=100)
INFO:tensorflow:2020-02-04 23:30:50.938571: Step 710: Train accuracy = 86.0%
I0204 23:30:50.938628 140417363757952 retrain.py:1082] 2020-02-04 23:30:50.938571: Step 710: Train accuracy = 86.0%
INFO:tensorflow:2020-02-04 23:30:50.938828: Step 710: Cross entropy = 0.413391
I0204 23:30:50.938843 140417363757952 retrain.py:1084] 2020-02-04 23:30:50.938828: Step 710: Cross entropy = 0.413391
INFO:tensorflow:2020-02-04 23:30:51.009325: Step 710: Validation accuracy = 60.0% (N=100)
I0204 23:30:51.009381 140417363757952 retrain.py:1100] 2020-02-04 23:30:51.009325: Step 710: Validation accuracy = 60.0% (N=100)
INFO:tensorflow:2020-02-04 23:30:51.748416: Step 720: Train accuracy = 90.0%
I0204 23:30:51.748494 140417363757952 retrain.py:1082] 2020-02-04 23:30:51.748416: Step 720: Train accuracy = 90.0%
INFO:tensorflow:2020-02-04 23:30:51.748698: Step 720: Cross entropy = 0.394715
I0204 23:30:51.748715 140417363757952 retrain.py:1084] 2020-02-04 23:30:51.748698: Step 720: Cross entropy = 0.394715
INFO:tensorflow:2020-02-04 23:30:51.819199: Step 720: Validation accuracy = 58.0% (N=100)
I0204 23:30:51.819257 140417363757952 retrain.py:1100] 2020-02-04 23:30:51.819199: Step 720: Validation accuracy = 58.0% (N=100)
INFO:tensorflow:2020-02-04 23:30:52.556405: Step 730: Train accuracy = 87.0%
I0204 23:30:52.556485 140417363757952 retrain.py:1082] 2020-02-04 23:30:52.556405: Step 730: Train accuracy = 87.0%
INFO:tensorflow:2020-02-04 23:30:52.556637: Step 730: Cross entropy = 0.392394
I0204 23:30:52.556658 140417363757952 retrain.py:1084] 2020-02-04 23:30:52.556637: Step 730: Cross entropy = 0.392394
INFO:tensorflow:2020-02-04 23:30:52.627771: Step 730: Validation accuracy = 57.0% (N=100)
I0204 23:30:52.627836 140417363757952 retrain.py:1100] 2020-02-04 23:30:52.627771: Step 730: Validation accuracy = 57.0% (N=100)
INFO:tensorflow:2020-02-04 23:30:53.364910: Step 740: Train accuracy = 88.0%
I0204 23:30:53.364976 140417363757952 retrain.py:1082] 2020-02-04 23:30:53.364910: Step 740: Train accuracy = 88.0%
INFO:tensorflow:2020-02-04 23:30:53.365155: Step 740: Cross entropy = 0.388380
I0204 23:30:53.365173 140417363757952 retrain.py:1084] 2020-02-04 23:30:53.365155: Step 740: Cross entropy = 0.388380
INFO:tensorflow:2020-02-04 23:30:53.435712: Step 740: Validation accuracy = 50.0% (N=100)
I0204 23:30:53.435791 140417363757952 retrain.py:1100] 2020-02-04 23:30:53.435712: Step 740: Validation accuracy = 50.0% (N=100)
INFO:tensorflow:2020-02-04 23:30:54.175098: Step 750: Train accuracy = 87.0%
I0204 23:30:54.175164 140417363757952 retrain.py:1082] 2020-02-04 23:30:54.175098: Step 750: Train accuracy = 87.0%
INFO:tensorflow:2020-02-04 23:30:54.175327: Step 750: Cross entropy = 0.407839
I0204 23:30:54.175348 140417363757952 retrain.py:1084] 2020-02-04 23:30:54.175327: Step 750: Cross entropy = 0.407839
INFO:tensorflow:2020-02-04 23:30:54.245572: Step 750: Validation accuracy = 54.0% (N=100)
I0204 23:30:54.245627 140417363757952 retrain.py:1100] 2020-02-04 23:30:54.245572: Step 750: Validation accuracy = 54.0% (N=100)
INFO:tensorflow:2020-02-04 23:30:54.985478: Step 760: Train accuracy = 82.0%
I0204 23:30:54.985547 140417363757952 retrain.py:1082] 2020-02-04 23:30:54.985478: Step 760: Train accuracy = 82.0%
INFO:tensorflow:2020-02-04 23:30:54.985732: Step 760: Cross entropy = 0.444226
I0204 23:30:54.985750 140417363757952 retrain.py:1084] 2020-02-04 23:30:54.985732: Step 760: Cross entropy = 0.444226
INFO:tensorflow:2020-02-04 23:30:55.057270: Step 760: Validation accuracy = 35.0% (N=100)
I0204 23:30:55.057352 140417363757952 retrain.py:1100] 2020-02-04 23:30:55.057270: Step 760: Validation accuracy = 35.0% (N=100)
INFO:tensorflow:2020-02-04 23:30:55.798642: Step 770: Train accuracy = 91.0%
I0204 23:30:55.798725 140417363757952 retrain.py:1082] 2020-02-04 23:30:55.798642: Step 770: Train accuracy = 91.0%
INFO:tensorflow:2020-02-04 23:30:55.798942: Step 770: Cross entropy = 0.388088
I0204 23:30:55.798967 140417363757952 retrain.py:1084] 2020-02-04 23:30:55.798942: Step 770: Cross entropy = 0.388088
INFO:tensorflow:2020-02-04 23:30:55.870893: Step 770: Validation accuracy = 56.0% (N=100)
I0204 23:30:55.870964 140417363757952 retrain.py:1100] 2020-02-04 23:30:55.870893: Step 770: Validation accuracy = 56.0% (N=100)
INFO:tensorflow:2020-02-04 23:30:56.609823: Step 780: Train accuracy = 91.0%
I0204 23:30:56.609878 140417363757952 retrain.py:1082] 2020-02-04 23:30:56.609823: Step 780: Train accuracy = 91.0%
INFO:tensorflow:2020-02-04 23:30:56.610060: Step 780: Cross entropy = 0.405159
I0204 23:30:56.610080 140417363757952 retrain.py:1084] 2020-02-04 23:30:56.610060: Step 780: Cross entropy = 0.405159
INFO:tensorflow:2020-02-04 23:30:56.683050: Step 780: Validation accuracy = 51.0% (N=100)
I0204 23:30:56.683109 140417363757952 retrain.py:1100] 2020-02-04 23:30:56.683050: Step 780: Validation accuracy = 51.0% (N=100)
INFO:tensorflow:2020-02-04 23:30:57.422424: Step 790: Train accuracy = 96.0%
I0204 23:30:57.422479 140417363757952 retrain.py:1082] 2020-02-04 23:30:57.422424: Step 790: Train accuracy = 96.0%
INFO:tensorflow:2020-02-04 23:30:57.422681: Step 790: Cross entropy = 0.342916
I0204 23:30:57.422703 140417363757952 retrain.py:1084] 2020-02-04 23:30:57.422681: Step 790: Cross entropy = 0.342916
INFO:tensorflow:2020-02-04 23:30:57.493170: Step 790: Validation accuracy = 55.0% (N=100)
I0204 23:30:57.493259 140417363757952 retrain.py:1100] 2020-02-04 23:30:57.493170: Step 790: Validation accuracy = 55.0% (N=100)
INFO:tensorflow:2020-02-04 23:30:58.237705: Step 800: Train accuracy = 86.0%
I0204 23:30:58.237767 140417363757952 retrain.py:1082] 2020-02-04 23:30:58.237705: Step 800: Train accuracy = 86.0%
INFO:tensorflow:2020-02-04 23:30:58.237966: Step 800: Cross entropy = 0.373884
I0204 23:30:58.238000 140417363757952 retrain.py:1084] 2020-02-04 23:30:58.237966: Step 800: Cross entropy = 0.373884
INFO:tensorflow:2020-02-04 23:30:58.310618: Step 800: Validation accuracy = 51.0% (N=100)
I0204 23:30:58.310708 140417363757952 retrain.py:1100] 2020-02-04 23:30:58.310618: Step 800: Validation accuracy = 51.0% (N=100)
INFO:tensorflow:2020-02-04 23:30:59.059982: Step 810: Train accuracy = 88.0%
I0204 23:30:59.060037 140417363757952 retrain.py:1082] 2020-02-04 23:30:59.059982: Step 810: Train accuracy = 88.0%
INFO:tensorflow:2020-02-04 23:30:59.060224: Step 810: Cross entropy = 0.404773
I0204 23:30:59.060245 140417363757952 retrain.py:1084] 2020-02-04 23:30:59.060224: Step 810: Cross entropy = 0.404773
INFO:tensorflow:2020-02-04 23:30:59.133905: Step 810: Validation accuracy = 56.0% (N=100)
I0204 23:30:59.133974 140417363757952 retrain.py:1100] 2020-02-04 23:30:59.133905: Step 810: Validation accuracy = 56.0% (N=100)
INFO:tensorflow:2020-02-04 23:30:59.872575: Step 820: Train accuracy = 93.0%
I0204 23:30:59.872664 140417363757952 retrain.py:1082] 2020-02-04 23:30:59.872575: Step 820: Train accuracy = 93.0%
INFO:tensorflow:2020-02-04 23:30:59.872792: Step 820: Cross entropy = 0.359284
I0204 23:30:59.872812 140417363757952 retrain.py:1084] 2020-02-04 23:30:59.872792: Step 820: Cross entropy = 0.359284
INFO:tensorflow:2020-02-04 23:30:59.945332: Step 820: Validation accuracy = 56.0% (N=100)
I0204 23:30:59.945419 140417363757952 retrain.py:1100] 2020-02-04 23:30:59.945332: Step 820: Validation accuracy = 56.0% (N=100)
INFO:tensorflow:2020-02-04 23:31:00.679006: Step 830: Train accuracy = 95.0%
I0204 23:31:00.679063 140417363757952 retrain.py:1082] 2020-02-04 23:31:00.679006: Step 830: Train accuracy = 95.0%
INFO:tensorflow:2020-02-04 23:31:00.679253: Step 830: Cross entropy = 0.377393
I0204 23:31:00.679274 140417363757952 retrain.py:1084] 2020-02-04 23:31:00.679253: Step 830: Cross entropy = 0.377393
INFO:tensorflow:2020-02-04 23:31:00.751523: Step 830: Validation accuracy = 54.0% (N=100)
I0204 23:31:00.751580 140417363757952 retrain.py:1100] 2020-02-04 23:31:00.751523: Step 830: Validation accuracy = 54.0% (N=100)
INFO:tensorflow:2020-02-04 23:31:01.488878: Step 840: Train accuracy = 92.0%
I0204 23:31:01.488932 140417363757952 retrain.py:1082] 2020-02-04 23:31:01.488878: Step 840: Train accuracy = 92.0%
INFO:tensorflow:2020-02-04 23:31:01.489102: Step 840: Cross entropy = 0.359163
I0204 23:31:01.489122 140417363757952 retrain.py:1084] 2020-02-04 23:31:01.489102: Step 840: Cross entropy = 0.359163
INFO:tensorflow:2020-02-04 23:31:01.564551: Step 840: Validation accuracy = 38.0% (N=100)
I0204 23:31:01.564624 140417363757952 retrain.py:1100] 2020-02-04 23:31:01.564551: Step 840: Validation accuracy = 38.0% (N=100)
INFO:tensorflow:2020-02-04 23:31:02.305990: Step 850: Train accuracy = 93.0%
I0204 23:31:02.306056 140417363757952 retrain.py:1082] 2020-02-04 23:31:02.305990: Step 850: Train accuracy = 93.0%
INFO:tensorflow:2020-02-04 23:31:02.306214: Step 850: Cross entropy = 0.347992
I0204 23:31:02.306232 140417363757952 retrain.py:1084] 2020-02-04 23:31:02.306214: Step 850: Cross entropy = 0.347992
INFO:tensorflow:2020-02-04 23:31:02.379175: Step 850: Validation accuracy = 46.0% (N=100)
I0204 23:31:02.379257 140417363757952 retrain.py:1100] 2020-02-04 23:31:02.379175: Step 850: Validation accuracy = 46.0% (N=100)
INFO:tensorflow:2020-02-04 23:31:03.114460: Step 860: Train accuracy = 89.0%
I0204 23:31:03.114543 140417363757952 retrain.py:1082] 2020-02-04 23:31:03.114460: Step 860: Train accuracy = 89.0%
INFO:tensorflow:2020-02-04 23:31:03.114686: Step 860: Cross entropy = 0.410510
I0204 23:31:03.114702 140417363757952 retrain.py:1084] 2020-02-04 23:31:03.114686: Step 860: Cross entropy = 0.410510
INFO:tensorflow:2020-02-04 23:31:03.187943: Step 860: Validation accuracy = 44.0% (N=100)
I0204 23:31:03.188011 140417363757952 retrain.py:1100] 2020-02-04 23:31:03.187943: Step 860: Validation accuracy = 44.0% (N=100)
INFO:tensorflow:2020-02-04 23:31:03.921501: Step 870: Train accuracy = 91.0%
I0204 23:31:03.921570 140417363757952 retrain.py:1082] 2020-02-04 23:31:03.921501: Step 870: Train accuracy = 91.0%
INFO:tensorflow:2020-02-04 23:31:03.921752: Step 870: Cross entropy = 0.374666
I0204 23:31:03.921768 140417363757952 retrain.py:1084] 2020-02-04 23:31:03.921752: Step 870: Cross entropy = 0.374666
INFO:tensorflow:2020-02-04 23:31:03.994283: Step 870: Validation accuracy = 57.0% (N=100)
I0204 23:31:03.994347 140417363757952 retrain.py:1100] 2020-02-04 23:31:03.994283: Step 870: Validation accuracy = 57.0% (N=100)
INFO:tensorflow:2020-02-04 23:31:04.730943: Step 880: Train accuracy = 90.0%
I0204 23:31:04.731012 140417363757952 retrain.py:1082] 2020-02-04 23:31:04.730943: Step 880: Train accuracy = 90.0%
INFO:tensorflow:2020-02-04 23:31:04.731163: Step 880: Cross entropy = 0.373372
I0204 23:31:04.731206 140417363757952 retrain.py:1084] 2020-02-04 23:31:04.731163: Step 880: Cross entropy = 0.373372
INFO:tensorflow:2020-02-04 23:31:04.801086: Step 880: Validation accuracy = 60.0% (N=100)
I0204 23:31:04.801141 140417363757952 retrain.py:1100] 2020-02-04 23:31:04.801086: Step 880: Validation accuracy = 60.0% (N=100)
INFO:tensorflow:2020-02-04 23:31:05.539558: Step 890: Train accuracy = 84.0%
I0204 23:31:05.539613 140417363757952 retrain.py:1082] 2020-02-04 23:31:05.539558: Step 890: Train accuracy = 84.0%
INFO:tensorflow:2020-02-04 23:31:05.539799: Step 890: Cross entropy = 0.413955
I0204 23:31:05.539816 140417363757952 retrain.py:1084] 2020-02-04 23:31:05.539799: Step 890: Cross entropy = 0.413955
INFO:tensorflow:2020-02-04 23:31:05.611993: Step 890: Validation accuracy = 55.0% (N=100)
I0204 23:31:05.612094 140417363757952 retrain.py:1100] 2020-02-04 23:31:05.611993: Step 890: Validation accuracy = 55.0% (N=100)
INFO:tensorflow:2020-02-04 23:31:06.347543: Step 900: Train accuracy = 90.0%
I0204 23:31:06.347612 140417363757952 retrain.py:1082] 2020-02-04 23:31:06.347543: Step 900: Train accuracy = 90.0%
INFO:tensorflow:2020-02-04 23:31:06.347763: Step 900: Cross entropy = 0.386678
I0204 23:31:06.347782 140417363757952 retrain.py:1084] 2020-02-04 23:31:06.347763: Step 900: Cross entropy = 0.386678
INFO:tensorflow:2020-02-04 23:31:06.417896: Step 900: Validation accuracy = 47.0% (N=100)
I0204 23:31:06.417986 140417363757952 retrain.py:1100] 2020-02-04 23:31:06.417896: Step 900: Validation accuracy = 47.0% (N=100)
INFO:tensorflow:2020-02-04 23:31:07.154314: Step 910: Train accuracy = 90.0%
I0204 23:31:07.154380 140417363757952 retrain.py:1082] 2020-02-04 23:31:07.154314: Step 910: Train accuracy = 90.0%
INFO:tensorflow:2020-02-04 23:31:07.154544: Step 910: Cross entropy = 0.364766
I0204 23:31:07.154561 140417363757952 retrain.py:1084] 2020-02-04 23:31:07.154544: Step 910: Cross entropy = 0.364766
INFO:tensorflow:2020-02-04 23:31:07.225659: Step 910: Validation accuracy = 38.0% (N=100)
I0204 23:31:07.225736 140417363757952 retrain.py:1100] 2020-02-04 23:31:07.225659: Step 910: Validation accuracy = 38.0% (N=100)
INFO:tensorflow:2020-02-04 23:31:07.958977: Step 920: Train accuracy = 85.0%
I0204 23:31:07.959061 140417363757952 retrain.py:1082] 2020-02-04 23:31:07.958977: Step 920: Train accuracy = 85.0%
INFO:tensorflow:2020-02-04 23:31:07.959254: Step 920: Cross entropy = 0.384436
I0204 23:31:07.959280 140417363757952 retrain.py:1084] 2020-02-04 23:31:07.959254: Step 920: Cross entropy = 0.384436
INFO:tensorflow:2020-02-04 23:31:08.029871: Step 920: Validation accuracy = 57.0% (N=100)
I0204 23:31:08.029942 140417363757952 retrain.py:1100] 2020-02-04 23:31:08.029871: Step 920: Validation accuracy = 57.0% (N=100)
INFO:tensorflow:2020-02-04 23:31:08.768963: Step 930: Train accuracy = 92.0%
I0204 23:31:08.769032 140417363757952 retrain.py:1082] 2020-02-04 23:31:08.768963: Step 930: Train accuracy = 92.0%
INFO:tensorflow:2020-02-04 23:31:08.769197: Step 930: Cross entropy = 0.359418
I0204 23:31:08.769216 140417363757952 retrain.py:1084] 2020-02-04 23:31:08.769197: Step 930: Cross entropy = 0.359418
INFO:tensorflow:2020-02-04 23:31:08.843306: Step 930: Validation accuracy = 50.0% (N=100)
I0204 23:31:08.843362 140417363757952 retrain.py:1100] 2020-02-04 23:31:08.843306: Step 930: Validation accuracy = 50.0% (N=100)
INFO:tensorflow:2020-02-04 23:31:09.589180: Step 940: Train accuracy = 92.0%
I0204 23:31:09.589258 140417363757952 retrain.py:1082] 2020-02-04 23:31:09.589180: Step 940: Train accuracy = 92.0%
INFO:tensorflow:2020-02-04 23:31:09.589435: Step 940: Cross entropy = 0.358281
I0204 23:31:09.589458 140417363757952 retrain.py:1084] 2020-02-04 23:31:09.589435: Step 940: Cross entropy = 0.358281
INFO:tensorflow:2020-02-04 23:31:09.661613: Step 940: Validation accuracy = 47.0% (N=100)
I0204 23:31:09.661670 140417363757952 retrain.py:1100] 2020-02-04 23:31:09.661613: Step 940: Validation accuracy = 47.0% (N=100)
INFO:tensorflow:2020-02-04 23:31:10.411989: Step 950: Train accuracy = 95.0%
I0204 23:31:10.412046 140417363757952 retrain.py:1082] 2020-02-04 23:31:10.411989: Step 950: Train accuracy = 95.0%
INFO:tensorflow:2020-02-04 23:31:10.412224: Step 950: Cross entropy = 0.342387
I0204 23:31:10.412244 140417363757952 retrain.py:1084] 2020-02-04 23:31:10.412224: Step 950: Cross entropy = 0.342387
INFO:tensorflow:2020-02-04 23:31:10.483410: Step 950: Validation accuracy = 54.0% (N=100)
I0204 23:31:10.483469 140417363757952 retrain.py:1100] 2020-02-04 23:31:10.483410: Step 950: Validation accuracy = 54.0% (N=100)
INFO:tensorflow:2020-02-04 23:31:11.230727: Step 960: Train accuracy = 94.0%
I0204 23:31:11.230783 140417363757952 retrain.py:1082] 2020-02-04 23:31:11.230727: Step 960: Train accuracy = 94.0%
INFO:tensorflow:2020-02-04 23:31:11.230955: Step 960: Cross entropy = 0.353646
I0204 23:31:11.230974 140417363757952 retrain.py:1084] 2020-02-04 23:31:11.230955: Step 960: Cross entropy = 0.353646
INFO:tensorflow:2020-02-04 23:31:11.303592: Step 960: Validation accuracy = 50.0% (N=100)
I0204 23:31:11.303648 140417363757952 retrain.py:1100] 2020-02-04 23:31:11.303592: Step 960: Validation accuracy = 50.0% (N=100)
INFO:tensorflow:2020-02-04 23:31:12.049658: Step 970: Train accuracy = 88.0%
I0204 23:31:12.049715 140417363757952 retrain.py:1082] 2020-02-04 23:31:12.049658: Step 970: Train accuracy = 88.0%
INFO:tensorflow:2020-02-04 23:31:12.049900: Step 970: Cross entropy = 0.409059
I0204 23:31:12.049932 140417363757952 retrain.py:1084] 2020-02-04 23:31:12.049900: Step 970: Cross entropy = 0.409059
INFO:tensorflow:2020-02-04 23:31:12.123899: Step 970: Validation accuracy = 54.0% (N=100)
I0204 23:31:12.123965 140417363757952 retrain.py:1100] 2020-02-04 23:31:12.123899: Step 970: Validation accuracy = 54.0% (N=100)
INFO:tensorflow:2020-02-04 23:31:12.857720: Step 980: Train accuracy = 86.0%
I0204 23:31:12.857784 140417363757952 retrain.py:1082] 2020-02-04 23:31:12.857720: Step 980: Train accuracy = 86.0%
INFO:tensorflow:2020-02-04 23:31:12.857988: Step 980: Cross entropy = 0.394345
I0204 23:31:12.858025 140417363757952 retrain.py:1084] 2020-02-04 23:31:12.857988: Step 980: Cross entropy = 0.394345
INFO:tensorflow:2020-02-04 23:31:12.928644: Step 980: Validation accuracy = 60.0% (N=100)
I0204 23:31:12.928700 140417363757952 retrain.py:1100] 2020-02-04 23:31:12.928644: Step 980: Validation accuracy = 60.0% (N=100)
INFO:tensorflow:2020-02-04 23:31:13.673965: Step 990: Train accuracy = 91.0%
I0204 23:31:13.674021 140417363757952 retrain.py:1082] 2020-02-04 23:31:13.673965: Step 990: Train accuracy = 91.0%
INFO:tensorflow:2020-02-04 23:31:13.674202: Step 990: Cross entropy = 0.318833
I0204 23:31:13.674237 140417363757952 retrain.py:1084] 2020-02-04 23:31:13.674202: Step 990: Cross entropy = 0.318833
INFO:tensorflow:2020-02-04 23:31:13.747573: Step 990: Validation accuracy = 53.0% (N=100)
I0204 23:31:13.747643 140417363757952 retrain.py:1100] 2020-02-04 23:31:13.747573: Step 990: Validation accuracy = 53.0% (N=100)
INFO:tensorflow:2020-02-04 23:31:14.499243: Step 1000: Train accuracy = 92.0%
I0204 23:31:14.499319 140417363757952 retrain.py:1082] 2020-02-04 23:31:14.499243: Step 1000: Train accuracy = 92.0%
INFO:tensorflow:2020-02-04 23:31:14.499528: Step 1000: Cross entropy = 0.376579
I0204 23:31:14.499577 140417363757952 retrain.py:1084] 2020-02-04 23:31:14.499528: Step 1000: Cross entropy = 0.376579
INFO:tensorflow:2020-02-04 23:31:14.573169: Step 1000: Validation accuracy = 55.0% (N=100)
I0204 23:31:14.573251 140417363757952 retrain.py:1100] 2020-02-04 23:31:14.573169: Step 1000: Validation accuracy = 55.0% (N=100)
INFO:tensorflow:2020-02-04 23:31:15.314757: Step 1010: Train accuracy = 93.0%
I0204 23:31:15.314834 140417363757952 retrain.py:1082] 2020-02-04 23:31:15.314757: Step 1010: Train accuracy = 93.0%
INFO:tensorflow:2020-02-04 23:31:15.314972: Step 1010: Cross entropy = 0.351803
I0204 23:31:15.315002 140417363757952 retrain.py:1084] 2020-02-04 23:31:15.314972: Step 1010: Cross entropy = 0.351803
INFO:tensorflow:2020-02-04 23:31:15.388971: Step 1010: Validation accuracy = 60.0% (N=100)
I0204 23:31:15.389052 140417363757952 retrain.py:1100] 2020-02-04 23:31:15.388971: Step 1010: Validation accuracy = 60.0% (N=100)
INFO:tensorflow:2020-02-04 23:31:16.136638: Step 1020: Train accuracy = 96.0%
I0204 23:31:16.136695 140417363757952 retrain.py:1082] 2020-02-04 23:31:16.136638: Step 1020: Train accuracy = 96.0%
INFO:tensorflow:2020-02-04 23:31:16.136847: Step 1020: Cross entropy = 0.332350
I0204 23:31:16.136863 140417363757952 retrain.py:1084] 2020-02-04 23:31:16.136847: Step 1020: Cross entropy = 0.332350
INFO:tensorflow:2020-02-04 23:31:16.207410: Step 1020: Validation accuracy = 59.0% (N=100)
I0204 23:31:16.207490 140417363757952 retrain.py:1100] 2020-02-04 23:31:16.207410: Step 1020: Validation accuracy = 59.0% (N=100)
INFO:tensorflow:2020-02-04 23:31:16.952207: Step 1030: Train accuracy = 93.0%
I0204 23:31:16.952278 140417363757952 retrain.py:1082] 2020-02-04 23:31:16.952207: Step 1030: Train accuracy = 93.0%
INFO:tensorflow:2020-02-04 23:31:16.952436: Step 1030: Cross entropy = 0.358302
I0204 23:31:16.952471 140417363757952 retrain.py:1084] 2020-02-04 23:31:16.952436: Step 1030: Cross entropy = 0.358302
INFO:tensorflow:2020-02-04 23:31:17.025325: Step 1030: Validation accuracy = 55.0% (N=100)
I0204 23:31:17.025403 140417363757952 retrain.py:1100] 2020-02-04 23:31:17.025325: Step 1030: Validation accuracy = 55.0% (N=100)
INFO:tensorflow:2020-02-04 23:31:17.768738: Step 1040: Train accuracy = 94.0%
I0204 23:31:17.768806 140417363757952 retrain.py:1082] 2020-02-04 23:31:17.768738: Step 1040: Train accuracy = 94.0%
INFO:tensorflow:2020-02-04 23:31:17.768974: Step 1040: Cross entropy = 0.341189
I0204 23:31:17.768995 140417363757952 retrain.py:1084] 2020-02-04 23:31:17.768974: Step 1040: Cross entropy = 0.341189
INFO:tensorflow:2020-02-04 23:31:17.840475: Step 1040: Validation accuracy = 48.0% (N=100)
I0204 23:31:17.840540 140417363757952 retrain.py:1100] 2020-02-04 23:31:17.840475: Step 1040: Validation accuracy = 48.0% (N=100)
INFO:tensorflow:2020-02-04 23:31:18.591807: Step 1050: Train accuracy = 94.0%
I0204 23:31:18.591864 140417363757952 retrain.py:1082] 2020-02-04 23:31:18.591807: Step 1050: Train accuracy = 94.0%
INFO:tensorflow:2020-02-04 23:31:18.592048: Step 1050: Cross entropy = 0.325531
I0204 23:31:18.592071 140417363757952 retrain.py:1084] 2020-02-04 23:31:18.592048: Step 1050: Cross entropy = 0.325531
INFO:tensorflow:2020-02-04 23:31:18.662692: Step 1050: Validation accuracy = 51.0% (N=100)
I0204 23:31:18.662750 140417363757952 retrain.py:1100] 2020-02-04 23:31:18.662692: Step 1050: Validation accuracy = 51.0% (N=100)
INFO:tensorflow:2020-02-04 23:31:19.403329: Step 1060: Train accuracy = 96.0%
I0204 23:31:19.403409 140417363757952 retrain.py:1082] 2020-02-04 23:31:19.403329: Step 1060: Train accuracy = 96.0%
INFO:tensorflow:2020-02-04 23:31:19.403571: Step 1060: Cross entropy = 0.330629
I0204 23:31:19.403610 140417363757952 retrain.py:1084] 2020-02-04 23:31:19.403571: Step 1060: Cross entropy = 0.330629
INFO:tensorflow:2020-02-04 23:31:19.475929: Step 1060: Validation accuracy = 43.0% (N=100)
I0204 23:31:19.475997 140417363757952 retrain.py:1100] 2020-02-04 23:31:19.475929: Step 1060: Validation accuracy = 43.0% (N=100)
INFO:tensorflow:2020-02-04 23:31:20.228804: Step 1070: Train accuracy = 91.0%
I0204 23:31:20.228865 140417363757952 retrain.py:1082] 2020-02-04 23:31:20.228804: Step 1070: Train accuracy = 91.0%
INFO:tensorflow:2020-02-04 23:31:20.229044: Step 1070: Cross entropy = 0.338229
I0204 23:31:20.229075 140417363757952 retrain.py:1084] 2020-02-04 23:31:20.229044: Step 1070: Cross entropy = 0.338229
INFO:tensorflow:2020-02-04 23:31:20.300148: Step 1070: Validation accuracy = 42.0% (N=100)
I0204 23:31:20.300238 140417363757952 retrain.py:1100] 2020-02-04 23:31:20.300148: Step 1070: Validation accuracy = 42.0% (N=100)
INFO:tensorflow:2020-02-04 23:31:21.049023: Step 1080: Train accuracy = 94.0%
I0204 23:31:21.049091 140417363757952 retrain.py:1082] 2020-02-04 23:31:21.049023: Step 1080: Train accuracy = 94.0%
INFO:tensorflow:2020-02-04 23:31:21.049290: Step 1080: Cross entropy = 0.309373
I0204 23:31:21.049310 140417363757952 retrain.py:1084] 2020-02-04 23:31:21.049290: Step 1080: Cross entropy = 0.309373
INFO:tensorflow:2020-02-04 23:31:21.123454: Step 1080: Validation accuracy = 52.0% (N=100)
I0204 23:31:21.123510 140417363757952 retrain.py:1100] 2020-02-04 23:31:21.123454: Step 1080: Validation accuracy = 52.0% (N=100)
INFO:tensorflow:2020-02-04 23:31:21.867974: Step 1090: Train accuracy = 98.0%
I0204 23:31:21.868066 140417363757952 retrain.py:1082] 2020-02-04 23:31:21.867974: Step 1090: Train accuracy = 98.0%
INFO:tensorflow:2020-02-04 23:31:21.868196: Step 1090: Cross entropy = 0.307499
I0204 23:31:21.868212 140417363757952 retrain.py:1084] 2020-02-04 23:31:21.868196: Step 1090: Cross entropy = 0.307499
INFO:tensorflow:2020-02-04 23:31:21.939442: Step 1090: Validation accuracy = 55.0% (N=100)
I0204 23:31:21.939498 140417363757952 retrain.py:1100] 2020-02-04 23:31:21.939442: Step 1090: Validation accuracy = 55.0% (N=100)
INFO:tensorflow:2020-02-04 23:31:22.689168: Step 1100: Train accuracy = 95.0%
I0204 23:31:22.689225 140417363757952 retrain.py:1082] 2020-02-04 23:31:22.689168: Step 1100: Train accuracy = 95.0%
INFO:tensorflow:2020-02-04 23:31:22.689419: Step 1100: Cross entropy = 0.337845
I0204 23:31:22.689442 140417363757952 retrain.py:1084] 2020-02-04 23:31:22.689419: Step 1100: Cross entropy = 0.337845
INFO:tensorflow:2020-02-04 23:31:22.760482: Step 1100: Validation accuracy = 56.0% (N=100)
I0204 23:31:22.760547 140417363757952 retrain.py:1100] 2020-02-04 23:31:22.760482: Step 1100: Validation accuracy = 56.0% (N=100)
INFO:tensorflow:2020-02-04 23:31:23.498548: Step 1110: Train accuracy = 94.0%
I0204 23:31:23.498618 140417363757952 retrain.py:1082] 2020-02-04 23:31:23.498548: Step 1110: Train accuracy = 94.0%
INFO:tensorflow:2020-02-04 23:31:23.498837: Step 1110: Cross entropy = 0.361971
I0204 23:31:23.498862 140417363757952 retrain.py:1084] 2020-02-04 23:31:23.498837: Step 1110: Cross entropy = 0.361971
INFO:tensorflow:2020-02-04 23:31:23.571676: Step 1110: Validation accuracy = 51.0% (N=100)
I0204 23:31:23.571744 140417363757952 retrain.py:1100] 2020-02-04 23:31:23.571676: Step 1110: Validation accuracy = 51.0% (N=100)
INFO:tensorflow:2020-02-04 23:31:24.311566: Step 1120: Train accuracy = 95.0%
I0204 23:31:24.311621 140417363757952 retrain.py:1082] 2020-02-04 23:31:24.311566: Step 1120: Train accuracy = 95.0%
INFO:tensorflow:2020-02-04 23:31:24.311995: Step 1120: Cross entropy = 0.321944
I0204 23:31:24.312021 140417363757952 retrain.py:1084] 2020-02-04 23:31:24.311995: Step 1120: Cross entropy = 0.321944
INFO:tensorflow:2020-02-04 23:31:24.381851: Step 1120: Validation accuracy = 60.0% (N=100)
I0204 23:31:24.381956 140417363757952 retrain.py:1100] 2020-02-04 23:31:24.381851: Step 1120: Validation accuracy = 60.0% (N=100)
INFO:tensorflow:2020-02-04 23:31:25.125947: Step 1130: Train accuracy = 95.0%
I0204 23:31:25.126018 140417363757952 retrain.py:1082] 2020-02-04 23:31:25.125947: Step 1130: Train accuracy = 95.0%
INFO:tensorflow:2020-02-04 23:31:25.126185: Step 1130: Cross entropy = 0.353197
I0204 23:31:25.126202 140417363757952 retrain.py:1084] 2020-02-04 23:31:25.126185: Step 1130: Cross entropy = 0.353197
INFO:tensorflow:2020-02-04 23:31:25.198503: Step 1130: Validation accuracy = 49.0% (N=100)
I0204 23:31:25.198568 140417363757952 retrain.py:1100] 2020-02-04 23:31:25.198503: Step 1130: Validation accuracy = 49.0% (N=100)
INFO:tensorflow:2020-02-04 23:31:25.948780: Step 1140: Train accuracy = 94.0%
I0204 23:31:25.948846 140417363757952 retrain.py:1082] 2020-02-04 23:31:25.948780: Step 1140: Train accuracy = 94.0%
INFO:tensorflow:2020-02-04 23:31:25.949032: Step 1140: Cross entropy = 0.347265
I0204 23:31:25.949057 140417363757952 retrain.py:1084] 2020-02-04 23:31:25.949032: Step 1140: Cross entropy = 0.347265
INFO:tensorflow:2020-02-04 23:31:26.021932: Step 1140: Validation accuracy = 52.0% (N=100)
I0204 23:31:26.022013 140417363757952 retrain.py:1100] 2020-02-04 23:31:26.021932: Step 1140: Validation accuracy = 52.0% (N=100)
INFO:tensorflow:2020-02-04 23:31:26.765540: Step 1150: Train accuracy = 96.0%
I0204 23:31:26.765613 140417363757952 retrain.py:1082] 2020-02-04 23:31:26.765540: Step 1150: Train accuracy = 96.0%
INFO:tensorflow:2020-02-04 23:31:26.765805: Step 1150: Cross entropy = 0.288985
I0204 23:31:26.765832 140417363757952 retrain.py:1084] 2020-02-04 23:31:26.765805: Step 1150: Cross entropy = 0.288985
INFO:tensorflow:2020-02-04 23:31:26.838137: Step 1150: Validation accuracy = 39.0% (N=100)
I0204 23:31:26.838193 140417363757952 retrain.py:1100] 2020-02-04 23:31:26.838137: Step 1150: Validation accuracy = 39.0% (N=100)
INFO:tensorflow:2020-02-04 23:31:27.577583: Step 1160: Train accuracy = 97.0%
I0204 23:31:27.577651 140417363757952 retrain.py:1082] 2020-02-04 23:31:27.577583: Step 1160: Train accuracy = 97.0%
INFO:tensorflow:2020-02-04 23:31:27.577832: Step 1160: Cross entropy = 0.334546
I0204 23:31:27.577852 140417363757952 retrain.py:1084] 2020-02-04 23:31:27.577832: Step 1160: Cross entropy = 0.334546
INFO:tensorflow:2020-02-04 23:31:27.651941: Step 1160: Validation accuracy = 48.0% (N=100)
I0204 23:31:27.652011 140417363757952 retrain.py:1100] 2020-02-04 23:31:27.651941: Step 1160: Validation accuracy = 48.0% (N=100)
INFO:tensorflow:2020-02-04 23:31:28.401117: Step 1170: Train accuracy = 95.0%
I0204 23:31:28.401181 140417363757952 retrain.py:1082] 2020-02-04 23:31:28.401117: Step 1170: Train accuracy = 95.0%
INFO:tensorflow:2020-02-04 23:31:28.401354: Step 1170: Cross entropy = 0.314037
I0204 23:31:28.401385 140417363757952 retrain.py:1084] 2020-02-04 23:31:28.401354: Step 1170: Cross entropy = 0.314037
INFO:tensorflow:2020-02-04 23:31:28.472975: Step 1170: Validation accuracy = 59.0% (N=100)
I0204 23:31:28.473055 140417363757952 retrain.py:1100] 2020-02-04 23:31:28.472975: Step 1170: Validation accuracy = 59.0% (N=100)
INFO:tensorflow:2020-02-04 23:31:29.220851: Step 1180: Train accuracy = 95.0%
I0204 23:31:29.220916 140417363757952 retrain.py:1082] 2020-02-04 23:31:29.220851: Step 1180: Train accuracy = 95.0%
INFO:tensorflow:2020-02-04 23:31:29.221201: Step 1180: Cross entropy = 0.311008
I0204 23:31:29.221220 140417363757952 retrain.py:1084] 2020-02-04 23:31:29.221201: Step 1180: Cross entropy = 0.311008
INFO:tensorflow:2020-02-04 23:31:29.291840: Step 1180: Validation accuracy = 49.0% (N=100)
I0204 23:31:29.291909 140417363757952 retrain.py:1100] 2020-02-04 23:31:29.291840: Step 1180: Validation accuracy = 49.0% (N=100)
INFO:tensorflow:2020-02-04 23:31:30.033425: Step 1190: Train accuracy = 93.0%
I0204 23:31:30.033506 140417363757952 retrain.py:1082] 2020-02-04 23:31:30.033425: Step 1190: Train accuracy = 93.0%
INFO:tensorflow:2020-02-04 23:31:30.033669: Step 1190: Cross entropy = 0.300576
I0204 23:31:30.033688 140417363757952 retrain.py:1084] 2020-02-04 23:31:30.033669: Step 1190: Cross entropy = 0.300576
INFO:tensorflow:2020-02-04 23:31:30.107334: Step 1190: Validation accuracy = 52.0% (N=100)
I0204 23:31:30.107403 140417363757952 retrain.py:1100] 2020-02-04 23:31:30.107334: Step 1190: Validation accuracy = 52.0% (N=100)
INFO:tensorflow:2020-02-04 23:31:30.847731: Step 1200: Train accuracy = 94.0%
I0204 23:31:30.847785 140417363757952 retrain.py:1082] 2020-02-04 23:31:30.847731: Step 1200: Train accuracy = 94.0%
INFO:tensorflow:2020-02-04 23:31:30.847969: Step 1200: Cross entropy = 0.313182
I0204 23:31:30.848007 140417363757952 retrain.py:1084] 2020-02-04 23:31:30.847969: Step 1200: Cross entropy = 0.313182
INFO:tensorflow:2020-02-04 23:31:30.920007: Step 1200: Validation accuracy = 43.0% (N=100)
I0204 23:31:30.920088 140417363757952 retrain.py:1100] 2020-02-04 23:31:30.920007: Step 1200: Validation accuracy = 43.0% (N=100)
INFO:tensorflow:2020-02-04 23:31:31.660828: Step 1210: Train accuracy = 96.0%
I0204 23:31:31.660917 140417363757952 retrain.py:1082] 2020-02-04 23:31:31.660828: Step 1210: Train accuracy = 96.0%
INFO:tensorflow:2020-02-04 23:31:31.661070: Step 1210: Cross entropy = 0.324392
I0204 23:31:31.661100 140417363757952 retrain.py:1084] 2020-02-04 23:31:31.661070: Step 1210: Cross entropy = 0.324392
INFO:tensorflow:2020-02-04 23:31:31.731571: Step 1210: Validation accuracy = 59.0% (N=100)
I0204 23:31:31.731651 140417363757952 retrain.py:1100] 2020-02-04 23:31:31.731571: Step 1210: Validation accuracy = 59.0% (N=100)
INFO:tensorflow:2020-02-04 23:31:32.511879: Step 1220: Train accuracy = 92.0%
I0204 23:31:32.511971 140417363757952 retrain.py:1082] 2020-02-04 23:31:32.511879: Step 1220: Train accuracy = 92.0%
INFO:tensorflow:2020-02-04 23:31:32.512133: Step 1220: Cross entropy = 0.337730
I0204 23:31:32.512167 140417363757952 retrain.py:1084] 2020-02-04 23:31:32.512133: Step 1220: Cross entropy = 0.337730
INFO:tensorflow:2020-02-04 23:31:32.585167: Step 1220: Validation accuracy = 41.0% (N=100)
I0204 23:31:32.585223 140417363757952 retrain.py:1100] 2020-02-04 23:31:32.585167: Step 1220: Validation accuracy = 41.0% (N=100)
INFO:tensorflow:2020-02-04 23:31:33.330552: Step 1230: Train accuracy = 97.0%
I0204 23:31:33.330621 140417363757952 retrain.py:1082] 2020-02-04 23:31:33.330552: Step 1230: Train accuracy = 97.0%
INFO:tensorflow:2020-02-04 23:31:33.330748: Step 1230: Cross entropy = 0.296261
I0204 23:31:33.330773 140417363757952 retrain.py:1084] 2020-02-04 23:31:33.330748: Step 1230: Cross entropy = 0.296261
INFO:tensorflow:2020-02-04 23:31:33.402448: Step 1230: Validation accuracy = 49.0% (N=100)
I0204 23:31:33.402513 140417363757952 retrain.py:1100] 2020-02-04 23:31:33.402448: Step 1230: Validation accuracy = 49.0% (N=100)
INFO:tensorflow:2020-02-04 23:31:34.158602: Step 1240: Train accuracy = 93.0%
I0204 23:31:34.158658 140417363757952 retrain.py:1082] 2020-02-04 23:31:34.158602: Step 1240: Train accuracy = 93.0%
INFO:tensorflow:2020-02-04 23:31:34.158835: Step 1240: Cross entropy = 0.346523
I0204 23:31:34.158853 140417363757952 retrain.py:1084] 2020-02-04 23:31:34.158835: Step 1240: Cross entropy = 0.346523
INFO:tensorflow:2020-02-04 23:31:34.236611: Step 1240: Validation accuracy = 44.0% (N=100)
I0204 23:31:34.236681 140417363757952 retrain.py:1100] 2020-02-04 23:31:34.236611: Step 1240: Validation accuracy = 44.0% (N=100)
INFO:tensorflow:2020-02-04 23:31:35.003423: Step 1250: Train accuracy = 95.0%
I0204 23:31:35.003503 140417363757952 retrain.py:1082] 2020-02-04 23:31:35.003423: Step 1250: Train accuracy = 95.0%
INFO:tensorflow:2020-02-04 23:31:35.003654: Step 1250: Cross entropy = 0.279314
I0204 23:31:35.003675 140417363757952 retrain.py:1084] 2020-02-04 23:31:35.003654: Step 1250: Cross entropy = 0.279314
INFO:tensorflow:2020-02-04 23:31:35.076602: Step 1250: Validation accuracy = 52.0% (N=100)
I0204 23:31:35.076661 140417363757952 retrain.py:1100] 2020-02-04 23:31:35.076602: Step 1250: Validation accuracy = 52.0% (N=100)
INFO:tensorflow:2020-02-04 23:31:35.831500: Step 1260: Train accuracy = 95.0%
I0204 23:31:35.831565 140417363757952 retrain.py:1082] 2020-02-04 23:31:35.831500: Step 1260: Train accuracy = 95.0%
INFO:tensorflow:2020-02-04 23:31:35.831721: Step 1260: Cross entropy = 0.298342
I0204 23:31:35.831742 140417363757952 retrain.py:1084] 2020-02-04 23:31:35.831721: Step 1260: Cross entropy = 0.298342
INFO:tensorflow:2020-02-04 23:31:35.903125: Step 1260: Validation accuracy = 47.0% (N=100)
I0204 23:31:35.903182 140417363757952 retrain.py:1100] 2020-02-04 23:31:35.903125: Step 1260: Validation accuracy = 47.0% (N=100)
INFO:tensorflow:2020-02-04 23:31:36.649658: Step 1270: Train accuracy = 97.0%
I0204 23:31:36.649730 140417363757952 retrain.py:1082] 2020-02-04 23:31:36.649658: Step 1270: Train accuracy = 97.0%
INFO:tensorflow:2020-02-04 23:31:36.649937: Step 1270: Cross entropy = 0.298229
I0204 23:31:36.649955 140417363757952 retrain.py:1084] 2020-02-04 23:31:36.649937: Step 1270: Cross entropy = 0.298229
INFO:tensorflow:2020-02-04 23:31:36.721111: Step 1270: Validation accuracy = 50.0% (N=100)
I0204 23:31:36.721177 140417363757952 retrain.py:1100] 2020-02-04 23:31:36.721111: Step 1270: Validation accuracy = 50.0% (N=100)
INFO:tensorflow:2020-02-04 23:31:37.469809: Step 1280: Train accuracy = 92.0%
I0204 23:31:37.469864 140417363757952 retrain.py:1082] 2020-02-04 23:31:37.469809: Step 1280: Train accuracy = 92.0%
INFO:tensorflow:2020-02-04 23:31:37.470078: Step 1280: Cross entropy = 0.338172
I0204 23:31:37.470104 140417363757952 retrain.py:1084] 2020-02-04 23:31:37.470078: Step 1280: Cross entropy = 0.338172
INFO:tensorflow:2020-02-04 23:31:37.542398: Step 1280: Validation accuracy = 43.0% (N=100)
I0204 23:31:37.542454 140417363757952 retrain.py:1100] 2020-02-04 23:31:37.542398: Step 1280: Validation accuracy = 43.0% (N=100)
INFO:tensorflow:2020-02-04 23:31:38.291704: Step 1290: Train accuracy = 98.0%
I0204 23:31:38.291786 140417363757952 retrain.py:1082] 2020-02-04 23:31:38.291704: Step 1290: Train accuracy = 98.0%
INFO:tensorflow:2020-02-04 23:31:38.291952: Step 1290: Cross entropy = 0.310081
I0204 23:31:38.291973 140417363757952 retrain.py:1084] 2020-02-04 23:31:38.291952: Step 1290: Cross entropy = 0.310081
INFO:tensorflow:2020-02-04 23:31:38.365598: Step 1290: Validation accuracy = 58.0% (N=100)
I0204 23:31:38.365665 140417363757952 retrain.py:1100] 2020-02-04 23:31:38.365598: Step 1290: Validation accuracy = 58.0% (N=100)
INFO:tensorflow:2020-02-04 23:31:39.132535: Step 1300: Train accuracy = 97.0%
I0204 23:31:39.132622 140417363757952 retrain.py:1082] 2020-02-04 23:31:39.132535: Step 1300: Train accuracy = 97.0%
INFO:tensorflow:2020-02-04 23:31:39.132837: Step 1300: Cross entropy = 0.298834
I0204 23:31:39.132866 140417363757952 retrain.py:1084] 2020-02-04 23:31:39.132837: Step 1300: Cross entropy = 0.298834
INFO:tensorflow:2020-02-04 23:31:39.204760: Step 1300: Validation accuracy = 50.0% (N=100)
I0204 23:31:39.204839 140417363757952 retrain.py:1100] 2020-02-04 23:31:39.204760: Step 1300: Validation accuracy = 50.0% (N=100)
INFO:tensorflow:2020-02-04 23:31:39.947647: Step 1310: Train accuracy = 94.0%
I0204 23:31:39.947719 140417363757952 retrain.py:1082] 2020-02-04 23:31:39.947647: Step 1310: Train accuracy = 94.0%
INFO:tensorflow:2020-02-04 23:31:39.947892: Step 1310: Cross entropy = 0.340716
I0204 23:31:39.947910 140417363757952 retrain.py:1084] 2020-02-04 23:31:39.947892: Step 1310: Cross entropy = 0.340716
INFO:tensorflow:2020-02-04 23:31:40.022611: Step 1310: Validation accuracy = 49.0% (N=100)
I0204 23:31:40.022693 140417363757952 retrain.py:1100] 2020-02-04 23:31:40.022611: Step 1310: Validation accuracy = 49.0% (N=100)
INFO:tensorflow:2020-02-04 23:31:40.776345: Step 1320: Train accuracy = 97.0%
I0204 23:31:40.776424 140417363757952 retrain.py:1082] 2020-02-04 23:31:40.776345: Step 1320: Train accuracy = 97.0%
INFO:tensorflow:2020-02-04 23:31:40.776631: Step 1320: Cross entropy = 0.309001
I0204 23:31:40.776654 140417363757952 retrain.py:1084] 2020-02-04 23:31:40.776631: Step 1320: Cross entropy = 0.309001
INFO:tensorflow:2020-02-04 23:31:40.847172: Step 1320: Validation accuracy = 61.0% (N=100)
I0204 23:31:40.847238 140417363757952 retrain.py:1100] 2020-02-04 23:31:40.847172: Step 1320: Validation accuracy = 61.0% (N=100)
INFO:tensorflow:2020-02-04 23:31:41.611653: Step 1330: Train accuracy = 97.0%
I0204 23:31:41.611708 140417363757952 retrain.py:1082] 2020-02-04 23:31:41.611653: Step 1330: Train accuracy = 97.0%
INFO:tensorflow:2020-02-04 23:31:41.611901: Step 1330: Cross entropy = 0.281842
I0204 23:31:41.611923 140417363757952 retrain.py:1084] 2020-02-04 23:31:41.611901: Step 1330: Cross entropy = 0.281842
INFO:tensorflow:2020-02-04 23:31:41.683319: Step 1330: Validation accuracy = 55.0% (N=100)
I0204 23:31:41.683386 140417363757952 retrain.py:1100] 2020-02-04 23:31:41.683319: Step 1330: Validation accuracy = 55.0% (N=100)
INFO:tensorflow:2020-02-04 23:31:42.436852: Step 1340: Train accuracy = 92.0%
I0204 23:31:42.436921 140417363757952 retrain.py:1082] 2020-02-04 23:31:42.436852: Step 1340: Train accuracy = 92.0%
INFO:tensorflow:2020-02-04 23:31:42.437109: Step 1340: Cross entropy = 0.325057
I0204 23:31:42.437129 140417363757952 retrain.py:1084] 2020-02-04 23:31:42.437109: Step 1340: Cross entropy = 0.325057
INFO:tensorflow:2020-02-04 23:31:42.508514: Step 1340: Validation accuracy = 47.0% (N=100)
I0204 23:31:42.508583 140417363757952 retrain.py:1100] 2020-02-04 23:31:42.508514: Step 1340: Validation accuracy = 47.0% (N=100)
INFO:tensorflow:2020-02-04 23:31:43.258661: Step 1350: Train accuracy = 94.0%
I0204 23:31:43.258752 140417363757952 retrain.py:1082] 2020-02-04 23:31:43.258661: Step 1350: Train accuracy = 94.0%
INFO:tensorflow:2020-02-04 23:31:43.258916: Step 1350: Cross entropy = 0.304502
I0204 23:31:43.258953 140417363757952 retrain.py:1084] 2020-02-04 23:31:43.258916: Step 1350: Cross entropy = 0.304502
INFO:tensorflow:2020-02-04 23:31:43.329438: Step 1350: Validation accuracy = 46.0% (N=100)
I0204 23:31:43.329518 140417363757952 retrain.py:1100] 2020-02-04 23:31:43.329438: Step 1350: Validation accuracy = 46.0% (N=100)
INFO:tensorflow:2020-02-04 23:31:44.074357: Step 1360: Train accuracy = 95.0%
I0204 23:31:44.074416 140417363757952 retrain.py:1082] 2020-02-04 23:31:44.074357: Step 1360: Train accuracy = 95.0%
INFO:tensorflow:2020-02-04 23:31:44.074622: Step 1360: Cross entropy = 0.277249
I0204 23:31:44.074641 140417363757952 retrain.py:1084] 2020-02-04 23:31:44.074622: Step 1360: Cross entropy = 0.277249
INFO:tensorflow:2020-02-04 23:31:44.148246: Step 1360: Validation accuracy = 49.0% (N=100)
I0204 23:31:44.148302 140417363757952 retrain.py:1100] 2020-02-04 23:31:44.148246: Step 1360: Validation accuracy = 49.0% (N=100)
INFO:tensorflow:2020-02-04 23:31:44.897092: Step 1370: Train accuracy = 96.0%
I0204 23:31:44.897147 140417363757952 retrain.py:1082] 2020-02-04 23:31:44.897092: Step 1370: Train accuracy = 96.0%
INFO:tensorflow:2020-02-04 23:31:44.897322: Step 1370: Cross entropy = 0.292692
I0204 23:31:44.897341 140417363757952 retrain.py:1084] 2020-02-04 23:31:44.897322: Step 1370: Cross entropy = 0.292692
INFO:tensorflow:2020-02-04 23:31:44.972381: Step 1370: Validation accuracy = 44.0% (N=100)
I0204 23:31:44.972458 140417363757952 retrain.py:1100] 2020-02-04 23:31:44.972381: Step 1370: Validation accuracy = 44.0% (N=100)
INFO:tensorflow:2020-02-04 23:31:45.721837: Step 1380: Train accuracy = 100.0%
I0204 23:31:45.721922 140417363757952 retrain.py:1082] 2020-02-04 23:31:45.721837: Step 1380: Train accuracy = 100.0%
INFO:tensorflow:2020-02-04 23:31:45.722078: Step 1380: Cross entropy = 0.292305
I0204 23:31:45.722095 140417363757952 retrain.py:1084] 2020-02-04 23:31:45.722078: Step 1380: Cross entropy = 0.292305
INFO:tensorflow:2020-02-04 23:31:45.793442: Step 1380: Validation accuracy = 45.0% (N=100)
I0204 23:31:45.793509 140417363757952 retrain.py:1100] 2020-02-04 23:31:45.793442: Step 1380: Validation accuracy = 45.0% (N=100)
INFO:tensorflow:2020-02-04 23:31:46.539066: Step 1390: Train accuracy = 97.0%
I0204 23:31:46.539151 140417363757952 retrain.py:1082] 2020-02-04 23:31:46.539066: Step 1390: Train accuracy = 97.0%
INFO:tensorflow:2020-02-04 23:31:46.539316: Step 1390: Cross entropy = 0.266699
I0204 23:31:46.539335 140417363757952 retrain.py:1084] 2020-02-04 23:31:46.539316: Step 1390: Cross entropy = 0.266699
INFO:tensorflow:2020-02-04 23:31:46.612757: Step 1390: Validation accuracy = 52.0% (N=100)
I0204 23:31:46.612825 140417363757952 retrain.py:1100] 2020-02-04 23:31:46.612757: Step 1390: Validation accuracy = 52.0% (N=100)
INFO:tensorflow:2020-02-04 23:31:47.358064: Step 1400: Train accuracy = 96.0%
I0204 23:31:47.358121 140417363757952 retrain.py:1082] 2020-02-04 23:31:47.358064: Step 1400: Train accuracy = 96.0%
INFO:tensorflow:2020-02-04 23:31:47.358314: Step 1400: Cross entropy = 0.322707
I0204 23:31:47.358340 140417363757952 retrain.py:1084] 2020-02-04 23:31:47.358314: Step 1400: Cross entropy = 0.322707
INFO:tensorflow:2020-02-04 23:31:47.429639: Step 1400: Validation accuracy = 48.0% (N=100)
I0204 23:31:47.429696 140417363757952 retrain.py:1100] 2020-02-04 23:31:47.429639: Step 1400: Validation accuracy = 48.0% (N=100)
INFO:tensorflow:2020-02-04 23:31:48.170487: Step 1410: Train accuracy = 100.0%
I0204 23:31:48.170542 140417363757952 retrain.py:1082] 2020-02-04 23:31:48.170487: Step 1410: Train accuracy = 100.0%
INFO:tensorflow:2020-02-04 23:31:48.170695: Step 1410: Cross entropy = 0.291686
I0204 23:31:48.170720 140417363757952 retrain.py:1084] 2020-02-04 23:31:48.170695: Step 1410: Cross entropy = 0.291686
INFO:tensorflow:2020-02-04 23:31:48.242328: Step 1410: Validation accuracy = 40.0% (N=100)
I0204 23:31:48.242383 140417363757952 retrain.py:1100] 2020-02-04 23:31:48.242328: Step 1410: Validation accuracy = 40.0% (N=100)
INFO:tensorflow:2020-02-04 23:31:49.001172: Step 1420: Train accuracy = 97.0%
I0204 23:31:49.001228 140417363757952 retrain.py:1082] 2020-02-04 23:31:49.001172: Step 1420: Train accuracy = 97.0%
INFO:tensorflow:2020-02-04 23:31:49.001412: Step 1420: Cross entropy = 0.271735
I0204 23:31:49.001430 140417363757952 retrain.py:1084] 2020-02-04 23:31:49.001412: Step 1420: Cross entropy = 0.271735
INFO:tensorflow:2020-02-04 23:31:49.074252: Step 1420: Validation accuracy = 54.0% (N=100)
I0204 23:31:49.074317 140417363757952 retrain.py:1100] 2020-02-04 23:31:49.074252: Step 1420: Validation accuracy = 54.0% (N=100)
INFO:tensorflow:2020-02-04 23:31:49.819531: Step 1430: Train accuracy = 97.0%
I0204 23:31:49.819591 140417363757952 retrain.py:1082] 2020-02-04 23:31:49.819531: Step 1430: Train accuracy = 97.0%
INFO:tensorflow:2020-02-04 23:31:49.819770: Step 1430: Cross entropy = 0.301565
I0204 23:31:49.819789 140417363757952 retrain.py:1084] 2020-02-04 23:31:49.819770: Step 1430: Cross entropy = 0.301565
INFO:tensorflow:2020-02-04 23:31:49.890157: Step 1430: Validation accuracy = 56.0% (N=100)
I0204 23:31:49.890239 140417363757952 retrain.py:1100] 2020-02-04 23:31:49.890157: Step 1430: Validation accuracy = 56.0% (N=100)
INFO:tensorflow:2020-02-04 23:31:50.640089: Step 1440: Train accuracy = 96.0%
I0204 23:31:50.640171 140417363757952 retrain.py:1082] 2020-02-04 23:31:50.640089: Step 1440: Train accuracy = 96.0%
INFO:tensorflow:2020-02-04 23:31:50.640345: Step 1440: Cross entropy = 0.307835
I0204 23:31:50.640364 140417363757952 retrain.py:1084] 2020-02-04 23:31:50.640345: Step 1440: Cross entropy = 0.307835
INFO:tensorflow:2020-02-04 23:31:50.712625: Step 1440: Validation accuracy = 42.0% (N=100)
I0204 23:31:50.712691 140417363757952 retrain.py:1100] 2020-02-04 23:31:50.712625: Step 1440: Validation accuracy = 42.0% (N=100)
INFO:tensorflow:2020-02-04 23:31:51.463380: Step 1450: Train accuracy = 97.0%
I0204 23:31:51.463447 140417363757952 retrain.py:1082] 2020-02-04 23:31:51.463380: Step 1450: Train accuracy = 97.0%
INFO:tensorflow:2020-02-04 23:31:51.463594: Step 1450: Cross entropy = 0.312523
I0204 23:31:51.463610 140417363757952 retrain.py:1084] 2020-02-04 23:31:51.463594: Step 1450: Cross entropy = 0.312523
INFO:tensorflow:2020-02-04 23:31:51.537170: Step 1450: Validation accuracy = 63.0% (N=100)
I0204 23:31:51.537238 140417363757952 retrain.py:1100] 2020-02-04 23:31:51.537170: Step 1450: Validation accuracy = 63.0% (N=100)
INFO:tensorflow:2020-02-04 23:31:52.281234: Step 1460: Train accuracy = 98.0%
I0204 23:31:52.281324 140417363757952 retrain.py:1082] 2020-02-04 23:31:52.281234: Step 1460: Train accuracy = 98.0%
INFO:tensorflow:2020-02-04 23:31:52.281479: Step 1460: Cross entropy = 0.307509
I0204 23:31:52.281508 140417363757952 retrain.py:1084] 2020-02-04 23:31:52.281479: Step 1460: Cross entropy = 0.307509
INFO:tensorflow:2020-02-04 23:31:52.352942: Step 1460: Validation accuracy = 41.0% (N=100)
I0204 23:31:52.352997 140417363757952 retrain.py:1100] 2020-02-04 23:31:52.352942: Step 1460: Validation accuracy = 41.0% (N=100)
INFO:tensorflow:2020-02-04 23:31:53.105989: Step 1470: Train accuracy = 97.0%
I0204 23:31:53.106046 140417363757952 retrain.py:1082] 2020-02-04 23:31:53.105989: Step 1470: Train accuracy = 97.0%
INFO:tensorflow:2020-02-04 23:31:53.106224: Step 1470: Cross entropy = 0.311873
I0204 23:31:53.106246 140417363757952 retrain.py:1084] 2020-02-04 23:31:53.106224: Step 1470: Cross entropy = 0.311873
INFO:tensorflow:2020-02-04 23:31:53.178735: Step 1470: Validation accuracy = 49.0% (N=100)
I0204 23:31:53.178793 140417363757952 retrain.py:1100] 2020-02-04 23:31:53.178735: Step 1470: Validation accuracy = 49.0% (N=100)
INFO:tensorflow:2020-02-04 23:31:53.926856: Step 1480: Train accuracy = 98.0%
I0204 23:31:53.927028 140417363757952 retrain.py:1082] 2020-02-04 23:31:53.926856: Step 1480: Train accuracy = 98.0%
INFO:tensorflow:2020-02-04 23:31:53.927186: Step 1480: Cross entropy = 0.275665
I0204 23:31:53.927212 140417363757952 retrain.py:1084] 2020-02-04 23:31:53.927186: Step 1480: Cross entropy = 0.275665
INFO:tensorflow:2020-02-04 23:31:53.999921: Step 1480: Validation accuracy = 49.0% (N=100)
I0204 23:31:54.000010 140417363757952 retrain.py:1100] 2020-02-04 23:31:53.999921: Step 1480: Validation accuracy = 49.0% (N=100)
INFO:tensorflow:2020-02-04 23:31:54.744312: Step 1490: Train accuracy = 98.0%
I0204 23:31:54.744367 140417363757952 retrain.py:1082] 2020-02-04 23:31:54.744312: Step 1490: Train accuracy = 98.0%
INFO:tensorflow:2020-02-04 23:31:54.744554: Step 1490: Cross entropy = 0.280052
I0204 23:31:54.744572 140417363757952 retrain.py:1084] 2020-02-04 23:31:54.744554: Step 1490: Cross entropy = 0.280052
INFO:tensorflow:2020-02-04 23:31:54.816330: Step 1490: Validation accuracy = 49.0% (N=100)
I0204 23:31:54.816429 140417363757952 retrain.py:1100] 2020-02-04 23:31:54.816330: Step 1490: Validation accuracy = 49.0% (N=100)
INFO:tensorflow:2020-02-04 23:31:55.564577: Step 1500: Train accuracy = 97.0%
I0204 23:31:55.564633 140417363757952 retrain.py:1082] 2020-02-04 23:31:55.564577: Step 1500: Train accuracy = 97.0%
INFO:tensorflow:2020-02-04 23:31:55.564814: Step 1500: Cross entropy = 0.265817
I0204 23:31:55.564834 140417363757952 retrain.py:1084] 2020-02-04 23:31:55.564814: Step 1500: Cross entropy = 0.265817
INFO:tensorflow:2020-02-04 23:31:55.637570: Step 1500: Validation accuracy = 56.0% (N=100)
I0204 23:31:55.637650 140417363757952 retrain.py:1100] 2020-02-04 23:31:55.637570: Step 1500: Validation accuracy = 56.0% (N=100)
INFO:tensorflow:2020-02-04 23:31:56.384727: Step 1510: Train accuracy = 97.0%
I0204 23:31:56.384784 140417363757952 retrain.py:1082] 2020-02-04 23:31:56.384727: Step 1510: Train accuracy = 97.0%
INFO:tensorflow:2020-02-04 23:31:56.384949: Step 1510: Cross entropy = 0.277590
I0204 23:31:56.384969 140417363757952 retrain.py:1084] 2020-02-04 23:31:56.384949: Step 1510: Cross entropy = 0.277590
INFO:tensorflow:2020-02-04 23:31:56.455797: Step 1510: Validation accuracy = 52.0% (N=100)
I0204 23:31:56.455868 140417363757952 retrain.py:1100] 2020-02-04 23:31:56.455797: Step 1510: Validation accuracy = 52.0% (N=100)
INFO:tensorflow:2020-02-04 23:31:57.203874: Step 1520: Train accuracy = 97.0%
I0204 23:31:57.203930 140417363757952 retrain.py:1082] 2020-02-04 23:31:57.203874: Step 1520: Train accuracy = 97.0%
INFO:tensorflow:2020-02-04 23:31:57.204115: Step 1520: Cross entropy = 0.285288
I0204 23:31:57.204135 140417363757952 retrain.py:1084] 2020-02-04 23:31:57.204115: Step 1520: Cross entropy = 0.285288
INFO:tensorflow:2020-02-04 23:31:57.277545: Step 1520: Validation accuracy = 47.0% (N=100)
I0204 23:31:57.277600 140417363757952 retrain.py:1100] 2020-02-04 23:31:57.277545: Step 1520: Validation accuracy = 47.0% (N=100)
INFO:tensorflow:2020-02-04 23:31:58.022844: Step 1530: Train accuracy = 94.0%
I0204 23:31:58.022933 140417363757952 retrain.py:1082] 2020-02-04 23:31:58.022844: Step 1530: Train accuracy = 94.0%
INFO:tensorflow:2020-02-04 23:31:58.023112: Step 1530: Cross entropy = 0.280017
I0204 23:31:58.023149 140417363757952 retrain.py:1084] 2020-02-04 23:31:58.023112: Step 1530: Cross entropy = 0.280017
INFO:tensorflow:2020-02-04 23:31:58.098097: Step 1530: Validation accuracy = 40.0% (N=100)
I0204 23:31:58.098154 140417363757952 retrain.py:1100] 2020-02-04 23:31:58.098097: Step 1530: Validation accuracy = 40.0% (N=100)
INFO:tensorflow:2020-02-04 23:31:58.847677: Step 1540: Train accuracy = 97.0%
I0204 23:31:58.847741 140417363757952 retrain.py:1082] 2020-02-04 23:31:58.847677: Step 1540: Train accuracy = 97.0%
INFO:tensorflow:2020-02-04 23:31:58.847886: Step 1540: Cross entropy = 0.265504
I0204 23:31:58.847905 140417363757952 retrain.py:1084] 2020-02-04 23:31:58.847886: Step 1540: Cross entropy = 0.265504
INFO:tensorflow:2020-02-04 23:31:58.920663: Step 1540: Validation accuracy = 60.0% (N=100)
I0204 23:31:58.920744 140417363757952 retrain.py:1100] 2020-02-04 23:31:58.920663: Step 1540: Validation accuracy = 60.0% (N=100)
INFO:tensorflow:2020-02-04 23:31:59.682752: Step 1550: Train accuracy = 95.0%
I0204 23:31:59.682822 140417363757952 retrain.py:1082] 2020-02-04 23:31:59.682752: Step 1550: Train accuracy = 95.0%
INFO:tensorflow:2020-02-04 23:31:59.683019: Step 1550: Cross entropy = 0.275551
I0204 23:31:59.683043 140417363757952 retrain.py:1084] 2020-02-04 23:31:59.683019: Step 1550: Cross entropy = 0.275551
INFO:tensorflow:2020-02-04 23:31:59.754762: Step 1550: Validation accuracy = 45.0% (N=100)
I0204 23:31:59.754828 140417363757952 retrain.py:1100] 2020-02-04 23:31:59.754762: Step 1550: Validation accuracy = 45.0% (N=100)
INFO:tensorflow:2020-02-04 23:32:00.498414: Step 1560: Train accuracy = 97.0%
I0204 23:32:00.498496 140417363757952 retrain.py:1082] 2020-02-04 23:32:00.498414: Step 1560: Train accuracy = 97.0%
INFO:tensorflow:2020-02-04 23:32:00.498671: Step 1560: Cross entropy = 0.300433
I0204 23:32:00.498691 140417363757952 retrain.py:1084] 2020-02-04 23:32:00.498671: Step 1560: Cross entropy = 0.300433
INFO:tensorflow:2020-02-04 23:32:00.571918: Step 1560: Validation accuracy = 50.0% (N=100)
I0204 23:32:00.571975 140417363757952 retrain.py:1100] 2020-02-04 23:32:00.571918: Step 1560: Validation accuracy = 50.0% (N=100)
INFO:tensorflow:2020-02-04 23:32:01.321466: Step 1570: Train accuracy = 99.0%
I0204 23:32:01.321545 140417363757952 retrain.py:1082] 2020-02-04 23:32:01.321466: Step 1570: Train accuracy = 99.0%
INFO:tensorflow:2020-02-04 23:32:01.321699: Step 1570: Cross entropy = 0.259477
I0204 23:32:01.321731 140417363757952 retrain.py:1084] 2020-02-04 23:32:01.321699: Step 1570: Cross entropy = 0.259477
INFO:tensorflow:2020-02-04 23:32:01.391864: Step 1570: Validation accuracy = 49.0% (N=100)
I0204 23:32:01.391929 140417363757952 retrain.py:1100] 2020-02-04 23:32:01.391864: Step 1570: Validation accuracy = 49.0% (N=100)
INFO:tensorflow:2020-02-04 23:32:02.137523: Step 1580: Train accuracy = 96.0%
I0204 23:32:02.137606 140417363757952 retrain.py:1082] 2020-02-04 23:32:02.137523: Step 1580: Train accuracy = 96.0%
INFO:tensorflow:2020-02-04 23:32:02.137782: Step 1580: Cross entropy = 0.288317
I0204 23:32:02.137811 140417363757952 retrain.py:1084] 2020-02-04 23:32:02.137782: Step 1580: Cross entropy = 0.288317
INFO:tensorflow:2020-02-04 23:32:02.211686: Step 1580: Validation accuracy = 39.0% (N=100)
I0204 23:32:02.211756 140417363757952 retrain.py:1100] 2020-02-04 23:32:02.211686: Step 1580: Validation accuracy = 39.0% (N=100)
INFO:tensorflow:2020-02-04 23:32:02.956333: Step 1590: Train accuracy = 95.0%
I0204 23:32:02.956418 140417363757952 retrain.py:1082] 2020-02-04 23:32:02.956333: Step 1590: Train accuracy = 95.0%
INFO:tensorflow:2020-02-04 23:32:02.956564: Step 1590: Cross entropy = 0.251110
I0204 23:32:02.956584 140417363757952 retrain.py:1084] 2020-02-04 23:32:02.956564: Step 1590: Cross entropy = 0.251110
INFO:tensorflow:2020-02-04 23:32:03.028514: Step 1590: Validation accuracy = 47.0% (N=100)
I0204 23:32:03.028594 140417363757952 retrain.py:1100] 2020-02-04 23:32:03.028514: Step 1590: Validation accuracy = 47.0% (N=100)
INFO:tensorflow:2020-02-04 23:32:03.777365: Step 1600: Train accuracy = 99.0%
I0204 23:32:03.777421 140417363757952 retrain.py:1082] 2020-02-04 23:32:03.777365: Step 1600: Train accuracy = 99.0%
INFO:tensorflow:2020-02-04 23:32:03.777603: Step 1600: Cross entropy = 0.284428
I0204 23:32:03.777625 140417363757952 retrain.py:1084] 2020-02-04 23:32:03.777603: Step 1600: Cross entropy = 0.284428
INFO:tensorflow:2020-02-04 23:32:03.850248: Step 1600: Validation accuracy = 54.0% (N=100)
I0204 23:32:03.850319 140417363757952 retrain.py:1100] 2020-02-04 23:32:03.850248: Step 1600: Validation accuracy = 54.0% (N=100)
INFO:tensorflow:2020-02-04 23:32:04.597270: Step 1610: Train accuracy = 98.0%
I0204 23:32:04.597336 140417363757952 retrain.py:1082] 2020-02-04 23:32:04.597270: Step 1610: Train accuracy = 98.0%
INFO:tensorflow:2020-02-04 23:32:04.597495: Step 1610: Cross entropy = 0.268143
I0204 23:32:04.597514 140417363757952 retrain.py:1084] 2020-02-04 23:32:04.597495: Step 1610: Cross entropy = 0.268143
INFO:tensorflow:2020-02-04 23:32:04.669184: Step 1610: Validation accuracy = 57.0% (N=100)
I0204 23:32:04.669239 140417363757952 retrain.py:1100] 2020-02-04 23:32:04.669184: Step 1610: Validation accuracy = 57.0% (N=100)
INFO:tensorflow:2020-02-04 23:32:05.415436: Step 1620: Train accuracy = 94.0%
I0204 23:32:05.415515 140417363757952 retrain.py:1082] 2020-02-04 23:32:05.415436: Step 1620: Train accuracy = 94.0%
INFO:tensorflow:2020-02-04 23:32:05.415771: Step 1620: Cross entropy = 0.279862
I0204 23:32:05.415799 140417363757952 retrain.py:1084] 2020-02-04 23:32:05.415771: Step 1620: Cross entropy = 0.279862
INFO:tensorflow:2020-02-04 23:32:05.487971: Step 1620: Validation accuracy = 59.0% (N=100)
I0204 23:32:05.488028 140417363757952 retrain.py:1100] 2020-02-04 23:32:05.487971: Step 1620: Validation accuracy = 59.0% (N=100)
INFO:tensorflow:2020-02-04 23:32:06.244812: Step 1630: Train accuracy = 95.0%
I0204 23:32:06.244869 140417363757952 retrain.py:1082] 2020-02-04 23:32:06.244812: Step 1630: Train accuracy = 95.0%
INFO:tensorflow:2020-02-04 23:32:06.245052: Step 1630: Cross entropy = 0.258526
I0204 23:32:06.245071 140417363757952 retrain.py:1084] 2020-02-04 23:32:06.245052: Step 1630: Cross entropy = 0.258526
INFO:tensorflow:2020-02-04 23:32:06.317547: Step 1630: Validation accuracy = 43.0% (N=100)
I0204 23:32:06.317639 140417363757952 retrain.py:1100] 2020-02-04 23:32:06.317547: Step 1630: Validation accuracy = 43.0% (N=100)
INFO:tensorflow:2020-02-04 23:32:07.067766: Step 1640: Train accuracy = 98.0%
I0204 23:32:07.067823 140417363757952 retrain.py:1082] 2020-02-04 23:32:07.067766: Step 1640: Train accuracy = 98.0%
INFO:tensorflow:2020-02-04 23:32:07.068006: Step 1640: Cross entropy = 0.277359
I0204 23:32:07.068031 140417363757952 retrain.py:1084] 2020-02-04 23:32:07.068006: Step 1640: Cross entropy = 0.277359
INFO:tensorflow:2020-02-04 23:32:07.143985: Step 1640: Validation accuracy = 39.0% (N=100)
I0204 23:32:07.144055 140417363757952 retrain.py:1100] 2020-02-04 23:32:07.143985: Step 1640: Validation accuracy = 39.0% (N=100)
INFO:tensorflow:2020-02-04 23:32:07.893496: Step 1650: Train accuracy = 98.0%
I0204 23:32:07.893565 140417363757952 retrain.py:1082] 2020-02-04 23:32:07.893496: Step 1650: Train accuracy = 98.0%
INFO:tensorflow:2020-02-04 23:32:07.893744: Step 1650: Cross entropy = 0.296238
I0204 23:32:07.893776 140417363757952 retrain.py:1084] 2020-02-04 23:32:07.893744: Step 1650: Cross entropy = 0.296238
INFO:tensorflow:2020-02-04 23:32:07.967445: Step 1650: Validation accuracy = 46.0% (N=100)
I0204 23:32:07.967531 140417363757952 retrain.py:1100] 2020-02-04 23:32:07.967445: Step 1650: Validation accuracy = 46.0% (N=100)
INFO:tensorflow:2020-02-04 23:32:08.721391: Step 1660: Train accuracy = 98.0%
I0204 23:32:08.721447 140417363757952 retrain.py:1082] 2020-02-04 23:32:08.721391: Step 1660: Train accuracy = 98.0%
INFO:tensorflow:2020-02-04 23:32:08.721623: Step 1660: Cross entropy = 0.278348
I0204 23:32:08.721649 140417363757952 retrain.py:1084] 2020-02-04 23:32:08.721623: Step 1660: Cross entropy = 0.278348
INFO:tensorflow:2020-02-04 23:32:08.795022: Step 1660: Validation accuracy = 44.0% (N=100)
I0204 23:32:08.795101 140417363757952 retrain.py:1100] 2020-02-04 23:32:08.795022: Step 1660: Validation accuracy = 44.0% (N=100)
INFO:tensorflow:2020-02-04 23:32:09.542900: Step 1670: Train accuracy = 100.0%
I0204 23:32:09.542956 140417363757952 retrain.py:1082] 2020-02-04 23:32:09.542900: Step 1670: Train accuracy = 100.0%
INFO:tensorflow:2020-02-04 23:32:09.543146: Step 1670: Cross entropy = 0.220666
I0204 23:32:09.543169 140417363757952 retrain.py:1084] 2020-02-04 23:32:09.543146: Step 1670: Cross entropy = 0.220666
INFO:tensorflow:2020-02-04 23:32:09.615726: Step 1670: Validation accuracy = 52.0% (N=100)
I0204 23:32:09.615820 140417363757952 retrain.py:1100] 2020-02-04 23:32:09.615726: Step 1670: Validation accuracy = 52.0% (N=100)
INFO:tensorflow:2020-02-04 23:32:10.363435: Step 1680: Train accuracy = 97.0%
I0204 23:32:10.363502 140417363757952 retrain.py:1082] 2020-02-04 23:32:10.363435: Step 1680: Train accuracy = 97.0%
INFO:tensorflow:2020-02-04 23:32:10.363658: Step 1680: Cross entropy = 0.303625
I0204 23:32:10.363678 140417363757952 retrain.py:1084] 2020-02-04 23:32:10.363658: Step 1680: Cross entropy = 0.303625
INFO:tensorflow:2020-02-04 23:32:10.435217: Step 1680: Validation accuracy = 46.0% (N=100)
I0204 23:32:10.435284 140417363757952 retrain.py:1100] 2020-02-04 23:32:10.435217: Step 1680: Validation accuracy = 46.0% (N=100)
INFO:tensorflow:2020-02-04 23:32:11.189786: Step 1690: Train accuracy = 98.0%
I0204 23:32:11.189853 140417363757952 retrain.py:1082] 2020-02-04 23:32:11.189786: Step 1690: Train accuracy = 98.0%
INFO:tensorflow:2020-02-04 23:32:11.190035: Step 1690: Cross entropy = 0.265093
I0204 23:32:11.190061 140417363757952 retrain.py:1084] 2020-02-04 23:32:11.190035: Step 1690: Cross entropy = 0.265093
INFO:tensorflow:2020-02-04 23:32:11.264396: Step 1690: Validation accuracy = 48.0% (N=100)
I0204 23:32:11.264454 140417363757952 retrain.py:1100] 2020-02-04 23:32:11.264396: Step 1690: Validation accuracy = 48.0% (N=100)
INFO:tensorflow:2020-02-04 23:32:12.029943: Step 1700: Train accuracy = 98.0%
I0204 23:32:12.030000 140417363757952 retrain.py:1082] 2020-02-04 23:32:12.029943: Step 1700: Train accuracy = 98.0%
INFO:tensorflow:2020-02-04 23:32:12.030180: Step 1700: Cross entropy = 0.299470
I0204 23:32:12.030196 140417363757952 retrain.py:1084] 2020-02-04 23:32:12.030180: Step 1700: Cross entropy = 0.299470
INFO:tensorflow:2020-02-04 23:32:12.104406: Step 1700: Validation accuracy = 45.0% (N=100)
I0204 23:32:12.104474 140417363757952 retrain.py:1100] 2020-02-04 23:32:12.104406: Step 1700: Validation accuracy = 45.0% (N=100)
INFO:tensorflow:2020-02-04 23:32:12.859687: Step 1710: Train accuracy = 99.0%
I0204 23:32:12.859743 140417363757952 retrain.py:1082] 2020-02-04 23:32:12.859687: Step 1710: Train accuracy = 99.0%
INFO:tensorflow:2020-02-04 23:32:12.859912: Step 1710: Cross entropy = 0.272160
I0204 23:32:12.859931 140417363757952 retrain.py:1084] 2020-02-04 23:32:12.859912: Step 1710: Cross entropy = 0.272160
INFO:tensorflow:2020-02-04 23:32:12.933690: Step 1710: Validation accuracy = 49.0% (N=100)
I0204 23:32:12.933747 140417363757952 retrain.py:1100] 2020-02-04 23:32:12.933690: Step 1710: Validation accuracy = 49.0% (N=100)
INFO:tensorflow:2020-02-04 23:32:13.682275: Step 1720: Train accuracy = 98.0%
I0204 23:32:13.682345 140417363757952 retrain.py:1082] 2020-02-04 23:32:13.682275: Step 1720: Train accuracy = 98.0%
INFO:tensorflow:2020-02-04 23:32:13.682529: Step 1720: Cross entropy = 0.288539
I0204 23:32:13.682551 140417363757952 retrain.py:1084] 2020-02-04 23:32:13.682529: Step 1720: Cross entropy = 0.288539
INFO:tensorflow:2020-02-04 23:32:13.753978: Step 1720: Validation accuracy = 45.0% (N=100)
I0204 23:32:13.754049 140417363757952 retrain.py:1100] 2020-02-04 23:32:13.753978: Step 1720: Validation accuracy = 45.0% (N=100)
INFO:tensorflow:2020-02-04 23:32:14.505995: Step 1730: Train accuracy = 97.0%
I0204 23:32:14.506067 140417363757952 retrain.py:1082] 2020-02-04 23:32:14.505995: Step 1730: Train accuracy = 97.0%
INFO:tensorflow:2020-02-04 23:32:14.506223: Step 1730: Cross entropy = 0.282897
I0204 23:32:14.506257 140417363757952 retrain.py:1084] 2020-02-04 23:32:14.506223: Step 1730: Cross entropy = 0.282897
INFO:tensorflow:2020-02-04 23:32:14.579522: Step 1730: Validation accuracy = 51.0% (N=100)
I0204 23:32:14.579590 140417363757952 retrain.py:1100] 2020-02-04 23:32:14.579522: Step 1730: Validation accuracy = 51.0% (N=100)
INFO:tensorflow:2020-02-04 23:32:15.329423: Step 1740: Train accuracy = 97.0%
I0204 23:32:15.329480 140417363757952 retrain.py:1082] 2020-02-04 23:32:15.329423: Step 1740: Train accuracy = 97.0%
INFO:tensorflow:2020-02-04 23:32:15.329675: Step 1740: Cross entropy = 0.267187
I0204 23:32:15.329696 140417363757952 retrain.py:1084] 2020-02-04 23:32:15.329675: Step 1740: Cross entropy = 0.267187
INFO:tensorflow:2020-02-04 23:32:15.401525: Step 1740: Validation accuracy = 48.0% (N=100)
I0204 23:32:15.401581 140417363757952 retrain.py:1100] 2020-02-04 23:32:15.401525: Step 1740: Validation accuracy = 48.0% (N=100)
INFO:tensorflow:2020-02-04 23:32:16.154101: Step 1750: Train accuracy = 97.0%
I0204 23:32:16.154180 140417363757952 retrain.py:1082] 2020-02-04 23:32:16.154101: Step 1750: Train accuracy = 97.0%
INFO:tensorflow:2020-02-04 23:32:16.154337: Step 1750: Cross entropy = 0.249989
I0204 23:32:16.154357 140417363757952 retrain.py:1084] 2020-02-04 23:32:16.154337: Step 1750: Cross entropy = 0.249989
INFO:tensorflow:2020-02-04 23:32:16.226410: Step 1750: Validation accuracy = 40.0% (N=100)
I0204 23:32:16.226466 140417363757952 retrain.py:1100] 2020-02-04 23:32:16.226410: Step 1750: Validation accuracy = 40.0% (N=100)
INFO:tensorflow:2020-02-04 23:32:16.979580: Step 1760: Train accuracy = 97.0%
I0204 23:32:16.979670 140417363757952 retrain.py:1082] 2020-02-04 23:32:16.979580: Step 1760: Train accuracy = 97.0%
INFO:tensorflow:2020-02-04 23:32:16.979810: Step 1760: Cross entropy = 0.252915
I0204 23:32:16.979830 140417363757952 retrain.py:1084] 2020-02-04 23:32:16.979810: Step 1760: Cross entropy = 0.252915
INFO:tensorflow:2020-02-04 23:32:17.053119: Step 1760: Validation accuracy = 50.0% (N=100)
I0204 23:32:17.053188 140417363757952 retrain.py:1100] 2020-02-04 23:32:17.053119: Step 1760: Validation accuracy = 50.0% (N=100)
INFO:tensorflow:2020-02-04 23:32:17.801708: Step 1770: Train accuracy = 98.0%
I0204 23:32:17.801765 140417363757952 retrain.py:1082] 2020-02-04 23:32:17.801708: Step 1770: Train accuracy = 98.0%
INFO:tensorflow:2020-02-04 23:32:17.801963: Step 1770: Cross entropy = 0.253163
I0204 23:32:17.801984 140417363757952 retrain.py:1084] 2020-02-04 23:32:17.801963: Step 1770: Cross entropy = 0.253163
INFO:tensorflow:2020-02-04 23:32:17.875864: Step 1770: Validation accuracy = 49.0% (N=100)
I0204 23:32:17.875923 140417363757952 retrain.py:1100] 2020-02-04 23:32:17.875864: Step 1770: Validation accuracy = 49.0% (N=100)
INFO:tensorflow:2020-02-04 23:32:18.626160: Step 1780: Train accuracy = 100.0%
I0204 23:32:18.626236 140417363757952 retrain.py:1082] 2020-02-04 23:32:18.626160: Step 1780: Train accuracy = 100.0%
INFO:tensorflow:2020-02-04 23:32:18.626409: Step 1780: Cross entropy = 0.246915
I0204 23:32:18.626434 140417363757952 retrain.py:1084] 2020-02-04 23:32:18.626409: Step 1780: Cross entropy = 0.246915
INFO:tensorflow:2020-02-04 23:32:18.699920: Step 1780: Validation accuracy = 55.0% (N=100)
I0204 23:32:18.699987 140417363757952 retrain.py:1100] 2020-02-04 23:32:18.699920: Step 1780: Validation accuracy = 55.0% (N=100)
INFO:tensorflow:2020-02-04 23:32:19.453644: Step 1790: Train accuracy = 99.0%
I0204 23:32:19.453700 140417363757952 retrain.py:1082] 2020-02-04 23:32:19.453644: Step 1790: Train accuracy = 99.0%
INFO:tensorflow:2020-02-04 23:32:19.453862: Step 1790: Cross entropy = 0.272166
I0204 23:32:19.453882 140417363757952 retrain.py:1084] 2020-02-04 23:32:19.453862: Step 1790: Cross entropy = 0.272166
INFO:tensorflow:2020-02-04 23:32:19.526614: Step 1790: Validation accuracy = 41.0% (N=100)
I0204 23:32:19.526696 140417363757952 retrain.py:1100] 2020-02-04 23:32:19.526614: Step 1790: Validation accuracy = 41.0% (N=100)
INFO:tensorflow:2020-02-04 23:32:20.275821: Step 1800: Train accuracy = 99.0%
I0204 23:32:20.275903 140417363757952 retrain.py:1082] 2020-02-04 23:32:20.275821: Step 1800: Train accuracy = 99.0%
INFO:tensorflow:2020-02-04 23:32:20.276066: Step 1800: Cross entropy = 0.261018
I0204 23:32:20.276086 140417363757952 retrain.py:1084] 2020-02-04 23:32:20.276066: Step 1800: Cross entropy = 0.261018
INFO:tensorflow:2020-02-04 23:32:20.347691: Step 1800: Validation accuracy = 52.0% (N=100)
I0204 23:32:20.347747 140417363757952 retrain.py:1100] 2020-02-04 23:32:20.347691: Step 1800: Validation accuracy = 52.0% (N=100)
INFO:tensorflow:2020-02-04 23:32:21.100690: Step 1810: Train accuracy = 96.0%
I0204 23:32:21.100758 140417363757952 retrain.py:1082] 2020-02-04 23:32:21.100690: Step 1810: Train accuracy = 96.0%
INFO:tensorflow:2020-02-04 23:32:21.100948: Step 1810: Cross entropy = 0.278881
I0204 23:32:21.100979 140417363757952 retrain.py:1084] 2020-02-04 23:32:21.100948: Step 1810: Cross entropy = 0.278881
INFO:tensorflow:2020-02-04 23:32:21.174194: Step 1810: Validation accuracy = 41.0% (N=100)
I0204 23:32:21.174251 140417363757952 retrain.py:1100] 2020-02-04 23:32:21.174194: Step 1810: Validation accuracy = 41.0% (N=100)
INFO:tensorflow:2020-02-04 23:32:21.922418: Step 1820: Train accuracy = 100.0%
I0204 23:32:21.922497 140417363757952 retrain.py:1082] 2020-02-04 23:32:21.922418: Step 1820: Train accuracy = 100.0%
INFO:tensorflow:2020-02-04 23:32:21.922653: Step 1820: Cross entropy = 0.259731
I0204 23:32:21.922673 140417363757952 retrain.py:1084] 2020-02-04 23:32:21.922653: Step 1820: Cross entropy = 0.259731
INFO:tensorflow:2020-02-04 23:32:21.997147: Step 1820: Validation accuracy = 53.0% (N=100)
I0204 23:32:21.997226 140417363757952 retrain.py:1100] 2020-02-04 23:32:21.997147: Step 1820: Validation accuracy = 53.0% (N=100)
INFO:tensorflow:2020-02-04 23:32:22.748129: Step 1830: Train accuracy = 98.0%
I0204 23:32:22.748198 140417363757952 retrain.py:1082] 2020-02-04 23:32:22.748129: Step 1830: Train accuracy = 98.0%
INFO:tensorflow:2020-02-04 23:32:22.748366: Step 1830: Cross entropy = 0.261097
I0204 23:32:22.748385 140417363757952 retrain.py:1084] 2020-02-04 23:32:22.748366: Step 1830: Cross entropy = 0.261097
INFO:tensorflow:2020-02-04 23:32:22.819408: Step 1830: Validation accuracy = 55.0% (N=100)
I0204 23:32:22.819486 140417363757952 retrain.py:1100] 2020-02-04 23:32:22.819408: Step 1830: Validation accuracy = 55.0% (N=100)
INFO:tensorflow:2020-02-04 23:32:23.581374: Step 1840: Train accuracy = 95.0%
I0204 23:32:23.581430 140417363757952 retrain.py:1082] 2020-02-04 23:32:23.581374: Step 1840: Train accuracy = 95.0%
INFO:tensorflow:2020-02-04 23:32:23.581602: Step 1840: Cross entropy = 0.241509
I0204 23:32:23.581623 140417363757952 retrain.py:1084] 2020-02-04 23:32:23.581602: Step 1840: Cross entropy = 0.241509
INFO:tensorflow:2020-02-04 23:32:23.654320: Step 1840: Validation accuracy = 54.0% (N=100)
I0204 23:32:23.654386 140417363757952 retrain.py:1100] 2020-02-04 23:32:23.654320: Step 1840: Validation accuracy = 54.0% (N=100)
INFO:tensorflow:2020-02-04 23:32:24.405791: Step 1850: Train accuracy = 96.0%
I0204 23:32:24.405857 140417363757952 retrain.py:1082] 2020-02-04 23:32:24.405791: Step 1850: Train accuracy = 96.0%
INFO:tensorflow:2020-02-04 23:32:24.406034: Step 1850: Cross entropy = 0.271422
I0204 23:32:24.406068 140417363757952 retrain.py:1084] 2020-02-04 23:32:24.406034: Step 1850: Cross entropy = 0.271422
INFO:tensorflow:2020-02-04 23:32:24.477571: Step 1850: Validation accuracy = 49.0% (N=100)
I0204 23:32:24.477637 140417363757952 retrain.py:1100] 2020-02-04 23:32:24.477571: Step 1850: Validation accuracy = 49.0% (N=100)
INFO:tensorflow:2020-02-04 23:32:25.230272: Step 1860: Train accuracy = 96.0%
I0204 23:32:25.230352 140417363757952 retrain.py:1082] 2020-02-04 23:32:25.230272: Step 1860: Train accuracy = 96.0%
INFO:tensorflow:2020-02-04 23:32:25.230504: Step 1860: Cross entropy = 0.281373
I0204 23:32:25.230546 140417363757952 retrain.py:1084] 2020-02-04 23:32:25.230504: Step 1860: Cross entropy = 0.281373
INFO:tensorflow:2020-02-04 23:32:25.301242: Step 1860: Validation accuracy = 45.0% (N=100)
I0204 23:32:25.301297 140417363757952 retrain.py:1100] 2020-02-04 23:32:25.301242: Step 1860: Validation accuracy = 45.0% (N=100)
INFO:tensorflow:2020-02-04 23:32:26.054041: Step 1870: Train accuracy = 98.0%
I0204 23:32:26.054098 140417363757952 retrain.py:1082] 2020-02-04 23:32:26.054041: Step 1870: Train accuracy = 98.0%
INFO:tensorflow:2020-02-04 23:32:26.054271: Step 1870: Cross entropy = 0.215555
I0204 23:32:26.054292 140417363757952 retrain.py:1084] 2020-02-04 23:32:26.054271: Step 1870: Cross entropy = 0.215555
INFO:tensorflow:2020-02-04 23:32:26.127067: Step 1870: Validation accuracy = 48.0% (N=100)
I0204 23:32:26.127132 140417363757952 retrain.py:1100] 2020-02-04 23:32:26.127067: Step 1870: Validation accuracy = 48.0% (N=100)
INFO:tensorflow:2020-02-04 23:32:26.927414: Step 1880: Train accuracy = 97.0%
I0204 23:32:26.927484 140417363757952 retrain.py:1082] 2020-02-04 23:32:26.927414: Step 1880: Train accuracy = 97.0%
INFO:tensorflow:2020-02-04 23:32:26.927656: Step 1880: Cross entropy = 0.261286
I0204 23:32:26.927674 140417363757952 retrain.py:1084] 2020-02-04 23:32:26.927656: Step 1880: Cross entropy = 0.261286
INFO:tensorflow:2020-02-04 23:32:27.000975: Step 1880: Validation accuracy = 53.0% (N=100)
I0204 23:32:27.001029 140417363757952 retrain.py:1100] 2020-02-04 23:32:27.000975: Step 1880: Validation accuracy = 53.0% (N=100)
INFO:tensorflow:2020-02-04 23:32:27.754827: Step 1890: Train accuracy = 98.0%
I0204 23:32:27.754910 140417363757952 retrain.py:1082] 2020-02-04 23:32:27.754827: Step 1890: Train accuracy = 98.0%
INFO:tensorflow:2020-02-04 23:32:27.755119: Step 1890: Cross entropy = 0.246940
I0204 23:32:27.755142 140417363757952 retrain.py:1084] 2020-02-04 23:32:27.755119: Step 1890: Cross entropy = 0.246940
INFO:tensorflow:2020-02-04 23:32:27.827028: Step 1890: Validation accuracy = 40.0% (N=100)
I0204 23:32:27.827096 140417363757952 retrain.py:1100] 2020-02-04 23:32:27.827028: Step 1890: Validation accuracy = 40.0% (N=100)
INFO:tensorflow:2020-02-04 23:32:28.581704: Step 1900: Train accuracy = 99.0%
I0204 23:32:28.581762 140417363757952 retrain.py:1082] 2020-02-04 23:32:28.581704: Step 1900: Train accuracy = 99.0%
INFO:tensorflow:2020-02-04 23:32:28.581964: Step 1900: Cross entropy = 0.269282
I0204 23:32:28.581988 140417363757952 retrain.py:1084] 2020-02-04 23:32:28.581964: Step 1900: Cross entropy = 0.269282
INFO:tensorflow:2020-02-04 23:32:28.653601: Step 1900: Validation accuracy = 51.0% (N=100)
I0204 23:32:28.653658 140417363757952 retrain.py:1100] 2020-02-04 23:32:28.653601: Step 1900: Validation accuracy = 51.0% (N=100)
INFO:tensorflow:2020-02-04 23:32:29.411334: Step 1910: Train accuracy = 99.0%
I0204 23:32:29.411390 140417363757952 retrain.py:1082] 2020-02-04 23:32:29.411334: Step 1910: Train accuracy = 99.0%
INFO:tensorflow:2020-02-04 23:32:29.411571: Step 1910: Cross entropy = 0.258532
I0204 23:32:29.411589 140417363757952 retrain.py:1084] 2020-02-04 23:32:29.411571: Step 1910: Cross entropy = 0.258532
INFO:tensorflow:2020-02-04 23:32:29.484239: Step 1910: Validation accuracy = 69.0% (N=100)
I0204 23:32:29.484313 140417363757952 retrain.py:1100] 2020-02-04 23:32:29.484239: Step 1910: Validation accuracy = 69.0% (N=100)
INFO:tensorflow:2020-02-04 23:32:30.237496: Step 1920: Train accuracy = 99.0%
I0204 23:32:30.237574 140417363757952 retrain.py:1082] 2020-02-04 23:32:30.237496: Step 1920: Train accuracy = 99.0%
INFO:tensorflow:2020-02-04 23:32:30.237719: Step 1920: Cross entropy = 0.243228
I0204 23:32:30.237738 140417363757952 retrain.py:1084] 2020-02-04 23:32:30.237719: Step 1920: Cross entropy = 0.243228
INFO:tensorflow:2020-02-04 23:32:30.311448: Step 1920: Validation accuracy = 40.0% (N=100)
I0204 23:32:30.311513 140417363757952 retrain.py:1100] 2020-02-04 23:32:30.311448: Step 1920: Validation accuracy = 40.0% (N=100)
INFO:tensorflow:2020-02-04 23:32:31.077660: Step 1930: Train accuracy = 98.0%
I0204 23:32:31.077717 140417363757952 retrain.py:1082] 2020-02-04 23:32:31.077660: Step 1930: Train accuracy = 98.0%
INFO:tensorflow:2020-02-04 23:32:31.077894: Step 1930: Cross entropy = 0.264387
I0204 23:32:31.077928 140417363757952 retrain.py:1084] 2020-02-04 23:32:31.077894: Step 1930: Cross entropy = 0.264387
INFO:tensorflow:2020-02-04 23:32:31.152201: Step 1930: Validation accuracy = 51.0% (N=100)
I0204 23:32:31.152258 140417363757952 retrain.py:1100] 2020-02-04 23:32:31.152201: Step 1930: Validation accuracy = 51.0% (N=100)
INFO:tensorflow:2020-02-04 23:32:31.910215: Step 1940: Train accuracy = 99.0%
I0204 23:32:31.910286 140417363757952 retrain.py:1082] 2020-02-04 23:32:31.910215: Step 1940: Train accuracy = 99.0%
INFO:tensorflow:2020-02-04 23:32:31.910437: Step 1940: Cross entropy = 0.250576
I0204 23:32:31.910479 140417363757952 retrain.py:1084] 2020-02-04 23:32:31.910437: Step 1940: Cross entropy = 0.250576
INFO:tensorflow:2020-02-04 23:32:31.983386: Step 1940: Validation accuracy = 57.0% (N=100)
I0204 23:32:31.983455 140417363757952 retrain.py:1100] 2020-02-04 23:32:31.983386: Step 1940: Validation accuracy = 57.0% (N=100)
INFO:tensorflow:2020-02-04 23:32:32.732053: Step 1950: Train accuracy = 100.0%
I0204 23:32:32.732110 140417363757952 retrain.py:1082] 2020-02-04 23:32:32.732053: Step 1950: Train accuracy = 100.0%
INFO:tensorflow:2020-02-04 23:32:32.732285: Step 1950: Cross entropy = 0.238966
I0204 23:32:32.732307 140417363757952 retrain.py:1084] 2020-02-04 23:32:32.732285: Step 1950: Cross entropy = 0.238966
INFO:tensorflow:2020-02-04 23:32:32.806691: Step 1950: Validation accuracy = 54.0% (N=100)
I0204 23:32:32.806773 140417363757952 retrain.py:1100] 2020-02-04 23:32:32.806691: Step 1950: Validation accuracy = 54.0% (N=100)
INFO:tensorflow:2020-02-04 23:32:33.564428: Step 1960: Train accuracy = 99.0%
I0204 23:32:33.564501 140417363757952 retrain.py:1082] 2020-02-04 23:32:33.564428: Step 1960: Train accuracy = 99.0%
INFO:tensorflow:2020-02-04 23:32:33.564695: Step 1960: Cross entropy = 0.237295
I0204 23:32:33.564717 140417363757952 retrain.py:1084] 2020-02-04 23:32:33.564695: Step 1960: Cross entropy = 0.237295
INFO:tensorflow:2020-02-04 23:32:33.637932: Step 1960: Validation accuracy = 61.0% (N=100)
I0204 23:32:33.637990 140417363757952 retrain.py:1100] 2020-02-04 23:32:33.637932: Step 1960: Validation accuracy = 61.0% (N=100)
INFO:tensorflow:2020-02-04 23:32:34.396305: Step 1970: Train accuracy = 95.0%
I0204 23:32:34.396376 140417363757952 retrain.py:1082] 2020-02-04 23:32:34.396305: Step 1970: Train accuracy = 95.0%
INFO:tensorflow:2020-02-04 23:32:34.396557: Step 1970: Cross entropy = 0.209051
I0204 23:32:34.396577 140417363757952 retrain.py:1084] 2020-02-04 23:32:34.396557: Step 1970: Cross entropy = 0.209051
INFO:tensorflow:2020-02-04 23:32:34.469171: Step 1970: Validation accuracy = 39.0% (N=100)
I0204 23:32:34.469237 140417363757952 retrain.py:1100] 2020-02-04 23:32:34.469171: Step 1970: Validation accuracy = 39.0% (N=100)
INFO:tensorflow:2020-02-04 23:32:35.226474: Step 1980: Train accuracy = 98.0%
I0204 23:32:35.226529 140417363757952 retrain.py:1082] 2020-02-04 23:32:35.226474: Step 1980: Train accuracy = 98.0%
INFO:tensorflow:2020-02-04 23:32:35.226722: Step 1980: Cross entropy = 0.244856
I0204 23:32:35.226748 140417363757952 retrain.py:1084] 2020-02-04 23:32:35.226722: Step 1980: Cross entropy = 0.244856
INFO:tensorflow:2020-02-04 23:32:35.299570: Step 1980: Validation accuracy = 38.0% (N=100)
I0204 23:32:35.299666 140417363757952 retrain.py:1100] 2020-02-04 23:32:35.299570: Step 1980: Validation accuracy = 38.0% (N=100)
INFO:tensorflow:2020-02-04 23:32:36.053178: Step 1990: Train accuracy = 96.0%
I0204 23:32:36.053235 140417363757952 retrain.py:1082] 2020-02-04 23:32:36.053178: Step 1990: Train accuracy = 96.0%
INFO:tensorflow:2020-02-04 23:32:36.053414: Step 1990: Cross entropy = 0.270265
I0204 23:32:36.053435 140417363757952 retrain.py:1084] 2020-02-04 23:32:36.053414: Step 1990: Cross entropy = 0.270265
INFO:tensorflow:2020-02-04 23:32:36.127295: Step 1990: Validation accuracy = 51.0% (N=100)
I0204 23:32:36.127376 140417363757952 retrain.py:1100] 2020-02-04 23:32:36.127295: Step 1990: Validation accuracy = 51.0% (N=100)
INFO:tensorflow:2020-02-04 23:32:36.880602: Step 2000: Train accuracy = 100.0%
I0204 23:32:36.880657 140417363757952 retrain.py:1082] 2020-02-04 23:32:36.880602: Step 2000: Train accuracy = 100.0%
INFO:tensorflow:2020-02-04 23:32:36.880799: Step 2000: Cross entropy = 0.243624
I0204 23:32:36.880820 140417363757952 retrain.py:1084] 2020-02-04 23:32:36.880799: Step 2000: Cross entropy = 0.243624
INFO:tensorflow:2020-02-04 23:32:36.955227: Step 2000: Validation accuracy = 45.0% (N=100)
I0204 23:32:36.955283 140417363757952 retrain.py:1100] 2020-02-04 23:32:36.955227: Step 2000: Validation accuracy = 45.0% (N=100)
INFO:tensorflow:2020-02-04 23:32:37.712492: Step 2010: Train accuracy = 98.0%
I0204 23:32:37.712573 140417363757952 retrain.py:1082] 2020-02-04 23:32:37.712492: Step 2010: Train accuracy = 98.0%
INFO:tensorflow:2020-02-04 23:32:37.712716: Step 2010: Cross entropy = 0.221408
I0204 23:32:37.712747 140417363757952 retrain.py:1084] 2020-02-04 23:32:37.712716: Step 2010: Cross entropy = 0.221408
INFO:tensorflow:2020-02-04 23:32:37.786371: Step 2010: Validation accuracy = 63.0% (N=100)
I0204 23:32:37.786447 140417363757952 retrain.py:1100] 2020-02-04 23:32:37.786371: Step 2010: Validation accuracy = 63.0% (N=100)
INFO:tensorflow:2020-02-04 23:32:38.541009: Step 2020: Train accuracy = 99.0%
I0204 23:32:38.541096 140417363757952 retrain.py:1082] 2020-02-04 23:32:38.541009: Step 2020: Train accuracy = 99.0%
INFO:tensorflow:2020-02-04 23:32:38.541272: Step 2020: Cross entropy = 0.244869
I0204 23:32:38.541303 140417363757952 retrain.py:1084] 2020-02-04 23:32:38.541272: Step 2020: Cross entropy = 0.244869
INFO:tensorflow:2020-02-04 23:32:38.617784: Step 2020: Validation accuracy = 45.0% (N=100)
I0204 23:32:38.617848 140417363757952 retrain.py:1100] 2020-02-04 23:32:38.617784: Step 2020: Validation accuracy = 45.0% (N=100)
INFO:tensorflow:2020-02-04 23:32:39.380721: Step 2030: Train accuracy = 100.0%
I0204 23:32:39.380787 140417363757952 retrain.py:1082] 2020-02-04 23:32:39.380721: Step 2030: Train accuracy = 100.0%
INFO:tensorflow:2020-02-04 23:32:39.380940: Step 2030: Cross entropy = 0.254874
I0204 23:32:39.380957 140417363757952 retrain.py:1084] 2020-02-04 23:32:39.380940: Step 2030: Cross entropy = 0.254874
INFO:tensorflow:2020-02-04 23:32:39.455642: Step 2030: Validation accuracy = 51.0% (N=100)
I0204 23:32:39.455719 140417363757952 retrain.py:1100] 2020-02-04 23:32:39.455642: Step 2030: Validation accuracy = 51.0% (N=100)
INFO:tensorflow:2020-02-04 23:32:40.215176: Step 2040: Train accuracy = 99.0%
I0204 23:32:40.215270 140417363757952 retrain.py:1082] 2020-02-04 23:32:40.215176: Step 2040: Train accuracy = 99.0%
INFO:tensorflow:2020-02-04 23:32:40.215495: Step 2040: Cross entropy = 0.267819
I0204 23:32:40.215518 140417363757952 retrain.py:1084] 2020-02-04 23:32:40.215495: Step 2040: Cross entropy = 0.267819
INFO:tensorflow:2020-02-04 23:32:40.287500: Step 2040: Validation accuracy = 47.0% (N=100)
I0204 23:32:40.287581 140417363757952 retrain.py:1100] 2020-02-04 23:32:40.287500: Step 2040: Validation accuracy = 47.0% (N=100)
INFO:tensorflow:2020-02-04 23:32:41.030831: Step 2050: Train accuracy = 97.0%
I0204 23:32:41.030906 140417363757952 retrain.py:1082] 2020-02-04 23:32:41.030831: Step 2050: Train accuracy = 97.0%
INFO:tensorflow:2020-02-04 23:32:41.031059: Step 2050: Cross entropy = 0.241848
I0204 23:32:41.031079 140417363757952 retrain.py:1084] 2020-02-04 23:32:41.031059: Step 2050: Cross entropy = 0.241848
INFO:tensorflow:2020-02-04 23:32:41.106121: Step 2050: Validation accuracy = 58.0% (N=100)
I0204 23:32:41.106178 140417363757952 retrain.py:1100] 2020-02-04 23:32:41.106121: Step 2050: Validation accuracy = 58.0% (N=100)
INFO:tensorflow:2020-02-04 23:32:41.914086: Step 2060: Train accuracy = 97.0%
I0204 23:32:41.914143 140417363757952 retrain.py:1082] 2020-02-04 23:32:41.914086: Step 2060: Train accuracy = 97.0%
INFO:tensorflow:2020-02-04 23:32:41.914317: Step 2060: Cross entropy = 0.241345
I0204 23:32:41.914338 140417363757952 retrain.py:1084] 2020-02-04 23:32:41.914317: Step 2060: Cross entropy = 0.241345
INFO:tensorflow:2020-02-04 23:32:41.987093: Step 2060: Validation accuracy = 46.0% (N=100)
I0204 23:32:41.987164 140417363757952 retrain.py:1100] 2020-02-04 23:32:41.987093: Step 2060: Validation accuracy = 46.0% (N=100)
INFO:tensorflow:2020-02-04 23:32:42.790261: Step 2070: Train accuracy = 98.0%
I0204 23:32:42.790327 140417363757952 retrain.py:1082] 2020-02-04 23:32:42.790261: Step 2070: Train accuracy = 98.0%
INFO:tensorflow:2020-02-04 23:32:42.790507: Step 2070: Cross entropy = 0.239728
I0204 23:32:42.790538 140417363757952 retrain.py:1084] 2020-02-04 23:32:42.790507: Step 2070: Cross entropy = 0.239728
INFO:tensorflow:2020-02-04 23:32:42.866507: Step 2070: Validation accuracy = 43.0% (N=100)
I0204 23:32:42.866565 140417363757952 retrain.py:1100] 2020-02-04 23:32:42.866507: Step 2070: Validation accuracy = 43.0% (N=100)
INFO:tensorflow:2020-02-04 23:32:43.631532: Step 2080: Train accuracy = 100.0%
I0204 23:32:43.631606 140417363757952 retrain.py:1082] 2020-02-04 23:32:43.631532: Step 2080: Train accuracy = 100.0%
INFO:tensorflow:2020-02-04 23:32:43.631763: Step 2080: Cross entropy = 0.236331
I0204 23:32:43.631800 140417363757952 retrain.py:1084] 2020-02-04 23:32:43.631763: Step 2080: Cross entropy = 0.236331
INFO:tensorflow:2020-02-04 23:32:43.709837: Step 2080: Validation accuracy = 46.0% (N=100)
I0204 23:32:43.709931 140417363757952 retrain.py:1100] 2020-02-04 23:32:43.709837: Step 2080: Validation accuracy = 46.0% (N=100)
INFO:tensorflow:2020-02-04 23:32:44.474660: Step 2090: Train accuracy = 98.0%
I0204 23:32:44.474744 140417363757952 retrain.py:1082] 2020-02-04 23:32:44.474660: Step 2090: Train accuracy = 98.0%
INFO:tensorflow:2020-02-04 23:32:44.474913: Step 2090: Cross entropy = 0.284944
I0204 23:32:44.474948 140417363757952 retrain.py:1084] 2020-02-04 23:32:44.474913: Step 2090: Cross entropy = 0.284944
INFO:tensorflow:2020-02-04 23:32:44.548236: Step 2090: Validation accuracy = 44.0% (N=100)
I0204 23:32:44.548292 140417363757952 retrain.py:1100] 2020-02-04 23:32:44.548236: Step 2090: Validation accuracy = 44.0% (N=100)
INFO:tensorflow:2020-02-04 23:32:45.314068: Step 2100: Train accuracy = 99.0%
I0204 23:32:45.314136 140417363757952 retrain.py:1082] 2020-02-04 23:32:45.314068: Step 2100: Train accuracy = 99.0%
INFO:tensorflow:2020-02-04 23:32:45.314295: Step 2100: Cross entropy = 0.248367
I0204 23:32:45.314317 140417363757952 retrain.py:1084] 2020-02-04 23:32:45.314295: Step 2100: Cross entropy = 0.248367
INFO:tensorflow:2020-02-04 23:32:45.389352: Step 2100: Validation accuracy = 56.0% (N=100)
I0204 23:32:45.389417 140417363757952 retrain.py:1100] 2020-02-04 23:32:45.389352: Step 2100: Validation accuracy = 56.0% (N=100)
INFO:tensorflow:2020-02-04 23:32:46.146205: Step 2110: Train accuracy = 97.0%
I0204 23:32:46.146286 140417363757952 retrain.py:1082] 2020-02-04 23:32:46.146205: Step 2110: Train accuracy = 97.0%
INFO:tensorflow:2020-02-04 23:32:46.146437: Step 2110: Cross entropy = 0.237773
I0204 23:32:46.146457 140417363757952 retrain.py:1084] 2020-02-04 23:32:46.146437: Step 2110: Cross entropy = 0.237773
INFO:tensorflow:2020-02-04 23:32:46.220501: Step 2110: Validation accuracy = 49.0% (N=100)
I0204 23:32:46.220556 140417363757952 retrain.py:1100] 2020-02-04 23:32:46.220501: Step 2110: Validation accuracy = 49.0% (N=100)
INFO:tensorflow:2020-02-04 23:32:46.968038: Step 2120: Train accuracy = 96.0%
I0204 23:32:46.968119 140417363757952 retrain.py:1082] 2020-02-04 23:32:46.968038: Step 2120: Train accuracy = 96.0%
INFO:tensorflow:2020-02-04 23:32:46.968284: Step 2120: Cross entropy = 0.259588
I0204 23:32:46.968322 140417363757952 retrain.py:1084] 2020-02-04 23:32:46.968284: Step 2120: Cross entropy = 0.259588
INFO:tensorflow:2020-02-04 23:32:47.039474: Step 2120: Validation accuracy = 54.0% (N=100)
I0204 23:32:47.039556 140417363757952 retrain.py:1100] 2020-02-04 23:32:47.039474: Step 2120: Validation accuracy = 54.0% (N=100)
INFO:tensorflow:2020-02-04 23:32:47.793673: Step 2130: Train accuracy = 100.0%
I0204 23:32:47.793730 140417363757952 retrain.py:1082] 2020-02-04 23:32:47.793673: Step 2130: Train accuracy = 100.0%
INFO:tensorflow:2020-02-04 23:32:47.793927: Step 2130: Cross entropy = 0.237457
I0204 23:32:47.793949 140417363757952 retrain.py:1084] 2020-02-04 23:32:47.793927: Step 2130: Cross entropy = 0.237457
INFO:tensorflow:2020-02-04 23:32:47.865974: Step 2130: Validation accuracy = 47.0% (N=100)
I0204 23:32:47.866087 140417363757952 retrain.py:1100] 2020-02-04 23:32:47.865974: Step 2130: Validation accuracy = 47.0% (N=100)
INFO:tensorflow:2020-02-04 23:32:48.621547: Step 2140: Train accuracy = 95.0%
I0204 23:32:48.621614 140417363757952 retrain.py:1082] 2020-02-04 23:32:48.621547: Step 2140: Train accuracy = 95.0%
INFO:tensorflow:2020-02-04 23:32:48.621793: Step 2140: Cross entropy = 0.243213
I0204 23:32:48.621814 140417363757952 retrain.py:1084] 2020-02-04 23:32:48.621793: Step 2140: Cross entropy = 0.243213
INFO:tensorflow:2020-02-04 23:32:48.693632: Step 2140: Validation accuracy = 40.0% (N=100)
I0204 23:32:48.693697 140417363757952 retrain.py:1100] 2020-02-04 23:32:48.693632: Step 2140: Validation accuracy = 40.0% (N=100)
INFO:tensorflow:2020-02-04 23:32:49.446611: Step 2150: Train accuracy = 97.0%
I0204 23:32:49.446694 140417363757952 retrain.py:1082] 2020-02-04 23:32:49.446611: Step 2150: Train accuracy = 97.0%
INFO:tensorflow:2020-02-04 23:32:49.446836: Step 2150: Cross entropy = 0.230777
I0204 23:32:49.446868 140417363757952 retrain.py:1084] 2020-02-04 23:32:49.446836: Step 2150: Cross entropy = 0.230777
INFO:tensorflow:2020-02-04 23:32:49.520709: Step 2150: Validation accuracy = 56.0% (N=100)
I0204 23:32:49.520766 140417363757952 retrain.py:1100] 2020-02-04 23:32:49.520709: Step 2150: Validation accuracy = 56.0% (N=100)
INFO:tensorflow:2020-02-04 23:32:50.276713: Step 2160: Train accuracy = 97.0%
I0204 23:32:50.276768 140417363757952 retrain.py:1082] 2020-02-04 23:32:50.276713: Step 2160: Train accuracy = 97.0%
INFO:tensorflow:2020-02-04 23:32:50.276955: Step 2160: Cross entropy = 0.258546
I0204 23:32:50.276979 140417363757952 retrain.py:1084] 2020-02-04 23:32:50.276955: Step 2160: Cross entropy = 0.258546
INFO:tensorflow:2020-02-04 23:32:50.348293: Step 2160: Validation accuracy = 57.0% (N=100)
I0204 23:32:50.348350 140417363757952 retrain.py:1100] 2020-02-04 23:32:50.348293: Step 2160: Validation accuracy = 57.0% (N=100)
INFO:tensorflow:2020-02-04 23:32:51.104463: Step 2170: Train accuracy = 99.0%
I0204 23:32:51.104537 140417363757952 retrain.py:1082] 2020-02-04 23:32:51.104463: Step 2170: Train accuracy = 99.0%
INFO:tensorflow:2020-02-04 23:32:51.104713: Step 2170: Cross entropy = 0.209389
I0204 23:32:51.104730 140417363757952 retrain.py:1084] 2020-02-04 23:32:51.104713: Step 2170: Cross entropy = 0.209389
INFO:tensorflow:2020-02-04 23:32:51.176839: Step 2170: Validation accuracy = 54.0% (N=100)
I0204 23:32:51.176894 140417363757952 retrain.py:1100] 2020-02-04 23:32:51.176839: Step 2170: Validation accuracy = 54.0% (N=100)
INFO:tensorflow:2020-02-04 23:32:51.925087: Step 2180: Train accuracy = 100.0%
I0204 23:32:51.925177 140417363757952 retrain.py:1082] 2020-02-04 23:32:51.925087: Step 2180: Train accuracy = 100.0%
INFO:tensorflow:2020-02-04 23:32:51.925328: Step 2180: Cross entropy = 0.218049
I0204 23:32:51.925345 140417363757952 retrain.py:1084] 2020-02-04 23:32:51.925328: Step 2180: Cross entropy = 0.218049
INFO:tensorflow:2020-02-04 23:32:52.000956: Step 2180: Validation accuracy = 54.0% (N=100)
I0204 23:32:52.001023 140417363757952 retrain.py:1100] 2020-02-04 23:32:52.000956: Step 2180: Validation accuracy = 54.0% (N=100)
INFO:tensorflow:2020-02-04 23:32:52.757254: Step 2190: Train accuracy = 97.0%
I0204 23:32:52.757312 140417363757952 retrain.py:1082] 2020-02-04 23:32:52.757254: Step 2190: Train accuracy = 97.0%
INFO:tensorflow:2020-02-04 23:32:52.757493: Step 2190: Cross entropy = 0.224226
I0204 23:32:52.757513 140417363757952 retrain.py:1084] 2020-02-04 23:32:52.757493: Step 2190: Cross entropy = 0.224226
INFO:tensorflow:2020-02-04 23:32:52.830011: Step 2190: Validation accuracy = 46.0% (N=100)
I0204 23:32:52.830068 140417363757952 retrain.py:1100] 2020-02-04 23:32:52.830011: Step 2190: Validation accuracy = 46.0% (N=100)
INFO:tensorflow:2020-02-04 23:32:53.583996: Step 2200: Train accuracy = 98.0%
I0204 23:32:53.584053 140417363757952 retrain.py:1082] 2020-02-04 23:32:53.583996: Step 2200: Train accuracy = 98.0%
INFO:tensorflow:2020-02-04 23:32:53.584243: Step 2200: Cross entropy = 0.265555
I0204 23:32:53.584261 140417363757952 retrain.py:1084] 2020-02-04 23:32:53.584243: Step 2200: Cross entropy = 0.265555
INFO:tensorflow:2020-02-04 23:32:53.655537: Step 2200: Validation accuracy = 41.0% (N=100)
I0204 23:32:53.655592 140417363757952 retrain.py:1100] 2020-02-04 23:32:53.655537: Step 2200: Validation accuracy = 41.0% (N=100)
INFO:tensorflow:2020-02-04 23:32:54.412544: Step 2210: Train accuracy = 100.0%
I0204 23:32:54.412624 140417363757952 retrain.py:1082] 2020-02-04 23:32:54.412544: Step 2210: Train accuracy = 100.0%
INFO:tensorflow:2020-02-04 23:32:54.412765: Step 2210: Cross entropy = 0.245187
I0204 23:32:54.412782 140417363757952 retrain.py:1084] 2020-02-04 23:32:54.412765: Step 2210: Cross entropy = 0.245187
INFO:tensorflow:2020-02-04 23:32:54.485325: Step 2210: Validation accuracy = 60.0% (N=100)
I0204 23:32:54.485381 140417363757952 retrain.py:1100] 2020-02-04 23:32:54.485325: Step 2210: Validation accuracy = 60.0% (N=100)
INFO:tensorflow:2020-02-04 23:32:55.241290: Step 2220: Train accuracy = 98.0%
I0204 23:32:55.241372 140417363757952 retrain.py:1082] 2020-02-04 23:32:55.241290: Step 2220: Train accuracy = 98.0%
INFO:tensorflow:2020-02-04 23:32:55.241560: Step 2220: Cross entropy = 0.227113
I0204 23:32:55.241597 140417363757952 retrain.py:1084] 2020-02-04 23:32:55.241560: Step 2220: Cross entropy = 0.227113
INFO:tensorflow:2020-02-04 23:32:55.313131: Step 2220: Validation accuracy = 55.0% (N=100)
I0204 23:32:55.313197 140417363757952 retrain.py:1100] 2020-02-04 23:32:55.313131: Step 2220: Validation accuracy = 55.0% (N=100)
INFO:tensorflow:2020-02-04 23:32:56.068812: Step 2230: Train accuracy = 97.0%
I0204 23:32:56.068869 140417363757952 retrain.py:1082] 2020-02-04 23:32:56.068812: Step 2230: Train accuracy = 97.0%
INFO:tensorflow:2020-02-04 23:32:56.069033: Step 2230: Cross entropy = 0.248694
I0204 23:32:56.069050 140417363757952 retrain.py:1084] 2020-02-04 23:32:56.069033: Step 2230: Cross entropy = 0.248694
INFO:tensorflow:2020-02-04 23:32:56.141572: Step 2230: Validation accuracy = 49.0% (N=100)
I0204 23:32:56.141638 140417363757952 retrain.py:1100] 2020-02-04 23:32:56.141572: Step 2230: Validation accuracy = 49.0% (N=100)
INFO:tensorflow:2020-02-04 23:32:56.897964: Step 2240: Train accuracy = 97.0%
I0204 23:32:56.898030 140417363757952 retrain.py:1082] 2020-02-04 23:32:56.897964: Step 2240: Train accuracy = 97.0%
INFO:tensorflow:2020-02-04 23:32:56.898190: Step 2240: Cross entropy = 0.261367
I0204 23:32:56.898210 140417363757952 retrain.py:1084] 2020-02-04 23:32:56.898190: Step 2240: Cross entropy = 0.261367
INFO:tensorflow:2020-02-04 23:32:56.972957: Step 2240: Validation accuracy = 41.0% (N=100)
I0204 23:32:56.973039 140417363757952 retrain.py:1100] 2020-02-04 23:32:56.972957: Step 2240: Validation accuracy = 41.0% (N=100)
INFO:tensorflow:2020-02-04 23:32:57.729426: Step 2250: Train accuracy = 100.0%
I0204 23:32:57.729491 140417363757952 retrain.py:1082] 2020-02-04 23:32:57.729426: Step 2250: Train accuracy = 100.0%
INFO:tensorflow:2020-02-04 23:32:57.729652: Step 2250: Cross entropy = 0.218599
I0204 23:32:57.729671 140417363757952 retrain.py:1084] 2020-02-04 23:32:57.729652: Step 2250: Cross entropy = 0.218599
INFO:tensorflow:2020-02-04 23:32:57.802559: Step 2250: Validation accuracy = 42.0% (N=100)
I0204 23:32:57.802615 140417363757952 retrain.py:1100] 2020-02-04 23:32:57.802559: Step 2250: Validation accuracy = 42.0% (N=100)
INFO:tensorflow:2020-02-04 23:32:58.558400: Step 2260: Train accuracy = 100.0%
I0204 23:32:58.558470 140417363757952 retrain.py:1082] 2020-02-04 23:32:58.558400: Step 2260: Train accuracy = 100.0%
INFO:tensorflow:2020-02-04 23:32:58.558633: Step 2260: Cross entropy = 0.247911
I0204 23:32:58.558655 140417363757952 retrain.py:1084] 2020-02-04 23:32:58.558633: Step 2260: Cross entropy = 0.247911
INFO:tensorflow:2020-02-04 23:32:58.631293: Step 2260: Validation accuracy = 59.0% (N=100)
I0204 23:32:58.631363 140417363757952 retrain.py:1100] 2020-02-04 23:32:58.631293: Step 2260: Validation accuracy = 59.0% (N=100)
INFO:tensorflow:2020-02-04 23:32:59.389135: Step 2270: Train accuracy = 97.0%
I0204 23:32:59.389205 140417363757952 retrain.py:1082] 2020-02-04 23:32:59.389135: Step 2270: Train accuracy = 97.0%
INFO:tensorflow:2020-02-04 23:32:59.389351: Step 2270: Cross entropy = 0.242898
I0204 23:32:59.389367 140417363757952 retrain.py:1084] 2020-02-04 23:32:59.389351: Step 2270: Cross entropy = 0.242898
INFO:tensorflow:2020-02-04 23:32:59.460568: Step 2270: Validation accuracy = 53.0% (N=100)
I0204 23:32:59.460652 140417363757952 retrain.py:1100] 2020-02-04 23:32:59.460568: Step 2270: Validation accuracy = 53.0% (N=100)
INFO:tensorflow:2020-02-04 23:33:00.221848: Step 2280: Train accuracy = 100.0%
I0204 23:33:00.221930 140417363757952 retrain.py:1082] 2020-02-04 23:33:00.221848: Step 2280: Train accuracy = 100.0%
INFO:tensorflow:2020-02-04 23:33:00.222121: Step 2280: Cross entropy = 0.222958
I0204 23:33:00.222138 140417363757952 retrain.py:1084] 2020-02-04 23:33:00.222121: Step 2280: Cross entropy = 0.222958
INFO:tensorflow:2020-02-04 23:33:00.299669: Step 2280: Validation accuracy = 46.0% (N=100)
I0204 23:33:00.299728 140417363757952 retrain.py:1100] 2020-02-04 23:33:00.299669: Step 2280: Validation accuracy = 46.0% (N=100)
INFO:tensorflow:2020-02-04 23:33:01.049613: Step 2290: Train accuracy = 99.0%
I0204 23:33:01.049707 140417363757952 retrain.py:1082] 2020-02-04 23:33:01.049613: Step 2290: Train accuracy = 99.0%
INFO:tensorflow:2020-02-04 23:33:01.049887: Step 2290: Cross entropy = 0.233884
I0204 23:33:01.049939 140417363757952 retrain.py:1084] 2020-02-04 23:33:01.049887: Step 2290: Cross entropy = 0.233884
INFO:tensorflow:2020-02-04 23:33:01.125338: Step 2290: Validation accuracy = 58.0% (N=100)
I0204 23:33:01.125395 140417363757952 retrain.py:1100] 2020-02-04 23:33:01.125338: Step 2290: Validation accuracy = 58.0% (N=100)
INFO:tensorflow:2020-02-04 23:33:01.884847: Step 2300: Train accuracy = 100.0%
I0204 23:33:01.884918 140417363757952 retrain.py:1082] 2020-02-04 23:33:01.884847: Step 2300: Train accuracy = 100.0%
INFO:tensorflow:2020-02-04 23:33:01.885077: Step 2300: Cross entropy = 0.233770
I0204 23:33:01.885111 140417363757952 retrain.py:1084] 2020-02-04 23:33:01.885077: Step 2300: Cross entropy = 0.233770
INFO:tensorflow:2020-02-04 23:33:01.958631: Step 2300: Validation accuracy = 55.0% (N=100)
I0204 23:33:01.958719 140417363757952 retrain.py:1100] 2020-02-04 23:33:01.958631: Step 2300: Validation accuracy = 55.0% (N=100)
INFO:tensorflow:2020-02-04 23:33:02.717195: Step 2310: Train accuracy = 99.0%
I0204 23:33:02.717264 140417363757952 retrain.py:1082] 2020-02-04 23:33:02.717195: Step 2310: Train accuracy = 99.0%
INFO:tensorflow:2020-02-04 23:33:02.717431: Step 2310: Cross entropy = 0.223700
I0204 23:33:02.717451 140417363757952 retrain.py:1084] 2020-02-04 23:33:02.717431: Step 2310: Cross entropy = 0.223700
INFO:tensorflow:2020-02-04 23:33:02.790059: Step 2310: Validation accuracy = 45.0% (N=100)
I0204 23:33:02.790115 140417363757952 retrain.py:1100] 2020-02-04 23:33:02.790059: Step 2310: Validation accuracy = 45.0% (N=100)
INFO:tensorflow:2020-02-04 23:33:03.542445: Step 2320: Train accuracy = 98.0%
I0204 23:33:03.542539 140417363757952 retrain.py:1082] 2020-02-04 23:33:03.542445: Step 2320: Train accuracy = 98.0%
INFO:tensorflow:2020-02-04 23:33:03.542729: Step 2320: Cross entropy = 0.242362
I0204 23:33:03.542752 140417363757952 retrain.py:1084] 2020-02-04 23:33:03.542729: Step 2320: Cross entropy = 0.242362
INFO:tensorflow:2020-02-04 23:33:03.617255: Step 2320: Validation accuracy = 49.0% (N=100)
I0204 23:33:03.617335 140417363757952 retrain.py:1100] 2020-02-04 23:33:03.617255: Step 2320: Validation accuracy = 49.0% (N=100)
INFO:tensorflow:2020-02-04 23:33:04.374550: Step 2330: Train accuracy = 99.0%
I0204 23:33:04.374639 140417363757952 retrain.py:1082] 2020-02-04 23:33:04.374550: Step 2330: Train accuracy = 99.0%
INFO:tensorflow:2020-02-04 23:33:04.374783: Step 2330: Cross entropy = 0.229326
I0204 23:33:04.374828 140417363757952 retrain.py:1084] 2020-02-04 23:33:04.374783: Step 2330: Cross entropy = 0.229326
INFO:tensorflow:2020-02-04 23:33:04.446828: Step 2330: Validation accuracy = 62.0% (N=100)
I0204 23:33:04.446903 140417363757952 retrain.py:1100] 2020-02-04 23:33:04.446828: Step 2330: Validation accuracy = 62.0% (N=100)
INFO:tensorflow:2020-02-04 23:33:05.256323: Step 2340: Train accuracy = 96.0%
I0204 23:33:05.256395 140417363757952 retrain.py:1082] 2020-02-04 23:33:05.256323: Step 2340: Train accuracy = 96.0%
INFO:tensorflow:2020-02-04 23:33:05.256613: Step 2340: Cross entropy = 0.244191
I0204 23:33:05.256635 140417363757952 retrain.py:1084] 2020-02-04 23:33:05.256613: Step 2340: Cross entropy = 0.244191
INFO:tensorflow:2020-02-04 23:33:05.333166: Step 2340: Validation accuracy = 47.0% (N=100)
I0204 23:33:05.333247 140417363757952 retrain.py:1100] 2020-02-04 23:33:05.333166: Step 2340: Validation accuracy = 47.0% (N=100)
INFO:tensorflow:2020-02-04 23:33:06.093606: Step 2350: Train accuracy = 95.0%
I0204 23:33:06.093661 140417363757952 retrain.py:1082] 2020-02-04 23:33:06.093606: Step 2350: Train accuracy = 95.0%
INFO:tensorflow:2020-02-04 23:33:06.093848: Step 2350: Cross entropy = 0.253765
I0204 23:33:06.093869 140417363757952 retrain.py:1084] 2020-02-04 23:33:06.093848: Step 2350: Cross entropy = 0.253765
INFO:tensorflow:2020-02-04 23:33:06.165132: Step 2350: Validation accuracy = 52.0% (N=100)
I0204 23:33:06.165205 140417363757952 retrain.py:1100] 2020-02-04 23:33:06.165132: Step 2350: Validation accuracy = 52.0% (N=100)
INFO:tensorflow:2020-02-04 23:33:06.916202: Step 2360: Train accuracy = 99.0%
I0204 23:33:06.916279 140417363757952 retrain.py:1082] 2020-02-04 23:33:06.916202: Step 2360: Train accuracy = 99.0%
INFO:tensorflow:2020-02-04 23:33:06.916467: Step 2360: Cross entropy = 0.229708
I0204 23:33:06.916489 140417363757952 retrain.py:1084] 2020-02-04 23:33:06.916467: Step 2360: Cross entropy = 0.229708
INFO:tensorflow:2020-02-04 23:33:06.989958: Step 2360: Validation accuracy = 56.0% (N=100)
I0204 23:33:06.990027 140417363757952 retrain.py:1100] 2020-02-04 23:33:06.989958: Step 2360: Validation accuracy = 56.0% (N=100)
INFO:tensorflow:2020-02-04 23:33:07.746873: Step 2370: Train accuracy = 98.0%
I0204 23:33:07.746928 140417363757952 retrain.py:1082] 2020-02-04 23:33:07.746873: Step 2370: Train accuracy = 98.0%
INFO:tensorflow:2020-02-04 23:33:07.747097: Step 2370: Cross entropy = 0.226154
I0204 23:33:07.747116 140417363757952 retrain.py:1084] 2020-02-04 23:33:07.747097: Step 2370: Cross entropy = 0.226154
INFO:tensorflow:2020-02-04 23:33:07.820201: Step 2370: Validation accuracy = 53.0% (N=100)
I0204 23:33:07.820258 140417363757952 retrain.py:1100] 2020-02-04 23:33:07.820201: Step 2370: Validation accuracy = 53.0% (N=100)
INFO:tensorflow:2020-02-04 23:33:08.575304: Step 2380: Train accuracy = 99.0%
I0204 23:33:08.575373 140417363757952 retrain.py:1082] 2020-02-04 23:33:08.575304: Step 2380: Train accuracy = 99.0%
INFO:tensorflow:2020-02-04 23:33:08.575536: Step 2380: Cross entropy = 0.246459
I0204 23:33:08.575569 140417363757952 retrain.py:1084] 2020-02-04 23:33:08.575536: Step 2380: Cross entropy = 0.246459
INFO:tensorflow:2020-02-04 23:33:08.649091: Step 2380: Validation accuracy = 54.0% (N=100)
I0204 23:33:08.649173 140417363757952 retrain.py:1100] 2020-02-04 23:33:08.649091: Step 2380: Validation accuracy = 54.0% (N=100)
INFO:tensorflow:2020-02-04 23:33:09.402474: Step 2390: Train accuracy = 97.0%
I0204 23:33:09.402531 140417363757952 retrain.py:1082] 2020-02-04 23:33:09.402474: Step 2390: Train accuracy = 97.0%
INFO:tensorflow:2020-02-04 23:33:09.402703: Step 2390: Cross entropy = 0.206869
I0204 23:33:09.402721 140417363757952 retrain.py:1084] 2020-02-04 23:33:09.402703: Step 2390: Cross entropy = 0.206869
INFO:tensorflow:2020-02-04 23:33:09.477347: Step 2390: Validation accuracy = 45.0% (N=100)
I0204 23:33:09.477403 140417363757952 retrain.py:1100] 2020-02-04 23:33:09.477347: Step 2390: Validation accuracy = 45.0% (N=100)
INFO:tensorflow:2020-02-04 23:33:10.242425: Step 2400: Train accuracy = 99.0%
I0204 23:33:10.242492 140417363757952 retrain.py:1082] 2020-02-04 23:33:10.242425: Step 2400: Train accuracy = 99.0%
INFO:tensorflow:2020-02-04 23:33:10.242654: Step 2400: Cross entropy = 0.215864
I0204 23:33:10.242674 140417363757952 retrain.py:1084] 2020-02-04 23:33:10.242654: Step 2400: Cross entropy = 0.215864
INFO:tensorflow:2020-02-04 23:33:10.315936: Step 2400: Validation accuracy = 47.0% (N=100)
I0204 23:33:10.316014 140417363757952 retrain.py:1100] 2020-02-04 23:33:10.315936: Step 2400: Validation accuracy = 47.0% (N=100)
INFO:tensorflow:2020-02-04 23:33:11.064320: Step 2410: Train accuracy = 99.0%
I0204 23:33:11.064409 140417363757952 retrain.py:1082] 2020-02-04 23:33:11.064320: Step 2410: Train accuracy = 99.0%
INFO:tensorflow:2020-02-04 23:33:11.064572: Step 2410: Cross entropy = 0.216039
I0204 23:33:11.064601 140417363757952 retrain.py:1084] 2020-02-04 23:33:11.064572: Step 2410: Cross entropy = 0.216039
INFO:tensorflow:2020-02-04 23:33:11.140360: Step 2410: Validation accuracy = 51.0% (N=100)
I0204 23:33:11.140428 140417363757952 retrain.py:1100] 2020-02-04 23:33:11.140360: Step 2410: Validation accuracy = 51.0% (N=100)
INFO:tensorflow:2020-02-04 23:33:11.890299: Step 2420: Train accuracy = 99.0%
I0204 23:33:11.890358 140417363757952 retrain.py:1082] 2020-02-04 23:33:11.890299: Step 2420: Train accuracy = 99.0%
INFO:tensorflow:2020-02-04 23:33:11.890546: Step 2420: Cross entropy = 0.224335
I0204 23:33:11.890567 140417363757952 retrain.py:1084] 2020-02-04 23:33:11.890546: Step 2420: Cross entropy = 0.224335
INFO:tensorflow:2020-02-04 23:33:11.964567: Step 2420: Validation accuracy = 41.0% (N=100)
I0204 23:33:11.964634 140417363757952 retrain.py:1100] 2020-02-04 23:33:11.964567: Step 2420: Validation accuracy = 41.0% (N=100)
INFO:tensorflow:2020-02-04 23:33:12.722738: Step 2430: Train accuracy = 98.0%
I0204 23:33:12.722822 140417363757952 retrain.py:1082] 2020-02-04 23:33:12.722738: Step 2430: Train accuracy = 98.0%
INFO:tensorflow:2020-02-04 23:33:12.723034: Step 2430: Cross entropy = 0.231467
I0204 23:33:12.723067 140417363757952 retrain.py:1084] 2020-02-04 23:33:12.723034: Step 2430: Cross entropy = 0.231467
INFO:tensorflow:2020-02-04 23:33:12.794021: Step 2430: Validation accuracy = 48.0% (N=100)
I0204 23:33:12.794078 140417363757952 retrain.py:1100] 2020-02-04 23:33:12.794021: Step 2430: Validation accuracy = 48.0% (N=100)
INFO:tensorflow:2020-02-04 23:33:13.611199: Step 2440: Train accuracy = 100.0%
I0204 23:33:13.611269 140417363757952 retrain.py:1082] 2020-02-04 23:33:13.611199: Step 2440: Train accuracy = 100.0%
INFO:tensorflow:2020-02-04 23:33:13.611444: Step 2440: Cross entropy = 0.203143
I0204 23:33:13.611461 140417363757952 retrain.py:1084] 2020-02-04 23:33:13.611444: Step 2440: Cross entropy = 0.203143
INFO:tensorflow:2020-02-04 23:33:13.684588: Step 2440: Validation accuracy = 56.0% (N=100)
I0204 23:33:13.684657 140417363757952 retrain.py:1100] 2020-02-04 23:33:13.684588: Step 2440: Validation accuracy = 56.0% (N=100)
INFO:tensorflow:2020-02-04 23:33:14.438067: Step 2450: Train accuracy = 100.0%
I0204 23:33:14.438124 140417363757952 retrain.py:1082] 2020-02-04 23:33:14.438067: Step 2450: Train accuracy = 100.0%
INFO:tensorflow:2020-02-04 23:33:14.438290: Step 2450: Cross entropy = 0.195411
I0204 23:33:14.438321 140417363757952 retrain.py:1084] 2020-02-04 23:33:14.438290: Step 2450: Cross entropy = 0.195411
INFO:tensorflow:2020-02-04 23:33:14.512367: Step 2450: Validation accuracy = 55.0% (N=100)
I0204 23:33:14.512423 140417363757952 retrain.py:1100] 2020-02-04 23:33:14.512367: Step 2450: Validation accuracy = 55.0% (N=100)
INFO:tensorflow:2020-02-04 23:33:15.275833: Step 2460: Train accuracy = 98.0%
I0204 23:33:15.275899 140417363757952 retrain.py:1082] 2020-02-04 23:33:15.275833: Step 2460: Train accuracy = 98.0%
INFO:tensorflow:2020-02-04 23:33:15.276071: Step 2460: Cross entropy = 0.244801
I0204 23:33:15.276095 140417363757952 retrain.py:1084] 2020-02-04 23:33:15.276071: Step 2460: Cross entropy = 0.244801
INFO:tensorflow:2020-02-04 23:33:15.350843: Step 2460: Validation accuracy = 58.0% (N=100)
I0204 23:33:15.350901 140417363757952 retrain.py:1100] 2020-02-04 23:33:15.350843: Step 2460: Validation accuracy = 58.0% (N=100)
INFO:tensorflow:2020-02-04 23:33:16.119118: Step 2470: Train accuracy = 100.0%
I0204 23:33:16.119189 140417363757952 retrain.py:1082] 2020-02-04 23:33:16.119118: Step 2470: Train accuracy = 100.0%
INFO:tensorflow:2020-02-04 23:33:16.119380: Step 2470: Cross entropy = 0.228453
I0204 23:33:16.119406 140417363757952 retrain.py:1084] 2020-02-04 23:33:16.119380: Step 2470: Cross entropy = 0.228453
INFO:tensorflow:2020-02-04 23:33:16.192427: Step 2470: Validation accuracy = 59.0% (N=100)
I0204 23:33:16.192505 140417363757952 retrain.py:1100] 2020-02-04 23:33:16.192427: Step 2470: Validation accuracy = 59.0% (N=100)
INFO:tensorflow:2020-02-04 23:33:16.943475: Step 2480: Train accuracy = 98.0%
I0204 23:33:16.943542 140417363757952 retrain.py:1082] 2020-02-04 23:33:16.943475: Step 2480: Train accuracy = 98.0%
INFO:tensorflow:2020-02-04 23:33:16.943719: Step 2480: Cross entropy = 0.230613
I0204 23:33:16.943738 140417363757952 retrain.py:1084] 2020-02-04 23:33:16.943719: Step 2480: Cross entropy = 0.230613
INFO:tensorflow:2020-02-04 23:33:17.015934: Step 2480: Validation accuracy = 58.0% (N=100)
I0204 23:33:17.016030 140417363757952 retrain.py:1100] 2020-02-04 23:33:17.015934: Step 2480: Validation accuracy = 58.0% (N=100)
INFO:tensorflow:2020-02-04 23:33:17.799440: Step 2490: Train accuracy = 99.0%
I0204 23:33:17.799498 140417363757952 retrain.py:1082] 2020-02-04 23:33:17.799440: Step 2490: Train accuracy = 99.0%
INFO:tensorflow:2020-02-04 23:33:17.799675: Step 2490: Cross entropy = 0.199812
I0204 23:33:17.799696 140417363757952 retrain.py:1084] 2020-02-04 23:33:17.799675: Step 2490: Cross entropy = 0.199812
INFO:tensorflow:2020-02-04 23:33:17.874179: Step 2490: Validation accuracy = 55.0% (N=100)
I0204 23:33:17.874234 140417363757952 retrain.py:1100] 2020-02-04 23:33:17.874179: Step 2490: Validation accuracy = 55.0% (N=100)
INFO:tensorflow:2020-02-04 23:33:18.629770: Step 2500: Train accuracy = 99.0%
I0204 23:33:18.629837 140417363757952 retrain.py:1082] 2020-02-04 23:33:18.629770: Step 2500: Train accuracy = 99.0%
INFO:tensorflow:2020-02-04 23:33:18.630010: Step 2500: Cross entropy = 0.223562
I0204 23:33:18.630030 140417363757952 retrain.py:1084] 2020-02-04 23:33:18.630010: Step 2500: Cross entropy = 0.223562
INFO:tensorflow:2020-02-04 23:33:18.702495: Step 2500: Validation accuracy = 38.0% (N=100)
I0204 23:33:18.702562 140417363757952 retrain.py:1100] 2020-02-04 23:33:18.702495: Step 2500: Validation accuracy = 38.0% (N=100)
INFO:tensorflow:2020-02-04 23:33:19.448986: Step 2510: Train accuracy = 100.0%
I0204 23:33:19.449044 140417363757952 retrain.py:1082] 2020-02-04 23:33:19.448986: Step 2510: Train accuracy = 100.0%
INFO:tensorflow:2020-02-04 23:33:19.449221: Step 2510: Cross entropy = 0.198210
I0204 23:33:19.449244 140417363757952 retrain.py:1084] 2020-02-04 23:33:19.449221: Step 2510: Cross entropy = 0.198210
INFO:tensorflow:2020-02-04 23:33:19.521580: Step 2510: Validation accuracy = 65.0% (N=100)
I0204 23:33:19.521652 140417363757952 retrain.py:1100] 2020-02-04 23:33:19.521580: Step 2510: Validation accuracy = 65.0% (N=100)
INFO:tensorflow:2020-02-04 23:33:20.275862: Step 2520: Train accuracy = 97.0%
I0204 23:33:20.275928 140417363757952 retrain.py:1082] 2020-02-04 23:33:20.275862: Step 2520: Train accuracy = 97.0%
INFO:tensorflow:2020-02-04 23:33:20.276117: Step 2520: Cross entropy = 0.207106
I0204 23:33:20.276153 140417363757952 retrain.py:1084] 2020-02-04 23:33:20.276117: Step 2520: Cross entropy = 0.207106
INFO:tensorflow:2020-02-04 23:33:20.347720: Step 2520: Validation accuracy = 53.0% (N=100)
I0204 23:33:20.347785 140417363757952 retrain.py:1100] 2020-02-04 23:33:20.347720: Step 2520: Validation accuracy = 53.0% (N=100)
INFO:tensorflow:2020-02-04 23:33:21.107072: Step 2530: Train accuracy = 100.0%
I0204 23:33:21.107142 140417363757952 retrain.py:1082] 2020-02-04 23:33:21.107072: Step 2530: Train accuracy = 100.0%
INFO:tensorflow:2020-02-04 23:33:21.107295: Step 2530: Cross entropy = 0.231228
I0204 23:33:21.107330 140417363757952 retrain.py:1084] 2020-02-04 23:33:21.107295: Step 2530: Cross entropy = 0.231228
INFO:tensorflow:2020-02-04 23:33:21.181465: Step 2530: Validation accuracy = 52.0% (N=100)
I0204 23:33:21.181546 140417363757952 retrain.py:1100] 2020-02-04 23:33:21.181465: Step 2530: Validation accuracy = 52.0% (N=100)
INFO:tensorflow:2020-02-04 23:33:21.954580: Step 2540: Train accuracy = 99.0%
I0204 23:33:21.954646 140417363757952 retrain.py:1082] 2020-02-04 23:33:21.954580: Step 2540: Train accuracy = 99.0%
INFO:tensorflow:2020-02-04 23:33:21.954826: Step 2540: Cross entropy = 0.229964
I0204 23:33:21.954863 140417363757952 retrain.py:1084] 2020-02-04 23:33:21.954826: Step 2540: Cross entropy = 0.229964
INFO:tensorflow:2020-02-04 23:33:22.028368: Step 2540: Validation accuracy = 50.0% (N=100)
I0204 23:33:22.028434 140417363757952 retrain.py:1100] 2020-02-04 23:33:22.028368: Step 2540: Validation accuracy = 50.0% (N=100)
INFO:tensorflow:2020-02-04 23:33:22.784150: Step 2550: Train accuracy = 98.0%
I0204 23:33:22.784241 140417363757952 retrain.py:1082] 2020-02-04 23:33:22.784150: Step 2550: Train accuracy = 98.0%
INFO:tensorflow:2020-02-04 23:33:22.784388: Step 2550: Cross entropy = 0.229947
I0204 23:33:22.784433 140417363757952 retrain.py:1084] 2020-02-04 23:33:22.784388: Step 2550: Cross entropy = 0.229947
INFO:tensorflow:2020-02-04 23:33:22.856530: Step 2550: Validation accuracy = 47.0% (N=100)
I0204 23:33:22.856597 140417363757952 retrain.py:1100] 2020-02-04 23:33:22.856530: Step 2550: Validation accuracy = 47.0% (N=100)
INFO:tensorflow:2020-02-04 23:33:23.615114: Step 2560: Train accuracy = 98.0%
I0204 23:33:23.615171 140417363757952 retrain.py:1082] 2020-02-04 23:33:23.615114: Step 2560: Train accuracy = 98.0%
INFO:tensorflow:2020-02-04 23:33:23.615391: Step 2560: Cross entropy = 0.233480
I0204 23:33:23.615416 140417363757952 retrain.py:1084] 2020-02-04 23:33:23.615391: Step 2560: Cross entropy = 0.233480
INFO:tensorflow:2020-02-04 23:33:23.689597: Step 2560: Validation accuracy = 64.0% (N=100)
I0204 23:33:23.689654 140417363757952 retrain.py:1100] 2020-02-04 23:33:23.689597: Step 2560: Validation accuracy = 64.0% (N=100)
INFO:tensorflow:2020-02-04 23:33:24.445253: Step 2570: Train accuracy = 99.0%
I0204 23:33:24.445308 140417363757952 retrain.py:1082] 2020-02-04 23:33:24.445253: Step 2570: Train accuracy = 99.0%
INFO:tensorflow:2020-02-04 23:33:24.445475: Step 2570: Cross entropy = 0.205448
I0204 23:33:24.445495 140417363757952 retrain.py:1084] 2020-02-04 23:33:24.445475: Step 2570: Cross entropy = 0.205448
INFO:tensorflow:2020-02-04 23:33:24.520229: Step 2570: Validation accuracy = 47.0% (N=100)
I0204 23:33:24.520297 140417363757952 retrain.py:1100] 2020-02-04 23:33:24.520229: Step 2570: Validation accuracy = 47.0% (N=100)
INFO:tensorflow:2020-02-04 23:33:25.277045: Step 2580: Train accuracy = 99.0%
I0204 23:33:25.277116 140417363757952 retrain.py:1082] 2020-02-04 23:33:25.277045: Step 2580: Train accuracy = 99.0%
INFO:tensorflow:2020-02-04 23:33:25.277287: Step 2580: Cross entropy = 0.212864
I0204 23:33:25.277307 140417363757952 retrain.py:1084] 2020-02-04 23:33:25.277287: Step 2580: Cross entropy = 0.212864
INFO:tensorflow:2020-02-04 23:33:25.348765: Step 2580: Validation accuracy = 50.0% (N=100)
I0204 23:33:25.348868 140417363757952 retrain.py:1100] 2020-02-04 23:33:25.348765: Step 2580: Validation accuracy = 50.0% (N=100)
INFO:tensorflow:2020-02-04 23:33:26.114730: Step 2590: Train accuracy = 99.0%
I0204 23:33:26.114788 140417363757952 retrain.py:1082] 2020-02-04 23:33:26.114730: Step 2590: Train accuracy = 99.0%
INFO:tensorflow:2020-02-04 23:33:26.114965: Step 2590: Cross entropy = 0.207666
I0204 23:33:26.114983 140417363757952 retrain.py:1084] 2020-02-04 23:33:26.114965: Step 2590: Cross entropy = 0.207666
INFO:tensorflow:2020-02-04 23:33:26.189745: Step 2590: Validation accuracy = 41.0% (N=100)
I0204 23:33:26.189814 140417363757952 retrain.py:1100] 2020-02-04 23:33:26.189745: Step 2590: Validation accuracy = 41.0% (N=100)
INFO:tensorflow:2020-02-04 23:33:26.938964: Step 2600: Train accuracy = 100.0%
I0204 23:33:26.939066 140417363757952 retrain.py:1082] 2020-02-04 23:33:26.938964: Step 2600: Train accuracy = 100.0%
INFO:tensorflow:2020-02-04 23:33:26.939268: Step 2600: Cross entropy = 0.200995
I0204 23:33:26.939302 140417363757952 retrain.py:1084] 2020-02-04 23:33:26.939268: Step 2600: Cross entropy = 0.200995
INFO:tensorflow:2020-02-04 23:33:27.013154: Step 2600: Validation accuracy = 58.0% (N=100)
I0204 23:33:27.013212 140417363757952 retrain.py:1100] 2020-02-04 23:33:27.013154: Step 2600: Validation accuracy = 58.0% (N=100)
INFO:tensorflow:2020-02-04 23:33:27.839324: Step 2610: Train accuracy = 100.0%
I0204 23:33:27.839417 140417363757952 retrain.py:1082] 2020-02-04 23:33:27.839324: Step 2610: Train accuracy = 100.0%
INFO:tensorflow:2020-02-04 23:33:27.839642: Step 2610: Cross entropy = 0.203626
I0204 23:33:27.839670 140417363757952 retrain.py:1084] 2020-02-04 23:33:27.839642: Step 2610: Cross entropy = 0.203626
INFO:tensorflow:2020-02-04 23:33:27.958736: Step 2610: Validation accuracy = 42.0% (N=100)
I0204 23:33:27.958795 140417363757952 retrain.py:1100] 2020-02-04 23:33:27.958736: Step 2610: Validation accuracy = 42.0% (N=100)
INFO:tensorflow:2020-02-04 23:33:29.198879: Step 2620: Train accuracy = 97.0%
I0204 23:33:29.198961 140417363757952 retrain.py:1082] 2020-02-04 23:33:29.198879: Step 2620: Train accuracy = 97.0%
INFO:tensorflow:2020-02-04 23:33:29.199131: Step 2620: Cross entropy = 0.223129
I0204 23:33:29.199162 140417363757952 retrain.py:1084] 2020-02-04 23:33:29.199131: Step 2620: Cross entropy = 0.223129
INFO:tensorflow:2020-02-04 23:33:29.317730: Step 2620: Validation accuracy = 57.0% (N=100)
I0204 23:33:29.317809 140417363757952 retrain.py:1100] 2020-02-04 23:33:29.317730: Step 2620: Validation accuracy = 57.0% (N=100)
INFO:tensorflow:2020-02-04 23:33:30.223355: Step 2630: Train accuracy = 99.0%
I0204 23:33:30.223476 140417363757952 retrain.py:1082] 2020-02-04 23:33:30.223355: Step 2630: Train accuracy = 99.0%
INFO:tensorflow:2020-02-04 23:33:30.223675: Step 2630: Cross entropy = 0.225578
I0204 23:33:30.223702 140417363757952 retrain.py:1084] 2020-02-04 23:33:30.223675: Step 2630: Cross entropy = 0.225578
INFO:tensorflow:2020-02-04 23:33:30.317971: Step 2630: Validation accuracy = 55.0% (N=100)
I0204 23:33:30.318030 140417363757952 retrain.py:1100] 2020-02-04 23:33:30.317971: Step 2630: Validation accuracy = 55.0% (N=100)
INFO:tensorflow:2020-02-04 23:33:31.187640: Step 2640: Train accuracy = 99.0%
I0204 23:33:31.187721 140417363757952 retrain.py:1082] 2020-02-04 23:33:31.187640: Step 2640: Train accuracy = 99.0%
INFO:tensorflow:2020-02-04 23:33:31.187969: Step 2640: Cross entropy = 0.224970
I0204 23:33:31.187990 140417363757952 retrain.py:1084] 2020-02-04 23:33:31.187969: Step 2640: Cross entropy = 0.224970
INFO:tensorflow:2020-02-04 23:33:31.266207: Step 2640: Validation accuracy = 46.0% (N=100)
I0204 23:33:31.266275 140417363757952 retrain.py:1100] 2020-02-04 23:33:31.266207: Step 2640: Validation accuracy = 46.0% (N=100)
INFO:tensorflow:2020-02-04 23:33:32.057829: Step 2650: Train accuracy = 100.0%
I0204 23:33:32.057895 140417363757952 retrain.py:1082] 2020-02-04 23:33:32.057829: Step 2650: Train accuracy = 100.0%
INFO:tensorflow:2020-02-04 23:33:32.058099: Step 2650: Cross entropy = 0.190898
I0204 23:33:32.058137 140417363757952 retrain.py:1084] 2020-02-04 23:33:32.058099: Step 2650: Cross entropy = 0.190898
INFO:tensorflow:2020-02-04 23:33:32.132834: Step 2650: Validation accuracy = 63.0% (N=100)
I0204 23:33:32.132891 140417363757952 retrain.py:1100] 2020-02-04 23:33:32.132834: Step 2650: Validation accuracy = 63.0% (N=100)
INFO:tensorflow:2020-02-04 23:33:32.897449: Step 2660: Train accuracy = 98.0%
I0204 23:33:32.897505 140417363757952 retrain.py:1082] 2020-02-04 23:33:32.897449: Step 2660: Train accuracy = 98.0%
INFO:tensorflow:2020-02-04 23:33:32.897679: Step 2660: Cross entropy = 0.228125
I0204 23:33:32.897694 140417363757952 retrain.py:1084] 2020-02-04 23:33:32.897679: Step 2660: Cross entropy = 0.228125
INFO:tensorflow:2020-02-04 23:33:32.975971: Step 2660: Validation accuracy = 52.0% (N=100)
I0204 23:33:32.976029 140417363757952 retrain.py:1100] 2020-02-04 23:33:32.975971: Step 2660: Validation accuracy = 52.0% (N=100)
INFO:tensorflow:2020-02-04 23:33:33.747935: Step 2670: Train accuracy = 98.0%
I0204 23:33:33.747991 140417363757952 retrain.py:1082] 2020-02-04 23:33:33.747935: Step 2670: Train accuracy = 98.0%
INFO:tensorflow:2020-02-04 23:33:33.748174: Step 2670: Cross entropy = 0.187460
I0204 23:33:33.748191 140417363757952 retrain.py:1084] 2020-02-04 23:33:33.748174: Step 2670: Cross entropy = 0.187460
INFO:tensorflow:2020-02-04 23:33:33.819043: Step 2670: Validation accuracy = 46.0% (N=100)
I0204 23:33:33.819107 140417363757952 retrain.py:1100] 2020-02-04 23:33:33.819043: Step 2670: Validation accuracy = 46.0% (N=100)
INFO:tensorflow:2020-02-04 23:33:34.633011: Step 2680: Train accuracy = 99.0%
I0204 23:33:34.633068 140417363757952 retrain.py:1082] 2020-02-04 23:33:34.633011: Step 2680: Train accuracy = 99.0%
INFO:tensorflow:2020-02-04 23:33:34.633230: Step 2680: Cross entropy = 0.216440
I0204 23:33:34.633260 140417363757952 retrain.py:1084] 2020-02-04 23:33:34.633230: Step 2680: Cross entropy = 0.216440
INFO:tensorflow:2020-02-04 23:33:34.705887: Step 2680: Validation accuracy = 51.0% (N=100)
I0204 23:33:34.705956 140417363757952 retrain.py:1100] 2020-02-04 23:33:34.705887: Step 2680: Validation accuracy = 51.0% (N=100)
INFO:tensorflow:2020-02-04 23:33:35.492281: Step 2690: Train accuracy = 99.0%
I0204 23:33:35.492352 140417363757952 retrain.py:1082] 2020-02-04 23:33:35.492281: Step 2690: Train accuracy = 99.0%
INFO:tensorflow:2020-02-04 23:33:35.492528: Step 2690: Cross entropy = 0.188906
I0204 23:33:35.492564 140417363757952 retrain.py:1084] 2020-02-04 23:33:35.492528: Step 2690: Cross entropy = 0.188906
INFO:tensorflow:2020-02-04 23:33:35.581162: Step 2690: Validation accuracy = 45.0% (N=100)
I0204 23:33:35.581254 140417363757952 retrain.py:1100] 2020-02-04 23:33:35.581162: Step 2690: Validation accuracy = 45.0% (N=100)
INFO:tensorflow:2020-02-04 23:33:36.370871: Step 2700: Train accuracy = 98.0%
I0204 23:33:36.370927 140417363757952 retrain.py:1082] 2020-02-04 23:33:36.370871: Step 2700: Train accuracy = 98.0%
INFO:tensorflow:2020-02-04 23:33:36.371096: Step 2700: Cross entropy = 0.223557
I0204 23:33:36.371115 140417363757952 retrain.py:1084] 2020-02-04 23:33:36.371096: Step 2700: Cross entropy = 0.223557
INFO:tensorflow:2020-02-04 23:33:36.459118: Step 2700: Validation accuracy = 53.0% (N=100)
I0204 23:33:36.459197 140417363757952 retrain.py:1100] 2020-02-04 23:33:36.459118: Step 2700: Validation accuracy = 53.0% (N=100)
INFO:tensorflow:2020-02-04 23:33:37.589683: Step 2710: Train accuracy = 99.0%
I0204 23:33:37.589805 140417363757952 retrain.py:1082] 2020-02-04 23:33:37.589683: Step 2710: Train accuracy = 99.0%
INFO:tensorflow:2020-02-04 23:33:37.590334: Step 2710: Cross entropy = 0.226534
I0204 23:33:37.590360 140417363757952 retrain.py:1084] 2020-02-04 23:33:37.590334: Step 2710: Cross entropy = 0.226534
INFO:tensorflow:2020-02-04 23:33:37.722699: Step 2710: Validation accuracy = 63.0% (N=100)
I0204 23:33:37.722780 140417363757952 retrain.py:1100] 2020-02-04 23:33:37.722699: Step 2710: Validation accuracy = 63.0% (N=100)
INFO:tensorflow:2020-02-04 23:33:38.913805: Step 2720: Train accuracy = 100.0%
I0204 23:33:38.913889 140417363757952 retrain.py:1082] 2020-02-04 23:33:38.913805: Step 2720: Train accuracy = 100.0%
INFO:tensorflow:2020-02-04 23:33:38.914095: Step 2720: Cross entropy = 0.194632
I0204 23:33:38.914115 140417363757952 retrain.py:1084] 2020-02-04 23:33:38.914095: Step 2720: Cross entropy = 0.194632
INFO:tensorflow:2020-02-04 23:33:38.995273: Step 2720: Validation accuracy = 47.0% (N=100)
I0204 23:33:38.995347 140417363757952 retrain.py:1100] 2020-02-04 23:33:38.995273: Step 2720: Validation accuracy = 47.0% (N=100)
INFO:tensorflow:2020-02-04 23:33:39.816459: Step 2730: Train accuracy = 98.0%
I0204 23:33:39.816536 140417363757952 retrain.py:1082] 2020-02-04 23:33:39.816459: Step 2730: Train accuracy = 98.0%
INFO:tensorflow:2020-02-04 23:33:39.816704: Step 2730: Cross entropy = 0.208579
I0204 23:33:39.816724 140417363757952 retrain.py:1084] 2020-02-04 23:33:39.816704: Step 2730: Cross entropy = 0.208579
INFO:tensorflow:2020-02-04 23:33:39.892876: Step 2730: Validation accuracy = 47.0% (N=100)
I0204 23:33:39.892952 140417363757952 retrain.py:1100] 2020-02-04 23:33:39.892876: Step 2730: Validation accuracy = 47.0% (N=100)
INFO:tensorflow:2020-02-04 23:33:40.653139: Step 2740: Train accuracy = 100.0%
I0204 23:33:40.653213 140417363757952 retrain.py:1082] 2020-02-04 23:33:40.653139: Step 2740: Train accuracy = 100.0%
INFO:tensorflow:2020-02-04 23:33:40.653388: Step 2740: Cross entropy = 0.196035
I0204 23:33:40.653431 140417363757952 retrain.py:1084] 2020-02-04 23:33:40.653388: Step 2740: Cross entropy = 0.196035
INFO:tensorflow:2020-02-04 23:33:40.740524: Step 2740: Validation accuracy = 51.0% (N=100)
I0204 23:33:40.740618 140417363757952 retrain.py:1100] 2020-02-04 23:33:40.740524: Step 2740: Validation accuracy = 51.0% (N=100)
INFO:tensorflow:2020-02-04 23:33:41.637488: Step 2750: Train accuracy = 98.0%
I0204 23:33:41.637545 140417363757952 retrain.py:1082] 2020-02-04 23:33:41.637488: Step 2750: Train accuracy = 98.0%
INFO:tensorflow:2020-02-04 23:33:41.637752: Step 2750: Cross entropy = 0.207439
I0204 23:33:41.637777 140417363757952 retrain.py:1084] 2020-02-04 23:33:41.637752: Step 2750: Cross entropy = 0.207439
INFO:tensorflow:2020-02-04 23:33:41.714994: Step 2750: Validation accuracy = 53.0% (N=100)
I0204 23:33:41.715061 140417363757952 retrain.py:1100] 2020-02-04 23:33:41.714994: Step 2750: Validation accuracy = 53.0% (N=100)
INFO:tensorflow:2020-02-04 23:33:43.031397: Step 2760: Train accuracy = 98.0%
I0204 23:33:43.031490 140417363757952 retrain.py:1082] 2020-02-04 23:33:43.031397: Step 2760: Train accuracy = 98.0%
INFO:tensorflow:2020-02-04 23:33:43.031993: Step 2760: Cross entropy = 0.208794
I0204 23:33:43.032025 140417363757952 retrain.py:1084] 2020-02-04 23:33:43.031993: Step 2760: Cross entropy = 0.208794
INFO:tensorflow:2020-02-04 23:33:43.241650: Step 2760: Validation accuracy = 52.0% (N=100)
I0204 23:33:43.241738 140417363757952 retrain.py:1100] 2020-02-04 23:33:43.241650: Step 2760: Validation accuracy = 52.0% (N=100)
INFO:tensorflow:2020-02-04 23:33:44.729894: Step 2770: Train accuracy = 100.0%
I0204 23:33:44.730125 140417363757952 retrain.py:1082] 2020-02-04 23:33:44.729894: Step 2770: Train accuracy = 100.0%
INFO:tensorflow:2020-02-04 23:33:44.730809: Step 2770: Cross entropy = 0.230426
I0204 23:33:44.730849 140417363757952 retrain.py:1084] 2020-02-04 23:33:44.730809: Step 2770: Cross entropy = 0.230426
INFO:tensorflow:2020-02-04 23:33:44.841554: Step 2770: Validation accuracy = 60.0% (N=100)
I0204 23:33:44.841639 140417363757952 retrain.py:1100] 2020-02-04 23:33:44.841554: Step 2770: Validation accuracy = 60.0% (N=100)
INFO:tensorflow:2020-02-04 23:33:46.360245: Step 2780: Train accuracy = 95.0%
I0204 23:33:46.360351 140417363757952 retrain.py:1082] 2020-02-04 23:33:46.360245: Step 2780: Train accuracy = 95.0%
INFO:tensorflow:2020-02-04 23:33:46.360699: Step 2780: Cross entropy = 0.215428
I0204 23:33:46.360737 140417363757952 retrain.py:1084] 2020-02-04 23:33:46.360699: Step 2780: Cross entropy = 0.215428
INFO:tensorflow:2020-02-04 23:33:46.747663: Step 2780: Validation accuracy = 52.0% (N=100)
I0204 23:33:46.747774 140417363757952 retrain.py:1100] 2020-02-04 23:33:46.747663: Step 2780: Validation accuracy = 52.0% (N=100)
INFO:tensorflow:2020-02-04 23:33:47.805080: Step 2790: Train accuracy = 98.0%
I0204 23:33:47.805139 140417363757952 retrain.py:1082] 2020-02-04 23:33:47.805080: Step 2790: Train accuracy = 98.0%
INFO:tensorflow:2020-02-04 23:33:47.805527: Step 2790: Cross entropy = 0.200638
I0204 23:33:47.805555 140417363757952 retrain.py:1084] 2020-02-04 23:33:47.805527: Step 2790: Cross entropy = 0.200638
INFO:tensorflow:2020-02-04 23:33:48.014427: Step 2790: Validation accuracy = 58.0% (N=100)
I0204 23:33:48.014495 140417363757952 retrain.py:1100] 2020-02-04 23:33:48.014427: Step 2790: Validation accuracy = 58.0% (N=100)
INFO:tensorflow:2020-02-04 23:33:49.076914: Step 2800: Train accuracy = 100.0%
I0204 23:33:49.076999 140417363757952 retrain.py:1082] 2020-02-04 23:33:49.076914: Step 2800: Train accuracy = 100.0%
INFO:tensorflow:2020-02-04 23:33:49.077165: Step 2800: Cross entropy = 0.165411
I0204 23:33:49.077186 140417363757952 retrain.py:1084] 2020-02-04 23:33:49.077165: Step 2800: Cross entropy = 0.165411
INFO:tensorflow:2020-02-04 23:33:49.155112: Step 2800: Validation accuracy = 44.0% (N=100)
I0204 23:33:49.155180 140417363757952 retrain.py:1100] 2020-02-04 23:33:49.155112: Step 2800: Validation accuracy = 44.0% (N=100)
INFO:tensorflow:2020-02-04 23:33:49.975841: Step 2810: Train accuracy = 99.0%
I0204 23:33:49.975917 140417363757952 retrain.py:1082] 2020-02-04 23:33:49.975841: Step 2810: Train accuracy = 99.0%
INFO:tensorflow:2020-02-04 23:33:49.976089: Step 2810: Cross entropy = 0.186565
I0204 23:33:49.976109 140417363757952 retrain.py:1084] 2020-02-04 23:33:49.976089: Step 2810: Cross entropy = 0.186565
INFO:tensorflow:2020-02-04 23:33:50.056115: Step 2810: Validation accuracy = 55.0% (N=100)
I0204 23:33:50.056175 140417363757952 retrain.py:1100] 2020-02-04 23:33:50.056115: Step 2810: Validation accuracy = 55.0% (N=100)
INFO:tensorflow:2020-02-04 23:33:50.935225: Step 2820: Train accuracy = 98.0%
I0204 23:33:50.935292 140417363757952 retrain.py:1082] 2020-02-04 23:33:50.935225: Step 2820: Train accuracy = 98.0%
INFO:tensorflow:2020-02-04 23:33:50.935447: Step 2820: Cross entropy = 0.217953
I0204 23:33:50.935466 140417363757952 retrain.py:1084] 2020-02-04 23:33:50.935447: Step 2820: Cross entropy = 0.217953
INFO:tensorflow:2020-02-04 23:33:51.011317: Step 2820: Validation accuracy = 49.0% (N=100)
I0204 23:33:51.011385 140417363757952 retrain.py:1100] 2020-02-04 23:33:51.011317: Step 2820: Validation accuracy = 49.0% (N=100)
INFO:tensorflow:2020-02-04 23:33:51.840697: Step 2830: Train accuracy = 98.0%
I0204 23:33:51.840766 140417363757952 retrain.py:1082] 2020-02-04 23:33:51.840697: Step 2830: Train accuracy = 98.0%
INFO:tensorflow:2020-02-04 23:33:51.840976: Step 2830: Cross entropy = 0.225280
I0204 23:33:51.840997 140417363757952 retrain.py:1084] 2020-02-04 23:33:51.840976: Step 2830: Cross entropy = 0.225280
INFO:tensorflow:2020-02-04 23:33:51.921745: Step 2830: Validation accuracy = 53.0% (N=100)
I0204 23:33:51.921832 140417363757952 retrain.py:1100] 2020-02-04 23:33:51.921745: Step 2830: Validation accuracy = 53.0% (N=100)
INFO:tensorflow:2020-02-04 23:33:52.757266: Step 2840: Train accuracy = 100.0%
I0204 23:33:52.757326 140417363757952 retrain.py:1082] 2020-02-04 23:33:52.757266: Step 2840: Train accuracy = 100.0%
INFO:tensorflow:2020-02-04 23:33:52.757509: Step 2840: Cross entropy = 0.208751
I0204 23:33:52.757530 140417363757952 retrain.py:1084] 2020-02-04 23:33:52.757509: Step 2840: Cross entropy = 0.208751
INFO:tensorflow:2020-02-04 23:33:52.831082: Step 2840: Validation accuracy = 65.0% (N=100)
I0204 23:33:52.831139 140417363757952 retrain.py:1100] 2020-02-04 23:33:52.831082: Step 2840: Validation accuracy = 65.0% (N=100)
INFO:tensorflow:2020-02-04 23:33:53.589337: Step 2850: Train accuracy = 100.0%
I0204 23:33:53.589416 140417363757952 retrain.py:1082] 2020-02-04 23:33:53.589337: Step 2850: Train accuracy = 100.0%
INFO:tensorflow:2020-02-04 23:33:53.589611: Step 2850: Cross entropy = 0.175030
I0204 23:33:53.589629 140417363757952 retrain.py:1084] 2020-02-04 23:33:53.589611: Step 2850: Cross entropy = 0.175030
INFO:tensorflow:2020-02-04 23:33:53.660643: Step 2850: Validation accuracy = 49.0% (N=100)
I0204 23:33:53.660709 140417363757952 retrain.py:1100] 2020-02-04 23:33:53.660643: Step 2850: Validation accuracy = 49.0% (N=100)
INFO:tensorflow:2020-02-04 23:33:54.485985: Step 2860: Train accuracy = 100.0%
I0204 23:33:54.486079 140417363757952 retrain.py:1082] 2020-02-04 23:33:54.485985: Step 2860: Train accuracy = 100.0%
INFO:tensorflow:2020-02-04 23:33:54.486253: Step 2860: Cross entropy = 0.180436
I0204 23:33:54.486341 140417363757952 retrain.py:1084] 2020-02-04 23:33:54.486253: Step 2860: Cross entropy = 0.180436
INFO:tensorflow:2020-02-04 23:33:54.567383: Step 2860: Validation accuracy = 51.0% (N=100)
I0204 23:33:54.567456 140417363757952 retrain.py:1100] 2020-02-04 23:33:54.567383: Step 2860: Validation accuracy = 51.0% (N=100)
INFO:tensorflow:2020-02-04 23:33:55.351424: Step 2870: Train accuracy = 99.0%
I0204 23:33:55.351480 140417363757952 retrain.py:1082] 2020-02-04 23:33:55.351424: Step 2870: Train accuracy = 99.0%
INFO:tensorflow:2020-02-04 23:33:55.351667: Step 2870: Cross entropy = 0.186718
I0204 23:33:55.351690 140417363757952 retrain.py:1084] 2020-02-04 23:33:55.351667: Step 2870: Cross entropy = 0.186718
INFO:tensorflow:2020-02-04 23:33:55.424744: Step 2870: Validation accuracy = 51.0% (N=100)
I0204 23:33:55.424802 140417363757952 retrain.py:1100] 2020-02-04 23:33:55.424744: Step 2870: Validation accuracy = 51.0% (N=100)
INFO:tensorflow:2020-02-04 23:33:56.217651: Step 2880: Train accuracy = 99.0%
I0204 23:33:56.217734 140417363757952 retrain.py:1082] 2020-02-04 23:33:56.217651: Step 2880: Train accuracy = 99.0%
INFO:tensorflow:2020-02-04 23:33:56.217887: Step 2880: Cross entropy = 0.186636
I0204 23:33:56.217926 140417363757952 retrain.py:1084] 2020-02-04 23:33:56.217887: Step 2880: Cross entropy = 0.186636
INFO:tensorflow:2020-02-04 23:33:56.297923: Step 2880: Validation accuracy = 52.0% (N=100)
I0204 23:33:56.297982 140417363757952 retrain.py:1100] 2020-02-04 23:33:56.297923: Step 2880: Validation accuracy = 52.0% (N=100)
INFO:tensorflow:2020-02-04 23:33:57.103156: Step 2890: Train accuracy = 100.0%
I0204 23:33:57.103211 140417363757952 retrain.py:1082] 2020-02-04 23:33:57.103156: Step 2890: Train accuracy = 100.0%
INFO:tensorflow:2020-02-04 23:33:57.103372: Step 2890: Cross entropy = 0.225670
I0204 23:33:57.103392 140417363757952 retrain.py:1084] 2020-02-04 23:33:57.103372: Step 2890: Cross entropy = 0.225670
INFO:tensorflow:2020-02-04 23:33:57.177236: Step 2890: Validation accuracy = 58.0% (N=100)
I0204 23:33:57.177292 140417363757952 retrain.py:1100] 2020-02-04 23:33:57.177236: Step 2890: Validation accuracy = 58.0% (N=100)
INFO:tensorflow:2020-02-04 23:33:57.943959: Step 2900: Train accuracy = 99.0%
I0204 23:33:57.944016 140417363757952 retrain.py:1082] 2020-02-04 23:33:57.943959: Step 2900: Train accuracy = 99.0%
INFO:tensorflow:2020-02-04 23:33:57.944210: Step 2900: Cross entropy = 0.197813
I0204 23:33:57.944229 140417363757952 retrain.py:1084] 2020-02-04 23:33:57.944210: Step 2900: Cross entropy = 0.197813
INFO:tensorflow:2020-02-04 23:33:58.025657: Step 2900: Validation accuracy = 57.0% (N=100)
I0204 23:33:58.025755 140417363757952 retrain.py:1100] 2020-02-04 23:33:58.025657: Step 2900: Validation accuracy = 57.0% (N=100)
INFO:tensorflow:2020-02-04 23:33:59.043431: Step 2910: Train accuracy = 99.0%
I0204 23:33:59.043504 140417363757952 retrain.py:1082] 2020-02-04 23:33:59.043431: Step 2910: Train accuracy = 99.0%
INFO:tensorflow:2020-02-04 23:33:59.043696: Step 2910: Cross entropy = 0.209611
I0204 23:33:59.043718 140417363757952 retrain.py:1084] 2020-02-04 23:33:59.043696: Step 2910: Cross entropy = 0.209611
INFO:tensorflow:2020-02-04 23:33:59.122674: Step 2910: Validation accuracy = 61.0% (N=100)
I0204 23:33:59.122781 140417363757952 retrain.py:1100] 2020-02-04 23:33:59.122674: Step 2910: Validation accuracy = 61.0% (N=100)
INFO:tensorflow:2020-02-04 23:34:00.028483: Step 2920: Train accuracy = 100.0%
I0204 23:34:00.028678 140417363757952 retrain.py:1082] 2020-02-04 23:34:00.028483: Step 2920: Train accuracy = 100.0%
INFO:tensorflow:2020-02-04 23:34:00.029318: Step 2920: Cross entropy = 0.211887
I0204 23:34:00.029403 140417363757952 retrain.py:1084] 2020-02-04 23:34:00.029318: Step 2920: Cross entropy = 0.211887
INFO:tensorflow:2020-02-04 23:34:00.149948: Step 2920: Validation accuracy = 43.0% (N=100)
I0204 23:34:00.150026 140417363757952 retrain.py:1100] 2020-02-04 23:34:00.149948: Step 2920: Validation accuracy = 43.0% (N=100)
INFO:tensorflow:2020-02-04 23:34:00.988955: Step 2930: Train accuracy = 100.0%
I0204 23:34:00.989027 140417363757952 retrain.py:1082] 2020-02-04 23:34:00.988955: Step 2930: Train accuracy = 100.0%
INFO:tensorflow:2020-02-04 23:34:00.989242: Step 2930: Cross entropy = 0.163136
I0204 23:34:00.989267 140417363757952 retrain.py:1084] 2020-02-04 23:34:00.989242: Step 2930: Cross entropy = 0.163136
INFO:tensorflow:2020-02-04 23:34:01.068512: Step 2930: Validation accuracy = 54.0% (N=100)
I0204 23:34:01.068585 140417363757952 retrain.py:1100] 2020-02-04 23:34:01.068512: Step 2930: Validation accuracy = 54.0% (N=100)
INFO:tensorflow:2020-02-04 23:34:01.835474: Step 2940: Train accuracy = 99.0%
I0204 23:34:01.835541 140417363757952 retrain.py:1082] 2020-02-04 23:34:01.835474: Step 2940: Train accuracy = 99.0%
INFO:tensorflow:2020-02-04 23:34:01.835705: Step 2940: Cross entropy = 0.168947
I0204 23:34:01.835726 140417363757952 retrain.py:1084] 2020-02-04 23:34:01.835705: Step 2940: Cross entropy = 0.168947
INFO:tensorflow:2020-02-04 23:34:01.912915: Step 2940: Validation accuracy = 57.0% (N=100)
I0204 23:34:01.912973 140417363757952 retrain.py:1100] 2020-02-04 23:34:01.912915: Step 2940: Validation accuracy = 57.0% (N=100)
INFO:tensorflow:2020-02-04 23:34:02.921996: Step 2950: Train accuracy = 99.0%
I0204 23:34:02.922055 140417363757952 retrain.py:1082] 2020-02-04 23:34:02.921996: Step 2950: Train accuracy = 99.0%
INFO:tensorflow:2020-02-04 23:34:02.922243: Step 2950: Cross entropy = 0.195725
I0204 23:34:02.922266 140417363757952 retrain.py:1084] 2020-02-04 23:34:02.922243: Step 2950: Cross entropy = 0.195725
INFO:tensorflow:2020-02-04 23:34:03.002429: Step 2950: Validation accuracy = 48.0% (N=100)
I0204 23:34:03.002489 140417363757952 retrain.py:1100] 2020-02-04 23:34:03.002429: Step 2950: Validation accuracy = 48.0% (N=100)
INFO:tensorflow:2020-02-04 23:34:03.773398: Step 2960: Train accuracy = 99.0%
I0204 23:34:03.773462 140417363757952 retrain.py:1082] 2020-02-04 23:34:03.773398: Step 2960: Train accuracy = 99.0%
INFO:tensorflow:2020-02-04 23:34:03.773647: Step 2960: Cross entropy = 0.180304
I0204 23:34:03.773667 140417363757952 retrain.py:1084] 2020-02-04 23:34:03.773647: Step 2960: Cross entropy = 0.180304
INFO:tensorflow:2020-02-04 23:34:03.847402: Step 2960: Validation accuracy = 46.0% (N=100)
I0204 23:34:03.847468 140417363757952 retrain.py:1100] 2020-02-04 23:34:03.847402: Step 2960: Validation accuracy = 46.0% (N=100)
INFO:tensorflow:2020-02-04 23:34:04.661380: Step 2970: Train accuracy = 100.0%
I0204 23:34:04.661448 140417363757952 retrain.py:1082] 2020-02-04 23:34:04.661380: Step 2970: Train accuracy = 100.0%
INFO:tensorflow:2020-02-04 23:34:04.661614: Step 2970: Cross entropy = 0.191658
I0204 23:34:04.661633 140417363757952 retrain.py:1084] 2020-02-04 23:34:04.661614: Step 2970: Cross entropy = 0.191658
INFO:tensorflow:2020-02-04 23:34:04.741066: Step 2970: Validation accuracy = 65.0% (N=100)
I0204 23:34:04.741158 140417363757952 retrain.py:1100] 2020-02-04 23:34:04.741066: Step 2970: Validation accuracy = 65.0% (N=100)
INFO:tensorflow:2020-02-04 23:34:05.530844: Step 2980: Train accuracy = 99.0%
I0204 23:34:05.530900 140417363757952 retrain.py:1082] 2020-02-04 23:34:05.530844: Step 2980: Train accuracy = 99.0%
INFO:tensorflow:2020-02-04 23:34:05.531088: Step 2980: Cross entropy = 0.220682
I0204 23:34:05.531108 140417363757952 retrain.py:1084] 2020-02-04 23:34:05.531088: Step 2980: Cross entropy = 0.220682
INFO:tensorflow:2020-02-04 23:34:05.606932: Step 2980: Validation accuracy = 49.0% (N=100)
I0204 23:34:05.607010 140417363757952 retrain.py:1100] 2020-02-04 23:34:05.606932: Step 2980: Validation accuracy = 49.0% (N=100)
INFO:tensorflow:2020-02-04 23:34:06.394699: Step 2990: Train accuracy = 100.0%
I0204 23:34:06.394771 140417363757952 retrain.py:1082] 2020-02-04 23:34:06.394699: Step 2990: Train accuracy = 100.0%
INFO:tensorflow:2020-02-04 23:34:06.394963: Step 2990: Cross entropy = 0.188753
I0204 23:34:06.394981 140417363757952 retrain.py:1084] 2020-02-04 23:34:06.394963: Step 2990: Cross entropy = 0.188753
INFO:tensorflow:2020-02-04 23:34:06.473359: Step 2990: Validation accuracy = 54.0% (N=100)
I0204 23:34:06.473429 140417363757952 retrain.py:1100] 2020-02-04 23:34:06.473359: Step 2990: Validation accuracy = 54.0% (N=100)
INFO:tensorflow:2020-02-04 23:34:07.287902: Step 3000: Train accuracy = 100.0%
I0204 23:34:07.287973 140417363757952 retrain.py:1082] 2020-02-04 23:34:07.287902: Step 3000: Train accuracy = 100.0%
INFO:tensorflow:2020-02-04 23:34:07.288158: Step 3000: Cross entropy = 0.173809
I0204 23:34:07.288177 140417363757952 retrain.py:1084] 2020-02-04 23:34:07.288158: Step 3000: Cross entropy = 0.173809
INFO:tensorflow:2020-02-04 23:34:07.361478: Step 3000: Validation accuracy = 50.0% (N=100)
I0204 23:34:07.361546 140417363757952 retrain.py:1100] 2020-02-04 23:34:07.361478: Step 3000: Validation accuracy = 50.0% (N=100)
INFO:tensorflow:2020-02-04 23:34:08.117621: Step 3010: Train accuracy = 100.0%
I0204 23:34:08.117701 140417363757952 retrain.py:1082] 2020-02-04 23:34:08.117621: Step 3010: Train accuracy = 100.0%
INFO:tensorflow:2020-02-04 23:34:08.117867: Step 3010: Cross entropy = 0.197798
I0204 23:34:08.117888 140417363757952 retrain.py:1084] 2020-02-04 23:34:08.117867: Step 3010: Cross entropy = 0.197798
INFO:tensorflow:2020-02-04 23:34:08.199841: Step 3010: Validation accuracy = 47.0% (N=100)
I0204 23:34:08.199913 140417363757952 retrain.py:1100] 2020-02-04 23:34:08.199841: Step 3010: Validation accuracy = 47.0% (N=100)
INFO:tensorflow:2020-02-04 23:34:09.031117: Step 3020: Train accuracy = 100.0%
I0204 23:34:09.031187 140417363757952 retrain.py:1082] 2020-02-04 23:34:09.031117: Step 3020: Train accuracy = 100.0%
INFO:tensorflow:2020-02-04 23:34:09.031342: Step 3020: Cross entropy = 0.181036
I0204 23:34:09.031359 140417363757952 retrain.py:1084] 2020-02-04 23:34:09.031342: Step 3020: Cross entropy = 0.181036
INFO:tensorflow:2020-02-04 23:34:09.113654: Step 3020: Validation accuracy = 40.0% (N=100)
I0204 23:34:09.113713 140417363757952 retrain.py:1100] 2020-02-04 23:34:09.113654: Step 3020: Validation accuracy = 40.0% (N=100)
INFO:tensorflow:2020-02-04 23:34:09.883449: Step 3030: Train accuracy = 99.0%
I0204 23:34:09.883504 140417363757952 retrain.py:1082] 2020-02-04 23:34:09.883449: Step 3030: Train accuracy = 99.0%
INFO:tensorflow:2020-02-04 23:34:09.883676: Step 3030: Cross entropy = 0.215629
I0204 23:34:09.883696 140417363757952 retrain.py:1084] 2020-02-04 23:34:09.883676: Step 3030: Cross entropy = 0.215629
INFO:tensorflow:2020-02-04 23:34:09.955607: Step 3030: Validation accuracy = 42.0% (N=100)
I0204 23:34:09.955665 140417363757952 retrain.py:1100] 2020-02-04 23:34:09.955607: Step 3030: Validation accuracy = 42.0% (N=100)
INFO:tensorflow:2020-02-04 23:34:10.771584: Step 3040: Train accuracy = 99.0%
I0204 23:34:10.771666 140417363757952 retrain.py:1082] 2020-02-04 23:34:10.771584: Step 3040: Train accuracy = 99.0%
INFO:tensorflow:2020-02-04 23:34:10.771855: Step 3040: Cross entropy = 0.196363
I0204 23:34:10.771878 140417363757952 retrain.py:1084] 2020-02-04 23:34:10.771855: Step 3040: Cross entropy = 0.196363
INFO:tensorflow:2020-02-04 23:34:10.850545: Step 3040: Validation accuracy = 54.0% (N=100)
I0204 23:34:10.850606 140417363757952 retrain.py:1100] 2020-02-04 23:34:10.850545: Step 3040: Validation accuracy = 54.0% (N=100)
INFO:tensorflow:2020-02-04 23:34:11.644085: Step 3050: Train accuracy = 100.0%
I0204 23:34:11.644143 140417363757952 retrain.py:1082] 2020-02-04 23:34:11.644085: Step 3050: Train accuracy = 100.0%
INFO:tensorflow:2020-02-04 23:34:11.644308: Step 3050: Cross entropy = 0.201474
I0204 23:34:11.644329 140417363757952 retrain.py:1084] 2020-02-04 23:34:11.644308: Step 3050: Cross entropy = 0.201474
INFO:tensorflow:2020-02-04 23:34:11.781089: Step 3050: Validation accuracy = 53.0% (N=100)
I0204 23:34:11.781257 140417363757952 retrain.py:1100] 2020-02-04 23:34:11.781089: Step 3050: Validation accuracy = 53.0% (N=100)
INFO:tensorflow:2020-02-04 23:34:12.716014: Step 3060: Train accuracy = 100.0%
I0204 23:34:12.716139 140417363757952 retrain.py:1082] 2020-02-04 23:34:12.716014: Step 3060: Train accuracy = 100.0%
INFO:tensorflow:2020-02-04 23:34:12.716512: Step 3060: Cross entropy = 0.176983
I0204 23:34:12.716543 140417363757952 retrain.py:1084] 2020-02-04 23:34:12.716512: Step 3060: Cross entropy = 0.176983
INFO:tensorflow:2020-02-04 23:34:12.867365: Step 3060: Validation accuracy = 56.0% (N=100)
I0204 23:34:12.867431 140417363757952 retrain.py:1100] 2020-02-04 23:34:12.867365: Step 3060: Validation accuracy = 56.0% (N=100)
INFO:tensorflow:2020-02-04 23:34:14.050165: Step 3070: Train accuracy = 100.0%
I0204 23:34:14.050223 140417363757952 retrain.py:1082] 2020-02-04 23:34:14.050165: Step 3070: Train accuracy = 100.0%
INFO:tensorflow:2020-02-04 23:34:14.050399: Step 3070: Cross entropy = 0.178578
I0204 23:34:14.050422 140417363757952 retrain.py:1084] 2020-02-04 23:34:14.050399: Step 3070: Cross entropy = 0.178578
INFO:tensorflow:2020-02-04 23:34:14.126632: Step 3070: Validation accuracy = 52.0% (N=100)
I0204 23:34:14.126688 140417363757952 retrain.py:1100] 2020-02-04 23:34:14.126632: Step 3070: Validation accuracy = 52.0% (N=100)
INFO:tensorflow:2020-02-04 23:34:14.991818: Step 3080: Train accuracy = 100.0%
I0204 23:34:14.991897 140417363757952 retrain.py:1082] 2020-02-04 23:34:14.991818: Step 3080: Train accuracy = 100.0%
INFO:tensorflow:2020-02-04 23:34:14.992112: Step 3080: Cross entropy = 0.183303
I0204 23:34:14.992156 140417363757952 retrain.py:1084] 2020-02-04 23:34:14.992112: Step 3080: Cross entropy = 0.183303
INFO:tensorflow:2020-02-04 23:34:15.090910: Step 3080: Validation accuracy = 54.0% (N=100)
I0204 23:34:15.091001 140417363757952 retrain.py:1100] 2020-02-04 23:34:15.090910: Step 3080: Validation accuracy = 54.0% (N=100)
INFO:tensorflow:2020-02-04 23:34:16.099479: Step 3090: Train accuracy = 99.0%
I0204 23:34:16.099547 140417363757952 retrain.py:1082] 2020-02-04 23:34:16.099479: Step 3090: Train accuracy = 99.0%
INFO:tensorflow:2020-02-04 23:34:16.099769: Step 3090: Cross entropy = 0.198546
I0204 23:34:16.099823 140417363757952 retrain.py:1084] 2020-02-04 23:34:16.099769: Step 3090: Cross entropy = 0.198546
INFO:tensorflow:2020-02-04 23:34:16.286798: Step 3090: Validation accuracy = 51.0% (N=100)
I0204 23:34:16.286896 140417363757952 retrain.py:1100] 2020-02-04 23:34:16.286798: Step 3090: Validation accuracy = 51.0% (N=100)
INFO:tensorflow:2020-02-04 23:34:17.582320: Step 3100: Train accuracy = 100.0%
I0204 23:34:17.582577 140417363757952 retrain.py:1082] 2020-02-04 23:34:17.582320: Step 3100: Train accuracy = 100.0%
INFO:tensorflow:2020-02-04 23:34:17.582824: Step 3100: Cross entropy = 0.176325
I0204 23:34:17.582850 140417363757952 retrain.py:1084] 2020-02-04 23:34:17.582824: Step 3100: Cross entropy = 0.176325
INFO:tensorflow:2020-02-04 23:34:17.683325: Step 3100: Validation accuracy = 61.0% (N=100)
I0204 23:34:17.683387 140417363757952 retrain.py:1100] 2020-02-04 23:34:17.683325: Step 3100: Validation accuracy = 61.0% (N=100)
INFO:tensorflow:2020-02-04 23:34:18.653889: Step 3110: Train accuracy = 100.0%
I0204 23:34:18.653969 140417363757952 retrain.py:1082] 2020-02-04 23:34:18.653889: Step 3110: Train accuracy = 100.0%
INFO:tensorflow:2020-02-04 23:34:18.654159: Step 3110: Cross entropy = 0.193095
I0204 23:34:18.654178 140417363757952 retrain.py:1084] 2020-02-04 23:34:18.654159: Step 3110: Cross entropy = 0.193095
INFO:tensorflow:2020-02-04 23:34:18.737115: Step 3110: Validation accuracy = 47.0% (N=100)
I0204 23:34:18.737189 140417363757952 retrain.py:1100] 2020-02-04 23:34:18.737115: Step 3110: Validation accuracy = 47.0% (N=100)
INFO:tensorflow:2020-02-04 23:34:19.604614: Step 3120: Train accuracy = 100.0%
I0204 23:34:19.604687 140417363757952 retrain.py:1082] 2020-02-04 23:34:19.604614: Step 3120: Train accuracy = 100.0%
INFO:tensorflow:2020-02-04 23:34:19.604860: Step 3120: Cross entropy = 0.197515
I0204 23:34:19.604884 140417363757952 retrain.py:1084] 2020-02-04 23:34:19.604860: Step 3120: Cross entropy = 0.197515
INFO:tensorflow:2020-02-04 23:34:19.691213: Step 3120: Validation accuracy = 41.0% (N=100)
I0204 23:34:19.691289 140417363757952 retrain.py:1100] 2020-02-04 23:34:19.691213: Step 3120: Validation accuracy = 41.0% (N=100)
INFO:tensorflow:2020-02-04 23:34:20.577032: Step 3130: Train accuracy = 96.0%
I0204 23:34:20.577120 140417363757952 retrain.py:1082] 2020-02-04 23:34:20.577032: Step 3130: Train accuracy = 96.0%
INFO:tensorflow:2020-02-04 23:34:20.577392: Step 3130: Cross entropy = 0.197091
I0204 23:34:20.577411 140417363757952 retrain.py:1084] 2020-02-04 23:34:20.577392: Step 3130: Cross entropy = 0.197091
INFO:tensorflow:2020-02-04 23:34:20.657336: Step 3130: Validation accuracy = 45.0% (N=100)
I0204 23:34:20.657419 140417363757952 retrain.py:1100] 2020-02-04 23:34:20.657336: Step 3130: Validation accuracy = 45.0% (N=100)
INFO:tensorflow:2020-02-04 23:34:21.551071: Step 3140: Train accuracy = 99.0%
I0204 23:34:21.551134 140417363757952 retrain.py:1082] 2020-02-04 23:34:21.551071: Step 3140: Train accuracy = 99.0%
INFO:tensorflow:2020-02-04 23:34:21.551317: Step 3140: Cross entropy = 0.208965
I0204 23:34:21.551333 140417363757952 retrain.py:1084] 2020-02-04 23:34:21.551317: Step 3140: Cross entropy = 0.208965
INFO:tensorflow:2020-02-04 23:34:21.633299: Step 3140: Validation accuracy = 49.0% (N=100)
I0204 23:34:21.633357 140417363757952 retrain.py:1100] 2020-02-04 23:34:21.633299: Step 3140: Validation accuracy = 49.0% (N=100)
INFO:tensorflow:2020-02-04 23:34:22.819472: Step 3150: Train accuracy = 100.0%
I0204 23:34:22.819894 140417363757952 retrain.py:1082] 2020-02-04 23:34:22.819472: Step 3150: Train accuracy = 100.0%
INFO:tensorflow:2020-02-04 23:34:22.820508: Step 3150: Cross entropy = 0.198716
I0204 23:34:22.820547 140417363757952 retrain.py:1084] 2020-02-04 23:34:22.820508: Step 3150: Cross entropy = 0.198716
INFO:tensorflow:2020-02-04 23:34:23.011443: Step 3150: Validation accuracy = 49.0% (N=100)
I0204 23:34:23.011546 140417363757952 retrain.py:1100] 2020-02-04 23:34:23.011443: Step 3150: Validation accuracy = 49.0% (N=100)
INFO:tensorflow:2020-02-04 23:34:24.238140: Step 3160: Train accuracy = 100.0%
I0204 23:34:24.238261 140417363757952 retrain.py:1082] 2020-02-04 23:34:24.238140: Step 3160: Train accuracy = 100.0%
INFO:tensorflow:2020-02-04 23:34:24.241170: Step 3160: Cross entropy = 0.204094
I0204 23:34:24.241233 140417363757952 retrain.py:1084] 2020-02-04 23:34:24.241170: Step 3160: Cross entropy = 0.204094
INFO:tensorflow:2020-02-04 23:34:24.382537: Step 3160: Validation accuracy = 52.0% (N=100)
I0204 23:34:24.382869 140417363757952 retrain.py:1100] 2020-02-04 23:34:24.382537: Step 3160: Validation accuracy = 52.0% (N=100)
INFO:tensorflow:2020-02-04 23:34:25.603693: Step 3170: Train accuracy = 100.0%
I0204 23:34:25.603764 140417363757952 retrain.py:1082] 2020-02-04 23:34:25.603693: Step 3170: Train accuracy = 100.0%
INFO:tensorflow:2020-02-04 23:34:25.603957: Step 3170: Cross entropy = 0.162218
I0204 23:34:25.603974 140417363757952 retrain.py:1084] 2020-02-04 23:34:25.603957: Step 3170: Cross entropy = 0.162218
INFO:tensorflow:2020-02-04 23:34:25.733534: Step 3170: Validation accuracy = 47.0% (N=100)
I0204 23:34:25.733616 140417363757952 retrain.py:1100] 2020-02-04 23:34:25.733534: Step 3170: Validation accuracy = 47.0% (N=100)
INFO:tensorflow:2020-02-04 23:34:26.735842: Step 3180: Train accuracy = 100.0%
I0204 23:34:26.735929 140417363757952 retrain.py:1082] 2020-02-04 23:34:26.735842: Step 3180: Train accuracy = 100.0%
INFO:tensorflow:2020-02-04 23:34:26.736129: Step 3180: Cross entropy = 0.181423
I0204 23:34:26.736161 140417363757952 retrain.py:1084] 2020-02-04 23:34:26.736129: Step 3180: Cross entropy = 0.181423
INFO:tensorflow:2020-02-04 23:34:26.838024: Step 3180: Validation accuracy = 45.0% (N=100)
I0204 23:34:26.838104 140417363757952 retrain.py:1100] 2020-02-04 23:34:26.838024: Step 3180: Validation accuracy = 45.0% (N=100)
INFO:tensorflow:2020-02-04 23:34:27.849937: Step 3190: Train accuracy = 100.0%
I0204 23:34:27.850030 140417363757952 retrain.py:1082] 2020-02-04 23:34:27.849937: Step 3190: Train accuracy = 100.0%
INFO:tensorflow:2020-02-04 23:34:27.850243: Step 3190: Cross entropy = 0.196070
I0204 23:34:27.850263 140417363757952 retrain.py:1084] 2020-02-04 23:34:27.850243: Step 3190: Cross entropy = 0.196070
INFO:tensorflow:2020-02-04 23:34:27.938519: Step 3190: Validation accuracy = 57.0% (N=100)
I0204 23:34:27.938594 140417363757952 retrain.py:1100] 2020-02-04 23:34:27.938519: Step 3190: Validation accuracy = 57.0% (N=100)
INFO:tensorflow:2020-02-04 23:34:28.881766: Step 3200: Train accuracy = 98.0%
I0204 23:34:28.881834 140417363757952 retrain.py:1082] 2020-02-04 23:34:28.881766: Step 3200: Train accuracy = 98.0%
INFO:tensorflow:2020-02-04 23:34:28.882050: Step 3200: Cross entropy = 0.200576
I0204 23:34:28.882099 140417363757952 retrain.py:1084] 2020-02-04 23:34:28.882050: Step 3200: Cross entropy = 0.200576
INFO:tensorflow:2020-02-04 23:34:28.974100: Step 3200: Validation accuracy = 43.0% (N=100)
I0204 23:34:28.974228 140417363757952 retrain.py:1100] 2020-02-04 23:34:28.974100: Step 3200: Validation accuracy = 43.0% (N=100)
INFO:tensorflow:2020-02-04 23:34:29.933972: Step 3210: Train accuracy = 99.0%
I0204 23:34:29.934046 140417363757952 retrain.py:1082] 2020-02-04 23:34:29.933972: Step 3210: Train accuracy = 99.0%
INFO:tensorflow:2020-02-04 23:34:29.934227: Step 3210: Cross entropy = 0.183475
I0204 23:34:29.934249 140417363757952 retrain.py:1084] 2020-02-04 23:34:29.934227: Step 3210: Cross entropy = 0.183475
INFO:tensorflow:2020-02-04 23:34:30.023567: Step 3210: Validation accuracy = 54.0% (N=100)
I0204 23:34:30.023648 140417363757952 retrain.py:1100] 2020-02-04 23:34:30.023567: Step 3210: Validation accuracy = 54.0% (N=100)
INFO:tensorflow:2020-02-04 23:34:30.947741: Step 3220: Train accuracy = 99.0%
I0204 23:34:30.947808 140417363757952 retrain.py:1082] 2020-02-04 23:34:30.947741: Step 3220: Train accuracy = 99.0%
INFO:tensorflow:2020-02-04 23:34:30.947976: Step 3220: Cross entropy = 0.182130
I0204 23:34:30.947992 140417363757952 retrain.py:1084] 2020-02-04 23:34:30.947976: Step 3220: Cross entropy = 0.182130
INFO:tensorflow:2020-02-04 23:34:31.039869: Step 3220: Validation accuracy = 48.0% (N=100)
I0204 23:34:31.039944 140417363757952 retrain.py:1100] 2020-02-04 23:34:31.039869: Step 3220: Validation accuracy = 48.0% (N=100)
INFO:tensorflow:2020-02-04 23:34:32.040636: Step 3230: Train accuracy = 99.0%
I0204 23:34:32.040784 140417363757952 retrain.py:1082] 2020-02-04 23:34:32.040636: Step 3230: Train accuracy = 99.0%
INFO:tensorflow:2020-02-04 23:34:32.041133: Step 3230: Cross entropy = 0.195727
I0204 23:34:32.041155 140417363757952 retrain.py:1084] 2020-02-04 23:34:32.041133: Step 3230: Cross entropy = 0.195727
INFO:tensorflow:2020-02-04 23:34:32.127555: Step 3230: Validation accuracy = 58.0% (N=100)
I0204 23:34:32.127666 140417363757952 retrain.py:1100] 2020-02-04 23:34:32.127555: Step 3230: Validation accuracy = 58.0% (N=100)
INFO:tensorflow:2020-02-04 23:34:33.052512: Step 3240: Train accuracy = 99.0%
I0204 23:34:33.052595 140417363757952 retrain.py:1082] 2020-02-04 23:34:33.052512: Step 3240: Train accuracy = 99.0%
INFO:tensorflow:2020-02-04 23:34:33.052748: Step 3240: Cross entropy = 0.183527
I0204 23:34:33.052797 140417363757952 retrain.py:1084] 2020-02-04 23:34:33.052748: Step 3240: Cross entropy = 0.183527
INFO:tensorflow:2020-02-04 23:34:33.150648: Step 3240: Validation accuracy = 50.0% (N=100)
I0204 23:34:33.150738 140417363757952 retrain.py:1100] 2020-02-04 23:34:33.150648: Step 3240: Validation accuracy = 50.0% (N=100)
INFO:tensorflow:2020-02-04 23:34:34.124973: Step 3250: Train accuracy = 99.0%
I0204 23:34:34.125033 140417363757952 retrain.py:1082] 2020-02-04 23:34:34.124973: Step 3250: Train accuracy = 99.0%
INFO:tensorflow:2020-02-04 23:34:34.125187: Step 3250: Cross entropy = 0.189501
I0204 23:34:34.125228 140417363757952 retrain.py:1084] 2020-02-04 23:34:34.125187: Step 3250: Cross entropy = 0.189501
INFO:tensorflow:2020-02-04 23:34:34.212403: Step 3250: Validation accuracy = 60.0% (N=100)
I0204 23:34:34.212499 140417363757952 retrain.py:1100] 2020-02-04 23:34:34.212403: Step 3250: Validation accuracy = 60.0% (N=100)
INFO:tensorflow:2020-02-04 23:34:35.206601: Step 3260: Train accuracy = 99.0%
I0204 23:34:35.206683 140417363757952 retrain.py:1082] 2020-02-04 23:34:35.206601: Step 3260: Train accuracy = 99.0%
INFO:tensorflow:2020-02-04 23:34:35.206965: Step 3260: Cross entropy = 0.201513
I0204 23:34:35.207006 140417363757952 retrain.py:1084] 2020-02-04 23:34:35.206965: Step 3260: Cross entropy = 0.201513
INFO:tensorflow:2020-02-04 23:34:35.303263: Step 3260: Validation accuracy = 50.0% (N=100)
I0204 23:34:35.303338 140417363757952 retrain.py:1100] 2020-02-04 23:34:35.303263: Step 3260: Validation accuracy = 50.0% (N=100)
INFO:tensorflow:2020-02-04 23:34:36.338010: Step 3270: Train accuracy = 99.0%
I0204 23:34:36.338093 140417363757952 retrain.py:1082] 2020-02-04 23:34:36.338010: Step 3270: Train accuracy = 99.0%
INFO:tensorflow:2020-02-04 23:34:36.338268: Step 3270: Cross entropy = 0.162063
I0204 23:34:36.338291 140417363757952 retrain.py:1084] 2020-02-04 23:34:36.338268: Step 3270: Cross entropy = 0.162063
INFO:tensorflow:2020-02-04 23:34:36.464235: Step 3270: Validation accuracy = 42.0% (N=100)
I0204 23:34:36.464334 140417363757952 retrain.py:1100] 2020-02-04 23:34:36.464235: Step 3270: Validation accuracy = 42.0% (N=100)
INFO:tensorflow:2020-02-04 23:34:37.543842: Step 3280: Train accuracy = 100.0%
I0204 23:34:37.543951 140417363757952 retrain.py:1082] 2020-02-04 23:34:37.543842: Step 3280: Train accuracy = 100.0%
INFO:tensorflow:2020-02-04 23:34:37.544278: Step 3280: Cross entropy = 0.172724
I0204 23:34:37.544334 140417363757952 retrain.py:1084] 2020-02-04 23:34:37.544278: Step 3280: Cross entropy = 0.172724
INFO:tensorflow:2020-02-04 23:34:37.639414: Step 3280: Validation accuracy = 49.0% (N=100)
I0204 23:34:37.639500 140417363757952 retrain.py:1100] 2020-02-04 23:34:37.639414: Step 3280: Validation accuracy = 49.0% (N=100)
INFO:tensorflow:2020-02-04 23:34:38.621142: Step 3290: Train accuracy = 100.0%
I0204 23:34:38.621213 140417363757952 retrain.py:1082] 2020-02-04 23:34:38.621142: Step 3290: Train accuracy = 100.0%
INFO:tensorflow:2020-02-04 23:34:38.621398: Step 3290: Cross entropy = 0.157451
I0204 23:34:38.621449 140417363757952 retrain.py:1084] 2020-02-04 23:34:38.621398: Step 3290: Cross entropy = 0.157451
INFO:tensorflow:2020-02-04 23:34:38.718705: Step 3290: Validation accuracy = 53.0% (N=100)
I0204 23:34:38.718792 140417363757952 retrain.py:1100] 2020-02-04 23:34:38.718705: Step 3290: Validation accuracy = 53.0% (N=100)
INFO:tensorflow:2020-02-04 23:34:40.008322: Step 3300: Train accuracy = 99.0%
I0204 23:34:40.008428 140417363757952 retrain.py:1082] 2020-02-04 23:34:40.008322: Step 3300: Train accuracy = 99.0%
INFO:tensorflow:2020-02-04 23:34:40.008802: Step 3300: Cross entropy = 0.172097
I0204 23:34:40.008830 140417363757952 retrain.py:1084] 2020-02-04 23:34:40.008802: Step 3300: Cross entropy = 0.172097
INFO:tensorflow:2020-02-04 23:34:40.099953: Step 3300: Validation accuracy = 63.0% (N=100)
I0204 23:34:40.100040 140417363757952 retrain.py:1100] 2020-02-04 23:34:40.099953: Step 3300: Validation accuracy = 63.0% (N=100)
INFO:tensorflow:2020-02-04 23:34:41.037201: Step 3310: Train accuracy = 99.0%
I0204 23:34:41.037344 140417363757952 retrain.py:1082] 2020-02-04 23:34:41.037201: Step 3310: Train accuracy = 99.0%
INFO:tensorflow:2020-02-04 23:34:41.037735: Step 3310: Cross entropy = 0.177937
I0204 23:34:41.037779 140417363757952 retrain.py:1084] 2020-02-04 23:34:41.037735: Step 3310: Cross entropy = 0.177937
INFO:tensorflow:2020-02-04 23:34:41.149042: Step 3310: Validation accuracy = 55.0% (N=100)
I0204 23:34:41.149111 140417363757952 retrain.py:1100] 2020-02-04 23:34:41.149042: Step 3310: Validation accuracy = 55.0% (N=100)
INFO:tensorflow:2020-02-04 23:34:42.167569: Step 3320: Train accuracy = 98.0%
I0204 23:34:42.167641 140417363757952 retrain.py:1082] 2020-02-04 23:34:42.167569: Step 3320: Train accuracy = 98.0%
INFO:tensorflow:2020-02-04 23:34:42.167892: Step 3320: Cross entropy = 0.182385
I0204 23:34:42.167918 140417363757952 retrain.py:1084] 2020-02-04 23:34:42.167892: Step 3320: Cross entropy = 0.182385
INFO:tensorflow:2020-02-04 23:34:42.252165: Step 3320: Validation accuracy = 44.0% (N=100)
I0204 23:34:42.252249 140417363757952 retrain.py:1100] 2020-02-04 23:34:42.252165: Step 3320: Validation accuracy = 44.0% (N=100)
INFO:tensorflow:2020-02-04 23:34:43.176245: Step 3330: Train accuracy = 100.0%
I0204 23:34:43.176300 140417363757952 retrain.py:1082] 2020-02-04 23:34:43.176245: Step 3330: Train accuracy = 100.0%
INFO:tensorflow:2020-02-04 23:34:43.176482: Step 3330: Cross entropy = 0.182690
I0204 23:34:43.176500 140417363757952 retrain.py:1084] 2020-02-04 23:34:43.176482: Step 3330: Cross entropy = 0.182690
INFO:tensorflow:2020-02-04 23:34:43.263651: Step 3330: Validation accuracy = 52.0% (N=100)
I0204 23:34:43.263742 140417363757952 retrain.py:1100] 2020-02-04 23:34:43.263651: Step 3330: Validation accuracy = 52.0% (N=100)
INFO:tensorflow:2020-02-04 23:34:44.198100: Step 3340: Train accuracy = 100.0%
I0204 23:34:44.198172 140417363757952 retrain.py:1082] 2020-02-04 23:34:44.198100: Step 3340: Train accuracy = 100.0%
INFO:tensorflow:2020-02-04 23:34:44.198344: Step 3340: Cross entropy = 0.184152
I0204 23:34:44.198367 140417363757952 retrain.py:1084] 2020-02-04 23:34:44.198344: Step 3340: Cross entropy = 0.184152
INFO:tensorflow:2020-02-04 23:34:44.272403: Step 3340: Validation accuracy = 54.0% (N=100)
I0204 23:34:44.272490 140417363757952 retrain.py:1100] 2020-02-04 23:34:44.272403: Step 3340: Validation accuracy = 54.0% (N=100)
INFO:tensorflow:2020-02-04 23:34:45.051102: Step 3350: Train accuracy = 98.0%
I0204 23:34:45.051160 140417363757952 retrain.py:1082] 2020-02-04 23:34:45.051102: Step 3350: Train accuracy = 98.0%
INFO:tensorflow:2020-02-04 23:34:45.051318: Step 3350: Cross entropy = 0.188289
I0204 23:34:45.051336 140417363757952 retrain.py:1084] 2020-02-04 23:34:45.051318: Step 3350: Cross entropy = 0.188289
INFO:tensorflow:2020-02-04 23:34:45.127269: Step 3350: Validation accuracy = 54.0% (N=100)
I0204 23:34:45.127326 140417363757952 retrain.py:1100] 2020-02-04 23:34:45.127269: Step 3350: Validation accuracy = 54.0% (N=100)
INFO:tensorflow:2020-02-04 23:34:45.905284: Step 3360: Train accuracy = 99.0%
I0204 23:34:45.905341 140417363757952 retrain.py:1082] 2020-02-04 23:34:45.905284: Step 3360: Train accuracy = 99.0%
INFO:tensorflow:2020-02-04 23:34:45.905525: Step 3360: Cross entropy = 0.191046
I0204 23:34:45.905560 140417363757952 retrain.py:1084] 2020-02-04 23:34:45.905525: Step 3360: Cross entropy = 0.191046
INFO:tensorflow:2020-02-04 23:34:45.981962: Step 3360: Validation accuracy = 47.0% (N=100)
I0204 23:34:45.982019 140417363757952 retrain.py:1100] 2020-02-04 23:34:45.981962: Step 3360: Validation accuracy = 47.0% (N=100)
INFO:tensorflow:2020-02-04 23:34:46.762535: Step 3370: Train accuracy = 100.0%
I0204 23:34:46.762591 140417363757952 retrain.py:1082] 2020-02-04 23:34:46.762535: Step 3370: Train accuracy = 100.0%
INFO:tensorflow:2020-02-04 23:34:46.762777: Step 3370: Cross entropy = 0.167444
I0204 23:34:46.762795 140417363757952 retrain.py:1084] 2020-02-04 23:34:46.762777: Step 3370: Cross entropy = 0.167444
INFO:tensorflow:2020-02-04 23:34:46.836985: Step 3370: Validation accuracy = 57.0% (N=100)
I0204 23:34:46.837056 140417363757952 retrain.py:1100] 2020-02-04 23:34:46.836985: Step 3370: Validation accuracy = 57.0% (N=100)
INFO:tensorflow:2020-02-04 23:34:47.604354: Step 3380: Train accuracy = 100.0%
I0204 23:34:47.604411 140417363757952 retrain.py:1082] 2020-02-04 23:34:47.604354: Step 3380: Train accuracy = 100.0%
INFO:tensorflow:2020-02-04 23:34:47.604565: Step 3380: Cross entropy = 0.164583
I0204 23:34:47.604590 140417363757952 retrain.py:1084] 2020-02-04 23:34:47.604565: Step 3380: Cross entropy = 0.164583
INFO:tensorflow:2020-02-04 23:34:47.678202: Step 3380: Validation accuracy = 54.0% (N=100)
I0204 23:34:47.678262 140417363757952 retrain.py:1100] 2020-02-04 23:34:47.678202: Step 3380: Validation accuracy = 54.0% (N=100)
INFO:tensorflow:2020-02-04 23:34:48.436297: Step 3390: Train accuracy = 100.0%
I0204 23:34:48.436354 140417363757952 retrain.py:1082] 2020-02-04 23:34:48.436297: Step 3390: Train accuracy = 100.0%
INFO:tensorflow:2020-02-04 23:34:48.436534: Step 3390: Cross entropy = 0.176417
I0204 23:34:48.436554 140417363757952 retrain.py:1084] 2020-02-04 23:34:48.436534: Step 3390: Cross entropy = 0.176417
INFO:tensorflow:2020-02-04 23:34:48.509081: Step 3390: Validation accuracy = 54.0% (N=100)
I0204 23:34:48.509151 140417363757952 retrain.py:1100] 2020-02-04 23:34:48.509081: Step 3390: Validation accuracy = 54.0% (N=100)
INFO:tensorflow:2020-02-04 23:34:49.274221: Step 3400: Train accuracy = 98.0%
I0204 23:34:49.274286 140417363757952 retrain.py:1082] 2020-02-04 23:34:49.274221: Step 3400: Train accuracy = 98.0%
INFO:tensorflow:2020-02-04 23:34:49.274470: Step 3400: Cross entropy = 0.175454
I0204 23:34:49.274501 140417363757952 retrain.py:1084] 2020-02-04 23:34:49.274470: Step 3400: Cross entropy = 0.175454
INFO:tensorflow:2020-02-04 23:34:49.346879: Step 3400: Validation accuracy = 54.0% (N=100)
I0204 23:34:49.346935 140417363757952 retrain.py:1100] 2020-02-04 23:34:49.346879: Step 3400: Validation accuracy = 54.0% (N=100)
INFO:tensorflow:2020-02-04 23:34:50.125424: Step 3410: Train accuracy = 100.0%
I0204 23:34:50.125480 140417363757952 retrain.py:1082] 2020-02-04 23:34:50.125424: Step 3410: Train accuracy = 100.0%
INFO:tensorflow:2020-02-04 23:34:50.125659: Step 3410: Cross entropy = 0.176264
I0204 23:34:50.125681 140417363757952 retrain.py:1084] 2020-02-04 23:34:50.125659: Step 3410: Cross entropy = 0.176264
INFO:tensorflow:2020-02-04 23:34:50.199991: Step 3410: Validation accuracy = 65.0% (N=100)
I0204 23:34:50.200074 140417363757952 retrain.py:1100] 2020-02-04 23:34:50.199991: Step 3410: Validation accuracy = 65.0% (N=100)
INFO:tensorflow:2020-02-04 23:34:50.974515: Step 3420: Train accuracy = 99.0%
I0204 23:34:50.974583 140417363757952 retrain.py:1082] 2020-02-04 23:34:50.974515: Step 3420: Train accuracy = 99.0%
INFO:tensorflow:2020-02-04 23:34:50.974751: Step 3420: Cross entropy = 0.179170
I0204 23:34:50.974767 140417363757952 retrain.py:1084] 2020-02-04 23:34:50.974751: Step 3420: Cross entropy = 0.179170
INFO:tensorflow:2020-02-04 23:34:51.049105: Step 3420: Validation accuracy = 61.0% (N=100)
I0204 23:34:51.049203 140417363757952 retrain.py:1100] 2020-02-04 23:34:51.049105: Step 3420: Validation accuracy = 61.0% (N=100)
INFO:tensorflow:2020-02-04 23:34:51.820996: Step 3430: Train accuracy = 97.0%
I0204 23:34:51.821062 140417363757952 retrain.py:1082] 2020-02-04 23:34:51.820996: Step 3430: Train accuracy = 97.0%
INFO:tensorflow:2020-02-04 23:34:51.821245: Step 3430: Cross entropy = 0.193419
I0204 23:34:51.821270 140417363757952 retrain.py:1084] 2020-02-04 23:34:51.821245: Step 3430: Cross entropy = 0.193419
INFO:tensorflow:2020-02-04 23:34:51.896122: Step 3430: Validation accuracy = 52.0% (N=100)
I0204 23:34:51.896189 140417363757952 retrain.py:1100] 2020-02-04 23:34:51.896122: Step 3430: Validation accuracy = 52.0% (N=100)
INFO:tensorflow:2020-02-04 23:34:52.662554: Step 3440: Train accuracy = 100.0%
I0204 23:34:52.662634 140417363757952 retrain.py:1082] 2020-02-04 23:34:52.662554: Step 3440: Train accuracy = 100.0%
INFO:tensorflow:2020-02-04 23:34:52.662825: Step 3440: Cross entropy = 0.178761
I0204 23:34:52.662847 140417363757952 retrain.py:1084] 2020-02-04 23:34:52.662825: Step 3440: Cross entropy = 0.178761
INFO:tensorflow:2020-02-04 23:34:52.737922: Step 3440: Validation accuracy = 60.0% (N=100)
I0204 23:34:52.737980 140417363757952 retrain.py:1100] 2020-02-04 23:34:52.737922: Step 3440: Validation accuracy = 60.0% (N=100)
INFO:tensorflow:2020-02-04 23:34:53.510228: Step 3450: Train accuracy = 100.0%
I0204 23:34:53.510285 140417363757952 retrain.py:1082] 2020-02-04 23:34:53.510228: Step 3450: Train accuracy = 100.0%
INFO:tensorflow:2020-02-04 23:34:53.510468: Step 3450: Cross entropy = 0.187010
I0204 23:34:53.510488 140417363757952 retrain.py:1084] 2020-02-04 23:34:53.510468: Step 3450: Cross entropy = 0.187010
INFO:tensorflow:2020-02-04 23:34:53.585235: Step 3450: Validation accuracy = 51.0% (N=100)
I0204 23:34:53.585312 140417363757952 retrain.py:1100] 2020-02-04 23:34:53.585235: Step 3450: Validation accuracy = 51.0% (N=100)
INFO:tensorflow:2020-02-04 23:34:54.351241: Step 3460: Train accuracy = 98.0%
I0204 23:34:54.351312 140417363757952 retrain.py:1082] 2020-02-04 23:34:54.351241: Step 3460: Train accuracy = 98.0%
INFO:tensorflow:2020-02-04 23:34:54.351469: Step 3460: Cross entropy = 0.153399
I0204 23:34:54.351501 140417363757952 retrain.py:1084] 2020-02-04 23:34:54.351469: Step 3460: Cross entropy = 0.153399
INFO:tensorflow:2020-02-04 23:34:54.426042: Step 3460: Validation accuracy = 52.0% (N=100)
I0204 23:34:54.426118 140417363757952 retrain.py:1100] 2020-02-04 23:34:54.426042: Step 3460: Validation accuracy = 52.0% (N=100)
INFO:tensorflow:2020-02-04 23:34:55.192406: Step 3470: Train accuracy = 100.0%
I0204 23:34:55.192461 140417363757952 retrain.py:1082] 2020-02-04 23:34:55.192406: Step 3470: Train accuracy = 100.0%
INFO:tensorflow:2020-02-04 23:34:55.192653: Step 3470: Cross entropy = 0.170733
I0204 23:34:55.192680 140417363757952 retrain.py:1084] 2020-02-04 23:34:55.192653: Step 3470: Cross entropy = 0.170733
INFO:tensorflow:2020-02-04 23:34:55.266937: Step 3470: Validation accuracy = 49.0% (N=100)
I0204 23:34:55.267008 140417363757952 retrain.py:1100] 2020-02-04 23:34:55.266937: Step 3470: Validation accuracy = 49.0% (N=100)
INFO:tensorflow:2020-02-04 23:34:56.037329: Step 3480: Train accuracy = 99.0%
I0204 23:34:56.037395 140417363757952 retrain.py:1082] 2020-02-04 23:34:56.037329: Step 3480: Train accuracy = 99.0%
INFO:tensorflow:2020-02-04 23:34:56.037526: Step 3480: Cross entropy = 0.168662
I0204 23:34:56.037565 140417363757952 retrain.py:1084] 2020-02-04 23:34:56.037526: Step 3480: Cross entropy = 0.168662
INFO:tensorflow:2020-02-04 23:34:56.116017: Step 3480: Validation accuracy = 43.0% (N=100)
I0204 23:34:56.116074 140417363757952 retrain.py:1100] 2020-02-04 23:34:56.116017: Step 3480: Validation accuracy = 43.0% (N=100)
INFO:tensorflow:2020-02-04 23:34:56.885313: Step 3490: Train accuracy = 100.0%
I0204 23:34:56.885421 140417363757952 retrain.py:1082] 2020-02-04 23:34:56.885313: Step 3490: Train accuracy = 100.0%
INFO:tensorflow:2020-02-04 23:34:56.885598: Step 3490: Cross entropy = 0.168234
I0204 23:34:56.885620 140417363757952 retrain.py:1084] 2020-02-04 23:34:56.885598: Step 3490: Cross entropy = 0.168234
INFO:tensorflow:2020-02-04 23:34:56.958142: Step 3490: Validation accuracy = 57.0% (N=100)
I0204 23:34:56.958219 140417363757952 retrain.py:1100] 2020-02-04 23:34:56.958142: Step 3490: Validation accuracy = 57.0% (N=100)
INFO:tensorflow:2020-02-04 23:34:57.720724: Step 3500: Train accuracy = 99.0%
I0204 23:34:57.720795 140417363757952 retrain.py:1082] 2020-02-04 23:34:57.720724: Step 3500: Train accuracy = 99.0%
INFO:tensorflow:2020-02-04 23:34:57.720974: Step 3500: Cross entropy = 0.190853
I0204 23:34:57.720996 140417363757952 retrain.py:1084] 2020-02-04 23:34:57.720974: Step 3500: Cross entropy = 0.190853
INFO:tensorflow:2020-02-04 23:34:57.796502: Step 3500: Validation accuracy = 43.0% (N=100)
I0204 23:34:57.796561 140417363757952 retrain.py:1100] 2020-02-04 23:34:57.796502: Step 3500: Validation accuracy = 43.0% (N=100)
INFO:tensorflow:2020-02-04 23:34:58.567447: Step 3510: Train accuracy = 99.0%
I0204 23:34:58.567518 140417363757952 retrain.py:1082] 2020-02-04 23:34:58.567447: Step 3510: Train accuracy = 99.0%
INFO:tensorflow:2020-02-04 23:34:58.567703: Step 3510: Cross entropy = 0.149625
I0204 23:34:58.567723 140417363757952 retrain.py:1084] 2020-02-04 23:34:58.567703: Step 3510: Cross entropy = 0.149625
INFO:tensorflow:2020-02-04 23:34:58.642606: Step 3510: Validation accuracy = 48.0% (N=100)
I0204 23:34:58.642666 140417363757952 retrain.py:1100] 2020-02-04 23:34:58.642606: Step 3510: Validation accuracy = 48.0% (N=100)
INFO:tensorflow:2020-02-04 23:34:59.417625: Step 3520: Train accuracy = 100.0%
I0204 23:34:59.417696 140417363757952 retrain.py:1082] 2020-02-04 23:34:59.417625: Step 3520: Train accuracy = 100.0%
INFO:tensorflow:2020-02-04 23:34:59.417874: Step 3520: Cross entropy = 0.162853
I0204 23:34:59.417896 140417363757952 retrain.py:1084] 2020-02-04 23:34:59.417874: Step 3520: Cross entropy = 0.162853
INFO:tensorflow:2020-02-04 23:34:59.493528: Step 3520: Validation accuracy = 52.0% (N=100)
I0204 23:34:59.493595 140417363757952 retrain.py:1100] 2020-02-04 23:34:59.493528: Step 3520: Validation accuracy = 52.0% (N=100)
INFO:tensorflow:2020-02-04 23:35:00.265560: Step 3530: Train accuracy = 100.0%
I0204 23:35:00.265641 140417363757952 retrain.py:1082] 2020-02-04 23:35:00.265560: Step 3530: Train accuracy = 100.0%
INFO:tensorflow:2020-02-04 23:35:00.265789: Step 3530: Cross entropy = 0.171906
I0204 23:35:00.265824 140417363757952 retrain.py:1084] 2020-02-04 23:35:00.265789: Step 3530: Cross entropy = 0.171906
INFO:tensorflow:2020-02-04 23:35:00.339528: Step 3530: Validation accuracy = 54.0% (N=100)
I0204 23:35:00.339585 140417363757952 retrain.py:1100] 2020-02-04 23:35:00.339528: Step 3530: Validation accuracy = 54.0% (N=100)
INFO:tensorflow:2020-02-04 23:35:01.111322: Step 3540: Train accuracy = 100.0%
I0204 23:35:01.111378 140417363757952 retrain.py:1082] 2020-02-04 23:35:01.111322: Step 3540: Train accuracy = 100.0%
INFO:tensorflow:2020-02-04 23:35:01.111574: Step 3540: Cross entropy = 0.167838
I0204 23:35:01.111596 140417363757952 retrain.py:1084] 2020-02-04 23:35:01.111574: Step 3540: Cross entropy = 0.167838
INFO:tensorflow:2020-02-04 23:35:01.186738: Step 3540: Validation accuracy = 51.0% (N=100)
I0204 23:35:01.186812 140417363757952 retrain.py:1100] 2020-02-04 23:35:01.186738: Step 3540: Validation accuracy = 51.0% (N=100)
INFO:tensorflow:2020-02-04 23:35:01.953052: Step 3550: Train accuracy = 100.0%
I0204 23:35:01.953117 140417363757952 retrain.py:1082] 2020-02-04 23:35:01.953052: Step 3550: Train accuracy = 100.0%
INFO:tensorflow:2020-02-04 23:35:01.953287: Step 3550: Cross entropy = 0.179680
I0204 23:35:01.953310 140417363757952 retrain.py:1084] 2020-02-04 23:35:01.953287: Step 3550: Cross entropy = 0.179680
INFO:tensorflow:2020-02-04 23:35:02.027511: Step 3550: Validation accuracy = 55.0% (N=100)
I0204 23:35:02.027568 140417363757952 retrain.py:1100] 2020-02-04 23:35:02.027511: Step 3550: Validation accuracy = 55.0% (N=100)
INFO:tensorflow:2020-02-04 23:35:02.795594: Step 3560: Train accuracy = 99.0%
I0204 23:35:02.795651 140417363757952 retrain.py:1082] 2020-02-04 23:35:02.795594: Step 3560: Train accuracy = 99.0%
INFO:tensorflow:2020-02-04 23:35:02.795825: Step 3560: Cross entropy = 0.178852
I0204 23:35:02.795841 140417363757952 retrain.py:1084] 2020-02-04 23:35:02.795825: Step 3560: Cross entropy = 0.178852
INFO:tensorflow:2020-02-04 23:35:02.870660: Step 3560: Validation accuracy = 49.0% (N=100)
I0204 23:35:02.870717 140417363757952 retrain.py:1100] 2020-02-04 23:35:02.870660: Step 3560: Validation accuracy = 49.0% (N=100)
INFO:tensorflow:2020-02-04 23:35:03.641093: Step 3570: Train accuracy = 99.0%
I0204 23:35:03.641163 140417363757952 retrain.py:1082] 2020-02-04 23:35:03.641093: Step 3570: Train accuracy = 99.0%
INFO:tensorflow:2020-02-04 23:35:03.641335: Step 3570: Cross entropy = 0.168142
I0204 23:35:03.641368 140417363757952 retrain.py:1084] 2020-02-04 23:35:03.641335: Step 3570: Cross entropy = 0.168142
INFO:tensorflow:2020-02-04 23:35:03.716107: Step 3570: Validation accuracy = 41.0% (N=100)
I0204 23:35:03.716177 140417363757952 retrain.py:1100] 2020-02-04 23:35:03.716107: Step 3570: Validation accuracy = 41.0% (N=100)
INFO:tensorflow:2020-02-04 23:35:04.487317: Step 3580: Train accuracy = 100.0%
I0204 23:35:04.487387 140417363757952 retrain.py:1082] 2020-02-04 23:35:04.487317: Step 3580: Train accuracy = 100.0%
INFO:tensorflow:2020-02-04 23:35:04.487564: Step 3580: Cross entropy = 0.167797
I0204 23:35:04.487588 140417363757952 retrain.py:1084] 2020-02-04 23:35:04.487564: Step 3580: Cross entropy = 0.167797
INFO:tensorflow:2020-02-04 23:35:04.562469: Step 3580: Validation accuracy = 56.0% (N=100)
I0204 23:35:04.562527 140417363757952 retrain.py:1100] 2020-02-04 23:35:04.562469: Step 3580: Validation accuracy = 56.0% (N=100)
INFO:tensorflow:2020-02-04 23:35:05.335920: Step 3590: Train accuracy = 100.0%
I0204 23:35:05.335977 140417363757952 retrain.py:1082] 2020-02-04 23:35:05.335920: Step 3590: Train accuracy = 100.0%
INFO:tensorflow:2020-02-04 23:35:05.336150: Step 3590: Cross entropy = 0.165413
I0204 23:35:05.336170 140417363757952 retrain.py:1084] 2020-02-04 23:35:05.336150: Step 3590: Cross entropy = 0.165413
INFO:tensorflow:2020-02-04 23:35:05.409014: Step 3590: Validation accuracy = 53.0% (N=100)
I0204 23:35:05.409072 140417363757952 retrain.py:1100] 2020-02-04 23:35:05.409014: Step 3590: Validation accuracy = 53.0% (N=100)
INFO:tensorflow:2020-02-04 23:35:06.182314: Step 3600: Train accuracy = 100.0%
I0204 23:35:06.182371 140417363757952 retrain.py:1082] 2020-02-04 23:35:06.182314: Step 3600: Train accuracy = 100.0%
INFO:tensorflow:2020-02-04 23:35:06.182537: Step 3600: Cross entropy = 0.175286
I0204 23:35:06.182557 140417363757952 retrain.py:1084] 2020-02-04 23:35:06.182537: Step 3600: Cross entropy = 0.175286
INFO:tensorflow:2020-02-04 23:35:06.256144: Step 3600: Validation accuracy = 48.0% (N=100)
I0204 23:35:06.256246 140417363757952 retrain.py:1100] 2020-02-04 23:35:06.256144: Step 3600: Validation accuracy = 48.0% (N=100)
INFO:tensorflow:2020-02-04 23:35:07.021925: Step 3610: Train accuracy = 100.0%
I0204 23:35:07.021981 140417363757952 retrain.py:1082] 2020-02-04 23:35:07.021925: Step 3610: Train accuracy = 100.0%
INFO:tensorflow:2020-02-04 23:35:07.022162: Step 3610: Cross entropy = 0.160195
I0204 23:35:07.022181 140417363757952 retrain.py:1084] 2020-02-04 23:35:07.022162: Step 3610: Cross entropy = 0.160195
INFO:tensorflow:2020-02-04 23:35:07.096992: Step 3610: Validation accuracy = 51.0% (N=100)
I0204 23:35:07.097048 140417363757952 retrain.py:1100] 2020-02-04 23:35:07.096992: Step 3610: Validation accuracy = 51.0% (N=100)
INFO:tensorflow:2020-02-04 23:35:07.858896: Step 3620: Train accuracy = 100.0%
I0204 23:35:07.858973 140417363757952 retrain.py:1082] 2020-02-04 23:35:07.858896: Step 3620: Train accuracy = 100.0%
INFO:tensorflow:2020-02-04 23:35:07.859140: Step 3620: Cross entropy = 0.167597
I0204 23:35:07.859162 140417363757952 retrain.py:1084] 2020-02-04 23:35:07.859140: Step 3620: Cross entropy = 0.167597
INFO:tensorflow:2020-02-04 23:35:07.931839: Step 3620: Validation accuracy = 55.0% (N=100)
I0204 23:35:07.931898 140417363757952 retrain.py:1100] 2020-02-04 23:35:07.931839: Step 3620: Validation accuracy = 55.0% (N=100)
INFO:tensorflow:2020-02-04 23:35:08.696244: Step 3630: Train accuracy = 100.0%
I0204 23:35:08.696298 140417363757952 retrain.py:1082] 2020-02-04 23:35:08.696244: Step 3630: Train accuracy = 100.0%
INFO:tensorflow:2020-02-04 23:35:08.696464: Step 3630: Cross entropy = 0.155386
I0204 23:35:08.696495 140417363757952 retrain.py:1084] 2020-02-04 23:35:08.696464: Step 3630: Cross entropy = 0.155386
INFO:tensorflow:2020-02-04 23:35:08.770763: Step 3630: Validation accuracy = 51.0% (N=100)
I0204 23:35:08.770820 140417363757952 retrain.py:1100] 2020-02-04 23:35:08.770763: Step 3630: Validation accuracy = 51.0% (N=100)
INFO:tensorflow:2020-02-04 23:35:09.546432: Step 3640: Train accuracy = 99.0%
I0204 23:35:09.546499 140417363757952 retrain.py:1082] 2020-02-04 23:35:09.546432: Step 3640: Train accuracy = 99.0%
INFO:tensorflow:2020-02-04 23:35:09.546673: Step 3640: Cross entropy = 0.169369
I0204 23:35:09.546705 140417363757952 retrain.py:1084] 2020-02-04 23:35:09.546673: Step 3640: Cross entropy = 0.169369
INFO:tensorflow:2020-02-04 23:35:09.620354: Step 3640: Validation accuracy = 55.0% (N=100)
I0204 23:35:09.620422 140417363757952 retrain.py:1100] 2020-02-04 23:35:09.620354: Step 3640: Validation accuracy = 55.0% (N=100)
INFO:tensorflow:2020-02-04 23:35:10.390188: Step 3650: Train accuracy = 99.0%
I0204 23:35:10.390257 140417363757952 retrain.py:1082] 2020-02-04 23:35:10.390188: Step 3650: Train accuracy = 99.0%
INFO:tensorflow:2020-02-04 23:35:10.390444: Step 3650: Cross entropy = 0.153507
I0204 23:35:10.390470 140417363757952 retrain.py:1084] 2020-02-04 23:35:10.390444: Step 3650: Cross entropy = 0.153507
INFO:tensorflow:2020-02-04 23:35:10.463943: Step 3650: Validation accuracy = 56.0% (N=100)
I0204 23:35:10.464001 140417363757952 retrain.py:1100] 2020-02-04 23:35:10.463943: Step 3650: Validation accuracy = 56.0% (N=100)
INFO:tensorflow:2020-02-04 23:35:11.234800: Step 3660: Train accuracy = 100.0%
I0204 23:35:11.234890 140417363757952 retrain.py:1082] 2020-02-04 23:35:11.234800: Step 3660: Train accuracy = 100.0%
INFO:tensorflow:2020-02-04 23:35:11.235072: Step 3660: Cross entropy = 0.184196
I0204 23:35:11.235096 140417363757952 retrain.py:1084] 2020-02-04 23:35:11.235072: Step 3660: Cross entropy = 0.184196
INFO:tensorflow:2020-02-04 23:35:11.309406: Step 3660: Validation accuracy = 62.0% (N=100)
I0204 23:35:11.309487 140417363757952 retrain.py:1100] 2020-02-04 23:35:11.309406: Step 3660: Validation accuracy = 62.0% (N=100)
INFO:tensorflow:2020-02-04 23:35:12.074862: Step 3670: Train accuracy = 99.0%
I0204 23:35:12.074918 140417363757952 retrain.py:1082] 2020-02-04 23:35:12.074862: Step 3670: Train accuracy = 99.0%
INFO:tensorflow:2020-02-04 23:35:12.075087: Step 3670: Cross entropy = 0.161984
I0204 23:35:12.075106 140417363757952 retrain.py:1084] 2020-02-04 23:35:12.075087: Step 3670: Cross entropy = 0.161984
INFO:tensorflow:2020-02-04 23:35:12.150438: Step 3670: Validation accuracy = 52.0% (N=100)
I0204 23:35:12.150524 140417363757952 retrain.py:1100] 2020-02-04 23:35:12.150438: Step 3670: Validation accuracy = 52.0% (N=100)
INFO:tensorflow:2020-02-04 23:35:12.916890: Step 3680: Train accuracy = 99.0%
I0204 23:35:12.916957 140417363757952 retrain.py:1082] 2020-02-04 23:35:12.916890: Step 3680: Train accuracy = 99.0%
INFO:tensorflow:2020-02-04 23:35:12.917120: Step 3680: Cross entropy = 0.170958
I0204 23:35:12.917141 140417363757952 retrain.py:1084] 2020-02-04 23:35:12.917120: Step 3680: Cross entropy = 0.170958
INFO:tensorflow:2020-02-04 23:35:12.990554: Step 3680: Validation accuracy = 45.0% (N=100)
I0204 23:35:12.990622 140417363757952 retrain.py:1100] 2020-02-04 23:35:12.990554: Step 3680: Validation accuracy = 45.0% (N=100)
INFO:tensorflow:2020-02-04 23:35:13.759703: Step 3690: Train accuracy = 100.0%
I0204 23:35:13.759773 140417363757952 retrain.py:1082] 2020-02-04 23:35:13.759703: Step 3690: Train accuracy = 100.0%
INFO:tensorflow:2020-02-04 23:35:13.759970: Step 3690: Cross entropy = 0.175842
I0204 23:35:13.759990 140417363757952 retrain.py:1084] 2020-02-04 23:35:13.759970: Step 3690: Cross entropy = 0.175842
INFO:tensorflow:2020-02-04 23:35:13.833375: Step 3690: Validation accuracy = 48.0% (N=100)
I0204 23:35:13.833444 140417363757952 retrain.py:1100] 2020-02-04 23:35:13.833375: Step 3690: Validation accuracy = 48.0% (N=100)
INFO:tensorflow:2020-02-04 23:35:14.624023: Step 3700: Train accuracy = 100.0%
I0204 23:35:14.624094 140417363757952 retrain.py:1082] 2020-02-04 23:35:14.624023: Step 3700: Train accuracy = 100.0%
INFO:tensorflow:2020-02-04 23:35:14.624262: Step 3700: Cross entropy = 0.162092
I0204 23:35:14.624324 140417363757952 retrain.py:1084] 2020-02-04 23:35:14.624262: Step 3700: Cross entropy = 0.162092
INFO:tensorflow:2020-02-04 23:35:14.697791: Step 3700: Validation accuracy = 52.0% (N=100)
I0204 23:35:14.697856 140417363757952 retrain.py:1100] 2020-02-04 23:35:14.697791: Step 3700: Validation accuracy = 52.0% (N=100)
INFO:tensorflow:2020-02-04 23:35:15.509904: Step 3710: Train accuracy = 99.0%
I0204 23:35:15.510002 140417363757952 retrain.py:1082] 2020-02-04 23:35:15.509904: Step 3710: Train accuracy = 99.0%
INFO:tensorflow:2020-02-04 23:35:15.510193: Step 3710: Cross entropy = 0.176692
I0204 23:35:15.510212 140417363757952 retrain.py:1084] 2020-02-04 23:35:15.510193: Step 3710: Cross entropy = 0.176692
INFO:tensorflow:2020-02-04 23:35:15.585664: Step 3710: Validation accuracy = 62.0% (N=100)
I0204 23:35:15.585746 140417363757952 retrain.py:1100] 2020-02-04 23:35:15.585664: Step 3710: Validation accuracy = 62.0% (N=100)
INFO:tensorflow:2020-02-04 23:35:16.370026: Step 3720: Train accuracy = 100.0%
I0204 23:35:16.370093 140417363757952 retrain.py:1082] 2020-02-04 23:35:16.370026: Step 3720: Train accuracy = 100.0%
INFO:tensorflow:2020-02-04 23:35:16.370238: Step 3720: Cross entropy = 0.160670
I0204 23:35:16.370259 140417363757952 retrain.py:1084] 2020-02-04 23:35:16.370238: Step 3720: Cross entropy = 0.160670
INFO:tensorflow:2020-02-04 23:35:16.443851: Step 3720: Validation accuracy = 56.0% (N=100)
I0204 23:35:16.443932 140417363757952 retrain.py:1100] 2020-02-04 23:35:16.443851: Step 3720: Validation accuracy = 56.0% (N=100)
INFO:tensorflow:2020-02-04 23:35:17.209203: Step 3730: Train accuracy = 100.0%
I0204 23:35:17.209274 140417363757952 retrain.py:1082] 2020-02-04 23:35:17.209203: Step 3730: Train accuracy = 100.0%
INFO:tensorflow:2020-02-04 23:35:17.209464: Step 3730: Cross entropy = 0.180307
I0204 23:35:17.209491 140417363757952 retrain.py:1084] 2020-02-04 23:35:17.209464: Step 3730: Cross entropy = 0.180307
INFO:tensorflow:2020-02-04 23:35:17.286362: Step 3730: Validation accuracy = 71.0% (N=100)
I0204 23:35:17.286436 140417363757952 retrain.py:1100] 2020-02-04 23:35:17.286362: Step 3730: Validation accuracy = 71.0% (N=100)
INFO:tensorflow:2020-02-04 23:35:18.058363: Step 3740: Train accuracy = 100.0%
I0204 23:35:18.058452 140417363757952 retrain.py:1082] 2020-02-04 23:35:18.058363: Step 3740: Train accuracy = 100.0%
INFO:tensorflow:2020-02-04 23:35:18.058615: Step 3740: Cross entropy = 0.161766
I0204 23:35:18.058675 140417363757952 retrain.py:1084] 2020-02-04 23:35:18.058615: Step 3740: Cross entropy = 0.161766
INFO:tensorflow:2020-02-04 23:35:18.134414: Step 3740: Validation accuracy = 58.0% (N=100)
I0204 23:35:18.134491 140417363757952 retrain.py:1100] 2020-02-04 23:35:18.134414: Step 3740: Validation accuracy = 58.0% (N=100)
INFO:tensorflow:2020-02-04 23:35:18.905035: Step 3750: Train accuracy = 100.0%
I0204 23:35:18.905091 140417363757952 retrain.py:1082] 2020-02-04 23:35:18.905035: Step 3750: Train accuracy = 100.0%
INFO:tensorflow:2020-02-04 23:35:18.905273: Step 3750: Cross entropy = 0.142003
I0204 23:35:18.905298 140417363757952 retrain.py:1084] 2020-02-04 23:35:18.905273: Step 3750: Cross entropy = 0.142003
INFO:tensorflow:2020-02-04 23:35:18.979886: Step 3750: Validation accuracy = 56.0% (N=100)
I0204 23:35:18.979943 140417363757952 retrain.py:1100] 2020-02-04 23:35:18.979886: Step 3750: Validation accuracy = 56.0% (N=100)
INFO:tensorflow:2020-02-04 23:35:19.751788: Step 3760: Train accuracy = 99.0%
I0204 23:35:19.751845 140417363757952 retrain.py:1082] 2020-02-04 23:35:19.751788: Step 3760: Train accuracy = 99.0%
INFO:tensorflow:2020-02-04 23:35:19.752004: Step 3760: Cross entropy = 0.195649
I0204 23:35:19.752025 140417363757952 retrain.py:1084] 2020-02-04 23:35:19.752004: Step 3760: Cross entropy = 0.195649
INFO:tensorflow:2020-02-04 23:35:19.828018: Step 3760: Validation accuracy = 45.0% (N=100)
I0204 23:35:19.828098 140417363757952 retrain.py:1100] 2020-02-04 23:35:19.828018: Step 3760: Validation accuracy = 45.0% (N=100)
INFO:tensorflow:2020-02-04 23:35:20.598999: Step 3770: Train accuracy = 100.0%
I0204 23:35:20.599069 140417363757952 retrain.py:1082] 2020-02-04 23:35:20.598999: Step 3770: Train accuracy = 100.0%
INFO:tensorflow:2020-02-04 23:35:20.599263: Step 3770: Cross entropy = 0.147929
I0204 23:35:20.599284 140417363757952 retrain.py:1084] 2020-02-04 23:35:20.599263: Step 3770: Cross entropy = 0.147929
INFO:tensorflow:2020-02-04 23:35:20.673308: Step 3770: Validation accuracy = 61.0% (N=100)
I0204 23:35:20.673376 140417363757952 retrain.py:1100] 2020-02-04 23:35:20.673308: Step 3770: Validation accuracy = 61.0% (N=100)
INFO:tensorflow:2020-02-04 23:35:21.446876: Step 3780: Train accuracy = 100.0%
I0204 23:35:21.446943 140417363757952 retrain.py:1082] 2020-02-04 23:35:21.446876: Step 3780: Train accuracy = 100.0%
INFO:tensorflow:2020-02-04 23:35:21.447119: Step 3780: Cross entropy = 0.145311
I0204 23:35:21.447152 140417363757952 retrain.py:1084] 2020-02-04 23:35:21.447119: Step 3780: Cross entropy = 0.145311
INFO:tensorflow:2020-02-04 23:35:21.522693: Step 3780: Validation accuracy = 59.0% (N=100)
I0204 23:35:21.522763 140417363757952 retrain.py:1100] 2020-02-04 23:35:21.522693: Step 3780: Validation accuracy = 59.0% (N=100)
INFO:tensorflow:2020-02-04 23:35:22.297304: Step 3790: Train accuracy = 100.0%
I0204 23:35:22.297361 140417363757952 retrain.py:1082] 2020-02-04 23:35:22.297304: Step 3790: Train accuracy = 100.0%
INFO:tensorflow:2020-02-04 23:35:22.297521: Step 3790: Cross entropy = 0.162034
I0204 23:35:22.297537 140417363757952 retrain.py:1084] 2020-02-04 23:35:22.297521: Step 3790: Cross entropy = 0.162034
INFO:tensorflow:2020-02-04 23:35:22.371329: Step 3790: Validation accuracy = 46.0% (N=100)
I0204 23:35:22.371399 140417363757952 retrain.py:1100] 2020-02-04 23:35:22.371329: Step 3790: Validation accuracy = 46.0% (N=100)
INFO:tensorflow:2020-02-04 23:35:23.135274: Step 3800: Train accuracy = 99.0%
I0204 23:35:23.135330 140417363757952 retrain.py:1082] 2020-02-04 23:35:23.135274: Step 3800: Train accuracy = 99.0%
INFO:tensorflow:2020-02-04 23:35:23.135491: Step 3800: Cross entropy = 0.167543
I0204 23:35:23.135512 140417363757952 retrain.py:1084] 2020-02-04 23:35:23.135491: Step 3800: Cross entropy = 0.167543
INFO:tensorflow:2020-02-04 23:35:23.209727: Step 3800: Validation accuracy = 55.0% (N=100)
I0204 23:35:23.209799 140417363757952 retrain.py:1100] 2020-02-04 23:35:23.209727: Step 3800: Validation accuracy = 55.0% (N=100)
INFO:tensorflow:2020-02-04 23:35:23.983745: Step 3810: Train accuracy = 100.0%
I0204 23:35:23.983820 140417363757952 retrain.py:1082] 2020-02-04 23:35:23.983745: Step 3810: Train accuracy = 100.0%
INFO:tensorflow:2020-02-04 23:35:23.984004: Step 3810: Cross entropy = 0.138245
I0204 23:35:23.984023 140417363757952 retrain.py:1084] 2020-02-04 23:35:23.984004: Step 3810: Cross entropy = 0.138245
INFO:tensorflow:2020-02-04 23:35:24.060046: Step 3810: Validation accuracy = 51.0% (N=100)
I0204 23:35:24.060103 140417363757952 retrain.py:1100] 2020-02-04 23:35:24.060046: Step 3810: Validation accuracy = 51.0% (N=100)
INFO:tensorflow:2020-02-04 23:35:24.824579: Step 3820: Train accuracy = 100.0%
I0204 23:35:24.824635 140417363757952 retrain.py:1082] 2020-02-04 23:35:24.824579: Step 3820: Train accuracy = 100.0%
INFO:tensorflow:2020-02-04 23:35:24.824821: Step 3820: Cross entropy = 0.140457
I0204 23:35:24.824840 140417363757952 retrain.py:1084] 2020-02-04 23:35:24.824821: Step 3820: Cross entropy = 0.140457
INFO:tensorflow:2020-02-04 23:35:24.900235: Step 3820: Validation accuracy = 49.0% (N=100)
I0204 23:35:24.900301 140417363757952 retrain.py:1100] 2020-02-04 23:35:24.900235: Step 3820: Validation accuracy = 49.0% (N=100)
INFO:tensorflow:2020-02-04 23:35:25.694973: Step 3830: Train accuracy = 100.0%
I0204 23:35:25.695073 140417363757952 retrain.py:1082] 2020-02-04 23:35:25.694973: Step 3830: Train accuracy = 100.0%
INFO:tensorflow:2020-02-04 23:35:25.695291: Step 3830: Cross entropy = 0.168552
I0204 23:35:25.695313 140417363757952 retrain.py:1084] 2020-02-04 23:35:25.695291: Step 3830: Cross entropy = 0.168552
INFO:tensorflow:2020-02-04 23:35:25.770039: Step 3830: Validation accuracy = 54.0% (N=100)
I0204 23:35:25.770096 140417363757952 retrain.py:1100] 2020-02-04 23:35:25.770039: Step 3830: Validation accuracy = 54.0% (N=100)
INFO:tensorflow:2020-02-04 23:35:26.612280: Step 3840: Train accuracy = 100.0%
I0204 23:35:26.612371 140417363757952 retrain.py:1082] 2020-02-04 23:35:26.612280: Step 3840: Train accuracy = 100.0%
INFO:tensorflow:2020-02-04 23:35:26.612571: Step 3840: Cross entropy = 0.196339
I0204 23:35:26.612621 140417363757952 retrain.py:1084] 2020-02-04 23:35:26.612571: Step 3840: Cross entropy = 0.196339
INFO:tensorflow:2020-02-04 23:35:26.700033: Step 3840: Validation accuracy = 67.0% (N=100)
I0204 23:35:26.700106 140417363757952 retrain.py:1100] 2020-02-04 23:35:26.700033: Step 3840: Validation accuracy = 67.0% (N=100)
INFO:tensorflow:2020-02-04 23:35:27.475947: Step 3850: Train accuracy = 100.0%
I0204 23:35:27.476024 140417363757952 retrain.py:1082] 2020-02-04 23:35:27.475947: Step 3850: Train accuracy = 100.0%
INFO:tensorflow:2020-02-04 23:35:27.476211: Step 3850: Cross entropy = 0.158132
I0204 23:35:27.476238 140417363757952 retrain.py:1084] 2020-02-04 23:35:27.476211: Step 3850: Cross entropy = 0.158132
INFO:tensorflow:2020-02-04 23:35:27.552222: Step 3850: Validation accuracy = 55.0% (N=100)
I0204 23:35:27.552279 140417363757952 retrain.py:1100] 2020-02-04 23:35:27.552222: Step 3850: Validation accuracy = 55.0% (N=100)
INFO:tensorflow:2020-02-04 23:35:28.336210: Step 3860: Train accuracy = 100.0%
I0204 23:35:28.336284 140417363757952 retrain.py:1082] 2020-02-04 23:35:28.336210: Step 3860: Train accuracy = 100.0%
INFO:tensorflow:2020-02-04 23:35:28.336441: Step 3860: Cross entropy = 0.170236
I0204 23:35:28.336474 140417363757952 retrain.py:1084] 2020-02-04 23:35:28.336441: Step 3860: Cross entropy = 0.170236
INFO:tensorflow:2020-02-04 23:35:28.410193: Step 3860: Validation accuracy = 52.0% (N=100)
I0204 23:35:28.410251 140417363757952 retrain.py:1100] 2020-02-04 23:35:28.410193: Step 3860: Validation accuracy = 52.0% (N=100)
INFO:tensorflow:2020-02-04 23:35:29.193637: Step 3870: Train accuracy = 100.0%
I0204 23:35:29.193694 140417363757952 retrain.py:1082] 2020-02-04 23:35:29.193637: Step 3870: Train accuracy = 100.0%
INFO:tensorflow:2020-02-04 23:35:29.193877: Step 3870: Cross entropy = 0.148033
I0204 23:35:29.193896 140417363757952 retrain.py:1084] 2020-02-04 23:35:29.193877: Step 3870: Cross entropy = 0.148033
INFO:tensorflow:2020-02-04 23:35:29.276621: Step 3870: Validation accuracy = 49.0% (N=100)
I0204 23:35:29.276693 140417363757952 retrain.py:1100] 2020-02-04 23:35:29.276621: Step 3870: Validation accuracy = 49.0% (N=100)
INFO:tensorflow:2020-02-04 23:35:30.138106: Step 3880: Train accuracy = 100.0%
I0204 23:35:30.138164 140417363757952 retrain.py:1082] 2020-02-04 23:35:30.138106: Step 3880: Train accuracy = 100.0%
INFO:tensorflow:2020-02-04 23:35:30.138353: Step 3880: Cross entropy = 0.155555
I0204 23:35:30.138372 140417363757952 retrain.py:1084] 2020-02-04 23:35:30.138353: Step 3880: Cross entropy = 0.155555
INFO:tensorflow:2020-02-04 23:35:30.230264: Step 3880: Validation accuracy = 62.0% (N=100)
I0204 23:35:30.230333 140417363757952 retrain.py:1100] 2020-02-04 23:35:30.230264: Step 3880: Validation accuracy = 62.0% (N=100)
INFO:tensorflow:2020-02-04 23:35:31.086880: Step 3890: Train accuracy = 100.0%
I0204 23:35:31.086938 140417363757952 retrain.py:1082] 2020-02-04 23:35:31.086880: Step 3890: Train accuracy = 100.0%
INFO:tensorflow:2020-02-04 23:35:31.087124: Step 3890: Cross entropy = 0.169435
I0204 23:35:31.087149 140417363757952 retrain.py:1084] 2020-02-04 23:35:31.087124: Step 3890: Cross entropy = 0.169435
INFO:tensorflow:2020-02-04 23:35:31.169658: Step 3890: Validation accuracy = 52.0% (N=100)
I0204 23:35:31.169731 140417363757952 retrain.py:1100] 2020-02-04 23:35:31.169658: Step 3890: Validation accuracy = 52.0% (N=100)
INFO:tensorflow:2020-02-04 23:35:32.003917: Step 3900: Train accuracy = 99.0%
I0204 23:35:32.004013 140417363757952 retrain.py:1082] 2020-02-04 23:35:32.003917: Step 3900: Train accuracy = 99.0%
INFO:tensorflow:2020-02-04 23:35:32.004217: Step 3900: Cross entropy = 0.156457
I0204 23:35:32.004241 140417363757952 retrain.py:1084] 2020-02-04 23:35:32.004217: Step 3900: Cross entropy = 0.156457
INFO:tensorflow:2020-02-04 23:35:32.090864: Step 3900: Validation accuracy = 50.0% (N=100)
I0204 23:35:32.090928 140417363757952 retrain.py:1100] 2020-02-04 23:35:32.090864: Step 3900: Validation accuracy = 50.0% (N=100)
INFO:tensorflow:2020-02-04 23:35:32.897865: Step 3910: Train accuracy = 100.0%
I0204 23:35:32.897961 140417363757952 retrain.py:1082] 2020-02-04 23:35:32.897865: Step 3910: Train accuracy = 100.0%
INFO:tensorflow:2020-02-04 23:35:32.898231: Step 3910: Cross entropy = 0.161069
I0204 23:35:32.898257 140417363757952 retrain.py:1084] 2020-02-04 23:35:32.898231: Step 3910: Cross entropy = 0.161069
INFO:tensorflow:2020-02-04 23:35:32.984062: Step 3910: Validation accuracy = 59.0% (N=100)
I0204 23:35:32.984132 140417363757952 retrain.py:1100] 2020-02-04 23:35:32.984062: Step 3910: Validation accuracy = 59.0% (N=100)
INFO:tensorflow:2020-02-04 23:35:33.842568: Step 3920: Train accuracy = 100.0%
I0204 23:35:33.842636 140417363757952 retrain.py:1082] 2020-02-04 23:35:33.842568: Step 3920: Train accuracy = 100.0%
INFO:tensorflow:2020-02-04 23:35:33.842801: Step 3920: Cross entropy = 0.137764
I0204 23:35:33.842819 140417363757952 retrain.py:1084] 2020-02-04 23:35:33.842801: Step 3920: Cross entropy = 0.137764
INFO:tensorflow:2020-02-04 23:35:33.924367: Step 3920: Validation accuracy = 44.0% (N=100)
I0204 23:35:33.924441 140417363757952 retrain.py:1100] 2020-02-04 23:35:33.924367: Step 3920: Validation accuracy = 44.0% (N=100)
INFO:tensorflow:2020-02-04 23:35:34.755164: Step 3930: Train accuracy = 100.0%
I0204 23:35:34.755248 140417363757952 retrain.py:1082] 2020-02-04 23:35:34.755164: Step 3930: Train accuracy = 100.0%
INFO:tensorflow:2020-02-04 23:35:34.755430: Step 3930: Cross entropy = 0.151967
I0204 23:35:34.755453 140417363757952 retrain.py:1084] 2020-02-04 23:35:34.755430: Step 3930: Cross entropy = 0.151967
INFO:tensorflow:2020-02-04 23:35:34.840107: Step 3930: Validation accuracy = 56.0% (N=100)
I0204 23:35:34.840172 140417363757952 retrain.py:1100] 2020-02-04 23:35:34.840107: Step 3930: Validation accuracy = 56.0% (N=100)
INFO:tensorflow:2020-02-04 23:35:35.640000: Step 3940: Train accuracy = 99.0%
I0204 23:35:35.640103 140417363757952 retrain.py:1082] 2020-02-04 23:35:35.640000: Step 3940: Train accuracy = 99.0%
INFO:tensorflow:2020-02-04 23:35:35.640338: Step 3940: Cross entropy = 0.171005
I0204 23:35:35.640368 140417363757952 retrain.py:1084] 2020-02-04 23:35:35.640338: Step 3940: Cross entropy = 0.171005
INFO:tensorflow:2020-02-04 23:35:35.714889: Step 3940: Validation accuracy = 57.0% (N=100)
I0204 23:35:35.714955 140417363757952 retrain.py:1100] 2020-02-04 23:35:35.714889: Step 3940: Validation accuracy = 57.0% (N=100)
INFO:tensorflow:2020-02-04 23:35:36.499200: Step 3950: Train accuracy = 100.0%
I0204 23:35:36.499270 140417363757952 retrain.py:1082] 2020-02-04 23:35:36.499200: Step 3950: Train accuracy = 100.0%
INFO:tensorflow:2020-02-04 23:35:36.499458: Step 3950: Cross entropy = 0.158385
I0204 23:35:36.499480 140417363757952 retrain.py:1084] 2020-02-04 23:35:36.499458: Step 3950: Cross entropy = 0.158385
INFO:tensorflow:2020-02-04 23:35:36.573449: Step 3950: Validation accuracy = 54.0% (N=100)
I0204 23:35:36.573508 140417363757952 retrain.py:1100] 2020-02-04 23:35:36.573449: Step 3950: Validation accuracy = 54.0% (N=100)
INFO:tensorflow:2020-02-04 23:35:37.357320: Step 3960: Train accuracy = 100.0%
I0204 23:35:37.357401 140417363757952 retrain.py:1082] 2020-02-04 23:35:37.357320: Step 3960: Train accuracy = 100.0%
INFO:tensorflow:2020-02-04 23:35:37.357553: Step 3960: Cross entropy = 0.150849
I0204 23:35:37.357598 140417363757952 retrain.py:1084] 2020-02-04 23:35:37.357553: Step 3960: Cross entropy = 0.150849
INFO:tensorflow:2020-02-04 23:35:37.433472: Step 3960: Validation accuracy = 48.0% (N=100)
I0204 23:35:37.433529 140417363757952 retrain.py:1100] 2020-02-04 23:35:37.433472: Step 3960: Validation accuracy = 48.0% (N=100)
INFO:tensorflow:2020-02-04 23:35:38.211199: Step 3970: Train accuracy = 100.0%
I0204 23:35:38.211254 140417363757952 retrain.py:1082] 2020-02-04 23:35:38.211199: Step 3970: Train accuracy = 100.0%
INFO:tensorflow:2020-02-04 23:35:38.211433: Step 3970: Cross entropy = 0.142761
I0204 23:35:38.211453 140417363757952 retrain.py:1084] 2020-02-04 23:35:38.211433: Step 3970: Cross entropy = 0.142761
INFO:tensorflow:2020-02-04 23:35:38.286497: Step 3970: Validation accuracy = 50.0% (N=100)
I0204 23:35:38.286555 140417363757952 retrain.py:1100] 2020-02-04 23:35:38.286497: Step 3970: Validation accuracy = 50.0% (N=100)
INFO:tensorflow:2020-02-04 23:35:39.054691: Step 3980: Train accuracy = 99.0%
I0204 23:35:39.054749 140417363757952 retrain.py:1082] 2020-02-04 23:35:39.054691: Step 3980: Train accuracy = 99.0%
INFO:tensorflow:2020-02-04 23:35:39.054944: Step 3980: Cross entropy = 0.154166
I0204 23:35:39.054970 140417363757952 retrain.py:1084] 2020-02-04 23:35:39.054944: Step 3980: Cross entropy = 0.154166
INFO:tensorflow:2020-02-04 23:35:39.129886: Step 3980: Validation accuracy = 48.0% (N=100)
I0204 23:35:39.129991 140417363757952 retrain.py:1100] 2020-02-04 23:35:39.129886: Step 3980: Validation accuracy = 48.0% (N=100)
INFO:tensorflow:2020-02-04 23:35:39.929497: Step 3990: Train accuracy = 100.0%
I0204 23:35:39.929586 140417363757952 retrain.py:1082] 2020-02-04 23:35:39.929497: Step 3990: Train accuracy = 100.0%
INFO:tensorflow:2020-02-04 23:35:39.929746: Step 3990: Cross entropy = 0.147095
I0204 23:35:39.929798 140417363757952 retrain.py:1084] 2020-02-04 23:35:39.929746: Step 3990: Cross entropy = 0.147095
INFO:tensorflow:2020-02-04 23:35:40.006213: Step 3990: Validation accuracy = 58.0% (N=100)
I0204 23:35:40.006310 140417363757952 retrain.py:1100] 2020-02-04 23:35:40.006213: Step 3990: Validation accuracy = 58.0% (N=100)
INFO:tensorflow:2020-02-04 23:35:40.754449: Step 3999: Train accuracy = 100.0%
I0204 23:35:40.754505 140417363757952 retrain.py:1082] 2020-02-04 23:35:40.754449: Step 3999: Train accuracy = 100.0%
INFO:tensorflow:2020-02-04 23:35:40.754703: Step 3999: Cross entropy = 0.154928
I0204 23:35:40.754722 140417363757952 retrain.py:1084] 2020-02-04 23:35:40.754703: Step 3999: Cross entropy = 0.154928
INFO:tensorflow:2020-02-04 23:35:40.839590: Step 3999: Validation accuracy = 52.0% (N=100)
I0204 23:35:40.839696 140417363757952 retrain.py:1100] 2020-02-04 23:35:40.839590: Step 3999: Validation accuracy = 52.0% (N=100)
INFO:tensorflow:Final test accuracy = 48.3% (N=29)
I0204 23:35:42.567935 140417363757952 retrain.py:1126] Final test accuracy = 48.3% (N=29)
WARNING:tensorflow:From /media/dbusaba/SharedData/University/Research/Rust/image_affinity/tensorflow/scripts/retrain.py:827: convert_variables_to_constants (from tensorflow.python.framework.graph_util_impl) is deprecated and will be removed in a future version.
Instructions for updating:
Use `tf.compat.v1.graph_util.convert_variables_to_constants`
W0204 23:35:42.798836 140417363757952 deprecation.py:323] From /media/dbusaba/SharedData/University/Research/Rust/image_affinity/tensorflow/scripts/retrain.py:827: convert_variables_to_constants (from tensorflow.python.framework.graph_util_impl) is deprecated and will be removed in a future version.
Instructions for updating:
Use `tf.compat.v1.graph_util.convert_variables_to_constants`
WARNING:tensorflow:From /home/dbusaba/.local/lib/python3.7/site-packages/tensorflow/python/framework/graph_util_impl.py:270: extract_sub_graph (from tensorflow.python.framework.graph_util_impl) is deprecated and will be removed in a future version.
Instructions for updating:
Use `tf.compat.v1.graph_util.extract_sub_graph`
W0204 23:35:42.799088 140417363757952 deprecation.py:323] From /home/dbusaba/.local/lib/python3.7/site-packages/tensorflow/python/framework/graph_util_impl.py:270: extract_sub_graph (from tensorflow.python.framework.graph_util_impl) is deprecated and will be removed in a future version.
Instructions for updating:
Use `tf.compat.v1.graph_util.extract_sub_graph`
INFO:tensorflow:Froze 2 variables.
I0204 23:35:42.929739 140417363757952 graph_util_impl.py:311] Froze 2 variables.
INFO:tensorflow:Converted 2 variables to const ops.
I0204 23:35:42.948409 140417363757952 graph_util_impl.py:364] Converted 2 variables to const ops.
