/Library/Frameworks/Python.framework/Versions/3.7/lib/python3.7/site-packages/tensorflow/python/framework/dtypes.py:516: FutureWarning: Passing (type, 1) or '1type' as a synonym of type is deprecated; in a future version of numpy, it will be understood as (type, (1,)) / '(1,)type'.
  _np_qint8 = np.dtype([("qint8", np.int8, 1)])
/Library/Frameworks/Python.framework/Versions/3.7/lib/python3.7/site-packages/tensorflow/python/framework/dtypes.py:517: FutureWarning: Passing (type, 1) or '1type' as a synonym of type is deprecated; in a future version of numpy, it will be understood as (type, (1,)) / '(1,)type'.
  _np_quint8 = np.dtype([("quint8", np.uint8, 1)])
/Library/Frameworks/Python.framework/Versions/3.7/lib/python3.7/site-packages/tensorflow/python/framework/dtypes.py:518: FutureWarning: Passing (type, 1) or '1type' as a synonym of type is deprecated; in a future version of numpy, it will be understood as (type, (1,)) / '(1,)type'.
  _np_qint16 = np.dtype([("qint16", np.int16, 1)])
/Library/Frameworks/Python.framework/Versions/3.7/lib/python3.7/site-packages/tensorflow/python/framework/dtypes.py:519: FutureWarning: Passing (type, 1) or '1type' as a synonym of type is deprecated; in a future version of numpy, it will be understood as (type, (1,)) / '(1,)type'.
  _np_quint16 = np.dtype([("quint16", np.uint16, 1)])
/Library/Frameworks/Python.framework/Versions/3.7/lib/python3.7/site-packages/tensorflow/python/framework/dtypes.py:520: FutureWarning: Passing (type, 1) or '1type' as a synonym of type is deprecated; in a future version of numpy, it will be understood as (type, (1,)) / '(1,)type'.
  _np_qint32 = np.dtype([("qint32", np.int32, 1)])
/Library/Frameworks/Python.framework/Versions/3.7/lib/python3.7/site-packages/tensorflow/python/framework/dtypes.py:525: FutureWarning: Passing (type, 1) or '1type' as a synonym of type is deprecated; in a future version of numpy, it will be understood as (type, (1,)) / '(1,)type'.
  np_resource = np.dtype([("resource", np.ubyte, 1)])
/Library/Frameworks/Python.framework/Versions/3.7/lib/python3.7/site-packages/tensorboard/compat/tensorflow_stub/dtypes.py:541: FutureWarning: Passing (type, 1) or '1type' as a synonym of type is deprecated; in a future version of numpy, it will be understood as (type, (1,)) / '(1,)type'.
  _np_qint8 = np.dtype([("qint8", np.int8, 1)])
/Library/Frameworks/Python.framework/Versions/3.7/lib/python3.7/site-packages/tensorboard/compat/tensorflow_stub/dtypes.py:542: FutureWarning: Passing (type, 1) or '1type' as a synonym of type is deprecated; in a future version of numpy, it will be understood as (type, (1,)) / '(1,)type'.
  _np_quint8 = np.dtype([("quint8", np.uint8, 1)])
/Library/Frameworks/Python.framework/Versions/3.7/lib/python3.7/site-packages/tensorboard/compat/tensorflow_stub/dtypes.py:543: FutureWarning: Passing (type, 1) or '1type' as a synonym of type is deprecated; in a future version of numpy, it will be understood as (type, (1,)) / '(1,)type'.
  _np_qint16 = np.dtype([("qint16", np.int16, 1)])
/Library/Frameworks/Python.framework/Versions/3.7/lib/python3.7/site-packages/tensorboard/compat/tensorflow_stub/dtypes.py:544: FutureWarning: Passing (type, 1) or '1type' as a synonym of type is deprecated; in a future version of numpy, it will be understood as (type, (1,)) / '(1,)type'.
  _np_quint16 = np.dtype([("quint16", np.uint16, 1)])
/Library/Frameworks/Python.framework/Versions/3.7/lib/python3.7/site-packages/tensorboard/compat/tensorflow_stub/dtypes.py:545: FutureWarning: Passing (type, 1) or '1type' as a synonym of type is deprecated; in a future version of numpy, it will be understood as (type, (1,)) / '(1,)type'.
  _np_qint32 = np.dtype([("qint32", np.int32, 1)])
/Library/Frameworks/Python.framework/Versions/3.7/lib/python3.7/site-packages/tensorboard/compat/tensorflow_stub/dtypes.py:550: FutureWarning: Passing (type, 1) or '1type' as a synonym of type is deprecated; in a future version of numpy, it will be understood as (type, (1,)) / '(1,)type'.
  np_resource = np.dtype([("resource", np.ubyte, 1)])
WARNING:tensorflow:From /Users/dbusaba2/affinity_2D/tensorflow-for-poets-2/scripts/retrain.py:1326: The name tf.app.run is deprecated. Please use tf.compat.v1.app.run instead.

WARNING:tensorflow:From /Users/dbusaba2/affinity_2D/tensorflow-for-poets-2/scripts/retrain.py:970: The name tf.logging.set_verbosity is deprecated. Please use tf.compat.v1.logging.set_verbosity instead.

W1009 18:43:21.394357 4468049344 deprecation_wrapper.py:119] From /Users/dbusaba2/affinity_2D/tensorflow-for-poets-2/scripts/retrain.py:970: The name tf.logging.set_verbosity is deprecated. Please use tf.compat.v1.logging.set_verbosity instead.

WARNING:tensorflow:From /Users/dbusaba2/affinity_2D/tensorflow-for-poets-2/scripts/retrain.py:970: The name tf.logging.INFO is deprecated. Please use tf.compat.v1.logging.INFO instead.

W1009 18:43:21.394515 4468049344 deprecation_wrapper.py:119] From /Users/dbusaba2/affinity_2D/tensorflow-for-poets-2/scripts/retrain.py:970: The name tf.logging.INFO is deprecated. Please use tf.compat.v1.logging.INFO instead.

WARNING:tensorflow:From /Users/dbusaba2/affinity_2D/tensorflow-for-poets-2/scripts/retrain.py:835: The name tf.gfile.Exists is deprecated. Please use tf.io.gfile.exists instead.

W1009 18:43:21.394600 4468049344 deprecation_wrapper.py:119] From /Users/dbusaba2/affinity_2D/tensorflow-for-poets-2/scripts/retrain.py:835: The name tf.gfile.Exists is deprecated. Please use tf.io.gfile.exists instead.

WARNING:tensorflow:From /Users/dbusaba2/affinity_2D/tensorflow-for-poets-2/scripts/retrain.py:836: The name tf.gfile.DeleteRecursively is deprecated. Please use tf.io.gfile.rmtree instead.

W1009 18:43:21.394682 4468049344 deprecation_wrapper.py:119] From /Users/dbusaba2/affinity_2D/tensorflow-for-poets-2/scripts/retrain.py:836: The name tf.gfile.DeleteRecursively is deprecated. Please use tf.io.gfile.rmtree instead.

WARNING:tensorflow:From /Users/dbusaba2/affinity_2D/tensorflow-for-poets-2/scripts/retrain.py:837: The name tf.gfile.MakeDirs is deprecated. Please use tf.io.gfile.makedirs instead.

W1009 18:43:21.400611 4468049344 deprecation_wrapper.py:119] From /Users/dbusaba2/affinity_2D/tensorflow-for-poets-2/scripts/retrain.py:837: The name tf.gfile.MakeDirs is deprecated. Please use tf.io.gfile.makedirs instead.

WARNING:tensorflow:From /Users/dbusaba2/affinity_2D/tensorflow-for-poets-2/scripts/retrain.py:274: FastGFile.__init__ (from tensorflow.python.platform.gfile) is deprecated and will be removed in a future version.
Instructions for updating:
Use tf.gfile.GFile.
W1009 18:43:21.956873 4468049344 deprecation.py:323] From /Users/dbusaba2/affinity_2D/tensorflow-for-poets-2/scripts/retrain.py:274: FastGFile.__init__ (from tensorflow.python.platform.gfile) is deprecated and will be removed in a future version.
Instructions for updating:
Use tf.gfile.GFile.
WARNING:tensorflow:From /Users/dbusaba2/affinity_2D/tensorflow-for-poets-2/scripts/retrain.py:275: The name tf.GraphDef is deprecated. Please use tf.compat.v1.GraphDef instead.

W1009 18:43:21.957071 4468049344 deprecation_wrapper.py:119] From /Users/dbusaba2/affinity_2D/tensorflow-for-poets-2/scripts/retrain.py:275: The name tf.GraphDef is deprecated. Please use tf.compat.v1.GraphDef instead.

2019-10-09 18:43:22.218860: W tensorflow/core/framework/op_def_util.cc:357] Op BatchNormWithGlobalNormalization is deprecated. It will cease to work in GraphDef version 9. Use tf.nn.batch_normalization().
WARNING:tensorflow:From /Users/dbusaba2/affinity_2D/tensorflow-for-poets-2/scripts/retrain.py:156: The name tf.logging.info is deprecated. Please use tf.compat.v1.logging.info instead.

W1009 18:43:22.405178 4468049344 deprecation_wrapper.py:119] From /Users/dbusaba2/affinity_2D/tensorflow-for-poets-2/scripts/retrain.py:156: The name tf.logging.info is deprecated. Please use tf.compat.v1.logging.info instead.

INFO:tensorflow:Looking for images in 'Abnormal'
I1009 18:43:22.405339 4468049344 retrain.py:156] Looking for images in 'Abnormal'
INFO:tensorflow:Looking for images in 'Normal'
I1009 18:43:22.411103 4468049344 retrain.py:156] Looking for images in 'Normal'
WARNING:tensorflow:From /Users/dbusaba2/affinity_2D/tensorflow-for-poets-2/scripts/retrain.py:1004: The name tf.Session is deprecated. Please use tf.compat.v1.Session instead.

W1009 18:43:22.416578 4468049344 deprecation_wrapper.py:119] From /Users/dbusaba2/affinity_2D/tensorflow-for-poets-2/scripts/retrain.py:1004: The name tf.Session is deprecated. Please use tf.compat.v1.Session instead.

2019-10-09 18:43:22.416829: I tensorflow/core/platform/cpu_feature_guard.cc:142] Your CPU supports instructions that this TensorFlow binary was not compiled to use: AVX2 FMA
WARNING:tensorflow:From /Users/dbusaba2/affinity_2D/tensorflow-for-poets-2/scripts/retrain.py:954: The name tf.placeholder is deprecated. Please use tf.compat.v1.placeholder instead.

W1009 18:43:22.417157 4468049344 deprecation_wrapper.py:119] From /Users/dbusaba2/affinity_2D/tensorflow-for-poets-2/scripts/retrain.py:954: The name tf.placeholder is deprecated. Please use tf.compat.v1.placeholder instead.

WARNING:tensorflow:From /Users/dbusaba2/affinity_2D/tensorflow-for-poets-2/scripts/retrain.py:960: The name tf.image.resize_bilinear is deprecated. Please use tf.compat.v1.image.resize_bilinear instead.

W1009 18:43:22.419856 4468049344 deprecation_wrapper.py:119] From /Users/dbusaba2/affinity_2D/tensorflow-for-poets-2/scripts/retrain.py:960: The name tf.image.resize_bilinear is deprecated. Please use tf.compat.v1.image.resize_bilinear instead.

INFO:tensorflow:100 bottleneck files created.
I1009 18:43:22.468508 4468049344 retrain.py:481] 100 bottleneck files created.
INFO:tensorflow:200 bottleneck files created.
I1009 18:43:22.515632 4468049344 retrain.py:481] 200 bottleneck files created.
INFO:tensorflow:300 bottleneck files created.
I1009 18:43:22.561083 4468049344 retrain.py:481] 300 bottleneck files created.
WARNING:tensorflow:From /Users/dbusaba2/affinity_2D/tensorflow-for-poets-2/scripts/retrain.py:758: The name tf.placeholder_with_default is deprecated. Please use tf.compat.v1.placeholder_with_default instead.

W1009 18:43:22.572463 4468049344 deprecation_wrapper.py:119] From /Users/dbusaba2/affinity_2D/tensorflow-for-poets-2/scripts/retrain.py:758: The name tf.placeholder_with_default is deprecated. Please use tf.compat.v1.placeholder_with_default instead.

WARNING:tensorflow:From /Users/dbusaba2/affinity_2D/tensorflow-for-poets-2/scripts/retrain.py:772: The name tf.truncated_normal is deprecated. Please use tf.random.truncated_normal instead.

W1009 18:43:22.574252 4468049344 deprecation_wrapper.py:119] From /Users/dbusaba2/affinity_2D/tensorflow-for-poets-2/scripts/retrain.py:772: The name tf.truncated_normal is deprecated. Please use tf.random.truncated_normal instead.

WARNING:tensorflow:From /Users/dbusaba2/affinity_2D/tensorflow-for-poets-2/scripts/retrain.py:726: The name tf.summary.scalar is deprecated. Please use tf.compat.v1.summary.scalar instead.

W1009 18:43:22.580897 4468049344 deprecation_wrapper.py:119] From /Users/dbusaba2/affinity_2D/tensorflow-for-poets-2/scripts/retrain.py:726: The name tf.summary.scalar is deprecated. Please use tf.compat.v1.summary.scalar instead.

WARNING:tensorflow:From /Users/dbusaba2/affinity_2D/tensorflow-for-poets-2/scripts/retrain.py:732: The name tf.summary.histogram is deprecated. Please use tf.compat.v1.summary.histogram instead.

W1009 18:43:22.589798 4468049344 deprecation_wrapper.py:119] From /Users/dbusaba2/affinity_2D/tensorflow-for-poets-2/scripts/retrain.py:732: The name tf.summary.histogram is deprecated. Please use tf.compat.v1.summary.histogram instead.

WARNING:tensorflow:From /Users/dbusaba2/affinity_2D/tensorflow-for-poets-2/scripts/retrain.py:790: softmax_cross_entropy_with_logits (from tensorflow.python.ops.nn_ops) is deprecated and will be removed in a future version.
Instructions for updating:

Future major versions of TensorFlow will allow gradients to flow
into the labels input on backprop by default.

See `tf.nn.softmax_cross_entropy_with_logits_v2`.

W1009 18:43:22.606848 4468049344 deprecation.py:323] From /Users/dbusaba2/affinity_2D/tensorflow-for-poets-2/scripts/retrain.py:790: softmax_cross_entropy_with_logits (from tensorflow.python.ops.nn_ops) is deprecated and will be removed in a future version.
Instructions for updating:

Future major versions of TensorFlow will allow gradients to flow
into the labels input on backprop by default.

See `tf.nn.softmax_cross_entropy_with_logits_v2`.

WARNING:tensorflow:From /Users/dbusaba2/affinity_2D/tensorflow-for-poets-2/scripts/retrain.py:796: The name tf.train.GradientDescentOptimizer is deprecated. Please use tf.compat.v1.train.GradientDescentOptimizer instead.

W1009 18:43:22.620922 4468049344 deprecation_wrapper.py:119] From /Users/dbusaba2/affinity_2D/tensorflow-for-poets-2/scripts/retrain.py:796: The name tf.train.GradientDescentOptimizer is deprecated. Please use tf.compat.v1.train.GradientDescentOptimizer instead.

WARNING:tensorflow:From /Users/dbusaba2/affinity_2D/tensorflow-for-poets-2/scripts/retrain.py:1038: The name tf.summary.merge_all is deprecated. Please use tf.compat.v1.summary.merge_all instead.

W1009 18:43:22.651971 4468049344 deprecation_wrapper.py:119] From /Users/dbusaba2/affinity_2D/tensorflow-for-poets-2/scripts/retrain.py:1038: The name tf.summary.merge_all is deprecated. Please use tf.compat.v1.summary.merge_all instead.

WARNING:tensorflow:From /Users/dbusaba2/affinity_2D/tensorflow-for-poets-2/scripts/retrain.py:1039: The name tf.summary.FileWriter is deprecated. Please use tf.compat.v1.summary.FileWriter instead.

W1009 18:43:22.652781 4468049344 deprecation_wrapper.py:119] From /Users/dbusaba2/affinity_2D/tensorflow-for-poets-2/scripts/retrain.py:1039: The name tf.summary.FileWriter is deprecated. Please use tf.compat.v1.summary.FileWriter instead.

INFO:tensorflow:2019-10-09 18:43:29.190631: Step 0: Train accuracy = 55.0%
I1009 18:43:29.190690 4468049344 retrain.py:1082] 2019-10-09 18:43:29.190631: Step 0: Train accuracy = 55.0%
INFO:tensorflow:2019-10-09 18:43:29.190848: Step 0: Cross entropy = 0.673763
I1009 18:43:29.190859 4468049344 retrain.py:1084] 2019-10-09 18:43:29.190848: Step 0: Cross entropy = 0.673763
INFO:tensorflow:2019-10-09 18:43:31.647059: Step 0: Validation accuracy = 49.0% (N=100)
I1009 18:43:31.647105 4468049344 retrain.py:1100] 2019-10-09 18:43:31.647059: Step 0: Validation accuracy = 49.0% (N=100)
INFO:tensorflow:2019-10-09 18:43:32.190752: Step 10: Train accuracy = 63.0%
I1009 18:43:32.190808 4468049344 retrain.py:1082] 2019-10-09 18:43:32.190752: Step 10: Train accuracy = 63.0%
INFO:tensorflow:2019-10-09 18:43:32.190944: Step 10: Cross entropy = 0.650724
I1009 18:43:32.190954 4468049344 retrain.py:1084] 2019-10-09 18:43:32.190944: Step 10: Cross entropy = 0.650724
INFO:tensorflow:2019-10-09 18:43:32.246122: Step 10: Validation accuracy = 44.0% (N=100)
I1009 18:43:32.246168 4468049344 retrain.py:1100] 2019-10-09 18:43:32.246122: Step 10: Validation accuracy = 44.0% (N=100)
INFO:tensorflow:2019-10-09 18:43:32.784816: Step 20: Train accuracy = 59.0%
I1009 18:43:32.784859 4468049344 retrain.py:1082] 2019-10-09 18:43:32.784816: Step 20: Train accuracy = 59.0%
INFO:tensorflow:2019-10-09 18:43:32.784996: Step 20: Cross entropy = 0.614965
I1009 18:43:32.785022 4468049344 retrain.py:1084] 2019-10-09 18:43:32.784996: Step 20: Cross entropy = 0.614965
INFO:tensorflow:2019-10-09 18:43:32.839786: Step 20: Validation accuracy = 41.0% (N=100)
I1009 18:43:32.839867 4468049344 retrain.py:1100] 2019-10-09 18:43:32.839786: Step 20: Validation accuracy = 41.0% (N=100)
INFO:tensorflow:2019-10-09 18:43:33.385373: Step 30: Train accuracy = 70.0%
I1009 18:43:33.385428 4468049344 retrain.py:1082] 2019-10-09 18:43:33.385373: Step 30: Train accuracy = 70.0%
INFO:tensorflow:2019-10-09 18:43:33.385567: Step 30: Cross entropy = 0.575035
I1009 18:43:33.385579 4468049344 retrain.py:1084] 2019-10-09 18:43:33.385567: Step 30: Cross entropy = 0.575035
INFO:tensorflow:2019-10-09 18:43:33.440784: Step 30: Validation accuracy = 70.0% (N=100)
I1009 18:43:33.440830 4468049344 retrain.py:1100] 2019-10-09 18:43:33.440784: Step 30: Validation accuracy = 70.0% (N=100)
INFO:tensorflow:2019-10-09 18:43:33.979865: Step 40: Train accuracy = 74.0%
I1009 18:43:33.979921 4468049344 retrain.py:1082] 2019-10-09 18:43:33.979865: Step 40: Train accuracy = 74.0%
INFO:tensorflow:2019-10-09 18:43:33.980059: Step 40: Cross entropy = 0.581647
I1009 18:43:33.980069 4468049344 retrain.py:1084] 2019-10-09 18:43:33.980059: Step 40: Cross entropy = 0.581647
INFO:tensorflow:2019-10-09 18:43:34.034823: Step 40: Validation accuracy = 69.0% (N=100)
I1009 18:43:34.034869 4468049344 retrain.py:1100] 2019-10-09 18:43:34.034823: Step 40: Validation accuracy = 69.0% (N=100)
INFO:tensorflow:2019-10-09 18:43:34.572933: Step 50: Train accuracy = 73.0%
I1009 18:43:34.572988 4468049344 retrain.py:1082] 2019-10-09 18:43:34.572933: Step 50: Train accuracy = 73.0%
INFO:tensorflow:2019-10-09 18:43:34.573127: Step 50: Cross entropy = 0.559338
I1009 18:43:34.573138 4468049344 retrain.py:1084] 2019-10-09 18:43:34.573127: Step 50: Cross entropy = 0.559338
INFO:tensorflow:2019-10-09 18:43:34.627890: Step 50: Validation accuracy = 73.0% (N=100)
I1009 18:43:34.627938 4468049344 retrain.py:1100] 2019-10-09 18:43:34.627890: Step 50: Validation accuracy = 73.0% (N=100)
INFO:tensorflow:2019-10-09 18:43:35.166477: Step 60: Train accuracy = 74.0%
I1009 18:43:35.166533 4468049344 retrain.py:1082] 2019-10-09 18:43:35.166477: Step 60: Train accuracy = 74.0%
INFO:tensorflow:2019-10-09 18:43:35.166674: Step 60: Cross entropy = 0.549398
I1009 18:43:35.166683 4468049344 retrain.py:1084] 2019-10-09 18:43:35.166674: Step 60: Cross entropy = 0.549398
INFO:tensorflow:2019-10-09 18:43:35.221649: Step 60: Validation accuracy = 68.0% (N=100)
I1009 18:43:35.221697 4468049344 retrain.py:1100] 2019-10-09 18:43:35.221649: Step 60: Validation accuracy = 68.0% (N=100)
INFO:tensorflow:2019-10-09 18:43:35.760624: Step 70: Train accuracy = 73.0%
I1009 18:43:35.760680 4468049344 retrain.py:1082] 2019-10-09 18:43:35.760624: Step 70: Train accuracy = 73.0%
INFO:tensorflow:2019-10-09 18:43:35.760818: Step 70: Cross entropy = 0.558357
I1009 18:43:35.760829 4468049344 retrain.py:1084] 2019-10-09 18:43:35.760818: Step 70: Cross entropy = 0.558357
INFO:tensorflow:2019-10-09 18:43:35.816507: Step 70: Validation accuracy = 59.0% (N=100)
I1009 18:43:35.816555 4468049344 retrain.py:1100] 2019-10-09 18:43:35.816507: Step 70: Validation accuracy = 59.0% (N=100)
INFO:tensorflow:2019-10-09 18:43:36.354554: Step 80: Train accuracy = 74.0%
I1009 18:43:36.354610 4468049344 retrain.py:1082] 2019-10-09 18:43:36.354554: Step 80: Train accuracy = 74.0%
INFO:tensorflow:2019-10-09 18:43:36.354750: Step 80: Cross entropy = 0.518169
I1009 18:43:36.354759 4468049344 retrain.py:1084] 2019-10-09 18:43:36.354750: Step 80: Cross entropy = 0.518169
INFO:tensorflow:2019-10-09 18:43:36.409482: Step 80: Validation accuracy = 69.0% (N=100)
I1009 18:43:36.409528 4468049344 retrain.py:1100] 2019-10-09 18:43:36.409482: Step 80: Validation accuracy = 69.0% (N=100)
INFO:tensorflow:2019-10-09 18:43:36.950567: Step 90: Train accuracy = 75.0%
I1009 18:43:36.950612 4468049344 retrain.py:1082] 2019-10-09 18:43:36.950567: Step 90: Train accuracy = 75.0%
INFO:tensorflow:2019-10-09 18:43:36.950722: Step 90: Cross entropy = 0.527511
I1009 18:43:36.950734 4468049344 retrain.py:1084] 2019-10-09 18:43:36.950722: Step 90: Cross entropy = 0.527511
INFO:tensorflow:2019-10-09 18:43:37.005763: Step 90: Validation accuracy = 65.0% (N=100)
I1009 18:43:37.005810 4468049344 retrain.py:1100] 2019-10-09 18:43:37.005763: Step 90: Validation accuracy = 65.0% (N=100)
INFO:tensorflow:2019-10-09 18:43:37.545560: Step 100: Train accuracy = 81.0%
I1009 18:43:37.545603 4468049344 retrain.py:1082] 2019-10-09 18:43:37.545560: Step 100: Train accuracy = 81.0%
INFO:tensorflow:2019-10-09 18:43:37.545740: Step 100: Cross entropy = 0.496258
I1009 18:43:37.545751 4468049344 retrain.py:1084] 2019-10-09 18:43:37.545740: Step 100: Cross entropy = 0.496258
INFO:tensorflow:2019-10-09 18:43:37.600560: Step 100: Validation accuracy = 54.0% (N=100)
I1009 18:43:37.600608 4468049344 retrain.py:1100] 2019-10-09 18:43:37.600560: Step 100: Validation accuracy = 54.0% (N=100)
INFO:tensorflow:2019-10-09 18:43:38.144446: Step 110: Train accuracy = 81.0%
I1009 18:43:38.144503 4468049344 retrain.py:1082] 2019-10-09 18:43:38.144446: Step 110: Train accuracy = 81.0%
INFO:tensorflow:2019-10-09 18:43:38.144644: Step 110: Cross entropy = 0.502959
I1009 18:43:38.144654 4468049344 retrain.py:1084] 2019-10-09 18:43:38.144644: Step 110: Cross entropy = 0.502959
INFO:tensorflow:2019-10-09 18:43:38.199935: Step 110: Validation accuracy = 48.0% (N=100)
I1009 18:43:38.199982 4468049344 retrain.py:1100] 2019-10-09 18:43:38.199935: Step 110: Validation accuracy = 48.0% (N=100)
INFO:tensorflow:2019-10-09 18:43:38.740303: Step 120: Train accuracy = 78.0%
I1009 18:43:38.740348 4468049344 retrain.py:1082] 2019-10-09 18:43:38.740303: Step 120: Train accuracy = 78.0%
INFO:tensorflow:2019-10-09 18:43:38.740490: Step 120: Cross entropy = 0.521950
I1009 18:43:38.740499 4468049344 retrain.py:1084] 2019-10-09 18:43:38.740490: Step 120: Cross entropy = 0.521950
INFO:tensorflow:2019-10-09 18:43:38.796480: Step 120: Validation accuracy = 70.0% (N=100)
I1009 18:43:38.796535 4468049344 retrain.py:1100] 2019-10-09 18:43:38.796480: Step 120: Validation accuracy = 70.0% (N=100)
INFO:tensorflow:2019-10-09 18:43:39.337112: Step 130: Train accuracy = 81.0%
I1009 18:43:39.337158 4468049344 retrain.py:1082] 2019-10-09 18:43:39.337112: Step 130: Train accuracy = 81.0%
INFO:tensorflow:2019-10-09 18:43:39.337270: Step 130: Cross entropy = 0.503680
I1009 18:43:39.337280 4468049344 retrain.py:1084] 2019-10-09 18:43:39.337270: Step 130: Cross entropy = 0.503680
INFO:tensorflow:2019-10-09 18:43:39.392938: Step 130: Validation accuracy = 61.0% (N=100)
I1009 18:43:39.392986 4468049344 retrain.py:1100] 2019-10-09 18:43:39.392938: Step 130: Validation accuracy = 61.0% (N=100)
INFO:tensorflow:2019-10-09 18:43:39.932890: Step 140: Train accuracy = 78.0%
I1009 18:43:39.932935 4468049344 retrain.py:1082] 2019-10-09 18:43:39.932890: Step 140: Train accuracy = 78.0%
INFO:tensorflow:2019-10-09 18:43:39.933105: Step 140: Cross entropy = 0.474620
I1009 18:43:39.933115 4468049344 retrain.py:1084] 2019-10-09 18:43:39.933105: Step 140: Cross entropy = 0.474620
INFO:tensorflow:2019-10-09 18:43:39.988251: Step 140: Validation accuracy = 68.0% (N=100)
I1009 18:43:39.988297 4468049344 retrain.py:1100] 2019-10-09 18:43:39.988251: Step 140: Validation accuracy = 68.0% (N=100)
INFO:tensorflow:2019-10-09 18:43:40.527349: Step 150: Train accuracy = 89.0%
I1009 18:43:40.527405 4468049344 retrain.py:1082] 2019-10-09 18:43:40.527349: Step 150: Train accuracy = 89.0%
INFO:tensorflow:2019-10-09 18:43:40.527542: Step 150: Cross entropy = 0.396973
I1009 18:43:40.527554 4468049344 retrain.py:1084] 2019-10-09 18:43:40.527542: Step 150: Cross entropy = 0.396973
INFO:tensorflow:2019-10-09 18:43:40.583247: Step 150: Validation accuracy = 51.0% (N=100)
I1009 18:43:40.583292 4468049344 retrain.py:1100] 2019-10-09 18:43:40.583247: Step 150: Validation accuracy = 51.0% (N=100)
INFO:tensorflow:2019-10-09 18:43:41.122821: Step 160: Train accuracy = 91.0%
I1009 18:43:41.122877 4468049344 retrain.py:1082] 2019-10-09 18:43:41.122821: Step 160: Train accuracy = 91.0%
INFO:tensorflow:2019-10-09 18:43:41.123019: Step 160: Cross entropy = 0.389638
I1009 18:43:41.123029 4468049344 retrain.py:1084] 2019-10-09 18:43:41.123019: Step 160: Cross entropy = 0.389638
INFO:tensorflow:2019-10-09 18:43:41.178125: Step 160: Validation accuracy = 62.0% (N=100)
I1009 18:43:41.178171 4468049344 retrain.py:1100] 2019-10-09 18:43:41.178125: Step 160: Validation accuracy = 62.0% (N=100)
INFO:tensorflow:2019-10-09 18:43:41.718710: Step 170: Train accuracy = 77.0%
I1009 18:43:41.718765 4468049344 retrain.py:1082] 2019-10-09 18:43:41.718710: Step 170: Train accuracy = 77.0%
INFO:tensorflow:2019-10-09 18:43:41.718903: Step 170: Cross entropy = 0.494236
I1009 18:43:41.718914 4468049344 retrain.py:1084] 2019-10-09 18:43:41.718903: Step 170: Cross entropy = 0.494236
INFO:tensorflow:2019-10-09 18:43:41.773881: Step 170: Validation accuracy = 61.0% (N=100)
I1009 18:43:41.773930 4468049344 retrain.py:1100] 2019-10-09 18:43:41.773881: Step 170: Validation accuracy = 61.0% (N=100)
INFO:tensorflow:2019-10-09 18:43:42.314262: Step 180: Train accuracy = 84.0%
I1009 18:43:42.314319 4468049344 retrain.py:1082] 2019-10-09 18:43:42.314262: Step 180: Train accuracy = 84.0%
INFO:tensorflow:2019-10-09 18:43:42.314458: Step 180: Cross entropy = 0.448995
I1009 18:43:42.314469 4468049344 retrain.py:1084] 2019-10-09 18:43:42.314458: Step 180: Cross entropy = 0.448995
INFO:tensorflow:2019-10-09 18:43:42.370231: Step 180: Validation accuracy = 69.0% (N=100)
I1009 18:43:42.370277 4468049344 retrain.py:1100] 2019-10-09 18:43:42.370231: Step 180: Validation accuracy = 69.0% (N=100)
INFO:tensorflow:2019-10-09 18:43:42.922985: Step 190: Train accuracy = 85.0%
I1009 18:43:42.923042 4468049344 retrain.py:1082] 2019-10-09 18:43:42.922985: Step 190: Train accuracy = 85.0%
INFO:tensorflow:2019-10-09 18:43:42.923167: Step 190: Cross entropy = 0.465469
I1009 18:43:42.923178 4468049344 retrain.py:1084] 2019-10-09 18:43:42.923167: Step 190: Cross entropy = 0.465469
INFO:tensorflow:2019-10-09 18:43:42.978736: Step 190: Validation accuracy = 65.0% (N=100)
I1009 18:43:42.978782 4468049344 retrain.py:1100] 2019-10-09 18:43:42.978736: Step 190: Validation accuracy = 65.0% (N=100)
INFO:tensorflow:2019-10-09 18:43:43.519920: Step 200: Train accuracy = 86.0%
I1009 18:43:43.519990 4468049344 retrain.py:1082] 2019-10-09 18:43:43.519920: Step 200: Train accuracy = 86.0%
INFO:tensorflow:2019-10-09 18:43:43.520129: Step 200: Cross entropy = 0.424825
I1009 18:43:43.520141 4468049344 retrain.py:1084] 2019-10-09 18:43:43.520129: Step 200: Cross entropy = 0.424825
INFO:tensorflow:2019-10-09 18:43:43.575030: Step 200: Validation accuracy = 64.0% (N=100)
I1009 18:43:43.575077 4468049344 retrain.py:1100] 2019-10-09 18:43:43.575030: Step 200: Validation accuracy = 64.0% (N=100)
INFO:tensorflow:2019-10-09 18:43:44.115916: Step 210: Train accuracy = 85.0%
I1009 18:43:44.115971 4468049344 retrain.py:1082] 2019-10-09 18:43:44.115916: Step 210: Train accuracy = 85.0%
INFO:tensorflow:2019-10-09 18:43:44.116105: Step 210: Cross entropy = 0.459296
I1009 18:43:44.116114 4468049344 retrain.py:1084] 2019-10-09 18:43:44.116105: Step 210: Cross entropy = 0.459296
INFO:tensorflow:2019-10-09 18:43:44.170970: Step 210: Validation accuracy = 60.0% (N=100)
I1009 18:43:44.171016 4468049344 retrain.py:1100] 2019-10-09 18:43:44.170970: Step 210: Validation accuracy = 60.0% (N=100)
INFO:tensorflow:2019-10-09 18:43:44.711611: Step 220: Train accuracy = 87.0%
I1009 18:43:44.711667 4468049344 retrain.py:1082] 2019-10-09 18:43:44.711611: Step 220: Train accuracy = 87.0%
INFO:tensorflow:2019-10-09 18:43:44.711791: Step 220: Cross entropy = 0.387522
I1009 18:43:44.711802 4468049344 retrain.py:1084] 2019-10-09 18:43:44.711791: Step 220: Cross entropy = 0.387522
INFO:tensorflow:2019-10-09 18:43:44.766648: Step 220: Validation accuracy = 63.0% (N=100)
I1009 18:43:44.766695 4468049344 retrain.py:1100] 2019-10-09 18:43:44.766648: Step 220: Validation accuracy = 63.0% (N=100)
INFO:tensorflow:2019-10-09 18:43:45.307348: Step 230: Train accuracy = 81.0%
I1009 18:43:45.307393 4468049344 retrain.py:1082] 2019-10-09 18:43:45.307348: Step 230: Train accuracy = 81.0%
INFO:tensorflow:2019-10-09 18:43:45.307543: Step 230: Cross entropy = 0.454328
I1009 18:43:45.307554 4468049344 retrain.py:1084] 2019-10-09 18:43:45.307543: Step 230: Cross entropy = 0.454328
INFO:tensorflow:2019-10-09 18:43:45.362771: Step 230: Validation accuracy = 48.0% (N=100)
I1009 18:43:45.362827 4468049344 retrain.py:1100] 2019-10-09 18:43:45.362771: Step 230: Validation accuracy = 48.0% (N=100)
INFO:tensorflow:2019-10-09 18:43:45.905613: Step 240: Train accuracy = 81.0%
I1009 18:43:45.905669 4468049344 retrain.py:1082] 2019-10-09 18:43:45.905613: Step 240: Train accuracy = 81.0%
INFO:tensorflow:2019-10-09 18:43:45.905792: Step 240: Cross entropy = 0.474253
I1009 18:43:45.905802 4468049344 retrain.py:1084] 2019-10-09 18:43:45.905792: Step 240: Cross entropy = 0.474253
INFO:tensorflow:2019-10-09 18:43:45.960778: Step 240: Validation accuracy = 62.0% (N=100)
I1009 18:43:45.960824 4468049344 retrain.py:1100] 2019-10-09 18:43:45.960778: Step 240: Validation accuracy = 62.0% (N=100)
INFO:tensorflow:2019-10-09 18:43:46.501641: Step 250: Train accuracy = 87.0%
I1009 18:43:46.501697 4468049344 retrain.py:1082] 2019-10-09 18:43:46.501641: Step 250: Train accuracy = 87.0%
INFO:tensorflow:2019-10-09 18:43:46.501834: Step 250: Cross entropy = 0.388684
I1009 18:43:46.501843 4468049344 retrain.py:1084] 2019-10-09 18:43:46.501834: Step 250: Cross entropy = 0.388684
INFO:tensorflow:2019-10-09 18:43:46.557379: Step 250: Validation accuracy = 62.0% (N=100)
I1009 18:43:46.557430 4468049344 retrain.py:1100] 2019-10-09 18:43:46.557379: Step 250: Validation accuracy = 62.0% (N=100)
INFO:tensorflow:2019-10-09 18:43:47.097547: Step 260: Train accuracy = 90.0%
I1009 18:43:47.097603 4468049344 retrain.py:1082] 2019-10-09 18:43:47.097547: Step 260: Train accuracy = 90.0%
INFO:tensorflow:2019-10-09 18:43:47.097741: Step 260: Cross entropy = 0.402424
I1009 18:43:47.097754 4468049344 retrain.py:1084] 2019-10-09 18:43:47.097741: Step 260: Cross entropy = 0.402424
INFO:tensorflow:2019-10-09 18:43:47.152736: Step 260: Validation accuracy = 62.0% (N=100)
I1009 18:43:47.152781 4468049344 retrain.py:1100] 2019-10-09 18:43:47.152736: Step 260: Validation accuracy = 62.0% (N=100)
INFO:tensorflow:2019-10-09 18:43:47.693258: Step 270: Train accuracy = 88.0%
I1009 18:43:47.693314 4468049344 retrain.py:1082] 2019-10-09 18:43:47.693258: Step 270: Train accuracy = 88.0%
INFO:tensorflow:2019-10-09 18:43:47.693453: Step 270: Cross entropy = 0.403686
I1009 18:43:47.693463 4468049344 retrain.py:1084] 2019-10-09 18:43:47.693453: Step 270: Cross entropy = 0.403686
INFO:tensorflow:2019-10-09 18:43:47.748288: Step 270: Validation accuracy = 67.0% (N=100)
I1009 18:43:47.748335 4468049344 retrain.py:1100] 2019-10-09 18:43:47.748288: Step 270: Validation accuracy = 67.0% (N=100)
INFO:tensorflow:2019-10-09 18:43:48.294983: Step 280: Train accuracy = 81.0%
I1009 18:43:48.295038 4468049344 retrain.py:1082] 2019-10-09 18:43:48.294983: Step 280: Train accuracy = 81.0%
INFO:tensorflow:2019-10-09 18:43:48.295177: Step 280: Cross entropy = 0.412558
I1009 18:43:48.295187 4468049344 retrain.py:1084] 2019-10-09 18:43:48.295177: Step 280: Cross entropy = 0.412558
INFO:tensorflow:2019-10-09 18:43:48.350393: Step 280: Validation accuracy = 73.0% (N=100)
I1009 18:43:48.350440 4468049344 retrain.py:1100] 2019-10-09 18:43:48.350393: Step 280: Validation accuracy = 73.0% (N=100)
INFO:tensorflow:2019-10-09 18:43:48.890997: Step 290: Train accuracy = 84.0%
I1009 18:43:48.891040 4468049344 retrain.py:1082] 2019-10-09 18:43:48.890997: Step 290: Train accuracy = 84.0%
INFO:tensorflow:2019-10-09 18:43:48.891176: Step 290: Cross entropy = 0.431295
I1009 18:43:48.891186 4468049344 retrain.py:1084] 2019-10-09 18:43:48.891176: Step 290: Cross entropy = 0.431295
INFO:tensorflow:2019-10-09 18:43:48.946023: Step 290: Validation accuracy = 56.0% (N=100)
I1009 18:43:48.946069 4468049344 retrain.py:1100] 2019-10-09 18:43:48.946023: Step 290: Validation accuracy = 56.0% (N=100)
INFO:tensorflow:2019-10-09 18:43:49.487304: Step 300: Train accuracy = 88.0%
I1009 18:43:49.487360 4468049344 retrain.py:1082] 2019-10-09 18:43:49.487304: Step 300: Train accuracy = 88.0%
INFO:tensorflow:2019-10-09 18:43:49.487484: Step 300: Cross entropy = 0.401680
I1009 18:43:49.487493 4468049344 retrain.py:1084] 2019-10-09 18:43:49.487484: Step 300: Cross entropy = 0.401680
INFO:tensorflow:2019-10-09 18:43:49.542473: Step 300: Validation accuracy = 60.0% (N=100)
I1009 18:43:49.542520 4468049344 retrain.py:1100] 2019-10-09 18:43:49.542473: Step 300: Validation accuracy = 60.0% (N=100)
INFO:tensorflow:2019-10-09 18:43:50.083457: Step 310: Train accuracy = 91.0%
I1009 18:43:50.083513 4468049344 retrain.py:1082] 2019-10-09 18:43:50.083457: Step 310: Train accuracy = 91.0%
INFO:tensorflow:2019-10-09 18:43:50.083640: Step 310: Cross entropy = 0.332645
I1009 18:43:50.083653 4468049344 retrain.py:1084] 2019-10-09 18:43:50.083640: Step 310: Cross entropy = 0.332645
INFO:tensorflow:2019-10-09 18:43:50.138593: Step 310: Validation accuracy = 74.0% (N=100)
I1009 18:43:50.138639 4468049344 retrain.py:1100] 2019-10-09 18:43:50.138593: Step 310: Validation accuracy = 74.0% (N=100)
INFO:tensorflow:2019-10-09 18:43:50.678841: Step 320: Train accuracy = 85.0%
I1009 18:43:50.678884 4468049344 retrain.py:1082] 2019-10-09 18:43:50.678841: Step 320: Train accuracy = 85.0%
INFO:tensorflow:2019-10-09 18:43:50.679009: Step 320: Cross entropy = 0.432121
I1009 18:43:50.679040 4468049344 retrain.py:1084] 2019-10-09 18:43:50.679009: Step 320: Cross entropy = 0.432121
INFO:tensorflow:2019-10-09 18:43:50.733997: Step 320: Validation accuracy = 51.0% (N=100)
I1009 18:43:50.734045 4468049344 retrain.py:1100] 2019-10-09 18:43:50.733997: Step 320: Validation accuracy = 51.0% (N=100)
INFO:tensorflow:2019-10-09 18:43:51.274853: Step 330: Train accuracy = 88.0%
I1009 18:43:51.274921 4468049344 retrain.py:1082] 2019-10-09 18:43:51.274853: Step 330: Train accuracy = 88.0%
INFO:tensorflow:2019-10-09 18:43:51.275058: Step 330: Cross entropy = 0.361658
I1009 18:43:51.275070 4468049344 retrain.py:1084] 2019-10-09 18:43:51.275058: Step 330: Cross entropy = 0.361658
INFO:tensorflow:2019-10-09 18:43:51.330566: Step 330: Validation accuracy = 73.0% (N=100)
I1009 18:43:51.330615 4468049344 retrain.py:1100] 2019-10-09 18:43:51.330566: Step 330: Validation accuracy = 73.0% (N=100)
INFO:tensorflow:2019-10-09 18:43:51.872132: Step 340: Train accuracy = 92.0%
I1009 18:43:51.872182 4468049344 retrain.py:1082] 2019-10-09 18:43:51.872132: Step 340: Train accuracy = 92.0%
INFO:tensorflow:2019-10-09 18:43:51.872316: Step 340: Cross entropy = 0.334481
I1009 18:43:51.872328 4468049344 retrain.py:1084] 2019-10-09 18:43:51.872316: Step 340: Cross entropy = 0.334481
INFO:tensorflow:2019-10-09 18:43:51.927552: Step 340: Validation accuracy = 66.0% (N=100)
I1009 18:43:51.927600 4468049344 retrain.py:1100] 2019-10-09 18:43:51.927552: Step 340: Validation accuracy = 66.0% (N=100)
INFO:tensorflow:2019-10-09 18:43:52.468887: Step 350: Train accuracy = 90.0%
I1009 18:43:52.468930 4468049344 retrain.py:1082] 2019-10-09 18:43:52.468887: Step 350: Train accuracy = 90.0%
INFO:tensorflow:2019-10-09 18:43:52.469069: Step 350: Cross entropy = 0.357468
I1009 18:43:52.469081 4468049344 retrain.py:1084] 2019-10-09 18:43:52.469069: Step 350: Cross entropy = 0.357468
INFO:tensorflow:2019-10-09 18:43:52.524128: Step 350: Validation accuracy = 67.0% (N=100)
I1009 18:43:52.524176 4468049344 retrain.py:1100] 2019-10-09 18:43:52.524128: Step 350: Validation accuracy = 67.0% (N=100)
INFO:tensorflow:2019-10-09 18:43:53.071800: Step 360: Train accuracy = 89.0%
I1009 18:43:53.071844 4468049344 retrain.py:1082] 2019-10-09 18:43:53.071800: Step 360: Train accuracy = 89.0%
INFO:tensorflow:2019-10-09 18:43:53.071980: Step 360: Cross entropy = 0.381453
I1009 18:43:53.071990 4468049344 retrain.py:1084] 2019-10-09 18:43:53.071980: Step 360: Cross entropy = 0.381453
INFO:tensorflow:2019-10-09 18:43:53.127122: Step 360: Validation accuracy = 51.0% (N=100)
I1009 18:43:53.127171 4468049344 retrain.py:1100] 2019-10-09 18:43:53.127122: Step 360: Validation accuracy = 51.0% (N=100)
INFO:tensorflow:2019-10-09 18:43:53.668981: Step 370: Train accuracy = 92.0%
I1009 18:43:53.669024 4468049344 retrain.py:1082] 2019-10-09 18:43:53.668981: Step 370: Train accuracy = 92.0%
INFO:tensorflow:2019-10-09 18:43:53.669152: Step 370: Cross entropy = 0.327998
I1009 18:43:53.669162 4468049344 retrain.py:1084] 2019-10-09 18:43:53.669152: Step 370: Cross entropy = 0.327998
INFO:tensorflow:2019-10-09 18:43:53.724419: Step 370: Validation accuracy = 57.0% (N=100)
I1009 18:43:53.724465 4468049344 retrain.py:1100] 2019-10-09 18:43:53.724419: Step 370: Validation accuracy = 57.0% (N=100)
INFO:tensorflow:2019-10-09 18:43:54.265638: Step 380: Train accuracy = 90.0%
I1009 18:43:54.265681 4468049344 retrain.py:1082] 2019-10-09 18:43:54.265638: Step 380: Train accuracy = 90.0%
INFO:tensorflow:2019-10-09 18:43:54.265807: Step 380: Cross entropy = 0.344104
I1009 18:43:54.265840 4468049344 retrain.py:1084] 2019-10-09 18:43:54.265807: Step 380: Cross entropy = 0.344104
INFO:tensorflow:2019-10-09 18:43:54.322256: Step 380: Validation accuracy = 57.0% (N=100)
I1009 18:43:54.322303 4468049344 retrain.py:1100] 2019-10-09 18:43:54.322256: Step 380: Validation accuracy = 57.0% (N=100)
INFO:tensorflow:2019-10-09 18:43:54.863846: Step 390: Train accuracy = 87.0%
I1009 18:43:54.863889 4468049344 retrain.py:1082] 2019-10-09 18:43:54.863846: Step 390: Train accuracy = 87.0%
INFO:tensorflow:2019-10-09 18:43:54.864036: Step 390: Cross entropy = 0.413156
I1009 18:43:54.864047 4468049344 retrain.py:1084] 2019-10-09 18:43:54.864036: Step 390: Cross entropy = 0.413156
INFO:tensorflow:2019-10-09 18:43:54.918980: Step 390: Validation accuracy = 64.0% (N=100)
I1009 18:43:54.919028 4468049344 retrain.py:1100] 2019-10-09 18:43:54.918980: Step 390: Validation accuracy = 64.0% (N=100)
INFO:tensorflow:2019-10-09 18:43:55.461087: Step 400: Train accuracy = 91.0%
I1009 18:43:55.461143 4468049344 retrain.py:1082] 2019-10-09 18:43:55.461087: Step 400: Train accuracy = 91.0%
INFO:tensorflow:2019-10-09 18:43:55.461267: Step 400: Cross entropy = 0.333297
I1009 18:43:55.461299 4468049344 retrain.py:1084] 2019-10-09 18:43:55.461267: Step 400: Cross entropy = 0.333297
INFO:tensorflow:2019-10-09 18:43:55.516335: Step 400: Validation accuracy = 62.0% (N=100)
I1009 18:43:55.516381 4468049344 retrain.py:1100] 2019-10-09 18:43:55.516335: Step 400: Validation accuracy = 62.0% (N=100)
INFO:tensorflow:2019-10-09 18:43:56.058564: Step 410: Train accuracy = 84.0%
I1009 18:43:56.058620 4468049344 retrain.py:1082] 2019-10-09 18:43:56.058564: Step 410: Train accuracy = 84.0%
INFO:tensorflow:2019-10-09 18:43:56.058759: Step 410: Cross entropy = 0.423926
I1009 18:43:56.058768 4468049344 retrain.py:1084] 2019-10-09 18:43:56.058759: Step 410: Cross entropy = 0.423926
INFO:tensorflow:2019-10-09 18:43:56.113740: Step 410: Validation accuracy = 50.0% (N=100)
I1009 18:43:56.113786 4468049344 retrain.py:1100] 2019-10-09 18:43:56.113740: Step 410: Validation accuracy = 50.0% (N=100)
INFO:tensorflow:2019-10-09 18:43:56.656833: Step 420: Train accuracy = 92.0%
I1009 18:43:56.656876 4468049344 retrain.py:1082] 2019-10-09 18:43:56.656833: Step 420: Train accuracy = 92.0%
INFO:tensorflow:2019-10-09 18:43:56.657024: Step 420: Cross entropy = 0.325130
I1009 18:43:56.657036 4468049344 retrain.py:1084] 2019-10-09 18:43:56.657024: Step 420: Cross entropy = 0.325130
INFO:tensorflow:2019-10-09 18:43:56.712099: Step 420: Validation accuracy = 67.0% (N=100)
I1009 18:43:56.712144 4468049344 retrain.py:1100] 2019-10-09 18:43:56.712099: Step 420: Validation accuracy = 67.0% (N=100)
INFO:tensorflow:2019-10-09 18:43:57.253712: Step 430: Train accuracy = 92.0%
I1009 18:43:57.253754 4468049344 retrain.py:1082] 2019-10-09 18:43:57.253712: Step 430: Train accuracy = 92.0%
INFO:tensorflow:2019-10-09 18:43:57.253902: Step 430: Cross entropy = 0.342043
I1009 18:43:57.253913 4468049344 retrain.py:1084] 2019-10-09 18:43:57.253902: Step 430: Cross entropy = 0.342043
INFO:tensorflow:2019-10-09 18:43:57.309515: Step 430: Validation accuracy = 53.0% (N=100)
I1009 18:43:57.309562 4468049344 retrain.py:1100] 2019-10-09 18:43:57.309515: Step 430: Validation accuracy = 53.0% (N=100)
INFO:tensorflow:2019-10-09 18:43:57.853700: Step 440: Train accuracy = 84.0%
I1009 18:43:57.853744 4468049344 retrain.py:1082] 2019-10-09 18:43:57.853700: Step 440: Train accuracy = 84.0%
INFO:tensorflow:2019-10-09 18:43:57.853868: Step 440: Cross entropy = 0.406684
I1009 18:43:57.853882 4468049344 retrain.py:1084] 2019-10-09 18:43:57.853868: Step 440: Cross entropy = 0.406684
INFO:tensorflow:2019-10-09 18:43:57.910995: Step 440: Validation accuracy = 47.0% (N=100)
I1009 18:43:57.911043 4468049344 retrain.py:1100] 2019-10-09 18:43:57.910995: Step 440: Validation accuracy = 47.0% (N=100)
INFO:tensorflow:2019-10-09 18:43:58.452975: Step 450: Train accuracy = 95.0%
I1009 18:43:58.453029 4468049344 retrain.py:1082] 2019-10-09 18:43:58.452975: Step 450: Train accuracy = 95.0%
INFO:tensorflow:2019-10-09 18:43:58.453154: Step 450: Cross entropy = 0.281679
I1009 18:43:58.453165 4468049344 retrain.py:1084] 2019-10-09 18:43:58.453154: Step 450: Cross entropy = 0.281679
INFO:tensorflow:2019-10-09 18:43:58.508180: Step 450: Validation accuracy = 54.0% (N=100)
I1009 18:43:58.508228 4468049344 retrain.py:1100] 2019-10-09 18:43:58.508180: Step 450: Validation accuracy = 54.0% (N=100)
INFO:tensorflow:2019-10-09 18:43:59.049933: Step 460: Train accuracy = 89.0%
I1009 18:43:59.050003 4468049344 retrain.py:1082] 2019-10-09 18:43:59.049933: Step 460: Train accuracy = 89.0%
INFO:tensorflow:2019-10-09 18:43:59.050130: Step 460: Cross entropy = 0.356039
I1009 18:43:59.050139 4468049344 retrain.py:1084] 2019-10-09 18:43:59.050130: Step 460: Cross entropy = 0.356039
INFO:tensorflow:2019-10-09 18:43:59.105175: Step 460: Validation accuracy = 44.0% (N=100)
I1009 18:43:59.105221 4468049344 retrain.py:1100] 2019-10-09 18:43:59.105175: Step 460: Validation accuracy = 44.0% (N=100)
INFO:tensorflow:2019-10-09 18:43:59.647010: Step 470: Train accuracy = 88.0%
I1009 18:43:59.647077 4468049344 retrain.py:1082] 2019-10-09 18:43:59.647010: Step 470: Train accuracy = 88.0%
INFO:tensorflow:2019-10-09 18:43:59.647268: Step 470: Cross entropy = 0.323184
I1009 18:43:59.647284 4468049344 retrain.py:1084] 2019-10-09 18:43:59.647268: Step 470: Cross entropy = 0.323184
INFO:tensorflow:2019-10-09 18:43:59.702299: Step 470: Validation accuracy = 68.0% (N=100)
I1009 18:43:59.702347 4468049344 retrain.py:1100] 2019-10-09 18:43:59.702299: Step 470: Validation accuracy = 68.0% (N=100)
INFO:tensorflow:2019-10-09 18:44:00.243464: Step 480: Train accuracy = 91.0%
I1009 18:44:00.243520 4468049344 retrain.py:1082] 2019-10-09 18:44:00.243464: Step 480: Train accuracy = 91.0%
INFO:tensorflow:2019-10-09 18:44:00.243658: Step 480: Cross entropy = 0.330665
I1009 18:44:00.243669 4468049344 retrain.py:1084] 2019-10-09 18:44:00.243658: Step 480: Cross entropy = 0.330665
INFO:tensorflow:2019-10-09 18:44:00.299364: Step 480: Validation accuracy = 59.0% (N=100)
I1009 18:44:00.299412 4468049344 retrain.py:1100] 2019-10-09 18:44:00.299364: Step 480: Validation accuracy = 59.0% (N=100)
INFO:tensorflow:2019-10-09 18:44:00.842072: Step 490: Train accuracy = 93.0%
I1009 18:44:00.842129 4468049344 retrain.py:1082] 2019-10-09 18:44:00.842072: Step 490: Train accuracy = 93.0%
INFO:tensorflow:2019-10-09 18:44:00.842272: Step 490: Cross entropy = 0.311916
I1009 18:44:00.842282 4468049344 retrain.py:1084] 2019-10-09 18:44:00.842272: Step 490: Cross entropy = 0.311916
INFO:tensorflow:2019-10-09 18:44:00.897625: Step 490: Validation accuracy = 59.0% (N=100)
I1009 18:44:00.897675 4468049344 retrain.py:1100] 2019-10-09 18:44:00.897625: Step 490: Validation accuracy = 59.0% (N=100)
INFO:tensorflow:2019-10-09 18:44:01.438960: Step 500: Train accuracy = 92.0%
I1009 18:44:01.439017 4468049344 retrain.py:1082] 2019-10-09 18:44:01.438960: Step 500: Train accuracy = 92.0%
INFO:tensorflow:2019-10-09 18:44:01.439141: Step 500: Cross entropy = 0.296083
I1009 18:44:01.439172 4468049344 retrain.py:1084] 2019-10-09 18:44:01.439141: Step 500: Cross entropy = 0.296083
INFO:tensorflow:2019-10-09 18:44:01.494333: Step 500: Validation accuracy = 62.0% (N=100)
I1009 18:44:01.494380 4468049344 retrain.py:1100] 2019-10-09 18:44:01.494333: Step 500: Validation accuracy = 62.0% (N=100)
INFO:tensorflow:2019-10-09 18:44:02.036450: Step 510: Train accuracy = 92.0%
I1009 18:44:02.036506 4468049344 retrain.py:1082] 2019-10-09 18:44:02.036450: Step 510: Train accuracy = 92.0%
INFO:tensorflow:2019-10-09 18:44:02.036642: Step 510: Cross entropy = 0.315183
I1009 18:44:02.036652 4468049344 retrain.py:1084] 2019-10-09 18:44:02.036642: Step 510: Cross entropy = 0.315183
INFO:tensorflow:2019-10-09 18:44:02.091597: Step 510: Validation accuracy = 54.0% (N=100)
I1009 18:44:02.091643 4468049344 retrain.py:1100] 2019-10-09 18:44:02.091597: Step 510: Validation accuracy = 54.0% (N=100)
INFO:tensorflow:2019-10-09 18:44:02.633083: Step 520: Train accuracy = 91.0%
I1009 18:44:02.633137 4468049344 retrain.py:1082] 2019-10-09 18:44:02.633083: Step 520: Train accuracy = 91.0%
INFO:tensorflow:2019-10-09 18:44:02.633285: Step 520: Cross entropy = 0.340741
I1009 18:44:02.633295 4468049344 retrain.py:1084] 2019-10-09 18:44:02.633285: Step 520: Cross entropy = 0.340741
INFO:tensorflow:2019-10-09 18:44:02.688316: Step 520: Validation accuracy = 63.0% (N=100)
I1009 18:44:02.688364 4468049344 retrain.py:1100] 2019-10-09 18:44:02.688316: Step 520: Validation accuracy = 63.0% (N=100)
INFO:tensorflow:2019-10-09 18:44:03.233827: Step 530: Train accuracy = 89.0%
I1009 18:44:03.233871 4468049344 retrain.py:1082] 2019-10-09 18:44:03.233827: Step 530: Train accuracy = 89.0%
INFO:tensorflow:2019-10-09 18:44:03.233997: Step 530: Cross entropy = 0.330964
I1009 18:44:03.234026 4468049344 retrain.py:1084] 2019-10-09 18:44:03.233997: Step 530: Cross entropy = 0.330964
INFO:tensorflow:2019-10-09 18:44:03.289576: Step 530: Validation accuracy = 64.0% (N=100)
I1009 18:44:03.289623 4468049344 retrain.py:1100] 2019-10-09 18:44:03.289576: Step 530: Validation accuracy = 64.0% (N=100)
INFO:tensorflow:2019-10-09 18:44:03.830973: Step 540: Train accuracy = 92.0%
I1009 18:44:03.831020 4468049344 retrain.py:1082] 2019-10-09 18:44:03.830973: Step 540: Train accuracy = 92.0%
INFO:tensorflow:2019-10-09 18:44:03.831160: Step 540: Cross entropy = 0.284212
I1009 18:44:03.831171 4468049344 retrain.py:1084] 2019-10-09 18:44:03.831160: Step 540: Cross entropy = 0.284212
INFO:tensorflow:2019-10-09 18:44:03.886230: Step 540: Validation accuracy = 63.0% (N=100)
I1009 18:44:03.886274 4468049344 retrain.py:1100] 2019-10-09 18:44:03.886230: Step 540: Validation accuracy = 63.0% (N=100)
INFO:tensorflow:2019-10-09 18:44:04.428137: Step 550: Train accuracy = 86.0%
I1009 18:44:04.428182 4468049344 retrain.py:1082] 2019-10-09 18:44:04.428137: Step 550: Train accuracy = 86.0%
INFO:tensorflow:2019-10-09 18:44:04.428306: Step 550: Cross entropy = 0.352590
I1009 18:44:04.428315 4468049344 retrain.py:1084] 2019-10-09 18:44:04.428306: Step 550: Cross entropy = 0.352590
INFO:tensorflow:2019-10-09 18:44:04.483770: Step 550: Validation accuracy = 52.0% (N=100)
I1009 18:44:04.483819 4468049344 retrain.py:1100] 2019-10-09 18:44:04.483770: Step 550: Validation accuracy = 52.0% (N=100)
INFO:tensorflow:2019-10-09 18:44:05.024053: Step 560: Train accuracy = 88.0%
I1009 18:44:05.024109 4468049344 retrain.py:1082] 2019-10-09 18:44:05.024053: Step 560: Train accuracy = 88.0%
INFO:tensorflow:2019-10-09 18:44:05.024233: Step 560: Cross entropy = 0.313204
I1009 18:44:05.024266 4468049344 retrain.py:1084] 2019-10-09 18:44:05.024233: Step 560: Cross entropy = 0.313204
INFO:tensorflow:2019-10-09 18:44:05.079318: Step 560: Validation accuracy = 62.0% (N=100)
I1009 18:44:05.079364 4468049344 retrain.py:1100] 2019-10-09 18:44:05.079318: Step 560: Validation accuracy = 62.0% (N=100)
INFO:tensorflow:2019-10-09 18:44:05.622123: Step 570: Train accuracy = 88.0%
I1009 18:44:05.622167 4468049344 retrain.py:1082] 2019-10-09 18:44:05.622123: Step 570: Train accuracy = 88.0%
INFO:tensorflow:2019-10-09 18:44:05.622304: Step 570: Cross entropy = 0.334894
I1009 18:44:05.622314 4468049344 retrain.py:1084] 2019-10-09 18:44:05.622304: Step 570: Cross entropy = 0.334894
INFO:tensorflow:2019-10-09 18:44:05.677661: Step 570: Validation accuracy = 51.0% (N=100)
I1009 18:44:05.677709 4468049344 retrain.py:1100] 2019-10-09 18:44:05.677661: Step 570: Validation accuracy = 51.0% (N=100)
INFO:tensorflow:2019-10-09 18:44:06.222355: Step 580: Train accuracy = 96.0%
I1009 18:44:06.222398 4468049344 retrain.py:1082] 2019-10-09 18:44:06.222355: Step 580: Train accuracy = 96.0%
INFO:tensorflow:2019-10-09 18:44:06.222515: Step 580: Cross entropy = 0.287602
I1009 18:44:06.222527 4468049344 retrain.py:1084] 2019-10-09 18:44:06.222515: Step 580: Cross entropy = 0.287602
INFO:tensorflow:2019-10-09 18:44:06.279506: Step 580: Validation accuracy = 55.0% (N=100)
I1009 18:44:06.279554 4468049344 retrain.py:1100] 2019-10-09 18:44:06.279506: Step 580: Validation accuracy = 55.0% (N=100)
INFO:tensorflow:2019-10-09 18:44:06.822321: Step 590: Train accuracy = 93.0%
I1009 18:44:06.822377 4468049344 retrain.py:1082] 2019-10-09 18:44:06.822321: Step 590: Train accuracy = 93.0%
INFO:tensorflow:2019-10-09 18:44:06.822514: Step 590: Cross entropy = 0.305878
I1009 18:44:06.822525 4468049344 retrain.py:1084] 2019-10-09 18:44:06.822514: Step 590: Cross entropy = 0.305878
INFO:tensorflow:2019-10-09 18:44:06.877486: Step 590: Validation accuracy = 52.0% (N=100)
I1009 18:44:06.877532 4468049344 retrain.py:1100] 2019-10-09 18:44:06.877486: Step 590: Validation accuracy = 52.0% (N=100)
INFO:tensorflow:2019-10-09 18:44:07.420380: Step 600: Train accuracy = 94.0%
I1009 18:44:07.420438 4468049344 retrain.py:1082] 2019-10-09 18:44:07.420380: Step 600: Train accuracy = 94.0%
INFO:tensorflow:2019-10-09 18:44:07.420579: Step 600: Cross entropy = 0.295055
I1009 18:44:07.420590 4468049344 retrain.py:1084] 2019-10-09 18:44:07.420579: Step 600: Cross entropy = 0.295055
INFO:tensorflow:2019-10-09 18:44:07.475565: Step 600: Validation accuracy = 71.0% (N=100)
I1009 18:44:07.475611 4468049344 retrain.py:1100] 2019-10-09 18:44:07.475565: Step 600: Validation accuracy = 71.0% (N=100)
INFO:tensorflow:2019-10-09 18:44:08.017344: Step 610: Train accuracy = 95.0%
I1009 18:44:08.017399 4468049344 retrain.py:1082] 2019-10-09 18:44:08.017344: Step 610: Train accuracy = 95.0%
INFO:tensorflow:2019-10-09 18:44:08.017536: Step 610: Cross entropy = 0.278153
I1009 18:44:08.017548 4468049344 retrain.py:1084] 2019-10-09 18:44:08.017536: Step 610: Cross entropy = 0.278153
INFO:tensorflow:2019-10-09 18:44:08.072457: Step 610: Validation accuracy = 60.0% (N=100)
I1009 18:44:08.072504 4468049344 retrain.py:1100] 2019-10-09 18:44:08.072457: Step 610: Validation accuracy = 60.0% (N=100)
INFO:tensorflow:2019-10-09 18:44:08.614721: Step 620: Train accuracy = 93.0%
I1009 18:44:08.614777 4468049344 retrain.py:1082] 2019-10-09 18:44:08.614721: Step 620: Train accuracy = 93.0%
INFO:tensorflow:2019-10-09 18:44:08.614913: Step 620: Cross entropy = 0.291691
I1009 18:44:08.614923 4468049344 retrain.py:1084] 2019-10-09 18:44:08.614913: Step 620: Cross entropy = 0.291691
INFO:tensorflow:2019-10-09 18:44:08.669652: Step 620: Validation accuracy = 60.0% (N=100)
I1009 18:44:08.669697 4468049344 retrain.py:1100] 2019-10-09 18:44:08.669652: Step 620: Validation accuracy = 60.0% (N=100)
INFO:tensorflow:2019-10-09 18:44:09.212083: Step 630: Train accuracy = 88.0%
I1009 18:44:09.212138 4468049344 retrain.py:1082] 2019-10-09 18:44:09.212083: Step 630: Train accuracy = 88.0%
INFO:tensorflow:2019-10-09 18:44:09.212263: Step 630: Cross entropy = 0.339227
I1009 18:44:09.212272 4468049344 retrain.py:1084] 2019-10-09 18:44:09.212263: Step 630: Cross entropy = 0.339227
INFO:tensorflow:2019-10-09 18:44:09.267530: Step 630: Validation accuracy = 69.0% (N=100)
I1009 18:44:09.267582 4468049344 retrain.py:1100] 2019-10-09 18:44:09.267530: Step 630: Validation accuracy = 69.0% (N=100)
INFO:tensorflow:2019-10-09 18:44:09.810162: Step 640: Train accuracy = 87.0%
I1009 18:44:09.810220 4468049344 retrain.py:1082] 2019-10-09 18:44:09.810162: Step 640: Train accuracy = 87.0%
INFO:tensorflow:2019-10-09 18:44:09.810349: Step 640: Cross entropy = 0.331534
I1009 18:44:09.810362 4468049344 retrain.py:1084] 2019-10-09 18:44:09.810349: Step 640: Cross entropy = 0.331534
INFO:tensorflow:2019-10-09 18:44:09.865753: Step 640: Validation accuracy = 60.0% (N=100)
I1009 18:44:09.865800 4468049344 retrain.py:1100] 2019-10-09 18:44:09.865753: Step 640: Validation accuracy = 60.0% (N=100)
INFO:tensorflow:2019-10-09 18:44:10.407014: Step 650: Train accuracy = 91.0%
I1009 18:44:10.407070 4468049344 retrain.py:1082] 2019-10-09 18:44:10.407014: Step 650: Train accuracy = 91.0%
INFO:tensorflow:2019-10-09 18:44:10.407195: Step 650: Cross entropy = 0.294739
I1009 18:44:10.407226 4468049344 retrain.py:1084] 2019-10-09 18:44:10.407195: Step 650: Cross entropy = 0.294739
INFO:tensorflow:2019-10-09 18:44:10.462356: Step 650: Validation accuracy = 57.0% (N=100)
I1009 18:44:10.462405 4468049344 retrain.py:1100] 2019-10-09 18:44:10.462356: Step 650: Validation accuracy = 57.0% (N=100)
INFO:tensorflow:2019-10-09 18:44:11.004331: Step 660: Train accuracy = 92.0%
I1009 18:44:11.004387 4468049344 retrain.py:1082] 2019-10-09 18:44:11.004331: Step 660: Train accuracy = 92.0%
INFO:tensorflow:2019-10-09 18:44:11.004523: Step 660: Cross entropy = 0.297111
I1009 18:44:11.004534 4468049344 retrain.py:1084] 2019-10-09 18:44:11.004523: Step 660: Cross entropy = 0.297111
INFO:tensorflow:2019-10-09 18:44:11.059599: Step 660: Validation accuracy = 62.0% (N=100)
I1009 18:44:11.059644 4468049344 retrain.py:1100] 2019-10-09 18:44:11.059599: Step 660: Validation accuracy = 62.0% (N=100)
INFO:tensorflow:2019-10-09 18:44:11.602403: Step 670: Train accuracy = 93.0%
I1009 18:44:11.602458 4468049344 retrain.py:1082] 2019-10-09 18:44:11.602403: Step 670: Train accuracy = 93.0%
INFO:tensorflow:2019-10-09 18:44:11.602586: Step 670: Cross entropy = 0.286285
I1009 18:44:11.602597 4468049344 retrain.py:1084] 2019-10-09 18:44:11.602586: Step 670: Cross entropy = 0.286285
INFO:tensorflow:2019-10-09 18:44:11.657742: Step 670: Validation accuracy = 70.0% (N=100)
I1009 18:44:11.657790 4468049344 retrain.py:1100] 2019-10-09 18:44:11.657742: Step 670: Validation accuracy = 70.0% (N=100)
INFO:tensorflow:2019-10-09 18:44:12.199446: Step 680: Train accuracy = 96.0%
I1009 18:44:12.199501 4468049344 retrain.py:1082] 2019-10-09 18:44:12.199446: Step 680: Train accuracy = 96.0%
INFO:tensorflow:2019-10-09 18:44:12.199627: Step 680: Cross entropy = 0.258210
I1009 18:44:12.199639 4468049344 retrain.py:1084] 2019-10-09 18:44:12.199627: Step 680: Cross entropy = 0.258210
INFO:tensorflow:2019-10-09 18:44:12.254816: Step 680: Validation accuracy = 70.0% (N=100)
I1009 18:44:12.254862 4468049344 retrain.py:1100] 2019-10-09 18:44:12.254816: Step 680: Validation accuracy = 70.0% (N=100)
INFO:tensorflow:2019-10-09 18:44:12.816771: Step 690: Train accuracy = 98.0%
I1009 18:44:12.816828 4468049344 retrain.py:1082] 2019-10-09 18:44:12.816771: Step 690: Train accuracy = 98.0%
INFO:tensorflow:2019-10-09 18:44:12.816985: Step 690: Cross entropy = 0.221572
I1009 18:44:12.816997 4468049344 retrain.py:1084] 2019-10-09 18:44:12.816985: Step 690: Cross entropy = 0.221572
INFO:tensorflow:2019-10-09 18:44:12.872342: Step 690: Validation accuracy = 77.0% (N=100)
I1009 18:44:12.872389 4468049344 retrain.py:1100] 2019-10-09 18:44:12.872342: Step 690: Validation accuracy = 77.0% (N=100)
INFO:tensorflow:2019-10-09 18:44:13.415007: Step 700: Train accuracy = 91.0%
I1009 18:44:13.415050 4468049344 retrain.py:1082] 2019-10-09 18:44:13.415007: Step 700: Train accuracy = 91.0%
INFO:tensorflow:2019-10-09 18:44:13.415186: Step 700: Cross entropy = 0.315710
I1009 18:44:13.415196 4468049344 retrain.py:1084] 2019-10-09 18:44:13.415186: Step 700: Cross entropy = 0.315710
INFO:tensorflow:2019-10-09 18:44:13.470386: Step 700: Validation accuracy = 55.0% (N=100)
I1009 18:44:13.470433 4468049344 retrain.py:1100] 2019-10-09 18:44:13.470386: Step 700: Validation accuracy = 55.0% (N=100)
INFO:tensorflow:2019-10-09 18:44:14.021131: Step 710: Train accuracy = 89.0%
I1009 18:44:14.021188 4468049344 retrain.py:1082] 2019-10-09 18:44:14.021131: Step 710: Train accuracy = 89.0%
INFO:tensorflow:2019-10-09 18:44:14.021324: Step 710: Cross entropy = 0.308888
I1009 18:44:14.021332 4468049344 retrain.py:1084] 2019-10-09 18:44:14.021324: Step 710: Cross entropy = 0.308888
INFO:tensorflow:2019-10-09 18:44:14.076765: Step 710: Validation accuracy = 55.0% (N=100)
I1009 18:44:14.076812 4468049344 retrain.py:1100] 2019-10-09 18:44:14.076765: Step 710: Validation accuracy = 55.0% (N=100)
INFO:tensorflow:2019-10-09 18:44:14.618845: Step 720: Train accuracy = 93.0%
I1009 18:44:14.618888 4468049344 retrain.py:1082] 2019-10-09 18:44:14.618845: Step 720: Train accuracy = 93.0%
INFO:tensorflow:2019-10-09 18:44:14.619024: Step 720: Cross entropy = 0.297598
I1009 18:44:14.619034 4468049344 retrain.py:1084] 2019-10-09 18:44:14.619024: Step 720: Cross entropy = 0.297598
INFO:tensorflow:2019-10-09 18:44:14.674084: Step 720: Validation accuracy = 46.0% (N=100)
I1009 18:44:14.674130 4468049344 retrain.py:1100] 2019-10-09 18:44:14.674084: Step 720: Validation accuracy = 46.0% (N=100)
INFO:tensorflow:2019-10-09 18:44:15.217577: Step 730: Train accuracy = 99.0%
I1009 18:44:15.217633 4468049344 retrain.py:1082] 2019-10-09 18:44:15.217577: Step 730: Train accuracy = 99.0%
INFO:tensorflow:2019-10-09 18:44:15.217788: Step 730: Cross entropy = 0.223900
I1009 18:44:15.217798 4468049344 retrain.py:1084] 2019-10-09 18:44:15.217788: Step 730: Cross entropy = 0.223900
INFO:tensorflow:2019-10-09 18:44:15.272822: Step 730: Validation accuracy = 65.0% (N=100)
I1009 18:44:15.272868 4468049344 retrain.py:1100] 2019-10-09 18:44:15.272822: Step 730: Validation accuracy = 65.0% (N=100)
INFO:tensorflow:2019-10-09 18:44:15.815910: Step 740: Train accuracy = 91.0%
I1009 18:44:15.815965 4468049344 retrain.py:1082] 2019-10-09 18:44:15.815910: Step 740: Train accuracy = 91.0%
INFO:tensorflow:2019-10-09 18:44:15.816104: Step 740: Cross entropy = 0.296574
I1009 18:44:15.816115 4468049344 retrain.py:1084] 2019-10-09 18:44:15.816104: Step 740: Cross entropy = 0.296574
INFO:tensorflow:2019-10-09 18:44:15.871186: Step 740: Validation accuracy = 56.0% (N=100)
I1009 18:44:15.871235 4468049344 retrain.py:1100] 2019-10-09 18:44:15.871186: Step 740: Validation accuracy = 56.0% (N=100)
INFO:tensorflow:2019-10-09 18:44:16.412933: Step 750: Train accuracy = 95.0%
I1009 18:44:16.412987 4468049344 retrain.py:1082] 2019-10-09 18:44:16.412933: Step 750: Train accuracy = 95.0%
INFO:tensorflow:2019-10-09 18:44:16.413125: Step 750: Cross entropy = 0.251838
I1009 18:44:16.413135 4468049344 retrain.py:1084] 2019-10-09 18:44:16.413125: Step 750: Cross entropy = 0.251838
INFO:tensorflow:2019-10-09 18:44:16.468366: Step 750: Validation accuracy = 69.0% (N=100)
I1009 18:44:16.468414 4468049344 retrain.py:1100] 2019-10-09 18:44:16.468366: Step 750: Validation accuracy = 69.0% (N=100)
INFO:tensorflow:2019-10-09 18:44:17.011685: Step 760: Train accuracy = 96.0%
I1009 18:44:17.011740 4468049344 retrain.py:1082] 2019-10-09 18:44:17.011685: Step 760: Train accuracy = 96.0%
INFO:tensorflow:2019-10-09 18:44:17.011880: Step 760: Cross entropy = 0.255524
I1009 18:44:17.011892 4468049344 retrain.py:1084] 2019-10-09 18:44:17.011880: Step 760: Cross entropy = 0.255524
INFO:tensorflow:2019-10-09 18:44:17.066972: Step 760: Validation accuracy = 55.0% (N=100)
I1009 18:44:17.067018 4468049344 retrain.py:1100] 2019-10-09 18:44:17.066972: Step 760: Validation accuracy = 55.0% (N=100)
INFO:tensorflow:2019-10-09 18:44:17.615767: Step 770: Train accuracy = 92.0%
I1009 18:44:17.615823 4468049344 retrain.py:1082] 2019-10-09 18:44:17.615767: Step 770: Train accuracy = 92.0%
INFO:tensorflow:2019-10-09 18:44:17.615971: Step 770: Cross entropy = 0.302158
I1009 18:44:17.615982 4468049344 retrain.py:1084] 2019-10-09 18:44:17.615971: Step 770: Cross entropy = 0.302158
INFO:tensorflow:2019-10-09 18:44:17.671285: Step 770: Validation accuracy = 59.0% (N=100)
I1009 18:44:17.671333 4468049344 retrain.py:1100] 2019-10-09 18:44:17.671285: Step 770: Validation accuracy = 59.0% (N=100)
INFO:tensorflow:2019-10-09 18:44:18.214076: Step 780: Train accuracy = 94.0%
I1009 18:44:18.214120 4468049344 retrain.py:1082] 2019-10-09 18:44:18.214076: Step 780: Train accuracy = 94.0%
INFO:tensorflow:2019-10-09 18:44:18.214249: Step 780: Cross entropy = 0.262449
I1009 18:44:18.214276 4468049344 retrain.py:1084] 2019-10-09 18:44:18.214249: Step 780: Cross entropy = 0.262449
INFO:tensorflow:2019-10-09 18:44:18.269580: Step 780: Validation accuracy = 52.0% (N=100)
I1009 18:44:18.269627 4468049344 retrain.py:1100] 2019-10-09 18:44:18.269580: Step 780: Validation accuracy = 52.0% (N=100)
INFO:tensorflow:2019-10-09 18:44:18.811913: Step 790: Train accuracy = 94.0%
I1009 18:44:18.811969 4468049344 retrain.py:1082] 2019-10-09 18:44:18.811913: Step 790: Train accuracy = 94.0%
INFO:tensorflow:2019-10-09 18:44:18.812096: Step 790: Cross entropy = 0.285083
I1009 18:44:18.812126 4468049344 retrain.py:1084] 2019-10-09 18:44:18.812096: Step 790: Cross entropy = 0.285083
INFO:tensorflow:2019-10-09 18:44:18.867112: Step 790: Validation accuracy = 56.0% (N=100)
I1009 18:44:18.867159 4468049344 retrain.py:1100] 2019-10-09 18:44:18.867112: Step 790: Validation accuracy = 56.0% (N=100)
INFO:tensorflow:2019-10-09 18:44:19.409517: Step 800: Train accuracy = 94.0%
I1009 18:44:19.409574 4468049344 retrain.py:1082] 2019-10-09 18:44:19.409517: Step 800: Train accuracy = 94.0%
INFO:tensorflow:2019-10-09 18:44:19.409699: Step 800: Cross entropy = 0.275398
I1009 18:44:19.409708 4468049344 retrain.py:1084] 2019-10-09 18:44:19.409699: Step 800: Cross entropy = 0.275398
INFO:tensorflow:2019-10-09 18:44:19.464886: Step 800: Validation accuracy = 44.0% (N=100)
I1009 18:44:19.464933 4468049344 retrain.py:1100] 2019-10-09 18:44:19.464886: Step 800: Validation accuracy = 44.0% (N=100)
INFO:tensorflow:2019-10-09 18:44:20.008248: Step 810: Train accuracy = 90.0%
I1009 18:44:20.008304 4468049344 retrain.py:1082] 2019-10-09 18:44:20.008248: Step 810: Train accuracy = 90.0%
INFO:tensorflow:2019-10-09 18:44:20.008431: Step 810: Cross entropy = 0.291947
I1009 18:44:20.008460 4468049344 retrain.py:1084] 2019-10-09 18:44:20.008431: Step 810: Cross entropy = 0.291947
INFO:tensorflow:2019-10-09 18:44:20.063454: Step 810: Validation accuracy = 65.0% (N=100)
I1009 18:44:20.063501 4468049344 retrain.py:1100] 2019-10-09 18:44:20.063454: Step 810: Validation accuracy = 65.0% (N=100)
INFO:tensorflow:2019-10-09 18:44:20.606762: Step 820: Train accuracy = 94.0%
I1009 18:44:20.606819 4468049344 retrain.py:1082] 2019-10-09 18:44:20.606762: Step 820: Train accuracy = 94.0%
INFO:tensorflow:2019-10-09 18:44:20.606958: Step 820: Cross entropy = 0.269647
I1009 18:44:20.606969 4468049344 retrain.py:1084] 2019-10-09 18:44:20.606958: Step 820: Cross entropy = 0.269647
INFO:tensorflow:2019-10-09 18:44:20.662034: Step 820: Validation accuracy = 61.0% (N=100)
I1009 18:44:20.662080 4468049344 retrain.py:1100] 2019-10-09 18:44:20.662034: Step 820: Validation accuracy = 61.0% (N=100)
INFO:tensorflow:2019-10-09 18:44:21.203942: Step 830: Train accuracy = 97.0%
I1009 18:44:21.203999 4468049344 retrain.py:1082] 2019-10-09 18:44:21.203942: Step 830: Train accuracy = 97.0%
INFO:tensorflow:2019-10-09 18:44:21.204128: Step 830: Cross entropy = 0.237165
I1009 18:44:21.204138 4468049344 retrain.py:1084] 2019-10-09 18:44:21.204128: Step 830: Cross entropy = 0.237165
INFO:tensorflow:2019-10-09 18:44:21.259481: Step 830: Validation accuracy = 52.0% (N=100)
I1009 18:44:21.259528 4468049344 retrain.py:1100] 2019-10-09 18:44:21.259481: Step 830: Validation accuracy = 52.0% (N=100)
INFO:tensorflow:2019-10-09 18:44:21.802592: Step 840: Train accuracy = 97.0%
I1009 18:44:21.802648 4468049344 retrain.py:1082] 2019-10-09 18:44:21.802592: Step 840: Train accuracy = 97.0%
INFO:tensorflow:2019-10-09 18:44:21.802783: Step 840: Cross entropy = 0.238647
I1009 18:44:21.802794 4468049344 retrain.py:1084] 2019-10-09 18:44:21.802783: Step 840: Cross entropy = 0.238647
INFO:tensorflow:2019-10-09 18:44:21.858078: Step 840: Validation accuracy = 54.0% (N=100)
I1009 18:44:21.858127 4468049344 retrain.py:1100] 2019-10-09 18:44:21.858078: Step 840: Validation accuracy = 54.0% (N=100)
INFO:tensorflow:2019-10-09 18:44:22.401502: Step 850: Train accuracy = 97.0%
I1009 18:44:22.401560 4468049344 retrain.py:1082] 2019-10-09 18:44:22.401502: Step 850: Train accuracy = 97.0%
INFO:tensorflow:2019-10-09 18:44:22.401685: Step 850: Cross entropy = 0.217624
I1009 18:44:22.401695 4468049344 retrain.py:1084] 2019-10-09 18:44:22.401685: Step 850: Cross entropy = 0.217624
INFO:tensorflow:2019-10-09 18:44:22.456721: Step 850: Validation accuracy = 60.0% (N=100)
I1009 18:44:22.456768 4468049344 retrain.py:1100] 2019-10-09 18:44:22.456721: Step 850: Validation accuracy = 60.0% (N=100)
INFO:tensorflow:2019-10-09 18:44:23.000705: Step 860: Train accuracy = 93.0%
I1009 18:44:23.000760 4468049344 retrain.py:1082] 2019-10-09 18:44:23.000705: Step 860: Train accuracy = 93.0%
INFO:tensorflow:2019-10-09 18:44:23.000895: Step 860: Cross entropy = 0.251852
I1009 18:44:23.000906 4468049344 retrain.py:1084] 2019-10-09 18:44:23.000895: Step 860: Cross entropy = 0.251852
INFO:tensorflow:2019-10-09 18:44:23.057125: Step 860: Validation accuracy = 43.0% (N=100)
I1009 18:44:23.057170 4468049344 retrain.py:1100] 2019-10-09 18:44:23.057125: Step 860: Validation accuracy = 43.0% (N=100)
INFO:tensorflow:2019-10-09 18:44:23.605445: Step 870: Train accuracy = 95.0%
I1009 18:44:23.605501 4468049344 retrain.py:1082] 2019-10-09 18:44:23.605445: Step 870: Train accuracy = 95.0%
INFO:tensorflow:2019-10-09 18:44:23.605626: Step 870: Cross entropy = 0.232518
I1009 18:44:23.605658 4468049344 retrain.py:1084] 2019-10-09 18:44:23.605626: Step 870: Cross entropy = 0.232518
INFO:tensorflow:2019-10-09 18:44:23.660922: Step 870: Validation accuracy = 51.0% (N=100)
I1009 18:44:23.660967 4468049344 retrain.py:1100] 2019-10-09 18:44:23.660922: Step 870: Validation accuracy = 51.0% (N=100)
INFO:tensorflow:2019-10-09 18:44:24.204569: Step 880: Train accuracy = 89.0%
I1009 18:44:24.204613 4468049344 retrain.py:1082] 2019-10-09 18:44:24.204569: Step 880: Train accuracy = 89.0%
INFO:tensorflow:2019-10-09 18:44:24.204751: Step 880: Cross entropy = 0.313687
I1009 18:44:24.204762 4468049344 retrain.py:1084] 2019-10-09 18:44:24.204751: Step 880: Cross entropy = 0.313687
INFO:tensorflow:2019-10-09 18:44:24.259890: Step 880: Validation accuracy = 55.0% (N=100)
I1009 18:44:24.259937 4468049344 retrain.py:1100] 2019-10-09 18:44:24.259890: Step 880: Validation accuracy = 55.0% (N=100)
INFO:tensorflow:2019-10-09 18:44:24.802309: Step 890: Train accuracy = 92.0%
I1009 18:44:24.802356 4468049344 retrain.py:1082] 2019-10-09 18:44:24.802309: Step 890: Train accuracy = 92.0%
INFO:tensorflow:2019-10-09 18:44:24.802478: Step 890: Cross entropy = 0.268468
I1009 18:44:24.802492 4468049344 retrain.py:1084] 2019-10-09 18:44:24.802478: Step 890: Cross entropy = 0.268468
INFO:tensorflow:2019-10-09 18:44:24.857714: Step 890: Validation accuracy = 52.0% (N=100)
I1009 18:44:24.857760 4468049344 retrain.py:1100] 2019-10-09 18:44:24.857714: Step 890: Validation accuracy = 52.0% (N=100)
INFO:tensorflow:2019-10-09 18:44:25.400069: Step 900: Train accuracy = 95.0%
I1009 18:44:25.400126 4468049344 retrain.py:1082] 2019-10-09 18:44:25.400069: Step 900: Train accuracy = 95.0%
INFO:tensorflow:2019-10-09 18:44:25.400253: Step 900: Cross entropy = 0.247297
I1009 18:44:25.400283 4468049344 retrain.py:1084] 2019-10-09 18:44:25.400253: Step 900: Cross entropy = 0.247297
INFO:tensorflow:2019-10-09 18:44:25.455586: Step 900: Validation accuracy = 61.0% (N=100)
I1009 18:44:25.455632 4468049344 retrain.py:1100] 2019-10-09 18:44:25.455586: Step 900: Validation accuracy = 61.0% (N=100)
INFO:tensorflow:2019-10-09 18:44:25.998925: Step 910: Train accuracy = 94.0%
I1009 18:44:25.998981 4468049344 retrain.py:1082] 2019-10-09 18:44:25.998925: Step 910: Train accuracy = 94.0%
INFO:tensorflow:2019-10-09 18:44:25.999121: Step 910: Cross entropy = 0.251162
I1009 18:44:25.999132 4468049344 retrain.py:1084] 2019-10-09 18:44:25.999121: Step 910: Cross entropy = 0.251162
INFO:tensorflow:2019-10-09 18:44:26.054505: Step 910: Validation accuracy = 52.0% (N=100)
I1009 18:44:26.054554 4468049344 retrain.py:1100] 2019-10-09 18:44:26.054505: Step 910: Validation accuracy = 52.0% (N=100)
INFO:tensorflow:2019-10-09 18:44:26.597811: Step 920: Train accuracy = 93.0%
I1009 18:44:26.597867 4468049344 retrain.py:1082] 2019-10-09 18:44:26.597811: Step 920: Train accuracy = 93.0%
INFO:tensorflow:2019-10-09 18:44:26.597990: Step 920: Cross entropy = 0.262740
I1009 18:44:26.598000 4468049344 retrain.py:1084] 2019-10-09 18:44:26.597990: Step 920: Cross entropy = 0.262740
INFO:tensorflow:2019-10-09 18:44:26.653130: Step 920: Validation accuracy = 40.0% (N=100)
I1009 18:44:26.653176 4468049344 retrain.py:1100] 2019-10-09 18:44:26.653130: Step 920: Validation accuracy = 40.0% (N=100)
INFO:tensorflow:2019-10-09 18:44:27.194713: Step 930: Train accuracy = 95.0%
I1009 18:44:27.194769 4468049344 retrain.py:1082] 2019-10-09 18:44:27.194713: Step 930: Train accuracy = 95.0%
INFO:tensorflow:2019-10-09 18:44:27.194908: Step 930: Cross entropy = 0.270735
I1009 18:44:27.194918 4468049344 retrain.py:1084] 2019-10-09 18:44:27.194908: Step 930: Cross entropy = 0.270735
INFO:tensorflow:2019-10-09 18:44:27.250435: Step 930: Validation accuracy = 52.0% (N=100)
I1009 18:44:27.250481 4468049344 retrain.py:1100] 2019-10-09 18:44:27.250435: Step 930: Validation accuracy = 52.0% (N=100)
INFO:tensorflow:2019-10-09 18:44:27.800090: Step 940: Train accuracy = 95.0%
I1009 18:44:27.800134 4468049344 retrain.py:1082] 2019-10-09 18:44:27.800090: Step 940: Train accuracy = 95.0%
INFO:tensorflow:2019-10-09 18:44:27.800275: Step 940: Cross entropy = 0.213250
I1009 18:44:27.800286 4468049344 retrain.py:1084] 2019-10-09 18:44:27.800275: Step 940: Cross entropy = 0.213250
INFO:tensorflow:2019-10-09 18:44:27.856368: Step 940: Validation accuracy = 70.0% (N=100)
I1009 18:44:27.856415 4468049344 retrain.py:1100] 2019-10-09 18:44:27.856368: Step 940: Validation accuracy = 70.0% (N=100)
INFO:tensorflow:2019-10-09 18:44:28.399628: Step 950: Train accuracy = 93.0%
I1009 18:44:28.399685 4468049344 retrain.py:1082] 2019-10-09 18:44:28.399628: Step 950: Train accuracy = 93.0%
INFO:tensorflow:2019-10-09 18:44:28.399809: Step 950: Cross entropy = 0.255055
I1009 18:44:28.399821 4468049344 retrain.py:1084] 2019-10-09 18:44:28.399809: Step 950: Cross entropy = 0.255055
INFO:tensorflow:2019-10-09 18:44:28.454888: Step 950: Validation accuracy = 68.0% (N=100)
I1009 18:44:28.454936 4468049344 retrain.py:1100] 2019-10-09 18:44:28.454888: Step 950: Validation accuracy = 68.0% (N=100)
INFO:tensorflow:2019-10-09 18:44:28.998328: Step 960: Train accuracy = 100.0%
I1009 18:44:28.998372 4468049344 retrain.py:1082] 2019-10-09 18:44:28.998328: Step 960: Train accuracy = 100.0%
INFO:tensorflow:2019-10-09 18:44:28.998498: Step 960: Cross entropy = 0.196920
I1009 18:44:28.998509 4468049344 retrain.py:1084] 2019-10-09 18:44:28.998498: Step 960: Cross entropy = 0.196920
INFO:tensorflow:2019-10-09 18:44:29.053750: Step 960: Validation accuracy = 48.0% (N=100)
I1009 18:44:29.053797 4468049344 retrain.py:1100] 2019-10-09 18:44:29.053750: Step 960: Validation accuracy = 48.0% (N=100)
INFO:tensorflow:2019-10-09 18:44:29.596423: Step 970: Train accuracy = 97.0%
I1009 18:44:29.596478 4468049344 retrain.py:1082] 2019-10-09 18:44:29.596423: Step 970: Train accuracy = 97.0%
INFO:tensorflow:2019-10-09 18:44:29.596601: Step 970: Cross entropy = 0.224344
I1009 18:44:29.596612 4468049344 retrain.py:1084] 2019-10-09 18:44:29.596601: Step 970: Cross entropy = 0.224344
INFO:tensorflow:2019-10-09 18:44:29.651720: Step 970: Validation accuracy = 50.0% (N=100)
I1009 18:44:29.651767 4468049344 retrain.py:1100] 2019-10-09 18:44:29.651720: Step 970: Validation accuracy = 50.0% (N=100)
INFO:tensorflow:2019-10-09 18:44:30.193304: Step 980: Train accuracy = 96.0%
I1009 18:44:30.193348 4468049344 retrain.py:1082] 2019-10-09 18:44:30.193304: Step 980: Train accuracy = 96.0%
INFO:tensorflow:2019-10-09 18:44:30.193483: Step 980: Cross entropy = 0.245170
I1009 18:44:30.193492 4468049344 retrain.py:1084] 2019-10-09 18:44:30.193483: Step 980: Cross entropy = 0.245170
INFO:tensorflow:2019-10-09 18:44:30.248742: Step 980: Validation accuracy = 50.0% (N=100)
I1009 18:44:30.248790 4468049344 retrain.py:1100] 2019-10-09 18:44:30.248742: Step 980: Validation accuracy = 50.0% (N=100)
INFO:tensorflow:2019-10-09 18:44:30.792180: Step 990: Train accuracy = 95.0%
I1009 18:44:30.792222 4468049344 retrain.py:1082] 2019-10-09 18:44:30.792180: Step 990: Train accuracy = 95.0%
INFO:tensorflow:2019-10-09 18:44:30.792373: Step 990: Cross entropy = 0.246965
I1009 18:44:30.792383 4468049344 retrain.py:1084] 2019-10-09 18:44:30.792373: Step 990: Cross entropy = 0.246965
INFO:tensorflow:2019-10-09 18:44:30.848679: Step 990: Validation accuracy = 55.0% (N=100)
I1009 18:44:30.848726 4468049344 retrain.py:1100] 2019-10-09 18:44:30.848679: Step 990: Validation accuracy = 55.0% (N=100)
INFO:tensorflow:2019-10-09 18:44:31.391568: Step 1000: Train accuracy = 93.0%
I1009 18:44:31.391624 4468049344 retrain.py:1082] 2019-10-09 18:44:31.391568: Step 1000: Train accuracy = 93.0%
INFO:tensorflow:2019-10-09 18:44:31.391751: Step 1000: Cross entropy = 0.244295
I1009 18:44:31.391762 4468049344 retrain.py:1084] 2019-10-09 18:44:31.391751: Step 1000: Cross entropy = 0.244295
INFO:tensorflow:2019-10-09 18:44:31.446993: Step 1000: Validation accuracy = 56.0% (N=100)
I1009 18:44:31.447040 4468049344 retrain.py:1100] 2019-10-09 18:44:31.446993: Step 1000: Validation accuracy = 56.0% (N=100)
INFO:tensorflow:2019-10-09 18:44:31.989883: Step 1010: Train accuracy = 93.0%
I1009 18:44:31.989940 4468049344 retrain.py:1082] 2019-10-09 18:44:31.989883: Step 1010: Train accuracy = 93.0%
INFO:tensorflow:2019-10-09 18:44:31.990079: Step 1010: Cross entropy = 0.234319
I1009 18:44:31.990089 4468049344 retrain.py:1084] 2019-10-09 18:44:31.990079: Step 1010: Cross entropy = 0.234319
INFO:tensorflow:2019-10-09 18:44:32.045256: Step 1010: Validation accuracy = 61.0% (N=100)
I1009 18:44:32.045304 4468049344 retrain.py:1100] 2019-10-09 18:44:32.045256: Step 1010: Validation accuracy = 61.0% (N=100)
INFO:tensorflow:2019-10-09 18:44:32.588671: Step 1020: Train accuracy = 94.0%
I1009 18:44:32.588715 4468049344 retrain.py:1082] 2019-10-09 18:44:32.588671: Step 1020: Train accuracy = 94.0%
INFO:tensorflow:2019-10-09 18:44:32.588865: Step 1020: Cross entropy = 0.256461
I1009 18:44:32.588876 4468049344 retrain.py:1084] 2019-10-09 18:44:32.588865: Step 1020: Cross entropy = 0.256461
INFO:tensorflow:2019-10-09 18:44:32.643948: Step 1020: Validation accuracy = 48.0% (N=100)
I1009 18:44:32.643994 4468049344 retrain.py:1100] 2019-10-09 18:44:32.643948: Step 1020: Validation accuracy = 48.0% (N=100)
INFO:tensorflow:2019-10-09 18:44:33.191950: Step 1030: Train accuracy = 95.0%
I1009 18:44:33.191994 4468049344 retrain.py:1082] 2019-10-09 18:44:33.191950: Step 1030: Train accuracy = 95.0%
INFO:tensorflow:2019-10-09 18:44:33.192122: Step 1030: Cross entropy = 0.236366
I1009 18:44:33.192133 4468049344 retrain.py:1084] 2019-10-09 18:44:33.192122: Step 1030: Cross entropy = 0.236366
INFO:tensorflow:2019-10-09 18:44:33.247487: Step 1030: Validation accuracy = 51.0% (N=100)
I1009 18:44:33.247534 4468049344 retrain.py:1100] 2019-10-09 18:44:33.247487: Step 1030: Validation accuracy = 51.0% (N=100)
INFO:tensorflow:2019-10-09 18:44:33.791759: Step 1040: Train accuracy = 94.0%
I1009 18:44:33.791802 4468049344 retrain.py:1082] 2019-10-09 18:44:33.791759: Step 1040: Train accuracy = 94.0%
INFO:tensorflow:2019-10-09 18:44:33.791929: Step 1040: Cross entropy = 0.256796
I1009 18:44:33.791958 4468049344 retrain.py:1084] 2019-10-09 18:44:33.791929: Step 1040: Cross entropy = 0.256796
INFO:tensorflow:2019-10-09 18:44:33.846983: Step 1040: Validation accuracy = 41.0% (N=100)
I1009 18:44:33.847031 4468049344 retrain.py:1100] 2019-10-09 18:44:33.846983: Step 1040: Validation accuracy = 41.0% (N=100)
INFO:tensorflow:2019-10-09 18:44:34.388941: Step 1050: Train accuracy = 92.0%
I1009 18:44:34.388986 4468049344 retrain.py:1082] 2019-10-09 18:44:34.388941: Step 1050: Train accuracy = 92.0%
INFO:tensorflow:2019-10-09 18:44:34.389111: Step 1050: Cross entropy = 0.294353
I1009 18:44:34.389122 4468049344 retrain.py:1084] 2019-10-09 18:44:34.389111: Step 1050: Cross entropy = 0.294353
INFO:tensorflow:2019-10-09 18:44:34.444470: Step 1050: Validation accuracy = 50.0% (N=100)
I1009 18:44:34.444518 4468049344 retrain.py:1100] 2019-10-09 18:44:34.444470: Step 1050: Validation accuracy = 50.0% (N=100)
INFO:tensorflow:2019-10-09 18:44:34.987212: Step 1060: Train accuracy = 98.0%
I1009 18:44:34.987268 4468049344 retrain.py:1082] 2019-10-09 18:44:34.987212: Step 1060: Train accuracy = 98.0%
INFO:tensorflow:2019-10-09 18:44:34.987392: Step 1060: Cross entropy = 0.230198
I1009 18:44:34.987423 4468049344 retrain.py:1084] 2019-10-09 18:44:34.987392: Step 1060: Cross entropy = 0.230198
INFO:tensorflow:2019-10-09 18:44:35.042695: Step 1060: Validation accuracy = 45.0% (N=100)
I1009 18:44:35.042742 4468049344 retrain.py:1100] 2019-10-09 18:44:35.042695: Step 1060: Validation accuracy = 45.0% (N=100)
INFO:tensorflow:2019-10-09 18:44:35.586805: Step 1070: Train accuracy = 97.0%
I1009 18:44:35.586861 4468049344 retrain.py:1082] 2019-10-09 18:44:35.586805: Step 1070: Train accuracy = 97.0%
INFO:tensorflow:2019-10-09 18:44:35.586985: Step 1070: Cross entropy = 0.239969
I1009 18:44:35.587015 4468049344 retrain.py:1084] 2019-10-09 18:44:35.586985: Step 1070: Cross entropy = 0.239969
INFO:tensorflow:2019-10-09 18:44:35.642087: Step 1070: Validation accuracy = 52.0% (N=100)
I1009 18:44:35.642133 4468049344 retrain.py:1100] 2019-10-09 18:44:35.642087: Step 1070: Validation accuracy = 52.0% (N=100)
INFO:tensorflow:2019-10-09 18:44:36.184657: Step 1080: Train accuracy = 96.0%
I1009 18:44:36.184700 4468049344 retrain.py:1082] 2019-10-09 18:44:36.184657: Step 1080: Train accuracy = 96.0%
INFO:tensorflow:2019-10-09 18:44:36.184840: Step 1080: Cross entropy = 0.243421
I1009 18:44:36.184850 4468049344 retrain.py:1084] 2019-10-09 18:44:36.184840: Step 1080: Cross entropy = 0.243421
INFO:tensorflow:2019-10-09 18:44:36.240645: Step 1080: Validation accuracy = 53.0% (N=100)
I1009 18:44:36.240693 4468049344 retrain.py:1100] 2019-10-09 18:44:36.240645: Step 1080: Validation accuracy = 53.0% (N=100)
INFO:tensorflow:2019-10-09 18:44:36.783481: Step 1090: Train accuracy = 98.0%
I1009 18:44:36.783536 4468049344 retrain.py:1082] 2019-10-09 18:44:36.783481: Step 1090: Train accuracy = 98.0%
INFO:tensorflow:2019-10-09 18:44:36.783661: Step 1090: Cross entropy = 0.219065
I1009 18:44:36.783692 4468049344 retrain.py:1084] 2019-10-09 18:44:36.783661: Step 1090: Cross entropy = 0.219065
INFO:tensorflow:2019-10-09 18:44:36.839681: Step 1090: Validation accuracy = 48.0% (N=100)
I1009 18:44:36.839728 4468049344 retrain.py:1100] 2019-10-09 18:44:36.839681: Step 1090: Validation accuracy = 48.0% (N=100)
INFO:tensorflow:2019-10-09 18:44:37.383239: Step 1100: Train accuracy = 96.0%
I1009 18:44:37.383296 4468049344 retrain.py:1082] 2019-10-09 18:44:37.383239: Step 1100: Train accuracy = 96.0%
INFO:tensorflow:2019-10-09 18:44:37.383431: Step 1100: Cross entropy = 0.212158
I1009 18:44:37.383441 4468049344 retrain.py:1084] 2019-10-09 18:44:37.383431: Step 1100: Cross entropy = 0.212158
INFO:tensorflow:2019-10-09 18:44:37.438482: Step 1100: Validation accuracy = 53.0% (N=100)
I1009 18:44:37.438529 4468049344 retrain.py:1100] 2019-10-09 18:44:37.438482: Step 1100: Validation accuracy = 53.0% (N=100)
INFO:tensorflow:2019-10-09 18:44:37.988286: Step 1110: Train accuracy = 98.0%
I1009 18:44:37.988343 4468049344 retrain.py:1082] 2019-10-09 18:44:37.988286: Step 1110: Train accuracy = 98.0%
INFO:tensorflow:2019-10-09 18:44:37.988465: Step 1110: Cross entropy = 0.190247
I1009 18:44:37.988497 4468049344 retrain.py:1084] 2019-10-09 18:44:37.988465: Step 1110: Cross entropy = 0.190247
INFO:tensorflow:2019-10-09 18:44:38.043956: Step 1110: Validation accuracy = 56.0% (N=100)
I1009 18:44:38.044005 4468049344 retrain.py:1100] 2019-10-09 18:44:38.043956: Step 1110: Validation accuracy = 56.0% (N=100)
INFO:tensorflow:2019-10-09 18:44:38.587687: Step 1120: Train accuracy = 95.0%
I1009 18:44:38.587743 4468049344 retrain.py:1082] 2019-10-09 18:44:38.587687: Step 1120: Train accuracy = 95.0%
INFO:tensorflow:2019-10-09 18:44:38.587879: Step 1120: Cross entropy = 0.215798
I1009 18:44:38.587889 4468049344 retrain.py:1084] 2019-10-09 18:44:38.587879: Step 1120: Cross entropy = 0.215798
INFO:tensorflow:2019-10-09 18:44:38.643274: Step 1120: Validation accuracy = 69.0% (N=100)
I1009 18:44:38.643322 4468049344 retrain.py:1100] 2019-10-09 18:44:38.643274: Step 1120: Validation accuracy = 69.0% (N=100)
INFO:tensorflow:2019-10-09 18:44:39.187592: Step 1130: Train accuracy = 99.0%
I1009 18:44:39.187649 4468049344 retrain.py:1082] 2019-10-09 18:44:39.187592: Step 1130: Train accuracy = 99.0%
INFO:tensorflow:2019-10-09 18:44:39.187786: Step 1130: Cross entropy = 0.180557
I1009 18:44:39.187795 4468049344 retrain.py:1084] 2019-10-09 18:44:39.187786: Step 1130: Cross entropy = 0.180557
INFO:tensorflow:2019-10-09 18:44:39.243288: Step 1130: Validation accuracy = 61.0% (N=100)
I1009 18:44:39.243335 4468049344 retrain.py:1100] 2019-10-09 18:44:39.243288: Step 1130: Validation accuracy = 61.0% (N=100)
INFO:tensorflow:2019-10-09 18:44:39.787074: Step 1140: Train accuracy = 95.0%
I1009 18:44:39.787119 4468049344 retrain.py:1082] 2019-10-09 18:44:39.787074: Step 1140: Train accuracy = 95.0%
INFO:tensorflow:2019-10-09 18:44:39.787241: Step 1140: Cross entropy = 0.254504
I1009 18:44:39.787250 4468049344 retrain.py:1084] 2019-10-09 18:44:39.787241: Step 1140: Cross entropy = 0.254504
INFO:tensorflow:2019-10-09 18:44:39.843256: Step 1140: Validation accuracy = 53.0% (N=100)
I1009 18:44:39.843302 4468049344 retrain.py:1100] 2019-10-09 18:44:39.843256: Step 1140: Validation accuracy = 53.0% (N=100)
INFO:tensorflow:2019-10-09 18:44:40.386904: Step 1150: Train accuracy = 94.0%
I1009 18:44:40.386949 4468049344 retrain.py:1082] 2019-10-09 18:44:40.386904: Step 1150: Train accuracy = 94.0%
INFO:tensorflow:2019-10-09 18:44:40.387074: Step 1150: Cross entropy = 0.237428
I1009 18:44:40.387084 4468049344 retrain.py:1084] 2019-10-09 18:44:40.387074: Step 1150: Cross entropy = 0.237428
INFO:tensorflow:2019-10-09 18:44:40.442219: Step 1150: Validation accuracy = 44.0% (N=100)
I1009 18:44:40.442266 4468049344 retrain.py:1100] 2019-10-09 18:44:40.442219: Step 1150: Validation accuracy = 44.0% (N=100)
INFO:tensorflow:2019-10-09 18:44:40.984778: Step 1160: Train accuracy = 98.0%
I1009 18:44:40.984833 4468049344 retrain.py:1082] 2019-10-09 18:44:40.984778: Step 1160: Train accuracy = 98.0%
INFO:tensorflow:2019-10-09 18:44:40.984971: Step 1160: Cross entropy = 0.178815
I1009 18:44:40.984982 4468049344 retrain.py:1084] 2019-10-09 18:44:40.984971: Step 1160: Cross entropy = 0.178815
INFO:tensorflow:2019-10-09 18:44:41.040179: Step 1160: Validation accuracy = 59.0% (N=100)
I1009 18:44:41.040228 4468049344 retrain.py:1100] 2019-10-09 18:44:41.040179: Step 1160: Validation accuracy = 59.0% (N=100)
INFO:tensorflow:2019-10-09 18:44:41.584732: Step 1170: Train accuracy = 97.0%
I1009 18:44:41.584788 4468049344 retrain.py:1082] 2019-10-09 18:44:41.584732: Step 1170: Train accuracy = 97.0%
INFO:tensorflow:2019-10-09 18:44:41.584912: Step 1170: Cross entropy = 0.247712
I1009 18:44:41.584939 4468049344 retrain.py:1084] 2019-10-09 18:44:41.584912: Step 1170: Cross entropy = 0.247712
INFO:tensorflow:2019-10-09 18:44:41.640802: Step 1170: Validation accuracy = 44.0% (N=100)
I1009 18:44:41.640848 4468049344 retrain.py:1100] 2019-10-09 18:44:41.640802: Step 1170: Validation accuracy = 44.0% (N=100)
INFO:tensorflow:2019-10-09 18:44:42.183474: Step 1180: Train accuracy = 98.0%
I1009 18:44:42.183530 4468049344 retrain.py:1082] 2019-10-09 18:44:42.183474: Step 1180: Train accuracy = 98.0%
INFO:tensorflow:2019-10-09 18:44:42.183667: Step 1180: Cross entropy = 0.199507
I1009 18:44:42.183677 4468049344 retrain.py:1084] 2019-10-09 18:44:42.183667: Step 1180: Cross entropy = 0.199507
INFO:tensorflow:2019-10-09 18:44:42.238931: Step 1180: Validation accuracy = 54.0% (N=100)
I1009 18:44:42.238979 4468049344 retrain.py:1100] 2019-10-09 18:44:42.238931: Step 1180: Validation accuracy = 54.0% (N=100)
INFO:tensorflow:2019-10-09 18:44:42.789140: Step 1190: Train accuracy = 93.0%
I1009 18:44:42.789196 4468049344 retrain.py:1082] 2019-10-09 18:44:42.789140: Step 1190: Train accuracy = 93.0%
INFO:tensorflow:2019-10-09 18:44:42.789333: Step 1190: Cross entropy = 0.210165
I1009 18:44:42.789345 4468049344 retrain.py:1084] 2019-10-09 18:44:42.789333: Step 1190: Cross entropy = 0.210165
INFO:tensorflow:2019-10-09 18:44:42.845182: Step 1190: Validation accuracy = 50.0% (N=100)
I1009 18:44:42.845230 4468049344 retrain.py:1100] 2019-10-09 18:44:42.845182: Step 1190: Validation accuracy = 50.0% (N=100)
INFO:tensorflow:2019-10-09 18:44:43.393653: Step 1200: Train accuracy = 96.0%
I1009 18:44:43.393708 4468049344 retrain.py:1082] 2019-10-09 18:44:43.393653: Step 1200: Train accuracy = 96.0%
INFO:tensorflow:2019-10-09 18:44:43.393845: Step 1200: Cross entropy = 0.204316
I1009 18:44:43.393856 4468049344 retrain.py:1084] 2019-10-09 18:44:43.393845: Step 1200: Cross entropy = 0.204316
INFO:tensorflow:2019-10-09 18:44:43.449188: Step 1200: Validation accuracy = 56.0% (N=100)
I1009 18:44:43.449235 4468049344 retrain.py:1100] 2019-10-09 18:44:43.449188: Step 1200: Validation accuracy = 56.0% (N=100)
INFO:tensorflow:2019-10-09 18:44:43.994086: Step 1210: Train accuracy = 96.0%
I1009 18:44:43.994129 4468049344 retrain.py:1082] 2019-10-09 18:44:43.994086: Step 1210: Train accuracy = 96.0%
INFO:tensorflow:2019-10-09 18:44:43.994267: Step 1210: Cross entropy = 0.182235
I1009 18:44:43.994277 4468049344 retrain.py:1084] 2019-10-09 18:44:43.994267: Step 1210: Cross entropy = 0.182235
INFO:tensorflow:2019-10-09 18:44:44.049385: Step 1210: Validation accuracy = 55.0% (N=100)
I1009 18:44:44.049434 4468049344 retrain.py:1100] 2019-10-09 18:44:44.049385: Step 1210: Validation accuracy = 55.0% (N=100)
INFO:tensorflow:2019-10-09 18:44:44.592550: Step 1220: Train accuracy = 97.0%
I1009 18:44:44.592597 4468049344 retrain.py:1082] 2019-10-09 18:44:44.592550: Step 1220: Train accuracy = 97.0%
INFO:tensorflow:2019-10-09 18:44:44.592710: Step 1220: Cross entropy = 0.202183
I1009 18:44:44.592720 4468049344 retrain.py:1084] 2019-10-09 18:44:44.592710: Step 1220: Cross entropy = 0.202183
INFO:tensorflow:2019-10-09 18:44:44.647899: Step 1220: Validation accuracy = 57.0% (N=100)
I1009 18:44:44.647945 4468049344 retrain.py:1100] 2019-10-09 18:44:44.647899: Step 1220: Validation accuracy = 57.0% (N=100)
INFO:tensorflow:2019-10-09 18:44:45.191952: Step 1230: Train accuracy = 97.0%
I1009 18:44:45.192008 4468049344 retrain.py:1082] 2019-10-09 18:44:45.191952: Step 1230: Train accuracy = 97.0%
INFO:tensorflow:2019-10-09 18:44:45.192150: Step 1230: Cross entropy = 0.209357
I1009 18:44:45.192159 4468049344 retrain.py:1084] 2019-10-09 18:44:45.192150: Step 1230: Cross entropy = 0.209357
INFO:tensorflow:2019-10-09 18:44:45.247504: Step 1230: Validation accuracy = 47.0% (N=100)
I1009 18:44:45.247550 4468049344 retrain.py:1100] 2019-10-09 18:44:45.247504: Step 1230: Validation accuracy = 47.0% (N=100)
INFO:tensorflow:2019-10-09 18:44:45.792052: Step 1240: Train accuracy = 95.0%
I1009 18:44:45.792095 4468049344 retrain.py:1082] 2019-10-09 18:44:45.792052: Step 1240: Train accuracy = 95.0%
INFO:tensorflow:2019-10-09 18:44:45.792247: Step 1240: Cross entropy = 0.223235
I1009 18:44:45.792258 4468049344 retrain.py:1084] 2019-10-09 18:44:45.792247: Step 1240: Cross entropy = 0.223235
INFO:tensorflow:2019-10-09 18:44:45.847725: Step 1240: Validation accuracy = 55.0% (N=100)
I1009 18:44:45.847771 4468049344 retrain.py:1100] 2019-10-09 18:44:45.847725: Step 1240: Validation accuracy = 55.0% (N=100)
INFO:tensorflow:2019-10-09 18:44:46.395737: Step 1250: Train accuracy = 97.0%
I1009 18:44:46.395781 4468049344 retrain.py:1082] 2019-10-09 18:44:46.395737: Step 1250: Train accuracy = 97.0%
INFO:tensorflow:2019-10-09 18:44:46.395919: Step 1250: Cross entropy = 0.201546
I1009 18:44:46.395930 4468049344 retrain.py:1084] 2019-10-09 18:44:46.395919: Step 1250: Cross entropy = 0.201546
INFO:tensorflow:2019-10-09 18:44:46.451354: Step 1250: Validation accuracy = 61.0% (N=100)
I1009 18:44:46.451401 4468049344 retrain.py:1100] 2019-10-09 18:44:46.451354: Step 1250: Validation accuracy = 61.0% (N=100)
INFO:tensorflow:2019-10-09 18:44:46.996240: Step 1260: Train accuracy = 99.0%
I1009 18:44:46.996294 4468049344 retrain.py:1082] 2019-10-09 18:44:46.996240: Step 1260: Train accuracy = 99.0%
INFO:tensorflow:2019-10-09 18:44:46.996419: Step 1260: Cross entropy = 0.216240
I1009 18:44:46.996428 4468049344 retrain.py:1084] 2019-10-09 18:44:46.996419: Step 1260: Cross entropy = 0.216240
INFO:tensorflow:2019-10-09 18:44:47.051560: Step 1260: Validation accuracy = 49.0% (N=100)
I1009 18:44:47.051607 4468049344 retrain.py:1100] 2019-10-09 18:44:47.051560: Step 1260: Validation accuracy = 49.0% (N=100)
INFO:tensorflow:2019-10-09 18:44:47.595955: Step 1270: Train accuracy = 96.0%
I1009 18:44:47.596000 4468049344 retrain.py:1082] 2019-10-09 18:44:47.595955: Step 1270: Train accuracy = 96.0%
INFO:tensorflow:2019-10-09 18:44:47.596114: Step 1270: Cross entropy = 0.220755
I1009 18:44:47.596123 4468049344 retrain.py:1084] 2019-10-09 18:44:47.596114: Step 1270: Cross entropy = 0.220755
INFO:tensorflow:2019-10-09 18:44:47.651337: Step 1270: Validation accuracy = 51.0% (N=100)
I1009 18:44:47.651386 4468049344 retrain.py:1100] 2019-10-09 18:44:47.651337: Step 1270: Validation accuracy = 51.0% (N=100)
INFO:tensorflow:2019-10-09 18:44:48.196751: Step 1280: Train accuracy = 93.0%
I1009 18:44:48.196794 4468049344 retrain.py:1082] 2019-10-09 18:44:48.196751: Step 1280: Train accuracy = 93.0%
INFO:tensorflow:2019-10-09 18:44:48.196932: Step 1280: Cross entropy = 0.213611
I1009 18:44:48.196942 4468049344 retrain.py:1084] 2019-10-09 18:44:48.196932: Step 1280: Cross entropy = 0.213611
INFO:tensorflow:2019-10-09 18:44:48.252433: Step 1280: Validation accuracy = 62.0% (N=100)
I1009 18:44:48.252480 4468049344 retrain.py:1100] 2019-10-09 18:44:48.252433: Step 1280: Validation accuracy = 62.0% (N=100)
INFO:tensorflow:2019-10-09 18:44:48.796528: Step 1290: Train accuracy = 95.0%
I1009 18:44:48.796583 4468049344 retrain.py:1082] 2019-10-09 18:44:48.796528: Step 1290: Train accuracy = 95.0%
INFO:tensorflow:2019-10-09 18:44:48.796722: Step 1290: Cross entropy = 0.245430
I1009 18:44:48.796731 4468049344 retrain.py:1084] 2019-10-09 18:44:48.796722: Step 1290: Cross entropy = 0.245430
INFO:tensorflow:2019-10-09 18:44:48.852607: Step 1290: Validation accuracy = 57.0% (N=100)
I1009 18:44:48.852655 4468049344 retrain.py:1100] 2019-10-09 18:44:48.852607: Step 1290: Validation accuracy = 57.0% (N=100)
INFO:tensorflow:2019-10-09 18:44:49.396246: Step 1300: Train accuracy = 98.0%
I1009 18:44:49.396303 4468049344 retrain.py:1082] 2019-10-09 18:44:49.396246: Step 1300: Train accuracy = 98.0%
INFO:tensorflow:2019-10-09 18:44:49.396427: Step 1300: Cross entropy = 0.170027
I1009 18:44:49.396460 4468049344 retrain.py:1084] 2019-10-09 18:44:49.396427: Step 1300: Cross entropy = 0.170027
INFO:tensorflow:2019-10-09 18:44:49.451629: Step 1300: Validation accuracy = 50.0% (N=100)
I1009 18:44:49.451675 4468049344 retrain.py:1100] 2019-10-09 18:44:49.451629: Step 1300: Validation accuracy = 50.0% (N=100)
INFO:tensorflow:2019-10-09 18:44:49.995850: Step 1310: Train accuracy = 99.0%
I1009 18:44:49.995904 4468049344 retrain.py:1082] 2019-10-09 18:44:49.995850: Step 1310: Train accuracy = 99.0%
INFO:tensorflow:2019-10-09 18:44:49.996027: Step 1310: Cross entropy = 0.205262
I1009 18:44:49.996038 4468049344 retrain.py:1084] 2019-10-09 18:44:49.996027: Step 1310: Cross entropy = 0.205262
INFO:tensorflow:2019-10-09 18:44:50.051221: Step 1310: Validation accuracy = 55.0% (N=100)
I1009 18:44:50.051265 4468049344 retrain.py:1100] 2019-10-09 18:44:50.051221: Step 1310: Validation accuracy = 55.0% (N=100)
INFO:tensorflow:2019-10-09 18:44:50.595584: Step 1320: Train accuracy = 95.0%
I1009 18:44:50.595640 4468049344 retrain.py:1082] 2019-10-09 18:44:50.595584: Step 1320: Train accuracy = 95.0%
INFO:tensorflow:2019-10-09 18:44:50.595795: Step 1320: Cross entropy = 0.210540
I1009 18:44:50.595804 4468049344 retrain.py:1084] 2019-10-09 18:44:50.595795: Step 1320: Cross entropy = 0.210540
INFO:tensorflow:2019-10-09 18:44:50.651281: Step 1320: Validation accuracy = 45.0% (N=100)
I1009 18:44:50.651329 4468049344 retrain.py:1100] 2019-10-09 18:44:50.651281: Step 1320: Validation accuracy = 45.0% (N=100)
INFO:tensorflow:2019-10-09 18:44:51.196560: Step 1330: Train accuracy = 93.0%
I1009 18:44:51.196618 4468049344 retrain.py:1082] 2019-10-09 18:44:51.196560: Step 1330: Train accuracy = 93.0%
INFO:tensorflow:2019-10-09 18:44:51.196747: Step 1330: Cross entropy = 0.226801
I1009 18:44:51.196758 4468049344 retrain.py:1084] 2019-10-09 18:44:51.196747: Step 1330: Cross entropy = 0.226801
INFO:tensorflow:2019-10-09 18:44:51.252428: Step 1330: Validation accuracy = 54.0% (N=100)
I1009 18:44:51.252475 4468049344 retrain.py:1100] 2019-10-09 18:44:51.252428: Step 1330: Validation accuracy = 54.0% (N=100)
INFO:tensorflow:2019-10-09 18:44:51.796711: Step 1340: Train accuracy = 97.0%
I1009 18:44:51.796767 4468049344 retrain.py:1082] 2019-10-09 18:44:51.796711: Step 1340: Train accuracy = 97.0%
INFO:tensorflow:2019-10-09 18:44:51.796892: Step 1340: Cross entropy = 0.169057
I1009 18:44:51.796901 4468049344 retrain.py:1084] 2019-10-09 18:44:51.796892: Step 1340: Cross entropy = 0.169057
INFO:tensorflow:2019-10-09 18:44:51.852950: Step 1340: Validation accuracy = 51.0% (N=100)
I1009 18:44:51.852997 4468049344 retrain.py:1100] 2019-10-09 18:44:51.852950: Step 1340: Validation accuracy = 51.0% (N=100)
INFO:tensorflow:2019-10-09 18:44:52.396960: Step 1350: Train accuracy = 94.0%
I1009 18:44:52.397004 4468049344 retrain.py:1082] 2019-10-09 18:44:52.396960: Step 1350: Train accuracy = 94.0%
INFO:tensorflow:2019-10-09 18:44:52.397154: Step 1350: Cross entropy = 0.229032
I1009 18:44:52.397164 4468049344 retrain.py:1084] 2019-10-09 18:44:52.397154: Step 1350: Cross entropy = 0.229032
INFO:tensorflow:2019-10-09 18:44:52.452606: Step 1350: Validation accuracy = 56.0% (N=100)
I1009 18:44:52.452653 4468049344 retrain.py:1100] 2019-10-09 18:44:52.452606: Step 1350: Validation accuracy = 56.0% (N=100)
INFO:tensorflow:2019-10-09 18:44:52.998142: Step 1360: Train accuracy = 96.0%
I1009 18:44:52.998200 4468049344 retrain.py:1082] 2019-10-09 18:44:52.998142: Step 1360: Train accuracy = 96.0%
INFO:tensorflow:2019-10-09 18:44:52.998325: Step 1360: Cross entropy = 0.194368
I1009 18:44:52.998334 4468049344 retrain.py:1084] 2019-10-09 18:44:52.998325: Step 1360: Cross entropy = 0.194368
INFO:tensorflow:2019-10-09 18:44:53.053694: Step 1360: Validation accuracy = 46.0% (N=100)
I1009 18:44:53.053740 4468049344 retrain.py:1100] 2019-10-09 18:44:53.053694: Step 1360: Validation accuracy = 46.0% (N=100)
INFO:tensorflow:2019-10-09 18:44:53.596504: Step 1370: Train accuracy = 95.0%
I1009 18:44:53.596560 4468049344 retrain.py:1082] 2019-10-09 18:44:53.596504: Step 1370: Train accuracy = 95.0%
INFO:tensorflow:2019-10-09 18:44:53.596698: Step 1370: Cross entropy = 0.230495
I1009 18:44:53.596720 4468049344 retrain.py:1084] 2019-10-09 18:44:53.596698: Step 1370: Cross entropy = 0.230495
INFO:tensorflow:2019-10-09 18:44:53.652215: Step 1370: Validation accuracy = 55.0% (N=100)
I1009 18:44:53.652262 4468049344 retrain.py:1100] 2019-10-09 18:44:53.652215: Step 1370: Validation accuracy = 55.0% (N=100)
INFO:tensorflow:2019-10-09 18:44:54.203338: Step 1380: Train accuracy = 100.0%
I1009 18:44:54.203393 4468049344 retrain.py:1082] 2019-10-09 18:44:54.203338: Step 1380: Train accuracy = 100.0%
INFO:tensorflow:2019-10-09 18:44:54.203531: Step 1380: Cross entropy = 0.161445
I1009 18:44:54.203541 4468049344 retrain.py:1084] 2019-10-09 18:44:54.203531: Step 1380: Cross entropy = 0.161445
INFO:tensorflow:2019-10-09 18:44:54.258772: Step 1380: Validation accuracy = 51.0% (N=100)
I1009 18:44:54.258819 4468049344 retrain.py:1100] 2019-10-09 18:44:54.258772: Step 1380: Validation accuracy = 51.0% (N=100)
INFO:tensorflow:2019-10-09 18:44:54.802338: Step 1390: Train accuracy = 98.0%
I1009 18:44:54.802385 4468049344 retrain.py:1082] 2019-10-09 18:44:54.802338: Step 1390: Train accuracy = 98.0%
INFO:tensorflow:2019-10-09 18:44:54.802506: Step 1390: Cross entropy = 0.176730
I1009 18:44:54.802516 4468049344 retrain.py:1084] 2019-10-09 18:44:54.802506: Step 1390: Cross entropy = 0.176730
INFO:tensorflow:2019-10-09 18:44:54.858153: Step 1390: Validation accuracy = 48.0% (N=100)
I1009 18:44:54.858201 4468049344 retrain.py:1100] 2019-10-09 18:44:54.858153: Step 1390: Validation accuracy = 48.0% (N=100)
INFO:tensorflow:2019-10-09 18:44:55.402250: Step 1400: Train accuracy = 98.0%
I1009 18:44:55.402306 4468049344 retrain.py:1082] 2019-10-09 18:44:55.402250: Step 1400: Train accuracy = 98.0%
INFO:tensorflow:2019-10-09 18:44:55.402444: Step 1400: Cross entropy = 0.166373
I1009 18:44:55.402455 4468049344 retrain.py:1084] 2019-10-09 18:44:55.402444: Step 1400: Cross entropy = 0.166373
INFO:tensorflow:2019-10-09 18:44:55.457671: Step 1400: Validation accuracy = 39.0% (N=100)
I1009 18:44:55.457718 4468049344 retrain.py:1100] 2019-10-09 18:44:55.457671: Step 1400: Validation accuracy = 39.0% (N=100)
INFO:tensorflow:2019-10-09 18:44:56.001805: Step 1410: Train accuracy = 96.0%
I1009 18:44:56.001861 4468049344 retrain.py:1082] 2019-10-09 18:44:56.001805: Step 1410: Train accuracy = 96.0%
INFO:tensorflow:2019-10-09 18:44:56.001985: Step 1410: Cross entropy = 0.190451
I1009 18:44:56.001996 4468049344 retrain.py:1084] 2019-10-09 18:44:56.001985: Step 1410: Cross entropy = 0.190451
INFO:tensorflow:2019-10-09 18:44:56.057234: Step 1410: Validation accuracy = 49.0% (N=100)
I1009 18:44:56.057281 4468049344 retrain.py:1100] 2019-10-09 18:44:56.057234: Step 1410: Validation accuracy = 49.0% (N=100)
INFO:tensorflow:2019-10-09 18:44:56.602032: Step 1420: Train accuracy = 98.0%
I1009 18:44:56.602087 4468049344 retrain.py:1082] 2019-10-09 18:44:56.602032: Step 1420: Train accuracy = 98.0%
INFO:tensorflow:2019-10-09 18:44:56.602223: Step 1420: Cross entropy = 0.181039
I1009 18:44:56.602233 4468049344 retrain.py:1084] 2019-10-09 18:44:56.602223: Step 1420: Cross entropy = 0.181039
INFO:tensorflow:2019-10-09 18:44:56.657640: Step 1420: Validation accuracy = 48.0% (N=100)
I1009 18:44:56.657686 4468049344 retrain.py:1100] 2019-10-09 18:44:56.657640: Step 1420: Validation accuracy = 48.0% (N=100)
INFO:tensorflow:2019-10-09 18:44:57.202296: Step 1430: Train accuracy = 94.0%
I1009 18:44:57.202351 4468049344 retrain.py:1082] 2019-10-09 18:44:57.202296: Step 1430: Train accuracy = 94.0%
INFO:tensorflow:2019-10-09 18:44:57.202477: Step 1430: Cross entropy = 0.232139
I1009 18:44:57.202510 4468049344 retrain.py:1084] 2019-10-09 18:44:57.202477: Step 1430: Cross entropy = 0.232139
INFO:tensorflow:2019-10-09 18:44:57.258002: Step 1430: Validation accuracy = 43.0% (N=100)
I1009 18:44:57.258049 4468049344 retrain.py:1100] 2019-10-09 18:44:57.258002: Step 1430: Validation accuracy = 43.0% (N=100)
INFO:tensorflow:2019-10-09 18:44:57.809916: Step 1440: Train accuracy = 98.0%
I1009 18:44:57.809972 4468049344 retrain.py:1082] 2019-10-09 18:44:57.809916: Step 1440: Train accuracy = 98.0%
INFO:tensorflow:2019-10-09 18:44:57.810093: Step 1440: Cross entropy = 0.169279
I1009 18:44:57.810104 4468049344 retrain.py:1084] 2019-10-09 18:44:57.810093: Step 1440: Cross entropy = 0.169279
INFO:tensorflow:2019-10-09 18:44:57.865500: Step 1440: Validation accuracy = 51.0% (N=100)
I1009 18:44:57.865546 4468049344 retrain.py:1100] 2019-10-09 18:44:57.865500: Step 1440: Validation accuracy = 51.0% (N=100)
INFO:tensorflow:2019-10-09 18:44:58.410595: Step 1450: Train accuracy = 96.0%
I1009 18:44:58.410638 4468049344 retrain.py:1082] 2019-10-09 18:44:58.410595: Step 1450: Train accuracy = 96.0%
INFO:tensorflow:2019-10-09 18:44:58.410758: Step 1450: Cross entropy = 0.185583
I1009 18:44:58.410767 4468049344 retrain.py:1084] 2019-10-09 18:44:58.410758: Step 1450: Cross entropy = 0.185583
INFO:tensorflow:2019-10-09 18:44:58.465944: Step 1450: Validation accuracy = 48.0% (N=100)
I1009 18:44:58.465989 4468049344 retrain.py:1100] 2019-10-09 18:44:58.465944: Step 1450: Validation accuracy = 48.0% (N=100)
INFO:tensorflow:2019-10-09 18:44:59.010520: Step 1460: Train accuracy = 98.0%
I1009 18:44:59.010575 4468049344 retrain.py:1082] 2019-10-09 18:44:59.010520: Step 1460: Train accuracy = 98.0%
INFO:tensorflow:2019-10-09 18:44:59.010712: Step 1460: Cross entropy = 0.181385
I1009 18:44:59.010723 4468049344 retrain.py:1084] 2019-10-09 18:44:59.010712: Step 1460: Cross entropy = 0.181385
INFO:tensorflow:2019-10-09 18:44:59.065992: Step 1460: Validation accuracy = 52.0% (N=100)
I1009 18:44:59.066039 4468049344 retrain.py:1100] 2019-10-09 18:44:59.065992: Step 1460: Validation accuracy = 52.0% (N=100)
INFO:tensorflow:2019-10-09 18:44:59.609528: Step 1470: Train accuracy = 94.0%
I1009 18:44:59.609584 4468049344 retrain.py:1082] 2019-10-09 18:44:59.609528: Step 1470: Train accuracy = 94.0%
INFO:tensorflow:2019-10-09 18:44:59.609721: Step 1470: Cross entropy = 0.207782
I1009 18:44:59.609732 4468049344 retrain.py:1084] 2019-10-09 18:44:59.609721: Step 1470: Cross entropy = 0.207782
INFO:tensorflow:2019-10-09 18:44:59.665081: Step 1470: Validation accuracy = 45.0% (N=100)
I1009 18:44:59.665129 4468049344 retrain.py:1100] 2019-10-09 18:44:59.665081: Step 1470: Validation accuracy = 45.0% (N=100)
INFO:tensorflow:2019-10-09 18:45:00.209458: Step 1480: Train accuracy = 97.0%
I1009 18:45:00.209513 4468049344 retrain.py:1082] 2019-10-09 18:45:00.209458: Step 1480: Train accuracy = 97.0%
INFO:tensorflow:2019-10-09 18:45:00.209637: Step 1480: Cross entropy = 0.197123
I1009 18:45:00.209648 4468049344 retrain.py:1084] 2019-10-09 18:45:00.209637: Step 1480: Cross entropy = 0.197123
INFO:tensorflow:2019-10-09 18:45:00.265225: Step 1480: Validation accuracy = 55.0% (N=100)
I1009 18:45:00.265272 4468049344 retrain.py:1100] 2019-10-09 18:45:00.265225: Step 1480: Validation accuracy = 55.0% (N=100)
INFO:tensorflow:2019-10-09 18:45:00.810939: Step 1490: Train accuracy = 97.0%
I1009 18:45:00.810981 4468049344 retrain.py:1082] 2019-10-09 18:45:00.810939: Step 1490: Train accuracy = 97.0%
INFO:tensorflow:2019-10-09 18:45:00.811104: Step 1490: Cross entropy = 0.163082
I1009 18:45:00.811114 4468049344 retrain.py:1084] 2019-10-09 18:45:00.811104: Step 1490: Cross entropy = 0.163082
INFO:tensorflow:2019-10-09 18:45:00.866428: Step 1490: Validation accuracy = 41.0% (N=100)
I1009 18:45:00.866475 4468049344 retrain.py:1100] 2019-10-09 18:45:00.866428: Step 1490: Validation accuracy = 41.0% (N=100)
INFO:tensorflow:2019-10-09 18:45:01.409890: Step 1500: Train accuracy = 96.0%
I1009 18:45:01.409934 4468049344 retrain.py:1082] 2019-10-09 18:45:01.409890: Step 1500: Train accuracy = 96.0%
INFO:tensorflow:2019-10-09 18:45:01.410059: Step 1500: Cross entropy = 0.230196
I1009 18:45:01.410089 4468049344 retrain.py:1084] 2019-10-09 18:45:01.410059: Step 1500: Cross entropy = 0.230196
INFO:tensorflow:2019-10-09 18:45:01.465554: Step 1500: Validation accuracy = 45.0% (N=100)
I1009 18:45:01.465602 4468049344 retrain.py:1100] 2019-10-09 18:45:01.465554: Step 1500: Validation accuracy = 45.0% (N=100)
INFO:tensorflow:2019-10-09 18:45:02.010048: Step 1510: Train accuracy = 99.0%
I1009 18:45:02.010102 4468049344 retrain.py:1082] 2019-10-09 18:45:02.010048: Step 1510: Train accuracy = 99.0%
INFO:tensorflow:2019-10-09 18:45:02.010239: Step 1510: Cross entropy = 0.157000
I1009 18:45:02.010250 4468049344 retrain.py:1084] 2019-10-09 18:45:02.010239: Step 1510: Cross entropy = 0.157000
INFO:tensorflow:2019-10-09 18:45:02.065275: Step 1510: Validation accuracy = 56.0% (N=100)
I1009 18:45:02.065323 4468049344 retrain.py:1100] 2019-10-09 18:45:02.065275: Step 1510: Validation accuracy = 56.0% (N=100)
INFO:tensorflow:2019-10-09 18:45:02.612512: Step 1520: Train accuracy = 95.0%
I1009 18:45:02.612569 4468049344 retrain.py:1082] 2019-10-09 18:45:02.612512: Step 1520: Train accuracy = 95.0%
INFO:tensorflow:2019-10-09 18:45:02.612709: Step 1520: Cross entropy = 0.192145
I1009 18:45:02.612719 4468049344 retrain.py:1084] 2019-10-09 18:45:02.612709: Step 1520: Cross entropy = 0.192145
INFO:tensorflow:2019-10-09 18:45:02.668749: Step 1520: Validation accuracy = 60.0% (N=100)
I1009 18:45:02.668795 4468049344 retrain.py:1100] 2019-10-09 18:45:02.668749: Step 1520: Validation accuracy = 60.0% (N=100)
INFO:tensorflow:2019-10-09 18:45:03.217423: Step 1530: Train accuracy = 98.0%
I1009 18:45:03.217478 4468049344 retrain.py:1082] 2019-10-09 18:45:03.217423: Step 1530: Train accuracy = 98.0%
INFO:tensorflow:2019-10-09 18:45:03.217604: Step 1530: Cross entropy = 0.192753
I1009 18:45:03.217615 4468049344 retrain.py:1084] 2019-10-09 18:45:03.217604: Step 1530: Cross entropy = 0.192753
INFO:tensorflow:2019-10-09 18:45:03.273130: Step 1530: Validation accuracy = 58.0% (N=100)
I1009 18:45:03.273178 4468049344 retrain.py:1100] 2019-10-09 18:45:03.273130: Step 1530: Validation accuracy = 58.0% (N=100)
INFO:tensorflow:2019-10-09 18:45:03.818131: Step 1540: Train accuracy = 96.0%
I1009 18:45:03.818186 4468049344 retrain.py:1082] 2019-10-09 18:45:03.818131: Step 1540: Train accuracy = 96.0%
INFO:tensorflow:2019-10-09 18:45:03.818325: Step 1540: Cross entropy = 0.188385
I1009 18:45:03.818335 4468049344 retrain.py:1084] 2019-10-09 18:45:03.818325: Step 1540: Cross entropy = 0.188385
INFO:tensorflow:2019-10-09 18:45:03.873548: Step 1540: Validation accuracy = 54.0% (N=100)
I1009 18:45:03.873595 4468049344 retrain.py:1100] 2019-10-09 18:45:03.873548: Step 1540: Validation accuracy = 54.0% (N=100)
INFO:tensorflow:2019-10-09 18:45:04.418874: Step 1550: Train accuracy = 94.0%
I1009 18:45:04.418931 4468049344 retrain.py:1082] 2019-10-09 18:45:04.418874: Step 1550: Train accuracy = 94.0%
INFO:tensorflow:2019-10-09 18:45:04.419068: Step 1550: Cross entropy = 0.218847
I1009 18:45:04.419078 4468049344 retrain.py:1084] 2019-10-09 18:45:04.419068: Step 1550: Cross entropy = 0.218847
INFO:tensorflow:2019-10-09 18:45:04.474168: Step 1550: Validation accuracy = 54.0% (N=100)
I1009 18:45:04.474213 4468049344 retrain.py:1100] 2019-10-09 18:45:04.474168: Step 1550: Validation accuracy = 54.0% (N=100)
INFO:tensorflow:2019-10-09 18:45:05.017411: Step 1560: Train accuracy = 99.0%
I1009 18:45:05.017455 4468049344 retrain.py:1082] 2019-10-09 18:45:05.017411: Step 1560: Train accuracy = 99.0%
INFO:tensorflow:2019-10-09 18:45:05.017593: Step 1560: Cross entropy = 0.155691
I1009 18:45:05.017604 4468049344 retrain.py:1084] 2019-10-09 18:45:05.017593: Step 1560: Cross entropy = 0.155691
INFO:tensorflow:2019-10-09 18:45:05.072745: Step 1560: Validation accuracy = 51.0% (N=100)
I1009 18:45:05.072793 4468049344 retrain.py:1100] 2019-10-09 18:45:05.072745: Step 1560: Validation accuracy = 51.0% (N=100)
INFO:tensorflow:2019-10-09 18:45:05.616737: Step 1570: Train accuracy = 98.0%
I1009 18:45:05.616783 4468049344 retrain.py:1082] 2019-10-09 18:45:05.616737: Step 1570: Train accuracy = 98.0%
INFO:tensorflow:2019-10-09 18:45:05.616910: Step 1570: Cross entropy = 0.180801
I1009 18:45:05.616921 4468049344 retrain.py:1084] 2019-10-09 18:45:05.616910: Step 1570: Cross entropy = 0.180801
INFO:tensorflow:2019-10-09 18:45:05.671869: Step 1570: Validation accuracy = 50.0% (N=100)
I1009 18:45:05.671915 4468049344 retrain.py:1100] 2019-10-09 18:45:05.671869: Step 1570: Validation accuracy = 50.0% (N=100)
INFO:tensorflow:2019-10-09 18:45:06.217116: Step 1580: Train accuracy = 99.0%
I1009 18:45:06.217171 4468049344 retrain.py:1082] 2019-10-09 18:45:06.217116: Step 1580: Train accuracy = 99.0%
INFO:tensorflow:2019-10-09 18:45:06.217307: Step 1580: Cross entropy = 0.151835
I1009 18:45:06.217317 4468049344 retrain.py:1084] 2019-10-09 18:45:06.217307: Step 1580: Cross entropy = 0.151835
INFO:tensorflow:2019-10-09 18:45:06.272088: Step 1580: Validation accuracy = 56.0% (N=100)
I1009 18:45:06.272135 4468049344 retrain.py:1100] 2019-10-09 18:45:06.272088: Step 1580: Validation accuracy = 56.0% (N=100)
INFO:tensorflow:2019-10-09 18:45:06.817042: Step 1590: Train accuracy = 96.0%
I1009 18:45:06.817085 4468049344 retrain.py:1082] 2019-10-09 18:45:06.817042: Step 1590: Train accuracy = 96.0%
INFO:tensorflow:2019-10-09 18:45:06.817208: Step 1590: Cross entropy = 0.176083
I1009 18:45:06.817218 4468049344 retrain.py:1084] 2019-10-09 18:45:06.817208: Step 1590: Cross entropy = 0.176083
INFO:tensorflow:2019-10-09 18:45:06.872574: Step 1590: Validation accuracy = 44.0% (N=100)
I1009 18:45:06.872621 4468049344 retrain.py:1100] 2019-10-09 18:45:06.872574: Step 1590: Validation accuracy = 44.0% (N=100)
INFO:tensorflow:2019-10-09 18:45:07.419269: Step 1600: Train accuracy = 96.0%
I1009 18:45:07.419312 4468049344 retrain.py:1082] 2019-10-09 18:45:07.419269: Step 1600: Train accuracy = 96.0%
INFO:tensorflow:2019-10-09 18:45:07.419436: Step 1600: Cross entropy = 0.164925
I1009 18:45:07.419446 4468049344 retrain.py:1084] 2019-10-09 18:45:07.419436: Step 1600: Cross entropy = 0.164925
INFO:tensorflow:2019-10-09 18:45:07.474780: Step 1600: Validation accuracy = 54.0% (N=100)
I1009 18:45:07.474827 4468049344 retrain.py:1100] 2019-10-09 18:45:07.474780: Step 1600: Validation accuracy = 54.0% (N=100)
INFO:tensorflow:2019-10-09 18:45:08.025285: Step 1610: Train accuracy = 97.0%
I1009 18:45:08.025341 4468049344 retrain.py:1082] 2019-10-09 18:45:08.025285: Step 1610: Train accuracy = 97.0%
INFO:tensorflow:2019-10-09 18:45:08.025464: Step 1610: Cross entropy = 0.207589
I1009 18:45:08.025475 4468049344 retrain.py:1084] 2019-10-09 18:45:08.025464: Step 1610: Cross entropy = 0.207589
INFO:tensorflow:2019-10-09 18:45:08.081264: Step 1610: Validation accuracy = 57.0% (N=100)
I1009 18:45:08.081311 4468049344 retrain.py:1100] 2019-10-09 18:45:08.081264: Step 1610: Validation accuracy = 57.0% (N=100)
INFO:tensorflow:2019-10-09 18:45:08.624488: Step 1620: Train accuracy = 96.0%
I1009 18:45:08.624543 4468049344 retrain.py:1082] 2019-10-09 18:45:08.624488: Step 1620: Train accuracy = 96.0%
INFO:tensorflow:2019-10-09 18:45:08.624671: Step 1620: Cross entropy = 0.184695
I1009 18:45:08.624681 4468049344 retrain.py:1084] 2019-10-09 18:45:08.624671: Step 1620: Cross entropy = 0.184695
INFO:tensorflow:2019-10-09 18:45:08.680245: Step 1620: Validation accuracy = 45.0% (N=100)
I1009 18:45:08.680292 4468049344 retrain.py:1100] 2019-10-09 18:45:08.680245: Step 1620: Validation accuracy = 45.0% (N=100)
INFO:tensorflow:2019-10-09 18:45:09.224251: Step 1630: Train accuracy = 95.0%
I1009 18:45:09.224307 4468049344 retrain.py:1082] 2019-10-09 18:45:09.224251: Step 1630: Train accuracy = 95.0%
INFO:tensorflow:2019-10-09 18:45:09.224443: Step 1630: Cross entropy = 0.178174
I1009 18:45:09.224453 4468049344 retrain.py:1084] 2019-10-09 18:45:09.224443: Step 1630: Cross entropy = 0.178174
INFO:tensorflow:2019-10-09 18:45:09.280023: Step 1630: Validation accuracy = 39.0% (N=100)
I1009 18:45:09.280071 4468049344 retrain.py:1100] 2019-10-09 18:45:09.280023: Step 1630: Validation accuracy = 39.0% (N=100)
INFO:tensorflow:2019-10-09 18:45:09.824814: Step 1640: Train accuracy = 95.0%
I1009 18:45:09.824869 4468049344 retrain.py:1082] 2019-10-09 18:45:09.824814: Step 1640: Train accuracy = 95.0%
INFO:tensorflow:2019-10-09 18:45:09.824994: Step 1640: Cross entropy = 0.163873
I1009 18:45:09.825026 4468049344 retrain.py:1084] 2019-10-09 18:45:09.824994: Step 1640: Cross entropy = 0.163873
INFO:tensorflow:2019-10-09 18:45:09.880190: Step 1640: Validation accuracy = 55.0% (N=100)
I1009 18:45:09.880237 4468049344 retrain.py:1100] 2019-10-09 18:45:09.880190: Step 1640: Validation accuracy = 55.0% (N=100)
INFO:tensorflow:2019-10-09 18:45:10.423710: Step 1650: Train accuracy = 100.0%
I1009 18:45:10.423767 4468049344 retrain.py:1082] 2019-10-09 18:45:10.423710: Step 1650: Train accuracy = 100.0%
INFO:tensorflow:2019-10-09 18:45:10.423904: Step 1650: Cross entropy = 0.171864
I1009 18:45:10.423914 4468049344 retrain.py:1084] 2019-10-09 18:45:10.423904: Step 1650: Cross entropy = 0.171864
INFO:tensorflow:2019-10-09 18:45:10.479070: Step 1650: Validation accuracy = 57.0% (N=100)
I1009 18:45:10.479118 4468049344 retrain.py:1100] 2019-10-09 18:45:10.479070: Step 1650: Validation accuracy = 57.0% (N=100)
INFO:tensorflow:2019-10-09 18:45:11.022835: Step 1660: Train accuracy = 99.0%
I1009 18:45:11.022877 4468049344 retrain.py:1082] 2019-10-09 18:45:11.022835: Step 1660: Train accuracy = 99.0%
INFO:tensorflow:2019-10-09 18:45:11.023002: Step 1660: Cross entropy = 0.146240
I1009 18:45:11.023013 4468049344 retrain.py:1084] 2019-10-09 18:45:11.023002: Step 1660: Cross entropy = 0.146240
INFO:tensorflow:2019-10-09 18:45:11.078148: Step 1660: Validation accuracy = 47.0% (N=100)
I1009 18:45:11.078196 4468049344 retrain.py:1100] 2019-10-09 18:45:11.078148: Step 1660: Validation accuracy = 47.0% (N=100)
INFO:tensorflow:2019-10-09 18:45:11.621901: Step 1670: Train accuracy = 99.0%
I1009 18:45:11.621946 4468049344 retrain.py:1082] 2019-10-09 18:45:11.621901: Step 1670: Train accuracy = 99.0%
INFO:tensorflow:2019-10-09 18:45:11.622095: Step 1670: Cross entropy = 0.180039
I1009 18:45:11.622106 4468049344 retrain.py:1084] 2019-10-09 18:45:11.622095: Step 1670: Cross entropy = 0.180039
INFO:tensorflow:2019-10-09 18:45:11.677294: Step 1670: Validation accuracy = 45.0% (N=100)
I1009 18:45:11.677342 4468049344 retrain.py:1100] 2019-10-09 18:45:11.677294: Step 1670: Validation accuracy = 45.0% (N=100)
INFO:tensorflow:2019-10-09 18:45:12.221783: Step 1680: Train accuracy = 99.0%
I1009 18:45:12.221839 4468049344 retrain.py:1082] 2019-10-09 18:45:12.221783: Step 1680: Train accuracy = 99.0%
INFO:tensorflow:2019-10-09 18:45:12.221980: Step 1680: Cross entropy = 0.161771
I1009 18:45:12.221990 4468049344 retrain.py:1084] 2019-10-09 18:45:12.221980: Step 1680: Cross entropy = 0.161771
INFO:tensorflow:2019-10-09 18:45:12.277539: Step 1680: Validation accuracy = 48.0% (N=100)
I1009 18:45:12.277585 4468049344 retrain.py:1100] 2019-10-09 18:45:12.277539: Step 1680: Validation accuracy = 48.0% (N=100)
INFO:tensorflow:2019-10-09 18:45:12.825799: Step 1690: Train accuracy = 99.0%
I1009 18:45:12.825855 4468049344 retrain.py:1082] 2019-10-09 18:45:12.825799: Step 1690: Train accuracy = 99.0%
INFO:tensorflow:2019-10-09 18:45:12.825992: Step 1690: Cross entropy = 0.159117
I1009 18:45:12.826004 4468049344 retrain.py:1084] 2019-10-09 18:45:12.825992: Step 1690: Cross entropy = 0.159117
INFO:tensorflow:2019-10-09 18:45:12.881383: Step 1690: Validation accuracy = 48.0% (N=100)
I1009 18:45:12.881429 4468049344 retrain.py:1100] 2019-10-09 18:45:12.881383: Step 1690: Validation accuracy = 48.0% (N=100)
INFO:tensorflow:2019-10-09 18:45:13.429929: Step 1700: Train accuracy = 95.0%
I1009 18:45:13.429986 4468049344 retrain.py:1082] 2019-10-09 18:45:13.429929: Step 1700: Train accuracy = 95.0%
INFO:tensorflow:2019-10-09 18:45:13.430108: Step 1700: Cross entropy = 0.204194
I1009 18:45:13.430118 4468049344 retrain.py:1084] 2019-10-09 18:45:13.430108: Step 1700: Cross entropy = 0.204194
INFO:tensorflow:2019-10-09 18:45:13.485345: Step 1700: Validation accuracy = 54.0% (N=100)
I1009 18:45:13.485391 4468049344 retrain.py:1100] 2019-10-09 18:45:13.485345: Step 1700: Validation accuracy = 54.0% (N=100)
INFO:tensorflow:2019-10-09 18:45:14.030840: Step 1710: Train accuracy = 97.0%
I1009 18:45:14.030883 4468049344 retrain.py:1082] 2019-10-09 18:45:14.030840: Step 1710: Train accuracy = 97.0%
INFO:tensorflow:2019-10-09 18:45:14.031021: Step 1710: Cross entropy = 0.172702
I1009 18:45:14.031029 4468049344 retrain.py:1084] 2019-10-09 18:45:14.031021: Step 1710: Cross entropy = 0.172702
INFO:tensorflow:2019-10-09 18:45:14.086273: Step 1710: Validation accuracy = 39.0% (N=100)
I1009 18:45:14.086320 4468049344 retrain.py:1100] 2019-10-09 18:45:14.086273: Step 1710: Validation accuracy = 39.0% (N=100)
INFO:tensorflow:2019-10-09 18:45:14.630695: Step 1720: Train accuracy = 98.0%
I1009 18:45:14.630750 4468049344 retrain.py:1082] 2019-10-09 18:45:14.630695: Step 1720: Train accuracy = 98.0%
INFO:tensorflow:2019-10-09 18:45:14.630874: Step 1720: Cross entropy = 0.156938
I1009 18:45:14.630884 4468049344 retrain.py:1084] 2019-10-09 18:45:14.630874: Step 1720: Cross entropy = 0.156938
INFO:tensorflow:2019-10-09 18:45:14.686176: Step 1720: Validation accuracy = 53.0% (N=100)
I1009 18:45:14.686223 4468049344 retrain.py:1100] 2019-10-09 18:45:14.686176: Step 1720: Validation accuracy = 53.0% (N=100)
INFO:tensorflow:2019-10-09 18:45:15.231212: Step 1730: Train accuracy = 96.0%
I1009 18:45:15.231268 4468049344 retrain.py:1082] 2019-10-09 18:45:15.231212: Step 1730: Train accuracy = 96.0%
INFO:tensorflow:2019-10-09 18:45:15.231406: Step 1730: Cross entropy = 0.188915
I1009 18:45:15.231415 4468049344 retrain.py:1084] 2019-10-09 18:45:15.231406: Step 1730: Cross entropy = 0.188915
INFO:tensorflow:2019-10-09 18:45:15.286899: Step 1730: Validation accuracy = 58.0% (N=100)
I1009 18:45:15.286947 4468049344 retrain.py:1100] 2019-10-09 18:45:15.286899: Step 1730: Validation accuracy = 58.0% (N=100)
INFO:tensorflow:2019-10-09 18:45:15.831365: Step 1740: Train accuracy = 97.0%
I1009 18:45:15.831412 4468049344 retrain.py:1082] 2019-10-09 18:45:15.831365: Step 1740: Train accuracy = 97.0%
INFO:tensorflow:2019-10-09 18:45:15.831565: Step 1740: Cross entropy = 0.170266
I1009 18:45:15.831577 4468049344 retrain.py:1084] 2019-10-09 18:45:15.831565: Step 1740: Cross entropy = 0.170266
INFO:tensorflow:2019-10-09 18:45:15.886798: Step 1740: Validation accuracy = 56.0% (N=100)
I1009 18:45:15.886846 4468049344 retrain.py:1100] 2019-10-09 18:45:15.886798: Step 1740: Validation accuracy = 56.0% (N=100)
INFO:tensorflow:2019-10-09 18:45:16.430755: Step 1750: Train accuracy = 99.0%
I1009 18:45:16.430812 4468049344 retrain.py:1082] 2019-10-09 18:45:16.430755: Step 1750: Train accuracy = 99.0%
INFO:tensorflow:2019-10-09 18:45:16.430951: Step 1750: Cross entropy = 0.153711
I1009 18:45:16.430961 4468049344 retrain.py:1084] 2019-10-09 18:45:16.430951: Step 1750: Cross entropy = 0.153711
INFO:tensorflow:2019-10-09 18:45:16.486189: Step 1750: Validation accuracy = 60.0% (N=100)
I1009 18:45:16.486235 4468049344 retrain.py:1100] 2019-10-09 18:45:16.486189: Step 1750: Validation accuracy = 60.0% (N=100)
INFO:tensorflow:2019-10-09 18:45:17.031917: Step 1760: Train accuracy = 98.0%
I1009 18:45:17.031972 4468049344 retrain.py:1082] 2019-10-09 18:45:17.031917: Step 1760: Train accuracy = 98.0%
INFO:tensorflow:2019-10-09 18:45:17.032108: Step 1760: Cross entropy = 0.160217
I1009 18:45:17.032119 4468049344 retrain.py:1084] 2019-10-09 18:45:17.032108: Step 1760: Cross entropy = 0.160217
INFO:tensorflow:2019-10-09 18:45:17.087530: Step 1760: Validation accuracy = 51.0% (N=100)
I1009 18:45:17.087577 4468049344 retrain.py:1100] 2019-10-09 18:45:17.087530: Step 1760: Validation accuracy = 51.0% (N=100)
INFO:tensorflow:2019-10-09 18:45:17.631104: Step 1770: Train accuracy = 98.0%
I1009 18:45:17.631152 4468049344 retrain.py:1082] 2019-10-09 18:45:17.631104: Step 1770: Train accuracy = 98.0%
INFO:tensorflow:2019-10-09 18:45:17.631264: Step 1770: Cross entropy = 0.168984
I1009 18:45:17.631274 4468049344 retrain.py:1084] 2019-10-09 18:45:17.631264: Step 1770: Cross entropy = 0.168984
INFO:tensorflow:2019-10-09 18:45:17.686648: Step 1770: Validation accuracy = 55.0% (N=100)
I1009 18:45:17.686694 4468049344 retrain.py:1100] 2019-10-09 18:45:17.686648: Step 1770: Validation accuracy = 55.0% (N=100)
INFO:tensorflow:2019-10-09 18:45:18.236973: Step 1780: Train accuracy = 98.0%
I1009 18:45:18.237015 4468049344 retrain.py:1082] 2019-10-09 18:45:18.236973: Step 1780: Train accuracy = 98.0%
INFO:tensorflow:2019-10-09 18:45:18.237152: Step 1780: Cross entropy = 0.168206
I1009 18:45:18.237163 4468049344 retrain.py:1084] 2019-10-09 18:45:18.237152: Step 1780: Cross entropy = 0.168206
INFO:tensorflow:2019-10-09 18:45:18.293016: Step 1780: Validation accuracy = 55.0% (N=100)
I1009 18:45:18.293061 4468049344 retrain.py:1100] 2019-10-09 18:45:18.293016: Step 1780: Validation accuracy = 55.0% (N=100)
INFO:tensorflow:2019-10-09 18:45:18.837129: Step 1790: Train accuracy = 99.0%
I1009 18:45:18.837184 4468049344 retrain.py:1082] 2019-10-09 18:45:18.837129: Step 1790: Train accuracy = 99.0%
INFO:tensorflow:2019-10-09 18:45:18.837309: Step 1790: Cross entropy = 0.175899
I1009 18:45:18.837321 4468049344 retrain.py:1084] 2019-10-09 18:45:18.837309: Step 1790: Cross entropy = 0.175899
INFO:tensorflow:2019-10-09 18:45:18.892782: Step 1790: Validation accuracy = 53.0% (N=100)
I1009 18:45:18.892828 4468049344 retrain.py:1100] 2019-10-09 18:45:18.892782: Step 1790: Validation accuracy = 53.0% (N=100)
INFO:tensorflow:2019-10-09 18:45:19.438097: Step 1800: Train accuracy = 94.0%
I1009 18:45:19.438153 4468049344 retrain.py:1082] 2019-10-09 18:45:19.438097: Step 1800: Train accuracy = 94.0%
INFO:tensorflow:2019-10-09 18:45:19.438276: Step 1800: Cross entropy = 0.185855
I1009 18:45:19.438287 4468049344 retrain.py:1084] 2019-10-09 18:45:19.438276: Step 1800: Cross entropy = 0.185855
INFO:tensorflow:2019-10-09 18:45:19.493443: Step 1800: Validation accuracy = 54.0% (N=100)
I1009 18:45:19.493489 4468049344 retrain.py:1100] 2019-10-09 18:45:19.493443: Step 1800: Validation accuracy = 54.0% (N=100)
INFO:tensorflow:2019-10-09 18:45:20.036607: Step 1810: Train accuracy = 98.0%
I1009 18:45:20.036664 4468049344 retrain.py:1082] 2019-10-09 18:45:20.036607: Step 1810: Train accuracy = 98.0%
INFO:tensorflow:2019-10-09 18:45:20.036811: Step 1810: Cross entropy = 0.161933
I1009 18:45:20.036822 4468049344 retrain.py:1084] 2019-10-09 18:45:20.036811: Step 1810: Cross entropy = 0.161933
INFO:tensorflow:2019-10-09 18:45:20.092331: Step 1810: Validation accuracy = 56.0% (N=100)
I1009 18:45:20.092378 4468049344 retrain.py:1100] 2019-10-09 18:45:20.092331: Step 1810: Validation accuracy = 56.0% (N=100)
INFO:tensorflow:2019-10-09 18:45:20.637182: Step 1820: Train accuracy = 100.0%
I1009 18:45:20.637224 4468049344 retrain.py:1082] 2019-10-09 18:45:20.637182: Step 1820: Train accuracy = 100.0%
INFO:tensorflow:2019-10-09 18:45:20.637362: Step 1820: Cross entropy = 0.165100
I1009 18:45:20.637372 4468049344 retrain.py:1084] 2019-10-09 18:45:20.637362: Step 1820: Cross entropy = 0.165100
INFO:tensorflow:2019-10-09 18:45:20.692543: Step 1820: Validation accuracy = 49.0% (N=100)
I1009 18:45:20.692591 4468049344 retrain.py:1100] 2019-10-09 18:45:20.692543: Step 1820: Validation accuracy = 49.0% (N=100)
INFO:tensorflow:2019-10-09 18:45:21.236439: Step 1830: Train accuracy = 100.0%
I1009 18:45:21.236495 4468049344 retrain.py:1082] 2019-10-09 18:45:21.236439: Step 1830: Train accuracy = 100.0%
INFO:tensorflow:2019-10-09 18:45:21.236636: Step 1830: Cross entropy = 0.134829
I1009 18:45:21.236647 4468049344 retrain.py:1084] 2019-10-09 18:45:21.236636: Step 1830: Cross entropy = 0.134829
INFO:tensorflow:2019-10-09 18:45:21.292718: Step 1830: Validation accuracy = 55.0% (N=100)
I1009 18:45:21.292764 4468049344 retrain.py:1100] 2019-10-09 18:45:21.292718: Step 1830: Validation accuracy = 55.0% (N=100)
INFO:tensorflow:2019-10-09 18:45:21.836962: Step 1840: Train accuracy = 95.0%
I1009 18:45:21.837018 4468049344 retrain.py:1082] 2019-10-09 18:45:21.836962: Step 1840: Train accuracy = 95.0%
INFO:tensorflow:2019-10-09 18:45:21.837146: Step 1840: Cross entropy = 0.206268
I1009 18:45:21.837157 4468049344 retrain.py:1084] 2019-10-09 18:45:21.837146: Step 1840: Cross entropy = 0.206268
INFO:tensorflow:2019-10-09 18:45:21.892702: Step 1840: Validation accuracy = 53.0% (N=100)
I1009 18:45:21.892750 4468049344 retrain.py:1100] 2019-10-09 18:45:21.892702: Step 1840: Validation accuracy = 53.0% (N=100)
INFO:tensorflow:2019-10-09 18:45:22.437986: Step 1850: Train accuracy = 97.0%
I1009 18:45:22.438042 4468049344 retrain.py:1082] 2019-10-09 18:45:22.437986: Step 1850: Train accuracy = 97.0%
INFO:tensorflow:2019-10-09 18:45:22.438182: Step 1850: Cross entropy = 0.167980
I1009 18:45:22.438192 4468049344 retrain.py:1084] 2019-10-09 18:45:22.438182: Step 1850: Cross entropy = 0.167980
INFO:tensorflow:2019-10-09 18:45:22.493424: Step 1850: Validation accuracy = 52.0% (N=100)
I1009 18:45:22.493474 4468049344 retrain.py:1100] 2019-10-09 18:45:22.493424: Step 1850: Validation accuracy = 52.0% (N=100)
INFO:tensorflow:2019-10-09 18:45:23.043331: Step 1860: Train accuracy = 98.0%
I1009 18:45:23.043386 4468049344 retrain.py:1082] 2019-10-09 18:45:23.043331: Step 1860: Train accuracy = 98.0%
INFO:tensorflow:2019-10-09 18:45:23.043509: Step 1860: Cross entropy = 0.167297
I1009 18:45:23.043540 4468049344 retrain.py:1084] 2019-10-09 18:45:23.043509: Step 1860: Cross entropy = 0.167297
INFO:tensorflow:2019-10-09 18:45:23.099051: Step 1860: Validation accuracy = 56.0% (N=100)
I1009 18:45:23.099098 4468049344 retrain.py:1100] 2019-10-09 18:45:23.099051: Step 1860: Validation accuracy = 56.0% (N=100)
INFO:tensorflow:2019-10-09 18:45:23.643448: Step 1870: Train accuracy = 96.0%
I1009 18:45:23.643504 4468049344 retrain.py:1082] 2019-10-09 18:45:23.643448: Step 1870: Train accuracy = 96.0%
INFO:tensorflow:2019-10-09 18:45:23.643627: Step 1870: Cross entropy = 0.152112
I1009 18:45:23.643638 4468049344 retrain.py:1084] 2019-10-09 18:45:23.643627: Step 1870: Cross entropy = 0.152112
INFO:tensorflow:2019-10-09 18:45:23.698916: Step 1870: Validation accuracy = 42.0% (N=100)
I1009 18:45:23.698961 4468049344 retrain.py:1100] 2019-10-09 18:45:23.698916: Step 1870: Validation accuracy = 42.0% (N=100)
INFO:tensorflow:2019-10-09 18:45:24.242966: Step 1880: Train accuracy = 98.0%
I1009 18:45:24.243010 4468049344 retrain.py:1082] 2019-10-09 18:45:24.242966: Step 1880: Train accuracy = 98.0%
INFO:tensorflow:2019-10-09 18:45:24.243136: Step 1880: Cross entropy = 0.171512
I1009 18:45:24.243145 4468049344 retrain.py:1084] 2019-10-09 18:45:24.243136: Step 1880: Cross entropy = 0.171512
INFO:tensorflow:2019-10-09 18:45:24.299078: Step 1880: Validation accuracy = 43.0% (N=100)
I1009 18:45:24.299125 4468049344 retrain.py:1100] 2019-10-09 18:45:24.299078: Step 1880: Validation accuracy = 43.0% (N=100)
INFO:tensorflow:2019-10-09 18:45:24.844045: Step 1890: Train accuracy = 99.0%
I1009 18:45:24.844095 4468049344 retrain.py:1082] 2019-10-09 18:45:24.844045: Step 1890: Train accuracy = 99.0%
INFO:tensorflow:2019-10-09 18:45:24.844230: Step 1890: Cross entropy = 0.163317
I1009 18:45:24.844241 4468049344 retrain.py:1084] 2019-10-09 18:45:24.844230: Step 1890: Cross entropy = 0.163317
INFO:tensorflow:2019-10-09 18:45:24.899447: Step 1890: Validation accuracy = 57.0% (N=100)
I1009 18:45:24.899493 4468049344 retrain.py:1100] 2019-10-09 18:45:24.899447: Step 1890: Validation accuracy = 57.0% (N=100)
INFO:tensorflow:2019-10-09 18:45:25.443360: Step 1900: Train accuracy = 98.0%
I1009 18:45:25.443416 4468049344 retrain.py:1082] 2019-10-09 18:45:25.443360: Step 1900: Train accuracy = 98.0%
INFO:tensorflow:2019-10-09 18:45:25.443554: Step 1900: Cross entropy = 0.160403
I1009 18:45:25.443563 4468049344 retrain.py:1084] 2019-10-09 18:45:25.443554: Step 1900: Cross entropy = 0.160403
INFO:tensorflow:2019-10-09 18:45:25.499203: Step 1900: Validation accuracy = 46.0% (N=100)
I1009 18:45:25.499249 4468049344 retrain.py:1100] 2019-10-09 18:45:25.499203: Step 1900: Validation accuracy = 46.0% (N=100)
INFO:tensorflow:2019-10-09 18:45:26.043761: Step 1910: Train accuracy = 98.0%
I1009 18:45:26.043804 4468049344 retrain.py:1082] 2019-10-09 18:45:26.043761: Step 1910: Train accuracy = 98.0%
INFO:tensorflow:2019-10-09 18:45:26.043943: Step 1910: Cross entropy = 0.173817
I1009 18:45:26.043953 4468049344 retrain.py:1084] 2019-10-09 18:45:26.043943: Step 1910: Cross entropy = 0.173817
INFO:tensorflow:2019-10-09 18:45:26.099571: Step 1910: Validation accuracy = 53.0% (N=100)
I1009 18:45:26.099619 4468049344 retrain.py:1100] 2019-10-09 18:45:26.099571: Step 1910: Validation accuracy = 53.0% (N=100)
INFO:tensorflow:2019-10-09 18:45:26.644846: Step 1920: Train accuracy = 98.0%
I1009 18:45:26.644890 4468049344 retrain.py:1082] 2019-10-09 18:45:26.644846: Step 1920: Train accuracy = 98.0%
INFO:tensorflow:2019-10-09 18:45:26.645039: Step 1920: Cross entropy = 0.150992
I1009 18:45:26.645049 4468049344 retrain.py:1084] 2019-10-09 18:45:26.645039: Step 1920: Cross entropy = 0.150992
INFO:tensorflow:2019-10-09 18:45:26.700295: Step 1920: Validation accuracy = 47.0% (N=100)
I1009 18:45:26.700340 4468049344 retrain.py:1100] 2019-10-09 18:45:26.700295: Step 1920: Validation accuracy = 47.0% (N=100)
INFO:tensorflow:2019-10-09 18:45:27.245180: Step 1930: Train accuracy = 98.0%
I1009 18:45:27.245235 4468049344 retrain.py:1082] 2019-10-09 18:45:27.245180: Step 1930: Train accuracy = 98.0%
INFO:tensorflow:2019-10-09 18:45:27.245360: Step 1930: Cross entropy = 0.151942
I1009 18:45:27.245370 4468049344 retrain.py:1084] 2019-10-09 18:45:27.245360: Step 1930: Cross entropy = 0.151942
INFO:tensorflow:2019-10-09 18:45:27.301005: Step 1930: Validation accuracy = 47.0% (N=100)
I1009 18:45:27.301051 4468049344 retrain.py:1100] 2019-10-09 18:45:27.301005: Step 1930: Validation accuracy = 47.0% (N=100)
INFO:tensorflow:2019-10-09 18:45:27.846585: Step 1940: Train accuracy = 97.0%
I1009 18:45:27.846630 4468049344 retrain.py:1082] 2019-10-09 18:45:27.846585: Step 1940: Train accuracy = 97.0%
INFO:tensorflow:2019-10-09 18:45:27.846748: Step 1940: Cross entropy = 0.159092
I1009 18:45:27.846758 4468049344 retrain.py:1084] 2019-10-09 18:45:27.846748: Step 1940: Cross entropy = 0.159092
INFO:tensorflow:2019-10-09 18:45:27.908416: Step 1940: Validation accuracy = 53.0% (N=100)
I1009 18:45:27.908460 4468049344 retrain.py:1100] 2019-10-09 18:45:27.908416: Step 1940: Validation accuracy = 53.0% (N=100)
INFO:tensorflow:2019-10-09 18:45:28.453416: Step 1950: Train accuracy = 100.0%
I1009 18:45:28.453473 4468049344 retrain.py:1082] 2019-10-09 18:45:28.453416: Step 1950: Train accuracy = 100.0%
INFO:tensorflow:2019-10-09 18:45:28.453613: Step 1950: Cross entropy = 0.132298
I1009 18:45:28.453623 4468049344 retrain.py:1084] 2019-10-09 18:45:28.453613: Step 1950: Cross entropy = 0.132298
INFO:tensorflow:2019-10-09 18:45:28.510459: Step 1950: Validation accuracy = 50.0% (N=100)
I1009 18:45:28.510508 4468049344 retrain.py:1100] 2019-10-09 18:45:28.510459: Step 1950: Validation accuracy = 50.0% (N=100)
INFO:tensorflow:2019-10-09 18:45:29.058183: Step 1960: Train accuracy = 98.0%
I1009 18:45:29.058227 4468049344 retrain.py:1082] 2019-10-09 18:45:29.058183: Step 1960: Train accuracy = 98.0%
INFO:tensorflow:2019-10-09 18:45:29.058339: Step 1960: Cross entropy = 0.143105
I1009 18:45:29.058351 4468049344 retrain.py:1084] 2019-10-09 18:45:29.058339: Step 1960: Cross entropy = 0.143105
INFO:tensorflow:2019-10-09 18:45:29.114078: Step 1960: Validation accuracy = 52.0% (N=100)
I1009 18:45:29.114125 4468049344 retrain.py:1100] 2019-10-09 18:45:29.114078: Step 1960: Validation accuracy = 52.0% (N=100)
INFO:tensorflow:2019-10-09 18:45:29.659554: Step 1970: Train accuracy = 99.0%
I1009 18:45:29.659598 4468049344 retrain.py:1082] 2019-10-09 18:45:29.659554: Step 1970: Train accuracy = 99.0%
INFO:tensorflow:2019-10-09 18:45:29.659722: Step 1970: Cross entropy = 0.141485
I1009 18:45:29.659734 4468049344 retrain.py:1084] 2019-10-09 18:45:29.659722: Step 1970: Cross entropy = 0.141485
INFO:tensorflow:2019-10-09 18:45:29.714885: Step 1970: Validation accuracy = 63.0% (N=100)
I1009 18:45:29.714932 4468049344 retrain.py:1100] 2019-10-09 18:45:29.714885: Step 1970: Validation accuracy = 63.0% (N=100)
INFO:tensorflow:2019-10-09 18:45:30.259314: Step 1980: Train accuracy = 98.0%
I1009 18:45:30.259370 4468049344 retrain.py:1082] 2019-10-09 18:45:30.259314: Step 1980: Train accuracy = 98.0%
INFO:tensorflow:2019-10-09 18:45:30.259491: Step 1980: Cross entropy = 0.154448
I1009 18:45:30.259502 4468049344 retrain.py:1084] 2019-10-09 18:45:30.259491: Step 1980: Cross entropy = 0.154448
INFO:tensorflow:2019-10-09 18:45:30.315041: Step 1980: Validation accuracy = 47.0% (N=100)
I1009 18:45:30.315089 4468049344 retrain.py:1100] 2019-10-09 18:45:30.315041: Step 1980: Validation accuracy = 47.0% (N=100)
INFO:tensorflow:2019-10-09 18:45:30.859799: Step 1990: Train accuracy = 98.0%
I1009 18:45:30.859844 4468049344 retrain.py:1082] 2019-10-09 18:45:30.859799: Step 1990: Train accuracy = 98.0%
INFO:tensorflow:2019-10-09 18:45:30.859992: Step 1990: Cross entropy = 0.182691
I1009 18:45:30.860004 4468049344 retrain.py:1084] 2019-10-09 18:45:30.859992: Step 1990: Cross entropy = 0.182691
INFO:tensorflow:2019-10-09 18:45:30.915324: Step 1990: Validation accuracy = 50.0% (N=100)
I1009 18:45:30.915370 4468049344 retrain.py:1100] 2019-10-09 18:45:30.915324: Step 1990: Validation accuracy = 50.0% (N=100)
INFO:tensorflow:2019-10-09 18:45:31.459563: Step 2000: Train accuracy = 99.0%
I1009 18:45:31.459607 4468049344 retrain.py:1082] 2019-10-09 18:45:31.459563: Step 2000: Train accuracy = 99.0%
INFO:tensorflow:2019-10-09 18:45:31.459731: Step 2000: Cross entropy = 0.165139
I1009 18:45:31.459763 4468049344 retrain.py:1084] 2019-10-09 18:45:31.459731: Step 2000: Cross entropy = 0.165139
INFO:tensorflow:2019-10-09 18:45:31.514999: Step 2000: Validation accuracy = 58.0% (N=100)
I1009 18:45:31.515046 4468049344 retrain.py:1100] 2019-10-09 18:45:31.514999: Step 2000: Validation accuracy = 58.0% (N=100)
INFO:tensorflow:2019-10-09 18:45:32.060352: Step 2010: Train accuracy = 100.0%
I1009 18:45:32.060408 4468049344 retrain.py:1082] 2019-10-09 18:45:32.060352: Step 2010: Train accuracy = 100.0%
INFO:tensorflow:2019-10-09 18:45:32.060534: Step 2010: Cross entropy = 0.135625
I1009 18:45:32.060544 4468049344 retrain.py:1084] 2019-10-09 18:45:32.060534: Step 2010: Cross entropy = 0.135625
INFO:tensorflow:2019-10-09 18:45:32.115963: Step 2010: Validation accuracy = 50.0% (N=100)
I1009 18:45:32.116010 4468049344 retrain.py:1100] 2019-10-09 18:45:32.115963: Step 2010: Validation accuracy = 50.0% (N=100)
INFO:tensorflow:2019-10-09 18:45:32.661111: Step 2020: Train accuracy = 99.0%
I1009 18:45:32.661167 4468049344 retrain.py:1082] 2019-10-09 18:45:32.661111: Step 2020: Train accuracy = 99.0%
INFO:tensorflow:2019-10-09 18:45:32.661304: Step 2020: Cross entropy = 0.145791
I1009 18:45:32.661316 4468049344 retrain.py:1084] 2019-10-09 18:45:32.661304: Step 2020: Cross entropy = 0.145791
INFO:tensorflow:2019-10-09 18:45:32.716579: Step 2020: Validation accuracy = 53.0% (N=100)
I1009 18:45:32.716626 4468049344 retrain.py:1100] 2019-10-09 18:45:32.716579: Step 2020: Validation accuracy = 53.0% (N=100)
INFO:tensorflow:2019-10-09 18:45:33.265733: Step 2030: Train accuracy = 99.0%
I1009 18:45:33.265776 4468049344 retrain.py:1082] 2019-10-09 18:45:33.265733: Step 2030: Train accuracy = 99.0%
INFO:tensorflow:2019-10-09 18:45:33.265914: Step 2030: Cross entropy = 0.155586
I1009 18:45:33.265923 4468049344 retrain.py:1084] 2019-10-09 18:45:33.265914: Step 2030: Cross entropy = 0.155586
INFO:tensorflow:2019-10-09 18:45:33.321498: Step 2030: Validation accuracy = 41.0% (N=100)
I1009 18:45:33.321546 4468049344 retrain.py:1100] 2019-10-09 18:45:33.321498: Step 2030: Validation accuracy = 41.0% (N=100)
INFO:tensorflow:2019-10-09 18:45:33.867299: Step 2040: Train accuracy = 98.0%
I1009 18:45:33.867354 4468049344 retrain.py:1082] 2019-10-09 18:45:33.867299: Step 2040: Train accuracy = 98.0%
INFO:tensorflow:2019-10-09 18:45:33.867477: Step 2040: Cross entropy = 0.154729
I1009 18:45:33.867507 4468049344 retrain.py:1084] 2019-10-09 18:45:33.867477: Step 2040: Cross entropy = 0.154729
INFO:tensorflow:2019-10-09 18:45:33.922835: Step 2040: Validation accuracy = 53.0% (N=100)
I1009 18:45:33.922883 4468049344 retrain.py:1100] 2019-10-09 18:45:33.922835: Step 2040: Validation accuracy = 53.0% (N=100)
INFO:tensorflow:2019-10-09 18:45:34.467369: Step 2050: Train accuracy = 99.0%
I1009 18:45:34.467412 4468049344 retrain.py:1082] 2019-10-09 18:45:34.467369: Step 2050: Train accuracy = 99.0%
INFO:tensorflow:2019-10-09 18:45:34.467554: Step 2050: Cross entropy = 0.153233
I1009 18:45:34.467565 4468049344 retrain.py:1084] 2019-10-09 18:45:34.467554: Step 2050: Cross entropy = 0.153233
INFO:tensorflow:2019-10-09 18:45:34.523036: Step 2050: Validation accuracy = 49.0% (N=100)
I1009 18:45:34.523083 4468049344 retrain.py:1100] 2019-10-09 18:45:34.523036: Step 2050: Validation accuracy = 49.0% (N=100)
INFO:tensorflow:2019-10-09 18:45:35.068975: Step 2060: Train accuracy = 98.0%
I1009 18:45:35.069029 4468049344 retrain.py:1082] 2019-10-09 18:45:35.068975: Step 2060: Train accuracy = 98.0%
INFO:tensorflow:2019-10-09 18:45:35.069157: Step 2060: Cross entropy = 0.144425
I1009 18:45:35.069181 4468049344 retrain.py:1084] 2019-10-09 18:45:35.069157: Step 2060: Cross entropy = 0.144425
INFO:tensorflow:2019-10-09 18:45:35.124320: Step 2060: Validation accuracy = 52.0% (N=100)
I1009 18:45:35.124366 4468049344 retrain.py:1100] 2019-10-09 18:45:35.124320: Step 2060: Validation accuracy = 52.0% (N=100)
INFO:tensorflow:2019-10-09 18:45:35.668566: Step 2070: Train accuracy = 100.0%
I1009 18:45:35.668621 4468049344 retrain.py:1082] 2019-10-09 18:45:35.668566: Step 2070: Train accuracy = 100.0%
INFO:tensorflow:2019-10-09 18:45:35.668757: Step 2070: Cross entropy = 0.136908
I1009 18:45:35.668767 4468049344 retrain.py:1084] 2019-10-09 18:45:35.668757: Step 2070: Cross entropy = 0.136908
INFO:tensorflow:2019-10-09 18:45:35.724212: Step 2070: Validation accuracy = 49.0% (N=100)
I1009 18:45:35.724261 4468049344 retrain.py:1100] 2019-10-09 18:45:35.724212: Step 2070: Validation accuracy = 49.0% (N=100)
INFO:tensorflow:2019-10-09 18:45:36.268917: Step 2080: Train accuracy = 100.0%
I1009 18:45:36.268973 4468049344 retrain.py:1082] 2019-10-09 18:45:36.268917: Step 2080: Train accuracy = 100.0%
INFO:tensorflow:2019-10-09 18:45:36.269112: Step 2080: Cross entropy = 0.143863
I1009 18:45:36.269123 4468049344 retrain.py:1084] 2019-10-09 18:45:36.269112: Step 2080: Cross entropy = 0.143863
INFO:tensorflow:2019-10-09 18:45:36.324642: Step 2080: Validation accuracy = 53.0% (N=100)
I1009 18:45:36.324687 4468049344 retrain.py:1100] 2019-10-09 18:45:36.324642: Step 2080: Validation accuracy = 53.0% (N=100)
INFO:tensorflow:2019-10-09 18:45:36.868745: Step 2090: Train accuracy = 98.0%
I1009 18:45:36.868788 4468049344 retrain.py:1082] 2019-10-09 18:45:36.868745: Step 2090: Train accuracy = 98.0%
INFO:tensorflow:2019-10-09 18:45:36.868938: Step 2090: Cross entropy = 0.150187
I1009 18:45:36.868947 4468049344 retrain.py:1084] 2019-10-09 18:45:36.868938: Step 2090: Cross entropy = 0.150187
INFO:tensorflow:2019-10-09 18:45:36.924294: Step 2090: Validation accuracy = 49.0% (N=100)
I1009 18:45:36.924340 4468049344 retrain.py:1100] 2019-10-09 18:45:36.924294: Step 2090: Validation accuracy = 49.0% (N=100)
INFO:tensorflow:2019-10-09 18:45:37.469289: Step 2100: Train accuracy = 97.0%
I1009 18:45:37.469343 4468049344 retrain.py:1082] 2019-10-09 18:45:37.469289: Step 2100: Train accuracy = 97.0%
INFO:tensorflow:2019-10-09 18:45:37.469482: Step 2100: Cross entropy = 0.155187
I1009 18:45:37.469491 4468049344 retrain.py:1084] 2019-10-09 18:45:37.469482: Step 2100: Cross entropy = 0.155187
INFO:tensorflow:2019-10-09 18:45:37.524924: Step 2100: Validation accuracy = 51.0% (N=100)
I1009 18:45:37.524971 4468049344 retrain.py:1100] 2019-10-09 18:45:37.524924: Step 2100: Validation accuracy = 51.0% (N=100)
INFO:tensorflow:2019-10-09 18:45:38.075835: Step 2110: Train accuracy = 98.0%
I1009 18:45:38.075891 4468049344 retrain.py:1082] 2019-10-09 18:45:38.075835: Step 2110: Train accuracy = 98.0%
INFO:tensorflow:2019-10-09 18:45:38.076015: Step 2110: Cross entropy = 0.140747
I1009 18:45:38.076025 4468049344 retrain.py:1084] 2019-10-09 18:45:38.076015: Step 2110: Cross entropy = 0.140747
INFO:tensorflow:2019-10-09 18:45:38.131263: Step 2110: Validation accuracy = 54.0% (N=100)
I1009 18:45:38.131311 4468049344 retrain.py:1100] 2019-10-09 18:45:38.131263: Step 2110: Validation accuracy = 54.0% (N=100)
INFO:tensorflow:2019-10-09 18:45:38.676648: Step 2120: Train accuracy = 99.0%
I1009 18:45:38.676691 4468049344 retrain.py:1082] 2019-10-09 18:45:38.676648: Step 2120: Train accuracy = 99.0%
INFO:tensorflow:2019-10-09 18:45:38.676828: Step 2120: Cross entropy = 0.135417
I1009 18:45:38.676838 4468049344 retrain.py:1084] 2019-10-09 18:45:38.676828: Step 2120: Cross entropy = 0.135417
INFO:tensorflow:2019-10-09 18:45:38.732270: Step 2120: Validation accuracy = 50.0% (N=100)
I1009 18:45:38.732316 4468049344 retrain.py:1100] 2019-10-09 18:45:38.732270: Step 2120: Validation accuracy = 50.0% (N=100)
INFO:tensorflow:2019-10-09 18:45:39.278139: Step 2130: Train accuracy = 93.0%
I1009 18:45:39.278194 4468049344 retrain.py:1082] 2019-10-09 18:45:39.278139: Step 2130: Train accuracy = 93.0%
INFO:tensorflow:2019-10-09 18:45:39.278331: Step 2130: Cross entropy = 0.199860
I1009 18:45:39.278341 4468049344 retrain.py:1084] 2019-10-09 18:45:39.278331: Step 2130: Cross entropy = 0.199860
INFO:tensorflow:2019-10-09 18:45:39.334275: Step 2130: Validation accuracy = 51.0% (N=100)
I1009 18:45:39.334321 4468049344 retrain.py:1100] 2019-10-09 18:45:39.334275: Step 2130: Validation accuracy = 51.0% (N=100)
INFO:tensorflow:2019-10-09 18:45:39.879870: Step 2140: Train accuracy = 96.0%
I1009 18:45:39.879927 4468049344 retrain.py:1082] 2019-10-09 18:45:39.879870: Step 2140: Train accuracy = 96.0%
INFO:tensorflow:2019-10-09 18:45:39.880064: Step 2140: Cross entropy = 0.167951
I1009 18:45:39.880074 4468049344 retrain.py:1084] 2019-10-09 18:45:39.880064: Step 2140: Cross entropy = 0.167951
INFO:tensorflow:2019-10-09 18:45:39.935562: Step 2140: Validation accuracy = 54.0% (N=100)
I1009 18:45:39.935608 4468049344 retrain.py:1100] 2019-10-09 18:45:39.935562: Step 2140: Validation accuracy = 54.0% (N=100)
INFO:tensorflow:2019-10-09 18:45:40.480143: Step 2150: Train accuracy = 99.0%
I1009 18:45:40.480200 4468049344 retrain.py:1082] 2019-10-09 18:45:40.480143: Step 2150: Train accuracy = 99.0%
INFO:tensorflow:2019-10-09 18:45:40.480337: Step 2150: Cross entropy = 0.149850
I1009 18:45:40.480348 4468049344 retrain.py:1084] 2019-10-09 18:45:40.480337: Step 2150: Cross entropy = 0.149850
INFO:tensorflow:2019-10-09 18:45:40.535640: Step 2150: Validation accuracy = 50.0% (N=100)
I1009 18:45:40.535687 4468049344 retrain.py:1100] 2019-10-09 18:45:40.535640: Step 2150: Validation accuracy = 50.0% (N=100)
INFO:tensorflow:2019-10-09 18:45:41.081672: Step 2160: Train accuracy = 100.0%
I1009 18:45:41.081727 4468049344 retrain.py:1082] 2019-10-09 18:45:41.081672: Step 2160: Train accuracy = 100.0%
INFO:tensorflow:2019-10-09 18:45:41.081864: Step 2160: Cross entropy = 0.145560
I1009 18:45:41.081874 4468049344 retrain.py:1084] 2019-10-09 18:45:41.081864: Step 2160: Cross entropy = 0.145560
INFO:tensorflow:2019-10-09 18:45:41.137378: Step 2160: Validation accuracy = 60.0% (N=100)
I1009 18:45:41.137425 4468049344 retrain.py:1100] 2019-10-09 18:45:41.137378: Step 2160: Validation accuracy = 60.0% (N=100)
INFO:tensorflow:2019-10-09 18:45:41.681892: Step 2170: Train accuracy = 98.0%
I1009 18:45:41.681947 4468049344 retrain.py:1082] 2019-10-09 18:45:41.681892: Step 2170: Train accuracy = 98.0%
INFO:tensorflow:2019-10-09 18:45:41.682073: Step 2170: Cross entropy = 0.129859
I1009 18:45:41.682084 4468049344 retrain.py:1084] 2019-10-09 18:45:41.682073: Step 2170: Cross entropy = 0.129859
INFO:tensorflow:2019-10-09 18:45:41.737388: Step 2170: Validation accuracy = 61.0% (N=100)
I1009 18:45:41.737434 4468049344 retrain.py:1100] 2019-10-09 18:45:41.737388: Step 2170: Validation accuracy = 61.0% (N=100)
INFO:tensorflow:2019-10-09 18:45:42.282528: Step 2180: Train accuracy = 96.0%
I1009 18:45:42.282585 4468049344 retrain.py:1082] 2019-10-09 18:45:42.282528: Step 2180: Train accuracy = 96.0%
INFO:tensorflow:2019-10-09 18:45:42.282712: Step 2180: Cross entropy = 0.179201
I1009 18:45:42.282724 4468049344 retrain.py:1084] 2019-10-09 18:45:42.282712: Step 2180: Cross entropy = 0.179201
INFO:tensorflow:2019-10-09 18:45:42.338670: Step 2180: Validation accuracy = 52.0% (N=100)
I1009 18:45:42.338715 4468049344 retrain.py:1100] 2019-10-09 18:45:42.338670: Step 2180: Validation accuracy = 52.0% (N=100)
INFO:tensorflow:2019-10-09 18:45:42.892668: Step 2190: Train accuracy = 97.0%
I1009 18:45:42.892711 4468049344 retrain.py:1082] 2019-10-09 18:45:42.892668: Step 2190: Train accuracy = 97.0%
INFO:tensorflow:2019-10-09 18:45:42.892821: Step 2190: Cross entropy = 0.140448
I1009 18:45:42.892831 4468049344 retrain.py:1084] 2019-10-09 18:45:42.892821: Step 2190: Cross entropy = 0.140448
INFO:tensorflow:2019-10-09 18:45:42.949368: Step 2190: Validation accuracy = 59.0% (N=100)
I1009 18:45:42.949414 4468049344 retrain.py:1100] 2019-10-09 18:45:42.949368: Step 2190: Validation accuracy = 59.0% (N=100)
INFO:tensorflow:2019-10-09 18:45:43.496191: Step 2200: Train accuracy = 100.0%
I1009 18:45:43.496234 4468049344 retrain.py:1082] 2019-10-09 18:45:43.496191: Step 2200: Train accuracy = 100.0%
INFO:tensorflow:2019-10-09 18:45:43.496374: Step 2200: Cross entropy = 0.141463
I1009 18:45:43.496383 4468049344 retrain.py:1084] 2019-10-09 18:45:43.496374: Step 2200: Cross entropy = 0.141463
INFO:tensorflow:2019-10-09 18:45:43.551591: Step 2200: Validation accuracy = 55.0% (N=100)
I1009 18:45:43.551638 4468049344 retrain.py:1100] 2019-10-09 18:45:43.551591: Step 2200: Validation accuracy = 55.0% (N=100)
INFO:tensorflow:2019-10-09 18:45:44.096564: Step 2210: Train accuracy = 96.0%
I1009 18:45:44.096620 4468049344 retrain.py:1082] 2019-10-09 18:45:44.096564: Step 2210: Train accuracy = 96.0%
INFO:tensorflow:2019-10-09 18:45:44.096755: Step 2210: Cross entropy = 0.159725
I1009 18:45:44.096765 4468049344 retrain.py:1084] 2019-10-09 18:45:44.096755: Step 2210: Cross entropy = 0.159725
INFO:tensorflow:2019-10-09 18:45:44.152165: Step 2210: Validation accuracy = 48.0% (N=100)
I1009 18:45:44.152213 4468049344 retrain.py:1100] 2019-10-09 18:45:44.152165: Step 2210: Validation accuracy = 48.0% (N=100)
INFO:tensorflow:2019-10-09 18:45:44.697760: Step 2220: Train accuracy = 98.0%
I1009 18:45:44.697816 4468049344 retrain.py:1082] 2019-10-09 18:45:44.697760: Step 2220: Train accuracy = 98.0%
INFO:tensorflow:2019-10-09 18:45:44.697952: Step 2220: Cross entropy = 0.173891
I1009 18:45:44.697962 4468049344 retrain.py:1084] 2019-10-09 18:45:44.697952: Step 2220: Cross entropy = 0.173891
INFO:tensorflow:2019-10-09 18:45:44.753172: Step 2220: Validation accuracy = 54.0% (N=100)
I1009 18:45:44.753220 4468049344 retrain.py:1100] 2019-10-09 18:45:44.753172: Step 2220: Validation accuracy = 54.0% (N=100)
INFO:tensorflow:2019-10-09 18:45:45.299195: Step 2230: Train accuracy = 100.0%
I1009 18:45:45.299245 4468049344 retrain.py:1082] 2019-10-09 18:45:45.299195: Step 2230: Train accuracy = 100.0%
INFO:tensorflow:2019-10-09 18:45:45.299363: Step 2230: Cross entropy = 0.125002
I1009 18:45:45.299374 4468049344 retrain.py:1084] 2019-10-09 18:45:45.299363: Step 2230: Cross entropy = 0.125002
INFO:tensorflow:2019-10-09 18:45:45.354899: Step 2230: Validation accuracy = 59.0% (N=100)
I1009 18:45:45.354947 4468049344 retrain.py:1100] 2019-10-09 18:45:45.354899: Step 2230: Validation accuracy = 59.0% (N=100)
INFO:tensorflow:2019-10-09 18:45:45.900015: Step 2240: Train accuracy = 98.0%
I1009 18:45:45.900057 4468049344 retrain.py:1082] 2019-10-09 18:45:45.900015: Step 2240: Train accuracy = 98.0%
INFO:tensorflow:2019-10-09 18:45:45.900193: Step 2240: Cross entropy = 0.149489
I1009 18:45:45.900203 4468049344 retrain.py:1084] 2019-10-09 18:45:45.900193: Step 2240: Cross entropy = 0.149489
INFO:tensorflow:2019-10-09 18:45:45.955405: Step 2240: Validation accuracy = 48.0% (N=100)
I1009 18:45:45.955452 4468049344 retrain.py:1100] 2019-10-09 18:45:45.955405: Step 2240: Validation accuracy = 48.0% (N=100)
INFO:tensorflow:2019-10-09 18:45:46.500661: Step 2250: Train accuracy = 99.0%
I1009 18:45:46.500718 4468049344 retrain.py:1082] 2019-10-09 18:45:46.500661: Step 2250: Train accuracy = 99.0%
INFO:tensorflow:2019-10-09 18:45:46.500854: Step 2250: Cross entropy = 0.134990
I1009 18:45:46.500864 4468049344 retrain.py:1084] 2019-10-09 18:45:46.500854: Step 2250: Cross entropy = 0.134990
INFO:tensorflow:2019-10-09 18:45:46.556347: Step 2250: Validation accuracy = 55.0% (N=100)
I1009 18:45:46.556394 4468049344 retrain.py:1100] 2019-10-09 18:45:46.556347: Step 2250: Validation accuracy = 55.0% (N=100)
INFO:tensorflow:2019-10-09 18:45:47.101567: Step 2260: Train accuracy = 97.0%
I1009 18:45:47.101624 4468049344 retrain.py:1082] 2019-10-09 18:45:47.101567: Step 2260: Train accuracy = 97.0%
INFO:tensorflow:2019-10-09 18:45:47.101759: Step 2260: Cross entropy = 0.145117
I1009 18:45:47.101769 4468049344 retrain.py:1084] 2019-10-09 18:45:47.101759: Step 2260: Cross entropy = 0.145117
INFO:tensorflow:2019-10-09 18:45:47.157234: Step 2260: Validation accuracy = 38.0% (N=100)
I1009 18:45:47.157283 4468049344 retrain.py:1100] 2019-10-09 18:45:47.157234: Step 2260: Validation accuracy = 38.0% (N=100)
INFO:tensorflow:2019-10-09 18:45:47.704232: Step 2270: Train accuracy = 97.0%
I1009 18:45:47.704276 4468049344 retrain.py:1082] 2019-10-09 18:45:47.704232: Step 2270: Train accuracy = 97.0%
INFO:tensorflow:2019-10-09 18:45:47.704414: Step 2270: Cross entropy = 0.161826
I1009 18:45:47.704424 4468049344 retrain.py:1084] 2019-10-09 18:45:47.704414: Step 2270: Cross entropy = 0.161826
INFO:tensorflow:2019-10-09 18:45:47.760120: Step 2270: Validation accuracy = 51.0% (N=100)
I1009 18:45:47.760167 4468049344 retrain.py:1100] 2019-10-09 18:45:47.760120: Step 2270: Validation accuracy = 51.0% (N=100)
INFO:tensorflow:2019-10-09 18:45:48.310179: Step 2280: Train accuracy = 99.0%
I1009 18:45:48.310234 4468049344 retrain.py:1082] 2019-10-09 18:45:48.310179: Step 2280: Train accuracy = 99.0%
INFO:tensorflow:2019-10-09 18:45:48.310371: Step 2280: Cross entropy = 0.134275
I1009 18:45:48.310381 4468049344 retrain.py:1084] 2019-10-09 18:45:48.310371: Step 2280: Cross entropy = 0.134275
INFO:tensorflow:2019-10-09 18:45:48.365844: Step 2280: Validation accuracy = 54.0% (N=100)
I1009 18:45:48.365890 4468049344 retrain.py:1100] 2019-10-09 18:45:48.365844: Step 2280: Validation accuracy = 54.0% (N=100)
INFO:tensorflow:2019-10-09 18:45:48.910986: Step 2290: Train accuracy = 98.0%
I1009 18:45:48.911041 4468049344 retrain.py:1082] 2019-10-09 18:45:48.910986: Step 2290: Train accuracy = 98.0%
INFO:tensorflow:2019-10-09 18:45:48.911166: Step 2290: Cross entropy = 0.139711
I1009 18:45:48.911175 4468049344 retrain.py:1084] 2019-10-09 18:45:48.911166: Step 2290: Cross entropy = 0.139711
INFO:tensorflow:2019-10-09 18:45:48.966661: Step 2290: Validation accuracy = 59.0% (N=100)
I1009 18:45:48.966707 4468049344 retrain.py:1100] 2019-10-09 18:45:48.966661: Step 2290: Validation accuracy = 59.0% (N=100)
INFO:tensorflow:2019-10-09 18:45:49.512201: Step 2300: Train accuracy = 98.0%
I1009 18:45:49.512257 4468049344 retrain.py:1082] 2019-10-09 18:45:49.512201: Step 2300: Train accuracy = 98.0%
INFO:tensorflow:2019-10-09 18:45:49.512381: Step 2300: Cross entropy = 0.139408
I1009 18:45:49.512390 4468049344 retrain.py:1084] 2019-10-09 18:45:49.512381: Step 2300: Cross entropy = 0.139408
INFO:tensorflow:2019-10-09 18:45:49.568075: Step 2300: Validation accuracy = 50.0% (N=100)
I1009 18:45:49.568122 4468049344 retrain.py:1100] 2019-10-09 18:45:49.568075: Step 2300: Validation accuracy = 50.0% (N=100)
INFO:tensorflow:2019-10-09 18:45:50.112616: Step 2310: Train accuracy = 98.0%
I1009 18:45:50.112659 4468049344 retrain.py:1082] 2019-10-09 18:45:50.112616: Step 2310: Train accuracy = 98.0%
INFO:tensorflow:2019-10-09 18:45:50.112810: Step 2310: Cross entropy = 0.137500
I1009 18:45:50.112822 4468049344 retrain.py:1084] 2019-10-09 18:45:50.112810: Step 2310: Cross entropy = 0.137500
INFO:tensorflow:2019-10-09 18:45:50.168105: Step 2310: Validation accuracy = 55.0% (N=100)
I1009 18:45:50.168153 4468049344 retrain.py:1100] 2019-10-09 18:45:50.168105: Step 2310: Validation accuracy = 55.0% (N=100)
INFO:tensorflow:2019-10-09 18:45:50.714602: Step 2320: Train accuracy = 97.0%
I1009 18:45:50.714644 4468049344 retrain.py:1082] 2019-10-09 18:45:50.714602: Step 2320: Train accuracy = 97.0%
INFO:tensorflow:2019-10-09 18:45:50.714783: Step 2320: Cross entropy = 0.143126
I1009 18:45:50.714792 4468049344 retrain.py:1084] 2019-10-09 18:45:50.714783: Step 2320: Cross entropy = 0.143126
INFO:tensorflow:2019-10-09 18:45:50.770126: Step 2320: Validation accuracy = 54.0% (N=100)
I1009 18:45:50.770174 4468049344 retrain.py:1100] 2019-10-09 18:45:50.770126: Step 2320: Validation accuracy = 54.0% (N=100)
INFO:tensorflow:2019-10-09 18:45:51.317895: Step 2330: Train accuracy = 97.0%
I1009 18:45:51.317936 4468049344 retrain.py:1082] 2019-10-09 18:45:51.317895: Step 2330: Train accuracy = 97.0%
INFO:tensorflow:2019-10-09 18:45:51.318074: Step 2330: Cross entropy = 0.157617
I1009 18:45:51.318085 4468049344 retrain.py:1084] 2019-10-09 18:45:51.318074: Step 2330: Cross entropy = 0.157617
INFO:tensorflow:2019-10-09 18:45:51.373580: Step 2330: Validation accuracy = 45.0% (N=100)
I1009 18:45:51.373625 4468049344 retrain.py:1100] 2019-10-09 18:45:51.373580: Step 2330: Validation accuracy = 45.0% (N=100)
INFO:tensorflow:2019-10-09 18:45:51.918783: Step 2340: Train accuracy = 99.0%
I1009 18:45:51.918840 4468049344 retrain.py:1082] 2019-10-09 18:45:51.918783: Step 2340: Train accuracy = 99.0%
INFO:tensorflow:2019-10-09 18:45:51.918975: Step 2340: Cross entropy = 0.137901
I1009 18:45:51.918984 4468049344 retrain.py:1084] 2019-10-09 18:45:51.918975: Step 2340: Cross entropy = 0.137901
INFO:tensorflow:2019-10-09 18:45:51.974525: Step 2340: Validation accuracy = 51.0% (N=100)
I1009 18:45:51.974571 4468049344 retrain.py:1100] 2019-10-09 18:45:51.974525: Step 2340: Validation accuracy = 51.0% (N=100)
INFO:tensorflow:2019-10-09 18:45:52.520703: Step 2350: Train accuracy = 99.0%
I1009 18:45:52.520759 4468049344 retrain.py:1082] 2019-10-09 18:45:52.520703: Step 2350: Train accuracy = 99.0%
INFO:tensorflow:2019-10-09 18:45:52.520897: Step 2350: Cross entropy = 0.132985
I1009 18:45:52.520908 4468049344 retrain.py:1084] 2019-10-09 18:45:52.520897: Step 2350: Cross entropy = 0.132985
INFO:tensorflow:2019-10-09 18:45:52.576332: Step 2350: Validation accuracy = 56.0% (N=100)
I1009 18:45:52.576381 4468049344 retrain.py:1100] 2019-10-09 18:45:52.576332: Step 2350: Validation accuracy = 56.0% (N=100)
INFO:tensorflow:2019-10-09 18:45:53.127251: Step 2360: Train accuracy = 99.0%
I1009 18:45:53.127292 4468049344 retrain.py:1082] 2019-10-09 18:45:53.127251: Step 2360: Train accuracy = 99.0%
INFO:tensorflow:2019-10-09 18:45:53.127417: Step 2360: Cross entropy = 0.130486
I1009 18:45:53.127428 4468049344 retrain.py:1084] 2019-10-09 18:45:53.127417: Step 2360: Cross entropy = 0.130486
INFO:tensorflow:2019-10-09 18:45:53.183003: Step 2360: Validation accuracy = 49.0% (N=100)
I1009 18:45:53.183048 4468049344 retrain.py:1100] 2019-10-09 18:45:53.183003: Step 2360: Validation accuracy = 49.0% (N=100)
INFO:tensorflow:2019-10-09 18:45:53.728768: Step 2370: Train accuracy = 100.0%
I1009 18:45:53.728824 4468049344 retrain.py:1082] 2019-10-09 18:45:53.728768: Step 2370: Train accuracy = 100.0%
INFO:tensorflow:2019-10-09 18:45:53.728963: Step 2370: Cross entropy = 0.129924
I1009 18:45:53.728975 4468049344 retrain.py:1084] 2019-10-09 18:45:53.728963: Step 2370: Cross entropy = 0.129924
INFO:tensorflow:2019-10-09 18:45:53.784376: Step 2370: Validation accuracy = 55.0% (N=100)
I1009 18:45:53.784422 4468049344 retrain.py:1100] 2019-10-09 18:45:53.784376: Step 2370: Validation accuracy = 55.0% (N=100)
INFO:tensorflow:2019-10-09 18:45:54.331221: Step 2380: Train accuracy = 98.0%
I1009 18:45:54.331275 4468049344 retrain.py:1082] 2019-10-09 18:45:54.331221: Step 2380: Train accuracy = 98.0%
INFO:tensorflow:2019-10-09 18:45:54.331398: Step 2380: Cross entropy = 0.144286
I1009 18:45:54.331408 4468049344 retrain.py:1084] 2019-10-09 18:45:54.331398: Step 2380: Cross entropy = 0.144286
INFO:tensorflow:2019-10-09 18:45:54.386925: Step 2380: Validation accuracy = 47.0% (N=100)
I1009 18:45:54.386972 4468049344 retrain.py:1100] 2019-10-09 18:45:54.386925: Step 2380: Validation accuracy = 47.0% (N=100)
INFO:tensorflow:2019-10-09 18:45:54.932426: Step 2390: Train accuracy = 97.0%
I1009 18:45:54.932470 4468049344 retrain.py:1082] 2019-10-09 18:45:54.932426: Step 2390: Train accuracy = 97.0%
INFO:tensorflow:2019-10-09 18:45:54.932604: Step 2390: Cross entropy = 0.143608
I1009 18:45:54.932613 4468049344 retrain.py:1084] 2019-10-09 18:45:54.932604: Step 2390: Cross entropy = 0.143608
INFO:tensorflow:2019-10-09 18:45:54.987883: Step 2390: Validation accuracy = 53.0% (N=100)
I1009 18:45:54.987930 4468049344 retrain.py:1100] 2019-10-09 18:45:54.987883: Step 2390: Validation accuracy = 53.0% (N=100)
INFO:tensorflow:2019-10-09 18:45:55.533033: Step 2400: Train accuracy = 100.0%
I1009 18:45:55.533088 4468049344 retrain.py:1082] 2019-10-09 18:45:55.533033: Step 2400: Train accuracy = 100.0%
INFO:tensorflow:2019-10-09 18:45:55.533215: Step 2400: Cross entropy = 0.134031
I1009 18:45:55.533225 4468049344 retrain.py:1084] 2019-10-09 18:45:55.533215: Step 2400: Cross entropy = 0.134031
INFO:tensorflow:2019-10-09 18:45:55.588688: Step 2400: Validation accuracy = 51.0% (N=100)
I1009 18:45:55.588736 4468049344 retrain.py:1100] 2019-10-09 18:45:55.588688: Step 2400: Validation accuracy = 51.0% (N=100)
INFO:tensorflow:2019-10-09 18:45:56.134268: Step 2410: Train accuracy = 96.0%
I1009 18:45:56.134325 4468049344 retrain.py:1082] 2019-10-09 18:45:56.134268: Step 2410: Train accuracy = 96.0%
INFO:tensorflow:2019-10-09 18:45:56.134508: Step 2410: Cross entropy = 0.158797
I1009 18:45:56.134548 4468049344 retrain.py:1084] 2019-10-09 18:45:56.134508: Step 2410: Cross entropy = 0.158797
INFO:tensorflow:2019-10-09 18:45:56.189994: Step 2410: Validation accuracy = 38.0% (N=100)
I1009 18:45:56.190042 4468049344 retrain.py:1100] 2019-10-09 18:45:56.189994: Step 2410: Validation accuracy = 38.0% (N=100)
INFO:tensorflow:2019-10-09 18:45:56.736032: Step 2420: Train accuracy = 98.0%
I1009 18:45:56.736076 4468049344 retrain.py:1082] 2019-10-09 18:45:56.736032: Step 2420: Train accuracy = 98.0%
INFO:tensorflow:2019-10-09 18:45:56.736216: Step 2420: Cross entropy = 0.139307
I1009 18:45:56.736226 4468049344 retrain.py:1084] 2019-10-09 18:45:56.736216: Step 2420: Cross entropy = 0.139307
INFO:tensorflow:2019-10-09 18:45:56.792320: Step 2420: Validation accuracy = 51.0% (N=100)
I1009 18:45:56.792368 4468049344 retrain.py:1100] 2019-10-09 18:45:56.792320: Step 2420: Validation accuracy = 51.0% (N=100)
INFO:tensorflow:2019-10-09 18:45:57.337683: Step 2430: Train accuracy = 97.0%
I1009 18:45:57.337738 4468049344 retrain.py:1082] 2019-10-09 18:45:57.337683: Step 2430: Train accuracy = 97.0%
INFO:tensorflow:2019-10-09 18:45:57.337876: Step 2430: Cross entropy = 0.157974
I1009 18:45:57.337887 4468049344 retrain.py:1084] 2019-10-09 18:45:57.337876: Step 2430: Cross entropy = 0.157974
INFO:tensorflow:2019-10-09 18:45:57.393322: Step 2430: Validation accuracy = 40.0% (N=100)
I1009 18:45:57.393368 4468049344 retrain.py:1100] 2019-10-09 18:45:57.393322: Step 2430: Validation accuracy = 40.0% (N=100)
INFO:tensorflow:2019-10-09 18:45:57.945592: Step 2440: Train accuracy = 98.0%
I1009 18:45:57.945637 4468049344 retrain.py:1082] 2019-10-09 18:45:57.945592: Step 2440: Train accuracy = 98.0%
INFO:tensorflow:2019-10-09 18:45:57.945787: Step 2440: Cross entropy = 0.118752
I1009 18:45:57.945797 4468049344 retrain.py:1084] 2019-10-09 18:45:57.945787: Step 2440: Cross entropy = 0.118752
INFO:tensorflow:2019-10-09 18:45:58.001524: Step 2440: Validation accuracy = 54.0% (N=100)
I1009 18:45:58.001571 4468049344 retrain.py:1100] 2019-10-09 18:45:58.001524: Step 2440: Validation accuracy = 54.0% (N=100)
INFO:tensorflow:2019-10-09 18:45:58.546633: Step 2450: Train accuracy = 99.0%
I1009 18:45:58.546675 4468049344 retrain.py:1082] 2019-10-09 18:45:58.546633: Step 2450: Train accuracy = 99.0%
INFO:tensorflow:2019-10-09 18:45:58.546800: Step 2450: Cross entropy = 0.129203
I1009 18:45:58.546810 4468049344 retrain.py:1084] 2019-10-09 18:45:58.546800: Step 2450: Cross entropy = 0.129203
INFO:tensorflow:2019-10-09 18:45:58.602223: Step 2450: Validation accuracy = 53.0% (N=100)
I1009 18:45:58.602271 4468049344 retrain.py:1100] 2019-10-09 18:45:58.602223: Step 2450: Validation accuracy = 53.0% (N=100)
INFO:tensorflow:2019-10-09 18:45:59.146965: Step 2460: Train accuracy = 99.0%
I1009 18:45:59.147020 4468049344 retrain.py:1082] 2019-10-09 18:45:59.146965: Step 2460: Train accuracy = 99.0%
INFO:tensorflow:2019-10-09 18:45:59.147155: Step 2460: Cross entropy = 0.141168
I1009 18:45:59.147164 4468049344 retrain.py:1084] 2019-10-09 18:45:59.147155: Step 2460: Cross entropy = 0.141168
INFO:tensorflow:2019-10-09 18:45:59.202488: Step 2460: Validation accuracy = 45.0% (N=100)
I1009 18:45:59.202535 4468049344 retrain.py:1100] 2019-10-09 18:45:59.202488: Step 2460: Validation accuracy = 45.0% (N=100)
INFO:tensorflow:2019-10-09 18:45:59.747967: Step 2470: Train accuracy = 99.0%
I1009 18:45:59.748009 4468049344 retrain.py:1082] 2019-10-09 18:45:59.747967: Step 2470: Train accuracy = 99.0%
INFO:tensorflow:2019-10-09 18:45:59.748146: Step 2470: Cross entropy = 0.119061
I1009 18:45:59.748155 4468049344 retrain.py:1084] 2019-10-09 18:45:59.748146: Step 2470: Cross entropy = 0.119061
INFO:tensorflow:2019-10-09 18:45:59.804187: Step 2470: Validation accuracy = 52.0% (N=100)
I1009 18:45:59.804234 4468049344 retrain.py:1100] 2019-10-09 18:45:59.804187: Step 2470: Validation accuracy = 52.0% (N=100)
INFO:tensorflow:2019-10-09 18:46:00.349538: Step 2480: Train accuracy = 96.0%
I1009 18:46:00.349594 4468049344 retrain.py:1082] 2019-10-09 18:46:00.349538: Step 2480: Train accuracy = 96.0%
INFO:tensorflow:2019-10-09 18:46:00.349731: Step 2480: Cross entropy = 0.149253
I1009 18:46:00.349740 4468049344 retrain.py:1084] 2019-10-09 18:46:00.349731: Step 2480: Cross entropy = 0.149253
INFO:tensorflow:2019-10-09 18:46:00.405156: Step 2480: Validation accuracy = 53.0% (N=100)
I1009 18:46:00.405202 4468049344 retrain.py:1100] 2019-10-09 18:46:00.405156: Step 2480: Validation accuracy = 53.0% (N=100)
INFO:tensorflow:2019-10-09 18:46:00.951024: Step 2490: Train accuracy = 96.0%
I1009 18:46:00.951079 4468049344 retrain.py:1082] 2019-10-09 18:46:00.951024: Step 2490: Train accuracy = 96.0%
INFO:tensorflow:2019-10-09 18:46:00.951204: Step 2490: Cross entropy = 0.140119
I1009 18:46:00.951214 4468049344 retrain.py:1084] 2019-10-09 18:46:00.951204: Step 2490: Cross entropy = 0.140119
INFO:tensorflow:2019-10-09 18:46:01.006755: Step 2490: Validation accuracy = 55.0% (N=100)
I1009 18:46:01.006801 4468049344 retrain.py:1100] 2019-10-09 18:46:01.006755: Step 2490: Validation accuracy = 55.0% (N=100)
INFO:tensorflow:2019-10-09 18:46:01.552787: Step 2500: Train accuracy = 100.0%
I1009 18:46:01.552843 4468049344 retrain.py:1082] 2019-10-09 18:46:01.552787: Step 2500: Train accuracy = 100.0%
INFO:tensorflow:2019-10-09 18:46:01.552978: Step 2500: Cross entropy = 0.117932
I1009 18:46:01.552989 4468049344 retrain.py:1084] 2019-10-09 18:46:01.552978: Step 2500: Cross entropy = 0.117932
INFO:tensorflow:2019-10-09 18:46:01.608289: Step 2500: Validation accuracy = 45.0% (N=100)
I1009 18:46:01.608335 4468049344 retrain.py:1100] 2019-10-09 18:46:01.608289: Step 2500: Validation accuracy = 45.0% (N=100)
INFO:tensorflow:2019-10-09 18:46:02.154300: Step 2510: Train accuracy = 97.0%
I1009 18:46:02.154343 4468049344 retrain.py:1082] 2019-10-09 18:46:02.154300: Step 2510: Train accuracy = 97.0%
INFO:tensorflow:2019-10-09 18:46:02.154480: Step 2510: Cross entropy = 0.157970
I1009 18:46:02.154490 4468049344 retrain.py:1084] 2019-10-09 18:46:02.154480: Step 2510: Cross entropy = 0.157970
INFO:tensorflow:2019-10-09 18:46:02.209814: Step 2510: Validation accuracy = 51.0% (N=100)
I1009 18:46:02.209861 4468049344 retrain.py:1100] 2019-10-09 18:46:02.209814: Step 2510: Validation accuracy = 51.0% (N=100)
INFO:tensorflow:2019-10-09 18:46:02.758483: Step 2520: Train accuracy = 97.0%
I1009 18:46:02.758549 4468049344 retrain.py:1082] 2019-10-09 18:46:02.758483: Step 2520: Train accuracy = 97.0%
INFO:tensorflow:2019-10-09 18:46:02.758675: Step 2520: Cross entropy = 0.161084
I1009 18:46:02.758688 4468049344 retrain.py:1084] 2019-10-09 18:46:02.758675: Step 2520: Cross entropy = 0.161084
INFO:tensorflow:2019-10-09 18:46:02.815332: Step 2520: Validation accuracy = 48.0% (N=100)
I1009 18:46:02.815375 4468049344 retrain.py:1100] 2019-10-09 18:46:02.815332: Step 2520: Validation accuracy = 48.0% (N=100)
INFO:tensorflow:2019-10-09 18:46:03.361588: Step 2530: Train accuracy = 98.0%
I1009 18:46:03.361644 4468049344 retrain.py:1082] 2019-10-09 18:46:03.361588: Step 2530: Train accuracy = 98.0%
INFO:tensorflow:2019-10-09 18:46:03.361768: Step 2530: Cross entropy = 0.133213
I1009 18:46:03.361778 4468049344 retrain.py:1084] 2019-10-09 18:46:03.361768: Step 2530: Cross entropy = 0.133213
INFO:tensorflow:2019-10-09 18:46:03.417325: Step 2530: Validation accuracy = 46.0% (N=100)
I1009 18:46:03.417371 4468049344 retrain.py:1100] 2019-10-09 18:46:03.417325: Step 2530: Validation accuracy = 46.0% (N=100)
INFO:tensorflow:2019-10-09 18:46:03.962779: Step 2540: Train accuracy = 98.0%
I1009 18:46:03.962834 4468049344 retrain.py:1082] 2019-10-09 18:46:03.962779: Step 2540: Train accuracy = 98.0%
INFO:tensorflow:2019-10-09 18:46:03.962971: Step 2540: Cross entropy = 0.150426
I1009 18:46:03.962981 4468049344 retrain.py:1084] 2019-10-09 18:46:03.962971: Step 2540: Cross entropy = 0.150426
INFO:tensorflow:2019-10-09 18:46:04.018481: Step 2540: Validation accuracy = 55.0% (N=100)
I1009 18:46:04.018528 4468049344 retrain.py:1100] 2019-10-09 18:46:04.018481: Step 2540: Validation accuracy = 55.0% (N=100)
INFO:tensorflow:2019-10-09 18:46:04.564260: Step 2550: Train accuracy = 99.0%
I1009 18:46:04.564315 4468049344 retrain.py:1082] 2019-10-09 18:46:04.564260: Step 2550: Train accuracy = 99.0%
INFO:tensorflow:2019-10-09 18:46:04.564499: Step 2550: Cross entropy = 0.130909
I1009 18:46:04.564516 4468049344 retrain.py:1084] 2019-10-09 18:46:04.564499: Step 2550: Cross entropy = 0.130909
INFO:tensorflow:2019-10-09 18:46:04.619621: Step 2550: Validation accuracy = 52.0% (N=100)
I1009 18:46:04.619668 4468049344 retrain.py:1100] 2019-10-09 18:46:04.619621: Step 2550: Validation accuracy = 52.0% (N=100)
INFO:tensorflow:2019-10-09 18:46:05.164907: Step 2560: Train accuracy = 99.0%
I1009 18:46:05.164951 4468049344 retrain.py:1082] 2019-10-09 18:46:05.164907: Step 2560: Train accuracy = 99.0%
INFO:tensorflow:2019-10-09 18:46:05.165090: Step 2560: Cross entropy = 0.126495
I1009 18:46:05.165100 4468049344 retrain.py:1084] 2019-10-09 18:46:05.165090: Step 2560: Cross entropy = 0.126495
INFO:tensorflow:2019-10-09 18:46:05.220409: Step 2560: Validation accuracy = 47.0% (N=100)
I1009 18:46:05.220457 4468049344 retrain.py:1100] 2019-10-09 18:46:05.220409: Step 2560: Validation accuracy = 47.0% (N=100)
INFO:tensorflow:2019-10-09 18:46:05.764882: Step 2570: Train accuracy = 98.0%
I1009 18:46:05.764940 4468049344 retrain.py:1082] 2019-10-09 18:46:05.764882: Step 2570: Train accuracy = 98.0%
INFO:tensorflow:2019-10-09 18:46:05.765079: Step 2570: Cross entropy = 0.125849
I1009 18:46:05.765089 4468049344 retrain.py:1084] 2019-10-09 18:46:05.765079: Step 2570: Cross entropy = 0.125849
INFO:tensorflow:2019-10-09 18:46:05.821090: Step 2570: Validation accuracy = 52.0% (N=100)
I1009 18:46:05.821138 4468049344 retrain.py:1100] 2019-10-09 18:46:05.821090: Step 2570: Validation accuracy = 52.0% (N=100)
INFO:tensorflow:2019-10-09 18:46:06.366641: Step 2580: Train accuracy = 98.0%
I1009 18:46:06.366695 4468049344 retrain.py:1082] 2019-10-09 18:46:06.366641: Step 2580: Train accuracy = 98.0%
INFO:tensorflow:2019-10-09 18:46:06.366819: Step 2580: Cross entropy = 0.114970
I1009 18:46:06.366831 4468049344 retrain.py:1084] 2019-10-09 18:46:06.366819: Step 2580: Cross entropy = 0.114970
INFO:tensorflow:2019-10-09 18:46:06.422338: Step 2580: Validation accuracy = 49.0% (N=100)
I1009 18:46:06.422385 4468049344 retrain.py:1100] 2019-10-09 18:46:06.422338: Step 2580: Validation accuracy = 49.0% (N=100)
INFO:tensorflow:2019-10-09 18:46:06.968610: Step 2590: Train accuracy = 100.0%
I1009 18:46:06.968666 4468049344 retrain.py:1082] 2019-10-09 18:46:06.968610: Step 2590: Train accuracy = 100.0%
INFO:tensorflow:2019-10-09 18:46:06.968790: Step 2590: Cross entropy = 0.118351
I1009 18:46:06.968801 4468049344 retrain.py:1084] 2019-10-09 18:46:06.968790: Step 2590: Cross entropy = 0.118351
INFO:tensorflow:2019-10-09 18:46:07.024194: Step 2590: Validation accuracy = 55.0% (N=100)
I1009 18:46:07.024241 4468049344 retrain.py:1100] 2019-10-09 18:46:07.024194: Step 2590: Validation accuracy = 55.0% (N=100)
INFO:tensorflow:2019-10-09 18:46:07.571499: Step 2600: Train accuracy = 97.0%
I1009 18:46:07.571544 4468049344 retrain.py:1082] 2019-10-09 18:46:07.571499: Step 2600: Train accuracy = 97.0%
INFO:tensorflow:2019-10-09 18:46:07.571694: Step 2600: Cross entropy = 0.126810
I1009 18:46:07.571705 4468049344 retrain.py:1084] 2019-10-09 18:46:07.571694: Step 2600: Cross entropy = 0.126810
INFO:tensorflow:2019-10-09 18:46:07.626986: Step 2600: Validation accuracy = 48.0% (N=100)
I1009 18:46:07.627032 4468049344 retrain.py:1100] 2019-10-09 18:46:07.626986: Step 2600: Validation accuracy = 48.0% (N=100)
INFO:tensorflow:2019-10-09 18:46:08.176855: Step 2610: Train accuracy = 99.0%
I1009 18:46:08.176898 4468049344 retrain.py:1082] 2019-10-09 18:46:08.176855: Step 2610: Train accuracy = 99.0%
INFO:tensorflow:2019-10-09 18:46:08.177032: Step 2610: Cross entropy = 0.117698
I1009 18:46:08.177042 4468049344 retrain.py:1084] 2019-10-09 18:46:08.177032: Step 2610: Cross entropy = 0.117698
INFO:tensorflow:2019-10-09 18:46:08.232333: Step 2610: Validation accuracy = 57.0% (N=100)
I1009 18:46:08.232379 4468049344 retrain.py:1100] 2019-10-09 18:46:08.232333: Step 2610: Validation accuracy = 57.0% (N=100)
INFO:tensorflow:2019-10-09 18:46:08.778482: Step 2620: Train accuracy = 99.0%
I1009 18:46:08.778537 4468049344 retrain.py:1082] 2019-10-09 18:46:08.778482: Step 2620: Train accuracy = 99.0%
INFO:tensorflow:2019-10-09 18:46:08.778685: Step 2620: Cross entropy = 0.140775
I1009 18:46:08.778694 4468049344 retrain.py:1084] 2019-10-09 18:46:08.778685: Step 2620: Cross entropy = 0.140775
INFO:tensorflow:2019-10-09 18:46:08.834256: Step 2620: Validation accuracy = 48.0% (N=100)
I1009 18:46:08.834304 4468049344 retrain.py:1100] 2019-10-09 18:46:08.834256: Step 2620: Validation accuracy = 48.0% (N=100)
INFO:tensorflow:2019-10-09 18:46:09.380352: Step 2630: Train accuracy = 99.0%
I1009 18:46:09.380408 4468049344 retrain.py:1082] 2019-10-09 18:46:09.380352: Step 2630: Train accuracy = 99.0%
INFO:tensorflow:2019-10-09 18:46:09.380532: Step 2630: Cross entropy = 0.119257
I1009 18:46:09.380542 4468049344 retrain.py:1084] 2019-10-09 18:46:09.380532: Step 2630: Cross entropy = 0.119257
INFO:tensorflow:2019-10-09 18:46:09.436165: Step 2630: Validation accuracy = 48.0% (N=100)
I1009 18:46:09.436210 4468049344 retrain.py:1100] 2019-10-09 18:46:09.436165: Step 2630: Validation accuracy = 48.0% (N=100)
INFO:tensorflow:2019-10-09 18:46:09.982101: Step 2640: Train accuracy = 100.0%
I1009 18:46:09.982158 4468049344 retrain.py:1082] 2019-10-09 18:46:09.982101: Step 2640: Train accuracy = 100.0%
INFO:tensorflow:2019-10-09 18:46:09.982293: Step 2640: Cross entropy = 0.109962
I1009 18:46:09.982302 4468049344 retrain.py:1084] 2019-10-09 18:46:09.982293: Step 2640: Cross entropy = 0.109962
INFO:tensorflow:2019-10-09 18:46:10.037597: Step 2640: Validation accuracy = 49.0% (N=100)
I1009 18:46:10.037645 4468049344 retrain.py:1100] 2019-10-09 18:46:10.037597: Step 2640: Validation accuracy = 49.0% (N=100)
INFO:tensorflow:2019-10-09 18:46:10.582513: Step 2650: Train accuracy = 97.0%
I1009 18:46:10.582556 4468049344 retrain.py:1082] 2019-10-09 18:46:10.582513: Step 2650: Train accuracy = 97.0%
INFO:tensorflow:2019-10-09 18:46:10.582707: Step 2650: Cross entropy = 0.137183
I1009 18:46:10.582716 4468049344 retrain.py:1084] 2019-10-09 18:46:10.582707: Step 2650: Cross entropy = 0.137183
INFO:tensorflow:2019-10-09 18:46:10.638003: Step 2650: Validation accuracy = 54.0% (N=100)
I1009 18:46:10.638051 4468049344 retrain.py:1100] 2019-10-09 18:46:10.638003: Step 2650: Validation accuracy = 54.0% (N=100)
INFO:tensorflow:2019-10-09 18:46:11.184162: Step 2660: Train accuracy = 98.0%
I1009 18:46:11.184219 4468049344 retrain.py:1082] 2019-10-09 18:46:11.184162: Step 2660: Train accuracy = 98.0%
INFO:tensorflow:2019-10-09 18:46:11.184343: Step 2660: Cross entropy = 0.131603
I1009 18:46:11.184353 4468049344 retrain.py:1084] 2019-10-09 18:46:11.184343: Step 2660: Cross entropy = 0.131603
INFO:tensorflow:2019-10-09 18:46:11.239663: Step 2660: Validation accuracy = 44.0% (N=100)
I1009 18:46:11.239711 4468049344 retrain.py:1100] 2019-10-09 18:46:11.239663: Step 2660: Validation accuracy = 44.0% (N=100)
INFO:tensorflow:2019-10-09 18:46:11.784592: Step 2670: Train accuracy = 99.0%
I1009 18:46:11.784644 4468049344 retrain.py:1082] 2019-10-09 18:46:11.784592: Step 2670: Train accuracy = 99.0%
INFO:tensorflow:2019-10-09 18:46:11.784759: Step 2670: Cross entropy = 0.127938
I1009 18:46:11.784772 4468049344 retrain.py:1084] 2019-10-09 18:46:11.784759: Step 2670: Cross entropy = 0.127938
INFO:tensorflow:2019-10-09 18:46:11.840392: Step 2670: Validation accuracy = 51.0% (N=100)
I1009 18:46:11.840440 4468049344 retrain.py:1100] 2019-10-09 18:46:11.840392: Step 2670: Validation accuracy = 51.0% (N=100)
INFO:tensorflow:2019-10-09 18:46:12.385120: Step 2680: Train accuracy = 98.0%
I1009 18:46:12.385176 4468049344 retrain.py:1082] 2019-10-09 18:46:12.385120: Step 2680: Train accuracy = 98.0%
INFO:tensorflow:2019-10-09 18:46:12.385313: Step 2680: Cross entropy = 0.125436
I1009 18:46:12.385324 4468049344 retrain.py:1084] 2019-10-09 18:46:12.385313: Step 2680: Cross entropy = 0.125436
INFO:tensorflow:2019-10-09 18:46:12.440614: Step 2680: Validation accuracy = 61.0% (N=100)
I1009 18:46:12.440661 4468049344 retrain.py:1100] 2019-10-09 18:46:12.440614: Step 2680: Validation accuracy = 61.0% (N=100)
INFO:tensorflow:2019-10-09 18:46:12.996259: Step 2690: Train accuracy = 99.0%
I1009 18:46:12.996314 4468049344 retrain.py:1082] 2019-10-09 18:46:12.996259: Step 2690: Train accuracy = 99.0%
INFO:tensorflow:2019-10-09 18:46:12.996453: Step 2690: Cross entropy = 0.111726
I1009 18:46:12.996463 4468049344 retrain.py:1084] 2019-10-09 18:46:12.996453: Step 2690: Cross entropy = 0.111726
INFO:tensorflow:2019-10-09 18:46:13.051812: Step 2690: Validation accuracy = 47.0% (N=100)
I1009 18:46:13.051858 4468049344 retrain.py:1100] 2019-10-09 18:46:13.051812: Step 2690: Validation accuracy = 47.0% (N=100)
INFO:tensorflow:2019-10-09 18:46:13.597092: Step 2700: Train accuracy = 99.0%
I1009 18:46:13.597148 4468049344 retrain.py:1082] 2019-10-09 18:46:13.597092: Step 2700: Train accuracy = 99.0%
INFO:tensorflow:2019-10-09 18:46:13.597287: Step 2700: Cross entropy = 0.151060
I1009 18:46:13.597297 4468049344 retrain.py:1084] 2019-10-09 18:46:13.597287: Step 2700: Cross entropy = 0.151060
INFO:tensorflow:2019-10-09 18:46:13.652573: Step 2700: Validation accuracy = 43.0% (N=100)
I1009 18:46:13.652620 4468049344 retrain.py:1100] 2019-10-09 18:46:13.652573: Step 2700: Validation accuracy = 43.0% (N=100)
INFO:tensorflow:2019-10-09 18:46:14.197374: Step 2710: Train accuracy = 97.0%
I1009 18:46:14.197431 4468049344 retrain.py:1082] 2019-10-09 18:46:14.197374: Step 2710: Train accuracy = 97.0%
INFO:tensorflow:2019-10-09 18:46:14.197568: Step 2710: Cross entropy = 0.134090
I1009 18:46:14.197578 4468049344 retrain.py:1084] 2019-10-09 18:46:14.197568: Step 2710: Cross entropy = 0.134090
INFO:tensorflow:2019-10-09 18:46:14.252969: Step 2710: Validation accuracy = 54.0% (N=100)
I1009 18:46:14.253018 4468049344 retrain.py:1100] 2019-10-09 18:46:14.252969: Step 2710: Validation accuracy = 54.0% (N=100)
INFO:tensorflow:2019-10-09 18:46:14.799152: Step 2720: Train accuracy = 98.0%
I1009 18:46:14.799198 4468049344 retrain.py:1082] 2019-10-09 18:46:14.799152: Step 2720: Train accuracy = 98.0%
INFO:tensorflow:2019-10-09 18:46:14.799319: Step 2720: Cross entropy = 0.118631
I1009 18:46:14.799329 4468049344 retrain.py:1084] 2019-10-09 18:46:14.799319: Step 2720: Cross entropy = 0.118631
INFO:tensorflow:2019-10-09 18:46:14.854964: Step 2720: Validation accuracy = 46.0% (N=100)
I1009 18:46:14.855010 4468049344 retrain.py:1100] 2019-10-09 18:46:14.854964: Step 2720: Validation accuracy = 46.0% (N=100)
INFO:tensorflow:2019-10-09 18:46:15.400698: Step 2730: Train accuracy = 99.0%
I1009 18:46:15.400754 4468049344 retrain.py:1082] 2019-10-09 18:46:15.400698: Step 2730: Train accuracy = 99.0%
INFO:tensorflow:2019-10-09 18:46:15.400893: Step 2730: Cross entropy = 0.121797
I1009 18:46:15.400903 4468049344 retrain.py:1084] 2019-10-09 18:46:15.400893: Step 2730: Cross entropy = 0.121797
INFO:tensorflow:2019-10-09 18:46:15.456225: Step 2730: Validation accuracy = 45.0% (N=100)
I1009 18:46:15.456271 4468049344 retrain.py:1100] 2019-10-09 18:46:15.456225: Step 2730: Validation accuracy = 45.0% (N=100)
INFO:tensorflow:2019-10-09 18:46:16.002420: Step 2740: Train accuracy = 99.0%
I1009 18:46:16.002475 4468049344 retrain.py:1082] 2019-10-09 18:46:16.002420: Step 2740: Train accuracy = 99.0%
INFO:tensorflow:2019-10-09 18:46:16.002599: Step 2740: Cross entropy = 0.124447
I1009 18:46:16.002609 4468049344 retrain.py:1084] 2019-10-09 18:46:16.002599: Step 2740: Cross entropy = 0.124447
INFO:tensorflow:2019-10-09 18:46:16.057999: Step 2740: Validation accuracy = 53.0% (N=100)
I1009 18:46:16.058047 4468049344 retrain.py:1100] 2019-10-09 18:46:16.057999: Step 2740: Validation accuracy = 53.0% (N=100)
INFO:tensorflow:2019-10-09 18:46:16.608038: Step 2750: Train accuracy = 99.0%
I1009 18:46:16.608094 4468049344 retrain.py:1082] 2019-10-09 18:46:16.608038: Step 2750: Train accuracy = 99.0%
INFO:tensorflow:2019-10-09 18:46:16.608219: Step 2750: Cross entropy = 0.118335
I1009 18:46:16.608229 4468049344 retrain.py:1084] 2019-10-09 18:46:16.608219: Step 2750: Cross entropy = 0.118335
INFO:tensorflow:2019-10-09 18:46:16.663548: Step 2750: Validation accuracy = 50.0% (N=100)
I1009 18:46:16.663594 4468049344 retrain.py:1100] 2019-10-09 18:46:16.663548: Step 2750: Validation accuracy = 50.0% (N=100)
INFO:tensorflow:2019-10-09 18:46:17.209608: Step 2760: Train accuracy = 97.0%
I1009 18:46:17.209650 4468049344 retrain.py:1082] 2019-10-09 18:46:17.209608: Step 2760: Train accuracy = 97.0%
INFO:tensorflow:2019-10-09 18:46:17.209788: Step 2760: Cross entropy = 0.141755
I1009 18:46:17.209797 4468049344 retrain.py:1084] 2019-10-09 18:46:17.209788: Step 2760: Cross entropy = 0.141755
INFO:tensorflow:2019-10-09 18:46:17.265122: Step 2760: Validation accuracy = 55.0% (N=100)
I1009 18:46:17.265168 4468049344 retrain.py:1100] 2019-10-09 18:46:17.265122: Step 2760: Validation accuracy = 55.0% (N=100)
INFO:tensorflow:2019-10-09 18:46:17.811530: Step 2770: Train accuracy = 100.0%
I1009 18:46:17.811573 4468049344 retrain.py:1082] 2019-10-09 18:46:17.811530: Step 2770: Train accuracy = 100.0%
INFO:tensorflow:2019-10-09 18:46:17.811720: Step 2770: Cross entropy = 0.098208
I1009 18:46:17.811732 4468049344 retrain.py:1084] 2019-10-09 18:46:17.811720: Step 2770: Cross entropy = 0.098208
INFO:tensorflow:2019-10-09 18:46:17.867046: Step 2770: Validation accuracy = 53.0% (N=100)
I1009 18:46:17.867093 4468049344 retrain.py:1100] 2019-10-09 18:46:17.867046: Step 2770: Validation accuracy = 53.0% (N=100)
INFO:tensorflow:2019-10-09 18:46:18.413157: Step 2780: Train accuracy = 98.0%
I1009 18:46:18.413201 4468049344 retrain.py:1082] 2019-10-09 18:46:18.413157: Step 2780: Train accuracy = 98.0%
INFO:tensorflow:2019-10-09 18:46:18.413341: Step 2780: Cross entropy = 0.116453
I1009 18:46:18.413352 4468049344 retrain.py:1084] 2019-10-09 18:46:18.413341: Step 2780: Cross entropy = 0.116453
INFO:tensorflow:2019-10-09 18:46:18.468711: Step 2780: Validation accuracy = 53.0% (N=100)
I1009 18:46:18.468758 4468049344 retrain.py:1100] 2019-10-09 18:46:18.468711: Step 2780: Validation accuracy = 53.0% (N=100)
INFO:tensorflow:2019-10-09 18:46:19.013573: Step 2790: Train accuracy = 99.0%
I1009 18:46:19.013628 4468049344 retrain.py:1082] 2019-10-09 18:46:19.013573: Step 2790: Train accuracy = 99.0%
INFO:tensorflow:2019-10-09 18:46:19.013750: Step 2790: Cross entropy = 0.132110
I1009 18:46:19.013761 4468049344 retrain.py:1084] 2019-10-09 18:46:19.013750: Step 2790: Cross entropy = 0.132110
INFO:tensorflow:2019-10-09 18:46:19.069240: Step 2790: Validation accuracy = 45.0% (N=100)
I1009 18:46:19.069288 4468049344 retrain.py:1100] 2019-10-09 18:46:19.069240: Step 2790: Validation accuracy = 45.0% (N=100)
INFO:tensorflow:2019-10-09 18:46:19.614456: Step 2800: Train accuracy = 98.0%
I1009 18:46:19.614499 4468049344 retrain.py:1082] 2019-10-09 18:46:19.614456: Step 2800: Train accuracy = 98.0%
INFO:tensorflow:2019-10-09 18:46:19.614626: Step 2800: Cross entropy = 0.134095
I1009 18:46:19.614638 4468049344 retrain.py:1084] 2019-10-09 18:46:19.614626: Step 2800: Cross entropy = 0.134095
INFO:tensorflow:2019-10-09 18:46:19.669934: Step 2800: Validation accuracy = 49.0% (N=100)
I1009 18:46:19.669981 4468049344 retrain.py:1100] 2019-10-09 18:46:19.669934: Step 2800: Validation accuracy = 49.0% (N=100)
INFO:tensorflow:2019-10-09 18:46:20.214816: Step 2810: Train accuracy = 97.0%
I1009 18:46:20.214873 4468049344 retrain.py:1082] 2019-10-09 18:46:20.214816: Step 2810: Train accuracy = 97.0%
INFO:tensorflow:2019-10-09 18:46:20.215012: Step 2810: Cross entropy = 0.123411
I1009 18:46:20.215023 4468049344 retrain.py:1084] 2019-10-09 18:46:20.215012: Step 2810: Cross entropy = 0.123411
INFO:tensorflow:2019-10-09 18:46:20.270413: Step 2810: Validation accuracy = 58.0% (N=100)
I1009 18:46:20.270460 4468049344 retrain.py:1100] 2019-10-09 18:46:20.270413: Step 2810: Validation accuracy = 58.0% (N=100)
INFO:tensorflow:2019-10-09 18:46:20.815895: Step 2820: Train accuracy = 96.0%
I1009 18:46:20.815940 4468049344 retrain.py:1082] 2019-10-09 18:46:20.815895: Step 2820: Train accuracy = 96.0%
INFO:tensorflow:2019-10-09 18:46:20.816066: Step 2820: Cross entropy = 0.136715
I1009 18:46:20.816097 4468049344 retrain.py:1084] 2019-10-09 18:46:20.816066: Step 2820: Cross entropy = 0.136715
INFO:tensorflow:2019-10-09 18:46:20.871525: Step 2820: Validation accuracy = 52.0% (N=100)
I1009 18:46:20.871572 4468049344 retrain.py:1100] 2019-10-09 18:46:20.871525: Step 2820: Validation accuracy = 52.0% (N=100)
INFO:tensorflow:2019-10-09 18:46:21.417315: Step 2830: Train accuracy = 99.0%
I1009 18:46:21.417359 4468049344 retrain.py:1082] 2019-10-09 18:46:21.417315: Step 2830: Train accuracy = 99.0%
INFO:tensorflow:2019-10-09 18:46:21.417481: Step 2830: Cross entropy = 0.117412
I1009 18:46:21.417491 4468049344 retrain.py:1084] 2019-10-09 18:46:21.417481: Step 2830: Cross entropy = 0.117412
INFO:tensorflow:2019-10-09 18:46:21.472904: Step 2830: Validation accuracy = 53.0% (N=100)
I1009 18:46:21.472949 4468049344 retrain.py:1100] 2019-10-09 18:46:21.472904: Step 2830: Validation accuracy = 53.0% (N=100)
INFO:tensorflow:2019-10-09 18:46:22.017469: Step 2840: Train accuracy = 99.0%
I1009 18:46:22.017513 4468049344 retrain.py:1082] 2019-10-09 18:46:22.017469: Step 2840: Train accuracy = 99.0%
INFO:tensorflow:2019-10-09 18:46:22.017652: Step 2840: Cross entropy = 0.117482
I1009 18:46:22.017662 4468049344 retrain.py:1084] 2019-10-09 18:46:22.017652: Step 2840: Cross entropy = 0.117482
INFO:tensorflow:2019-10-09 18:46:22.072973: Step 2840: Validation accuracy = 54.0% (N=100)
I1009 18:46:22.073018 4468049344 retrain.py:1100] 2019-10-09 18:46:22.072973: Step 2840: Validation accuracy = 54.0% (N=100)
INFO:tensorflow:2019-10-09 18:46:22.616945: Step 2850: Train accuracy = 99.0%
I1009 18:46:22.617001 4468049344 retrain.py:1082] 2019-10-09 18:46:22.616945: Step 2850: Train accuracy = 99.0%
INFO:tensorflow:2019-10-09 18:46:22.617137: Step 2850: Cross entropy = 0.108740
I1009 18:46:22.617147 4468049344 retrain.py:1084] 2019-10-09 18:46:22.617137: Step 2850: Cross entropy = 0.108740
INFO:tensorflow:2019-10-09 18:46:22.672496: Step 2850: Validation accuracy = 55.0% (N=100)
I1009 18:46:22.672544 4468049344 retrain.py:1100] 2019-10-09 18:46:22.672496: Step 2850: Validation accuracy = 55.0% (N=100)
INFO:tensorflow:2019-10-09 18:46:23.219365: Step 2860: Train accuracy = 97.0%
I1009 18:46:23.219408 4468049344 retrain.py:1082] 2019-10-09 18:46:23.219365: Step 2860: Train accuracy = 97.0%
INFO:tensorflow:2019-10-09 18:46:23.219549: Step 2860: Cross entropy = 0.138354
I1009 18:46:23.219558 4468049344 retrain.py:1084] 2019-10-09 18:46:23.219549: Step 2860: Cross entropy = 0.138354
INFO:tensorflow:2019-10-09 18:46:23.274722: Step 2860: Validation accuracy = 43.0% (N=100)
I1009 18:46:23.274770 4468049344 retrain.py:1100] 2019-10-09 18:46:23.274722: Step 2860: Validation accuracy = 43.0% (N=100)
INFO:tensorflow:2019-10-09 18:46:23.827091: Step 2870: Train accuracy = 99.0%
I1009 18:46:23.827147 4468049344 retrain.py:1082] 2019-10-09 18:46:23.827091: Step 2870: Train accuracy = 99.0%
INFO:tensorflow:2019-10-09 18:46:23.827283: Step 2870: Cross entropy = 0.114750
I1009 18:46:23.827292 4468049344 retrain.py:1084] 2019-10-09 18:46:23.827283: Step 2870: Cross entropy = 0.114750
INFO:tensorflow:2019-10-09 18:46:23.882645: Step 2870: Validation accuracy = 51.0% (N=100)
I1009 18:46:23.882691 4468049344 retrain.py:1100] 2019-10-09 18:46:23.882645: Step 2870: Validation accuracy = 51.0% (N=100)
INFO:tensorflow:2019-10-09 18:46:24.428780: Step 2880: Train accuracy = 100.0%
I1009 18:46:24.428837 4468049344 retrain.py:1082] 2019-10-09 18:46:24.428780: Step 2880: Train accuracy = 100.0%
INFO:tensorflow:2019-10-09 18:46:24.428992: Step 2880: Cross entropy = 0.105809
I1009 18:46:24.429014 4468049344 retrain.py:1084] 2019-10-09 18:46:24.428992: Step 2880: Cross entropy = 0.105809
INFO:tensorflow:2019-10-09 18:46:24.484402: Step 2880: Validation accuracy = 48.0% (N=100)
I1009 18:46:24.484448 4468049344 retrain.py:1100] 2019-10-09 18:46:24.484402: Step 2880: Validation accuracy = 48.0% (N=100)
INFO:tensorflow:2019-10-09 18:46:25.030052: Step 2890: Train accuracy = 98.0%
I1009 18:46:25.030108 4468049344 retrain.py:1082] 2019-10-09 18:46:25.030052: Step 2890: Train accuracy = 98.0%
INFO:tensorflow:2019-10-09 18:46:25.030236: Step 2890: Cross entropy = 0.120874
I1009 18:46:25.030245 4468049344 retrain.py:1084] 2019-10-09 18:46:25.030236: Step 2890: Cross entropy = 0.120874
INFO:tensorflow:2019-10-09 18:46:25.085954: Step 2890: Validation accuracy = 53.0% (N=100)
I1009 18:46:25.086002 4468049344 retrain.py:1100] 2019-10-09 18:46:25.085954: Step 2890: Validation accuracy = 53.0% (N=100)
INFO:tensorflow:2019-10-09 18:46:25.634729: Step 2900: Train accuracy = 99.0%
I1009 18:46:25.634784 4468049344 retrain.py:1082] 2019-10-09 18:46:25.634729: Step 2900: Train accuracy = 99.0%
INFO:tensorflow:2019-10-09 18:46:25.634907: Step 2900: Cross entropy = 0.114843
I1009 18:46:25.634917 4468049344 retrain.py:1084] 2019-10-09 18:46:25.634907: Step 2900: Cross entropy = 0.114843
INFO:tensorflow:2019-10-09 18:46:25.691676: Step 2900: Validation accuracy = 59.0% (N=100)
I1009 18:46:25.691723 4468049344 retrain.py:1100] 2019-10-09 18:46:25.691676: Step 2900: Validation accuracy = 59.0% (N=100)
INFO:tensorflow:2019-10-09 18:46:26.250917: Step 2910: Train accuracy = 96.0%
I1009 18:46:26.250963 4468049344 retrain.py:1082] 2019-10-09 18:46:26.250917: Step 2910: Train accuracy = 96.0%
INFO:tensorflow:2019-10-09 18:46:26.251082: Step 2910: Cross entropy = 0.152615
I1009 18:46:26.251091 4468049344 retrain.py:1084] 2019-10-09 18:46:26.251082: Step 2910: Cross entropy = 0.152615
INFO:tensorflow:2019-10-09 18:46:26.307576: Step 2910: Validation accuracy = 44.0% (N=100)
I1009 18:46:26.307622 4468049344 retrain.py:1100] 2019-10-09 18:46:26.307576: Step 2910: Validation accuracy = 44.0% (N=100)
INFO:tensorflow:2019-10-09 18:46:26.866786: Step 2920: Train accuracy = 98.0%
I1009 18:46:26.866827 4468049344 retrain.py:1082] 2019-10-09 18:46:26.866786: Step 2920: Train accuracy = 98.0%
INFO:tensorflow:2019-10-09 18:46:26.866952: Step 2920: Cross entropy = 0.112658
I1009 18:46:26.866982 4468049344 retrain.py:1084] 2019-10-09 18:46:26.866952: Step 2920: Cross entropy = 0.112658
INFO:tensorflow:2019-10-09 18:46:26.923734: Step 2920: Validation accuracy = 53.0% (N=100)
I1009 18:46:26.923780 4468049344 retrain.py:1100] 2019-10-09 18:46:26.923734: Step 2920: Validation accuracy = 53.0% (N=100)
INFO:tensorflow:2019-10-09 18:46:27.471560: Step 2930: Train accuracy = 97.0%
I1009 18:46:27.471603 4468049344 retrain.py:1082] 2019-10-09 18:46:27.471560: Step 2930: Train accuracy = 97.0%
INFO:tensorflow:2019-10-09 18:46:27.471751: Step 2930: Cross entropy = 0.135645
I1009 18:46:27.471761 4468049344 retrain.py:1084] 2019-10-09 18:46:27.471751: Step 2930: Cross entropy = 0.135645
INFO:tensorflow:2019-10-09 18:46:27.528522: Step 2930: Validation accuracy = 62.0% (N=100)
I1009 18:46:27.528570 4468049344 retrain.py:1100] 2019-10-09 18:46:27.528522: Step 2930: Validation accuracy = 62.0% (N=100)
INFO:tensorflow:2019-10-09 18:46:28.081478: Step 2940: Train accuracy = 98.0%
I1009 18:46:28.081522 4468049344 retrain.py:1082] 2019-10-09 18:46:28.081478: Step 2940: Train accuracy = 98.0%
INFO:tensorflow:2019-10-09 18:46:28.081651: Step 2940: Cross entropy = 0.121122
I1009 18:46:28.081661 4468049344 retrain.py:1084] 2019-10-09 18:46:28.081651: Step 2940: Cross entropy = 0.121122
INFO:tensorflow:2019-10-09 18:46:28.136992: Step 2940: Validation accuracy = 51.0% (N=100)
I1009 18:46:28.137043 4468049344 retrain.py:1100] 2019-10-09 18:46:28.136992: Step 2940: Validation accuracy = 51.0% (N=100)
INFO:tensorflow:2019-10-09 18:46:28.682331: Step 2950: Train accuracy = 99.0%
I1009 18:46:28.682388 4468049344 retrain.py:1082] 2019-10-09 18:46:28.682331: Step 2950: Train accuracy = 99.0%
INFO:tensorflow:2019-10-09 18:46:28.682528: Step 2950: Cross entropy = 0.114162
I1009 18:46:28.682538 4468049344 retrain.py:1084] 2019-10-09 18:46:28.682528: Step 2950: Cross entropy = 0.114162
INFO:tensorflow:2019-10-09 18:46:28.738552: Step 2950: Validation accuracy = 41.0% (N=100)
I1009 18:46:28.738598 4468049344 retrain.py:1100] 2019-10-09 18:46:28.738552: Step 2950: Validation accuracy = 41.0% (N=100)
INFO:tensorflow:2019-10-09 18:46:29.284890: Step 2960: Train accuracy = 99.0%
I1009 18:46:29.284945 4468049344 retrain.py:1082] 2019-10-09 18:46:29.284890: Step 2960: Train accuracy = 99.0%
INFO:tensorflow:2019-10-09 18:46:29.285065: Step 2960: Cross entropy = 0.113528
I1009 18:46:29.285074 4468049344 retrain.py:1084] 2019-10-09 18:46:29.285065: Step 2960: Cross entropy = 0.113528
INFO:tensorflow:2019-10-09 18:46:29.340549: Step 2960: Validation accuracy = 47.0% (N=100)
I1009 18:46:29.340595 4468049344 retrain.py:1100] 2019-10-09 18:46:29.340549: Step 2960: Validation accuracy = 47.0% (N=100)
INFO:tensorflow:2019-10-09 18:46:29.885275: Step 2970: Train accuracy = 99.0%
I1009 18:46:29.885318 4468049344 retrain.py:1082] 2019-10-09 18:46:29.885275: Step 2970: Train accuracy = 99.0%
INFO:tensorflow:2019-10-09 18:46:29.885441: Step 2970: Cross entropy = 0.112517
I1009 18:46:29.885451 4468049344 retrain.py:1084] 2019-10-09 18:46:29.885441: Step 2970: Cross entropy = 0.112517
INFO:tensorflow:2019-10-09 18:46:29.941027: Step 2970: Validation accuracy = 54.0% (N=100)
I1009 18:46:29.941076 4468049344 retrain.py:1100] 2019-10-09 18:46:29.941027: Step 2970: Validation accuracy = 54.0% (N=100)
INFO:tensorflow:2019-10-09 18:46:30.487673: Step 2980: Train accuracy = 99.0%
I1009 18:46:30.487730 4468049344 retrain.py:1082] 2019-10-09 18:46:30.487673: Step 2980: Train accuracy = 99.0%
INFO:tensorflow:2019-10-09 18:46:30.487857: Step 2980: Cross entropy = 0.128237
I1009 18:46:30.487887 4468049344 retrain.py:1084] 2019-10-09 18:46:30.487857: Step 2980: Cross entropy = 0.128237
INFO:tensorflow:2019-10-09 18:46:30.543701: Step 2980: Validation accuracy = 48.0% (N=100)
I1009 18:46:30.543749 4468049344 retrain.py:1100] 2019-10-09 18:46:30.543701: Step 2980: Validation accuracy = 48.0% (N=100)
INFO:tensorflow:2019-10-09 18:46:31.089244: Step 2990: Train accuracy = 100.0%
I1009 18:46:31.089299 4468049344 retrain.py:1082] 2019-10-09 18:46:31.089244: Step 2990: Train accuracy = 100.0%
INFO:tensorflow:2019-10-09 18:46:31.089424: Step 2990: Cross entropy = 0.102449
I1009 18:46:31.089434 4468049344 retrain.py:1084] 2019-10-09 18:46:31.089424: Step 2990: Cross entropy = 0.102449
INFO:tensorflow:2019-10-09 18:46:31.144831: Step 2990: Validation accuracy = 52.0% (N=100)
I1009 18:46:31.144878 4468049344 retrain.py:1100] 2019-10-09 18:46:31.144831: Step 2990: Validation accuracy = 52.0% (N=100)
INFO:tensorflow:2019-10-09 18:46:31.690716: Step 3000: Train accuracy = 97.0%
I1009 18:46:31.690773 4468049344 retrain.py:1082] 2019-10-09 18:46:31.690716: Step 3000: Train accuracy = 97.0%
INFO:tensorflow:2019-10-09 18:46:31.690912: Step 3000: Cross entropy = 0.139620
I1009 18:46:31.690922 4468049344 retrain.py:1084] 2019-10-09 18:46:31.690912: Step 3000: Cross entropy = 0.139620
INFO:tensorflow:2019-10-09 18:46:31.746732: Step 3000: Validation accuracy = 52.0% (N=100)
I1009 18:46:31.746780 4468049344 retrain.py:1100] 2019-10-09 18:46:31.746732: Step 3000: Validation accuracy = 52.0% (N=100)
INFO:tensorflow:2019-10-09 18:46:32.292154: Step 3010: Train accuracy = 100.0%
I1009 18:46:32.292204 4468049344 retrain.py:1082] 2019-10-09 18:46:32.292154: Step 3010: Train accuracy = 100.0%
INFO:tensorflow:2019-10-09 18:46:32.292322: Step 3010: Cross entropy = 0.129878
I1009 18:46:32.292335 4468049344 retrain.py:1084] 2019-10-09 18:46:32.292322: Step 3010: Cross entropy = 0.129878
INFO:tensorflow:2019-10-09 18:46:32.347977: Step 3010: Validation accuracy = 52.0% (N=100)
I1009 18:46:32.348025 4468049344 retrain.py:1100] 2019-10-09 18:46:32.347977: Step 3010: Validation accuracy = 52.0% (N=100)
INFO:tensorflow:2019-10-09 18:46:32.894207: Step 3020: Train accuracy = 99.0%
I1009 18:46:32.894263 4468049344 retrain.py:1082] 2019-10-09 18:46:32.894207: Step 3020: Train accuracy = 99.0%
INFO:tensorflow:2019-10-09 18:46:32.894400: Step 3020: Cross entropy = 0.115017
I1009 18:46:32.894409 4468049344 retrain.py:1084] 2019-10-09 18:46:32.894400: Step 3020: Cross entropy = 0.115017
INFO:tensorflow:2019-10-09 18:46:32.949732: Step 3020: Validation accuracy = 62.0% (N=100)
I1009 18:46:32.949777 4468049344 retrain.py:1100] 2019-10-09 18:46:32.949732: Step 3020: Validation accuracy = 62.0% (N=100)
INFO:tensorflow:2019-10-09 18:46:33.499194: Step 3030: Train accuracy = 96.0%
I1009 18:46:33.499248 4468049344 retrain.py:1082] 2019-10-09 18:46:33.499194: Step 3030: Train accuracy = 96.0%
INFO:tensorflow:2019-10-09 18:46:33.499372: Step 3030: Cross entropy = 0.150986
I1009 18:46:33.499384 4468049344 retrain.py:1084] 2019-10-09 18:46:33.499372: Step 3030: Cross entropy = 0.150986
INFO:tensorflow:2019-10-09 18:46:33.554940: Step 3030: Validation accuracy = 59.0% (N=100)
I1009 18:46:33.554988 4468049344 retrain.py:1100] 2019-10-09 18:46:33.554940: Step 3030: Validation accuracy = 59.0% (N=100)
INFO:tensorflow:2019-10-09 18:46:34.101033: Step 3040: Train accuracy = 99.0%
I1009 18:46:34.101078 4468049344 retrain.py:1082] 2019-10-09 18:46:34.101033: Step 3040: Train accuracy = 99.0%
INFO:tensorflow:2019-10-09 18:46:34.101200: Step 3040: Cross entropy = 0.112890
I1009 18:46:34.101210 4468049344 retrain.py:1084] 2019-10-09 18:46:34.101200: Step 3040: Cross entropy = 0.112890
INFO:tensorflow:2019-10-09 18:46:34.156531: Step 3040: Validation accuracy = 50.0% (N=100)
I1009 18:46:34.156578 4468049344 retrain.py:1100] 2019-10-09 18:46:34.156531: Step 3040: Validation accuracy = 50.0% (N=100)
INFO:tensorflow:2019-10-09 18:46:34.701408: Step 3050: Train accuracy = 98.0%
I1009 18:46:34.701452 4468049344 retrain.py:1082] 2019-10-09 18:46:34.701408: Step 3050: Train accuracy = 98.0%
INFO:tensorflow:2019-10-09 18:46:34.701575: Step 3050: Cross entropy = 0.130852
I1009 18:46:34.701586 4468049344 retrain.py:1084] 2019-10-09 18:46:34.701575: Step 3050: Cross entropy = 0.130852
INFO:tensorflow:2019-10-09 18:46:34.757229: Step 3050: Validation accuracy = 45.0% (N=100)
I1009 18:46:34.757275 4468049344 retrain.py:1100] 2019-10-09 18:46:34.757229: Step 3050: Validation accuracy = 45.0% (N=100)
INFO:tensorflow:2019-10-09 18:46:35.303007: Step 3060: Train accuracy = 100.0%
I1009 18:46:35.303050 4468049344 retrain.py:1082] 2019-10-09 18:46:35.303007: Step 3060: Train accuracy = 100.0%
INFO:tensorflow:2019-10-09 18:46:35.303175: Step 3060: Cross entropy = 0.107494
I1009 18:46:35.303188 4468049344 retrain.py:1084] 2019-10-09 18:46:35.303175: Step 3060: Cross entropy = 0.107494
INFO:tensorflow:2019-10-09 18:46:35.358827: Step 3060: Validation accuracy = 58.0% (N=100)
I1009 18:46:35.358874 4468049344 retrain.py:1100] 2019-10-09 18:46:35.358827: Step 3060: Validation accuracy = 58.0% (N=100)
INFO:tensorflow:2019-10-09 18:46:35.903633: Step 3070: Train accuracy = 100.0%
I1009 18:46:35.903688 4468049344 retrain.py:1082] 2019-10-09 18:46:35.903633: Step 3070: Train accuracy = 100.0%
INFO:tensorflow:2019-10-09 18:46:35.903814: Step 3070: Cross entropy = 0.108312
I1009 18:46:35.903824 4468049344 retrain.py:1084] 2019-10-09 18:46:35.903814: Step 3070: Cross entropy = 0.108312
INFO:tensorflow:2019-10-09 18:46:35.958851: Step 3070: Validation accuracy = 43.0% (N=100)
I1009 18:46:35.958899 4468049344 retrain.py:1100] 2019-10-09 18:46:35.958851: Step 3070: Validation accuracy = 43.0% (N=100)
INFO:tensorflow:2019-10-09 18:46:36.505102: Step 3080: Train accuracy = 100.0%
I1009 18:46:36.505159 4468049344 retrain.py:1082] 2019-10-09 18:46:36.505102: Step 3080: Train accuracy = 100.0%
INFO:tensorflow:2019-10-09 18:46:36.505300: Step 3080: Cross entropy = 0.106632
I1009 18:46:36.505311 4468049344 retrain.py:1084] 2019-10-09 18:46:36.505300: Step 3080: Cross entropy = 0.106632
INFO:tensorflow:2019-10-09 18:46:36.561111: Step 3080: Validation accuracy = 50.0% (N=100)
I1009 18:46:36.561157 4468049344 retrain.py:1100] 2019-10-09 18:46:36.561111: Step 3080: Validation accuracy = 50.0% (N=100)
INFO:tensorflow:2019-10-09 18:46:37.106735: Step 3090: Train accuracy = 98.0%
I1009 18:46:37.106791 4468049344 retrain.py:1082] 2019-10-09 18:46:37.106735: Step 3090: Train accuracy = 98.0%
INFO:tensorflow:2019-10-09 18:46:37.106927: Step 3090: Cross entropy = 0.135751
I1009 18:46:37.106938 4468049344 retrain.py:1084] 2019-10-09 18:46:37.106927: Step 3090: Cross entropy = 0.135751
INFO:tensorflow:2019-10-09 18:46:37.162252: Step 3090: Validation accuracy = 52.0% (N=100)
I1009 18:46:37.162299 4468049344 retrain.py:1100] 2019-10-09 18:46:37.162252: Step 3090: Validation accuracy = 52.0% (N=100)
INFO:tensorflow:2019-10-09 18:46:37.712882: Step 3100: Train accuracy = 96.0%
I1009 18:46:37.712926 4468049344 retrain.py:1082] 2019-10-09 18:46:37.712882: Step 3100: Train accuracy = 96.0%
INFO:tensorflow:2019-10-09 18:46:37.713040: Step 3100: Cross entropy = 0.154595
I1009 18:46:37.713050 4468049344 retrain.py:1084] 2019-10-09 18:46:37.713040: Step 3100: Cross entropy = 0.154595
INFO:tensorflow:2019-10-09 18:46:37.770876: Step 3100: Validation accuracy = 49.0% (N=100)
I1009 18:46:37.770922 4468049344 retrain.py:1100] 2019-10-09 18:46:37.770876: Step 3100: Validation accuracy = 49.0% (N=100)
INFO:tensorflow:2019-10-09 18:46:38.317653: Step 3110: Train accuracy = 100.0%
I1009 18:46:38.317698 4468049344 retrain.py:1082] 2019-10-09 18:46:38.317653: Step 3110: Train accuracy = 100.0%
INFO:tensorflow:2019-10-09 18:46:38.317823: Step 3110: Cross entropy = 0.131806
I1009 18:46:38.317832 4468049344 retrain.py:1084] 2019-10-09 18:46:38.317823: Step 3110: Cross entropy = 0.131806
INFO:tensorflow:2019-10-09 18:46:38.373612: Step 3110: Validation accuracy = 57.0% (N=100)
I1009 18:46:38.373661 4468049344 retrain.py:1100] 2019-10-09 18:46:38.373612: Step 3110: Validation accuracy = 57.0% (N=100)
INFO:tensorflow:2019-10-09 18:46:38.919392: Step 3120: Train accuracy = 100.0%
I1009 18:46:38.919448 4468049344 retrain.py:1082] 2019-10-09 18:46:38.919392: Step 3120: Train accuracy = 100.0%
INFO:tensorflow:2019-10-09 18:46:38.919585: Step 3120: Cross entropy = 0.097536
I1009 18:46:38.919595 4468049344 retrain.py:1084] 2019-10-09 18:46:38.919585: Step 3120: Cross entropy = 0.097536
INFO:tensorflow:2019-10-09 18:46:38.975166: Step 3120: Validation accuracy = 56.0% (N=100)
I1009 18:46:38.975214 4468049344 retrain.py:1100] 2019-10-09 18:46:38.975166: Step 3120: Validation accuracy = 56.0% (N=100)
INFO:tensorflow:2019-10-09 18:46:39.521209: Step 3130: Train accuracy = 98.0%
I1009 18:46:39.521252 4468049344 retrain.py:1082] 2019-10-09 18:46:39.521209: Step 3130: Train accuracy = 98.0%
INFO:tensorflow:2019-10-09 18:46:39.521389: Step 3130: Cross entropy = 0.113950
I1009 18:46:39.521399 4468049344 retrain.py:1084] 2019-10-09 18:46:39.521389: Step 3130: Cross entropy = 0.113950
INFO:tensorflow:2019-10-09 18:46:39.576705: Step 3130: Validation accuracy = 48.0% (N=100)
I1009 18:46:39.576750 4468049344 retrain.py:1100] 2019-10-09 18:46:39.576705: Step 3130: Validation accuracy = 48.0% (N=100)
INFO:tensorflow:2019-10-09 18:46:40.121764: Step 3140: Train accuracy = 99.0%
I1009 18:46:40.121819 4468049344 retrain.py:1082] 2019-10-09 18:46:40.121764: Step 3140: Train accuracy = 99.0%
INFO:tensorflow:2019-10-09 18:46:40.121955: Step 3140: Cross entropy = 0.115700
I1009 18:46:40.121967 4468049344 retrain.py:1084] 2019-10-09 18:46:40.121955: Step 3140: Cross entropy = 0.115700
INFO:tensorflow:2019-10-09 18:46:40.177622: Step 3140: Validation accuracy = 60.0% (N=100)
I1009 18:46:40.177669 4468049344 retrain.py:1100] 2019-10-09 18:46:40.177622: Step 3140: Validation accuracy = 60.0% (N=100)
INFO:tensorflow:2019-10-09 18:46:40.724261: Step 3150: Train accuracy = 97.0%
I1009 18:46:40.724316 4468049344 retrain.py:1082] 2019-10-09 18:46:40.724261: Step 3150: Train accuracy = 97.0%
INFO:tensorflow:2019-10-09 18:46:40.724443: Step 3150: Cross entropy = 0.130147
I1009 18:46:40.724453 4468049344 retrain.py:1084] 2019-10-09 18:46:40.724443: Step 3150: Cross entropy = 0.130147
INFO:tensorflow:2019-10-09 18:46:40.779927: Step 3150: Validation accuracy = 59.0% (N=100)
I1009 18:46:40.779974 4468049344 retrain.py:1100] 2019-10-09 18:46:40.779927: Step 3150: Validation accuracy = 59.0% (N=100)
INFO:tensorflow:2019-10-09 18:46:41.338934: Step 3160: Train accuracy = 100.0%
I1009 18:46:41.338975 4468049344 retrain.py:1082] 2019-10-09 18:46:41.338934: Step 3160: Train accuracy = 100.0%
INFO:tensorflow:2019-10-09 18:46:41.339117: Step 3160: Cross entropy = 0.116061
I1009 18:46:41.339128 4468049344 retrain.py:1084] 2019-10-09 18:46:41.339117: Step 3160: Cross entropy = 0.116061
INFO:tensorflow:2019-10-09 18:46:41.395944: Step 3160: Validation accuracy = 52.0% (N=100)
I1009 18:46:41.395991 4468049344 retrain.py:1100] 2019-10-09 18:46:41.395944: Step 3160: Validation accuracy = 52.0% (N=100)
INFO:tensorflow:2019-10-09 18:46:41.955042: Step 3170: Train accuracy = 100.0%
I1009 18:46:41.955097 4468049344 retrain.py:1082] 2019-10-09 18:46:41.955042: Step 3170: Train accuracy = 100.0%
INFO:tensorflow:2019-10-09 18:46:41.955219: Step 3170: Cross entropy = 0.082406
I1009 18:46:41.955250 4468049344 retrain.py:1084] 2019-10-09 18:46:41.955219: Step 3170: Cross entropy = 0.082406
INFO:tensorflow:2019-10-09 18:46:42.012347: Step 3170: Validation accuracy = 48.0% (N=100)
I1009 18:46:42.012393 4468049344 retrain.py:1100] 2019-10-09 18:46:42.012347: Step 3170: Validation accuracy = 48.0% (N=100)
INFO:tensorflow:2019-10-09 18:46:42.569881: Step 3180: Train accuracy = 99.0%
I1009 18:46:42.569924 4468049344 retrain.py:1082] 2019-10-09 18:46:42.569881: Step 3180: Train accuracy = 99.0%
INFO:tensorflow:2019-10-09 18:46:42.570034: Step 3180: Cross entropy = 0.114938
I1009 18:46:42.570044 4468049344 retrain.py:1084] 2019-10-09 18:46:42.570034: Step 3180: Cross entropy = 0.114938
INFO:tensorflow:2019-10-09 18:46:42.626208: Step 3180: Validation accuracy = 43.0% (N=100)
I1009 18:46:42.626255 4468049344 retrain.py:1100] 2019-10-09 18:46:42.626208: Step 3180: Validation accuracy = 43.0% (N=100)
INFO:tensorflow:2019-10-09 18:46:43.175548: Step 3190: Train accuracy = 100.0%
I1009 18:46:43.175590 4468049344 retrain.py:1082] 2019-10-09 18:46:43.175548: Step 3190: Train accuracy = 100.0%
INFO:tensorflow:2019-10-09 18:46:43.175715: Step 3190: Cross entropy = 0.116015
I1009 18:46:43.175724 4468049344 retrain.py:1084] 2019-10-09 18:46:43.175715: Step 3190: Cross entropy = 0.116015
INFO:tensorflow:2019-10-09 18:46:43.231068: Step 3190: Validation accuracy = 44.0% (N=100)
I1009 18:46:43.231115 4468049344 retrain.py:1100] 2019-10-09 18:46:43.231068: Step 3190: Validation accuracy = 44.0% (N=100)
INFO:tensorflow:2019-10-09 18:46:43.776831: Step 3200: Train accuracy = 98.0%
I1009 18:46:43.776885 4468049344 retrain.py:1082] 2019-10-09 18:46:43.776831: Step 3200: Train accuracy = 98.0%
INFO:tensorflow:2019-10-09 18:46:43.777023: Step 3200: Cross entropy = 0.133944
I1009 18:46:43.777034 4468049344 retrain.py:1084] 2019-10-09 18:46:43.777023: Step 3200: Cross entropy = 0.133944
INFO:tensorflow:2019-10-09 18:46:43.833244: Step 3200: Validation accuracy = 52.0% (N=100)
I1009 18:46:43.833294 4468049344 retrain.py:1100] 2019-10-09 18:46:43.833244: Step 3200: Validation accuracy = 52.0% (N=100)
INFO:tensorflow:2019-10-09 18:46:44.379209: Step 3210: Train accuracy = 100.0%
I1009 18:46:44.379266 4468049344 retrain.py:1082] 2019-10-09 18:46:44.379209: Step 3210: Train accuracy = 100.0%
INFO:tensorflow:2019-10-09 18:46:44.379402: Step 3210: Cross entropy = 0.096417
I1009 18:46:44.379412 4468049344 retrain.py:1084] 2019-10-09 18:46:44.379402: Step 3210: Cross entropy = 0.096417
INFO:tensorflow:2019-10-09 18:46:44.434815: Step 3210: Validation accuracy = 43.0% (N=100)
I1009 18:46:44.434863 4468049344 retrain.py:1100] 2019-10-09 18:46:44.434815: Step 3210: Validation accuracy = 43.0% (N=100)
INFO:tensorflow:2019-10-09 18:46:44.980548: Step 3220: Train accuracy = 99.0%
I1009 18:46:44.980592 4468049344 retrain.py:1082] 2019-10-09 18:46:44.980548: Step 3220: Train accuracy = 99.0%
INFO:tensorflow:2019-10-09 18:46:44.980733: Step 3220: Cross entropy = 0.106447
I1009 18:46:44.980743 4468049344 retrain.py:1084] 2019-10-09 18:46:44.980733: Step 3220: Cross entropy = 0.106447
INFO:tensorflow:2019-10-09 18:46:45.036227: Step 3220: Validation accuracy = 41.0% (N=100)
I1009 18:46:45.036274 4468049344 retrain.py:1100] 2019-10-09 18:46:45.036227: Step 3220: Validation accuracy = 41.0% (N=100)
INFO:tensorflow:2019-10-09 18:46:45.581445: Step 3230: Train accuracy = 98.0%
I1009 18:46:45.581488 4468049344 retrain.py:1082] 2019-10-09 18:46:45.581445: Step 3230: Train accuracy = 98.0%
INFO:tensorflow:2019-10-09 18:46:45.581626: Step 3230: Cross entropy = 0.106956
I1009 18:46:45.581637 4468049344 retrain.py:1084] 2019-10-09 18:46:45.581626: Step 3230: Cross entropy = 0.106956
INFO:tensorflow:2019-10-09 18:46:45.637176: Step 3230: Validation accuracy = 44.0% (N=100)
I1009 18:46:45.637223 4468049344 retrain.py:1100] 2019-10-09 18:46:45.637176: Step 3230: Validation accuracy = 44.0% (N=100)
INFO:tensorflow:2019-10-09 18:46:46.183951: Step 3240: Train accuracy = 98.0%
I1009 18:46:46.183994 4468049344 retrain.py:1082] 2019-10-09 18:46:46.183951: Step 3240: Train accuracy = 98.0%
INFO:tensorflow:2019-10-09 18:46:46.184119: Step 3240: Cross entropy = 0.109723
I1009 18:46:46.184129 4468049344 retrain.py:1084] 2019-10-09 18:46:46.184119: Step 3240: Cross entropy = 0.109723
INFO:tensorflow:2019-10-09 18:46:46.239441: Step 3240: Validation accuracy = 48.0% (N=100)
I1009 18:46:46.239487 4468049344 retrain.py:1100] 2019-10-09 18:46:46.239441: Step 3240: Validation accuracy = 48.0% (N=100)
INFO:tensorflow:2019-10-09 18:46:46.785059: Step 3250: Train accuracy = 97.0%
I1009 18:46:46.785114 4468049344 retrain.py:1082] 2019-10-09 18:46:46.785059: Step 3250: Train accuracy = 97.0%
INFO:tensorflow:2019-10-09 18:46:46.785240: Step 3250: Cross entropy = 0.133738
I1009 18:46:46.785251 4468049344 retrain.py:1084] 2019-10-09 18:46:46.785240: Step 3250: Cross entropy = 0.133738
INFO:tensorflow:2019-10-09 18:46:46.841548: Step 3250: Validation accuracy = 59.0% (N=100)
I1009 18:46:46.841596 4468049344 retrain.py:1100] 2019-10-09 18:46:46.841548: Step 3250: Validation accuracy = 59.0% (N=100)
INFO:tensorflow:2019-10-09 18:46:47.388289: Step 3260: Train accuracy = 97.0%
I1009 18:46:47.388334 4468049344 retrain.py:1082] 2019-10-09 18:46:47.388289: Step 3260: Train accuracy = 97.0%
INFO:tensorflow:2019-10-09 18:46:47.388483: Step 3260: Cross entropy = 0.116729
I1009 18:46:47.388493 4468049344 retrain.py:1084] 2019-10-09 18:46:47.388483: Step 3260: Cross entropy = 0.116729
INFO:tensorflow:2019-10-09 18:46:47.443961: Step 3260: Validation accuracy = 47.0% (N=100)
I1009 18:46:47.444007 4468049344 retrain.py:1100] 2019-10-09 18:46:47.443961: Step 3260: Validation accuracy = 47.0% (N=100)
INFO:tensorflow:2019-10-09 18:46:47.997375: Step 3270: Train accuracy = 100.0%
I1009 18:46:47.997431 4468049344 retrain.py:1082] 2019-10-09 18:46:47.997375: Step 3270: Train accuracy = 100.0%
INFO:tensorflow:2019-10-09 18:46:47.997570: Step 3270: Cross entropy = 0.108601
I1009 18:46:47.997580 4468049344 retrain.py:1084] 2019-10-09 18:46:47.997570: Step 3270: Cross entropy = 0.108601
INFO:tensorflow:2019-10-09 18:46:48.053122: Step 3270: Validation accuracy = 47.0% (N=100)
I1009 18:46:48.053168 4468049344 retrain.py:1100] 2019-10-09 18:46:48.053122: Step 3270: Validation accuracy = 47.0% (N=100)
INFO:tensorflow:2019-10-09 18:46:48.598391: Step 3280: Train accuracy = 99.0%
I1009 18:46:48.598447 4468049344 retrain.py:1082] 2019-10-09 18:46:48.598391: Step 3280: Train accuracy = 99.0%
INFO:tensorflow:2019-10-09 18:46:48.598582: Step 3280: Cross entropy = 0.105750
I1009 18:46:48.598592 4468049344 retrain.py:1084] 2019-10-09 18:46:48.598582: Step 3280: Cross entropy = 0.105750
INFO:tensorflow:2019-10-09 18:46:48.653957: Step 3280: Validation accuracy = 52.0% (N=100)
I1009 18:46:48.654003 4468049344 retrain.py:1100] 2019-10-09 18:46:48.653957: Step 3280: Validation accuracy = 52.0% (N=100)
INFO:tensorflow:2019-10-09 18:46:49.199898: Step 3290: Train accuracy = 100.0%
I1009 18:46:49.199952 4468049344 retrain.py:1082] 2019-10-09 18:46:49.199898: Step 3290: Train accuracy = 100.0%
INFO:tensorflow:2019-10-09 18:46:49.200089: Step 3290: Cross entropy = 0.103163
I1009 18:46:49.200098 4468049344 retrain.py:1084] 2019-10-09 18:46:49.200089: Step 3290: Cross entropy = 0.103163
INFO:tensorflow:2019-10-09 18:46:49.255566: Step 3290: Validation accuracy = 54.0% (N=100)
I1009 18:46:49.255614 4468049344 retrain.py:1100] 2019-10-09 18:46:49.255566: Step 3290: Validation accuracy = 54.0% (N=100)
INFO:tensorflow:2019-10-09 18:46:49.801670: Step 3300: Train accuracy = 99.0%
I1009 18:46:49.801715 4468049344 retrain.py:1082] 2019-10-09 18:46:49.801670: Step 3300: Train accuracy = 99.0%
INFO:tensorflow:2019-10-09 18:46:49.801828: Step 3300: Cross entropy = 0.103490
I1009 18:46:49.801838 4468049344 retrain.py:1084] 2019-10-09 18:46:49.801828: Step 3300: Cross entropy = 0.103490
INFO:tensorflow:2019-10-09 18:46:49.857031: Step 3300: Validation accuracy = 51.0% (N=100)
I1009 18:46:49.857079 4468049344 retrain.py:1100] 2019-10-09 18:46:49.857031: Step 3300: Validation accuracy = 51.0% (N=100)
INFO:tensorflow:2019-10-09 18:46:50.402884: Step 3310: Train accuracy = 98.0%
I1009 18:46:50.402939 4468049344 retrain.py:1082] 2019-10-09 18:46:50.402884: Step 3310: Train accuracy = 98.0%
INFO:tensorflow:2019-10-09 18:46:50.403076: Step 3310: Cross entropy = 0.106935
I1009 18:46:50.403087 4468049344 retrain.py:1084] 2019-10-09 18:46:50.403076: Step 3310: Cross entropy = 0.106935
INFO:tensorflow:2019-10-09 18:46:50.458436: Step 3310: Validation accuracy = 47.0% (N=100)
I1009 18:46:50.458482 4468049344 retrain.py:1100] 2019-10-09 18:46:50.458436: Step 3310: Validation accuracy = 47.0% (N=100)
INFO:tensorflow:2019-10-09 18:46:51.003780: Step 3320: Train accuracy = 100.0%
I1009 18:46:51.003835 4468049344 retrain.py:1082] 2019-10-09 18:46:51.003780: Step 3320: Train accuracy = 100.0%
INFO:tensorflow:2019-10-09 18:46:51.003973: Step 3320: Cross entropy = 0.115933
I1009 18:46:51.003983 4468049344 retrain.py:1084] 2019-10-09 18:46:51.003973: Step 3320: Cross entropy = 0.115933
INFO:tensorflow:2019-10-09 18:46:51.059341: Step 3320: Validation accuracy = 45.0% (N=100)
I1009 18:46:51.059388 4468049344 retrain.py:1100] 2019-10-09 18:46:51.059341: Step 3320: Validation accuracy = 45.0% (N=100)
INFO:tensorflow:2019-10-09 18:46:51.605523: Step 3330: Train accuracy = 100.0%
I1009 18:46:51.605564 4468049344 retrain.py:1082] 2019-10-09 18:46:51.605523: Step 3330: Train accuracy = 100.0%
INFO:tensorflow:2019-10-09 18:46:51.605687: Step 3330: Cross entropy = 0.106848
I1009 18:46:51.605698 4468049344 retrain.py:1084] 2019-10-09 18:46:51.605687: Step 3330: Cross entropy = 0.106848
INFO:tensorflow:2019-10-09 18:46:51.661050: Step 3330: Validation accuracy = 45.0% (N=100)
I1009 18:46:51.661095 4468049344 retrain.py:1100] 2019-10-09 18:46:51.661050: Step 3330: Validation accuracy = 45.0% (N=100)
INFO:tensorflow:2019-10-09 18:46:52.206865: Step 3340: Train accuracy = 100.0%
I1009 18:46:52.206907 4468049344 retrain.py:1082] 2019-10-09 18:46:52.206865: Step 3340: Train accuracy = 100.0%
INFO:tensorflow:2019-10-09 18:46:52.207044: Step 3340: Cross entropy = 0.105096
I1009 18:46:52.207055 4468049344 retrain.py:1084] 2019-10-09 18:46:52.207044: Step 3340: Cross entropy = 0.105096
INFO:tensorflow:2019-10-09 18:46:52.262393: Step 3340: Validation accuracy = 49.0% (N=100)
I1009 18:46:52.262441 4468049344 retrain.py:1100] 2019-10-09 18:46:52.262393: Step 3340: Validation accuracy = 49.0% (N=100)
INFO:tensorflow:2019-10-09 18:46:52.807902: Step 3350: Train accuracy = 100.0%
I1009 18:46:52.807945 4468049344 retrain.py:1082] 2019-10-09 18:46:52.807902: Step 3350: Train accuracy = 100.0%
INFO:tensorflow:2019-10-09 18:46:52.808084: Step 3350: Cross entropy = 0.102804
I1009 18:46:52.808094 4468049344 retrain.py:1084] 2019-10-09 18:46:52.808084: Step 3350: Cross entropy = 0.102804
INFO:tensorflow:2019-10-09 18:46:52.863829: Step 3350: Validation accuracy = 47.0% (N=100)
I1009 18:46:52.863873 4468049344 retrain.py:1100] 2019-10-09 18:46:52.863829: Step 3350: Validation accuracy = 47.0% (N=100)
INFO:tensorflow:2019-10-09 18:46:53.418759: Step 3360: Train accuracy = 100.0%
I1009 18:46:53.418816 4468049344 retrain.py:1082] 2019-10-09 18:46:53.418759: Step 3360: Train accuracy = 100.0%
INFO:tensorflow:2019-10-09 18:46:53.418955: Step 3360: Cross entropy = 0.101265
I1009 18:46:53.418965 4468049344 retrain.py:1084] 2019-10-09 18:46:53.418955: Step 3360: Cross entropy = 0.101265
INFO:tensorflow:2019-10-09 18:46:53.474730: Step 3360: Validation accuracy = 46.0% (N=100)
I1009 18:46:53.474776 4468049344 retrain.py:1100] 2019-10-09 18:46:53.474730: Step 3360: Validation accuracy = 46.0% (N=100)
INFO:tensorflow:2019-10-09 18:46:54.020593: Step 3370: Train accuracy = 99.0%
I1009 18:46:54.020648 4468049344 retrain.py:1082] 2019-10-09 18:46:54.020593: Step 3370: Train accuracy = 99.0%
INFO:tensorflow:2019-10-09 18:46:54.020772: Step 3370: Cross entropy = 0.116350
I1009 18:46:54.020781 4468049344 retrain.py:1084] 2019-10-09 18:46:54.020772: Step 3370: Cross entropy = 0.116350
INFO:tensorflow:2019-10-09 18:46:54.076190: Step 3370: Validation accuracy = 51.0% (N=100)
I1009 18:46:54.076238 4468049344 retrain.py:1100] 2019-10-09 18:46:54.076190: Step 3370: Validation accuracy = 51.0% (N=100)
INFO:tensorflow:2019-10-09 18:46:54.622208: Step 3380: Train accuracy = 98.0%
I1009 18:46:54.622264 4468049344 retrain.py:1082] 2019-10-09 18:46:54.622208: Step 3380: Train accuracy = 98.0%
INFO:tensorflow:2019-10-09 18:46:54.622390: Step 3380: Cross entropy = 0.107763
I1009 18:46:54.622400 4468049344 retrain.py:1084] 2019-10-09 18:46:54.622390: Step 3380: Cross entropy = 0.107763
INFO:tensorflow:2019-10-09 18:46:54.677869: Step 3380: Validation accuracy = 50.0% (N=100)
I1009 18:46:54.677917 4468049344 retrain.py:1100] 2019-10-09 18:46:54.677869: Step 3380: Validation accuracy = 50.0% (N=100)
INFO:tensorflow:2019-10-09 18:46:55.223369: Step 3390: Train accuracy = 100.0%
I1009 18:46:55.223427 4468049344 retrain.py:1082] 2019-10-09 18:46:55.223369: Step 3390: Train accuracy = 100.0%
INFO:tensorflow:2019-10-09 18:46:55.223550: Step 3390: Cross entropy = 0.102081
I1009 18:46:55.223561 4468049344 retrain.py:1084] 2019-10-09 18:46:55.223550: Step 3390: Cross entropy = 0.102081
INFO:tensorflow:2019-10-09 18:46:55.279153: Step 3390: Validation accuracy = 40.0% (N=100)
I1009 18:46:55.279200 4468049344 retrain.py:1100] 2019-10-09 18:46:55.279153: Step 3390: Validation accuracy = 40.0% (N=100)
INFO:tensorflow:2019-10-09 18:46:55.824255: Step 3400: Train accuracy = 98.0%
I1009 18:46:55.824300 4468049344 retrain.py:1082] 2019-10-09 18:46:55.824255: Step 3400: Train accuracy = 98.0%
INFO:tensorflow:2019-10-09 18:46:55.824450: Step 3400: Cross entropy = 0.120076
I1009 18:46:55.824460 4468049344 retrain.py:1084] 2019-10-09 18:46:55.824450: Step 3400: Cross entropy = 0.120076
INFO:tensorflow:2019-10-09 18:46:55.880015: Step 3400: Validation accuracy = 48.0% (N=100)
I1009 18:46:55.880060 4468049344 retrain.py:1100] 2019-10-09 18:46:55.880015: Step 3400: Validation accuracy = 48.0% (N=100)
INFO:tensorflow:2019-10-09 18:46:56.425159: Step 3410: Train accuracy = 99.0%
I1009 18:46:56.425215 4468049344 retrain.py:1082] 2019-10-09 18:46:56.425159: Step 3410: Train accuracy = 99.0%
INFO:tensorflow:2019-10-09 18:46:56.425356: Step 3410: Cross entropy = 0.112282
I1009 18:46:56.425368 4468049344 retrain.py:1084] 2019-10-09 18:46:56.425356: Step 3410: Cross entropy = 0.112282
INFO:tensorflow:2019-10-09 18:46:56.481145: Step 3410: Validation accuracy = 52.0% (N=100)
I1009 18:46:56.481193 4468049344 retrain.py:1100] 2019-10-09 18:46:56.481145: Step 3410: Validation accuracy = 52.0% (N=100)
INFO:tensorflow:2019-10-09 18:46:57.026548: Step 3420: Train accuracy = 99.0%
I1009 18:46:57.026603 4468049344 retrain.py:1082] 2019-10-09 18:46:57.026548: Step 3420: Train accuracy = 99.0%
INFO:tensorflow:2019-10-09 18:46:57.026729: Step 3420: Cross entropy = 0.107710
I1009 18:46:57.026738 4468049344 retrain.py:1084] 2019-10-09 18:46:57.026729: Step 3420: Cross entropy = 0.107710
INFO:tensorflow:2019-10-09 18:46:57.082152: Step 3420: Validation accuracy = 50.0% (N=100)
I1009 18:46:57.082199 4468049344 retrain.py:1100] 2019-10-09 18:46:57.082152: Step 3420: Validation accuracy = 50.0% (N=100)
INFO:tensorflow:2019-10-09 18:46:57.627009: Step 3430: Train accuracy = 98.0%
I1009 18:46:57.627052 4468049344 retrain.py:1082] 2019-10-09 18:46:57.627009: Step 3430: Train accuracy = 98.0%
INFO:tensorflow:2019-10-09 18:46:57.627177: Step 3430: Cross entropy = 0.121451
I1009 18:46:57.627187 4468049344 retrain.py:1084] 2019-10-09 18:46:57.627177: Step 3430: Cross entropy = 0.121451
INFO:tensorflow:2019-10-09 18:46:57.682579: Step 3430: Validation accuracy = 64.0% (N=100)
I1009 18:46:57.682625 4468049344 retrain.py:1100] 2019-10-09 18:46:57.682579: Step 3430: Validation accuracy = 64.0% (N=100)
INFO:tensorflow:2019-10-09 18:46:58.232237: Step 3440: Train accuracy = 99.0%
I1009 18:46:58.232280 4468049344 retrain.py:1082] 2019-10-09 18:46:58.232237: Step 3440: Train accuracy = 99.0%
INFO:tensorflow:2019-10-09 18:46:58.232419: Step 3440: Cross entropy = 0.099994
I1009 18:46:58.232429 4468049344 retrain.py:1084] 2019-10-09 18:46:58.232419: Step 3440: Cross entropy = 0.099994
INFO:tensorflow:2019-10-09 18:46:58.287790: Step 3440: Validation accuracy = 42.0% (N=100)
I1009 18:46:58.287835 4468049344 retrain.py:1100] 2019-10-09 18:46:58.287790: Step 3440: Validation accuracy = 42.0% (N=100)
INFO:tensorflow:2019-10-09 18:46:58.834553: Step 3450: Train accuracy = 99.0%
I1009 18:46:58.834608 4468049344 retrain.py:1082] 2019-10-09 18:46:58.834553: Step 3450: Train accuracy = 99.0%
INFO:tensorflow:2019-10-09 18:46:58.834746: Step 3450: Cross entropy = 0.110581
I1009 18:46:58.834756 4468049344 retrain.py:1084] 2019-10-09 18:46:58.834746: Step 3450: Cross entropy = 0.110581
INFO:tensorflow:2019-10-09 18:46:58.890115: Step 3450: Validation accuracy = 41.0% (N=100)
I1009 18:46:58.890163 4468049344 retrain.py:1100] 2019-10-09 18:46:58.890115: Step 3450: Validation accuracy = 41.0% (N=100)
INFO:tensorflow:2019-10-09 18:46:59.436413: Step 3460: Train accuracy = 100.0%
I1009 18:46:59.436457 4468049344 retrain.py:1082] 2019-10-09 18:46:59.436413: Step 3460: Train accuracy = 100.0%
INFO:tensorflow:2019-10-09 18:46:59.436599: Step 3460: Cross entropy = 0.114288
I1009 18:46:59.436609 4468049344 retrain.py:1084] 2019-10-09 18:46:59.436599: Step 3460: Cross entropy = 0.114288
INFO:tensorflow:2019-10-09 18:46:59.491885: Step 3460: Validation accuracy = 49.0% (N=100)
I1009 18:46:59.491930 4468049344 retrain.py:1100] 2019-10-09 18:46:59.491885: Step 3460: Validation accuracy = 49.0% (N=100)
INFO:tensorflow:2019-10-09 18:47:00.037680: Step 3470: Train accuracy = 99.0%
I1009 18:47:00.037724 4468049344 retrain.py:1082] 2019-10-09 18:47:00.037680: Step 3470: Train accuracy = 99.0%
INFO:tensorflow:2019-10-09 18:47:00.037852: Step 3470: Cross entropy = 0.123893
I1009 18:47:00.037861 4468049344 retrain.py:1084] 2019-10-09 18:47:00.037852: Step 3470: Cross entropy = 0.123893
INFO:tensorflow:2019-10-09 18:47:00.093419: Step 3470: Validation accuracy = 56.0% (N=100)
I1009 18:47:00.093466 4468049344 retrain.py:1100] 2019-10-09 18:47:00.093419: Step 3470: Validation accuracy = 56.0% (N=100)
INFO:tensorflow:2019-10-09 18:47:00.641220: Step 3480: Train accuracy = 99.0%
I1009 18:47:00.641264 4468049344 retrain.py:1082] 2019-10-09 18:47:00.641220: Step 3480: Train accuracy = 99.0%
INFO:tensorflow:2019-10-09 18:47:00.641416: Step 3480: Cross entropy = 0.119182
I1009 18:47:00.641427 4468049344 retrain.py:1084] 2019-10-09 18:47:00.641416: Step 3480: Cross entropy = 0.119182
INFO:tensorflow:2019-10-09 18:47:00.696951: Step 3480: Validation accuracy = 54.0% (N=100)
I1009 18:47:00.696998 4468049344 retrain.py:1100] 2019-10-09 18:47:00.696951: Step 3480: Validation accuracy = 54.0% (N=100)
INFO:tensorflow:2019-10-09 18:47:01.244603: Step 3490: Train accuracy = 100.0%
I1009 18:47:01.244659 4468049344 retrain.py:1082] 2019-10-09 18:47:01.244603: Step 3490: Train accuracy = 100.0%
INFO:tensorflow:2019-10-09 18:47:01.244788: Step 3490: Cross entropy = 0.081877
I1009 18:47:01.244798 4468049344 retrain.py:1084] 2019-10-09 18:47:01.244788: Step 3490: Cross entropy = 0.081877
INFO:tensorflow:2019-10-09 18:47:01.300250: Step 3490: Validation accuracy = 41.0% (N=100)
I1009 18:47:01.300297 4468049344 retrain.py:1100] 2019-10-09 18:47:01.300250: Step 3490: Validation accuracy = 41.0% (N=100)
INFO:tensorflow:2019-10-09 18:47:01.847368: Step 3500: Train accuracy = 98.0%
I1009 18:47:01.847423 4468049344 retrain.py:1082] 2019-10-09 18:47:01.847368: Step 3500: Train accuracy = 98.0%
INFO:tensorflow:2019-10-09 18:47:01.847546: Step 3500: Cross entropy = 0.105904
I1009 18:47:01.847557 4468049344 retrain.py:1084] 2019-10-09 18:47:01.847546: Step 3500: Cross entropy = 0.105904
INFO:tensorflow:2019-10-09 18:47:01.903026: Step 3500: Validation accuracy = 41.0% (N=100)
I1009 18:47:01.903073 4468049344 retrain.py:1100] 2019-10-09 18:47:01.903026: Step 3500: Validation accuracy = 41.0% (N=100)
INFO:tensorflow:2019-10-09 18:47:02.450004: Step 3510: Train accuracy = 100.0%
I1009 18:47:02.450048 4468049344 retrain.py:1082] 2019-10-09 18:47:02.450004: Step 3510: Train accuracy = 100.0%
INFO:tensorflow:2019-10-09 18:47:02.450187: Step 3510: Cross entropy = 0.094752
I1009 18:47:02.450197 4468049344 retrain.py:1084] 2019-10-09 18:47:02.450187: Step 3510: Cross entropy = 0.094752
INFO:tensorflow:2019-10-09 18:47:02.505697: Step 3510: Validation accuracy = 50.0% (N=100)
I1009 18:47:02.505744 4468049344 retrain.py:1100] 2019-10-09 18:47:02.505697: Step 3510: Validation accuracy = 50.0% (N=100)
INFO:tensorflow:2019-10-09 18:47:03.055992: Step 3520: Train accuracy = 99.0%
I1009 18:47:03.056035 4468049344 retrain.py:1082] 2019-10-09 18:47:03.055992: Step 3520: Train accuracy = 99.0%
INFO:tensorflow:2019-10-09 18:47:03.056160: Step 3520: Cross entropy = 0.095792
I1009 18:47:03.056172 4468049344 retrain.py:1084] 2019-10-09 18:47:03.056160: Step 3520: Cross entropy = 0.095792
INFO:tensorflow:2019-10-09 18:47:03.111800: Step 3520: Validation accuracy = 55.0% (N=100)
I1009 18:47:03.111845 4468049344 retrain.py:1100] 2019-10-09 18:47:03.111800: Step 3520: Validation accuracy = 55.0% (N=100)
INFO:tensorflow:2019-10-09 18:47:03.657827: Step 3530: Train accuracy = 100.0%
I1009 18:47:03.657882 4468049344 retrain.py:1082] 2019-10-09 18:47:03.657827: Step 3530: Train accuracy = 100.0%
INFO:tensorflow:2019-10-09 18:47:03.658006: Step 3530: Cross entropy = 0.112153
I1009 18:47:03.658015 4468049344 retrain.py:1084] 2019-10-09 18:47:03.658006: Step 3530: Cross entropy = 0.112153
INFO:tensorflow:2019-10-09 18:47:03.713407: Step 3530: Validation accuracy = 49.0% (N=100)
I1009 18:47:03.713455 4468049344 retrain.py:1100] 2019-10-09 18:47:03.713407: Step 3530: Validation accuracy = 49.0% (N=100)
INFO:tensorflow:2019-10-09 18:47:04.259096: Step 3540: Train accuracy = 98.0%
I1009 18:47:04.259152 4468049344 retrain.py:1082] 2019-10-09 18:47:04.259096: Step 3540: Train accuracy = 98.0%
INFO:tensorflow:2019-10-09 18:47:04.259290: Step 3540: Cross entropy = 0.114828
I1009 18:47:04.259301 4468049344 retrain.py:1084] 2019-10-09 18:47:04.259290: Step 3540: Cross entropy = 0.114828
INFO:tensorflow:2019-10-09 18:47:04.316337: Step 3540: Validation accuracy = 50.0% (N=100)
I1009 18:47:04.316385 4468049344 retrain.py:1100] 2019-10-09 18:47:04.316337: Step 3540: Validation accuracy = 50.0% (N=100)
INFO:tensorflow:2019-10-09 18:47:04.862604: Step 3550: Train accuracy = 98.0%
I1009 18:47:04.862648 4468049344 retrain.py:1082] 2019-10-09 18:47:04.862604: Step 3550: Train accuracy = 98.0%
INFO:tensorflow:2019-10-09 18:47:04.862787: Step 3550: Cross entropy = 0.101536
I1009 18:47:04.862799 4468049344 retrain.py:1084] 2019-10-09 18:47:04.862787: Step 3550: Cross entropy = 0.101536
INFO:tensorflow:2019-10-09 18:47:04.918179: Step 3550: Validation accuracy = 56.0% (N=100)
I1009 18:47:04.918226 4468049344 retrain.py:1100] 2019-10-09 18:47:04.918179: Step 3550: Validation accuracy = 56.0% (N=100)
INFO:tensorflow:2019-10-09 18:47:05.464970: Step 3560: Train accuracy = 98.0%
I1009 18:47:05.465024 4468049344 retrain.py:1082] 2019-10-09 18:47:05.464970: Step 3560: Train accuracy = 98.0%
INFO:tensorflow:2019-10-09 18:47:05.465163: Step 3560: Cross entropy = 0.121920
I1009 18:47:05.465175 4468049344 retrain.py:1084] 2019-10-09 18:47:05.465163: Step 3560: Cross entropy = 0.121920
INFO:tensorflow:2019-10-09 18:47:05.520622: Step 3560: Validation accuracy = 54.0% (N=100)
I1009 18:47:05.520669 4468049344 retrain.py:1100] 2019-10-09 18:47:05.520622: Step 3560: Validation accuracy = 54.0% (N=100)
INFO:tensorflow:2019-10-09 18:47:06.066790: Step 3570: Train accuracy = 100.0%
I1009 18:47:06.066832 4468049344 retrain.py:1082] 2019-10-09 18:47:06.066790: Step 3570: Train accuracy = 100.0%
INFO:tensorflow:2019-10-09 18:47:06.067041: Step 3570: Cross entropy = 0.097066
I1009 18:47:06.067059 4468049344 retrain.py:1084] 2019-10-09 18:47:06.067041: Step 3570: Cross entropy = 0.097066
INFO:tensorflow:2019-10-09 18:47:06.122798: Step 3570: Validation accuracy = 45.0% (N=100)
I1009 18:47:06.122845 4468049344 retrain.py:1100] 2019-10-09 18:47:06.122798: Step 3570: Validation accuracy = 45.0% (N=100)
INFO:tensorflow:2019-10-09 18:47:06.670907: Step 3580: Train accuracy = 99.0%
I1009 18:47:06.670963 4468049344 retrain.py:1082] 2019-10-09 18:47:06.670907: Step 3580: Train accuracy = 99.0%
INFO:tensorflow:2019-10-09 18:47:06.671101: Step 3580: Cross entropy = 0.100185
I1009 18:47:06.671113 4468049344 retrain.py:1084] 2019-10-09 18:47:06.671101: Step 3580: Cross entropy = 0.100185
INFO:tensorflow:2019-10-09 18:47:06.726519: Step 3580: Validation accuracy = 58.0% (N=100)
I1009 18:47:06.726567 4468049344 retrain.py:1100] 2019-10-09 18:47:06.726519: Step 3580: Validation accuracy = 58.0% (N=100)
INFO:tensorflow:2019-10-09 18:47:07.273424: Step 3590: Train accuracy = 100.0%
I1009 18:47:07.273472 4468049344 retrain.py:1082] 2019-10-09 18:47:07.273424: Step 3590: Train accuracy = 100.0%
INFO:tensorflow:2019-10-09 18:47:07.273592: Step 3590: Cross entropy = 0.107470
I1009 18:47:07.273605 4468049344 retrain.py:1084] 2019-10-09 18:47:07.273592: Step 3590: Cross entropy = 0.107470
INFO:tensorflow:2019-10-09 18:47:07.329207: Step 3590: Validation accuracy = 43.0% (N=100)
I1009 18:47:07.329253 4468049344 retrain.py:1100] 2019-10-09 18:47:07.329207: Step 3590: Validation accuracy = 43.0% (N=100)
INFO:tensorflow:2019-10-09 18:47:07.881567: Step 3600: Train accuracy = 96.0%
I1009 18:47:07.881611 4468049344 retrain.py:1082] 2019-10-09 18:47:07.881567: Step 3600: Train accuracy = 96.0%
INFO:tensorflow:2019-10-09 18:47:07.881722: Step 3600: Cross entropy = 0.124246
I1009 18:47:07.881731 4468049344 retrain.py:1084] 2019-10-09 18:47:07.881722: Step 3600: Cross entropy = 0.124246
INFO:tensorflow:2019-10-09 18:47:07.938072: Step 3600: Validation accuracy = 48.0% (N=100)
I1009 18:47:07.938117 4468049344 retrain.py:1100] 2019-10-09 18:47:07.938072: Step 3600: Validation accuracy = 48.0% (N=100)
INFO:tensorflow:2019-10-09 18:47:08.484918: Step 3610: Train accuracy = 99.0%
I1009 18:47:08.484961 4468049344 retrain.py:1082] 2019-10-09 18:47:08.484918: Step 3610: Train accuracy = 99.0%
INFO:tensorflow:2019-10-09 18:47:08.485099: Step 3610: Cross entropy = 0.093059
I1009 18:47:08.485110 4468049344 retrain.py:1084] 2019-10-09 18:47:08.485099: Step 3610: Cross entropy = 0.093059
INFO:tensorflow:2019-10-09 18:47:08.540536: Step 3610: Validation accuracy = 32.0% (N=100)
I1009 18:47:08.540585 4468049344 retrain.py:1100] 2019-10-09 18:47:08.540536: Step 3610: Validation accuracy = 32.0% (N=100)
INFO:tensorflow:2019-10-09 18:47:09.087103: Step 3620: Train accuracy = 99.0%
I1009 18:47:09.087160 4468049344 retrain.py:1082] 2019-10-09 18:47:09.087103: Step 3620: Train accuracy = 99.0%
INFO:tensorflow:2019-10-09 18:47:09.087294: Step 3620: Cross entropy = 0.087349
I1009 18:47:09.087306 4468049344 retrain.py:1084] 2019-10-09 18:47:09.087294: Step 3620: Cross entropy = 0.087349
INFO:tensorflow:2019-10-09 18:47:09.142958: Step 3620: Validation accuracy = 61.0% (N=100)
I1009 18:47:09.143005 4468049344 retrain.py:1100] 2019-10-09 18:47:09.142958: Step 3620: Validation accuracy = 61.0% (N=100)
INFO:tensorflow:2019-10-09 18:47:09.690594: Step 3630: Train accuracy = 98.0%
I1009 18:47:09.690650 4468049344 retrain.py:1082] 2019-10-09 18:47:09.690594: Step 3630: Train accuracy = 98.0%
INFO:tensorflow:2019-10-09 18:47:09.690777: Step 3630: Cross entropy = 0.090412
I1009 18:47:09.690787 4468049344 retrain.py:1084] 2019-10-09 18:47:09.690777: Step 3630: Cross entropy = 0.090412
INFO:tensorflow:2019-10-09 18:47:09.746240: Step 3630: Validation accuracy = 52.0% (N=100)
I1009 18:47:09.746287 4468049344 retrain.py:1100] 2019-10-09 18:47:09.746240: Step 3630: Validation accuracy = 52.0% (N=100)
INFO:tensorflow:2019-10-09 18:47:10.292399: Step 3640: Train accuracy = 100.0%
I1009 18:47:10.292455 4468049344 retrain.py:1082] 2019-10-09 18:47:10.292399: Step 3640: Train accuracy = 100.0%
INFO:tensorflow:2019-10-09 18:47:10.292582: Step 3640: Cross entropy = 0.098123
I1009 18:47:10.292613 4468049344 retrain.py:1084] 2019-10-09 18:47:10.292582: Step 3640: Cross entropy = 0.098123
INFO:tensorflow:2019-10-09 18:47:10.348550: Step 3640: Validation accuracy = 43.0% (N=100)
I1009 18:47:10.348598 4468049344 retrain.py:1100] 2019-10-09 18:47:10.348550: Step 3640: Validation accuracy = 43.0% (N=100)
INFO:tensorflow:2019-10-09 18:47:10.892954: Step 3650: Train accuracy = 100.0%
I1009 18:47:10.893012 4468049344 retrain.py:1082] 2019-10-09 18:47:10.892954: Step 3650: Train accuracy = 100.0%
INFO:tensorflow:2019-10-09 18:47:10.893150: Step 3650: Cross entropy = 0.097944
I1009 18:47:10.893161 4468049344 retrain.py:1084] 2019-10-09 18:47:10.893150: Step 3650: Cross entropy = 0.097944
INFO:tensorflow:2019-10-09 18:47:10.948506: Step 3650: Validation accuracy = 55.0% (N=100)
I1009 18:47:10.948551 4468049344 retrain.py:1100] 2019-10-09 18:47:10.948506: Step 3650: Validation accuracy = 55.0% (N=100)
INFO:tensorflow:2019-10-09 18:47:11.499281: Step 3660: Train accuracy = 100.0%
I1009 18:47:11.499336 4468049344 retrain.py:1082] 2019-10-09 18:47:11.499281: Step 3660: Train accuracy = 100.0%
INFO:tensorflow:2019-10-09 18:47:11.499461: Step 3660: Cross entropy = 0.090764
I1009 18:47:11.499471 4468049344 retrain.py:1084] 2019-10-09 18:47:11.499461: Step 3660: Cross entropy = 0.090764
INFO:tensorflow:2019-10-09 18:47:11.554946: Step 3660: Validation accuracy = 51.0% (N=100)
I1009 18:47:11.554993 4468049344 retrain.py:1100] 2019-10-09 18:47:11.554946: Step 3660: Validation accuracy = 51.0% (N=100)
INFO:tensorflow:2019-10-09 18:47:12.101165: Step 3670: Train accuracy = 98.0%
I1009 18:47:12.101210 4468049344 retrain.py:1082] 2019-10-09 18:47:12.101165: Step 3670: Train accuracy = 98.0%
INFO:tensorflow:2019-10-09 18:47:12.101361: Step 3670: Cross entropy = 0.105583
I1009 18:47:12.101372 4468049344 retrain.py:1084] 2019-10-09 18:47:12.101361: Step 3670: Cross entropy = 0.105583
INFO:tensorflow:2019-10-09 18:47:12.156752: Step 3670: Validation accuracy = 52.0% (N=100)
I1009 18:47:12.156800 4468049344 retrain.py:1100] 2019-10-09 18:47:12.156752: Step 3670: Validation accuracy = 52.0% (N=100)
INFO:tensorflow:2019-10-09 18:47:12.712051: Step 3680: Train accuracy = 100.0%
I1009 18:47:12.712109 4468049344 retrain.py:1082] 2019-10-09 18:47:12.712051: Step 3680: Train accuracy = 100.0%
INFO:tensorflow:2019-10-09 18:47:12.712245: Step 3680: Cross entropy = 0.102334
I1009 18:47:12.712256 4468049344 retrain.py:1084] 2019-10-09 18:47:12.712245: Step 3680: Cross entropy = 0.102334
INFO:tensorflow:2019-10-09 18:47:12.767664: Step 3680: Validation accuracy = 53.0% (N=100)
I1009 18:47:12.767712 4468049344 retrain.py:1100] 2019-10-09 18:47:12.767664: Step 3680: Validation accuracy = 53.0% (N=100)
INFO:tensorflow:2019-10-09 18:47:13.321123: Step 3690: Train accuracy = 100.0%
I1009 18:47:13.321166 4468049344 retrain.py:1082] 2019-10-09 18:47:13.321123: Step 3690: Train accuracy = 100.0%
INFO:tensorflow:2019-10-09 18:47:13.321314: Step 3690: Cross entropy = 0.075919
I1009 18:47:13.321325 4468049344 retrain.py:1084] 2019-10-09 18:47:13.321314: Step 3690: Cross entropy = 0.075919
INFO:tensorflow:2019-10-09 18:47:13.377807: Step 3690: Validation accuracy = 45.0% (N=100)
I1009 18:47:13.377856 4468049344 retrain.py:1100] 2019-10-09 18:47:13.377807: Step 3690: Validation accuracy = 45.0% (N=100)
INFO:tensorflow:2019-10-09 18:47:13.939769: Step 3700: Train accuracy = 99.0%
I1009 18:47:13.939824 4468049344 retrain.py:1082] 2019-10-09 18:47:13.939769: Step 3700: Train accuracy = 99.0%
INFO:tensorflow:2019-10-09 18:47:13.939952: Step 3700: Cross entropy = 0.117983
I1009 18:47:13.939962 4468049344 retrain.py:1084] 2019-10-09 18:47:13.939952: Step 3700: Cross entropy = 0.117983
INFO:tensorflow:2019-10-09 18:47:13.997095: Step 3700: Validation accuracy = 46.0% (N=100)
I1009 18:47:13.997143 4468049344 retrain.py:1100] 2019-10-09 18:47:13.997095: Step 3700: Validation accuracy = 46.0% (N=100)
INFO:tensorflow:2019-10-09 18:47:14.557880: Step 3710: Train accuracy = 98.0%
I1009 18:47:14.557934 4468049344 retrain.py:1082] 2019-10-09 18:47:14.557880: Step 3710: Train accuracy = 98.0%
INFO:tensorflow:2019-10-09 18:47:14.558073: Step 3710: Cross entropy = 0.096419
I1009 18:47:14.558085 4468049344 retrain.py:1084] 2019-10-09 18:47:14.558073: Step 3710: Cross entropy = 0.096419
INFO:tensorflow:2019-10-09 18:47:14.615029: Step 3710: Validation accuracy = 51.0% (N=100)
I1009 18:47:14.615072 4468049344 retrain.py:1100] 2019-10-09 18:47:14.615029: Step 3710: Validation accuracy = 51.0% (N=100)
INFO:tensorflow:2019-10-09 18:47:15.162886: Step 3720: Train accuracy = 99.0%
I1009 18:47:15.162928 4468049344 retrain.py:1082] 2019-10-09 18:47:15.162886: Step 3720: Train accuracy = 99.0%
INFO:tensorflow:2019-10-09 18:47:15.163058: Step 3720: Cross entropy = 0.099864
I1009 18:47:15.163069 4468049344 retrain.py:1084] 2019-10-09 18:47:15.163058: Step 3720: Cross entropy = 0.099864
INFO:tensorflow:2019-10-09 18:47:15.218693: Step 3720: Validation accuracy = 60.0% (N=100)
I1009 18:47:15.218742 4468049344 retrain.py:1100] 2019-10-09 18:47:15.218693: Step 3720: Validation accuracy = 60.0% (N=100)
INFO:tensorflow:2019-10-09 18:47:15.766042: Step 3730: Train accuracy = 100.0%
I1009 18:47:15.766098 4468049344 retrain.py:1082] 2019-10-09 18:47:15.766042: Step 3730: Train accuracy = 100.0%
INFO:tensorflow:2019-10-09 18:47:15.766237: Step 3730: Cross entropy = 0.100527
I1009 18:47:15.766246 4468049344 retrain.py:1084] 2019-10-09 18:47:15.766237: Step 3730: Cross entropy = 0.100527
INFO:tensorflow:2019-10-09 18:47:15.822338: Step 3730: Validation accuracy = 50.0% (N=100)
I1009 18:47:15.822384 4468049344 retrain.py:1100] 2019-10-09 18:47:15.822338: Step 3730: Validation accuracy = 50.0% (N=100)
INFO:tensorflow:2019-10-09 18:47:16.367650: Step 3740: Train accuracy = 98.0%
I1009 18:47:16.367706 4468049344 retrain.py:1082] 2019-10-09 18:47:16.367650: Step 3740: Train accuracy = 98.0%
INFO:tensorflow:2019-10-09 18:47:16.367849: Step 3740: Cross entropy = 0.096255
I1009 18:47:16.367858 4468049344 retrain.py:1084] 2019-10-09 18:47:16.367849: Step 3740: Cross entropy = 0.096255
INFO:tensorflow:2019-10-09 18:47:16.423782: Step 3740: Validation accuracy = 48.0% (N=100)
I1009 18:47:16.423829 4468049344 retrain.py:1100] 2019-10-09 18:47:16.423782: Step 3740: Validation accuracy = 48.0% (N=100)
INFO:tensorflow:2019-10-09 18:47:16.970045: Step 3750: Train accuracy = 99.0%
I1009 18:47:16.970100 4468049344 retrain.py:1082] 2019-10-09 18:47:16.970045: Step 3750: Train accuracy = 99.0%
INFO:tensorflow:2019-10-09 18:47:16.970226: Step 3750: Cross entropy = 0.110927
I1009 18:47:16.970235 4468049344 retrain.py:1084] 2019-10-09 18:47:16.970226: Step 3750: Cross entropy = 0.110927
INFO:tensorflow:2019-10-09 18:47:17.025672: Step 3750: Validation accuracy = 48.0% (N=100)
I1009 18:47:17.025720 4468049344 retrain.py:1100] 2019-10-09 18:47:17.025672: Step 3750: Validation accuracy = 48.0% (N=100)
INFO:tensorflow:2019-10-09 18:47:17.571914: Step 3760: Train accuracy = 99.0%
I1009 18:47:17.571971 4468049344 retrain.py:1082] 2019-10-09 18:47:17.571914: Step 3760: Train accuracy = 99.0%
INFO:tensorflow:2019-10-09 18:47:17.572110: Step 3760: Cross entropy = 0.106619
I1009 18:47:17.572121 4468049344 retrain.py:1084] 2019-10-09 18:47:17.572110: Step 3760: Cross entropy = 0.106619
INFO:tensorflow:2019-10-09 18:47:17.627603: Step 3760: Validation accuracy = 50.0% (N=100)
I1009 18:47:17.627650 4468049344 retrain.py:1100] 2019-10-09 18:47:17.627603: Step 3760: Validation accuracy = 50.0% (N=100)
INFO:tensorflow:2019-10-09 18:47:18.174236: Step 3770: Train accuracy = 97.0%
I1009 18:47:18.174282 4468049344 retrain.py:1082] 2019-10-09 18:47:18.174236: Step 3770: Train accuracy = 97.0%
INFO:tensorflow:2019-10-09 18:47:18.174408: Step 3770: Cross entropy = 0.112137
I1009 18:47:18.174418 4468049344 retrain.py:1084] 2019-10-09 18:47:18.174408: Step 3770: Cross entropy = 0.112137
INFO:tensorflow:2019-10-09 18:47:18.229730: Step 3770: Validation accuracy = 48.0% (N=100)
I1009 18:47:18.229777 4468049344 retrain.py:1100] 2019-10-09 18:47:18.229730: Step 3770: Validation accuracy = 48.0% (N=100)
INFO:tensorflow:2019-10-09 18:47:18.783847: Step 3780: Train accuracy = 99.0%
I1009 18:47:18.783902 4468049344 retrain.py:1082] 2019-10-09 18:47:18.783847: Step 3780: Train accuracy = 99.0%
INFO:tensorflow:2019-10-09 18:47:18.784025: Step 3780: Cross entropy = 0.092954
I1009 18:47:18.784037 4468049344 retrain.py:1084] 2019-10-09 18:47:18.784025: Step 3780: Cross entropy = 0.092954
INFO:tensorflow:2019-10-09 18:47:18.840291: Step 3780: Validation accuracy = 43.0% (N=100)
I1009 18:47:18.840337 4468049344 retrain.py:1100] 2019-10-09 18:47:18.840291: Step 3780: Validation accuracy = 43.0% (N=100)
INFO:tensorflow:2019-10-09 18:47:19.386032: Step 3790: Train accuracy = 100.0%
I1009 18:47:19.386087 4468049344 retrain.py:1082] 2019-10-09 18:47:19.386032: Step 3790: Train accuracy = 100.0%
INFO:tensorflow:2019-10-09 18:47:19.386222: Step 3790: Cross entropy = 0.098558
I1009 18:47:19.386232 4468049344 retrain.py:1084] 2019-10-09 18:47:19.386222: Step 3790: Cross entropy = 0.098558
INFO:tensorflow:2019-10-09 18:47:19.442055: Step 3790: Validation accuracy = 53.0% (N=100)
I1009 18:47:19.442103 4468049344 retrain.py:1100] 2019-10-09 18:47:19.442055: Step 3790: Validation accuracy = 53.0% (N=100)
INFO:tensorflow:2019-10-09 18:47:19.987895: Step 3800: Train accuracy = 98.0%
I1009 18:47:19.987938 4468049344 retrain.py:1082] 2019-10-09 18:47:19.987895: Step 3800: Train accuracy = 98.0%
INFO:tensorflow:2019-10-09 18:47:19.988063: Step 3800: Cross entropy = 0.101611
I1009 18:47:19.988072 4468049344 retrain.py:1084] 2019-10-09 18:47:19.988063: Step 3800: Cross entropy = 0.101611
INFO:tensorflow:2019-10-09 18:47:20.043459: Step 3800: Validation accuracy = 45.0% (N=100)
I1009 18:47:20.043505 4468049344 retrain.py:1100] 2019-10-09 18:47:20.043459: Step 3800: Validation accuracy = 45.0% (N=100)
INFO:tensorflow:2019-10-09 18:47:20.589371: Step 3810: Train accuracy = 99.0%
I1009 18:47:20.589414 4468049344 retrain.py:1082] 2019-10-09 18:47:20.589371: Step 3810: Train accuracy = 99.0%
INFO:tensorflow:2019-10-09 18:47:20.589555: Step 3810: Cross entropy = 0.079570
I1009 18:47:20.589565 4468049344 retrain.py:1084] 2019-10-09 18:47:20.589555: Step 3810: Cross entropy = 0.079570
INFO:tensorflow:2019-10-09 18:47:20.644972: Step 3810: Validation accuracy = 43.0% (N=100)
I1009 18:47:20.645018 4468049344 retrain.py:1100] 2019-10-09 18:47:20.644972: Step 3810: Validation accuracy = 43.0% (N=100)
INFO:tensorflow:2019-10-09 18:47:21.191253: Step 3820: Train accuracy = 99.0%
I1009 18:47:21.191322 4468049344 retrain.py:1082] 2019-10-09 18:47:21.191253: Step 3820: Train accuracy = 99.0%
INFO:tensorflow:2019-10-09 18:47:21.191458: Step 3820: Cross entropy = 0.092619
I1009 18:47:21.191468 4468049344 retrain.py:1084] 2019-10-09 18:47:21.191458: Step 3820: Cross entropy = 0.092619
INFO:tensorflow:2019-10-09 18:47:21.246874: Step 3820: Validation accuracy = 44.0% (N=100)
I1009 18:47:21.246927 4468049344 retrain.py:1100] 2019-10-09 18:47:21.246874: Step 3820: Validation accuracy = 44.0% (N=100)
INFO:tensorflow:2019-10-09 18:47:21.793741: Step 3830: Train accuracy = 99.0%
I1009 18:47:21.793786 4468049344 retrain.py:1082] 2019-10-09 18:47:21.793741: Step 3830: Train accuracy = 99.0%
INFO:tensorflow:2019-10-09 18:47:21.793911: Step 3830: Cross entropy = 0.093801
I1009 18:47:21.793921 4468049344 retrain.py:1084] 2019-10-09 18:47:21.793911: Step 3830: Cross entropy = 0.093801
INFO:tensorflow:2019-10-09 18:47:21.850069: Step 3830: Validation accuracy = 47.0% (N=100)
I1009 18:47:21.850117 4468049344 retrain.py:1100] 2019-10-09 18:47:21.850069: Step 3830: Validation accuracy = 47.0% (N=100)
INFO:tensorflow:2019-10-09 18:47:22.395405: Step 3840: Train accuracy = 98.0%
I1009 18:47:22.395461 4468049344 retrain.py:1082] 2019-10-09 18:47:22.395405: Step 3840: Train accuracy = 98.0%
INFO:tensorflow:2019-10-09 18:47:22.395600: Step 3840: Cross entropy = 0.101244
I1009 18:47:22.395610 4468049344 retrain.py:1084] 2019-10-09 18:47:22.395600: Step 3840: Cross entropy = 0.101244
INFO:tensorflow:2019-10-09 18:47:22.452709: Step 3840: Validation accuracy = 42.0% (N=100)
I1009 18:47:22.452758 4468049344 retrain.py:1100] 2019-10-09 18:47:22.452709: Step 3840: Validation accuracy = 42.0% (N=100)
INFO:tensorflow:2019-10-09 18:47:23.005206: Step 3850: Train accuracy = 98.0%
I1009 18:47:23.005251 4468049344 retrain.py:1082] 2019-10-09 18:47:23.005206: Step 3850: Train accuracy = 98.0%
INFO:tensorflow:2019-10-09 18:47:23.005388: Step 3850: Cross entropy = 0.086247
I1009 18:47:23.005398 4468049344 retrain.py:1084] 2019-10-09 18:47:23.005388: Step 3850: Cross entropy = 0.086247
INFO:tensorflow:2019-10-09 18:47:23.060723: Step 3850: Validation accuracy = 45.0% (N=100)
I1009 18:47:23.060770 4468049344 retrain.py:1100] 2019-10-09 18:47:23.060723: Step 3850: Validation accuracy = 45.0% (N=100)
INFO:tensorflow:2019-10-09 18:47:23.609989: Step 3860: Train accuracy = 100.0%
I1009 18:47:23.610032 4468049344 retrain.py:1082] 2019-10-09 18:47:23.609989: Step 3860: Train accuracy = 100.0%
INFO:tensorflow:2019-10-09 18:47:23.610174: Step 3860: Cross entropy = 0.083911
I1009 18:47:23.610183 4468049344 retrain.py:1084] 2019-10-09 18:47:23.610174: Step 3860: Cross entropy = 0.083911
INFO:tensorflow:2019-10-09 18:47:23.665773: Step 3860: Validation accuracy = 45.0% (N=100)
I1009 18:47:23.665829 4468049344 retrain.py:1100] 2019-10-09 18:47:23.665773: Step 3860: Validation accuracy = 45.0% (N=100)
INFO:tensorflow:2019-10-09 18:47:24.214822: Step 3870: Train accuracy = 99.0%
I1009 18:47:24.214864 4468049344 retrain.py:1082] 2019-10-09 18:47:24.214822: Step 3870: Train accuracy = 99.0%
INFO:tensorflow:2019-10-09 18:47:24.214988: Step 3870: Cross entropy = 0.100665
I1009 18:47:24.214998 4468049344 retrain.py:1084] 2019-10-09 18:47:24.214988: Step 3870: Cross entropy = 0.100665
INFO:tensorflow:2019-10-09 18:47:24.270498: Step 3870: Validation accuracy = 55.0% (N=100)
I1009 18:47:24.270545 4468049344 retrain.py:1100] 2019-10-09 18:47:24.270498: Step 3870: Validation accuracy = 55.0% (N=100)
INFO:tensorflow:2019-10-09 18:47:24.815707: Step 3880: Train accuracy = 99.0%
I1009 18:47:24.815776 4468049344 retrain.py:1082] 2019-10-09 18:47:24.815707: Step 3880: Train accuracy = 99.0%
INFO:tensorflow:2019-10-09 18:47:24.815900: Step 3880: Cross entropy = 0.093442
I1009 18:47:24.815909 4468049344 retrain.py:1084] 2019-10-09 18:47:24.815900: Step 3880: Cross entropy = 0.093442
INFO:tensorflow:2019-10-09 18:47:24.871355: Step 3880: Validation accuracy = 54.0% (N=100)
I1009 18:47:24.871401 4468049344 retrain.py:1100] 2019-10-09 18:47:24.871355: Step 3880: Validation accuracy = 54.0% (N=100)
INFO:tensorflow:2019-10-09 18:47:25.416682: Step 3890: Train accuracy = 99.0%
I1009 18:47:25.416737 4468049344 retrain.py:1082] 2019-10-09 18:47:25.416682: Step 3890: Train accuracy = 99.0%
INFO:tensorflow:2019-10-09 18:47:25.416861: Step 3890: Cross entropy = 0.106245
I1009 18:47:25.416891 4468049344 retrain.py:1084] 2019-10-09 18:47:25.416861: Step 3890: Cross entropy = 0.106245
INFO:tensorflow:2019-10-09 18:47:25.472520: Step 3890: Validation accuracy = 49.0% (N=100)
I1009 18:47:25.472567 4468049344 retrain.py:1100] 2019-10-09 18:47:25.472520: Step 3890: Validation accuracy = 49.0% (N=100)
INFO:tensorflow:2019-10-09 18:47:26.018448: Step 3900: Train accuracy = 99.0%
I1009 18:47:26.018491 4468049344 retrain.py:1082] 2019-10-09 18:47:26.018448: Step 3900: Train accuracy = 99.0%
INFO:tensorflow:2019-10-09 18:47:26.018630: Step 3900: Cross entropy = 0.095123
I1009 18:47:26.018640 4468049344 retrain.py:1084] 2019-10-09 18:47:26.018630: Step 3900: Cross entropy = 0.095123
INFO:tensorflow:2019-10-09 18:47:26.074229: Step 3900: Validation accuracy = 47.0% (N=100)
I1009 18:47:26.074276 4468049344 retrain.py:1100] 2019-10-09 18:47:26.074229: Step 3900: Validation accuracy = 47.0% (N=100)
INFO:tensorflow:2019-10-09 18:47:26.620525: Step 3910: Train accuracy = 100.0%
I1009 18:47:26.620580 4468049344 retrain.py:1082] 2019-10-09 18:47:26.620525: Step 3910: Train accuracy = 100.0%
INFO:tensorflow:2019-10-09 18:47:26.620704: Step 3910: Cross entropy = 0.088451
I1009 18:47:26.620734 4468049344 retrain.py:1084] 2019-10-09 18:47:26.620704: Step 3910: Cross entropy = 0.088451
INFO:tensorflow:2019-10-09 18:47:26.676181: Step 3910: Validation accuracy = 48.0% (N=100)
I1009 18:47:26.676227 4468049344 retrain.py:1100] 2019-10-09 18:47:26.676181: Step 3910: Validation accuracy = 48.0% (N=100)
INFO:tensorflow:2019-10-09 18:47:27.221730: Step 3920: Train accuracy = 98.0%
I1009 18:47:27.221786 4468049344 retrain.py:1082] 2019-10-09 18:47:27.221730: Step 3920: Train accuracy = 98.0%
INFO:tensorflow:2019-10-09 18:47:27.221924: Step 3920: Cross entropy = 0.101358
I1009 18:47:27.221934 4468049344 retrain.py:1084] 2019-10-09 18:47:27.221924: Step 3920: Cross entropy = 0.101358
INFO:tensorflow:2019-10-09 18:47:27.277336: Step 3920: Validation accuracy = 53.0% (N=100)
I1009 18:47:27.277388 4468049344 retrain.py:1100] 2019-10-09 18:47:27.277336: Step 3920: Validation accuracy = 53.0% (N=100)
INFO:tensorflow:2019-10-09 18:47:27.823217: Step 3930: Train accuracy = 100.0%
I1009 18:47:27.823272 4468049344 retrain.py:1082] 2019-10-09 18:47:27.823217: Step 3930: Train accuracy = 100.0%
INFO:tensorflow:2019-10-09 18:47:27.823411: Step 3930: Cross entropy = 0.083849
I1009 18:47:27.823422 4468049344 retrain.py:1084] 2019-10-09 18:47:27.823411: Step 3930: Cross entropy = 0.083849
INFO:tensorflow:2019-10-09 18:47:27.878818: Step 3930: Validation accuracy = 45.0% (N=100)
I1009 18:47:27.878865 4468049344 retrain.py:1100] 2019-10-09 18:47:27.878818: Step 3930: Validation accuracy = 45.0% (N=100)
INFO:tensorflow:2019-10-09 18:47:28.430527: Step 3940: Train accuracy = 98.0%
I1009 18:47:28.430571 4468049344 retrain.py:1082] 2019-10-09 18:47:28.430527: Step 3940: Train accuracy = 98.0%
INFO:tensorflow:2019-10-09 18:47:28.430694: Step 3940: Cross entropy = 0.100130
I1009 18:47:28.430704 4468049344 retrain.py:1084] 2019-10-09 18:47:28.430694: Step 3940: Cross entropy = 0.100130
INFO:tensorflow:2019-10-09 18:47:28.486610: Step 3940: Validation accuracy = 62.0% (N=100)
I1009 18:47:28.486655 4468049344 retrain.py:1100] 2019-10-09 18:47:28.486610: Step 3940: Validation accuracy = 62.0% (N=100)
INFO:tensorflow:2019-10-09 18:47:29.033937: Step 3950: Train accuracy = 98.0%
I1009 18:47:29.033994 4468049344 retrain.py:1082] 2019-10-09 18:47:29.033937: Step 3950: Train accuracy = 98.0%
INFO:tensorflow:2019-10-09 18:47:29.034132: Step 3950: Cross entropy = 0.102136
I1009 18:47:29.034142 4468049344 retrain.py:1084] 2019-10-09 18:47:29.034132: Step 3950: Cross entropy = 0.102136
INFO:tensorflow:2019-10-09 18:47:29.089587: Step 3950: Validation accuracy = 57.0% (N=100)
I1009 18:47:29.089635 4468049344 retrain.py:1100] 2019-10-09 18:47:29.089587: Step 3950: Validation accuracy = 57.0% (N=100)
INFO:tensorflow:2019-10-09 18:47:29.636917: Step 3960: Train accuracy = 100.0%
I1009 18:47:29.636973 4468049344 retrain.py:1082] 2019-10-09 18:47:29.636917: Step 3960: Train accuracy = 100.0%
INFO:tensorflow:2019-10-09 18:47:29.637110: Step 3960: Cross entropy = 0.077730
I1009 18:47:29.637120 4468049344 retrain.py:1084] 2019-10-09 18:47:29.637110: Step 3960: Cross entropy = 0.077730
INFO:tensorflow:2019-10-09 18:47:29.692547: Step 3960: Validation accuracy = 49.0% (N=100)
I1009 18:47:29.692596 4468049344 retrain.py:1100] 2019-10-09 18:47:29.692547: Step 3960: Validation accuracy = 49.0% (N=100)
INFO:tensorflow:2019-10-09 18:47:30.238649: Step 3970: Train accuracy = 98.0%
I1009 18:47:30.238705 4468049344 retrain.py:1082] 2019-10-09 18:47:30.238649: Step 3970: Train accuracy = 98.0%
INFO:tensorflow:2019-10-09 18:47:30.238845: Step 3970: Cross entropy = 0.094775
I1009 18:47:30.238855 4468049344 retrain.py:1084] 2019-10-09 18:47:30.238845: Step 3970: Cross entropy = 0.094775
INFO:tensorflow:2019-10-09 18:47:30.295107: Step 3970: Validation accuracy = 50.0% (N=100)
I1009 18:47:30.295155 4468049344 retrain.py:1100] 2019-10-09 18:47:30.295107: Step 3970: Validation accuracy = 50.0% (N=100)
INFO:tensorflow:2019-10-09 18:47:30.841363: Step 3980: Train accuracy = 96.0%
I1009 18:47:30.841418 4468049344 retrain.py:1082] 2019-10-09 18:47:30.841363: Step 3980: Train accuracy = 96.0%
INFO:tensorflow:2019-10-09 18:47:30.841557: Step 3980: Cross entropy = 0.117910
I1009 18:47:30.841568 4468049344 retrain.py:1084] 2019-10-09 18:47:30.841557: Step 3980: Cross entropy = 0.117910
INFO:tensorflow:2019-10-09 18:47:30.896923: Step 3980: Validation accuracy = 55.0% (N=100)
I1009 18:47:30.896970 4468049344 retrain.py:1100] 2019-10-09 18:47:30.896923: Step 3980: Validation accuracy = 55.0% (N=100)
INFO:tensorflow:2019-10-09 18:47:31.444184: Step 3990: Train accuracy = 99.0%
I1009 18:47:31.444229 4468049344 retrain.py:1082] 2019-10-09 18:47:31.444184: Step 3990: Train accuracy = 99.0%
INFO:tensorflow:2019-10-09 18:47:31.444370: Step 3990: Cross entropy = 0.087384
I1009 18:47:31.444379 4468049344 retrain.py:1084] 2019-10-09 18:47:31.444370: Step 3990: Cross entropy = 0.087384
INFO:tensorflow:2019-10-09 18:47:31.500250: Step 3990: Validation accuracy = 55.0% (N=100)
I1009 18:47:31.500298 4468049344 retrain.py:1100] 2019-10-09 18:47:31.500250: Step 3990: Validation accuracy = 55.0% (N=100)
INFO:tensorflow:2019-10-09 18:47:31.992926: Step 3999: Train accuracy = 98.0%
I1009 18:47:31.992980 4468049344 retrain.py:1082] 2019-10-09 18:47:31.992926: Step 3999: Train accuracy = 98.0%
INFO:tensorflow:2019-10-09 18:47:31.993127: Step 3999: Cross entropy = 0.104244
I1009 18:47:31.993137 4468049344 retrain.py:1084] 2019-10-09 18:47:31.993127: Step 3999: Cross entropy = 0.104244
INFO:tensorflow:2019-10-09 18:47:32.048794: Step 3999: Validation accuracy = 47.0% (N=100)
I1009 18:47:32.048840 4468049344 retrain.py:1100] 2019-10-09 18:47:32.048794: Step 3999: Validation accuracy = 47.0% (N=100)
INFO:tensorflow:Final test accuracy = 50.0% (N=34)
I1009 18:47:34.257330 4468049344 retrain.py:1126] Final test accuracy = 50.0% (N=34)
WARNING:tensorflow:From /Users/dbusaba2/affinity_2D/tensorflow-for-poets-2/scripts/retrain.py:827: convert_variables_to_constants (from tensorflow.python.framework.graph_util_impl) is deprecated and will be removed in a future version.
Instructions for updating:
Use `tf.compat.v1.graph_util.convert_variables_to_constants`
W1009 18:47:34.422626 4468049344 deprecation.py:323] From /Users/dbusaba2/affinity_2D/tensorflow-for-poets-2/scripts/retrain.py:827: convert_variables_to_constants (from tensorflow.python.framework.graph_util_impl) is deprecated and will be removed in a future version.
Instructions for updating:
Use `tf.compat.v1.graph_util.convert_variables_to_constants`
WARNING:tensorflow:From /Library/Frameworks/Python.framework/Versions/3.7/lib/python3.7/site-packages/tensorflow/python/framework/graph_util_impl.py:270: extract_sub_graph (from tensorflow.python.framework.graph_util_impl) is deprecated and will be removed in a future version.
Instructions for updating:
Use `tf.compat.v1.graph_util.extract_sub_graph`
W1009 18:47:34.422805 4468049344 deprecation.py:323] From /Library/Frameworks/Python.framework/Versions/3.7/lib/python3.7/site-packages/tensorflow/python/framework/graph_util_impl.py:270: extract_sub_graph (from tensorflow.python.framework.graph_util_impl) is deprecated and will be removed in a future version.
Instructions for updating:
Use `tf.compat.v1.graph_util.extract_sub_graph`
INFO:tensorflow:Froze 2 variables.
I1009 18:47:34.648309 4468049344 graph_util_impl.py:311] Froze 2 variables.
INFO:tensorflow:Converted 2 variables to const ops.
I1009 18:47:34.709894 4468049344 graph_util_impl.py:364] Converted 2 variables to const ops.
