/Library/Frameworks/Python.framework/Versions/3.7/lib/python3.7/site-packages/tensorflow/python/framework/dtypes.py:516: FutureWarning: Passing (type, 1) or '1type' as a synonym of type is deprecated; in a future version of numpy, it will be understood as (type, (1,)) / '(1,)type'.
  _np_qint8 = np.dtype([("qint8", np.int8, 1)])
/Library/Frameworks/Python.framework/Versions/3.7/lib/python3.7/site-packages/tensorflow/python/framework/dtypes.py:517: FutureWarning: Passing (type, 1) or '1type' as a synonym of type is deprecated; in a future version of numpy, it will be understood as (type, (1,)) / '(1,)type'.
  _np_quint8 = np.dtype([("quint8", np.uint8, 1)])
/Library/Frameworks/Python.framework/Versions/3.7/lib/python3.7/site-packages/tensorflow/python/framework/dtypes.py:518: FutureWarning: Passing (type, 1) or '1type' as a synonym of type is deprecated; in a future version of numpy, it will be understood as (type, (1,)) / '(1,)type'.
  _np_qint16 = np.dtype([("qint16", np.int16, 1)])
/Library/Frameworks/Python.framework/Versions/3.7/lib/python3.7/site-packages/tensorflow/python/framework/dtypes.py:519: FutureWarning: Passing (type, 1) or '1type' as a synonym of type is deprecated; in a future version of numpy, it will be understood as (type, (1,)) / '(1,)type'.
  _np_quint16 = np.dtype([("quint16", np.uint16, 1)])
/Library/Frameworks/Python.framework/Versions/3.7/lib/python3.7/site-packages/tensorflow/python/framework/dtypes.py:520: FutureWarning: Passing (type, 1) or '1type' as a synonym of type is deprecated; in a future version of numpy, it will be understood as (type, (1,)) / '(1,)type'.
  _np_qint32 = np.dtype([("qint32", np.int32, 1)])
/Library/Frameworks/Python.framework/Versions/3.7/lib/python3.7/site-packages/tensorflow/python/framework/dtypes.py:525: FutureWarning: Passing (type, 1) or '1type' as a synonym of type is deprecated; in a future version of numpy, it will be understood as (type, (1,)) / '(1,)type'.
  np_resource = np.dtype([("resource", np.ubyte, 1)])
/Library/Frameworks/Python.framework/Versions/3.7/lib/python3.7/site-packages/tensorboard/compat/tensorflow_stub/dtypes.py:541: FutureWarning: Passing (type, 1) or '1type' as a synonym of type is deprecated; in a future version of numpy, it will be understood as (type, (1,)) / '(1,)type'.
  _np_qint8 = np.dtype([("qint8", np.int8, 1)])
/Library/Frameworks/Python.framework/Versions/3.7/lib/python3.7/site-packages/tensorboard/compat/tensorflow_stub/dtypes.py:542: FutureWarning: Passing (type, 1) or '1type' as a synonym of type is deprecated; in a future version of numpy, it will be understood as (type, (1,)) / '(1,)type'.
  _np_quint8 = np.dtype([("quint8", np.uint8, 1)])
/Library/Frameworks/Python.framework/Versions/3.7/lib/python3.7/site-packages/tensorboard/compat/tensorflow_stub/dtypes.py:543: FutureWarning: Passing (type, 1) or '1type' as a synonym of type is deprecated; in a future version of numpy, it will be understood as (type, (1,)) / '(1,)type'.
  _np_qint16 = np.dtype([("qint16", np.int16, 1)])
/Library/Frameworks/Python.framework/Versions/3.7/lib/python3.7/site-packages/tensorboard/compat/tensorflow_stub/dtypes.py:544: FutureWarning: Passing (type, 1) or '1type' as a synonym of type is deprecated; in a future version of numpy, it will be understood as (type, (1,)) / '(1,)type'.
  _np_quint16 = np.dtype([("quint16", np.uint16, 1)])
/Library/Frameworks/Python.framework/Versions/3.7/lib/python3.7/site-packages/tensorboard/compat/tensorflow_stub/dtypes.py:545: FutureWarning: Passing (type, 1) or '1type' as a synonym of type is deprecated; in a future version of numpy, it will be understood as (type, (1,)) / '(1,)type'.
  _np_qint32 = np.dtype([("qint32", np.int32, 1)])
/Library/Frameworks/Python.framework/Versions/3.7/lib/python3.7/site-packages/tensorboard/compat/tensorflow_stub/dtypes.py:550: FutureWarning: Passing (type, 1) or '1type' as a synonym of type is deprecated; in a future version of numpy, it will be understood as (type, (1,)) / '(1,)type'.
  np_resource = np.dtype([("resource", np.ubyte, 1)])
WARNING:tensorflow:From /Users/dbusaba2/affinity_2D/tensorflow-for-poets-2/scripts/retrain.py:1326: The name tf.app.run is deprecated. Please use tf.compat.v1.app.run instead.

WARNING:tensorflow:From /Users/dbusaba2/affinity_2D/tensorflow-for-poets-2/scripts/retrain.py:970: The name tf.logging.set_verbosity is deprecated. Please use tf.compat.v1.logging.set_verbosity instead.

W1009 17:25:26.415557 4587988416 deprecation_wrapper.py:119] From /Users/dbusaba2/affinity_2D/tensorflow-for-poets-2/scripts/retrain.py:970: The name tf.logging.set_verbosity is deprecated. Please use tf.compat.v1.logging.set_verbosity instead.

WARNING:tensorflow:From /Users/dbusaba2/affinity_2D/tensorflow-for-poets-2/scripts/retrain.py:970: The name tf.logging.INFO is deprecated. Please use tf.compat.v1.logging.INFO instead.

W1009 17:25:26.415693 4587988416 deprecation_wrapper.py:119] From /Users/dbusaba2/affinity_2D/tensorflow-for-poets-2/scripts/retrain.py:970: The name tf.logging.INFO is deprecated. Please use tf.compat.v1.logging.INFO instead.

WARNING:tensorflow:From /Users/dbusaba2/affinity_2D/tensorflow-for-poets-2/scripts/retrain.py:835: The name tf.gfile.Exists is deprecated. Please use tf.io.gfile.exists instead.

W1009 17:25:26.415776 4587988416 deprecation_wrapper.py:119] From /Users/dbusaba2/affinity_2D/tensorflow-for-poets-2/scripts/retrain.py:835: The name tf.gfile.Exists is deprecated. Please use tf.io.gfile.exists instead.

WARNING:tensorflow:From /Users/dbusaba2/affinity_2D/tensorflow-for-poets-2/scripts/retrain.py:836: The name tf.gfile.DeleteRecursively is deprecated. Please use tf.io.gfile.rmtree instead.

W1009 17:25:26.415858 4587988416 deprecation_wrapper.py:119] From /Users/dbusaba2/affinity_2D/tensorflow-for-poets-2/scripts/retrain.py:836: The name tf.gfile.DeleteRecursively is deprecated. Please use tf.io.gfile.rmtree instead.

WARNING:tensorflow:From /Users/dbusaba2/affinity_2D/tensorflow-for-poets-2/scripts/retrain.py:837: The name tf.gfile.MakeDirs is deprecated. Please use tf.io.gfile.makedirs instead.

W1009 17:25:26.422362 4587988416 deprecation_wrapper.py:119] From /Users/dbusaba2/affinity_2D/tensorflow-for-poets-2/scripts/retrain.py:837: The name tf.gfile.MakeDirs is deprecated. Please use tf.io.gfile.makedirs instead.

WARNING:tensorflow:From /Users/dbusaba2/affinity_2D/tensorflow-for-poets-2/scripts/retrain.py:274: FastGFile.__init__ (from tensorflow.python.platform.gfile) is deprecated and will be removed in a future version.
Instructions for updating:
Use tf.gfile.GFile.
W1009 17:25:26.985605 4587988416 deprecation.py:323] From /Users/dbusaba2/affinity_2D/tensorflow-for-poets-2/scripts/retrain.py:274: FastGFile.__init__ (from tensorflow.python.platform.gfile) is deprecated and will be removed in a future version.
Instructions for updating:
Use tf.gfile.GFile.
WARNING:tensorflow:From /Users/dbusaba2/affinity_2D/tensorflow-for-poets-2/scripts/retrain.py:275: The name tf.GraphDef is deprecated. Please use tf.compat.v1.GraphDef instead.

W1009 17:25:26.985776 4587988416 deprecation_wrapper.py:119] From /Users/dbusaba2/affinity_2D/tensorflow-for-poets-2/scripts/retrain.py:275: The name tf.GraphDef is deprecated. Please use tf.compat.v1.GraphDef instead.

2019-10-09 17:25:27.253411: W tensorflow/core/framework/op_def_util.cc:357] Op BatchNormWithGlobalNormalization is deprecated. It will cease to work in GraphDef version 9. Use tf.nn.batch_normalization().
WARNING:tensorflow:From /Users/dbusaba2/affinity_2D/tensorflow-for-poets-2/scripts/retrain.py:156: The name tf.logging.info is deprecated. Please use tf.compat.v1.logging.info instead.

W1009 17:25:27.449134 4587988416 deprecation_wrapper.py:119] From /Users/dbusaba2/affinity_2D/tensorflow-for-poets-2/scripts/retrain.py:156: The name tf.logging.info is deprecated. Please use tf.compat.v1.logging.info instead.

INFO:tensorflow:Looking for images in 'Abnormal'
I1009 17:25:27.449270 4587988416 retrain.py:156] Looking for images in 'Abnormal'
INFO:tensorflow:Looking for images in 'Normal'
I1009 17:25:27.454056 4587988416 retrain.py:156] Looking for images in 'Normal'
WARNING:tensorflow:From /Users/dbusaba2/affinity_2D/tensorflow-for-poets-2/scripts/retrain.py:1004: The name tf.Session is deprecated. Please use tf.compat.v1.Session instead.

W1009 17:25:27.460469 4587988416 deprecation_wrapper.py:119] From /Users/dbusaba2/affinity_2D/tensorflow-for-poets-2/scripts/retrain.py:1004: The name tf.Session is deprecated. Please use tf.compat.v1.Session instead.

2019-10-09 17:25:27.460758: I tensorflow/core/platform/cpu_feature_guard.cc:142] Your CPU supports instructions that this TensorFlow binary was not compiled to use: AVX2 FMA
WARNING:tensorflow:From /Users/dbusaba2/affinity_2D/tensorflow-for-poets-2/scripts/retrain.py:954: The name tf.placeholder is deprecated. Please use tf.compat.v1.placeholder instead.

W1009 17:25:27.461117 4587988416 deprecation_wrapper.py:119] From /Users/dbusaba2/affinity_2D/tensorflow-for-poets-2/scripts/retrain.py:954: The name tf.placeholder is deprecated. Please use tf.compat.v1.placeholder instead.

WARNING:tensorflow:From /Users/dbusaba2/affinity_2D/tensorflow-for-poets-2/scripts/retrain.py:960: The name tf.image.resize_bilinear is deprecated. Please use tf.compat.v1.image.resize_bilinear instead.

W1009 17:25:27.463809 4587988416 deprecation_wrapper.py:119] From /Users/dbusaba2/affinity_2D/tensorflow-for-poets-2/scripts/retrain.py:960: The name tf.image.resize_bilinear is deprecated. Please use tf.compat.v1.image.resize_bilinear instead.

INFO:tensorflow:100 bottleneck files created.
I1009 17:25:27.512838 4587988416 retrain.py:481] 100 bottleneck files created.
INFO:tensorflow:200 bottleneck files created.
I1009 17:25:27.560667 4587988416 retrain.py:481] 200 bottleneck files created.
INFO:tensorflow:300 bottleneck files created.
I1009 17:25:27.606269 4587988416 retrain.py:481] 300 bottleneck files created.
WARNING:tensorflow:From /Users/dbusaba2/affinity_2D/tensorflow-for-poets-2/scripts/retrain.py:758: The name tf.placeholder_with_default is deprecated. Please use tf.compat.v1.placeholder_with_default instead.

W1009 17:25:27.617956 4587988416 deprecation_wrapper.py:119] From /Users/dbusaba2/affinity_2D/tensorflow-for-poets-2/scripts/retrain.py:758: The name tf.placeholder_with_default is deprecated. Please use tf.compat.v1.placeholder_with_default instead.

WARNING:tensorflow:From /Users/dbusaba2/affinity_2D/tensorflow-for-poets-2/scripts/retrain.py:772: The name tf.truncated_normal is deprecated. Please use tf.random.truncated_normal instead.

W1009 17:25:27.619471 4587988416 deprecation_wrapper.py:119] From /Users/dbusaba2/affinity_2D/tensorflow-for-poets-2/scripts/retrain.py:772: The name tf.truncated_normal is deprecated. Please use tf.random.truncated_normal instead.

WARNING:tensorflow:From /Users/dbusaba2/affinity_2D/tensorflow-for-poets-2/scripts/retrain.py:726: The name tf.summary.scalar is deprecated. Please use tf.compat.v1.summary.scalar instead.

W1009 17:25:27.625938 4587988416 deprecation_wrapper.py:119] From /Users/dbusaba2/affinity_2D/tensorflow-for-poets-2/scripts/retrain.py:726: The name tf.summary.scalar is deprecated. Please use tf.compat.v1.summary.scalar instead.

WARNING:tensorflow:From /Users/dbusaba2/affinity_2D/tensorflow-for-poets-2/scripts/retrain.py:732: The name tf.summary.histogram is deprecated. Please use tf.compat.v1.summary.histogram instead.

W1009 17:25:27.634732 4587988416 deprecation_wrapper.py:119] From /Users/dbusaba2/affinity_2D/tensorflow-for-poets-2/scripts/retrain.py:732: The name tf.summary.histogram is deprecated. Please use tf.compat.v1.summary.histogram instead.

WARNING:tensorflow:From /Users/dbusaba2/affinity_2D/tensorflow-for-poets-2/scripts/retrain.py:790: softmax_cross_entropy_with_logits (from tensorflow.python.ops.nn_ops) is deprecated and will be removed in a future version.
Instructions for updating:

Future major versions of TensorFlow will allow gradients to flow
into the labels input on backprop by default.

See `tf.nn.softmax_cross_entropy_with_logits_v2`.

W1009 17:25:27.651617 4587988416 deprecation.py:323] From /Users/dbusaba2/affinity_2D/tensorflow-for-poets-2/scripts/retrain.py:790: softmax_cross_entropy_with_logits (from tensorflow.python.ops.nn_ops) is deprecated and will be removed in a future version.
Instructions for updating:

Future major versions of TensorFlow will allow gradients to flow
into the labels input on backprop by default.

See `tf.nn.softmax_cross_entropy_with_logits_v2`.

WARNING:tensorflow:From /Users/dbusaba2/affinity_2D/tensorflow-for-poets-2/scripts/retrain.py:796: The name tf.train.GradientDescentOptimizer is deprecated. Please use tf.compat.v1.train.GradientDescentOptimizer instead.

W1009 17:25:27.665766 4587988416 deprecation_wrapper.py:119] From /Users/dbusaba2/affinity_2D/tensorflow-for-poets-2/scripts/retrain.py:796: The name tf.train.GradientDescentOptimizer is deprecated. Please use tf.compat.v1.train.GradientDescentOptimizer instead.

WARNING:tensorflow:From /Users/dbusaba2/affinity_2D/tensorflow-for-poets-2/scripts/retrain.py:1038: The name tf.summary.merge_all is deprecated. Please use tf.compat.v1.summary.merge_all instead.

W1009 17:25:27.695955 4587988416 deprecation_wrapper.py:119] From /Users/dbusaba2/affinity_2D/tensorflow-for-poets-2/scripts/retrain.py:1038: The name tf.summary.merge_all is deprecated. Please use tf.compat.v1.summary.merge_all instead.

WARNING:tensorflow:From /Users/dbusaba2/affinity_2D/tensorflow-for-poets-2/scripts/retrain.py:1039: The name tf.summary.FileWriter is deprecated. Please use tf.compat.v1.summary.FileWriter instead.

W1009 17:25:27.696744 4587988416 deprecation_wrapper.py:119] From /Users/dbusaba2/affinity_2D/tensorflow-for-poets-2/scripts/retrain.py:1039: The name tf.summary.FileWriter is deprecated. Please use tf.compat.v1.summary.FileWriter instead.

INFO:tensorflow:2019-10-09 17:25:34.562208: Step 0: Train accuracy = 56.0%
I1009 17:25:34.562266 4587988416 retrain.py:1082] 2019-10-09 17:25:34.562208: Step 0: Train accuracy = 56.0%
INFO:tensorflow:2019-10-09 17:25:34.562393: Step 0: Cross entropy = 0.682247
I1009 17:25:34.562402 4587988416 retrain.py:1084] 2019-10-09 17:25:34.562393: Step 0: Cross entropy = 0.682247
INFO:tensorflow:2019-10-09 17:25:37.195111: Step 0: Validation accuracy = 52.0% (N=100)
I1009 17:25:37.195160 4587988416 retrain.py:1100] 2019-10-09 17:25:37.195111: Step 0: Validation accuracy = 52.0% (N=100)
INFO:tensorflow:2019-10-09 17:25:37.754929: Step 10: Train accuracy = 65.0%
I1009 17:25:37.754984 4587988416 retrain.py:1082] 2019-10-09 17:25:37.754929: Step 10: Train accuracy = 65.0%
INFO:tensorflow:2019-10-09 17:25:37.755124: Step 10: Cross entropy = 0.633742
I1009 17:25:37.755135 4587988416 retrain.py:1084] 2019-10-09 17:25:37.755124: Step 10: Cross entropy = 0.633742
INFO:tensorflow:2019-10-09 17:25:37.810822: Step 10: Validation accuracy = 55.0% (N=100)
I1009 17:25:37.810871 4587988416 retrain.py:1100] 2019-10-09 17:25:37.810822: Step 10: Validation accuracy = 55.0% (N=100)
INFO:tensorflow:2019-10-09 17:25:38.359417: Step 20: Train accuracy = 70.0%
I1009 17:25:38.359461 4587988416 retrain.py:1082] 2019-10-09 17:25:38.359417: Step 20: Train accuracy = 70.0%
INFO:tensorflow:2019-10-09 17:25:38.359575: Step 20: Cross entropy = 0.562824
I1009 17:25:38.359585 4587988416 retrain.py:1084] 2019-10-09 17:25:38.359575: Step 20: Cross entropy = 0.562824
INFO:tensorflow:2019-10-09 17:25:38.414873: Step 20: Validation accuracy = 63.0% (N=100)
I1009 17:25:38.414919 4587988416 retrain.py:1100] 2019-10-09 17:25:38.414873: Step 20: Validation accuracy = 63.0% (N=100)
INFO:tensorflow:2019-10-09 17:25:38.969804: Step 30: Train accuracy = 77.0%
I1009 17:25:38.969850 4587988416 retrain.py:1082] 2019-10-09 17:25:38.969804: Step 30: Train accuracy = 77.0%
INFO:tensorflow:2019-10-09 17:25:38.969975: Step 30: Cross entropy = 0.526850
I1009 17:25:38.969988 4587988416 retrain.py:1084] 2019-10-09 17:25:38.969975: Step 30: Cross entropy = 0.526850
INFO:tensorflow:2019-10-09 17:25:39.025520: Step 30: Validation accuracy = 59.0% (N=100)
I1009 17:25:39.025572 4587988416 retrain.py:1100] 2019-10-09 17:25:39.025520: Step 30: Validation accuracy = 59.0% (N=100)
INFO:tensorflow:2019-10-09 17:25:39.621401: Step 40: Train accuracy = 73.0%
I1009 17:25:39.621446 4587988416 retrain.py:1082] 2019-10-09 17:25:39.621401: Step 40: Train accuracy = 73.0%
INFO:tensorflow:2019-10-09 17:25:39.621583: Step 40: Cross entropy = 0.505785
I1009 17:25:39.621601 4587988416 retrain.py:1084] 2019-10-09 17:25:39.621583: Step 40: Cross entropy = 0.505785
INFO:tensorflow:2019-10-09 17:25:39.693663: Step 40: Validation accuracy = 63.0% (N=100)
I1009 17:25:39.693722 4587988416 retrain.py:1100] 2019-10-09 17:25:39.693663: Step 40: Validation accuracy = 63.0% (N=100)
INFO:tensorflow:2019-10-09 17:25:40.267861: Step 50: Train accuracy = 73.0%
I1009 17:25:40.267904 4587988416 retrain.py:1082] 2019-10-09 17:25:40.267861: Step 50: Train accuracy = 73.0%
INFO:tensorflow:2019-10-09 17:25:40.268100: Step 50: Cross entropy = 0.576467
I1009 17:25:40.268120 4587988416 retrain.py:1084] 2019-10-09 17:25:40.268100: Step 50: Cross entropy = 0.576467
INFO:tensorflow:2019-10-09 17:25:40.325337: Step 50: Validation accuracy = 48.0% (N=100)
I1009 17:25:40.325384 4587988416 retrain.py:1100] 2019-10-09 17:25:40.325337: Step 50: Validation accuracy = 48.0% (N=100)
INFO:tensorflow:2019-10-09 17:25:40.968733: Step 60: Train accuracy = 70.0%
I1009 17:25:40.968777 4587988416 retrain.py:1082] 2019-10-09 17:25:40.968733: Step 60: Train accuracy = 70.0%
INFO:tensorflow:2019-10-09 17:25:40.968898: Step 60: Cross entropy = 0.531047
I1009 17:25:40.968911 4587988416 retrain.py:1084] 2019-10-09 17:25:40.968898: Step 60: Cross entropy = 0.531047
INFO:tensorflow:2019-10-09 17:25:41.031670: Step 60: Validation accuracy = 54.0% (N=100)
I1009 17:25:41.031715 4587988416 retrain.py:1100] 2019-10-09 17:25:41.031670: Step 60: Validation accuracy = 54.0% (N=100)
INFO:tensorflow:2019-10-09 17:25:41.596464: Step 70: Train accuracy = 70.0%
I1009 17:25:41.596509 4587988416 retrain.py:1082] 2019-10-09 17:25:41.596464: Step 70: Train accuracy = 70.0%
INFO:tensorflow:2019-10-09 17:25:41.596616: Step 70: Cross entropy = 0.568481
I1009 17:25:41.596626 4587988416 retrain.py:1084] 2019-10-09 17:25:41.596616: Step 70: Cross entropy = 0.568481
INFO:tensorflow:2019-10-09 17:25:41.650191: Step 70: Validation accuracy = 51.0% (N=100)
I1009 17:25:41.650234 4587988416 retrain.py:1100] 2019-10-09 17:25:41.650191: Step 70: Validation accuracy = 51.0% (N=100)
INFO:tensorflow:2019-10-09 17:25:42.257344: Step 80: Train accuracy = 77.0%
I1009 17:25:42.257413 4587988416 retrain.py:1082] 2019-10-09 17:25:42.257344: Step 80: Train accuracy = 77.0%
INFO:tensorflow:2019-10-09 17:25:42.257556: Step 80: Cross entropy = 0.506538
I1009 17:25:42.257573 4587988416 retrain.py:1084] 2019-10-09 17:25:42.257556: Step 80: Cross entropy = 0.506538
INFO:tensorflow:2019-10-09 17:25:42.336803: Step 80: Validation accuracy = 47.0% (N=100)
I1009 17:25:42.336852 4587988416 retrain.py:1100] 2019-10-09 17:25:42.336803: Step 80: Validation accuracy = 47.0% (N=100)
INFO:tensorflow:2019-10-09 17:25:42.926422: Step 90: Train accuracy = 83.0%
I1009 17:25:42.926467 4587988416 retrain.py:1082] 2019-10-09 17:25:42.926422: Step 90: Train accuracy = 83.0%
INFO:tensorflow:2019-10-09 17:25:42.926575: Step 90: Cross entropy = 0.468360
I1009 17:25:42.926585 4587988416 retrain.py:1084] 2019-10-09 17:25:42.926575: Step 90: Cross entropy = 0.468360
INFO:tensorflow:2019-10-09 17:25:42.979933: Step 90: Validation accuracy = 51.0% (N=100)
I1009 17:25:42.979978 4587988416 retrain.py:1100] 2019-10-09 17:25:42.979933: Step 90: Validation accuracy = 51.0% (N=100)
INFO:tensorflow:2019-10-09 17:25:43.559772: Step 100: Train accuracy = 75.0%
I1009 17:25:43.559815 4587988416 retrain.py:1082] 2019-10-09 17:25:43.559772: Step 100: Train accuracy = 75.0%
INFO:tensorflow:2019-10-09 17:25:43.559924: Step 100: Cross entropy = 0.513990
I1009 17:25:43.559935 4587988416 retrain.py:1084] 2019-10-09 17:25:43.559924: Step 100: Cross entropy = 0.513990
INFO:tensorflow:2019-10-09 17:25:43.613973: Step 100: Validation accuracy = 55.0% (N=100)
I1009 17:25:43.614017 4587988416 retrain.py:1100] 2019-10-09 17:25:43.613973: Step 100: Validation accuracy = 55.0% (N=100)
INFO:tensorflow:2019-10-09 17:25:44.248531: Step 110: Train accuracy = 85.0%
I1009 17:25:44.248574 4587988416 retrain.py:1082] 2019-10-09 17:25:44.248531: Step 110: Train accuracy = 85.0%
INFO:tensorflow:2019-10-09 17:25:44.248680: Step 110: Cross entropy = 0.468149
I1009 17:25:44.248690 4587988416 retrain.py:1084] 2019-10-09 17:25:44.248680: Step 110: Cross entropy = 0.468149
INFO:tensorflow:2019-10-09 17:25:44.308443: Step 110: Validation accuracy = 49.0% (N=100)
I1009 17:25:44.308488 4587988416 retrain.py:1100] 2019-10-09 17:25:44.308443: Step 110: Validation accuracy = 49.0% (N=100)
INFO:tensorflow:2019-10-09 17:25:44.928940: Step 120: Train accuracy = 75.0%
I1009 17:25:44.928985 4587988416 retrain.py:1082] 2019-10-09 17:25:44.928940: Step 120: Train accuracy = 75.0%
INFO:tensorflow:2019-10-09 17:25:44.929115: Step 120: Cross entropy = 0.485851
I1009 17:25:44.929131 4587988416 retrain.py:1084] 2019-10-09 17:25:44.929115: Step 120: Cross entropy = 0.485851
INFO:tensorflow:2019-10-09 17:25:44.990538: Step 120: Validation accuracy = 63.0% (N=100)
I1009 17:25:44.990597 4587988416 retrain.py:1100] 2019-10-09 17:25:44.990538: Step 120: Validation accuracy = 63.0% (N=100)
INFO:tensorflow:2019-10-09 17:25:45.560673: Step 130: Train accuracy = 78.0%
I1009 17:25:45.560717 4587988416 retrain.py:1082] 2019-10-09 17:25:45.560673: Step 130: Train accuracy = 78.0%
INFO:tensorflow:2019-10-09 17:25:45.560826: Step 130: Cross entropy = 0.524947
I1009 17:25:45.560837 4587988416 retrain.py:1084] 2019-10-09 17:25:45.560826: Step 130: Cross entropy = 0.524947
INFO:tensorflow:2019-10-09 17:25:45.614708: Step 130: Validation accuracy = 45.0% (N=100)
I1009 17:25:45.614755 4587988416 retrain.py:1100] 2019-10-09 17:25:45.614708: Step 130: Validation accuracy = 45.0% (N=100)
INFO:tensorflow:2019-10-09 17:25:46.185714: Step 140: Train accuracy = 85.0%
I1009 17:25:46.185762 4587988416 retrain.py:1082] 2019-10-09 17:25:46.185714: Step 140: Train accuracy = 85.0%
INFO:tensorflow:2019-10-09 17:25:46.185907: Step 140: Cross entropy = 0.508849
I1009 17:25:46.185920 4587988416 retrain.py:1084] 2019-10-09 17:25:46.185907: Step 140: Cross entropy = 0.508849
INFO:tensorflow:2019-10-09 17:25:46.244584: Step 140: Validation accuracy = 62.0% (N=100)
I1009 17:25:46.244630 4587988416 retrain.py:1100] 2019-10-09 17:25:46.244584: Step 140: Validation accuracy = 62.0% (N=100)
INFO:tensorflow:2019-10-09 17:25:46.865674: Step 150: Train accuracy = 80.0%
I1009 17:25:46.865720 4587988416 retrain.py:1082] 2019-10-09 17:25:46.865674: Step 150: Train accuracy = 80.0%
INFO:tensorflow:2019-10-09 17:25:46.865832: Step 150: Cross entropy = 0.456008
I1009 17:25:46.865843 4587988416 retrain.py:1084] 2019-10-09 17:25:46.865832: Step 150: Cross entropy = 0.456008
INFO:tensorflow:2019-10-09 17:25:46.925837: Step 150: Validation accuracy = 45.0% (N=100)
I1009 17:25:46.925881 4587988416 retrain.py:1100] 2019-10-09 17:25:46.925837: Step 150: Validation accuracy = 45.0% (N=100)
INFO:tensorflow:2019-10-09 17:25:47.535431: Step 160: Train accuracy = 80.0%
I1009 17:25:47.535475 4587988416 retrain.py:1082] 2019-10-09 17:25:47.535431: Step 160: Train accuracy = 80.0%
INFO:tensorflow:2019-10-09 17:25:47.535587: Step 160: Cross entropy = 0.429003
I1009 17:25:47.535600 4587988416 retrain.py:1084] 2019-10-09 17:25:47.535587: Step 160: Cross entropy = 0.429003
INFO:tensorflow:2019-10-09 17:25:47.596695: Step 160: Validation accuracy = 56.0% (N=100)
I1009 17:25:47.596739 4587988416 retrain.py:1100] 2019-10-09 17:25:47.596695: Step 160: Validation accuracy = 56.0% (N=100)
INFO:tensorflow:2019-10-09 17:25:48.209120: Step 170: Train accuracy = 77.0%
I1009 17:25:48.209164 4587988416 retrain.py:1082] 2019-10-09 17:25:48.209120: Step 170: Train accuracy = 77.0%
INFO:tensorflow:2019-10-09 17:25:48.209273: Step 170: Cross entropy = 0.459660
I1009 17:25:48.209283 4587988416 retrain.py:1084] 2019-10-09 17:25:48.209273: Step 170: Cross entropy = 0.459660
INFO:tensorflow:2019-10-09 17:25:48.269713: Step 170: Validation accuracy = 53.0% (N=100)
I1009 17:25:48.269758 4587988416 retrain.py:1100] 2019-10-09 17:25:48.269713: Step 170: Validation accuracy = 53.0% (N=100)
INFO:tensorflow:2019-10-09 17:25:48.922176: Step 180: Train accuracy = 77.0%
I1009 17:25:48.922220 4587988416 retrain.py:1082] 2019-10-09 17:25:48.922176: Step 180: Train accuracy = 77.0%
INFO:tensorflow:2019-10-09 17:25:48.922334: Step 180: Cross entropy = 0.488080
I1009 17:25:48.922344 4587988416 retrain.py:1084] 2019-10-09 17:25:48.922334: Step 180: Cross entropy = 0.488080
INFO:tensorflow:2019-10-09 17:25:48.992945: Step 180: Validation accuracy = 44.0% (N=100)
I1009 17:25:48.993002 4587988416 retrain.py:1100] 2019-10-09 17:25:48.992945: Step 180: Validation accuracy = 44.0% (N=100)
INFO:tensorflow:2019-10-09 17:25:49.610654: Step 190: Train accuracy = 83.0%
I1009 17:25:49.610702 4587988416 retrain.py:1082] 2019-10-09 17:25:49.610654: Step 190: Train accuracy = 83.0%
INFO:tensorflow:2019-10-09 17:25:49.610824: Step 190: Cross entropy = 0.441498
I1009 17:25:49.610837 4587988416 retrain.py:1084] 2019-10-09 17:25:49.610824: Step 190: Cross entropy = 0.441498
INFO:tensorflow:2019-10-09 17:25:49.665311: Step 190: Validation accuracy = 69.0% (N=100)
I1009 17:25:49.665354 4587988416 retrain.py:1100] 2019-10-09 17:25:49.665311: Step 190: Validation accuracy = 69.0% (N=100)
INFO:tensorflow:2019-10-09 17:25:50.230522: Step 200: Train accuracy = 81.0%
I1009 17:25:50.230566 4587988416 retrain.py:1082] 2019-10-09 17:25:50.230522: Step 200: Train accuracy = 81.0%
INFO:tensorflow:2019-10-09 17:25:50.230673: Step 200: Cross entropy = 0.490621
I1009 17:25:50.230682 4587988416 retrain.py:1084] 2019-10-09 17:25:50.230673: Step 200: Cross entropy = 0.490621
INFO:tensorflow:2019-10-09 17:25:50.284204: Step 200: Validation accuracy = 64.0% (N=100)
I1009 17:25:50.284249 4587988416 retrain.py:1100] 2019-10-09 17:25:50.284204: Step 200: Validation accuracy = 64.0% (N=100)
INFO:tensorflow:2019-10-09 17:25:50.868286: Step 210: Train accuracy = 80.0%
I1009 17:25:50.868330 4587988416 retrain.py:1082] 2019-10-09 17:25:50.868286: Step 210: Train accuracy = 80.0%
INFO:tensorflow:2019-10-09 17:25:50.868469: Step 210: Cross entropy = 0.464009
I1009 17:25:50.868484 4587988416 retrain.py:1084] 2019-10-09 17:25:50.868469: Step 210: Cross entropy = 0.464009
INFO:tensorflow:2019-10-09 17:25:50.929516: Step 210: Validation accuracy = 46.0% (N=100)
I1009 17:25:50.929562 4587988416 retrain.py:1100] 2019-10-09 17:25:50.929516: Step 210: Validation accuracy = 46.0% (N=100)
INFO:tensorflow:2019-10-09 17:25:51.548037: Step 220: Train accuracy = 80.0%
I1009 17:25:51.548080 4587988416 retrain.py:1082] 2019-10-09 17:25:51.548037: Step 220: Train accuracy = 80.0%
INFO:tensorflow:2019-10-09 17:25:51.548188: Step 220: Cross entropy = 0.441007
I1009 17:25:51.548198 4587988416 retrain.py:1084] 2019-10-09 17:25:51.548188: Step 220: Cross entropy = 0.441007
INFO:tensorflow:2019-10-09 17:25:51.606203: Step 220: Validation accuracy = 62.0% (N=100)
I1009 17:25:51.606258 4587988416 retrain.py:1100] 2019-10-09 17:25:51.606203: Step 220: Validation accuracy = 62.0% (N=100)
INFO:tensorflow:2019-10-09 17:25:52.242406: Step 230: Train accuracy = 87.0%
I1009 17:25:52.242451 4587988416 retrain.py:1082] 2019-10-09 17:25:52.242406: Step 230: Train accuracy = 87.0%
INFO:tensorflow:2019-10-09 17:25:52.242566: Step 230: Cross entropy = 0.431459
I1009 17:25:52.242578 4587988416 retrain.py:1084] 2019-10-09 17:25:52.242566: Step 230: Cross entropy = 0.431459
INFO:tensorflow:2019-10-09 17:25:52.308020: Step 230: Validation accuracy = 69.0% (N=100)
I1009 17:25:52.308063 4587988416 retrain.py:1100] 2019-10-09 17:25:52.308020: Step 230: Validation accuracy = 69.0% (N=100)
INFO:tensorflow:2019-10-09 17:25:52.918744: Step 240: Train accuracy = 86.0%
I1009 17:25:52.918788 4587988416 retrain.py:1082] 2019-10-09 17:25:52.918744: Step 240: Train accuracy = 86.0%
INFO:tensorflow:2019-10-09 17:25:52.918902: Step 240: Cross entropy = 0.448238
I1009 17:25:52.918914 4587988416 retrain.py:1084] 2019-10-09 17:25:52.918902: Step 240: Cross entropy = 0.448238
INFO:tensorflow:2019-10-09 17:25:52.992594: Step 240: Validation accuracy = 67.0% (N=100)
I1009 17:25:52.992656 4587988416 retrain.py:1100] 2019-10-09 17:25:52.992594: Step 240: Validation accuracy = 67.0% (N=100)
INFO:tensorflow:2019-10-09 17:25:53.599304: Step 250: Train accuracy = 76.0%
I1009 17:25:53.599346 4587988416 retrain.py:1082] 2019-10-09 17:25:53.599304: Step 250: Train accuracy = 76.0%
INFO:tensorflow:2019-10-09 17:25:53.599456: Step 250: Cross entropy = 0.481153
I1009 17:25:53.599466 4587988416 retrain.py:1084] 2019-10-09 17:25:53.599456: Step 250: Cross entropy = 0.481153
INFO:tensorflow:2019-10-09 17:25:53.664750: Step 250: Validation accuracy = 52.0% (N=100)
I1009 17:25:53.664810 4587988416 retrain.py:1100] 2019-10-09 17:25:53.664750: Step 250: Validation accuracy = 52.0% (N=100)
INFO:tensorflow:2019-10-09 17:25:54.291645: Step 260: Train accuracy = 85.0%
I1009 17:25:54.291705 4587988416 retrain.py:1082] 2019-10-09 17:25:54.291645: Step 260: Train accuracy = 85.0%
INFO:tensorflow:2019-10-09 17:25:54.291857: Step 260: Cross entropy = 0.455656
I1009 17:25:54.291875 4587988416 retrain.py:1084] 2019-10-09 17:25:54.291857: Step 260: Cross entropy = 0.455656
INFO:tensorflow:2019-10-09 17:25:54.359188: Step 260: Validation accuracy = 63.0% (N=100)
I1009 17:25:54.359245 4587988416 retrain.py:1100] 2019-10-09 17:25:54.359188: Step 260: Validation accuracy = 63.0% (N=100)
INFO:tensorflow:2019-10-09 17:25:54.959576: Step 270: Train accuracy = 86.0%
I1009 17:25:54.959619 4587988416 retrain.py:1082] 2019-10-09 17:25:54.959576: Step 270: Train accuracy = 86.0%
INFO:tensorflow:2019-10-09 17:25:54.959726: Step 270: Cross entropy = 0.373930
I1009 17:25:54.959737 4587988416 retrain.py:1084] 2019-10-09 17:25:54.959726: Step 270: Cross entropy = 0.373930
INFO:tensorflow:2019-10-09 17:25:55.022073: Step 270: Validation accuracy = 65.0% (N=100)
I1009 17:25:55.022132 4587988416 retrain.py:1100] 2019-10-09 17:25:55.022073: Step 270: Validation accuracy = 65.0% (N=100)
INFO:tensorflow:2019-10-09 17:25:55.618934: Step 280: Train accuracy = 78.0%
I1009 17:25:55.618978 4587988416 retrain.py:1082] 2019-10-09 17:25:55.618934: Step 280: Train accuracy = 78.0%
INFO:tensorflow:2019-10-09 17:25:55.619088: Step 280: Cross entropy = 0.503213
I1009 17:25:55.619098 4587988416 retrain.py:1084] 2019-10-09 17:25:55.619088: Step 280: Cross entropy = 0.503213
INFO:tensorflow:2019-10-09 17:25:55.675030: Step 280: Validation accuracy = 66.0% (N=100)
I1009 17:25:55.675077 4587988416 retrain.py:1100] 2019-10-09 17:25:55.675030: Step 280: Validation accuracy = 66.0% (N=100)
INFO:tensorflow:2019-10-09 17:25:56.244292: Step 290: Train accuracy = 93.0%
I1009 17:25:56.244342 4587988416 retrain.py:1082] 2019-10-09 17:25:56.244292: Step 290: Train accuracy = 93.0%
INFO:tensorflow:2019-10-09 17:25:56.244485: Step 290: Cross entropy = 0.371087
I1009 17:25:56.244500 4587988416 retrain.py:1084] 2019-10-09 17:25:56.244485: Step 290: Cross entropy = 0.371087
INFO:tensorflow:2019-10-09 17:25:56.308632: Step 290: Validation accuracy = 61.0% (N=100)
I1009 17:25:56.308676 4587988416 retrain.py:1100] 2019-10-09 17:25:56.308632: Step 290: Validation accuracy = 61.0% (N=100)
INFO:tensorflow:2019-10-09 17:25:56.921551: Step 300: Train accuracy = 88.0%
I1009 17:25:56.921595 4587988416 retrain.py:1082] 2019-10-09 17:25:56.921551: Step 300: Train accuracy = 88.0%
INFO:tensorflow:2019-10-09 17:25:56.921719: Step 300: Cross entropy = 0.375095
I1009 17:25:56.921734 4587988416 retrain.py:1084] 2019-10-09 17:25:56.921719: Step 300: Cross entropy = 0.375095
INFO:tensorflow:2019-10-09 17:25:56.985844: Step 300: Validation accuracy = 53.0% (N=100)
I1009 17:25:56.985888 4587988416 retrain.py:1100] 2019-10-09 17:25:56.985844: Step 300: Validation accuracy = 53.0% (N=100)
INFO:tensorflow:2019-10-09 17:25:57.629485: Step 310: Train accuracy = 85.0%
I1009 17:25:57.629530 4587988416 retrain.py:1082] 2019-10-09 17:25:57.629485: Step 310: Train accuracy = 85.0%
INFO:tensorflow:2019-10-09 17:25:57.629645: Step 310: Cross entropy = 0.407166
I1009 17:25:57.629659 4587988416 retrain.py:1084] 2019-10-09 17:25:57.629645: Step 310: Cross entropy = 0.407166
INFO:tensorflow:2019-10-09 17:25:57.698230: Step 310: Validation accuracy = 55.0% (N=100)
I1009 17:25:57.698276 4587988416 retrain.py:1100] 2019-10-09 17:25:57.698230: Step 310: Validation accuracy = 55.0% (N=100)
INFO:tensorflow:2019-10-09 17:25:58.321754: Step 320: Train accuracy = 88.0%
I1009 17:25:58.321798 4587988416 retrain.py:1082] 2019-10-09 17:25:58.321754: Step 320: Train accuracy = 88.0%
INFO:tensorflow:2019-10-09 17:25:58.321931: Step 320: Cross entropy = 0.379870
I1009 17:25:58.321942 4587988416 retrain.py:1084] 2019-10-09 17:25:58.321931: Step 320: Cross entropy = 0.379870
INFO:tensorflow:2019-10-09 17:25:58.387092: Step 320: Validation accuracy = 57.0% (N=100)
I1009 17:25:58.387139 4587988416 retrain.py:1100] 2019-10-09 17:25:58.387092: Step 320: Validation accuracy = 57.0% (N=100)
INFO:tensorflow:2019-10-09 17:25:58.992155: Step 330: Train accuracy = 84.0%
I1009 17:25:58.992209 4587988416 retrain.py:1082] 2019-10-09 17:25:58.992155: Step 330: Train accuracy = 84.0%
INFO:tensorflow:2019-10-09 17:25:58.992323: Step 330: Cross entropy = 0.384468
I1009 17:25:58.992334 4587988416 retrain.py:1084] 2019-10-09 17:25:58.992323: Step 330: Cross entropy = 0.384468
INFO:tensorflow:2019-10-09 17:25:59.055972: Step 330: Validation accuracy = 50.0% (N=100)
I1009 17:25:59.056015 4587988416 retrain.py:1100] 2019-10-09 17:25:59.055972: Step 330: Validation accuracy = 50.0% (N=100)
INFO:tensorflow:2019-10-09 17:25:59.649903: Step 340: Train accuracy = 89.0%
I1009 17:25:59.649946 4587988416 retrain.py:1082] 2019-10-09 17:25:59.649903: Step 340: Train accuracy = 89.0%
INFO:tensorflow:2019-10-09 17:25:59.650055: Step 340: Cross entropy = 0.362416
I1009 17:25:59.650064 4587988416 retrain.py:1084] 2019-10-09 17:25:59.650055: Step 340: Cross entropy = 0.362416
INFO:tensorflow:2019-10-09 17:25:59.712210: Step 340: Validation accuracy = 73.0% (N=100)
I1009 17:25:59.712255 4587988416 retrain.py:1100] 2019-10-09 17:25:59.712210: Step 340: Validation accuracy = 73.0% (N=100)
INFO:tensorflow:2019-10-09 17:26:00.312933: Step 350: Train accuracy = 83.0%
I1009 17:26:00.312988 4587988416 retrain.py:1082] 2019-10-09 17:26:00.312933: Step 350: Train accuracy = 83.0%
INFO:tensorflow:2019-10-09 17:26:00.313144: Step 350: Cross entropy = 0.409099
I1009 17:26:00.313157 4587988416 retrain.py:1084] 2019-10-09 17:26:00.313144: Step 350: Cross entropy = 0.409099
INFO:tensorflow:2019-10-09 17:26:00.382988: Step 350: Validation accuracy = 44.0% (N=100)
I1009 17:26:00.383046 4587988416 retrain.py:1100] 2019-10-09 17:26:00.382988: Step 350: Validation accuracy = 44.0% (N=100)
INFO:tensorflow:2019-10-09 17:26:00.985637: Step 360: Train accuracy = 93.0%
I1009 17:26:00.985682 4587988416 retrain.py:1082] 2019-10-09 17:26:00.985637: Step 360: Train accuracy = 93.0%
INFO:tensorflow:2019-10-09 17:26:00.985805: Step 360: Cross entropy = 0.353389
I1009 17:26:00.985818 4587988416 retrain.py:1084] 2019-10-09 17:26:00.985805: Step 360: Cross entropy = 0.353389
INFO:tensorflow:2019-10-09 17:26:01.052291: Step 360: Validation accuracy = 59.0% (N=100)
I1009 17:26:01.052335 4587988416 retrain.py:1100] 2019-10-09 17:26:01.052291: Step 360: Validation accuracy = 59.0% (N=100)
INFO:tensorflow:2019-10-09 17:26:01.653471: Step 370: Train accuracy = 92.0%
I1009 17:26:01.653515 4587988416 retrain.py:1082] 2019-10-09 17:26:01.653471: Step 370: Train accuracy = 92.0%
INFO:tensorflow:2019-10-09 17:26:01.653623: Step 370: Cross entropy = 0.378580
I1009 17:26:01.653633 4587988416 retrain.py:1084] 2019-10-09 17:26:01.653623: Step 370: Cross entropy = 0.378580
INFO:tensorflow:2019-10-09 17:26:01.715636: Step 370: Validation accuracy = 69.0% (N=100)
I1009 17:26:01.715694 4587988416 retrain.py:1100] 2019-10-09 17:26:01.715636: Step 370: Validation accuracy = 69.0% (N=100)
INFO:tensorflow:2019-10-09 17:26:02.312844: Step 380: Train accuracy = 88.0%
I1009 17:26:02.312899 4587988416 retrain.py:1082] 2019-10-09 17:26:02.312844: Step 380: Train accuracy = 88.0%
INFO:tensorflow:2019-10-09 17:26:02.313033: Step 380: Cross entropy = 0.372119
I1009 17:26:02.313044 4587988416 retrain.py:1084] 2019-10-09 17:26:02.313033: Step 380: Cross entropy = 0.372119
INFO:tensorflow:2019-10-09 17:26:02.375922: Step 380: Validation accuracy = 65.0% (N=100)
I1009 17:26:02.375982 4587988416 retrain.py:1100] 2019-10-09 17:26:02.375922: Step 380: Validation accuracy = 65.0% (N=100)
INFO:tensorflow:2019-10-09 17:26:02.978674: Step 390: Train accuracy = 85.0%
I1009 17:26:02.978718 4587988416 retrain.py:1082] 2019-10-09 17:26:02.978674: Step 390: Train accuracy = 85.0%
INFO:tensorflow:2019-10-09 17:26:02.978839: Step 390: Cross entropy = 0.391551
I1009 17:26:02.978853 4587988416 retrain.py:1084] 2019-10-09 17:26:02.978839: Step 390: Cross entropy = 0.391551
INFO:tensorflow:2019-10-09 17:26:03.048115: Step 390: Validation accuracy = 42.0% (N=100)
I1009 17:26:03.048161 4587988416 retrain.py:1100] 2019-10-09 17:26:03.048115: Step 390: Validation accuracy = 42.0% (N=100)
INFO:tensorflow:2019-10-09 17:26:03.613690: Step 400: Train accuracy = 91.0%
I1009 17:26:03.613739 4587988416 retrain.py:1082] 2019-10-09 17:26:03.613690: Step 400: Train accuracy = 91.0%
INFO:tensorflow:2019-10-09 17:26:03.613849: Step 400: Cross entropy = 0.342245
I1009 17:26:03.613860 4587988416 retrain.py:1084] 2019-10-09 17:26:03.613849: Step 400: Cross entropy = 0.342245
INFO:tensorflow:2019-10-09 17:26:03.669600: Step 400: Validation accuracy = 45.0% (N=100)
I1009 17:26:03.669644 4587988416 retrain.py:1100] 2019-10-09 17:26:03.669600: Step 400: Validation accuracy = 45.0% (N=100)
INFO:tensorflow:2019-10-09 17:26:04.217693: Step 410: Train accuracy = 94.0%
I1009 17:26:04.217736 4587988416 retrain.py:1082] 2019-10-09 17:26:04.217693: Step 410: Train accuracy = 94.0%
INFO:tensorflow:2019-10-09 17:26:04.217844: Step 410: Cross entropy = 0.341212
I1009 17:26:04.217854 4587988416 retrain.py:1084] 2019-10-09 17:26:04.217844: Step 410: Cross entropy = 0.341212
INFO:tensorflow:2019-10-09 17:26:04.291966: Step 410: Validation accuracy = 61.0% (N=100)
I1009 17:26:04.292026 4587988416 retrain.py:1100] 2019-10-09 17:26:04.291966: Step 410: Validation accuracy = 61.0% (N=100)
INFO:tensorflow:2019-10-09 17:26:04.960125: Step 420: Train accuracy = 86.0%
I1009 17:26:04.960180 4587988416 retrain.py:1082] 2019-10-09 17:26:04.960125: Step 420: Train accuracy = 86.0%
INFO:tensorflow:2019-10-09 17:26:04.960303: Step 420: Cross entropy = 0.369392
I1009 17:26:04.960313 4587988416 retrain.py:1084] 2019-10-09 17:26:04.960303: Step 420: Cross entropy = 0.369392
INFO:tensorflow:2019-10-09 17:26:05.037973: Step 420: Validation accuracy = 51.0% (N=100)
I1009 17:26:05.038020 4587988416 retrain.py:1100] 2019-10-09 17:26:05.037973: Step 420: Validation accuracy = 51.0% (N=100)
INFO:tensorflow:2019-10-09 17:26:05.623263: Step 430: Train accuracy = 87.0%
I1009 17:26:05.623306 4587988416 retrain.py:1082] 2019-10-09 17:26:05.623263: Step 430: Train accuracy = 87.0%
INFO:tensorflow:2019-10-09 17:26:05.623416: Step 430: Cross entropy = 0.374084
I1009 17:26:05.623427 4587988416 retrain.py:1084] 2019-10-09 17:26:05.623416: Step 430: Cross entropy = 0.374084
INFO:tensorflow:2019-10-09 17:26:05.680438: Step 430: Validation accuracy = 63.0% (N=100)
I1009 17:26:05.680486 4587988416 retrain.py:1100] 2019-10-09 17:26:05.680438: Step 430: Validation accuracy = 63.0% (N=100)
INFO:tensorflow:2019-10-09 17:26:06.240133: Step 440: Train accuracy = 93.0%
I1009 17:26:06.240177 4587988416 retrain.py:1082] 2019-10-09 17:26:06.240133: Step 440: Train accuracy = 93.0%
INFO:tensorflow:2019-10-09 17:26:06.240292: Step 440: Cross entropy = 0.344491
I1009 17:26:06.240303 4587988416 retrain.py:1084] 2019-10-09 17:26:06.240292: Step 440: Cross entropy = 0.344491
INFO:tensorflow:2019-10-09 17:26:06.306931: Step 440: Validation accuracy = 61.0% (N=100)
I1009 17:26:06.306977 4587988416 retrain.py:1100] 2019-10-09 17:26:06.306931: Step 440: Validation accuracy = 61.0% (N=100)
INFO:tensorflow:2019-10-09 17:26:06.861614: Step 450: Train accuracy = 90.0%
I1009 17:26:06.861660 4587988416 retrain.py:1082] 2019-10-09 17:26:06.861614: Step 450: Train accuracy = 90.0%
INFO:tensorflow:2019-10-09 17:26:06.861809: Step 450: Cross entropy = 0.360764
I1009 17:26:06.861820 4587988416 retrain.py:1084] 2019-10-09 17:26:06.861809: Step 450: Cross entropy = 0.360764
INFO:tensorflow:2019-10-09 17:26:06.917319: Step 450: Validation accuracy = 62.0% (N=100)
I1009 17:26:06.917368 4587988416 retrain.py:1100] 2019-10-09 17:26:06.917319: Step 450: Validation accuracy = 62.0% (N=100)
INFO:tensorflow:2019-10-09 17:26:07.474802: Step 460: Train accuracy = 85.0%
I1009 17:26:07.474847 4587988416 retrain.py:1082] 2019-10-09 17:26:07.474802: Step 460: Train accuracy = 85.0%
INFO:tensorflow:2019-10-09 17:26:07.474955: Step 460: Cross entropy = 0.406650
I1009 17:26:07.474967 4587988416 retrain.py:1084] 2019-10-09 17:26:07.474955: Step 460: Cross entropy = 0.406650
INFO:tensorflow:2019-10-09 17:26:07.533689: Step 460: Validation accuracy = 58.0% (N=100)
I1009 17:26:07.533732 4587988416 retrain.py:1100] 2019-10-09 17:26:07.533689: Step 460: Validation accuracy = 58.0% (N=100)
INFO:tensorflow:2019-10-09 17:26:08.086886: Step 470: Train accuracy = 87.0%
I1009 17:26:08.086930 4587988416 retrain.py:1082] 2019-10-09 17:26:08.086886: Step 470: Train accuracy = 87.0%
INFO:tensorflow:2019-10-09 17:26:08.087040: Step 470: Cross entropy = 0.369559
I1009 17:26:08.087050 4587988416 retrain.py:1084] 2019-10-09 17:26:08.087040: Step 470: Cross entropy = 0.369559
INFO:tensorflow:2019-10-09 17:26:08.142366: Step 470: Validation accuracy = 62.0% (N=100)
I1009 17:26:08.142414 4587988416 retrain.py:1100] 2019-10-09 17:26:08.142366: Step 470: Validation accuracy = 62.0% (N=100)
INFO:tensorflow:2019-10-09 17:26:08.803290: Step 480: Train accuracy = 94.0%
I1009 17:26:08.803333 4587988416 retrain.py:1082] 2019-10-09 17:26:08.803290: Step 480: Train accuracy = 94.0%
INFO:tensorflow:2019-10-09 17:26:08.803467: Step 480: Cross entropy = 0.347735
I1009 17:26:08.803478 4587988416 retrain.py:1084] 2019-10-09 17:26:08.803467: Step 480: Cross entropy = 0.347735
INFO:tensorflow:2019-10-09 17:26:08.860092: Step 480: Validation accuracy = 63.0% (N=100)
I1009 17:26:08.860146 4587988416 retrain.py:1100] 2019-10-09 17:26:08.860092: Step 480: Validation accuracy = 63.0% (N=100)
INFO:tensorflow:2019-10-09 17:26:09.515958: Step 490: Train accuracy = 92.0%
I1009 17:26:09.516005 4587988416 retrain.py:1082] 2019-10-09 17:26:09.515958: Step 490: Train accuracy = 92.0%
INFO:tensorflow:2019-10-09 17:26:09.516141: Step 490: Cross entropy = 0.333793
I1009 17:26:09.516160 4587988416 retrain.py:1084] 2019-10-09 17:26:09.516141: Step 490: Cross entropy = 0.333793
INFO:tensorflow:2019-10-09 17:26:09.573464: Step 490: Validation accuracy = 66.0% (N=100)
I1009 17:26:09.573508 4587988416 retrain.py:1100] 2019-10-09 17:26:09.573464: Step 490: Validation accuracy = 66.0% (N=100)
INFO:tensorflow:2019-10-09 17:26:10.131555: Step 500: Train accuracy = 94.0%
I1009 17:26:10.131599 4587988416 retrain.py:1082] 2019-10-09 17:26:10.131555: Step 500: Train accuracy = 94.0%
INFO:tensorflow:2019-10-09 17:26:10.131706: Step 500: Cross entropy = 0.294130
I1009 17:26:10.131715 4587988416 retrain.py:1084] 2019-10-09 17:26:10.131706: Step 500: Cross entropy = 0.294130
INFO:tensorflow:2019-10-09 17:26:10.187962: Step 500: Validation accuracy = 62.0% (N=100)
I1009 17:26:10.188016 4587988416 retrain.py:1100] 2019-10-09 17:26:10.187962: Step 500: Validation accuracy = 62.0% (N=100)
INFO:tensorflow:2019-10-09 17:26:10.746507: Step 510: Train accuracy = 88.0%
I1009 17:26:10.746551 4587988416 retrain.py:1082] 2019-10-09 17:26:10.746507: Step 510: Train accuracy = 88.0%
INFO:tensorflow:2019-10-09 17:26:10.746661: Step 510: Cross entropy = 0.352124
I1009 17:26:10.746672 4587988416 retrain.py:1084] 2019-10-09 17:26:10.746661: Step 510: Cross entropy = 0.352124
INFO:tensorflow:2019-10-09 17:26:10.803599: Step 510: Validation accuracy = 64.0% (N=100)
I1009 17:26:10.803644 4587988416 retrain.py:1100] 2019-10-09 17:26:10.803599: Step 510: Validation accuracy = 64.0% (N=100)
INFO:tensorflow:2019-10-09 17:26:11.357369: Step 520: Train accuracy = 84.0%
I1009 17:26:11.357414 4587988416 retrain.py:1082] 2019-10-09 17:26:11.357369: Step 520: Train accuracy = 84.0%
INFO:tensorflow:2019-10-09 17:26:11.357563: Step 520: Cross entropy = 0.378645
I1009 17:26:11.357573 4587988416 retrain.py:1084] 2019-10-09 17:26:11.357563: Step 520: Cross entropy = 0.378645
INFO:tensorflow:2019-10-09 17:26:11.413845: Step 520: Validation accuracy = 61.0% (N=100)
I1009 17:26:11.413893 4587988416 retrain.py:1100] 2019-10-09 17:26:11.413845: Step 520: Validation accuracy = 61.0% (N=100)
INFO:tensorflow:2019-10-09 17:26:11.962940: Step 530: Train accuracy = 88.0%
I1009 17:26:11.962997 4587988416 retrain.py:1082] 2019-10-09 17:26:11.962940: Step 530: Train accuracy = 88.0%
INFO:tensorflow:2019-10-09 17:26:11.963131: Step 530: Cross entropy = 0.338196
I1009 17:26:11.963145 4587988416 retrain.py:1084] 2019-10-09 17:26:11.963131: Step 530: Cross entropy = 0.338196
INFO:tensorflow:2019-10-09 17:26:12.018938: Step 530: Validation accuracy = 59.0% (N=100)
I1009 17:26:12.018985 4587988416 retrain.py:1100] 2019-10-09 17:26:12.018938: Step 530: Validation accuracy = 59.0% (N=100)
INFO:tensorflow:2019-10-09 17:26:12.589187: Step 540: Train accuracy = 92.0%
I1009 17:26:12.589232 4587988416 retrain.py:1082] 2019-10-09 17:26:12.589187: Step 540: Train accuracy = 92.0%
INFO:tensorflow:2019-10-09 17:26:12.589341: Step 540: Cross entropy = 0.351428
I1009 17:26:12.589350 4587988416 retrain.py:1084] 2019-10-09 17:26:12.589341: Step 540: Cross entropy = 0.351428
INFO:tensorflow:2019-10-09 17:26:12.648528: Step 540: Validation accuracy = 62.0% (N=100)
I1009 17:26:12.648583 4587988416 retrain.py:1100] 2019-10-09 17:26:12.648528: Step 540: Validation accuracy = 62.0% (N=100)
INFO:tensorflow:2019-10-09 17:26:13.198417: Step 550: Train accuracy = 88.0%
I1009 17:26:13.198462 4587988416 retrain.py:1082] 2019-10-09 17:26:13.198417: Step 550: Train accuracy = 88.0%
INFO:tensorflow:2019-10-09 17:26:13.198596: Step 550: Cross entropy = 0.370748
I1009 17:26:13.198606 4587988416 retrain.py:1084] 2019-10-09 17:26:13.198596: Step 550: Cross entropy = 0.370748
INFO:tensorflow:2019-10-09 17:26:13.254042: Step 550: Validation accuracy = 58.0% (N=100)
I1009 17:26:13.254091 4587988416 retrain.py:1100] 2019-10-09 17:26:13.254042: Step 550: Validation accuracy = 58.0% (N=100)
INFO:tensorflow:2019-10-09 17:26:13.802825: Step 560: Train accuracy = 94.0%
I1009 17:26:13.802881 4587988416 retrain.py:1082] 2019-10-09 17:26:13.802825: Step 560: Train accuracy = 94.0%
INFO:tensorflow:2019-10-09 17:26:13.803017: Step 560: Cross entropy = 0.277438
I1009 17:26:13.803027 4587988416 retrain.py:1084] 2019-10-09 17:26:13.803017: Step 560: Cross entropy = 0.277438
INFO:tensorflow:2019-10-09 17:26:13.859112: Step 560: Validation accuracy = 56.0% (N=100)
I1009 17:26:13.859161 4587988416 retrain.py:1100] 2019-10-09 17:26:13.859112: Step 560: Validation accuracy = 56.0% (N=100)
INFO:tensorflow:2019-10-09 17:26:14.408422: Step 570: Train accuracy = 92.0%
I1009 17:26:14.408478 4587988416 retrain.py:1082] 2019-10-09 17:26:14.408422: Step 570: Train accuracy = 92.0%
INFO:tensorflow:2019-10-09 17:26:14.408613: Step 570: Cross entropy = 0.329224
I1009 17:26:14.408624 4587988416 retrain.py:1084] 2019-10-09 17:26:14.408613: Step 570: Cross entropy = 0.329224
INFO:tensorflow:2019-10-09 17:26:14.464735: Step 570: Validation accuracy = 59.0% (N=100)
I1009 17:26:14.464783 4587988416 retrain.py:1100] 2019-10-09 17:26:14.464735: Step 570: Validation accuracy = 59.0% (N=100)
INFO:tensorflow:2019-10-09 17:26:15.014224: Step 580: Train accuracy = 93.0%
I1009 17:26:15.014270 4587988416 retrain.py:1082] 2019-10-09 17:26:15.014224: Step 580: Train accuracy = 93.0%
INFO:tensorflow:2019-10-09 17:26:15.014376: Step 580: Cross entropy = 0.320275
I1009 17:26:15.014385 4587988416 retrain.py:1084] 2019-10-09 17:26:15.014376: Step 580: Cross entropy = 0.320275
INFO:tensorflow:2019-10-09 17:26:15.070331: Step 580: Validation accuracy = 66.0% (N=100)
I1009 17:26:15.070379 4587988416 retrain.py:1100] 2019-10-09 17:26:15.070331: Step 580: Validation accuracy = 66.0% (N=100)
INFO:tensorflow:2019-10-09 17:26:15.619555: Step 590: Train accuracy = 91.0%
I1009 17:26:15.619603 4587988416 retrain.py:1082] 2019-10-09 17:26:15.619555: Step 590: Train accuracy = 91.0%
INFO:tensorflow:2019-10-09 17:26:15.619732: Step 590: Cross entropy = 0.320465
I1009 17:26:15.619747 4587988416 retrain.py:1084] 2019-10-09 17:26:15.619732: Step 590: Cross entropy = 0.320465
INFO:tensorflow:2019-10-09 17:26:15.675703: Step 590: Validation accuracy = 68.0% (N=100)
I1009 17:26:15.675751 4587988416 retrain.py:1100] 2019-10-09 17:26:15.675703: Step 590: Validation accuracy = 68.0% (N=100)
INFO:tensorflow:2019-10-09 17:26:16.223797: Step 600: Train accuracy = 92.0%
I1009 17:26:16.223840 4587988416 retrain.py:1082] 2019-10-09 17:26:16.223797: Step 600: Train accuracy = 92.0%
INFO:tensorflow:2019-10-09 17:26:16.223949: Step 600: Cross entropy = 0.357865
I1009 17:26:16.223960 4587988416 retrain.py:1084] 2019-10-09 17:26:16.223949: Step 600: Cross entropy = 0.357865
INFO:tensorflow:2019-10-09 17:26:16.279469: Step 600: Validation accuracy = 63.0% (N=100)
I1009 17:26:16.279517 4587988416 retrain.py:1100] 2019-10-09 17:26:16.279469: Step 600: Validation accuracy = 63.0% (N=100)
INFO:tensorflow:2019-10-09 17:26:16.828677: Step 610: Train accuracy = 93.0%
I1009 17:26:16.828722 4587988416 retrain.py:1082] 2019-10-09 17:26:16.828677: Step 610: Train accuracy = 93.0%
INFO:tensorflow:2019-10-09 17:26:16.828834: Step 610: Cross entropy = 0.287100
I1009 17:26:16.828845 4587988416 retrain.py:1084] 2019-10-09 17:26:16.828834: Step 610: Cross entropy = 0.287100
INFO:tensorflow:2019-10-09 17:26:16.884953: Step 610: Validation accuracy = 60.0% (N=100)
I1009 17:26:16.884999 4587988416 retrain.py:1100] 2019-10-09 17:26:16.884953: Step 610: Validation accuracy = 60.0% (N=100)
INFO:tensorflow:2019-10-09 17:26:17.432647: Step 620: Train accuracy = 91.0%
I1009 17:26:17.432689 4587988416 retrain.py:1082] 2019-10-09 17:26:17.432647: Step 620: Train accuracy = 91.0%
INFO:tensorflow:2019-10-09 17:26:17.432797: Step 620: Cross entropy = 0.292536
I1009 17:26:17.432807 4587988416 retrain.py:1084] 2019-10-09 17:26:17.432797: Step 620: Cross entropy = 0.292536
INFO:tensorflow:2019-10-09 17:26:17.488069: Step 620: Validation accuracy = 67.0% (N=100)
I1009 17:26:17.488116 4587988416 retrain.py:1100] 2019-10-09 17:26:17.488069: Step 620: Validation accuracy = 67.0% (N=100)
INFO:tensorflow:2019-10-09 17:26:18.037667: Step 630: Train accuracy = 91.0%
I1009 17:26:18.037711 4587988416 retrain.py:1082] 2019-10-09 17:26:18.037667: Step 630: Train accuracy = 91.0%
INFO:tensorflow:2019-10-09 17:26:18.037821: Step 630: Cross entropy = 0.302271
I1009 17:26:18.037832 4587988416 retrain.py:1084] 2019-10-09 17:26:18.037821: Step 630: Cross entropy = 0.302271
INFO:tensorflow:2019-10-09 17:26:18.093141: Step 630: Validation accuracy = 55.0% (N=100)
I1009 17:26:18.093189 4587988416 retrain.py:1100] 2019-10-09 17:26:18.093141: Step 630: Validation accuracy = 55.0% (N=100)
INFO:tensorflow:2019-10-09 17:26:18.643489: Step 640: Train accuracy = 95.0%
I1009 17:26:18.643535 4587988416 retrain.py:1082] 2019-10-09 17:26:18.643489: Step 640: Train accuracy = 95.0%
INFO:tensorflow:2019-10-09 17:26:18.643655: Step 640: Cross entropy = 0.291108
I1009 17:26:18.643666 4587988416 retrain.py:1084] 2019-10-09 17:26:18.643655: Step 640: Cross entropy = 0.291108
INFO:tensorflow:2019-10-09 17:26:18.704447: Step 640: Validation accuracy = 61.0% (N=100)
I1009 17:26:18.704490 4587988416 retrain.py:1100] 2019-10-09 17:26:18.704447: Step 640: Validation accuracy = 61.0% (N=100)
INFO:tensorflow:2019-10-09 17:26:19.262051: Step 650: Train accuracy = 93.0%
I1009 17:26:19.262096 4587988416 retrain.py:1082] 2019-10-09 17:26:19.262051: Step 650: Train accuracy = 93.0%
INFO:tensorflow:2019-10-09 17:26:19.262214: Step 650: Cross entropy = 0.323455
I1009 17:26:19.262225 4587988416 retrain.py:1084] 2019-10-09 17:26:19.262214: Step 650: Cross entropy = 0.323455
INFO:tensorflow:2019-10-09 17:26:19.320002: Step 650: Validation accuracy = 68.0% (N=100)
I1009 17:26:19.320050 4587988416 retrain.py:1100] 2019-10-09 17:26:19.320002: Step 650: Validation accuracy = 68.0% (N=100)
INFO:tensorflow:2019-10-09 17:26:19.869988: Step 660: Train accuracy = 97.0%
I1009 17:26:19.870031 4587988416 retrain.py:1082] 2019-10-09 17:26:19.869988: Step 660: Train accuracy = 97.0%
INFO:tensorflow:2019-10-09 17:26:19.870137: Step 660: Cross entropy = 0.284273
I1009 17:26:19.870146 4587988416 retrain.py:1084] 2019-10-09 17:26:19.870137: Step 660: Cross entropy = 0.284273
INFO:tensorflow:2019-10-09 17:26:19.925674: Step 660: Validation accuracy = 70.0% (N=100)
I1009 17:26:19.925721 4587988416 retrain.py:1100] 2019-10-09 17:26:19.925674: Step 660: Validation accuracy = 70.0% (N=100)
INFO:tensorflow:2019-10-09 17:26:20.602364: Step 670: Train accuracy = 88.0%
I1009 17:26:20.602418 4587988416 retrain.py:1082] 2019-10-09 17:26:20.602364: Step 670: Train accuracy = 88.0%
INFO:tensorflow:2019-10-09 17:26:20.602553: Step 670: Cross entropy = 0.314493
I1009 17:26:20.602564 4587988416 retrain.py:1084] 2019-10-09 17:26:20.602553: Step 670: Cross entropy = 0.314493
INFO:tensorflow:2019-10-09 17:26:20.681411: Step 670: Validation accuracy = 59.0% (N=100)
I1009 17:26:20.681480 4587988416 retrain.py:1100] 2019-10-09 17:26:20.681411: Step 670: Validation accuracy = 59.0% (N=100)
INFO:tensorflow:2019-10-09 17:26:21.340704: Step 680: Train accuracy = 90.0%
I1009 17:26:21.340749 4587988416 retrain.py:1082] 2019-10-09 17:26:21.340704: Step 680: Train accuracy = 90.0%
INFO:tensorflow:2019-10-09 17:26:21.340856: Step 680: Cross entropy = 0.341749
I1009 17:26:21.340866 4587988416 retrain.py:1084] 2019-10-09 17:26:21.340856: Step 680: Cross entropy = 0.341749
INFO:tensorflow:2019-10-09 17:26:21.396562: Step 680: Validation accuracy = 61.0% (N=100)
I1009 17:26:21.396610 4587988416 retrain.py:1100] 2019-10-09 17:26:21.396562: Step 680: Validation accuracy = 61.0% (N=100)
INFO:tensorflow:2019-10-09 17:26:22.011327: Step 690: Train accuracy = 90.0%
I1009 17:26:22.011373 4587988416 retrain.py:1082] 2019-10-09 17:26:22.011327: Step 690: Train accuracy = 90.0%
INFO:tensorflow:2019-10-09 17:26:22.011485: Step 690: Cross entropy = 0.313211
I1009 17:26:22.011497 4587988416 retrain.py:1084] 2019-10-09 17:26:22.011485: Step 690: Cross entropy = 0.313211
INFO:tensorflow:2019-10-09 17:26:22.067749: Step 690: Validation accuracy = 60.0% (N=100)
I1009 17:26:22.067799 4587988416 retrain.py:1100] 2019-10-09 17:26:22.067749: Step 690: Validation accuracy = 60.0% (N=100)
INFO:tensorflow:2019-10-09 17:26:22.655814: Step 700: Train accuracy = 94.0%
I1009 17:26:22.655858 4587988416 retrain.py:1082] 2019-10-09 17:26:22.655814: Step 700: Train accuracy = 94.0%
INFO:tensorflow:2019-10-09 17:26:22.655983: Step 700: Cross entropy = 0.332451
I1009 17:26:22.656015 4587988416 retrain.py:1084] 2019-10-09 17:26:22.655983: Step 700: Cross entropy = 0.332451
INFO:tensorflow:2019-10-09 17:26:22.712461: Step 700: Validation accuracy = 59.0% (N=100)
I1009 17:26:22.712507 4587988416 retrain.py:1100] 2019-10-09 17:26:22.712461: Step 700: Validation accuracy = 59.0% (N=100)
INFO:tensorflow:2019-10-09 17:26:23.263563: Step 710: Train accuracy = 89.0%
I1009 17:26:23.263607 4587988416 retrain.py:1082] 2019-10-09 17:26:23.263563: Step 710: Train accuracy = 89.0%
INFO:tensorflow:2019-10-09 17:26:23.263718: Step 710: Cross entropy = 0.335832
I1009 17:26:23.263729 4587988416 retrain.py:1084] 2019-10-09 17:26:23.263718: Step 710: Cross entropy = 0.335832
INFO:tensorflow:2019-10-09 17:26:23.320877: Step 710: Validation accuracy = 61.0% (N=100)
I1009 17:26:23.320924 4587988416 retrain.py:1100] 2019-10-09 17:26:23.320877: Step 710: Validation accuracy = 61.0% (N=100)
INFO:tensorflow:2019-10-09 17:26:23.871319: Step 720: Train accuracy = 88.0%
I1009 17:26:23.871363 4587988416 retrain.py:1082] 2019-10-09 17:26:23.871319: Step 720: Train accuracy = 88.0%
INFO:tensorflow:2019-10-09 17:26:23.871470: Step 720: Cross entropy = 0.351479
I1009 17:26:23.871481 4587988416 retrain.py:1084] 2019-10-09 17:26:23.871470: Step 720: Cross entropy = 0.351479
INFO:tensorflow:2019-10-09 17:26:23.927027: Step 720: Validation accuracy = 55.0% (N=100)
I1009 17:26:23.927075 4587988416 retrain.py:1100] 2019-10-09 17:26:23.927027: Step 720: Validation accuracy = 55.0% (N=100)
INFO:tensorflow:2019-10-09 17:26:24.477229: Step 730: Train accuracy = 93.0%
I1009 17:26:24.477272 4587988416 retrain.py:1082] 2019-10-09 17:26:24.477229: Step 730: Train accuracy = 93.0%
INFO:tensorflow:2019-10-09 17:26:24.477380: Step 730: Cross entropy = 0.289159
I1009 17:26:24.477390 4587988416 retrain.py:1084] 2019-10-09 17:26:24.477380: Step 730: Cross entropy = 0.289159
INFO:tensorflow:2019-10-09 17:26:24.532972: Step 730: Validation accuracy = 52.0% (N=100)
I1009 17:26:24.533022 4587988416 retrain.py:1100] 2019-10-09 17:26:24.532972: Step 730: Validation accuracy = 52.0% (N=100)
INFO:tensorflow:2019-10-09 17:26:25.083439: Step 740: Train accuracy = 90.0%
I1009 17:26:25.083484 4587988416 retrain.py:1082] 2019-10-09 17:26:25.083439: Step 740: Train accuracy = 90.0%
INFO:tensorflow:2019-10-09 17:26:25.083592: Step 740: Cross entropy = 0.339534
I1009 17:26:25.083602 4587988416 retrain.py:1084] 2019-10-09 17:26:25.083592: Step 740: Cross entropy = 0.339534
INFO:tensorflow:2019-10-09 17:26:25.139646: Step 740: Validation accuracy = 70.0% (N=100)
I1009 17:26:25.139693 4587988416 retrain.py:1100] 2019-10-09 17:26:25.139646: Step 740: Validation accuracy = 70.0% (N=100)
INFO:tensorflow:2019-10-09 17:26:25.689398: Step 750: Train accuracy = 95.0%
I1009 17:26:25.689443 4587988416 retrain.py:1082] 2019-10-09 17:26:25.689398: Step 750: Train accuracy = 95.0%
INFO:tensorflow:2019-10-09 17:26:25.689549: Step 750: Cross entropy = 0.310303
I1009 17:26:25.689560 4587988416 retrain.py:1084] 2019-10-09 17:26:25.689549: Step 750: Cross entropy = 0.310303
INFO:tensorflow:2019-10-09 17:26:25.745120: Step 750: Validation accuracy = 56.0% (N=100)
I1009 17:26:25.745167 4587988416 retrain.py:1100] 2019-10-09 17:26:25.745120: Step 750: Validation accuracy = 56.0% (N=100)
INFO:tensorflow:2019-10-09 17:26:26.295648: Step 760: Train accuracy = 92.0%
I1009 17:26:26.295693 4587988416 retrain.py:1082] 2019-10-09 17:26:26.295648: Step 760: Train accuracy = 92.0%
INFO:tensorflow:2019-10-09 17:26:26.295801: Step 760: Cross entropy = 0.295178
I1009 17:26:26.295813 4587988416 retrain.py:1084] 2019-10-09 17:26:26.295801: Step 760: Cross entropy = 0.295178
INFO:tensorflow:2019-10-09 17:26:26.351707: Step 760: Validation accuracy = 64.0% (N=100)
I1009 17:26:26.351754 4587988416 retrain.py:1100] 2019-10-09 17:26:26.351707: Step 760: Validation accuracy = 64.0% (N=100)
INFO:tensorflow:2019-10-09 17:26:26.900654: Step 770: Train accuracy = 92.0%
I1009 17:26:26.900698 4587988416 retrain.py:1082] 2019-10-09 17:26:26.900654: Step 770: Train accuracy = 92.0%
INFO:tensorflow:2019-10-09 17:26:26.900822: Step 770: Cross entropy = 0.303713
I1009 17:26:26.900851 4587988416 retrain.py:1084] 2019-10-09 17:26:26.900822: Step 770: Cross entropy = 0.303713
INFO:tensorflow:2019-10-09 17:26:26.956414: Step 770: Validation accuracy = 71.0% (N=100)
I1009 17:26:26.956460 4587988416 retrain.py:1100] 2019-10-09 17:26:26.956414: Step 770: Validation accuracy = 71.0% (N=100)
INFO:tensorflow:2019-10-09 17:26:27.507209: Step 780: Train accuracy = 94.0%
I1009 17:26:27.507252 4587988416 retrain.py:1082] 2019-10-09 17:26:27.507209: Step 780: Train accuracy = 94.0%
INFO:tensorflow:2019-10-09 17:26:27.507376: Step 780: Cross entropy = 0.314169
I1009 17:26:27.507386 4587988416 retrain.py:1084] 2019-10-09 17:26:27.507376: Step 780: Cross entropy = 0.314169
INFO:tensorflow:2019-10-09 17:26:27.563662: Step 780: Validation accuracy = 65.0% (N=100)
I1009 17:26:27.563710 4587988416 retrain.py:1100] 2019-10-09 17:26:27.563662: Step 780: Validation accuracy = 65.0% (N=100)
INFO:tensorflow:2019-10-09 17:26:28.113740: Step 790: Train accuracy = 99.0%
I1009 17:26:28.113785 4587988416 retrain.py:1082] 2019-10-09 17:26:28.113740: Step 790: Train accuracy = 99.0%
INFO:tensorflow:2019-10-09 17:26:28.113895: Step 790: Cross entropy = 0.242272
I1009 17:26:28.113906 4587988416 retrain.py:1084] 2019-10-09 17:26:28.113895: Step 790: Cross entropy = 0.242272
INFO:tensorflow:2019-10-09 17:26:28.170027: Step 790: Validation accuracy = 67.0% (N=100)
I1009 17:26:28.170075 4587988416 retrain.py:1100] 2019-10-09 17:26:28.170027: Step 790: Validation accuracy = 67.0% (N=100)
INFO:tensorflow:2019-10-09 17:26:28.721052: Step 800: Train accuracy = 92.0%
I1009 17:26:28.721094 4587988416 retrain.py:1082] 2019-10-09 17:26:28.721052: Step 800: Train accuracy = 92.0%
INFO:tensorflow:2019-10-09 17:26:28.721202: Step 800: Cross entropy = 0.315059
I1009 17:26:28.721211 4587988416 retrain.py:1084] 2019-10-09 17:26:28.721202: Step 800: Cross entropy = 0.315059
INFO:tensorflow:2019-10-09 17:26:28.777155: Step 800: Validation accuracy = 58.0% (N=100)
I1009 17:26:28.777204 4587988416 retrain.py:1100] 2019-10-09 17:26:28.777155: Step 800: Validation accuracy = 58.0% (N=100)
INFO:tensorflow:2019-10-09 17:26:29.326476: Step 810: Train accuracy = 97.0%
I1009 17:26:29.326519 4587988416 retrain.py:1082] 2019-10-09 17:26:29.326476: Step 810: Train accuracy = 97.0%
INFO:tensorflow:2019-10-09 17:26:29.326625: Step 810: Cross entropy = 0.254629
I1009 17:26:29.326650 4587988416 retrain.py:1084] 2019-10-09 17:26:29.326625: Step 810: Cross entropy = 0.254629
INFO:tensorflow:2019-10-09 17:26:29.381995: Step 810: Validation accuracy = 64.0% (N=100)
I1009 17:26:29.382045 4587988416 retrain.py:1100] 2019-10-09 17:26:29.381995: Step 810: Validation accuracy = 64.0% (N=100)
INFO:tensorflow:2019-10-09 17:26:29.937385: Step 820: Train accuracy = 93.0%
I1009 17:26:29.937427 4587988416 retrain.py:1082] 2019-10-09 17:26:29.937385: Step 820: Train accuracy = 93.0%
INFO:tensorflow:2019-10-09 17:26:29.937537: Step 820: Cross entropy = 0.272910
I1009 17:26:29.937547 4587988416 retrain.py:1084] 2019-10-09 17:26:29.937537: Step 820: Cross entropy = 0.272910
INFO:tensorflow:2019-10-09 17:26:29.993298: Step 820: Validation accuracy = 66.0% (N=100)
I1009 17:26:29.993345 4587988416 retrain.py:1100] 2019-10-09 17:26:29.993298: Step 820: Validation accuracy = 66.0% (N=100)
INFO:tensorflow:2019-10-09 17:26:30.542967: Step 830: Train accuracy = 94.0%
I1009 17:26:30.543011 4587988416 retrain.py:1082] 2019-10-09 17:26:30.542967: Step 830: Train accuracy = 94.0%
INFO:tensorflow:2019-10-09 17:26:30.543118: Step 830: Cross entropy = 0.282193
I1009 17:26:30.543128 4587988416 retrain.py:1084] 2019-10-09 17:26:30.543118: Step 830: Cross entropy = 0.282193
INFO:tensorflow:2019-10-09 17:26:30.598938: Step 830: Validation accuracy = 64.0% (N=100)
I1009 17:26:30.598981 4587988416 retrain.py:1100] 2019-10-09 17:26:30.598938: Step 830: Validation accuracy = 64.0% (N=100)
INFO:tensorflow:2019-10-09 17:26:31.149359: Step 840: Train accuracy = 96.0%
I1009 17:26:31.149403 4587988416 retrain.py:1082] 2019-10-09 17:26:31.149359: Step 840: Train accuracy = 96.0%
INFO:tensorflow:2019-10-09 17:26:31.149525: Step 840: Cross entropy = 0.240615
I1009 17:26:31.149535 4587988416 retrain.py:1084] 2019-10-09 17:26:31.149525: Step 840: Cross entropy = 0.240615
INFO:tensorflow:2019-10-09 17:26:31.205106: Step 840: Validation accuracy = 70.0% (N=100)
I1009 17:26:31.205157 4587988416 retrain.py:1100] 2019-10-09 17:26:31.205106: Step 840: Validation accuracy = 70.0% (N=100)
INFO:tensorflow:2019-10-09 17:26:31.755967: Step 850: Train accuracy = 96.0%
I1009 17:26:31.756010 4587988416 retrain.py:1082] 2019-10-09 17:26:31.755967: Step 850: Train accuracy = 96.0%
INFO:tensorflow:2019-10-09 17:26:31.756146: Step 850: Cross entropy = 0.274402
I1009 17:26:31.756157 4587988416 retrain.py:1084] 2019-10-09 17:26:31.756146: Step 850: Cross entropy = 0.274402
INFO:tensorflow:2019-10-09 17:26:31.811740: Step 850: Validation accuracy = 68.0% (N=100)
I1009 17:26:31.811789 4587988416 retrain.py:1100] 2019-10-09 17:26:31.811740: Step 850: Validation accuracy = 68.0% (N=100)
INFO:tensorflow:2019-10-09 17:26:32.372782: Step 860: Train accuracy = 96.0%
I1009 17:26:32.372843 4587988416 retrain.py:1082] 2019-10-09 17:26:32.372782: Step 860: Train accuracy = 96.0%
INFO:tensorflow:2019-10-09 17:26:32.372997: Step 860: Cross entropy = 0.230604
I1009 17:26:32.373012 4587988416 retrain.py:1084] 2019-10-09 17:26:32.372997: Step 860: Cross entropy = 0.230604
INFO:tensorflow:2019-10-09 17:26:32.439571: Step 860: Validation accuracy = 62.0% (N=100)
I1009 17:26:32.439619 4587988416 retrain.py:1100] 2019-10-09 17:26:32.439571: Step 860: Validation accuracy = 62.0% (N=100)
INFO:tensorflow:2019-10-09 17:26:33.015318: Step 870: Train accuracy = 91.0%
I1009 17:26:33.015362 4587988416 retrain.py:1082] 2019-10-09 17:26:33.015318: Step 870: Train accuracy = 91.0%
INFO:tensorflow:2019-10-09 17:26:33.015470: Step 870: Cross entropy = 0.293690
I1009 17:26:33.015480 4587988416 retrain.py:1084] 2019-10-09 17:26:33.015470: Step 870: Cross entropy = 0.293690
INFO:tensorflow:2019-10-09 17:26:33.071372: Step 870: Validation accuracy = 65.0% (N=100)
I1009 17:26:33.071421 4587988416 retrain.py:1100] 2019-10-09 17:26:33.071372: Step 870: Validation accuracy = 65.0% (N=100)
INFO:tensorflow:2019-10-09 17:26:33.683461: Step 880: Train accuracy = 94.0%
I1009 17:26:33.683504 4587988416 retrain.py:1082] 2019-10-09 17:26:33.683461: Step 880: Train accuracy = 94.0%
INFO:tensorflow:2019-10-09 17:26:33.683613: Step 880: Cross entropy = 0.249307
I1009 17:26:33.683624 4587988416 retrain.py:1084] 2019-10-09 17:26:33.683613: Step 880: Cross entropy = 0.249307
INFO:tensorflow:2019-10-09 17:26:33.739182: Step 880: Validation accuracy = 54.0% (N=100)
I1009 17:26:33.739228 4587988416 retrain.py:1100] 2019-10-09 17:26:33.739182: Step 880: Validation accuracy = 54.0% (N=100)
INFO:tensorflow:2019-10-09 17:26:34.288780: Step 890: Train accuracy = 93.0%
I1009 17:26:34.288824 4587988416 retrain.py:1082] 2019-10-09 17:26:34.288780: Step 890: Train accuracy = 93.0%
INFO:tensorflow:2019-10-09 17:26:34.288932: Step 890: Cross entropy = 0.303694
I1009 17:26:34.288960 4587988416 retrain.py:1084] 2019-10-09 17:26:34.288932: Step 890: Cross entropy = 0.303694
INFO:tensorflow:2019-10-09 17:26:34.344922: Step 890: Validation accuracy = 64.0% (N=100)
I1009 17:26:34.344974 4587988416 retrain.py:1100] 2019-10-09 17:26:34.344922: Step 890: Validation accuracy = 64.0% (N=100)
INFO:tensorflow:2019-10-09 17:26:34.895955: Step 900: Train accuracy = 95.0%
I1009 17:26:34.895999 4587988416 retrain.py:1082] 2019-10-09 17:26:34.895955: Step 900: Train accuracy = 95.0%
INFO:tensorflow:2019-10-09 17:26:34.896108: Step 900: Cross entropy = 0.285934
I1009 17:26:34.896119 4587988416 retrain.py:1084] 2019-10-09 17:26:34.896108: Step 900: Cross entropy = 0.285934
INFO:tensorflow:2019-10-09 17:26:34.951674: Step 900: Validation accuracy = 63.0% (N=100)
I1009 17:26:34.951724 4587988416 retrain.py:1100] 2019-10-09 17:26:34.951674: Step 900: Validation accuracy = 63.0% (N=100)
INFO:tensorflow:2019-10-09 17:26:35.500848: Step 910: Train accuracy = 93.0%
I1009 17:26:35.500905 4587988416 retrain.py:1082] 2019-10-09 17:26:35.500848: Step 910: Train accuracy = 93.0%
INFO:tensorflow:2019-10-09 17:26:35.501026: Step 910: Cross entropy = 0.276919
I1009 17:26:35.501035 4587988416 retrain.py:1084] 2019-10-09 17:26:35.501026: Step 910: Cross entropy = 0.276919
INFO:tensorflow:2019-10-09 17:26:35.556479: Step 910: Validation accuracy = 65.0% (N=100)
I1009 17:26:35.556528 4587988416 retrain.py:1100] 2019-10-09 17:26:35.556479: Step 910: Validation accuracy = 65.0% (N=100)
INFO:tensorflow:2019-10-09 17:26:36.108820: Step 920: Train accuracy = 97.0%
I1009 17:26:36.108865 4587988416 retrain.py:1082] 2019-10-09 17:26:36.108820: Step 920: Train accuracy = 97.0%
INFO:tensorflow:2019-10-09 17:26:36.108974: Step 920: Cross entropy = 0.256949
I1009 17:26:36.108983 4587988416 retrain.py:1084] 2019-10-09 17:26:36.108974: Step 920: Cross entropy = 0.256949
INFO:tensorflow:2019-10-09 17:26:36.164811: Step 920: Validation accuracy = 57.0% (N=100)
I1009 17:26:36.164860 4587988416 retrain.py:1100] 2019-10-09 17:26:36.164811: Step 920: Validation accuracy = 57.0% (N=100)
INFO:tensorflow:2019-10-09 17:26:36.715317: Step 930: Train accuracy = 91.0%
I1009 17:26:36.715361 4587988416 retrain.py:1082] 2019-10-09 17:26:36.715317: Step 930: Train accuracy = 91.0%
INFO:tensorflow:2019-10-09 17:26:36.715468: Step 930: Cross entropy = 0.268325
I1009 17:26:36.715479 4587988416 retrain.py:1084] 2019-10-09 17:26:36.715468: Step 930: Cross entropy = 0.268325
INFO:tensorflow:2019-10-09 17:26:36.771313: Step 930: Validation accuracy = 65.0% (N=100)
I1009 17:26:36.771361 4587988416 retrain.py:1100] 2019-10-09 17:26:36.771313: Step 930: Validation accuracy = 65.0% (N=100)
INFO:tensorflow:2019-10-09 17:26:37.322945: Step 940: Train accuracy = 95.0%
I1009 17:26:37.323023 4587988416 retrain.py:1082] 2019-10-09 17:26:37.322945: Step 940: Train accuracy = 95.0%
INFO:tensorflow:2019-10-09 17:26:37.323149: Step 940: Cross entropy = 0.256898
I1009 17:26:37.323160 4587988416 retrain.py:1084] 2019-10-09 17:26:37.323149: Step 940: Cross entropy = 0.256898
INFO:tensorflow:2019-10-09 17:26:37.379090: Step 940: Validation accuracy = 52.0% (N=100)
I1009 17:26:37.379136 4587988416 retrain.py:1100] 2019-10-09 17:26:37.379090: Step 940: Validation accuracy = 52.0% (N=100)
INFO:tensorflow:2019-10-09 17:26:37.929991: Step 950: Train accuracy = 94.0%
I1009 17:26:37.930036 4587988416 retrain.py:1082] 2019-10-09 17:26:37.929991: Step 950: Train accuracy = 94.0%
INFO:tensorflow:2019-10-09 17:26:37.930143: Step 950: Cross entropy = 0.241259
I1009 17:26:37.930152 4587988416 retrain.py:1084] 2019-10-09 17:26:37.930143: Step 950: Cross entropy = 0.241259
INFO:tensorflow:2019-10-09 17:26:37.985664: Step 950: Validation accuracy = 66.0% (N=100)
I1009 17:26:37.985714 4587988416 retrain.py:1100] 2019-10-09 17:26:37.985664: Step 950: Validation accuracy = 66.0% (N=100)
INFO:tensorflow:2019-10-09 17:26:38.536938: Step 960: Train accuracy = 98.0%
I1009 17:26:38.536983 4587988416 retrain.py:1082] 2019-10-09 17:26:38.536938: Step 960: Train accuracy = 98.0%
INFO:tensorflow:2019-10-09 17:26:38.537092: Step 960: Cross entropy = 0.221249
I1009 17:26:38.537101 4587988416 retrain.py:1084] 2019-10-09 17:26:38.537092: Step 960: Cross entropy = 0.221249
INFO:tensorflow:2019-10-09 17:26:38.592686: Step 960: Validation accuracy = 67.0% (N=100)
I1009 17:26:38.592736 4587988416 retrain.py:1100] 2019-10-09 17:26:38.592686: Step 960: Validation accuracy = 67.0% (N=100)
INFO:tensorflow:2019-10-09 17:26:39.142529: Step 970: Train accuracy = 94.0%
I1009 17:26:39.142573 4587988416 retrain.py:1082] 2019-10-09 17:26:39.142529: Step 970: Train accuracy = 94.0%
INFO:tensorflow:2019-10-09 17:26:39.142681: Step 970: Cross entropy = 0.234820
I1009 17:26:39.142692 4587988416 retrain.py:1084] 2019-10-09 17:26:39.142681: Step 970: Cross entropy = 0.234820
INFO:tensorflow:2019-10-09 17:26:39.199814: Step 970: Validation accuracy = 57.0% (N=100)
I1009 17:26:39.199866 4587988416 retrain.py:1100] 2019-10-09 17:26:39.199814: Step 970: Validation accuracy = 57.0% (N=100)
INFO:tensorflow:2019-10-09 17:26:39.868089: Step 980: Train accuracy = 92.0%
I1009 17:26:39.868143 4587988416 retrain.py:1082] 2019-10-09 17:26:39.868089: Step 980: Train accuracy = 92.0%
INFO:tensorflow:2019-10-09 17:26:39.868286: Step 980: Cross entropy = 0.293798
I1009 17:26:39.868301 4587988416 retrain.py:1084] 2019-10-09 17:26:39.868286: Step 980: Cross entropy = 0.293798
INFO:tensorflow:2019-10-09 17:26:39.933583: Step 980: Validation accuracy = 70.0% (N=100)
I1009 17:26:39.933626 4587988416 retrain.py:1100] 2019-10-09 17:26:39.933583: Step 980: Validation accuracy = 70.0% (N=100)
INFO:tensorflow:2019-10-09 17:26:40.551128: Step 990: Train accuracy = 96.0%
I1009 17:26:40.551182 4587988416 retrain.py:1082] 2019-10-09 17:26:40.551128: Step 990: Train accuracy = 96.0%
INFO:tensorflow:2019-10-09 17:26:40.551318: Step 990: Cross entropy = 0.229402
I1009 17:26:40.551329 4587988416 retrain.py:1084] 2019-10-09 17:26:40.551318: Step 990: Cross entropy = 0.229402
INFO:tensorflow:2019-10-09 17:26:40.612062: Step 990: Validation accuracy = 70.0% (N=100)
I1009 17:26:40.612120 4587988416 retrain.py:1100] 2019-10-09 17:26:40.612062: Step 990: Validation accuracy = 70.0% (N=100)
INFO:tensorflow:2019-10-09 17:26:41.172463: Step 1000: Train accuracy = 89.0%
I1009 17:26:41.172506 4587988416 retrain.py:1082] 2019-10-09 17:26:41.172463: Step 1000: Train accuracy = 89.0%
INFO:tensorflow:2019-10-09 17:26:41.172612: Step 1000: Cross entropy = 0.299582
I1009 17:26:41.172621 4587988416 retrain.py:1084] 2019-10-09 17:26:41.172612: Step 1000: Cross entropy = 0.299582
INFO:tensorflow:2019-10-09 17:26:41.228124: Step 1000: Validation accuracy = 57.0% (N=100)
I1009 17:26:41.228169 4587988416 retrain.py:1100] 2019-10-09 17:26:41.228124: Step 1000: Validation accuracy = 57.0% (N=100)
INFO:tensorflow:2019-10-09 17:26:41.779839: Step 1010: Train accuracy = 97.0%
I1009 17:26:41.779882 4587988416 retrain.py:1082] 2019-10-09 17:26:41.779839: Step 1010: Train accuracy = 97.0%
INFO:tensorflow:2019-10-09 17:26:41.779991: Step 1010: Cross entropy = 0.240760
I1009 17:26:41.780002 4587988416 retrain.py:1084] 2019-10-09 17:26:41.779991: Step 1010: Cross entropy = 0.240760
INFO:tensorflow:2019-10-09 17:26:41.835543: Step 1010: Validation accuracy = 46.0% (N=100)
I1009 17:26:41.835592 4587988416 retrain.py:1100] 2019-10-09 17:26:41.835543: Step 1010: Validation accuracy = 46.0% (N=100)
INFO:tensorflow:2019-10-09 17:26:42.386110: Step 1020: Train accuracy = 95.0%
I1009 17:26:42.386153 4587988416 retrain.py:1082] 2019-10-09 17:26:42.386110: Step 1020: Train accuracy = 95.0%
INFO:tensorflow:2019-10-09 17:26:42.386262: Step 1020: Cross entropy = 0.261482
I1009 17:26:42.386271 4587988416 retrain.py:1084] 2019-10-09 17:26:42.386262: Step 1020: Cross entropy = 0.261482
INFO:tensorflow:2019-10-09 17:26:42.442128: Step 1020: Validation accuracy = 68.0% (N=100)
I1009 17:26:42.442173 4587988416 retrain.py:1100] 2019-10-09 17:26:42.442128: Step 1020: Validation accuracy = 68.0% (N=100)
INFO:tensorflow:2019-10-09 17:26:43.021924: Step 1030: Train accuracy = 97.0%
I1009 17:26:43.021967 4587988416 retrain.py:1082] 2019-10-09 17:26:43.021924: Step 1030: Train accuracy = 97.0%
INFO:tensorflow:2019-10-09 17:26:43.022074: Step 1030: Cross entropy = 0.244094
I1009 17:26:43.022083 4587988416 retrain.py:1084] 2019-10-09 17:26:43.022074: Step 1030: Cross entropy = 0.244094
INFO:tensorflow:2019-10-09 17:26:43.077704: Step 1030: Validation accuracy = 62.0% (N=100)
I1009 17:26:43.077754 4587988416 retrain.py:1100] 2019-10-09 17:26:43.077704: Step 1030: Validation accuracy = 62.0% (N=100)
INFO:tensorflow:2019-10-09 17:26:43.678490: Step 1040: Train accuracy = 93.0%
I1009 17:26:43.678535 4587988416 retrain.py:1082] 2019-10-09 17:26:43.678490: Step 1040: Train accuracy = 93.0%
INFO:tensorflow:2019-10-09 17:26:43.678644: Step 1040: Cross entropy = 0.243358
I1009 17:26:43.678656 4587988416 retrain.py:1084] 2019-10-09 17:26:43.678644: Step 1040: Cross entropy = 0.243358
INFO:tensorflow:2019-10-09 17:26:43.734361: Step 1040: Validation accuracy = 60.0% (N=100)
I1009 17:26:43.734437 4587988416 retrain.py:1100] 2019-10-09 17:26:43.734361: Step 1040: Validation accuracy = 60.0% (N=100)
INFO:tensorflow:2019-10-09 17:26:44.460348: Step 1050: Train accuracy = 92.0%
I1009 17:26:44.460402 4587988416 retrain.py:1082] 2019-10-09 17:26:44.460348: Step 1050: Train accuracy = 92.0%
INFO:tensorflow:2019-10-09 17:26:44.460543: Step 1050: Cross entropy = 0.267931
I1009 17:26:44.460558 4587988416 retrain.py:1084] 2019-10-09 17:26:44.460543: Step 1050: Cross entropy = 0.267931
INFO:tensorflow:2019-10-09 17:26:44.538398: Step 1050: Validation accuracy = 67.0% (N=100)
I1009 17:26:44.538454 4587988416 retrain.py:1100] 2019-10-09 17:26:44.538398: Step 1050: Validation accuracy = 67.0% (N=100)
INFO:tensorflow:2019-10-09 17:26:45.159128: Step 1060: Train accuracy = 98.0%
I1009 17:26:45.159171 4587988416 retrain.py:1082] 2019-10-09 17:26:45.159128: Step 1060: Train accuracy = 98.0%
INFO:tensorflow:2019-10-09 17:26:45.159284: Step 1060: Cross entropy = 0.190431
I1009 17:26:45.159293 4587988416 retrain.py:1084] 2019-10-09 17:26:45.159284: Step 1060: Cross entropy = 0.190431
INFO:tensorflow:2019-10-09 17:26:45.216311: Step 1060: Validation accuracy = 59.0% (N=100)
I1009 17:26:45.216359 4587988416 retrain.py:1100] 2019-10-09 17:26:45.216311: Step 1060: Validation accuracy = 59.0% (N=100)
INFO:tensorflow:2019-10-09 17:26:46.033605: Step 1070: Train accuracy = 95.0%
I1009 17:26:46.033649 4587988416 retrain.py:1082] 2019-10-09 17:26:46.033605: Step 1070: Train accuracy = 95.0%
INFO:tensorflow:2019-10-09 17:26:46.033756: Step 1070: Cross entropy = 0.265921
I1009 17:26:46.033765 4587988416 retrain.py:1084] 2019-10-09 17:26:46.033756: Step 1070: Cross entropy = 0.265921
INFO:tensorflow:2019-10-09 17:26:46.089866: Step 1070: Validation accuracy = 55.0% (N=100)
I1009 17:26:46.089910 4587988416 retrain.py:1100] 2019-10-09 17:26:46.089866: Step 1070: Validation accuracy = 55.0% (N=100)
INFO:tensorflow:2019-10-09 17:26:46.640076: Step 1080: Train accuracy = 95.0%
I1009 17:26:46.640120 4587988416 retrain.py:1082] 2019-10-09 17:26:46.640076: Step 1080: Train accuracy = 95.0%
INFO:tensorflow:2019-10-09 17:26:46.640228: Step 1080: Cross entropy = 0.209457
I1009 17:26:46.640239 4587988416 retrain.py:1084] 2019-10-09 17:26:46.640228: Step 1080: Cross entropy = 0.209457
INFO:tensorflow:2019-10-09 17:26:46.695965: Step 1080: Validation accuracy = 64.0% (N=100)
I1009 17:26:46.696014 4587988416 retrain.py:1100] 2019-10-09 17:26:46.695965: Step 1080: Validation accuracy = 64.0% (N=100)
INFO:tensorflow:2019-10-09 17:26:47.244587: Step 1090: Train accuracy = 97.0%
I1009 17:26:47.244630 4587988416 retrain.py:1082] 2019-10-09 17:26:47.244587: Step 1090: Train accuracy = 97.0%
INFO:tensorflow:2019-10-09 17:26:47.244736: Step 1090: Cross entropy = 0.210070
I1009 17:26:47.244745 4587988416 retrain.py:1084] 2019-10-09 17:26:47.244736: Step 1090: Cross entropy = 0.210070
INFO:tensorflow:2019-10-09 17:26:47.300492: Step 1090: Validation accuracy = 63.0% (N=100)
I1009 17:26:47.300541 4587988416 retrain.py:1100] 2019-10-09 17:26:47.300492: Step 1090: Validation accuracy = 63.0% (N=100)
INFO:tensorflow:2019-10-09 17:26:47.850713: Step 1100: Train accuracy = 96.0%
I1009 17:26:47.850781 4587988416 retrain.py:1082] 2019-10-09 17:26:47.850713: Step 1100: Train accuracy = 96.0%
INFO:tensorflow:2019-10-09 17:26:47.850917: Step 1100: Cross entropy = 0.210545
I1009 17:26:47.850927 4587988416 retrain.py:1084] 2019-10-09 17:26:47.850917: Step 1100: Cross entropy = 0.210545
INFO:tensorflow:2019-10-09 17:26:47.907416: Step 1100: Validation accuracy = 66.0% (N=100)
I1009 17:26:47.907469 4587988416 retrain.py:1100] 2019-10-09 17:26:47.907416: Step 1100: Validation accuracy = 66.0% (N=100)
INFO:tensorflow:2019-10-09 17:26:48.457003: Step 1110: Train accuracy = 98.0%
I1009 17:26:48.457049 4587988416 retrain.py:1082] 2019-10-09 17:26:48.457003: Step 1110: Train accuracy = 98.0%
INFO:tensorflow:2019-10-09 17:26:48.457158: Step 1110: Cross entropy = 0.216113
I1009 17:26:48.457180 4587988416 retrain.py:1084] 2019-10-09 17:26:48.457158: Step 1110: Cross entropy = 0.216113
INFO:tensorflow:2019-10-09 17:26:48.513119: Step 1110: Validation accuracy = 52.0% (N=100)
I1009 17:26:48.513170 4587988416 retrain.py:1100] 2019-10-09 17:26:48.513119: Step 1110: Validation accuracy = 52.0% (N=100)
INFO:tensorflow:2019-10-09 17:26:49.062320: Step 1120: Train accuracy = 99.0%
I1009 17:26:49.062364 4587988416 retrain.py:1082] 2019-10-09 17:26:49.062320: Step 1120: Train accuracy = 99.0%
INFO:tensorflow:2019-10-09 17:26:49.062472: Step 1120: Cross entropy = 0.221287
I1009 17:26:49.062481 4587988416 retrain.py:1084] 2019-10-09 17:26:49.062472: Step 1120: Cross entropy = 0.221287
INFO:tensorflow:2019-10-09 17:26:49.118504: Step 1120: Validation accuracy = 55.0% (N=100)
I1009 17:26:49.118554 4587988416 retrain.py:1100] 2019-10-09 17:26:49.118504: Step 1120: Validation accuracy = 55.0% (N=100)
INFO:tensorflow:2019-10-09 17:26:49.668839: Step 1130: Train accuracy = 93.0%
I1009 17:26:49.668882 4587988416 retrain.py:1082] 2019-10-09 17:26:49.668839: Step 1130: Train accuracy = 93.0%
INFO:tensorflow:2019-10-09 17:26:49.668989: Step 1130: Cross entropy = 0.264471
I1009 17:26:49.668998 4587988416 retrain.py:1084] 2019-10-09 17:26:49.668989: Step 1130: Cross entropy = 0.264471
INFO:tensorflow:2019-10-09 17:26:49.724724: Step 1130: Validation accuracy = 57.0% (N=100)
I1009 17:26:49.724772 4587988416 retrain.py:1100] 2019-10-09 17:26:49.724724: Step 1130: Validation accuracy = 57.0% (N=100)
INFO:tensorflow:2019-10-09 17:26:50.274927: Step 1140: Train accuracy = 95.0%
I1009 17:26:50.274970 4587988416 retrain.py:1082] 2019-10-09 17:26:50.274927: Step 1140: Train accuracy = 95.0%
INFO:tensorflow:2019-10-09 17:26:50.275078: Step 1140: Cross entropy = 0.247694
I1009 17:26:50.275087 4587988416 retrain.py:1084] 2019-10-09 17:26:50.275078: Step 1140: Cross entropy = 0.247694
INFO:tensorflow:2019-10-09 17:26:50.331252: Step 1140: Validation accuracy = 60.0% (N=100)
I1009 17:26:50.331303 4587988416 retrain.py:1100] 2019-10-09 17:26:50.331252: Step 1140: Validation accuracy = 60.0% (N=100)
INFO:tensorflow:2019-10-09 17:26:50.881194: Step 1150: Train accuracy = 96.0%
I1009 17:26:50.881238 4587988416 retrain.py:1082] 2019-10-09 17:26:50.881194: Step 1150: Train accuracy = 96.0%
INFO:tensorflow:2019-10-09 17:26:50.881348: Step 1150: Cross entropy = 0.208880
I1009 17:26:50.881358 4587988416 retrain.py:1084] 2019-10-09 17:26:50.881348: Step 1150: Cross entropy = 0.208880
INFO:tensorflow:2019-10-09 17:26:50.937382: Step 1150: Validation accuracy = 64.0% (N=100)
I1009 17:26:50.937427 4587988416 retrain.py:1100] 2019-10-09 17:26:50.937382: Step 1150: Validation accuracy = 64.0% (N=100)
INFO:tensorflow:2019-10-09 17:26:51.487164: Step 1160: Train accuracy = 99.0%
I1009 17:26:51.487207 4587988416 retrain.py:1082] 2019-10-09 17:26:51.487164: Step 1160: Train accuracy = 99.0%
INFO:tensorflow:2019-10-09 17:26:51.487315: Step 1160: Cross entropy = 0.223430
I1009 17:26:51.487325 4587988416 retrain.py:1084] 2019-10-09 17:26:51.487315: Step 1160: Cross entropy = 0.223430
INFO:tensorflow:2019-10-09 17:26:51.542940: Step 1160: Validation accuracy = 57.0% (N=100)
I1009 17:26:51.542985 4587988416 retrain.py:1100] 2019-10-09 17:26:51.542940: Step 1160: Validation accuracy = 57.0% (N=100)
INFO:tensorflow:2019-10-09 17:26:52.092542: Step 1170: Train accuracy = 94.0%
I1009 17:26:52.092586 4587988416 retrain.py:1082] 2019-10-09 17:26:52.092542: Step 1170: Train accuracy = 94.0%
INFO:tensorflow:2019-10-09 17:26:52.092694: Step 1170: Cross entropy = 0.241267
I1009 17:26:52.092705 4587988416 retrain.py:1084] 2019-10-09 17:26:52.092694: Step 1170: Cross entropy = 0.241267
INFO:tensorflow:2019-10-09 17:26:52.148335: Step 1170: Validation accuracy = 66.0% (N=100)
I1009 17:26:52.148386 4587988416 retrain.py:1100] 2019-10-09 17:26:52.148335: Step 1170: Validation accuracy = 66.0% (N=100)
INFO:tensorflow:2019-10-09 17:26:52.699677: Step 1180: Train accuracy = 94.0%
I1009 17:26:52.699719 4587988416 retrain.py:1082] 2019-10-09 17:26:52.699677: Step 1180: Train accuracy = 94.0%
INFO:tensorflow:2019-10-09 17:26:52.699842: Step 1180: Cross entropy = 0.229083
I1009 17:26:52.699851 4587988416 retrain.py:1084] 2019-10-09 17:26:52.699842: Step 1180: Cross entropy = 0.229083
INFO:tensorflow:2019-10-09 17:26:52.755647: Step 1180: Validation accuracy = 58.0% (N=100)
I1009 17:26:52.755692 4587988416 retrain.py:1100] 2019-10-09 17:26:52.755647: Step 1180: Validation accuracy = 58.0% (N=100)
INFO:tensorflow:2019-10-09 17:26:53.306880: Step 1190: Train accuracy = 96.0%
I1009 17:26:53.306929 4587988416 retrain.py:1082] 2019-10-09 17:26:53.306880: Step 1190: Train accuracy = 96.0%
INFO:tensorflow:2019-10-09 17:26:53.307050: Step 1190: Cross entropy = 0.229873
I1009 17:26:53.307061 4587988416 retrain.py:1084] 2019-10-09 17:26:53.307050: Step 1190: Cross entropy = 0.229873
INFO:tensorflow:2019-10-09 17:26:53.363140: Step 1190: Validation accuracy = 61.0% (N=100)
I1009 17:26:53.363188 4587988416 retrain.py:1100] 2019-10-09 17:26:53.363140: Step 1190: Validation accuracy = 61.0% (N=100)
INFO:tensorflow:2019-10-09 17:26:53.921967: Step 1200: Train accuracy = 95.0%
I1009 17:26:53.922013 4587988416 retrain.py:1082] 2019-10-09 17:26:53.921967: Step 1200: Train accuracy = 95.0%
INFO:tensorflow:2019-10-09 17:26:53.922123: Step 1200: Cross entropy = 0.255831
I1009 17:26:53.922133 4587988416 retrain.py:1084] 2019-10-09 17:26:53.922123: Step 1200: Cross entropy = 0.255831
INFO:tensorflow:2019-10-09 17:26:53.977493: Step 1200: Validation accuracy = 62.0% (N=100)
I1009 17:26:53.977542 4587988416 retrain.py:1100] 2019-10-09 17:26:53.977493: Step 1200: Validation accuracy = 62.0% (N=100)
INFO:tensorflow:2019-10-09 17:26:54.530042: Step 1210: Train accuracy = 93.0%
I1009 17:26:54.530085 4587988416 retrain.py:1082] 2019-10-09 17:26:54.530042: Step 1210: Train accuracy = 93.0%
INFO:tensorflow:2019-10-09 17:26:54.530193: Step 1210: Cross entropy = 0.268465
I1009 17:26:54.530203 4587988416 retrain.py:1084] 2019-10-09 17:26:54.530193: Step 1210: Cross entropy = 0.268465
INFO:tensorflow:2019-10-09 17:26:54.585828: Step 1210: Validation accuracy = 66.0% (N=100)
I1009 17:26:54.585872 4587988416 retrain.py:1100] 2019-10-09 17:26:54.585828: Step 1210: Validation accuracy = 66.0% (N=100)
INFO:tensorflow:2019-10-09 17:26:55.183689: Step 1220: Train accuracy = 97.0%
I1009 17:26:55.183747 4587988416 retrain.py:1082] 2019-10-09 17:26:55.183689: Step 1220: Train accuracy = 97.0%
INFO:tensorflow:2019-10-09 17:26:55.183869: Step 1220: Cross entropy = 0.219094
I1009 17:26:55.183881 4587988416 retrain.py:1084] 2019-10-09 17:26:55.183869: Step 1220: Cross entropy = 0.219094
INFO:tensorflow:2019-10-09 17:26:55.240429: Step 1220: Validation accuracy = 61.0% (N=100)
I1009 17:26:55.240474 4587988416 retrain.py:1100] 2019-10-09 17:26:55.240429: Step 1220: Validation accuracy = 61.0% (N=100)
INFO:tensorflow:2019-10-09 17:26:55.905611: Step 1230: Train accuracy = 95.0%
I1009 17:26:55.905653 4587988416 retrain.py:1082] 2019-10-09 17:26:55.905611: Step 1230: Train accuracy = 95.0%
INFO:tensorflow:2019-10-09 17:26:55.905790: Step 1230: Cross entropy = 0.253666
I1009 17:26:55.905801 4587988416 retrain.py:1084] 2019-10-09 17:26:55.905790: Step 1230: Cross entropy = 0.253666
INFO:tensorflow:2019-10-09 17:26:55.985683: Step 1230: Validation accuracy = 62.0% (N=100)
I1009 17:26:55.985734 4587988416 retrain.py:1100] 2019-10-09 17:26:55.985683: Step 1230: Validation accuracy = 62.0% (N=100)
INFO:tensorflow:2019-10-09 17:26:56.595380: Step 1240: Train accuracy = 98.0%
I1009 17:26:56.595438 4587988416 retrain.py:1082] 2019-10-09 17:26:56.595380: Step 1240: Train accuracy = 98.0%
INFO:tensorflow:2019-10-09 17:26:56.595598: Step 1240: Cross entropy = 0.203977
I1009 17:26:56.595614 4587988416 retrain.py:1084] 2019-10-09 17:26:56.595598: Step 1240: Cross entropy = 0.203977
INFO:tensorflow:2019-10-09 17:26:56.678076: Step 1240: Validation accuracy = 54.0% (N=100)
I1009 17:26:56.678168 4587988416 retrain.py:1100] 2019-10-09 17:26:56.678076: Step 1240: Validation accuracy = 54.0% (N=100)
INFO:tensorflow:2019-10-09 17:26:57.257455: Step 1250: Train accuracy = 95.0%
I1009 17:26:57.257498 4587988416 retrain.py:1082] 2019-10-09 17:26:57.257455: Step 1250: Train accuracy = 95.0%
INFO:tensorflow:2019-10-09 17:26:57.257604: Step 1250: Cross entropy = 0.232239
I1009 17:26:57.257614 4587988416 retrain.py:1084] 2019-10-09 17:26:57.257604: Step 1250: Cross entropy = 0.232239
INFO:tensorflow:2019-10-09 17:26:57.313521: Step 1250: Validation accuracy = 64.0% (N=100)
I1009 17:26:57.313577 4587988416 retrain.py:1100] 2019-10-09 17:26:57.313521: Step 1250: Validation accuracy = 64.0% (N=100)
INFO:tensorflow:2019-10-09 17:26:57.864188: Step 1260: Train accuracy = 98.0%
I1009 17:26:57.864233 4587988416 retrain.py:1082] 2019-10-09 17:26:57.864188: Step 1260: Train accuracy = 98.0%
INFO:tensorflow:2019-10-09 17:26:57.864338: Step 1260: Cross entropy = 0.220664
I1009 17:26:57.864348 4587988416 retrain.py:1084] 2019-10-09 17:26:57.864338: Step 1260: Cross entropy = 0.220664
INFO:tensorflow:2019-10-09 17:26:57.921374: Step 1260: Validation accuracy = 52.0% (N=100)
I1009 17:26:57.921420 4587988416 retrain.py:1100] 2019-10-09 17:26:57.921374: Step 1260: Validation accuracy = 52.0% (N=100)
INFO:tensorflow:2019-10-09 17:26:58.471897: Step 1270: Train accuracy = 95.0%
I1009 17:26:58.471941 4587988416 retrain.py:1082] 2019-10-09 17:26:58.471897: Step 1270: Train accuracy = 95.0%
INFO:tensorflow:2019-10-09 17:26:58.472047: Step 1270: Cross entropy = 0.240421
I1009 17:26:58.472058 4587988416 retrain.py:1084] 2019-10-09 17:26:58.472047: Step 1270: Cross entropy = 0.240421
INFO:tensorflow:2019-10-09 17:26:58.527722: Step 1270: Validation accuracy = 61.0% (N=100)
I1009 17:26:58.527770 4587988416 retrain.py:1100] 2019-10-09 17:26:58.527722: Step 1270: Validation accuracy = 61.0% (N=100)
INFO:tensorflow:2019-10-09 17:26:59.076375: Step 1280: Train accuracy = 94.0%
I1009 17:26:59.076419 4587988416 retrain.py:1082] 2019-10-09 17:26:59.076375: Step 1280: Train accuracy = 94.0%
INFO:tensorflow:2019-10-09 17:26:59.076528: Step 1280: Cross entropy = 0.240326
I1009 17:26:59.076538 4587988416 retrain.py:1084] 2019-10-09 17:26:59.076528: Step 1280: Cross entropy = 0.240326
INFO:tensorflow:2019-10-09 17:26:59.132208: Step 1280: Validation accuracy = 54.0% (N=100)
I1009 17:26:59.132252 4587988416 retrain.py:1100] 2019-10-09 17:26:59.132208: Step 1280: Validation accuracy = 54.0% (N=100)
INFO:tensorflow:2019-10-09 17:26:59.682322: Step 1290: Train accuracy = 98.0%
I1009 17:26:59.682367 4587988416 retrain.py:1082] 2019-10-09 17:26:59.682322: Step 1290: Train accuracy = 98.0%
INFO:tensorflow:2019-10-09 17:26:59.682474: Step 1290: Cross entropy = 0.187820
I1009 17:26:59.682483 4587988416 retrain.py:1084] 2019-10-09 17:26:59.682474: Step 1290: Cross entropy = 0.187820
INFO:tensorflow:2019-10-09 17:26:59.737846: Step 1290: Validation accuracy = 58.0% (N=100)
I1009 17:26:59.737895 4587988416 retrain.py:1100] 2019-10-09 17:26:59.737846: Step 1290: Validation accuracy = 58.0% (N=100)
INFO:tensorflow:2019-10-09 17:27:00.288953: Step 1300: Train accuracy = 95.0%
I1009 17:27:00.288997 4587988416 retrain.py:1082] 2019-10-09 17:27:00.288953: Step 1300: Train accuracy = 95.0%
INFO:tensorflow:2019-10-09 17:27:00.289107: Step 1300: Cross entropy = 0.258083
I1009 17:27:00.289116 4587988416 retrain.py:1084] 2019-10-09 17:27:00.289107: Step 1300: Cross entropy = 0.258083
INFO:tensorflow:2019-10-09 17:27:00.345673: Step 1300: Validation accuracy = 50.0% (N=100)
I1009 17:27:00.345722 4587988416 retrain.py:1100] 2019-10-09 17:27:00.345673: Step 1300: Validation accuracy = 50.0% (N=100)
INFO:tensorflow:2019-10-09 17:27:00.895326: Step 1310: Train accuracy = 97.0%
I1009 17:27:00.895370 4587988416 retrain.py:1082] 2019-10-09 17:27:00.895326: Step 1310: Train accuracy = 97.0%
INFO:tensorflow:2019-10-09 17:27:00.895480: Step 1310: Cross entropy = 0.225526
I1009 17:27:00.895492 4587988416 retrain.py:1084] 2019-10-09 17:27:00.895480: Step 1310: Cross entropy = 0.225526
INFO:tensorflow:2019-10-09 17:27:00.951413: Step 1310: Validation accuracy = 52.0% (N=100)
I1009 17:27:00.951464 4587988416 retrain.py:1100] 2019-10-09 17:27:00.951413: Step 1310: Validation accuracy = 52.0% (N=100)
INFO:tensorflow:2019-10-09 17:27:01.500944: Step 1320: Train accuracy = 95.0%
I1009 17:27:01.501000 4587988416 retrain.py:1082] 2019-10-09 17:27:01.500944: Step 1320: Train accuracy = 95.0%
INFO:tensorflow:2019-10-09 17:27:01.501124: Step 1320: Cross entropy = 0.233176
I1009 17:27:01.501134 4587988416 retrain.py:1084] 2019-10-09 17:27:01.501124: Step 1320: Cross entropy = 0.233176
INFO:tensorflow:2019-10-09 17:27:01.557158: Step 1320: Validation accuracy = 55.0% (N=100)
I1009 17:27:01.557208 4587988416 retrain.py:1100] 2019-10-09 17:27:01.557158: Step 1320: Validation accuracy = 55.0% (N=100)
INFO:tensorflow:2019-10-09 17:27:02.106418: Step 1330: Train accuracy = 98.0%
I1009 17:27:02.106463 4587988416 retrain.py:1082] 2019-10-09 17:27:02.106418: Step 1330: Train accuracy = 98.0%
INFO:tensorflow:2019-10-09 17:27:02.106572: Step 1330: Cross entropy = 0.225214
I1009 17:27:02.106583 4587988416 retrain.py:1084] 2019-10-09 17:27:02.106572: Step 1330: Cross entropy = 0.225214
INFO:tensorflow:2019-10-09 17:27:02.162490: Step 1330: Validation accuracy = 58.0% (N=100)
I1009 17:27:02.162538 4587988416 retrain.py:1100] 2019-10-09 17:27:02.162490: Step 1330: Validation accuracy = 58.0% (N=100)
INFO:tensorflow:2019-10-09 17:27:02.712032: Step 1340: Train accuracy = 96.0%
I1009 17:27:02.712075 4587988416 retrain.py:1082] 2019-10-09 17:27:02.712032: Step 1340: Train accuracy = 96.0%
INFO:tensorflow:2019-10-09 17:27:02.712182: Step 1340: Cross entropy = 0.211816
I1009 17:27:02.712192 4587988416 retrain.py:1084] 2019-10-09 17:27:02.712182: Step 1340: Cross entropy = 0.211816
INFO:tensorflow:2019-10-09 17:27:02.768468: Step 1340: Validation accuracy = 72.0% (N=100)
I1009 17:27:02.768517 4587988416 retrain.py:1100] 2019-10-09 17:27:02.768468: Step 1340: Validation accuracy = 72.0% (N=100)
INFO:tensorflow:2019-10-09 17:27:03.320385: Step 1350: Train accuracy = 98.0%
I1009 17:27:03.320430 4587988416 retrain.py:1082] 2019-10-09 17:27:03.320385: Step 1350: Train accuracy = 98.0%
INFO:tensorflow:2019-10-09 17:27:03.320541: Step 1350: Cross entropy = 0.198042
I1009 17:27:03.320553 4587988416 retrain.py:1084] 2019-10-09 17:27:03.320541: Step 1350: Cross entropy = 0.198042
INFO:tensorflow:2019-10-09 17:27:03.376518: Step 1350: Validation accuracy = 64.0% (N=100)
I1009 17:27:03.376567 4587988416 retrain.py:1100] 2019-10-09 17:27:03.376518: Step 1350: Validation accuracy = 64.0% (N=100)
INFO:tensorflow:2019-10-09 17:27:03.927401: Step 1360: Train accuracy = 99.0%
I1009 17:27:03.927446 4587988416 retrain.py:1082] 2019-10-09 17:27:03.927401: Step 1360: Train accuracy = 99.0%
INFO:tensorflow:2019-10-09 17:27:03.927553: Step 1360: Cross entropy = 0.215448
I1009 17:27:03.927564 4587988416 retrain.py:1084] 2019-10-09 17:27:03.927553: Step 1360: Cross entropy = 0.215448
INFO:tensorflow:2019-10-09 17:27:03.983225: Step 1360: Validation accuracy = 62.0% (N=100)
I1009 17:27:03.983270 4587988416 retrain.py:1100] 2019-10-09 17:27:03.983225: Step 1360: Validation accuracy = 62.0% (N=100)
INFO:tensorflow:2019-10-09 17:27:04.538442: Step 1370: Train accuracy = 99.0%
I1009 17:27:04.538488 4587988416 retrain.py:1082] 2019-10-09 17:27:04.538442: Step 1370: Train accuracy = 99.0%
INFO:tensorflow:2019-10-09 17:27:04.538599: Step 1370: Cross entropy = 0.194074
I1009 17:27:04.538608 4587988416 retrain.py:1084] 2019-10-09 17:27:04.538599: Step 1370: Cross entropy = 0.194074
INFO:tensorflow:2019-10-09 17:27:04.595504: Step 1370: Validation accuracy = 55.0% (N=100)
I1009 17:27:04.595547 4587988416 retrain.py:1100] 2019-10-09 17:27:04.595504: Step 1370: Validation accuracy = 55.0% (N=100)
INFO:tensorflow:2019-10-09 17:27:05.144926: Step 1380: Train accuracy = 97.0%
I1009 17:27:05.144972 4587988416 retrain.py:1082] 2019-10-09 17:27:05.144926: Step 1380: Train accuracy = 97.0%
INFO:tensorflow:2019-10-09 17:27:05.145080: Step 1380: Cross entropy = 0.192054
I1009 17:27:05.145090 4587988416 retrain.py:1084] 2019-10-09 17:27:05.145080: Step 1380: Cross entropy = 0.192054
INFO:tensorflow:2019-10-09 17:27:05.200851: Step 1380: Validation accuracy = 64.0% (N=100)
I1009 17:27:05.200901 4587988416 retrain.py:1100] 2019-10-09 17:27:05.200851: Step 1380: Validation accuracy = 64.0% (N=100)
INFO:tensorflow:2019-10-09 17:27:05.754334: Step 1390: Train accuracy = 98.0%
I1009 17:27:05.754390 4587988416 retrain.py:1082] 2019-10-09 17:27:05.754334: Step 1390: Train accuracy = 98.0%
INFO:tensorflow:2019-10-09 17:27:05.754525: Step 1390: Cross entropy = 0.176155
I1009 17:27:05.754534 4587988416 retrain.py:1084] 2019-10-09 17:27:05.754525: Step 1390: Cross entropy = 0.176155
INFO:tensorflow:2019-10-09 17:27:05.810328: Step 1390: Validation accuracy = 64.0% (N=100)
I1009 17:27:05.810378 4587988416 retrain.py:1100] 2019-10-09 17:27:05.810328: Step 1390: Validation accuracy = 64.0% (N=100)
INFO:tensorflow:2019-10-09 17:27:06.362834: Step 1400: Train accuracy = 96.0%
I1009 17:27:06.362877 4587988416 retrain.py:1082] 2019-10-09 17:27:06.362834: Step 1400: Train accuracy = 96.0%
INFO:tensorflow:2019-10-09 17:27:06.362987: Step 1400: Cross entropy = 0.195262
I1009 17:27:06.362997 4587988416 retrain.py:1084] 2019-10-09 17:27:06.362987: Step 1400: Cross entropy = 0.195262
INFO:tensorflow:2019-10-09 17:27:06.419057: Step 1400: Validation accuracy = 63.0% (N=100)
I1009 17:27:06.419106 4587988416 retrain.py:1100] 2019-10-09 17:27:06.419057: Step 1400: Validation accuracy = 63.0% (N=100)
INFO:tensorflow:2019-10-09 17:27:06.969313: Step 1410: Train accuracy = 99.0%
I1009 17:27:06.969356 4587988416 retrain.py:1082] 2019-10-09 17:27:06.969313: Step 1410: Train accuracy = 99.0%
INFO:tensorflow:2019-10-09 17:27:06.969463: Step 1410: Cross entropy = 0.197784
I1009 17:27:06.969473 4587988416 retrain.py:1084] 2019-10-09 17:27:06.969463: Step 1410: Cross entropy = 0.197784
INFO:tensorflow:2019-10-09 17:27:07.025175: Step 1410: Validation accuracy = 69.0% (N=100)
I1009 17:27:07.025224 4587988416 retrain.py:1100] 2019-10-09 17:27:07.025175: Step 1410: Validation accuracy = 69.0% (N=100)
INFO:tensorflow:2019-10-09 17:27:07.626958: Step 1420: Train accuracy = 96.0%
I1009 17:27:07.627003 4587988416 retrain.py:1082] 2019-10-09 17:27:07.626958: Step 1420: Train accuracy = 96.0%
INFO:tensorflow:2019-10-09 17:27:07.627119: Step 1420: Cross entropy = 0.206770
I1009 17:27:07.627133 4587988416 retrain.py:1084] 2019-10-09 17:27:07.627119: Step 1420: Cross entropy = 0.206770
INFO:tensorflow:2019-10-09 17:27:07.683814: Step 1420: Validation accuracy = 63.0% (N=100)
I1009 17:27:07.683860 4587988416 retrain.py:1100] 2019-10-09 17:27:07.683814: Step 1420: Validation accuracy = 63.0% (N=100)
INFO:tensorflow:2019-10-09 17:27:08.273241: Step 1430: Train accuracy = 95.0%
I1009 17:27:08.273285 4587988416 retrain.py:1082] 2019-10-09 17:27:08.273241: Step 1430: Train accuracy = 95.0%
INFO:tensorflow:2019-10-09 17:27:08.273393: Step 1430: Cross entropy = 0.218812
I1009 17:27:08.273402 4587988416 retrain.py:1084] 2019-10-09 17:27:08.273393: Step 1430: Cross entropy = 0.218812
INFO:tensorflow:2019-10-09 17:27:08.330096: Step 1430: Validation accuracy = 52.0% (N=100)
I1009 17:27:08.330146 4587988416 retrain.py:1100] 2019-10-09 17:27:08.330096: Step 1430: Validation accuracy = 52.0% (N=100)
INFO:tensorflow:2019-10-09 17:27:08.906304: Step 1440: Train accuracy = 97.0%
I1009 17:27:08.906347 4587988416 retrain.py:1082] 2019-10-09 17:27:08.906304: Step 1440: Train accuracy = 97.0%
INFO:tensorflow:2019-10-09 17:27:08.906455: Step 1440: Cross entropy = 0.225871
I1009 17:27:08.906465 4587988416 retrain.py:1084] 2019-10-09 17:27:08.906455: Step 1440: Cross entropy = 0.225871
INFO:tensorflow:2019-10-09 17:27:08.961926: Step 1440: Validation accuracy = 63.0% (N=100)
I1009 17:27:08.961975 4587988416 retrain.py:1100] 2019-10-09 17:27:08.961926: Step 1440: Validation accuracy = 63.0% (N=100)
INFO:tensorflow:2019-10-09 17:27:09.512276: Step 1450: Train accuracy = 96.0%
I1009 17:27:09.512320 4587988416 retrain.py:1082] 2019-10-09 17:27:09.512276: Step 1450: Train accuracy = 96.0%
INFO:tensorflow:2019-10-09 17:27:09.512429: Step 1450: Cross entropy = 0.184597
I1009 17:27:09.512439 4587988416 retrain.py:1084] 2019-10-09 17:27:09.512429: Step 1450: Cross entropy = 0.184597
INFO:tensorflow:2019-10-09 17:27:09.568386: Step 1450: Validation accuracy = 60.0% (N=100)
I1009 17:27:09.568431 4587988416 retrain.py:1100] 2019-10-09 17:27:09.568386: Step 1450: Validation accuracy = 60.0% (N=100)
INFO:tensorflow:2019-10-09 17:27:10.118998: Step 1460: Train accuracy = 98.0%
I1009 17:27:10.119043 4587988416 retrain.py:1082] 2019-10-09 17:27:10.118998: Step 1460: Train accuracy = 98.0%
INFO:tensorflow:2019-10-09 17:27:10.119150: Step 1460: Cross entropy = 0.168675
I1009 17:27:10.119158 4587988416 retrain.py:1084] 2019-10-09 17:27:10.119150: Step 1460: Cross entropy = 0.168675
INFO:tensorflow:2019-10-09 17:27:10.175062: Step 1460: Validation accuracy = 61.0% (N=100)
I1009 17:27:10.175112 4587988416 retrain.py:1100] 2019-10-09 17:27:10.175062: Step 1460: Validation accuracy = 61.0% (N=100)
INFO:tensorflow:2019-10-09 17:27:10.727263: Step 1470: Train accuracy = 97.0%
I1009 17:27:10.727308 4587988416 retrain.py:1082] 2019-10-09 17:27:10.727263: Step 1470: Train accuracy = 97.0%
INFO:tensorflow:2019-10-09 17:27:10.727416: Step 1470: Cross entropy = 0.188793
I1009 17:27:10.727427 4587988416 retrain.py:1084] 2019-10-09 17:27:10.727416: Step 1470: Cross entropy = 0.188793
INFO:tensorflow:2019-10-09 17:27:10.783405: Step 1470: Validation accuracy = 59.0% (N=100)
I1009 17:27:10.783450 4587988416 retrain.py:1100] 2019-10-09 17:27:10.783405: Step 1470: Validation accuracy = 59.0% (N=100)
INFO:tensorflow:2019-10-09 17:27:11.336802: Step 1480: Train accuracy = 97.0%
I1009 17:27:11.336847 4587988416 retrain.py:1082] 2019-10-09 17:27:11.336802: Step 1480: Train accuracy = 97.0%
INFO:tensorflow:2019-10-09 17:27:11.336954: Step 1480: Cross entropy = 0.199832
I1009 17:27:11.336999 4587988416 retrain.py:1084] 2019-10-09 17:27:11.336954: Step 1480: Cross entropy = 0.199832
INFO:tensorflow:2019-10-09 17:27:11.393191: Step 1480: Validation accuracy = 54.0% (N=100)
I1009 17:27:11.393239 4587988416 retrain.py:1100] 2019-10-09 17:27:11.393191: Step 1480: Validation accuracy = 54.0% (N=100)
INFO:tensorflow:2019-10-09 17:27:11.945230: Step 1490: Train accuracy = 96.0%
I1009 17:27:11.945274 4587988416 retrain.py:1082] 2019-10-09 17:27:11.945230: Step 1490: Train accuracy = 96.0%
INFO:tensorflow:2019-10-09 17:27:11.945382: Step 1490: Cross entropy = 0.193950
I1009 17:27:11.945392 4587988416 retrain.py:1084] 2019-10-09 17:27:11.945382: Step 1490: Cross entropy = 0.193950
INFO:tensorflow:2019-10-09 17:27:12.001190: Step 1490: Validation accuracy = 63.0% (N=100)
I1009 17:27:12.001236 4587988416 retrain.py:1100] 2019-10-09 17:27:12.001190: Step 1490: Validation accuracy = 63.0% (N=100)
INFO:tensorflow:2019-10-09 17:27:12.551851: Step 1500: Train accuracy = 94.0%
I1009 17:27:12.551907 4587988416 retrain.py:1082] 2019-10-09 17:27:12.551851: Step 1500: Train accuracy = 94.0%
INFO:tensorflow:2019-10-09 17:27:12.552028: Step 1500: Cross entropy = 0.200873
I1009 17:27:12.552039 4587988416 retrain.py:1084] 2019-10-09 17:27:12.552028: Step 1500: Cross entropy = 0.200873
INFO:tensorflow:2019-10-09 17:27:12.609074: Step 1500: Validation accuracy = 59.0% (N=100)
I1009 17:27:12.609131 4587988416 retrain.py:1100] 2019-10-09 17:27:12.609074: Step 1500: Validation accuracy = 59.0% (N=100)
INFO:tensorflow:2019-10-09 17:27:13.162815: Step 1510: Train accuracy = 98.0%
I1009 17:27:13.162859 4587988416 retrain.py:1082] 2019-10-09 17:27:13.162815: Step 1510: Train accuracy = 98.0%
INFO:tensorflow:2019-10-09 17:27:13.162967: Step 1510: Cross entropy = 0.189220
I1009 17:27:13.162977 4587988416 retrain.py:1084] 2019-10-09 17:27:13.162967: Step 1510: Cross entropy = 0.189220
INFO:tensorflow:2019-10-09 17:27:13.219041: Step 1510: Validation accuracy = 62.0% (N=100)
I1009 17:27:13.219086 4587988416 retrain.py:1100] 2019-10-09 17:27:13.219041: Step 1510: Validation accuracy = 62.0% (N=100)
INFO:tensorflow:2019-10-09 17:27:13.769980: Step 1520: Train accuracy = 96.0%
I1009 17:27:13.770025 4587988416 retrain.py:1082] 2019-10-09 17:27:13.769980: Step 1520: Train accuracy = 96.0%
INFO:tensorflow:2019-10-09 17:27:13.770132: Step 1520: Cross entropy = 0.222770
I1009 17:27:13.770143 4587988416 retrain.py:1084] 2019-10-09 17:27:13.770132: Step 1520: Cross entropy = 0.222770
INFO:tensorflow:2019-10-09 17:27:13.826773: Step 1520: Validation accuracy = 75.0% (N=100)
I1009 17:27:13.826823 4587988416 retrain.py:1100] 2019-10-09 17:27:13.826773: Step 1520: Validation accuracy = 75.0% (N=100)
INFO:tensorflow:2019-10-09 17:27:14.380082: Step 1530: Train accuracy = 96.0%
I1009 17:27:14.380126 4587988416 retrain.py:1082] 2019-10-09 17:27:14.380082: Step 1530: Train accuracy = 96.0%
INFO:tensorflow:2019-10-09 17:27:14.380235: Step 1530: Cross entropy = 0.220190
I1009 17:27:14.380245 4587988416 retrain.py:1084] 2019-10-09 17:27:14.380235: Step 1530: Cross entropy = 0.220190
INFO:tensorflow:2019-10-09 17:27:14.435540: Step 1530: Validation accuracy = 44.0% (N=100)
I1009 17:27:14.435585 4587988416 retrain.py:1100] 2019-10-09 17:27:14.435540: Step 1530: Validation accuracy = 44.0% (N=100)
INFO:tensorflow:2019-10-09 17:27:14.988148: Step 1540: Train accuracy = 96.0%
I1009 17:27:14.988193 4587988416 retrain.py:1082] 2019-10-09 17:27:14.988148: Step 1540: Train accuracy = 96.0%
INFO:tensorflow:2019-10-09 17:27:14.988303: Step 1540: Cross entropy = 0.205604
I1009 17:27:14.988313 4587988416 retrain.py:1084] 2019-10-09 17:27:14.988303: Step 1540: Cross entropy = 0.205604
INFO:tensorflow:2019-10-09 17:27:15.043760: Step 1540: Validation accuracy = 57.0% (N=100)
I1009 17:27:15.043810 4587988416 retrain.py:1100] 2019-10-09 17:27:15.043760: Step 1540: Validation accuracy = 57.0% (N=100)
INFO:tensorflow:2019-10-09 17:27:15.593882: Step 1550: Train accuracy = 95.0%
I1009 17:27:15.593926 4587988416 retrain.py:1082] 2019-10-09 17:27:15.593882: Step 1550: Train accuracy = 95.0%
INFO:tensorflow:2019-10-09 17:27:15.594034: Step 1550: Cross entropy = 0.234085
I1009 17:27:15.594044 4587988416 retrain.py:1084] 2019-10-09 17:27:15.594034: Step 1550: Cross entropy = 0.234085
INFO:tensorflow:2019-10-09 17:27:15.649542: Step 1550: Validation accuracy = 70.0% (N=100)
I1009 17:27:15.649593 4587988416 retrain.py:1100] 2019-10-09 17:27:15.649542: Step 1550: Validation accuracy = 70.0% (N=100)
INFO:tensorflow:2019-10-09 17:27:16.200135: Step 1560: Train accuracy = 98.0%
I1009 17:27:16.200178 4587988416 retrain.py:1082] 2019-10-09 17:27:16.200135: Step 1560: Train accuracy = 98.0%
INFO:tensorflow:2019-10-09 17:27:16.200300: Step 1560: Cross entropy = 0.184531
I1009 17:27:16.200309 4587988416 retrain.py:1084] 2019-10-09 17:27:16.200300: Step 1560: Cross entropy = 0.184531
INFO:tensorflow:2019-10-09 17:27:16.256006: Step 1560: Validation accuracy = 59.0% (N=100)
I1009 17:27:16.256049 4587988416 retrain.py:1100] 2019-10-09 17:27:16.256006: Step 1560: Validation accuracy = 59.0% (N=100)
INFO:tensorflow:2019-10-09 17:27:16.808430: Step 1570: Train accuracy = 96.0%
I1009 17:27:16.808475 4587988416 retrain.py:1082] 2019-10-09 17:27:16.808430: Step 1570: Train accuracy = 96.0%
INFO:tensorflow:2019-10-09 17:27:16.808583: Step 1570: Cross entropy = 0.220226
I1009 17:27:16.808593 4587988416 retrain.py:1084] 2019-10-09 17:27:16.808583: Step 1570: Cross entropy = 0.220226
INFO:tensorflow:2019-10-09 17:27:16.865189: Step 1570: Validation accuracy = 67.0% (N=100)
I1009 17:27:16.865240 4587988416 retrain.py:1100] 2019-10-09 17:27:16.865189: Step 1570: Validation accuracy = 67.0% (N=100)
INFO:tensorflow:2019-10-09 17:27:17.418491: Step 1580: Train accuracy = 96.0%
I1009 17:27:17.418535 4587988416 retrain.py:1082] 2019-10-09 17:27:17.418491: Step 1580: Train accuracy = 96.0%
INFO:tensorflow:2019-10-09 17:27:17.418642: Step 1580: Cross entropy = 0.192336
I1009 17:27:17.418653 4587988416 retrain.py:1084] 2019-10-09 17:27:17.418642: Step 1580: Cross entropy = 0.192336
INFO:tensorflow:2019-10-09 17:27:17.474548: Step 1580: Validation accuracy = 61.0% (N=100)
I1009 17:27:17.474597 4587988416 retrain.py:1100] 2019-10-09 17:27:17.474548: Step 1580: Validation accuracy = 61.0% (N=100)
INFO:tensorflow:2019-10-09 17:27:18.193674: Step 1590: Train accuracy = 99.0%
I1009 17:27:18.193730 4587988416 retrain.py:1082] 2019-10-09 17:27:18.193674: Step 1590: Train accuracy = 99.0%
INFO:tensorflow:2019-10-09 17:27:18.193881: Step 1590: Cross entropy = 0.164003
I1009 17:27:18.193897 4587988416 retrain.py:1084] 2019-10-09 17:27:18.193881: Step 1590: Cross entropy = 0.164003
INFO:tensorflow:2019-10-09 17:27:18.281382: Step 1590: Validation accuracy = 46.0% (N=100)
I1009 17:27:18.281442 4587988416 retrain.py:1100] 2019-10-09 17:27:18.281382: Step 1590: Validation accuracy = 46.0% (N=100)
INFO:tensorflow:2019-10-09 17:27:19.006385: Step 1600: Train accuracy = 95.0%
I1009 17:27:19.006429 4587988416 retrain.py:1082] 2019-10-09 17:27:19.006385: Step 1600: Train accuracy = 95.0%
INFO:tensorflow:2019-10-09 17:27:19.006544: Step 1600: Cross entropy = 0.195420
I1009 17:27:19.006554 4587988416 retrain.py:1084] 2019-10-09 17:27:19.006544: Step 1600: Cross entropy = 0.195420
INFO:tensorflow:2019-10-09 17:27:19.069500: Step 1600: Validation accuracy = 57.0% (N=100)
I1009 17:27:19.069548 4587988416 retrain.py:1100] 2019-10-09 17:27:19.069500: Step 1600: Validation accuracy = 57.0% (N=100)
INFO:tensorflow:2019-10-09 17:27:19.673230: Step 1610: Train accuracy = 94.0%
I1009 17:27:19.673274 4587988416 retrain.py:1082] 2019-10-09 17:27:19.673230: Step 1610: Train accuracy = 94.0%
INFO:tensorflow:2019-10-09 17:27:19.673386: Step 1610: Cross entropy = 0.217527
I1009 17:27:19.673395 4587988416 retrain.py:1084] 2019-10-09 17:27:19.673386: Step 1610: Cross entropy = 0.217527
INFO:tensorflow:2019-10-09 17:27:19.743749: Step 1610: Validation accuracy = 54.0% (N=100)
I1009 17:27:19.743795 4587988416 retrain.py:1100] 2019-10-09 17:27:19.743749: Step 1610: Validation accuracy = 54.0% (N=100)
INFO:tensorflow:2019-10-09 17:27:20.329896: Step 1620: Train accuracy = 97.0%
I1009 17:27:20.329944 4587988416 retrain.py:1082] 2019-10-09 17:27:20.329896: Step 1620: Train accuracy = 97.0%
INFO:tensorflow:2019-10-09 17:27:20.330064: Step 1620: Cross entropy = 0.170190
I1009 17:27:20.330077 4587988416 retrain.py:1084] 2019-10-09 17:27:20.330064: Step 1620: Cross entropy = 0.170190
INFO:tensorflow:2019-10-09 17:27:20.386107: Step 1620: Validation accuracy = 56.0% (N=100)
I1009 17:27:20.386152 4587988416 retrain.py:1100] 2019-10-09 17:27:20.386107: Step 1620: Validation accuracy = 56.0% (N=100)
INFO:tensorflow:2019-10-09 17:27:20.968109: Step 1630: Train accuracy = 96.0%
I1009 17:27:20.968152 4587988416 retrain.py:1082] 2019-10-09 17:27:20.968109: Step 1630: Train accuracy = 96.0%
INFO:tensorflow:2019-10-09 17:27:20.968281: Step 1630: Cross entropy = 0.218252
I1009 17:27:20.968293 4587988416 retrain.py:1084] 2019-10-09 17:27:20.968281: Step 1630: Cross entropy = 0.218252
INFO:tensorflow:2019-10-09 17:27:21.039335: Step 1630: Validation accuracy = 62.0% (N=100)
I1009 17:27:21.039378 4587988416 retrain.py:1100] 2019-10-09 17:27:21.039335: Step 1630: Validation accuracy = 62.0% (N=100)
INFO:tensorflow:2019-10-09 17:27:21.661616: Step 1640: Train accuracy = 96.0%
I1009 17:27:21.661659 4587988416 retrain.py:1082] 2019-10-09 17:27:21.661616: Step 1640: Train accuracy = 96.0%
INFO:tensorflow:2019-10-09 17:27:21.661769: Step 1640: Cross entropy = 0.204003
I1009 17:27:21.661779 4587988416 retrain.py:1084] 2019-10-09 17:27:21.661769: Step 1640: Cross entropy = 0.204003
INFO:tensorflow:2019-10-09 17:27:21.732246: Step 1640: Validation accuracy = 61.0% (N=100)
I1009 17:27:21.732293 4587988416 retrain.py:1100] 2019-10-09 17:27:21.732246: Step 1640: Validation accuracy = 61.0% (N=100)
INFO:tensorflow:2019-10-09 17:27:22.361575: Step 1650: Train accuracy = 96.0%
I1009 17:27:22.361618 4587988416 retrain.py:1082] 2019-10-09 17:27:22.361575: Step 1650: Train accuracy = 96.0%
INFO:tensorflow:2019-10-09 17:27:22.361736: Step 1650: Cross entropy = 0.194032
I1009 17:27:22.361747 4587988416 retrain.py:1084] 2019-10-09 17:27:22.361736: Step 1650: Cross entropy = 0.194032
INFO:tensorflow:2019-10-09 17:27:22.433585: Step 1650: Validation accuracy = 65.0% (N=100)
I1009 17:27:22.433630 4587988416 retrain.py:1100] 2019-10-09 17:27:22.433585: Step 1650: Validation accuracy = 65.0% (N=100)
INFO:tensorflow:2019-10-09 17:27:23.056799: Step 1660: Train accuracy = 98.0%
I1009 17:27:23.056843 4587988416 retrain.py:1082] 2019-10-09 17:27:23.056799: Step 1660: Train accuracy = 98.0%
INFO:tensorflow:2019-10-09 17:27:23.056956: Step 1660: Cross entropy = 0.174388
I1009 17:27:23.056971 4587988416 retrain.py:1084] 2019-10-09 17:27:23.056956: Step 1660: Cross entropy = 0.174388
INFO:tensorflow:2019-10-09 17:27:23.125606: Step 1660: Validation accuracy = 61.0% (N=100)
I1009 17:27:23.125652 4587988416 retrain.py:1100] 2019-10-09 17:27:23.125606: Step 1660: Validation accuracy = 61.0% (N=100)
INFO:tensorflow:2019-10-09 17:27:23.737508: Step 1670: Train accuracy = 97.0%
I1009 17:27:23.737551 4587988416 retrain.py:1082] 2019-10-09 17:27:23.737508: Step 1670: Train accuracy = 97.0%
INFO:tensorflow:2019-10-09 17:27:23.737659: Step 1670: Cross entropy = 0.168096
I1009 17:27:23.737669 4587988416 retrain.py:1084] 2019-10-09 17:27:23.737659: Step 1670: Cross entropy = 0.168096
INFO:tensorflow:2019-10-09 17:27:23.802935: Step 1670: Validation accuracy = 62.0% (N=100)
I1009 17:27:23.802981 4587988416 retrain.py:1100] 2019-10-09 17:27:23.802935: Step 1670: Validation accuracy = 62.0% (N=100)
INFO:tensorflow:2019-10-09 17:27:24.354586: Step 1680: Train accuracy = 97.0%
I1009 17:27:24.354629 4587988416 retrain.py:1082] 2019-10-09 17:27:24.354586: Step 1680: Train accuracy = 97.0%
INFO:tensorflow:2019-10-09 17:27:24.354750: Step 1680: Cross entropy = 0.224589
I1009 17:27:24.354759 4587988416 retrain.py:1084] 2019-10-09 17:27:24.354750: Step 1680: Cross entropy = 0.224589
INFO:tensorflow:2019-10-09 17:27:24.410650: Step 1680: Validation accuracy = 71.0% (N=100)
I1009 17:27:24.410698 4587988416 retrain.py:1100] 2019-10-09 17:27:24.410650: Step 1680: Validation accuracy = 71.0% (N=100)
INFO:tensorflow:2019-10-09 17:27:25.022785: Step 1690: Train accuracy = 96.0%
I1009 17:27:25.022832 4587988416 retrain.py:1082] 2019-10-09 17:27:25.022785: Step 1690: Train accuracy = 96.0%
INFO:tensorflow:2019-10-09 17:27:25.022954: Step 1690: Cross entropy = 0.181925
I1009 17:27:25.022969 4587988416 retrain.py:1084] 2019-10-09 17:27:25.022954: Step 1690: Cross entropy = 0.181925
INFO:tensorflow:2019-10-09 17:27:25.088442: Step 1690: Validation accuracy = 58.0% (N=100)
I1009 17:27:25.088485 4587988416 retrain.py:1100] 2019-10-09 17:27:25.088442: Step 1690: Validation accuracy = 58.0% (N=100)
INFO:tensorflow:2019-10-09 17:27:25.641642: Step 1700: Train accuracy = 98.0%
I1009 17:27:25.641687 4587988416 retrain.py:1082] 2019-10-09 17:27:25.641642: Step 1700: Train accuracy = 98.0%
INFO:tensorflow:2019-10-09 17:27:25.641794: Step 1700: Cross entropy = 0.177683
I1009 17:27:25.641805 4587988416 retrain.py:1084] 2019-10-09 17:27:25.641794: Step 1700: Cross entropy = 0.177683
INFO:tensorflow:2019-10-09 17:27:25.704361: Step 1700: Validation accuracy = 60.0% (N=100)
I1009 17:27:25.704406 4587988416 retrain.py:1100] 2019-10-09 17:27:25.704361: Step 1700: Validation accuracy = 60.0% (N=100)
INFO:tensorflow:2019-10-09 17:27:26.321528: Step 1710: Train accuracy = 95.0%
I1009 17:27:26.321573 4587988416 retrain.py:1082] 2019-10-09 17:27:26.321528: Step 1710: Train accuracy = 95.0%
INFO:tensorflow:2019-10-09 17:27:26.321687: Step 1710: Cross entropy = 0.193644
I1009 17:27:26.321696 4587988416 retrain.py:1084] 2019-10-09 17:27:26.321687: Step 1710: Cross entropy = 0.193644
INFO:tensorflow:2019-10-09 17:27:26.391284: Step 1710: Validation accuracy = 59.0% (N=100)
I1009 17:27:26.391342 4587988416 retrain.py:1100] 2019-10-09 17:27:26.391284: Step 1710: Validation accuracy = 59.0% (N=100)
INFO:tensorflow:2019-10-09 17:27:27.006946: Step 1720: Train accuracy = 96.0%
I1009 17:27:27.006991 4587988416 retrain.py:1082] 2019-10-09 17:27:27.006946: Step 1720: Train accuracy = 96.0%
INFO:tensorflow:2019-10-09 17:27:27.007099: Step 1720: Cross entropy = 0.193622
I1009 17:27:27.007109 4587988416 retrain.py:1084] 2019-10-09 17:27:27.007099: Step 1720: Cross entropy = 0.193622
INFO:tensorflow:2019-10-09 17:27:27.073492: Step 1720: Validation accuracy = 66.0% (N=100)
I1009 17:27:27.073539 4587988416 retrain.py:1100] 2019-10-09 17:27:27.073492: Step 1720: Validation accuracy = 66.0% (N=100)
INFO:tensorflow:2019-10-09 17:27:27.679808: Step 1730: Train accuracy = 99.0%
I1009 17:27:27.679862 4587988416 retrain.py:1082] 2019-10-09 17:27:27.679808: Step 1730: Train accuracy = 99.0%
INFO:tensorflow:2019-10-09 17:27:27.680000: Step 1730: Cross entropy = 0.179894
I1009 17:27:27.680015 4587988416 retrain.py:1084] 2019-10-09 17:27:27.680000: Step 1730: Cross entropy = 0.179894
INFO:tensorflow:2019-10-09 17:27:27.749714: Step 1730: Validation accuracy = 57.0% (N=100)
I1009 17:27:27.749771 4587988416 retrain.py:1100] 2019-10-09 17:27:27.749714: Step 1730: Validation accuracy = 57.0% (N=100)
INFO:tensorflow:2019-10-09 17:27:28.361026: Step 1740: Train accuracy = 96.0%
I1009 17:27:28.361071 4587988416 retrain.py:1082] 2019-10-09 17:27:28.361026: Step 1740: Train accuracy = 96.0%
INFO:tensorflow:2019-10-09 17:27:28.361181: Step 1740: Cross entropy = 0.176388
I1009 17:27:28.361191 4587988416 retrain.py:1084] 2019-10-09 17:27:28.361181: Step 1740: Cross entropy = 0.176388
INFO:tensorflow:2019-10-09 17:27:28.418109: Step 1740: Validation accuracy = 68.0% (N=100)
I1009 17:27:28.418154 4587988416 retrain.py:1100] 2019-10-09 17:27:28.418109: Step 1740: Validation accuracy = 68.0% (N=100)
INFO:tensorflow:2019-10-09 17:27:29.029229: Step 1750: Train accuracy = 99.0%
I1009 17:27:29.029274 4587988416 retrain.py:1082] 2019-10-09 17:27:29.029229: Step 1750: Train accuracy = 99.0%
INFO:tensorflow:2019-10-09 17:27:29.029394: Step 1750: Cross entropy = 0.171295
I1009 17:27:29.029410 4587988416 retrain.py:1084] 2019-10-09 17:27:29.029394: Step 1750: Cross entropy = 0.171295
INFO:tensorflow:2019-10-09 17:27:29.098159: Step 1750: Validation accuracy = 59.0% (N=100)
I1009 17:27:29.098224 4587988416 retrain.py:1100] 2019-10-09 17:27:29.098159: Step 1750: Validation accuracy = 59.0% (N=100)
INFO:tensorflow:2019-10-09 17:27:29.691325: Step 1760: Train accuracy = 94.0%
I1009 17:27:29.691371 4587988416 retrain.py:1082] 2019-10-09 17:27:29.691325: Step 1760: Train accuracy = 94.0%
INFO:tensorflow:2019-10-09 17:27:29.691488: Step 1760: Cross entropy = 0.209644
I1009 17:27:29.691501 4587988416 retrain.py:1084] 2019-10-09 17:27:29.691488: Step 1760: Cross entropy = 0.209644
INFO:tensorflow:2019-10-09 17:27:29.756893: Step 1760: Validation accuracy = 68.0% (N=100)
I1009 17:27:29.756937 4587988416 retrain.py:1100] 2019-10-09 17:27:29.756893: Step 1760: Validation accuracy = 68.0% (N=100)
INFO:tensorflow:2019-10-09 17:27:30.361625: Step 1770: Train accuracy = 99.0%
I1009 17:27:30.361674 4587988416 retrain.py:1082] 2019-10-09 17:27:30.361625: Step 1770: Train accuracy = 99.0%
INFO:tensorflow:2019-10-09 17:27:30.361798: Step 1770: Cross entropy = 0.166332
I1009 17:27:30.361808 4587988416 retrain.py:1084] 2019-10-09 17:27:30.361798: Step 1770: Cross entropy = 0.166332
INFO:tensorflow:2019-10-09 17:27:30.418613: Step 1770: Validation accuracy = 60.0% (N=100)
I1009 17:27:30.418658 4587988416 retrain.py:1100] 2019-10-09 17:27:30.418613: Step 1770: Validation accuracy = 60.0% (N=100)
INFO:tensorflow:2019-10-09 17:27:31.027055: Step 1780: Train accuracy = 97.0%
I1009 17:27:31.027101 4587988416 retrain.py:1082] 2019-10-09 17:27:31.027055: Step 1780: Train accuracy = 97.0%
INFO:tensorflow:2019-10-09 17:27:31.027216: Step 1780: Cross entropy = 0.179752
I1009 17:27:31.027226 4587988416 retrain.py:1084] 2019-10-09 17:27:31.027216: Step 1780: Cross entropy = 0.179752
INFO:tensorflow:2019-10-09 17:27:31.095480: Step 1780: Validation accuracy = 67.0% (N=100)
I1009 17:27:31.095536 4587988416 retrain.py:1100] 2019-10-09 17:27:31.095480: Step 1780: Validation accuracy = 67.0% (N=100)
INFO:tensorflow:2019-10-09 17:27:31.688838: Step 1790: Train accuracy = 94.0%
I1009 17:27:31.688884 4587988416 retrain.py:1082] 2019-10-09 17:27:31.688838: Step 1790: Train accuracy = 94.0%
INFO:tensorflow:2019-10-09 17:27:31.689000: Step 1790: Cross entropy = 0.222974
I1009 17:27:31.689012 4587988416 retrain.py:1084] 2019-10-09 17:27:31.689000: Step 1790: Cross entropy = 0.222974
INFO:tensorflow:2019-10-09 17:27:31.755261: Step 1790: Validation accuracy = 68.0% (N=100)
I1009 17:27:31.755314 4587988416 retrain.py:1100] 2019-10-09 17:27:31.755261: Step 1790: Validation accuracy = 68.0% (N=100)
INFO:tensorflow:2019-10-09 17:27:32.354733: Step 1800: Train accuracy = 94.0%
I1009 17:27:32.354778 4587988416 retrain.py:1082] 2019-10-09 17:27:32.354733: Step 1800: Train accuracy = 94.0%
INFO:tensorflow:2019-10-09 17:27:32.354887: Step 1800: Cross entropy = 0.175456
I1009 17:27:32.354896 4587988416 retrain.py:1084] 2019-10-09 17:27:32.354887: Step 1800: Cross entropy = 0.175456
INFO:tensorflow:2019-10-09 17:27:32.412217: Step 1800: Validation accuracy = 65.0% (N=100)
I1009 17:27:32.412262 4587988416 retrain.py:1100] 2019-10-09 17:27:32.412217: Step 1800: Validation accuracy = 65.0% (N=100)
INFO:tensorflow:2019-10-09 17:27:32.976642: Step 1810: Train accuracy = 98.0%
I1009 17:27:32.976698 4587988416 retrain.py:1082] 2019-10-09 17:27:32.976642: Step 1810: Train accuracy = 98.0%
INFO:tensorflow:2019-10-09 17:27:32.976852: Step 1810: Cross entropy = 0.173734
I1009 17:27:32.976866 4587988416 retrain.py:1084] 2019-10-09 17:27:32.976852: Step 1810: Cross entropy = 0.173734
INFO:tensorflow:2019-10-09 17:27:33.047441: Step 1810: Validation accuracy = 55.0% (N=100)
I1009 17:27:33.047487 4587988416 retrain.py:1100] 2019-10-09 17:27:33.047441: Step 1810: Validation accuracy = 55.0% (N=100)
INFO:tensorflow:2019-10-09 17:27:33.653022: Step 1820: Train accuracy = 99.0%
I1009 17:27:33.653065 4587988416 retrain.py:1082] 2019-10-09 17:27:33.653022: Step 1820: Train accuracy = 99.0%
INFO:tensorflow:2019-10-09 17:27:33.653189: Step 1820: Cross entropy = 0.133183
I1009 17:27:33.653221 4587988416 retrain.py:1084] 2019-10-09 17:27:33.653189: Step 1820: Cross entropy = 0.133183
INFO:tensorflow:2019-10-09 17:27:33.714145: Step 1820: Validation accuracy = 60.0% (N=100)
I1009 17:27:33.714189 4587988416 retrain.py:1100] 2019-10-09 17:27:33.714145: Step 1820: Validation accuracy = 60.0% (N=100)
INFO:tensorflow:2019-10-09 17:27:34.295818: Step 1830: Train accuracy = 98.0%
I1009 17:27:34.295861 4587988416 retrain.py:1082] 2019-10-09 17:27:34.295818: Step 1830: Train accuracy = 98.0%
INFO:tensorflow:2019-10-09 17:27:34.295969: Step 1830: Cross entropy = 0.160483
I1009 17:27:34.295979 4587988416 retrain.py:1084] 2019-10-09 17:27:34.295969: Step 1830: Cross entropy = 0.160483
INFO:tensorflow:2019-10-09 17:27:34.353512: Step 1830: Validation accuracy = 68.0% (N=100)
I1009 17:27:34.353557 4587988416 retrain.py:1100] 2019-10-09 17:27:34.353512: Step 1830: Validation accuracy = 68.0% (N=100)
INFO:tensorflow:2019-10-09 17:27:34.934419: Step 1840: Train accuracy = 94.0%
I1009 17:27:34.934464 4587988416 retrain.py:1082] 2019-10-09 17:27:34.934419: Step 1840: Train accuracy = 94.0%
INFO:tensorflow:2019-10-09 17:27:34.934577: Step 1840: Cross entropy = 0.221977
I1009 17:27:34.934587 4587988416 retrain.py:1084] 2019-10-09 17:27:34.934577: Step 1840: Cross entropy = 0.221977
INFO:tensorflow:2019-10-09 17:27:35.001289: Step 1840: Validation accuracy = 61.0% (N=100)
I1009 17:27:35.001332 4587988416 retrain.py:1100] 2019-10-09 17:27:35.001289: Step 1840: Validation accuracy = 61.0% (N=100)
INFO:tensorflow:2019-10-09 17:27:35.603341: Step 1850: Train accuracy = 100.0%
I1009 17:27:35.603394 4587988416 retrain.py:1082] 2019-10-09 17:27:35.603341: Step 1850: Train accuracy = 100.0%
INFO:tensorflow:2019-10-09 17:27:35.603517: Step 1850: Cross entropy = 0.169070
I1009 17:27:35.603526 4587988416 retrain.py:1084] 2019-10-09 17:27:35.603517: Step 1850: Cross entropy = 0.169070
INFO:tensorflow:2019-10-09 17:27:35.665078: Step 1850: Validation accuracy = 64.0% (N=100)
I1009 17:27:35.665122 4587988416 retrain.py:1100] 2019-10-09 17:27:35.665078: Step 1850: Validation accuracy = 64.0% (N=100)
INFO:tensorflow:2019-10-09 17:27:36.277199: Step 1860: Train accuracy = 99.0%
I1009 17:27:36.277256 4587988416 retrain.py:1082] 2019-10-09 17:27:36.277199: Step 1860: Train accuracy = 99.0%
INFO:tensorflow:2019-10-09 17:27:36.277413: Step 1860: Cross entropy = 0.190098
I1009 17:27:36.277429 4587988416 retrain.py:1084] 2019-10-09 17:27:36.277413: Step 1860: Cross entropy = 0.190098
INFO:tensorflow:2019-10-09 17:27:36.343207: Step 1860: Validation accuracy = 51.0% (N=100)
I1009 17:27:36.343261 4587988416 retrain.py:1100] 2019-10-09 17:27:36.343207: Step 1860: Validation accuracy = 51.0% (N=100)
INFO:tensorflow:2019-10-09 17:27:36.932916: Step 1870: Train accuracy = 99.0%
I1009 17:27:36.932975 4587988416 retrain.py:1082] 2019-10-09 17:27:36.932916: Step 1870: Train accuracy = 99.0%
INFO:tensorflow:2019-10-09 17:27:36.933131: Step 1870: Cross entropy = 0.198812
I1009 17:27:36.933150 4587988416 retrain.py:1084] 2019-10-09 17:27:36.933131: Step 1870: Cross entropy = 0.198812
INFO:tensorflow:2019-10-09 17:27:37.000254: Step 1870: Validation accuracy = 41.0% (N=100)
I1009 17:27:37.000298 4587988416 retrain.py:1100] 2019-10-09 17:27:37.000254: Step 1870: Validation accuracy = 41.0% (N=100)
INFO:tensorflow:2019-10-09 17:27:37.603196: Step 1880: Train accuracy = 99.0%
I1009 17:27:37.603240 4587988416 retrain.py:1082] 2019-10-09 17:27:37.603196: Step 1880: Train accuracy = 99.0%
INFO:tensorflow:2019-10-09 17:27:37.603347: Step 1880: Cross entropy = 0.170791
I1009 17:27:37.603356 4587988416 retrain.py:1084] 2019-10-09 17:27:37.603347: Step 1880: Cross entropy = 0.170791
INFO:tensorflow:2019-10-09 17:27:37.662353: Step 1880: Validation accuracy = 70.0% (N=100)
I1009 17:27:37.662397 4587988416 retrain.py:1100] 2019-10-09 17:27:37.662353: Step 1880: Validation accuracy = 70.0% (N=100)
INFO:tensorflow:2019-10-09 17:27:38.215911: Step 1890: Train accuracy = 97.0%
I1009 17:27:38.215955 4587988416 retrain.py:1082] 2019-10-09 17:27:38.215911: Step 1890: Train accuracy = 97.0%
INFO:tensorflow:2019-10-09 17:27:38.216103: Step 1890: Cross entropy = 0.170099
I1009 17:27:38.216113 4587988416 retrain.py:1084] 2019-10-09 17:27:38.216103: Step 1890: Cross entropy = 0.170099
INFO:tensorflow:2019-10-09 17:27:38.272113: Step 1890: Validation accuracy = 63.0% (N=100)
I1009 17:27:38.272164 4587988416 retrain.py:1100] 2019-10-09 17:27:38.272113: Step 1890: Validation accuracy = 63.0% (N=100)
INFO:tensorflow:2019-10-09 17:27:38.833114: Step 1900: Train accuracy = 99.0%
I1009 17:27:38.833191 4587988416 retrain.py:1082] 2019-10-09 17:27:38.833114: Step 1900: Train accuracy = 99.0%
INFO:tensorflow:2019-10-09 17:27:38.833318: Step 1900: Cross entropy = 0.184738
I1009 17:27:38.833343 4587988416 retrain.py:1084] 2019-10-09 17:27:38.833318: Step 1900: Cross entropy = 0.184738
INFO:tensorflow:2019-10-09 17:27:38.889233: Step 1900: Validation accuracy = 50.0% (N=100)
I1009 17:27:38.889281 4587988416 retrain.py:1100] 2019-10-09 17:27:38.889233: Step 1900: Validation accuracy = 50.0% (N=100)
INFO:tensorflow:2019-10-09 17:27:39.481274: Step 1910: Train accuracy = 94.0%
I1009 17:27:39.481333 4587988416 retrain.py:1082] 2019-10-09 17:27:39.481274: Step 1910: Train accuracy = 94.0%
INFO:tensorflow:2019-10-09 17:27:39.481486: Step 1910: Cross entropy = 0.201624
I1009 17:27:39.481503 4587988416 retrain.py:1084] 2019-10-09 17:27:39.481486: Step 1910: Cross entropy = 0.201624
INFO:tensorflow:2019-10-09 17:27:39.547891: Step 1910: Validation accuracy = 45.0% (N=100)
I1009 17:27:39.547935 4587988416 retrain.py:1100] 2019-10-09 17:27:39.547891: Step 1910: Validation accuracy = 45.0% (N=100)
INFO:tensorflow:2019-10-09 17:27:40.139898: Step 1920: Train accuracy = 98.0%
I1009 17:27:40.139941 4587988416 retrain.py:1082] 2019-10-09 17:27:40.139898: Step 1920: Train accuracy = 98.0%
INFO:tensorflow:2019-10-09 17:27:40.140055: Step 1920: Cross entropy = 0.196962
I1009 17:27:40.140064 4587988416 retrain.py:1084] 2019-10-09 17:27:40.140055: Step 1920: Cross entropy = 0.196962
INFO:tensorflow:2019-10-09 17:27:40.206371: Step 1920: Validation accuracy = 63.0% (N=100)
I1009 17:27:40.206415 4587988416 retrain.py:1100] 2019-10-09 17:27:40.206371: Step 1920: Validation accuracy = 63.0% (N=100)
INFO:tensorflow:2019-10-09 17:27:40.812434: Step 1930: Train accuracy = 97.0%
I1009 17:27:40.812479 4587988416 retrain.py:1082] 2019-10-09 17:27:40.812434: Step 1930: Train accuracy = 97.0%
INFO:tensorflow:2019-10-09 17:27:40.812613: Step 1930: Cross entropy = 0.179190
I1009 17:27:40.812624 4587988416 retrain.py:1084] 2019-10-09 17:27:40.812613: Step 1930: Cross entropy = 0.179190
INFO:tensorflow:2019-10-09 17:27:40.878492: Step 1930: Validation accuracy = 55.0% (N=100)
I1009 17:27:40.878546 4587988416 retrain.py:1100] 2019-10-09 17:27:40.878492: Step 1930: Validation accuracy = 55.0% (N=100)
INFO:tensorflow:2019-10-09 17:27:41.476046: Step 1940: Train accuracy = 100.0%
I1009 17:27:41.476090 4587988416 retrain.py:1082] 2019-10-09 17:27:41.476046: Step 1940: Train accuracy = 100.0%
INFO:tensorflow:2019-10-09 17:27:41.476213: Step 1940: Cross entropy = 0.166754
I1009 17:27:41.476227 4587988416 retrain.py:1084] 2019-10-09 17:27:41.476213: Step 1940: Cross entropy = 0.166754
INFO:tensorflow:2019-10-09 17:27:41.545903: Step 1940: Validation accuracy = 57.0% (N=100)
I1009 17:27:41.545947 4587988416 retrain.py:1100] 2019-10-09 17:27:41.545903: Step 1940: Validation accuracy = 57.0% (N=100)
INFO:tensorflow:2019-10-09 17:27:42.138430: Step 1950: Train accuracy = 98.0%
I1009 17:27:42.138473 4587988416 retrain.py:1082] 2019-10-09 17:27:42.138430: Step 1950: Train accuracy = 98.0%
INFO:tensorflow:2019-10-09 17:27:42.138601: Step 1950: Cross entropy = 0.158612
I1009 17:27:42.138618 4587988416 retrain.py:1084] 2019-10-09 17:27:42.138601: Step 1950: Cross entropy = 0.158612
INFO:tensorflow:2019-10-09 17:27:42.205675: Step 1950: Validation accuracy = 59.0% (N=100)
I1009 17:27:42.205749 4587988416 retrain.py:1100] 2019-10-09 17:27:42.205675: Step 1950: Validation accuracy = 59.0% (N=100)
INFO:tensorflow:2019-10-09 17:27:42.815291: Step 1960: Train accuracy = 99.0%
I1009 17:27:42.815334 4587988416 retrain.py:1082] 2019-10-09 17:27:42.815291: Step 1960: Train accuracy = 99.0%
INFO:tensorflow:2019-10-09 17:27:42.815445: Step 1960: Cross entropy = 0.168199
I1009 17:27:42.815455 4587988416 retrain.py:1084] 2019-10-09 17:27:42.815445: Step 1960: Cross entropy = 0.168199
INFO:tensorflow:2019-10-09 17:27:42.882881: Step 1960: Validation accuracy = 68.0% (N=100)
I1009 17:27:42.882938 4587988416 retrain.py:1100] 2019-10-09 17:27:42.882881: Step 1960: Validation accuracy = 68.0% (N=100)
INFO:tensorflow:2019-10-09 17:27:43.499456: Step 1970: Train accuracy = 99.0%
I1009 17:27:43.499511 4587988416 retrain.py:1082] 2019-10-09 17:27:43.499456: Step 1970: Train accuracy = 99.0%
INFO:tensorflow:2019-10-09 17:27:43.499646: Step 1970: Cross entropy = 0.142463
I1009 17:27:43.499655 4587988416 retrain.py:1084] 2019-10-09 17:27:43.499646: Step 1970: Cross entropy = 0.142463
INFO:tensorflow:2019-10-09 17:27:43.563031: Step 1970: Validation accuracy = 58.0% (N=100)
I1009 17:27:43.563075 4587988416 retrain.py:1100] 2019-10-09 17:27:43.563031: Step 1970: Validation accuracy = 58.0% (N=100)
INFO:tensorflow:2019-10-09 17:27:44.162023: Step 1980: Train accuracy = 97.0%
I1009 17:27:44.162078 4587988416 retrain.py:1082] 2019-10-09 17:27:44.162023: Step 1980: Train accuracy = 97.0%
INFO:tensorflow:2019-10-09 17:27:44.162212: Step 1980: Cross entropy = 0.166021
I1009 17:27:44.162223 4587988416 retrain.py:1084] 2019-10-09 17:27:44.162212: Step 1980: Cross entropy = 0.166021
INFO:tensorflow:2019-10-09 17:27:44.233083: Step 1980: Validation accuracy = 69.0% (N=100)
I1009 17:27:44.233126 4587988416 retrain.py:1100] 2019-10-09 17:27:44.233083: Step 1980: Validation accuracy = 69.0% (N=100)
INFO:tensorflow:2019-10-09 17:27:44.790283: Step 1990: Train accuracy = 98.0%
I1009 17:27:44.790328 4587988416 retrain.py:1082] 2019-10-09 17:27:44.790283: Step 1990: Train accuracy = 98.0%
INFO:tensorflow:2019-10-09 17:27:44.790437: Step 1990: Cross entropy = 0.180378
I1009 17:27:44.790446 4587988416 retrain.py:1084] 2019-10-09 17:27:44.790437: Step 1990: Cross entropy = 0.180378
INFO:tensorflow:2019-10-09 17:27:44.845965: Step 1990: Validation accuracy = 59.0% (N=100)
I1009 17:27:44.846014 4587988416 retrain.py:1100] 2019-10-09 17:27:44.845965: Step 1990: Validation accuracy = 59.0% (N=100)
INFO:tensorflow:2019-10-09 17:27:45.453869: Step 2000: Train accuracy = 98.0%
I1009 17:27:45.453912 4587988416 retrain.py:1082] 2019-10-09 17:27:45.453869: Step 2000: Train accuracy = 98.0%
INFO:tensorflow:2019-10-09 17:27:45.454024: Step 2000: Cross entropy = 0.162924
I1009 17:27:45.454032 4587988416 retrain.py:1084] 2019-10-09 17:27:45.454024: Step 2000: Cross entropy = 0.162924
INFO:tensorflow:2019-10-09 17:27:45.519255: Step 2000: Validation accuracy = 61.0% (N=100)
I1009 17:27:45.519315 4587988416 retrain.py:1100] 2019-10-09 17:27:45.519255: Step 2000: Validation accuracy = 61.0% (N=100)
INFO:tensorflow:2019-10-09 17:27:46.121371: Step 2010: Train accuracy = 100.0%
I1009 17:27:46.121415 4587988416 retrain.py:1082] 2019-10-09 17:27:46.121371: Step 2010: Train accuracy = 100.0%
INFO:tensorflow:2019-10-09 17:27:46.121537: Step 2010: Cross entropy = 0.135371
I1009 17:27:46.121549 4587988416 retrain.py:1084] 2019-10-09 17:27:46.121537: Step 2010: Cross entropy = 0.135371
INFO:tensorflow:2019-10-09 17:27:46.191820: Step 2010: Validation accuracy = 49.0% (N=100)
I1009 17:27:46.191867 4587988416 retrain.py:1100] 2019-10-09 17:27:46.191820: Step 2010: Validation accuracy = 49.0% (N=100)
INFO:tensorflow:2019-10-09 17:27:46.796937: Step 2020: Train accuracy = 97.0%
I1009 17:27:46.796982 4587988416 retrain.py:1082] 2019-10-09 17:27:46.796937: Step 2020: Train accuracy = 97.0%
INFO:tensorflow:2019-10-09 17:27:46.797092: Step 2020: Cross entropy = 0.150859
I1009 17:27:46.797103 4587988416 retrain.py:1084] 2019-10-09 17:27:46.797092: Step 2020: Cross entropy = 0.150859
INFO:tensorflow:2019-10-09 17:27:46.860872: Step 2020: Validation accuracy = 61.0% (N=100)
I1009 17:27:46.860915 4587988416 retrain.py:1100] 2019-10-09 17:27:46.860872: Step 2020: Validation accuracy = 61.0% (N=100)
INFO:tensorflow:2019-10-09 17:27:47.470204: Step 2030: Train accuracy = 96.0%
I1009 17:27:47.470248 4587988416 retrain.py:1082] 2019-10-09 17:27:47.470204: Step 2030: Train accuracy = 96.0%
INFO:tensorflow:2019-10-09 17:27:47.470375: Step 2030: Cross entropy = 0.156534
I1009 17:27:47.470393 4587988416 retrain.py:1084] 2019-10-09 17:27:47.470375: Step 2030: Cross entropy = 0.156534
INFO:tensorflow:2019-10-09 17:27:47.538498: Step 2030: Validation accuracy = 59.0% (N=100)
I1009 17:27:47.538542 4587988416 retrain.py:1100] 2019-10-09 17:27:47.538498: Step 2030: Validation accuracy = 59.0% (N=100)
INFO:tensorflow:2019-10-09 17:27:48.133782: Step 2040: Train accuracy = 98.0%
I1009 17:27:48.133846 4587988416 retrain.py:1082] 2019-10-09 17:27:48.133782: Step 2040: Train accuracy = 98.0%
INFO:tensorflow:2019-10-09 17:27:48.133970: Step 2040: Cross entropy = 0.193002
I1009 17:27:48.133987 4587988416 retrain.py:1084] 2019-10-09 17:27:48.133970: Step 2040: Cross entropy = 0.193002
INFO:tensorflow:2019-10-09 17:27:48.202072: Step 2040: Validation accuracy = 53.0% (N=100)
I1009 17:27:48.202128 4587988416 retrain.py:1100] 2019-10-09 17:27:48.202072: Step 2040: Validation accuracy = 53.0% (N=100)
INFO:tensorflow:2019-10-09 17:27:48.795893: Step 2050: Train accuracy = 98.0%
I1009 17:27:48.795951 4587988416 retrain.py:1082] 2019-10-09 17:27:48.795893: Step 2050: Train accuracy = 98.0%
INFO:tensorflow:2019-10-09 17:27:48.796101: Step 2050: Cross entropy = 0.161535
I1009 17:27:48.796118 4587988416 retrain.py:1084] 2019-10-09 17:27:48.796101: Step 2050: Cross entropy = 0.161535
INFO:tensorflow:2019-10-09 17:27:48.859753: Step 2050: Validation accuracy = 60.0% (N=100)
I1009 17:27:48.859797 4587988416 retrain.py:1100] 2019-10-09 17:27:48.859753: Step 2050: Validation accuracy = 60.0% (N=100)
INFO:tensorflow:2019-10-09 17:27:49.455701: Step 2060: Train accuracy = 99.0%
I1009 17:27:49.455744 4587988416 retrain.py:1082] 2019-10-09 17:27:49.455701: Step 2060: Train accuracy = 99.0%
INFO:tensorflow:2019-10-09 17:27:49.455856: Step 2060: Cross entropy = 0.165073
I1009 17:27:49.455866 4587988416 retrain.py:1084] 2019-10-09 17:27:49.455856: Step 2060: Cross entropy = 0.165073
INFO:tensorflow:2019-10-09 17:27:49.516805: Step 2060: Validation accuracy = 61.0% (N=100)
I1009 17:27:49.516850 4587988416 retrain.py:1100] 2019-10-09 17:27:49.516805: Step 2060: Validation accuracy = 61.0% (N=100)
INFO:tensorflow:2019-10-09 17:27:50.116102: Step 2070: Train accuracy = 98.0%
I1009 17:27:50.116148 4587988416 retrain.py:1082] 2019-10-09 17:27:50.116102: Step 2070: Train accuracy = 98.0%
INFO:tensorflow:2019-10-09 17:27:50.116271: Step 2070: Cross entropy = 0.152257
I1009 17:27:50.116287 4587988416 retrain.py:1084] 2019-10-09 17:27:50.116271: Step 2070: Cross entropy = 0.152257
INFO:tensorflow:2019-10-09 17:27:50.178253: Step 2070: Validation accuracy = 60.0% (N=100)
I1009 17:27:50.178308 4587988416 retrain.py:1100] 2019-10-09 17:27:50.178253: Step 2070: Validation accuracy = 60.0% (N=100)
INFO:tensorflow:2019-10-09 17:27:50.790184: Step 2080: Train accuracy = 99.0%
I1009 17:27:50.790227 4587988416 retrain.py:1082] 2019-10-09 17:27:50.790184: Step 2080: Train accuracy = 99.0%
INFO:tensorflow:2019-10-09 17:27:50.790341: Step 2080: Cross entropy = 0.146445
I1009 17:27:50.790354 4587988416 retrain.py:1084] 2019-10-09 17:27:50.790341: Step 2080: Cross entropy = 0.146445
INFO:tensorflow:2019-10-09 17:27:50.856513: Step 2080: Validation accuracy = 55.0% (N=100)
I1009 17:27:50.856560 4587988416 retrain.py:1100] 2019-10-09 17:27:50.856513: Step 2080: Validation accuracy = 55.0% (N=100)
INFO:tensorflow:2019-10-09 17:27:51.449588: Step 2090: Train accuracy = 99.0%
I1009 17:27:51.449630 4587988416 retrain.py:1082] 2019-10-09 17:27:51.449588: Step 2090: Train accuracy = 99.0%
INFO:tensorflow:2019-10-09 17:27:51.449736: Step 2090: Cross entropy = 0.179739
I1009 17:27:51.449746 4587988416 retrain.py:1084] 2019-10-09 17:27:51.449736: Step 2090: Cross entropy = 0.179739
INFO:tensorflow:2019-10-09 17:27:51.511950: Step 2090: Validation accuracy = 52.0% (N=100)
I1009 17:27:51.511994 4587988416 retrain.py:1100] 2019-10-09 17:27:51.511950: Step 2090: Validation accuracy = 52.0% (N=100)
INFO:tensorflow:2019-10-09 17:27:52.107201: Step 2100: Train accuracy = 98.0%
I1009 17:27:52.107244 4587988416 retrain.py:1082] 2019-10-09 17:27:52.107201: Step 2100: Train accuracy = 98.0%
INFO:tensorflow:2019-10-09 17:27:52.107353: Step 2100: Cross entropy = 0.150116
I1009 17:27:52.107362 4587988416 retrain.py:1084] 2019-10-09 17:27:52.107353: Step 2100: Cross entropy = 0.150116
INFO:tensorflow:2019-10-09 17:27:52.167368: Step 2100: Validation accuracy = 59.0% (N=100)
I1009 17:27:52.167413 4587988416 retrain.py:1100] 2019-10-09 17:27:52.167368: Step 2100: Validation accuracy = 59.0% (N=100)
INFO:tensorflow:2019-10-09 17:27:52.770902: Step 2110: Train accuracy = 100.0%
I1009 17:27:52.770959 4587988416 retrain.py:1082] 2019-10-09 17:27:52.770902: Step 2110: Train accuracy = 100.0%
INFO:tensorflow:2019-10-09 17:27:52.771116: Step 2110: Cross entropy = 0.141341
I1009 17:27:52.771131 4587988416 retrain.py:1084] 2019-10-09 17:27:52.771116: Step 2110: Cross entropy = 0.141341
INFO:tensorflow:2019-10-09 17:27:52.837320: Step 2110: Validation accuracy = 56.0% (N=100)
I1009 17:27:52.837378 4587988416 retrain.py:1100] 2019-10-09 17:27:52.837320: Step 2110: Validation accuracy = 56.0% (N=100)
INFO:tensorflow:2019-10-09 17:27:53.433025: Step 2120: Train accuracy = 98.0%
I1009 17:27:53.433070 4587988416 retrain.py:1082] 2019-10-09 17:27:53.433025: Step 2120: Train accuracy = 98.0%
INFO:tensorflow:2019-10-09 17:27:53.433185: Step 2120: Cross entropy = 0.174975
I1009 17:27:53.433197 4587988416 retrain.py:1084] 2019-10-09 17:27:53.433185: Step 2120: Cross entropy = 0.174975
INFO:tensorflow:2019-10-09 17:27:53.501326: Step 2120: Validation accuracy = 57.0% (N=100)
I1009 17:27:53.501370 4587988416 retrain.py:1100] 2019-10-09 17:27:53.501326: Step 2120: Validation accuracy = 57.0% (N=100)
INFO:tensorflow:2019-10-09 17:27:54.097199: Step 2130: Train accuracy = 100.0%
I1009 17:27:54.097253 4587988416 retrain.py:1082] 2019-10-09 17:27:54.097199: Step 2130: Train accuracy = 100.0%
INFO:tensorflow:2019-10-09 17:27:54.097388: Step 2130: Cross entropy = 0.164108
I1009 17:27:54.097398 4587988416 retrain.py:1084] 2019-10-09 17:27:54.097388: Step 2130: Cross entropy = 0.164108
INFO:tensorflow:2019-10-09 17:27:54.161218: Step 2130: Validation accuracy = 60.0% (N=100)
I1009 17:27:54.161262 4587988416 retrain.py:1100] 2019-10-09 17:27:54.161218: Step 2130: Validation accuracy = 60.0% (N=100)
INFO:tensorflow:2019-10-09 17:27:54.752939: Step 2140: Train accuracy = 96.0%
I1009 17:27:54.752983 4587988416 retrain.py:1082] 2019-10-09 17:27:54.752939: Step 2140: Train accuracy = 96.0%
INFO:tensorflow:2019-10-09 17:27:54.753091: Step 2140: Cross entropy = 0.170131
I1009 17:27:54.753101 4587988416 retrain.py:1084] 2019-10-09 17:27:54.753091: Step 2140: Cross entropy = 0.170131
INFO:tensorflow:2019-10-09 17:27:54.815578: Step 2140: Validation accuracy = 64.0% (N=100)
I1009 17:27:54.815622 4587988416 retrain.py:1100] 2019-10-09 17:27:54.815578: Step 2140: Validation accuracy = 64.0% (N=100)
INFO:tensorflow:2019-10-09 17:27:55.412287: Step 2150: Train accuracy = 98.0%
I1009 17:27:55.412342 4587988416 retrain.py:1082] 2019-10-09 17:27:55.412287: Step 2150: Train accuracy = 98.0%
INFO:tensorflow:2019-10-09 17:27:55.412476: Step 2150: Cross entropy = 0.153296
I1009 17:27:55.412485 4587988416 retrain.py:1084] 2019-10-09 17:27:55.412476: Step 2150: Cross entropy = 0.153296
INFO:tensorflow:2019-10-09 17:27:55.476330: Step 2150: Validation accuracy = 67.0% (N=100)
I1009 17:27:55.476383 4587988416 retrain.py:1100] 2019-10-09 17:27:55.476330: Step 2150: Validation accuracy = 67.0% (N=100)
INFO:tensorflow:2019-10-09 17:27:56.070537: Step 2160: Train accuracy = 99.0%
I1009 17:27:56.070595 4587988416 retrain.py:1082] 2019-10-09 17:27:56.070537: Step 2160: Train accuracy = 99.0%
INFO:tensorflow:2019-10-09 17:27:56.070774: Step 2160: Cross entropy = 0.126975
I1009 17:27:56.070793 4587988416 retrain.py:1084] 2019-10-09 17:27:56.070774: Step 2160: Cross entropy = 0.126975
INFO:tensorflow:2019-10-09 17:27:56.138944: Step 2160: Validation accuracy = 60.0% (N=100)
I1009 17:27:56.138992 4587988416 retrain.py:1100] 2019-10-09 17:27:56.138944: Step 2160: Validation accuracy = 60.0% (N=100)
INFO:tensorflow:2019-10-09 17:27:56.733070: Step 2170: Train accuracy = 97.0%
I1009 17:27:56.733116 4587988416 retrain.py:1082] 2019-10-09 17:27:56.733070: Step 2170: Train accuracy = 97.0%
INFO:tensorflow:2019-10-09 17:27:56.733239: Step 2170: Cross entropy = 0.164907
I1009 17:27:56.733255 4587988416 retrain.py:1084] 2019-10-09 17:27:56.733239: Step 2170: Cross entropy = 0.164907
INFO:tensorflow:2019-10-09 17:27:56.801846: Step 2170: Validation accuracy = 63.0% (N=100)
I1009 17:27:56.801890 4587988416 retrain.py:1100] 2019-10-09 17:27:56.801846: Step 2170: Validation accuracy = 63.0% (N=100)
INFO:tensorflow:2019-10-09 17:27:57.359447: Step 2180: Train accuracy = 99.0%
I1009 17:27:57.359503 4587988416 retrain.py:1082] 2019-10-09 17:27:57.359447: Step 2180: Train accuracy = 99.0%
INFO:tensorflow:2019-10-09 17:27:57.359624: Step 2180: Cross entropy = 0.137947
I1009 17:27:57.359634 4587988416 retrain.py:1084] 2019-10-09 17:27:57.359624: Step 2180: Cross entropy = 0.137947
INFO:tensorflow:2019-10-09 17:27:57.415549: Step 2180: Validation accuracy = 57.0% (N=100)
I1009 17:27:57.415599 4587988416 retrain.py:1100] 2019-10-09 17:27:57.415549: Step 2180: Validation accuracy = 57.0% (N=100)
INFO:tensorflow:2019-10-09 17:27:58.016105: Step 2190: Train accuracy = 99.0%
I1009 17:27:58.016173 4587988416 retrain.py:1082] 2019-10-09 17:27:58.016105: Step 2190: Train accuracy = 99.0%
INFO:tensorflow:2019-10-09 17:27:58.016306: Step 2190: Cross entropy = 0.186586
I1009 17:27:58.016315 4587988416 retrain.py:1084] 2019-10-09 17:27:58.016306: Step 2190: Cross entropy = 0.186586
INFO:tensorflow:2019-10-09 17:27:58.079660: Step 2190: Validation accuracy = 47.0% (N=100)
I1009 17:27:58.079714 4587988416 retrain.py:1100] 2019-10-09 17:27:58.079660: Step 2190: Validation accuracy = 47.0% (N=100)
INFO:tensorflow:2019-10-09 17:27:58.678443: Step 2200: Train accuracy = 96.0%
I1009 17:27:58.678493 4587988416 retrain.py:1082] 2019-10-09 17:27:58.678443: Step 2200: Train accuracy = 96.0%
INFO:tensorflow:2019-10-09 17:27:58.678615: Step 2200: Cross entropy = 0.146824
I1009 17:27:58.678630 4587988416 retrain.py:1084] 2019-10-09 17:27:58.678615: Step 2200: Cross entropy = 0.146824
INFO:tensorflow:2019-10-09 17:27:58.743018: Step 2200: Validation accuracy = 55.0% (N=100)
I1009 17:27:58.743076 4587988416 retrain.py:1100] 2019-10-09 17:27:58.743018: Step 2200: Validation accuracy = 55.0% (N=100)
INFO:tensorflow:2019-10-09 17:27:59.337915: Step 2210: Train accuracy = 100.0%
I1009 17:27:59.337964 4587988416 retrain.py:1082] 2019-10-09 17:27:59.337915: Step 2210: Train accuracy = 100.0%
INFO:tensorflow:2019-10-09 17:27:59.338087: Step 2210: Cross entropy = 0.151398
I1009 17:27:59.338099 4587988416 retrain.py:1084] 2019-10-09 17:27:59.338087: Step 2210: Cross entropy = 0.151398
INFO:tensorflow:2019-10-09 17:27:59.406254: Step 2210: Validation accuracy = 66.0% (N=100)
I1009 17:27:59.406309 4587988416 retrain.py:1100] 2019-10-09 17:27:59.406254: Step 2210: Validation accuracy = 66.0% (N=100)
INFO:tensorflow:2019-10-09 17:27:59.997599: Step 2220: Train accuracy = 99.0%
I1009 17:27:59.997642 4587988416 retrain.py:1082] 2019-10-09 17:27:59.997599: Step 2220: Train accuracy = 99.0%
INFO:tensorflow:2019-10-09 17:27:59.997752: Step 2220: Cross entropy = 0.159654
I1009 17:27:59.997761 4587988416 retrain.py:1084] 2019-10-09 17:27:59.997752: Step 2220: Cross entropy = 0.159654
INFO:tensorflow:2019-10-09 17:28:00.062305: Step 2220: Validation accuracy = 62.0% (N=100)
I1009 17:28:00.062349 4587988416 retrain.py:1100] 2019-10-09 17:28:00.062305: Step 2220: Validation accuracy = 62.0% (N=100)
INFO:tensorflow:2019-10-09 17:28:00.664935: Step 2230: Train accuracy = 99.0%
I1009 17:28:00.664990 4587988416 retrain.py:1082] 2019-10-09 17:28:00.664935: Step 2230: Train accuracy = 99.0%
INFO:tensorflow:2019-10-09 17:28:00.665113: Step 2230: Cross entropy = 0.156988
I1009 17:28:00.665124 4587988416 retrain.py:1084] 2019-10-09 17:28:00.665113: Step 2230: Cross entropy = 0.156988
INFO:tensorflow:2019-10-09 17:28:00.727217: Step 2230: Validation accuracy = 53.0% (N=100)
I1009 17:28:00.727265 4587988416 retrain.py:1100] 2019-10-09 17:28:00.727217: Step 2230: Validation accuracy = 53.0% (N=100)
INFO:tensorflow:2019-10-09 17:28:01.328414: Step 2240: Train accuracy = 99.0%
I1009 17:28:01.328459 4587988416 retrain.py:1082] 2019-10-09 17:28:01.328414: Step 2240: Train accuracy = 99.0%
INFO:tensorflow:2019-10-09 17:28:01.328577: Step 2240: Cross entropy = 0.134295
I1009 17:28:01.328590 4587988416 retrain.py:1084] 2019-10-09 17:28:01.328577: Step 2240: Cross entropy = 0.134295
INFO:tensorflow:2019-10-09 17:28:01.399799: Step 2240: Validation accuracy = 62.0% (N=100)
I1009 17:28:01.399854 4587988416 retrain.py:1100] 2019-10-09 17:28:01.399799: Step 2240: Validation accuracy = 62.0% (N=100)
INFO:tensorflow:2019-10-09 17:28:02.002549: Step 2250: Train accuracy = 99.0%
I1009 17:28:02.002593 4587988416 retrain.py:1082] 2019-10-09 17:28:02.002549: Step 2250: Train accuracy = 99.0%
INFO:tensorflow:2019-10-09 17:28:02.002703: Step 2250: Cross entropy = 0.152962
I1009 17:28:02.002713 4587988416 retrain.py:1084] 2019-10-09 17:28:02.002703: Step 2250: Cross entropy = 0.152962
INFO:tensorflow:2019-10-09 17:28:02.064610: Step 2250: Validation accuracy = 71.0% (N=100)
I1009 17:28:02.064655 4587988416 retrain.py:1100] 2019-10-09 17:28:02.064610: Step 2250: Validation accuracy = 71.0% (N=100)
INFO:tensorflow:2019-10-09 17:28:02.662256: Step 2260: Train accuracy = 98.0%
I1009 17:28:02.662312 4587988416 retrain.py:1082] 2019-10-09 17:28:02.662256: Step 2260: Train accuracy = 98.0%
INFO:tensorflow:2019-10-09 17:28:02.662435: Step 2260: Cross entropy = 0.177008
I1009 17:28:02.662446 4587988416 retrain.py:1084] 2019-10-09 17:28:02.662435: Step 2260: Cross entropy = 0.177008
INFO:tensorflow:2019-10-09 17:28:02.727425: Step 2260: Validation accuracy = 51.0% (N=100)
I1009 17:28:02.727474 4587988416 retrain.py:1100] 2019-10-09 17:28:02.727425: Step 2260: Validation accuracy = 51.0% (N=100)
INFO:tensorflow:2019-10-09 17:28:03.329164: Step 2270: Train accuracy = 99.0%
I1009 17:28:03.329209 4587988416 retrain.py:1082] 2019-10-09 17:28:03.329164: Step 2270: Train accuracy = 99.0%
INFO:tensorflow:2019-10-09 17:28:03.329332: Step 2270: Cross entropy = 0.170903
I1009 17:28:03.329349 4587988416 retrain.py:1084] 2019-10-09 17:28:03.329332: Step 2270: Cross entropy = 0.170903
INFO:tensorflow:2019-10-09 17:28:03.397946: Step 2270: Validation accuracy = 52.0% (N=100)
I1009 17:28:03.397989 4587988416 retrain.py:1100] 2019-10-09 17:28:03.397946: Step 2270: Validation accuracy = 52.0% (N=100)
INFO:tensorflow:2019-10-09 17:28:03.998187: Step 2280: Train accuracy = 97.0%
I1009 17:28:03.998230 4587988416 retrain.py:1082] 2019-10-09 17:28:03.998187: Step 2280: Train accuracy = 97.0%
INFO:tensorflow:2019-10-09 17:28:03.998339: Step 2280: Cross entropy = 0.191501
I1009 17:28:03.998348 4587988416 retrain.py:1084] 2019-10-09 17:28:03.998339: Step 2280: Cross entropy = 0.191501
INFO:tensorflow:2019-10-09 17:28:04.057153: Step 2280: Validation accuracy = 58.0% (N=100)
I1009 17:28:04.057198 4587988416 retrain.py:1100] 2019-10-09 17:28:04.057153: Step 2280: Validation accuracy = 58.0% (N=100)
INFO:tensorflow:2019-10-09 17:28:04.659672: Step 2290: Train accuracy = 98.0%
I1009 17:28:04.659716 4587988416 retrain.py:1082] 2019-10-09 17:28:04.659672: Step 2290: Train accuracy = 98.0%
INFO:tensorflow:2019-10-09 17:28:04.659824: Step 2290: Cross entropy = 0.163367
I1009 17:28:04.659834 4587988416 retrain.py:1084] 2019-10-09 17:28:04.659824: Step 2290: Cross entropy = 0.163367
INFO:tensorflow:2019-10-09 17:28:04.717054: Step 2290: Validation accuracy = 61.0% (N=100)
I1009 17:28:04.717101 4587988416 retrain.py:1100] 2019-10-09 17:28:04.717054: Step 2290: Validation accuracy = 61.0% (N=100)
INFO:tensorflow:2019-10-09 17:28:05.305620: Step 2300: Train accuracy = 99.0%
I1009 17:28:05.305665 4587988416 retrain.py:1082] 2019-10-09 17:28:05.305620: Step 2300: Train accuracy = 99.0%
INFO:tensorflow:2019-10-09 17:28:05.305774: Step 2300: Cross entropy = 0.169671
I1009 17:28:05.305783 4587988416 retrain.py:1084] 2019-10-09 17:28:05.305774: Step 2300: Cross entropy = 0.169671
INFO:tensorflow:2019-10-09 17:28:05.368199: Step 2300: Validation accuracy = 57.0% (N=100)
I1009 17:28:05.368244 4587988416 retrain.py:1100] 2019-10-09 17:28:05.368199: Step 2300: Validation accuracy = 57.0% (N=100)
INFO:tensorflow:2019-10-09 17:28:05.977627: Step 2310: Train accuracy = 100.0%
I1009 17:28:05.977680 4587988416 retrain.py:1082] 2019-10-09 17:28:05.977627: Step 2310: Train accuracy = 100.0%
INFO:tensorflow:2019-10-09 17:28:05.977826: Step 2310: Cross entropy = 0.146862
I1009 17:28:05.977841 4587988416 retrain.py:1084] 2019-10-09 17:28:05.977826: Step 2310: Cross entropy = 0.146862
INFO:tensorflow:2019-10-09 17:28:06.047422: Step 2310: Validation accuracy = 64.0% (N=100)
I1009 17:28:06.047466 4587988416 retrain.py:1100] 2019-10-09 17:28:06.047422: Step 2310: Validation accuracy = 64.0% (N=100)
INFO:tensorflow:2019-10-09 17:28:06.643998: Step 2320: Train accuracy = 99.0%
I1009 17:28:06.644042 4587988416 retrain.py:1082] 2019-10-09 17:28:06.643998: Step 2320: Train accuracy = 99.0%
INFO:tensorflow:2019-10-09 17:28:06.644169: Step 2320: Cross entropy = 0.140491
I1009 17:28:06.644183 4587988416 retrain.py:1084] 2019-10-09 17:28:06.644169: Step 2320: Cross entropy = 0.140491
INFO:tensorflow:2019-10-09 17:28:06.707685: Step 2320: Validation accuracy = 53.0% (N=100)
I1009 17:28:06.707731 4587988416 retrain.py:1100] 2019-10-09 17:28:06.707685: Step 2320: Validation accuracy = 53.0% (N=100)
INFO:tensorflow:2019-10-09 17:28:07.303106: Step 2330: Train accuracy = 99.0%
I1009 17:28:07.303162 4587988416 retrain.py:1082] 2019-10-09 17:28:07.303106: Step 2330: Train accuracy = 99.0%
INFO:tensorflow:2019-10-09 17:28:07.303301: Step 2330: Cross entropy = 0.170587
I1009 17:28:07.303312 4587988416 retrain.py:1084] 2019-10-09 17:28:07.303301: Step 2330: Cross entropy = 0.170587
INFO:tensorflow:2019-10-09 17:28:07.365123: Step 2330: Validation accuracy = 60.0% (N=100)
I1009 17:28:07.365167 4587988416 retrain.py:1100] 2019-10-09 17:28:07.365123: Step 2330: Validation accuracy = 60.0% (N=100)
INFO:tensorflow:2019-10-09 17:28:07.969543: Step 2340: Train accuracy = 98.0%
I1009 17:28:07.969588 4587988416 retrain.py:1082] 2019-10-09 17:28:07.969543: Step 2340: Train accuracy = 98.0%
INFO:tensorflow:2019-10-09 17:28:07.969705: Step 2340: Cross entropy = 0.150852
I1009 17:28:07.969717 4587988416 retrain.py:1084] 2019-10-09 17:28:07.969705: Step 2340: Cross entropy = 0.150852
INFO:tensorflow:2019-10-09 17:28:08.030434: Step 2340: Validation accuracy = 51.0% (N=100)
I1009 17:28:08.030494 4587988416 retrain.py:1100] 2019-10-09 17:28:08.030434: Step 2340: Validation accuracy = 51.0% (N=100)
INFO:tensorflow:2019-10-09 17:28:08.643706: Step 2350: Train accuracy = 100.0%
I1009 17:28:08.643749 4587988416 retrain.py:1082] 2019-10-09 17:28:08.643706: Step 2350: Train accuracy = 100.0%
INFO:tensorflow:2019-10-09 17:28:08.643859: Step 2350: Cross entropy = 0.156279
I1009 17:28:08.643869 4587988416 retrain.py:1084] 2019-10-09 17:28:08.643859: Step 2350: Cross entropy = 0.156279
INFO:tensorflow:2019-10-09 17:28:08.700633: Step 2350: Validation accuracy = 57.0% (N=100)
I1009 17:28:08.700678 4587988416 retrain.py:1100] 2019-10-09 17:28:08.700633: Step 2350: Validation accuracy = 57.0% (N=100)
INFO:tensorflow:2019-10-09 17:28:09.302398: Step 2360: Train accuracy = 100.0%
I1009 17:28:09.302440 4587988416 retrain.py:1082] 2019-10-09 17:28:09.302398: Step 2360: Train accuracy = 100.0%
INFO:tensorflow:2019-10-09 17:28:09.302549: Step 2360: Cross entropy = 0.136358
I1009 17:28:09.302560 4587988416 retrain.py:1084] 2019-10-09 17:28:09.302549: Step 2360: Cross entropy = 0.136358
INFO:tensorflow:2019-10-09 17:28:09.365677: Step 2360: Validation accuracy = 55.0% (N=100)
I1009 17:28:09.365720 4587988416 retrain.py:1100] 2019-10-09 17:28:09.365677: Step 2360: Validation accuracy = 55.0% (N=100)
INFO:tensorflow:2019-10-09 17:28:09.961284: Step 2370: Train accuracy = 100.0%
I1009 17:28:09.961353 4587988416 retrain.py:1082] 2019-10-09 17:28:09.961284: Step 2370: Train accuracy = 100.0%
INFO:tensorflow:2019-10-09 17:28:09.961487: Step 2370: Cross entropy = 0.138721
I1009 17:28:09.961498 4587988416 retrain.py:1084] 2019-10-09 17:28:09.961487: Step 2370: Cross entropy = 0.138721
INFO:tensorflow:2019-10-09 17:28:10.025379: Step 2370: Validation accuracy = 49.0% (N=100)
I1009 17:28:10.025424 4587988416 retrain.py:1100] 2019-10-09 17:28:10.025379: Step 2370: Validation accuracy = 49.0% (N=100)
INFO:tensorflow:2019-10-09 17:28:10.626353: Step 2380: Train accuracy = 100.0%
I1009 17:28:10.626405 4587988416 retrain.py:1082] 2019-10-09 17:28:10.626353: Step 2380: Train accuracy = 100.0%
INFO:tensorflow:2019-10-09 17:28:10.626561: Step 2380: Cross entropy = 0.130785
I1009 17:28:10.626577 4587988416 retrain.py:1084] 2019-10-09 17:28:10.626561: Step 2380: Cross entropy = 0.130785
INFO:tensorflow:2019-10-09 17:28:10.696298: Step 2380: Validation accuracy = 57.0% (N=100)
I1009 17:28:10.696344 4587988416 retrain.py:1100] 2019-10-09 17:28:10.696298: Step 2380: Validation accuracy = 57.0% (N=100)
INFO:tensorflow:2019-10-09 17:28:11.280138: Step 2390: Train accuracy = 98.0%
I1009 17:28:11.280182 4587988416 retrain.py:1082] 2019-10-09 17:28:11.280138: Step 2390: Train accuracy = 98.0%
INFO:tensorflow:2019-10-09 17:28:11.280290: Step 2390: Cross entropy = 0.148910
I1009 17:28:11.280300 4587988416 retrain.py:1084] 2019-10-09 17:28:11.280290: Step 2390: Cross entropy = 0.148910
INFO:tensorflow:2019-10-09 17:28:11.336463: Step 2390: Validation accuracy = 53.0% (N=100)
I1009 17:28:11.336513 4587988416 retrain.py:1100] 2019-10-09 17:28:11.336463: Step 2390: Validation accuracy = 53.0% (N=100)
INFO:tensorflow:2019-10-09 17:28:11.911738: Step 2400: Train accuracy = 100.0%
I1009 17:28:11.911794 4587988416 retrain.py:1082] 2019-10-09 17:28:11.911738: Step 2400: Train accuracy = 100.0%
INFO:tensorflow:2019-10-09 17:28:11.911917: Step 2400: Cross entropy = 0.139762
I1009 17:28:11.911947 4587988416 retrain.py:1084] 2019-10-09 17:28:11.911917: Step 2400: Cross entropy = 0.139762
INFO:tensorflow:2019-10-09 17:28:11.973796: Step 2400: Validation accuracy = 57.0% (N=100)
I1009 17:28:11.973850 4587988416 retrain.py:1100] 2019-10-09 17:28:11.973796: Step 2400: Validation accuracy = 57.0% (N=100)
INFO:tensorflow:2019-10-09 17:28:12.586071: Step 2410: Train accuracy = 98.0%
I1009 17:28:12.586115 4587988416 retrain.py:1082] 2019-10-09 17:28:12.586071: Step 2410: Train accuracy = 98.0%
INFO:tensorflow:2019-10-09 17:28:12.586224: Step 2410: Cross entropy = 0.137802
I1009 17:28:12.586234 4587988416 retrain.py:1084] 2019-10-09 17:28:12.586224: Step 2410: Cross entropy = 0.137802
INFO:tensorflow:2019-10-09 17:28:12.647829: Step 2410: Validation accuracy = 60.0% (N=100)
I1009 17:28:12.647875 4587988416 retrain.py:1100] 2019-10-09 17:28:12.647829: Step 2410: Validation accuracy = 60.0% (N=100)
INFO:tensorflow:2019-10-09 17:28:13.264081: Step 2420: Train accuracy = 99.0%
I1009 17:28:13.264137 4587988416 retrain.py:1082] 2019-10-09 17:28:13.264081: Step 2420: Train accuracy = 99.0%
INFO:tensorflow:2019-10-09 17:28:13.264273: Step 2420: Cross entropy = 0.162380
I1009 17:28:13.264282 4587988416 retrain.py:1084] 2019-10-09 17:28:13.264273: Step 2420: Cross entropy = 0.162380
INFO:tensorflow:2019-10-09 17:28:13.324961: Step 2420: Validation accuracy = 57.0% (N=100)
I1009 17:28:13.325007 4587988416 retrain.py:1100] 2019-10-09 17:28:13.324961: Step 2420: Validation accuracy = 57.0% (N=100)
INFO:tensorflow:2019-10-09 17:28:13.923718: Step 2430: Train accuracy = 99.0%
I1009 17:28:13.923764 4587988416 retrain.py:1082] 2019-10-09 17:28:13.923718: Step 2430: Train accuracy = 99.0%
INFO:tensorflow:2019-10-09 17:28:13.923885: Step 2430: Cross entropy = 0.154087
I1009 17:28:13.923898 4587988416 retrain.py:1084] 2019-10-09 17:28:13.923885: Step 2430: Cross entropy = 0.154087
INFO:tensorflow:2019-10-09 17:28:13.994150: Step 2430: Validation accuracy = 57.0% (N=100)
I1009 17:28:13.994204 4587988416 retrain.py:1100] 2019-10-09 17:28:13.994150: Step 2430: Validation accuracy = 57.0% (N=100)
INFO:tensorflow:2019-10-09 17:28:14.595749: Step 2440: Train accuracy = 100.0%
I1009 17:28:14.595793 4587988416 retrain.py:1082] 2019-10-09 17:28:14.595749: Step 2440: Train accuracy = 100.0%
INFO:tensorflow:2019-10-09 17:28:14.595913: Step 2440: Cross entropy = 0.134732
I1009 17:28:14.595927 4587988416 retrain.py:1084] 2019-10-09 17:28:14.595913: Step 2440: Cross entropy = 0.134732
INFO:tensorflow:2019-10-09 17:28:14.660007: Step 2440: Validation accuracy = 56.0% (N=100)
I1009 17:28:14.660052 4587988416 retrain.py:1100] 2019-10-09 17:28:14.660007: Step 2440: Validation accuracy = 56.0% (N=100)
INFO:tensorflow:2019-10-09 17:28:15.260449: Step 2450: Train accuracy = 99.0%
I1009 17:28:15.260505 4587988416 retrain.py:1082] 2019-10-09 17:28:15.260449: Step 2450: Train accuracy = 99.0%
INFO:tensorflow:2019-10-09 17:28:15.260642: Step 2450: Cross entropy = 0.135465
I1009 17:28:15.260665 4587988416 retrain.py:1084] 2019-10-09 17:28:15.260642: Step 2450: Cross entropy = 0.135465
INFO:tensorflow:2019-10-09 17:28:15.325370: Step 2450: Validation accuracy = 49.0% (N=100)
I1009 17:28:15.325414 4587988416 retrain.py:1100] 2019-10-09 17:28:15.325370: Step 2450: Validation accuracy = 49.0% (N=100)
INFO:tensorflow:2019-10-09 17:28:15.929960: Step 2460: Train accuracy = 99.0%
I1009 17:28:15.930020 4587988416 retrain.py:1082] 2019-10-09 17:28:15.929960: Step 2460: Train accuracy = 99.0%
INFO:tensorflow:2019-10-09 17:28:15.930179: Step 2460: Cross entropy = 0.130420
I1009 17:28:15.930194 4587988416 retrain.py:1084] 2019-10-09 17:28:15.930179: Step 2460: Cross entropy = 0.130420
INFO:tensorflow:2019-10-09 17:28:15.999393: Step 2460: Validation accuracy = 57.0% (N=100)
I1009 17:28:15.999440 4587988416 retrain.py:1100] 2019-10-09 17:28:15.999393: Step 2460: Validation accuracy = 57.0% (N=100)
INFO:tensorflow:2019-10-09 17:28:16.608082: Step 2470: Train accuracy = 99.0%
I1009 17:28:16.608125 4587988416 retrain.py:1082] 2019-10-09 17:28:16.608082: Step 2470: Train accuracy = 99.0%
INFO:tensorflow:2019-10-09 17:28:16.608261: Step 2470: Cross entropy = 0.152454
I1009 17:28:16.608271 4587988416 retrain.py:1084] 2019-10-09 17:28:16.608261: Step 2470: Cross entropy = 0.152454
INFO:tensorflow:2019-10-09 17:28:16.672197: Step 2470: Validation accuracy = 60.0% (N=100)
I1009 17:28:16.672253 4587988416 retrain.py:1100] 2019-10-09 17:28:16.672197: Step 2470: Validation accuracy = 60.0% (N=100)
INFO:tensorflow:2019-10-09 17:28:17.276118: Step 2480: Train accuracy = 98.0%
I1009 17:28:17.276164 4587988416 retrain.py:1082] 2019-10-09 17:28:17.276118: Step 2480: Train accuracy = 98.0%
INFO:tensorflow:2019-10-09 17:28:17.276283: Step 2480: Cross entropy = 0.144927
I1009 17:28:17.276296 4587988416 retrain.py:1084] 2019-10-09 17:28:17.276283: Step 2480: Cross entropy = 0.144927
INFO:tensorflow:2019-10-09 17:28:17.345201: Step 2480: Validation accuracy = 59.0% (N=100)
I1009 17:28:17.345244 4587988416 retrain.py:1100] 2019-10-09 17:28:17.345201: Step 2480: Validation accuracy = 59.0% (N=100)
INFO:tensorflow:2019-10-09 17:28:17.945324: Step 2490: Train accuracy = 100.0%
I1009 17:28:17.945370 4587988416 retrain.py:1082] 2019-10-09 17:28:17.945324: Step 2490: Train accuracy = 100.0%
INFO:tensorflow:2019-10-09 17:28:17.945480: Step 2490: Cross entropy = 0.167973
I1009 17:28:17.945490 4587988416 retrain.py:1084] 2019-10-09 17:28:17.945480: Step 2490: Cross entropy = 0.167973
INFO:tensorflow:2019-10-09 17:28:18.010299: Step 2490: Validation accuracy = 66.0% (N=100)
I1009 17:28:18.010342 4587988416 retrain.py:1100] 2019-10-09 17:28:18.010299: Step 2490: Validation accuracy = 66.0% (N=100)
INFO:tensorflow:2019-10-09 17:28:18.610754: Step 2500: Train accuracy = 97.0%
I1009 17:28:18.610809 4587988416 retrain.py:1082] 2019-10-09 17:28:18.610754: Step 2500: Train accuracy = 97.0%
INFO:tensorflow:2019-10-09 17:28:18.610943: Step 2500: Cross entropy = 0.157010
I1009 17:28:18.610952 4587988416 retrain.py:1084] 2019-10-09 17:28:18.610943: Step 2500: Cross entropy = 0.157010
INFO:tensorflow:2019-10-09 17:28:18.676177: Step 2500: Validation accuracy = 65.0% (N=100)
I1009 17:28:18.676223 4587988416 retrain.py:1100] 2019-10-09 17:28:18.676177: Step 2500: Validation accuracy = 65.0% (N=100)
INFO:tensorflow:2019-10-09 17:28:19.281337: Step 2510: Train accuracy = 98.0%
I1009 17:28:19.281381 4587988416 retrain.py:1082] 2019-10-09 17:28:19.281337: Step 2510: Train accuracy = 98.0%
INFO:tensorflow:2019-10-09 17:28:19.281531: Step 2510: Cross entropy = 0.160148
I1009 17:28:19.281547 4587988416 retrain.py:1084] 2019-10-09 17:28:19.281531: Step 2510: Cross entropy = 0.160148
INFO:tensorflow:2019-10-09 17:28:19.350890: Step 2510: Validation accuracy = 50.0% (N=100)
I1009 17:28:19.350934 4587988416 retrain.py:1100] 2019-10-09 17:28:19.350890: Step 2510: Validation accuracy = 50.0% (N=100)
INFO:tensorflow:2019-10-09 17:28:19.952174: Step 2520: Train accuracy = 99.0%
I1009 17:28:19.952230 4587988416 retrain.py:1082] 2019-10-09 17:28:19.952174: Step 2520: Train accuracy = 99.0%
INFO:tensorflow:2019-10-09 17:28:19.952388: Step 2520: Cross entropy = 0.130270
I1009 17:28:19.952398 4587988416 retrain.py:1084] 2019-10-09 17:28:19.952388: Step 2520: Cross entropy = 0.130270
INFO:tensorflow:2019-10-09 17:28:20.015646: Step 2520: Validation accuracy = 51.0% (N=100)
I1009 17:28:20.015702 4587988416 retrain.py:1100] 2019-10-09 17:28:20.015646: Step 2520: Validation accuracy = 51.0% (N=100)
INFO:tensorflow:2019-10-09 17:28:20.576668: Step 2530: Train accuracy = 100.0%
I1009 17:28:20.576711 4587988416 retrain.py:1082] 2019-10-09 17:28:20.576668: Step 2530: Train accuracy = 100.0%
INFO:tensorflow:2019-10-09 17:28:20.576818: Step 2530: Cross entropy = 0.120980
I1009 17:28:20.576826 4587988416 retrain.py:1084] 2019-10-09 17:28:20.576818: Step 2530: Cross entropy = 0.120980
INFO:tensorflow:2019-10-09 17:28:20.632599: Step 2530: Validation accuracy = 54.0% (N=100)
I1009 17:28:20.632648 4587988416 retrain.py:1100] 2019-10-09 17:28:20.632599: Step 2530: Validation accuracy = 54.0% (N=100)
INFO:tensorflow:2019-10-09 17:28:21.238537: Step 2540: Train accuracy = 99.0%
I1009 17:28:21.238579 4587988416 retrain.py:1082] 2019-10-09 17:28:21.238537: Step 2540: Train accuracy = 99.0%
INFO:tensorflow:2019-10-09 17:28:21.238692: Step 2540: Cross entropy = 0.136779
I1009 17:28:21.238704 4587988416 retrain.py:1084] 2019-10-09 17:28:21.238692: Step 2540: Cross entropy = 0.136779
INFO:tensorflow:2019-10-09 17:28:21.305897: Step 2540: Validation accuracy = 58.0% (N=100)
I1009 17:28:21.305942 4587988416 retrain.py:1100] 2019-10-09 17:28:21.305897: Step 2540: Validation accuracy = 58.0% (N=100)
INFO:tensorflow:2019-10-09 17:28:21.909703: Step 2550: Train accuracy = 99.0%
I1009 17:28:21.909748 4587988416 retrain.py:1082] 2019-10-09 17:28:21.909703: Step 2550: Train accuracy = 99.0%
INFO:tensorflow:2019-10-09 17:28:21.909884: Step 2550: Cross entropy = 0.131843
I1009 17:28:21.909893 4587988416 retrain.py:1084] 2019-10-09 17:28:21.909884: Step 2550: Cross entropy = 0.131843
INFO:tensorflow:2019-10-09 17:28:21.974846: Step 2550: Validation accuracy = 61.0% (N=100)
I1009 17:28:21.974900 4587988416 retrain.py:1100] 2019-10-09 17:28:21.974846: Step 2550: Validation accuracy = 61.0% (N=100)
INFO:tensorflow:2019-10-09 17:28:22.582518: Step 2560: Train accuracy = 98.0%
I1009 17:28:22.582576 4587988416 retrain.py:1082] 2019-10-09 17:28:22.582518: Step 2560: Train accuracy = 98.0%
INFO:tensorflow:2019-10-09 17:28:22.582728: Step 2560: Cross entropy = 0.175053
I1009 17:28:22.582744 4587988416 retrain.py:1084] 2019-10-09 17:28:22.582728: Step 2560: Cross entropy = 0.175053
INFO:tensorflow:2019-10-09 17:28:22.650417: Step 2560: Validation accuracy = 58.0% (N=100)
I1009 17:28:22.650462 4587988416 retrain.py:1100] 2019-10-09 17:28:22.650417: Step 2560: Validation accuracy = 58.0% (N=100)
INFO:tensorflow:2019-10-09 17:28:23.254292: Step 2570: Train accuracy = 98.0%
I1009 17:28:23.254348 4587988416 retrain.py:1082] 2019-10-09 17:28:23.254292: Step 2570: Train accuracy = 98.0%
INFO:tensorflow:2019-10-09 17:28:23.254483: Step 2570: Cross entropy = 0.148925
I1009 17:28:23.254493 4587988416 retrain.py:1084] 2019-10-09 17:28:23.254483: Step 2570: Cross entropy = 0.148925
INFO:tensorflow:2019-10-09 17:28:23.316146: Step 2570: Validation accuracy = 51.0% (N=100)
I1009 17:28:23.316204 4587988416 retrain.py:1100] 2019-10-09 17:28:23.316146: Step 2570: Validation accuracy = 51.0% (N=100)
INFO:tensorflow:2019-10-09 17:28:23.921979: Step 2580: Train accuracy = 97.0%
I1009 17:28:23.922028 4587988416 retrain.py:1082] 2019-10-09 17:28:23.921979: Step 2580: Train accuracy = 97.0%
INFO:tensorflow:2019-10-09 17:28:23.922148: Step 2580: Cross entropy = 0.189759
I1009 17:28:23.922163 4587988416 retrain.py:1084] 2019-10-09 17:28:23.922148: Step 2580: Cross entropy = 0.189759
INFO:tensorflow:2019-10-09 17:28:23.991531: Step 2580: Validation accuracy = 63.0% (N=100)
I1009 17:28:23.991580 4587988416 retrain.py:1100] 2019-10-09 17:28:23.991531: Step 2580: Validation accuracy = 63.0% (N=100)
INFO:tensorflow:2019-10-09 17:28:24.595119: Step 2590: Train accuracy = 99.0%
I1009 17:28:24.595162 4587988416 retrain.py:1082] 2019-10-09 17:28:24.595119: Step 2590: Train accuracy = 99.0%
INFO:tensorflow:2019-10-09 17:28:24.595277: Step 2590: Cross entropy = 0.144216
I1009 17:28:24.595288 4587988416 retrain.py:1084] 2019-10-09 17:28:24.595277: Step 2590: Cross entropy = 0.144216
INFO:tensorflow:2019-10-09 17:28:24.660582: Step 2590: Validation accuracy = 55.0% (N=100)
I1009 17:28:24.660626 4587988416 retrain.py:1100] 2019-10-09 17:28:24.660582: Step 2590: Validation accuracy = 55.0% (N=100)
INFO:tensorflow:2019-10-09 17:28:25.263446: Step 2600: Train accuracy = 100.0%
I1009 17:28:25.263492 4587988416 retrain.py:1082] 2019-10-09 17:28:25.263446: Step 2600: Train accuracy = 100.0%
INFO:tensorflow:2019-10-09 17:28:25.263600: Step 2600: Cross entropy = 0.143727
I1009 17:28:25.263611 4587988416 retrain.py:1084] 2019-10-09 17:28:25.263600: Step 2600: Cross entropy = 0.143727
INFO:tensorflow:2019-10-09 17:28:25.327370: Step 2600: Validation accuracy = 63.0% (N=100)
I1009 17:28:25.327427 4587988416 retrain.py:1100] 2019-10-09 17:28:25.327370: Step 2600: Validation accuracy = 63.0% (N=100)
INFO:tensorflow:2019-10-09 17:28:25.933983: Step 2610: Train accuracy = 99.0%
I1009 17:28:25.934032 4587988416 retrain.py:1082] 2019-10-09 17:28:25.933983: Step 2610: Train accuracy = 99.0%
INFO:tensorflow:2019-10-09 17:28:25.934177: Step 2610: Cross entropy = 0.160666
I1009 17:28:25.934195 4587988416 retrain.py:1084] 2019-10-09 17:28:25.934177: Step 2610: Cross entropy = 0.160666
INFO:tensorflow:2019-10-09 17:28:26.003785: Step 2610: Validation accuracy = 55.0% (N=100)
I1009 17:28:26.003840 4587988416 retrain.py:1100] 2019-10-09 17:28:26.003785: Step 2610: Validation accuracy = 55.0% (N=100)
INFO:tensorflow:2019-10-09 17:28:26.602208: Step 2620: Train accuracy = 99.0%
I1009 17:28:26.602252 4587988416 retrain.py:1082] 2019-10-09 17:28:26.602208: Step 2620: Train accuracy = 99.0%
INFO:tensorflow:2019-10-09 17:28:26.602358: Step 2620: Cross entropy = 0.153233
I1009 17:28:26.602368 4587988416 retrain.py:1084] 2019-10-09 17:28:26.602358: Step 2620: Cross entropy = 0.153233
INFO:tensorflow:2019-10-09 17:28:26.666249: Step 2620: Validation accuracy = 53.0% (N=100)
I1009 17:28:26.666308 4587988416 retrain.py:1100] 2019-10-09 17:28:26.666249: Step 2620: Validation accuracy = 53.0% (N=100)
INFO:tensorflow:2019-10-09 17:28:27.269526: Step 2630: Train accuracy = 100.0%
I1009 17:28:27.269583 4587988416 retrain.py:1082] 2019-10-09 17:28:27.269526: Step 2630: Train accuracy = 100.0%
INFO:tensorflow:2019-10-09 17:28:27.269738: Step 2630: Cross entropy = 0.127559
I1009 17:28:27.269754 4587988416 retrain.py:1084] 2019-10-09 17:28:27.269738: Step 2630: Cross entropy = 0.127559
INFO:tensorflow:2019-10-09 17:28:27.335909: Step 2630: Validation accuracy = 59.0% (N=100)
I1009 17:28:27.335953 4587988416 retrain.py:1100] 2019-10-09 17:28:27.335909: Step 2630: Validation accuracy = 59.0% (N=100)
INFO:tensorflow:2019-10-09 17:28:27.946708: Step 2640: Train accuracy = 99.0%
I1009 17:28:27.946763 4587988416 retrain.py:1082] 2019-10-09 17:28:27.946708: Step 2640: Train accuracy = 99.0%
INFO:tensorflow:2019-10-09 17:28:27.946886: Step 2640: Cross entropy = 0.130338
I1009 17:28:27.946895 4587988416 retrain.py:1084] 2019-10-09 17:28:27.946886: Step 2640: Cross entropy = 0.130338
INFO:tensorflow:2019-10-09 17:28:28.010616: Step 2640: Validation accuracy = 63.0% (N=100)
I1009 17:28:28.010660 4587988416 retrain.py:1100] 2019-10-09 17:28:28.010616: Step 2640: Validation accuracy = 63.0% (N=100)
INFO:tensorflow:2019-10-09 17:28:28.612860: Step 2650: Train accuracy = 99.0%
I1009 17:28:28.612915 4587988416 retrain.py:1082] 2019-10-09 17:28:28.612860: Step 2650: Train accuracy = 99.0%
INFO:tensorflow:2019-10-09 17:28:28.613051: Step 2650: Cross entropy = 0.151993
I1009 17:28:28.613059 4587988416 retrain.py:1084] 2019-10-09 17:28:28.613051: Step 2650: Cross entropy = 0.151993
INFO:tensorflow:2019-10-09 17:28:28.679535: Step 2650: Validation accuracy = 54.0% (N=100)
I1009 17:28:28.679579 4587988416 retrain.py:1100] 2019-10-09 17:28:28.679535: Step 2650: Validation accuracy = 54.0% (N=100)
INFO:tensorflow:2019-10-09 17:28:29.283647: Step 2660: Train accuracy = 98.0%
I1009 17:28:29.283692 4587988416 retrain.py:1082] 2019-10-09 17:28:29.283647: Step 2660: Train accuracy = 98.0%
INFO:tensorflow:2019-10-09 17:28:29.283810: Step 2660: Cross entropy = 0.145642
I1009 17:28:29.283824 4587988416 retrain.py:1084] 2019-10-09 17:28:29.283810: Step 2660: Cross entropy = 0.145642
INFO:tensorflow:2019-10-09 17:28:29.353446: Step 2660: Validation accuracy = 62.0% (N=100)
I1009 17:28:29.353502 4587988416 retrain.py:1100] 2019-10-09 17:28:29.353446: Step 2660: Validation accuracy = 62.0% (N=100)
INFO:tensorflow:2019-10-09 17:28:29.949903: Step 2670: Train accuracy = 100.0%
I1009 17:28:29.949958 4587988416 retrain.py:1082] 2019-10-09 17:28:29.949903: Step 2670: Train accuracy = 100.0%
INFO:tensorflow:2019-10-09 17:28:29.950081: Step 2670: Cross entropy = 0.123568
I1009 17:28:29.950091 4587988416 retrain.py:1084] 2019-10-09 17:28:29.950081: Step 2670: Cross entropy = 0.123568
INFO:tensorflow:2019-10-09 17:28:30.013058: Step 2670: Validation accuracy = 49.0% (N=100)
I1009 17:28:30.013101 4587988416 retrain.py:1100] 2019-10-09 17:28:30.013058: Step 2670: Validation accuracy = 49.0% (N=100)
INFO:tensorflow:2019-10-09 17:28:30.612042: Step 2680: Train accuracy = 98.0%
I1009 17:28:30.612100 4587988416 retrain.py:1082] 2019-10-09 17:28:30.612042: Step 2680: Train accuracy = 98.0%
INFO:tensorflow:2019-10-09 17:28:30.612221: Step 2680: Cross entropy = 0.149588
I1009 17:28:30.612231 4587988416 retrain.py:1084] 2019-10-09 17:28:30.612221: Step 2680: Cross entropy = 0.149588
INFO:tensorflow:2019-10-09 17:28:30.676174: Step 2680: Validation accuracy = 70.0% (N=100)
I1009 17:28:30.676235 4587988416 retrain.py:1100] 2019-10-09 17:28:30.676174: Step 2680: Validation accuracy = 70.0% (N=100)
INFO:tensorflow:2019-10-09 17:28:31.278004: Step 2690: Train accuracy = 100.0%
I1009 17:28:31.278062 4587988416 retrain.py:1082] 2019-10-09 17:28:31.278004: Step 2690: Train accuracy = 100.0%
INFO:tensorflow:2019-10-09 17:28:31.278216: Step 2690: Cross entropy = 0.135587
I1009 17:28:31.278233 4587988416 retrain.py:1084] 2019-10-09 17:28:31.278216: Step 2690: Cross entropy = 0.135587
INFO:tensorflow:2019-10-09 17:28:31.348491: Step 2690: Validation accuracy = 65.0% (N=100)
I1009 17:28:31.348537 4587988416 retrain.py:1100] 2019-10-09 17:28:31.348491: Step 2690: Validation accuracy = 65.0% (N=100)
INFO:tensorflow:2019-10-09 17:28:31.944501: Step 2700: Train accuracy = 98.0%
I1009 17:28:31.944560 4587988416 retrain.py:1082] 2019-10-09 17:28:31.944501: Step 2700: Train accuracy = 98.0%
INFO:tensorflow:2019-10-09 17:28:31.944673: Step 2700: Cross entropy = 0.123965
I1009 17:28:31.944684 4587988416 retrain.py:1084] 2019-10-09 17:28:31.944673: Step 2700: Cross entropy = 0.123965
INFO:tensorflow:2019-10-09 17:28:32.002710: Step 2700: Validation accuracy = 54.0% (N=100)
I1009 17:28:32.002753 4587988416 retrain.py:1100] 2019-10-09 17:28:32.002710: Step 2700: Validation accuracy = 54.0% (N=100)
INFO:tensorflow:2019-10-09 17:28:32.595813: Step 2710: Train accuracy = 98.0%
I1009 17:28:32.595855 4587988416 retrain.py:1082] 2019-10-09 17:28:32.595813: Step 2710: Train accuracy = 98.0%
INFO:tensorflow:2019-10-09 17:28:32.595968: Step 2710: Cross entropy = 0.165612
I1009 17:28:32.595978 4587988416 retrain.py:1084] 2019-10-09 17:28:32.595968: Step 2710: Cross entropy = 0.165612
INFO:tensorflow:2019-10-09 17:28:32.653064: Step 2710: Validation accuracy = 54.0% (N=100)
I1009 17:28:32.653109 4587988416 retrain.py:1100] 2019-10-09 17:28:32.653064: Step 2710: Validation accuracy = 54.0% (N=100)
INFO:tensorflow:2019-10-09 17:28:33.255341: Step 2720: Train accuracy = 99.0%
I1009 17:28:33.255383 4587988416 retrain.py:1082] 2019-10-09 17:28:33.255341: Step 2720: Train accuracy = 99.0%
INFO:tensorflow:2019-10-09 17:28:33.255490: Step 2720: Cross entropy = 0.123277
I1009 17:28:33.255501 4587988416 retrain.py:1084] 2019-10-09 17:28:33.255490: Step 2720: Cross entropy = 0.123277
INFO:tensorflow:2019-10-09 17:28:33.318639: Step 2720: Validation accuracy = 69.0% (N=100)
I1009 17:28:33.318696 4587988416 retrain.py:1100] 2019-10-09 17:28:33.318639: Step 2720: Validation accuracy = 69.0% (N=100)
INFO:tensorflow:2019-10-09 17:28:33.922716: Step 2730: Train accuracy = 99.0%
I1009 17:28:33.922760 4587988416 retrain.py:1082] 2019-10-09 17:28:33.922716: Step 2730: Train accuracy = 99.0%
INFO:tensorflow:2019-10-09 17:28:33.922896: Step 2730: Cross entropy = 0.128104
I1009 17:28:33.922913 4587988416 retrain.py:1084] 2019-10-09 17:28:33.922896: Step 2730: Cross entropy = 0.128104
INFO:tensorflow:2019-10-09 17:28:33.993170: Step 2730: Validation accuracy = 60.0% (N=100)
I1009 17:28:33.993216 4587988416 retrain.py:1100] 2019-10-09 17:28:33.993170: Step 2730: Validation accuracy = 60.0% (N=100)
INFO:tensorflow:2019-10-09 17:28:34.593598: Step 2740: Train accuracy = 97.0%
I1009 17:28:34.593652 4587988416 retrain.py:1082] 2019-10-09 17:28:34.593598: Step 2740: Train accuracy = 97.0%
INFO:tensorflow:2019-10-09 17:28:34.593804: Step 2740: Cross entropy = 0.147790
I1009 17:28:34.593836 4587988416 retrain.py:1084] 2019-10-09 17:28:34.593804: Step 2740: Cross entropy = 0.147790
INFO:tensorflow:2019-10-09 17:28:34.658538: Step 2740: Validation accuracy = 54.0% (N=100)
I1009 17:28:34.658581 4587988416 retrain.py:1100] 2019-10-09 17:28:34.658538: Step 2740: Validation accuracy = 54.0% (N=100)
INFO:tensorflow:2019-10-09 17:28:35.262322: Step 2750: Train accuracy = 99.0%
I1009 17:28:35.262366 4587988416 retrain.py:1082] 2019-10-09 17:28:35.262322: Step 2750: Train accuracy = 99.0%
INFO:tensorflow:2019-10-09 17:28:35.262489: Step 2750: Cross entropy = 0.131707
I1009 17:28:35.262500 4587988416 retrain.py:1084] 2019-10-09 17:28:35.262489: Step 2750: Cross entropy = 0.131707
INFO:tensorflow:2019-10-09 17:28:35.322637: Step 2750: Validation accuracy = 46.0% (N=100)
I1009 17:28:35.322693 4587988416 retrain.py:1100] 2019-10-09 17:28:35.322637: Step 2750: Validation accuracy = 46.0% (N=100)
INFO:tensorflow:2019-10-09 17:28:35.940763: Step 2760: Train accuracy = 100.0%
I1009 17:28:35.940807 4587988416 retrain.py:1082] 2019-10-09 17:28:35.940763: Step 2760: Train accuracy = 100.0%
INFO:tensorflow:2019-10-09 17:28:35.940920: Step 2760: Cross entropy = 0.130425
I1009 17:28:35.940931 4587988416 retrain.py:1084] 2019-10-09 17:28:35.940920: Step 2760: Cross entropy = 0.130425
INFO:tensorflow:2019-10-09 17:28:36.005495: Step 2760: Validation accuracy = 48.0% (N=100)
I1009 17:28:36.005541 4587988416 retrain.py:1100] 2019-10-09 17:28:36.005495: Step 2760: Validation accuracy = 48.0% (N=100)
INFO:tensorflow:2019-10-09 17:28:36.557665: Step 2770: Train accuracy = 97.0%
I1009 17:28:36.557735 4587988416 retrain.py:1082] 2019-10-09 17:28:36.557665: Step 2770: Train accuracy = 97.0%
INFO:tensorflow:2019-10-09 17:28:36.557871: Step 2770: Cross entropy = 0.143465
I1009 17:28:36.557882 4587988416 retrain.py:1084] 2019-10-09 17:28:36.557871: Step 2770: Cross entropy = 0.143465
INFO:tensorflow:2019-10-09 17:28:36.613953: Step 2770: Validation accuracy = 56.0% (N=100)
I1009 17:28:36.613998 4587988416 retrain.py:1100] 2019-10-09 17:28:36.613953: Step 2770: Validation accuracy = 56.0% (N=100)
INFO:tensorflow:2019-10-09 17:28:37.215104: Step 2780: Train accuracy = 99.0%
I1009 17:28:37.215154 4587988416 retrain.py:1082] 2019-10-09 17:28:37.215104: Step 2780: Train accuracy = 99.0%
INFO:tensorflow:2019-10-09 17:28:37.215273: Step 2780: Cross entropy = 0.150983
I1009 17:28:37.215288 4587988416 retrain.py:1084] 2019-10-09 17:28:37.215273: Step 2780: Cross entropy = 0.150983
INFO:tensorflow:2019-10-09 17:28:37.282898: Step 2780: Validation accuracy = 65.0% (N=100)
I1009 17:28:37.282953 4587988416 retrain.py:1100] 2019-10-09 17:28:37.282898: Step 2780: Validation accuracy = 65.0% (N=100)
INFO:tensorflow:2019-10-09 17:28:37.867562: Step 2790: Train accuracy = 100.0%
I1009 17:28:37.867610 4587988416 retrain.py:1082] 2019-10-09 17:28:37.867562: Step 2790: Train accuracy = 100.0%
INFO:tensorflow:2019-10-09 17:28:37.867728: Step 2790: Cross entropy = 0.118992
I1009 17:28:37.867739 4587988416 retrain.py:1084] 2019-10-09 17:28:37.867728: Step 2790: Cross entropy = 0.118992
INFO:tensorflow:2019-10-09 17:28:37.924185: Step 2790: Validation accuracy = 59.0% (N=100)
I1009 17:28:37.924236 4587988416 retrain.py:1100] 2019-10-09 17:28:37.924185: Step 2790: Validation accuracy = 59.0% (N=100)
INFO:tensorflow:2019-10-09 17:28:38.489942: Step 2800: Train accuracy = 100.0%
I1009 17:28:38.489985 4587988416 retrain.py:1082] 2019-10-09 17:28:38.489942: Step 2800: Train accuracy = 100.0%
INFO:tensorflow:2019-10-09 17:28:38.490093: Step 2800: Cross entropy = 0.105390
I1009 17:28:38.490103 4587988416 retrain.py:1084] 2019-10-09 17:28:38.490093: Step 2800: Cross entropy = 0.105390
INFO:tensorflow:2019-10-09 17:28:38.545885: Step 2800: Validation accuracy = 60.0% (N=100)
I1009 17:28:38.545928 4587988416 retrain.py:1100] 2019-10-09 17:28:38.545885: Step 2800: Validation accuracy = 60.0% (N=100)
INFO:tensorflow:2019-10-09 17:28:39.095960: Step 2810: Train accuracy = 100.0%
I1009 17:28:39.096004 4587988416 retrain.py:1082] 2019-10-09 17:28:39.095960: Step 2810: Train accuracy = 100.0%
INFO:tensorflow:2019-10-09 17:28:39.096110: Step 2810: Cross entropy = 0.136012
I1009 17:28:39.096120 4587988416 retrain.py:1084] 2019-10-09 17:28:39.096110: Step 2810: Cross entropy = 0.136012
INFO:tensorflow:2019-10-09 17:28:39.151926: Step 2810: Validation accuracy = 52.0% (N=100)
I1009 17:28:39.151977 4587988416 retrain.py:1100] 2019-10-09 17:28:39.151926: Step 2810: Validation accuracy = 52.0% (N=100)
INFO:tensorflow:2019-10-09 17:28:39.755295: Step 2820: Train accuracy = 100.0%
I1009 17:28:39.755338 4587988416 retrain.py:1082] 2019-10-09 17:28:39.755295: Step 2820: Train accuracy = 100.0%
INFO:tensorflow:2019-10-09 17:28:39.755444: Step 2820: Cross entropy = 0.121790
I1009 17:28:39.755454 4587988416 retrain.py:1084] 2019-10-09 17:28:39.755444: Step 2820: Cross entropy = 0.121790
INFO:tensorflow:2019-10-09 17:28:39.818124: Step 2820: Validation accuracy = 58.0% (N=100)
I1009 17:28:39.818169 4587988416 retrain.py:1100] 2019-10-09 17:28:39.818124: Step 2820: Validation accuracy = 58.0% (N=100)
INFO:tensorflow:2019-10-09 17:28:40.422515: Step 2830: Train accuracy = 99.0%
I1009 17:28:40.422559 4587988416 retrain.py:1082] 2019-10-09 17:28:40.422515: Step 2830: Train accuracy = 99.0%
INFO:tensorflow:2019-10-09 17:28:40.422686: Step 2830: Cross entropy = 0.143540
I1009 17:28:40.422698 4587988416 retrain.py:1084] 2019-10-09 17:28:40.422686: Step 2830: Cross entropy = 0.143540
INFO:tensorflow:2019-10-09 17:28:40.479875: Step 2830: Validation accuracy = 57.0% (N=100)
I1009 17:28:40.479924 4587988416 retrain.py:1100] 2019-10-09 17:28:40.479875: Step 2830: Validation accuracy = 57.0% (N=100)
INFO:tensorflow:2019-10-09 17:28:41.106398: Step 2840: Train accuracy = 99.0%
I1009 17:28:41.106441 4587988416 retrain.py:1082] 2019-10-09 17:28:41.106398: Step 2840: Train accuracy = 99.0%
INFO:tensorflow:2019-10-09 17:28:41.106565: Step 2840: Cross entropy = 0.132177
I1009 17:28:41.106575 4587988416 retrain.py:1084] 2019-10-09 17:28:41.106565: Step 2840: Cross entropy = 0.132177
INFO:tensorflow:2019-10-09 17:28:41.186291: Step 2840: Validation accuracy = 54.0% (N=100)
I1009 17:28:41.186352 4587988416 retrain.py:1100] 2019-10-09 17:28:41.186291: Step 2840: Validation accuracy = 54.0% (N=100)
INFO:tensorflow:2019-10-09 17:28:41.836940: Step 2850: Train accuracy = 98.0%
I1009 17:28:41.836986 4587988416 retrain.py:1082] 2019-10-09 17:28:41.836940: Step 2850: Train accuracy = 98.0%
INFO:tensorflow:2019-10-09 17:28:41.837096: Step 2850: Cross entropy = 0.142390
I1009 17:28:41.837106 4587988416 retrain.py:1084] 2019-10-09 17:28:41.837096: Step 2850: Cross entropy = 0.142390
INFO:tensorflow:2019-10-09 17:28:41.893934: Step 2850: Validation accuracy = 61.0% (N=100)
I1009 17:28:41.893979 4587988416 retrain.py:1100] 2019-10-09 17:28:41.893934: Step 2850: Validation accuracy = 61.0% (N=100)
INFO:tensorflow:2019-10-09 17:28:42.470238: Step 2860: Train accuracy = 99.0%
I1009 17:28:42.470283 4587988416 retrain.py:1082] 2019-10-09 17:28:42.470238: Step 2860: Train accuracy = 99.0%
INFO:tensorflow:2019-10-09 17:28:42.470393: Step 2860: Cross entropy = 0.143050
I1009 17:28:42.470405 4587988416 retrain.py:1084] 2019-10-09 17:28:42.470393: Step 2860: Cross entropy = 0.143050
INFO:tensorflow:2019-10-09 17:28:42.526233: Step 2860: Validation accuracy = 63.0% (N=100)
I1009 17:28:42.526283 4587988416 retrain.py:1100] 2019-10-09 17:28:42.526233: Step 2860: Validation accuracy = 63.0% (N=100)
INFO:tensorflow:2019-10-09 17:28:43.087169: Step 2870: Train accuracy = 100.0%
I1009 17:28:43.087213 4587988416 retrain.py:1082] 2019-10-09 17:28:43.087169: Step 2870: Train accuracy = 100.0%
INFO:tensorflow:2019-10-09 17:28:43.087339: Step 2870: Cross entropy = 0.112117
I1009 17:28:43.087352 4587988416 retrain.py:1084] 2019-10-09 17:28:43.087339: Step 2870: Cross entropy = 0.112117
INFO:tensorflow:2019-10-09 17:28:43.143081: Step 2870: Validation accuracy = 61.0% (N=100)
I1009 17:28:43.143125 4587988416 retrain.py:1100] 2019-10-09 17:28:43.143081: Step 2870: Validation accuracy = 61.0% (N=100)
INFO:tensorflow:2019-10-09 17:28:43.812001: Step 2880: Train accuracy = 100.0%
I1009 17:28:43.812042 4587988416 retrain.py:1082] 2019-10-09 17:28:43.812001: Step 2880: Train accuracy = 100.0%
INFO:tensorflow:2019-10-09 17:28:43.812177: Step 2880: Cross entropy = 0.110354
I1009 17:28:43.812186 4587988416 retrain.py:1084] 2019-10-09 17:28:43.812177: Step 2880: Cross entropy = 0.110354
INFO:tensorflow:2019-10-09 17:28:43.898709: Step 2880: Validation accuracy = 70.0% (N=100)
I1009 17:28:43.898756 4587988416 retrain.py:1100] 2019-10-09 17:28:43.898709: Step 2880: Validation accuracy = 70.0% (N=100)
INFO:tensorflow:2019-10-09 17:28:44.559099: Step 2890: Train accuracy = 100.0%
I1009 17:28:44.559154 4587988416 retrain.py:1082] 2019-10-09 17:28:44.559099: Step 2890: Train accuracy = 100.0%
INFO:tensorflow:2019-10-09 17:28:44.559275: Step 2890: Cross entropy = 0.126552
I1009 17:28:44.559286 4587988416 retrain.py:1084] 2019-10-09 17:28:44.559275: Step 2890: Cross entropy = 0.126552
INFO:tensorflow:2019-10-09 17:28:44.626919: Step 2890: Validation accuracy = 55.0% (N=100)
I1009 17:28:44.626976 4587988416 retrain.py:1100] 2019-10-09 17:28:44.626919: Step 2890: Validation accuracy = 55.0% (N=100)
INFO:tensorflow:2019-10-09 17:28:45.180363: Step 2900: Train accuracy = 100.0%
I1009 17:28:45.180411 4587988416 retrain.py:1082] 2019-10-09 17:28:45.180363: Step 2900: Train accuracy = 100.0%
INFO:tensorflow:2019-10-09 17:28:45.180526: Step 2900: Cross entropy = 0.122989
I1009 17:28:45.180538 4587988416 retrain.py:1084] 2019-10-09 17:28:45.180526: Step 2900: Cross entropy = 0.122989
INFO:tensorflow:2019-10-09 17:28:45.239755: Step 2900: Validation accuracy = 54.0% (N=100)
I1009 17:28:45.239814 4587988416 retrain.py:1100] 2019-10-09 17:28:45.239755: Step 2900: Validation accuracy = 54.0% (N=100)
INFO:tensorflow:2019-10-09 17:28:45.856530: Step 2910: Train accuracy = 100.0%
I1009 17:28:45.856574 4587988416 retrain.py:1082] 2019-10-09 17:28:45.856530: Step 2910: Train accuracy = 100.0%
INFO:tensorflow:2019-10-09 17:28:45.856681: Step 2910: Cross entropy = 0.131825
I1009 17:28:45.856690 4587988416 retrain.py:1084] 2019-10-09 17:28:45.856681: Step 2910: Cross entropy = 0.131825
INFO:tensorflow:2019-10-09 17:28:45.922547: Step 2910: Validation accuracy = 49.0% (N=100)
I1009 17:28:45.922594 4587988416 retrain.py:1100] 2019-10-09 17:28:45.922547: Step 2910: Validation accuracy = 49.0% (N=100)
INFO:tensorflow:2019-10-09 17:28:46.529784: Step 2920: Train accuracy = 97.0%
I1009 17:28:46.529840 4587988416 retrain.py:1082] 2019-10-09 17:28:46.529784: Step 2920: Train accuracy = 97.0%
INFO:tensorflow:2019-10-09 17:28:46.529988: Step 2920: Cross entropy = 0.172264
I1009 17:28:46.530004 4587988416 retrain.py:1084] 2019-10-09 17:28:46.529988: Step 2920: Cross entropy = 0.172264
INFO:tensorflow:2019-10-09 17:28:46.599436: Step 2920: Validation accuracy = 59.0% (N=100)
I1009 17:28:46.599503 4587988416 retrain.py:1100] 2019-10-09 17:28:46.599436: Step 2920: Validation accuracy = 59.0% (N=100)
INFO:tensorflow:2019-10-09 17:28:47.201862: Step 2930: Train accuracy = 99.0%
I1009 17:28:47.201917 4587988416 retrain.py:1082] 2019-10-09 17:28:47.201862: Step 2930: Train accuracy = 99.0%
INFO:tensorflow:2019-10-09 17:28:47.202039: Step 2930: Cross entropy = 0.135365
I1009 17:28:47.202051 4587988416 retrain.py:1084] 2019-10-09 17:28:47.202039: Step 2930: Cross entropy = 0.135365
INFO:tensorflow:2019-10-09 17:28:47.266679: Step 2930: Validation accuracy = 68.0% (N=100)
I1009 17:28:47.266735 4587988416 retrain.py:1100] 2019-10-09 17:28:47.266679: Step 2930: Validation accuracy = 68.0% (N=100)
INFO:tensorflow:2019-10-09 17:28:47.862377: Step 2940: Train accuracy = 98.0%
I1009 17:28:47.862434 4587988416 retrain.py:1082] 2019-10-09 17:28:47.862377: Step 2940: Train accuracy = 98.0%
INFO:tensorflow:2019-10-09 17:28:47.862568: Step 2940: Cross entropy = 0.149175
I1009 17:28:47.862577 4587988416 retrain.py:1084] 2019-10-09 17:28:47.862568: Step 2940: Cross entropy = 0.149175
INFO:tensorflow:2019-10-09 17:28:47.928689: Step 2940: Validation accuracy = 62.0% (N=100)
I1009 17:28:47.928762 4587988416 retrain.py:1100] 2019-10-09 17:28:47.928689: Step 2940: Validation accuracy = 62.0% (N=100)
INFO:tensorflow:2019-10-09 17:28:48.541918: Step 2950: Train accuracy = 97.0%
I1009 17:28:48.541963 4587988416 retrain.py:1082] 2019-10-09 17:28:48.541918: Step 2950: Train accuracy = 97.0%
INFO:tensorflow:2019-10-09 17:28:48.542094: Step 2950: Cross entropy = 0.148418
I1009 17:28:48.542107 4587988416 retrain.py:1084] 2019-10-09 17:28:48.542094: Step 2950: Cross entropy = 0.148418
INFO:tensorflow:2019-10-09 17:28:48.607991: Step 2950: Validation accuracy = 60.0% (N=100)
I1009 17:28:48.608062 4587988416 retrain.py:1100] 2019-10-09 17:28:48.607991: Step 2950: Validation accuracy = 60.0% (N=100)
INFO:tensorflow:2019-10-09 17:28:49.206342: Step 2960: Train accuracy = 100.0%
I1009 17:28:49.206384 4587988416 retrain.py:1082] 2019-10-09 17:28:49.206342: Step 2960: Train accuracy = 100.0%
INFO:tensorflow:2019-10-09 17:28:49.206506: Step 2960: Cross entropy = 0.121295
I1009 17:28:49.206516 4587988416 retrain.py:1084] 2019-10-09 17:28:49.206506: Step 2960: Cross entropy = 0.121295
INFO:tensorflow:2019-10-09 17:28:49.263590: Step 2960: Validation accuracy = 60.0% (N=100)
I1009 17:28:49.263638 4587988416 retrain.py:1100] 2019-10-09 17:28:49.263590: Step 2960: Validation accuracy = 60.0% (N=100)
INFO:tensorflow:2019-10-09 17:28:49.883439: Step 2970: Train accuracy = 99.0%
I1009 17:28:49.883484 4587988416 retrain.py:1082] 2019-10-09 17:28:49.883439: Step 2970: Train accuracy = 99.0%
INFO:tensorflow:2019-10-09 17:28:49.883599: Step 2970: Cross entropy = 0.125722
I1009 17:28:49.883610 4587988416 retrain.py:1084] 2019-10-09 17:28:49.883599: Step 2970: Cross entropy = 0.125722
INFO:tensorflow:2019-10-09 17:28:49.948410: Step 2970: Validation accuracy = 67.0% (N=100)
I1009 17:28:49.948453 4587988416 retrain.py:1100] 2019-10-09 17:28:49.948410: Step 2970: Validation accuracy = 67.0% (N=100)
INFO:tensorflow:2019-10-09 17:28:50.544492: Step 2980: Train accuracy = 99.0%
I1009 17:28:50.544537 4587988416 retrain.py:1082] 2019-10-09 17:28:50.544492: Step 2980: Train accuracy = 99.0%
INFO:tensorflow:2019-10-09 17:28:50.544649: Step 2980: Cross entropy = 0.115947
I1009 17:28:50.544658 4587988416 retrain.py:1084] 2019-10-09 17:28:50.544649: Step 2980: Cross entropy = 0.115947
INFO:tensorflow:2019-10-09 17:28:50.608461: Step 2980: Validation accuracy = 56.0% (N=100)
I1009 17:28:50.608505 4587988416 retrain.py:1100] 2019-10-09 17:28:50.608461: Step 2980: Validation accuracy = 56.0% (N=100)
INFO:tensorflow:2019-10-09 17:28:51.207225: Step 2990: Train accuracy = 100.0%
I1009 17:28:51.207269 4587988416 retrain.py:1082] 2019-10-09 17:28:51.207225: Step 2990: Train accuracy = 100.0%
INFO:tensorflow:2019-10-09 17:28:51.207375: Step 2990: Cross entropy = 0.121911
I1009 17:28:51.207385 4587988416 retrain.py:1084] 2019-10-09 17:28:51.207375: Step 2990: Cross entropy = 0.121911
INFO:tensorflow:2019-10-09 17:28:51.281661: Step 2990: Validation accuracy = 70.0% (N=100)
I1009 17:28:51.281721 4587988416 retrain.py:1100] 2019-10-09 17:28:51.281661: Step 2990: Validation accuracy = 70.0% (N=100)
INFO:tensorflow:2019-10-09 17:28:51.843748: Step 3000: Train accuracy = 100.0%
I1009 17:28:51.843792 4587988416 retrain.py:1082] 2019-10-09 17:28:51.843748: Step 3000: Train accuracy = 100.0%
INFO:tensorflow:2019-10-09 17:28:51.843900: Step 3000: Cross entropy = 0.111501
I1009 17:28:51.843910 4587988416 retrain.py:1084] 2019-10-09 17:28:51.843900: Step 3000: Cross entropy = 0.111501
INFO:tensorflow:2019-10-09 17:28:51.899603: Step 3000: Validation accuracy = 63.0% (N=100)
I1009 17:28:51.899652 4587988416 retrain.py:1100] 2019-10-09 17:28:51.899603: Step 3000: Validation accuracy = 63.0% (N=100)
INFO:tensorflow:2019-10-09 17:28:52.471453: Step 3010: Train accuracy = 97.0%
I1009 17:28:52.471497 4587988416 retrain.py:1082] 2019-10-09 17:28:52.471453: Step 3010: Train accuracy = 97.0%
INFO:tensorflow:2019-10-09 17:28:52.471612: Step 3010: Cross entropy = 0.136576
I1009 17:28:52.471626 4587988416 retrain.py:1084] 2019-10-09 17:28:52.471612: Step 3010: Cross entropy = 0.136576
INFO:tensorflow:2019-10-09 17:28:52.541560: Step 3010: Validation accuracy = 56.0% (N=100)
I1009 17:28:52.541619 4587988416 retrain.py:1100] 2019-10-09 17:28:52.541560: Step 3010: Validation accuracy = 56.0% (N=100)
INFO:tensorflow:2019-10-09 17:28:53.151564: Step 3020: Train accuracy = 99.0%
I1009 17:28:53.151620 4587988416 retrain.py:1082] 2019-10-09 17:28:53.151564: Step 3020: Train accuracy = 99.0%
INFO:tensorflow:2019-10-09 17:28:53.151742: Step 3020: Cross entropy = 0.139107
I1009 17:28:53.151752 4587988416 retrain.py:1084] 2019-10-09 17:28:53.151742: Step 3020: Cross entropy = 0.139107
INFO:tensorflow:2019-10-09 17:28:53.215450: Step 3020: Validation accuracy = 67.0% (N=100)
I1009 17:28:53.215497 4587988416 retrain.py:1100] 2019-10-09 17:28:53.215450: Step 3020: Validation accuracy = 67.0% (N=100)
INFO:tensorflow:2019-10-09 17:28:53.818492: Step 3030: Train accuracy = 98.0%
I1009 17:28:53.818536 4587988416 retrain.py:1082] 2019-10-09 17:28:53.818492: Step 3030: Train accuracy = 98.0%
INFO:tensorflow:2019-10-09 17:28:53.818648: Step 3030: Cross entropy = 0.119517
I1009 17:28:53.818662 4587988416 retrain.py:1084] 2019-10-09 17:28:53.818648: Step 3030: Cross entropy = 0.119517
INFO:tensorflow:2019-10-09 17:28:53.886589: Step 3030: Validation accuracy = 53.0% (N=100)
I1009 17:28:53.886643 4587988416 retrain.py:1100] 2019-10-09 17:28:53.886589: Step 3030: Validation accuracy = 53.0% (N=100)
INFO:tensorflow:2019-10-09 17:28:54.501001: Step 3040: Train accuracy = 100.0%
I1009 17:28:54.501044 4587988416 retrain.py:1082] 2019-10-09 17:28:54.501001: Step 3040: Train accuracy = 100.0%
INFO:tensorflow:2019-10-09 17:28:54.501178: Step 3040: Cross entropy = 0.133731
I1009 17:28:54.501189 4587988416 retrain.py:1084] 2019-10-09 17:28:54.501178: Step 3040: Cross entropy = 0.133731
INFO:tensorflow:2019-10-09 17:28:54.566284: Step 3040: Validation accuracy = 63.0% (N=100)
I1009 17:28:54.566329 4587988416 retrain.py:1100] 2019-10-09 17:28:54.566284: Step 3040: Validation accuracy = 63.0% (N=100)
INFO:tensorflow:2019-10-09 17:28:55.176141: Step 3050: Train accuracy = 98.0%
I1009 17:28:55.176186 4587988416 retrain.py:1082] 2019-10-09 17:28:55.176141: Step 3050: Train accuracy = 98.0%
INFO:tensorflow:2019-10-09 17:28:55.176300: Step 3050: Cross entropy = 0.141077
I1009 17:28:55.176311 4587988416 retrain.py:1084] 2019-10-09 17:28:55.176300: Step 3050: Cross entropy = 0.141077
INFO:tensorflow:2019-10-09 17:28:55.246796: Step 3050: Validation accuracy = 55.0% (N=100)
I1009 17:28:55.246842 4587988416 retrain.py:1100] 2019-10-09 17:28:55.246796: Step 3050: Validation accuracy = 55.0% (N=100)
INFO:tensorflow:2019-10-09 17:28:55.851375: Step 3060: Train accuracy = 99.0%
I1009 17:28:55.851420 4587988416 retrain.py:1082] 2019-10-09 17:28:55.851375: Step 3060: Train accuracy = 99.0%
INFO:tensorflow:2019-10-09 17:28:55.851527: Step 3060: Cross entropy = 0.137396
I1009 17:28:55.851537 4587988416 retrain.py:1084] 2019-10-09 17:28:55.851527: Step 3060: Cross entropy = 0.137396
INFO:tensorflow:2019-10-09 17:28:55.917547: Step 3060: Validation accuracy = 54.0% (N=100)
I1009 17:28:55.917605 4587988416 retrain.py:1100] 2019-10-09 17:28:55.917547: Step 3060: Validation accuracy = 54.0% (N=100)
INFO:tensorflow:2019-10-09 17:28:56.532995: Step 3070: Train accuracy = 99.0%
I1009 17:28:56.533040 4587988416 retrain.py:1082] 2019-10-09 17:28:56.532995: Step 3070: Train accuracy = 99.0%
INFO:tensorflow:2019-10-09 17:28:56.533159: Step 3070: Cross entropy = 0.134605
I1009 17:28:56.533174 4587988416 retrain.py:1084] 2019-10-09 17:28:56.533159: Step 3070: Cross entropy = 0.134605
INFO:tensorflow:2019-10-09 17:28:56.601701: Step 3070: Validation accuracy = 59.0% (N=100)
I1009 17:28:56.601744 4587988416 retrain.py:1100] 2019-10-09 17:28:56.601701: Step 3070: Validation accuracy = 59.0% (N=100)
INFO:tensorflow:2019-10-09 17:28:57.206421: Step 3080: Train accuracy = 100.0%
I1009 17:28:57.206465 4587988416 retrain.py:1082] 2019-10-09 17:28:57.206421: Step 3080: Train accuracy = 100.0%
INFO:tensorflow:2019-10-09 17:28:57.206571: Step 3080: Cross entropy = 0.128989
I1009 17:28:57.206580 4587988416 retrain.py:1084] 2019-10-09 17:28:57.206571: Step 3080: Cross entropy = 0.128989
INFO:tensorflow:2019-10-09 17:28:57.267321: Step 3080: Validation accuracy = 58.0% (N=100)
I1009 17:28:57.267366 4587988416 retrain.py:1100] 2019-10-09 17:28:57.267321: Step 3080: Validation accuracy = 58.0% (N=100)
INFO:tensorflow:2019-10-09 17:28:57.870313: Step 3090: Train accuracy = 98.0%
I1009 17:28:57.870357 4587988416 retrain.py:1082] 2019-10-09 17:28:57.870313: Step 3090: Train accuracy = 98.0%
INFO:tensorflow:2019-10-09 17:28:57.870466: Step 3090: Cross entropy = 0.133106
I1009 17:28:57.870476 4587988416 retrain.py:1084] 2019-10-09 17:28:57.870466: Step 3090: Cross entropy = 0.133106
INFO:tensorflow:2019-10-09 17:28:57.940090: Step 3090: Validation accuracy = 55.0% (N=100)
I1009 17:28:57.940135 4587988416 retrain.py:1100] 2019-10-09 17:28:57.940090: Step 3090: Validation accuracy = 55.0% (N=100)
INFO:tensorflow:2019-10-09 17:28:58.544601: Step 3100: Train accuracy = 100.0%
I1009 17:28:58.544645 4587988416 retrain.py:1082] 2019-10-09 17:28:58.544601: Step 3100: Train accuracy = 100.0%
INFO:tensorflow:2019-10-09 17:28:58.544760: Step 3100: Cross entropy = 0.109447
I1009 17:28:58.544770 4587988416 retrain.py:1084] 2019-10-09 17:28:58.544760: Step 3100: Cross entropy = 0.109447
INFO:tensorflow:2019-10-09 17:28:58.609657: Step 3100: Validation accuracy = 51.0% (N=100)
I1009 17:28:58.609702 4587988416 retrain.py:1100] 2019-10-09 17:28:58.609657: Step 3100: Validation accuracy = 51.0% (N=100)
INFO:tensorflow:2019-10-09 17:28:59.210251: Step 3110: Train accuracy = 99.0%
I1009 17:28:59.210307 4587988416 retrain.py:1082] 2019-10-09 17:28:59.210251: Step 3110: Train accuracy = 99.0%
INFO:tensorflow:2019-10-09 17:28:59.210429: Step 3110: Cross entropy = 0.114715
I1009 17:28:59.210439 4587988416 retrain.py:1084] 2019-10-09 17:28:59.210429: Step 3110: Cross entropy = 0.114715
INFO:tensorflow:2019-10-09 17:28:59.272895: Step 3110: Validation accuracy = 58.0% (N=100)
I1009 17:28:59.272939 4587988416 retrain.py:1100] 2019-10-09 17:28:59.272895: Step 3110: Validation accuracy = 58.0% (N=100)
INFO:tensorflow:2019-10-09 17:28:59.882606: Step 3120: Train accuracy = 100.0%
I1009 17:28:59.882650 4587988416 retrain.py:1082] 2019-10-09 17:28:59.882606: Step 3120: Train accuracy = 100.0%
INFO:tensorflow:2019-10-09 17:28:59.882763: Step 3120: Cross entropy = 0.108725
I1009 17:28:59.882775 4587988416 retrain.py:1084] 2019-10-09 17:28:59.882763: Step 3120: Cross entropy = 0.108725
INFO:tensorflow:2019-10-09 17:28:59.951970: Step 3120: Validation accuracy = 55.0% (N=100)
I1009 17:28:59.952026 4587988416 retrain.py:1100] 2019-10-09 17:28:59.951970: Step 3120: Validation accuracy = 55.0% (N=100)
INFO:tensorflow:2019-10-09 17:29:00.559292: Step 3130: Train accuracy = 100.0%
I1009 17:29:00.559336 4587988416 retrain.py:1082] 2019-10-09 17:29:00.559292: Step 3130: Train accuracy = 100.0%
INFO:tensorflow:2019-10-09 17:29:00.559474: Step 3130: Cross entropy = 0.133205
I1009 17:29:00.559484 4587988416 retrain.py:1084] 2019-10-09 17:29:00.559474: Step 3130: Cross entropy = 0.133205
INFO:tensorflow:2019-10-09 17:29:00.618372: Step 3130: Validation accuracy = 56.0% (N=100)
I1009 17:29:00.618422 4587988416 retrain.py:1100] 2019-10-09 17:29:00.618372: Step 3130: Validation accuracy = 56.0% (N=100)
INFO:tensorflow:2019-10-09 17:29:01.227896: Step 3140: Train accuracy = 100.0%
I1009 17:29:01.227940 4587988416 retrain.py:1082] 2019-10-09 17:29:01.227896: Step 3140: Train accuracy = 100.0%
INFO:tensorflow:2019-10-09 17:29:01.228063: Step 3140: Cross entropy = 0.134614
I1009 17:29:01.228078 4587988416 retrain.py:1084] 2019-10-09 17:29:01.228063: Step 3140: Cross entropy = 0.134614
INFO:tensorflow:2019-10-09 17:29:01.299703: Step 3140: Validation accuracy = 64.0% (N=100)
I1009 17:29:01.299751 4587988416 retrain.py:1100] 2019-10-09 17:29:01.299703: Step 3140: Validation accuracy = 64.0% (N=100)
INFO:tensorflow:2019-10-09 17:29:01.912475: Step 3150: Train accuracy = 99.0%
I1009 17:29:01.912518 4587988416 retrain.py:1082] 2019-10-09 17:29:01.912475: Step 3150: Train accuracy = 99.0%
INFO:tensorflow:2019-10-09 17:29:01.912665: Step 3150: Cross entropy = 0.110777
I1009 17:29:01.912682 4587988416 retrain.py:1084] 2019-10-09 17:29:01.912665: Step 3150: Cross entropy = 0.110777
INFO:tensorflow:2019-10-09 17:29:01.980930: Step 3150: Validation accuracy = 72.0% (N=100)
I1009 17:29:01.980976 4587988416 retrain.py:1100] 2019-10-09 17:29:01.980930: Step 3150: Validation accuracy = 72.0% (N=100)
INFO:tensorflow:2019-10-09 17:29:02.592847: Step 3160: Train accuracy = 100.0%
I1009 17:29:02.592892 4587988416 retrain.py:1082] 2019-10-09 17:29:02.592847: Step 3160: Train accuracy = 100.0%
INFO:tensorflow:2019-10-09 17:29:02.593024: Step 3160: Cross entropy = 0.116416
I1009 17:29:02.593038 4587988416 retrain.py:1084] 2019-10-09 17:29:02.593024: Step 3160: Cross entropy = 0.116416
INFO:tensorflow:2019-10-09 17:29:02.658661: Step 3160: Validation accuracy = 61.0% (N=100)
I1009 17:29:02.658704 4587988416 retrain.py:1100] 2019-10-09 17:29:02.658661: Step 3160: Validation accuracy = 61.0% (N=100)
INFO:tensorflow:2019-10-09 17:29:03.261188: Step 3170: Train accuracy = 99.0%
I1009 17:29:03.261245 4587988416 retrain.py:1082] 2019-10-09 17:29:03.261188: Step 3170: Train accuracy = 99.0%
INFO:tensorflow:2019-10-09 17:29:03.261366: Step 3170: Cross entropy = 0.130222
I1009 17:29:03.261375 4587988416 retrain.py:1084] 2019-10-09 17:29:03.261366: Step 3170: Cross entropy = 0.130222
INFO:tensorflow:2019-10-09 17:29:03.327762: Step 3170: Validation accuracy = 65.0% (N=100)
I1009 17:29:03.327821 4587988416 retrain.py:1100] 2019-10-09 17:29:03.327762: Step 3170: Validation accuracy = 65.0% (N=100)
INFO:tensorflow:2019-10-09 17:29:03.936812: Step 3180: Train accuracy = 99.0%
I1009 17:29:03.936856 4587988416 retrain.py:1082] 2019-10-09 17:29:03.936812: Step 3180: Train accuracy = 99.0%
INFO:tensorflow:2019-10-09 17:29:03.936971: Step 3180: Cross entropy = 0.121701
I1009 17:29:03.936984 4587988416 retrain.py:1084] 2019-10-09 17:29:03.936971: Step 3180: Cross entropy = 0.121701
INFO:tensorflow:2019-10-09 17:29:04.005535: Step 3180: Validation accuracy = 56.0% (N=100)
I1009 17:29:04.005605 4587988416 retrain.py:1100] 2019-10-09 17:29:04.005535: Step 3180: Validation accuracy = 56.0% (N=100)
INFO:tensorflow:2019-10-09 17:29:04.610696: Step 3190: Train accuracy = 99.0%
I1009 17:29:04.610739 4587988416 retrain.py:1082] 2019-10-09 17:29:04.610696: Step 3190: Train accuracy = 99.0%
INFO:tensorflow:2019-10-09 17:29:04.610873: Step 3190: Cross entropy = 0.115341
I1009 17:29:04.610884 4587988416 retrain.py:1084] 2019-10-09 17:29:04.610873: Step 3190: Cross entropy = 0.115341
INFO:tensorflow:2019-10-09 17:29:04.678042: Step 3190: Validation accuracy = 60.0% (N=100)
I1009 17:29:04.678098 4587988416 retrain.py:1100] 2019-10-09 17:29:04.678042: Step 3190: Validation accuracy = 60.0% (N=100)
INFO:tensorflow:2019-10-09 17:29:05.287603: Step 3200: Train accuracy = 99.0%
I1009 17:29:05.287648 4587988416 retrain.py:1082] 2019-10-09 17:29:05.287603: Step 3200: Train accuracy = 99.0%
INFO:tensorflow:2019-10-09 17:29:05.287766: Step 3200: Cross entropy = 0.130704
I1009 17:29:05.287781 4587988416 retrain.py:1084] 2019-10-09 17:29:05.287766: Step 3200: Cross entropy = 0.130704
INFO:tensorflow:2019-10-09 17:29:05.352117: Step 3200: Validation accuracy = 64.0% (N=100)
I1009 17:29:05.352160 4587988416 retrain.py:1100] 2019-10-09 17:29:05.352117: Step 3200: Validation accuracy = 64.0% (N=100)
INFO:tensorflow:2019-10-09 17:29:05.947447: Step 3210: Train accuracy = 100.0%
I1009 17:29:05.947489 4587988416 retrain.py:1082] 2019-10-09 17:29:05.947447: Step 3210: Train accuracy = 100.0%
INFO:tensorflow:2019-10-09 17:29:05.947599: Step 3210: Cross entropy = 0.097384
I1009 17:29:05.947609 4587988416 retrain.py:1084] 2019-10-09 17:29:05.947599: Step 3210: Cross entropy = 0.097384
INFO:tensorflow:2019-10-09 17:29:06.010730: Step 3210: Validation accuracy = 63.0% (N=100)
I1009 17:29:06.010773 4587988416 retrain.py:1100] 2019-10-09 17:29:06.010730: Step 3210: Validation accuracy = 63.0% (N=100)
INFO:tensorflow:2019-10-09 17:29:06.572386: Step 3220: Train accuracy = 100.0%
I1009 17:29:06.572430 4587988416 retrain.py:1082] 2019-10-09 17:29:06.572386: Step 3220: Train accuracy = 100.0%
INFO:tensorflow:2019-10-09 17:29:06.572537: Step 3220: Cross entropy = 0.110044
I1009 17:29:06.572549 4587988416 retrain.py:1084] 2019-10-09 17:29:06.572537: Step 3220: Cross entropy = 0.110044
INFO:tensorflow:2019-10-09 17:29:06.628569: Step 3220: Validation accuracy = 72.0% (N=100)
I1009 17:29:06.628618 4587988416 retrain.py:1100] 2019-10-09 17:29:06.628569: Step 3220: Validation accuracy = 72.0% (N=100)
INFO:tensorflow:2019-10-09 17:29:07.232313: Step 3230: Train accuracy = 99.0%
I1009 17:29:07.232368 4587988416 retrain.py:1082] 2019-10-09 17:29:07.232313: Step 3230: Train accuracy = 99.0%
INFO:tensorflow:2019-10-09 17:29:07.232524: Step 3230: Cross entropy = 0.119814
I1009 17:29:07.232542 4587988416 retrain.py:1084] 2019-10-09 17:29:07.232524: Step 3230: Cross entropy = 0.119814
INFO:tensorflow:2019-10-09 17:29:07.301603: Step 3230: Validation accuracy = 59.0% (N=100)
I1009 17:29:07.301647 4587988416 retrain.py:1100] 2019-10-09 17:29:07.301603: Step 3230: Validation accuracy = 59.0% (N=100)
INFO:tensorflow:2019-10-09 17:29:07.913579: Step 3240: Train accuracy = 98.0%
I1009 17:29:07.913631 4587988416 retrain.py:1082] 2019-10-09 17:29:07.913579: Step 3240: Train accuracy = 98.0%
INFO:tensorflow:2019-10-09 17:29:07.913783: Step 3240: Cross entropy = 0.127747
I1009 17:29:07.913800 4587988416 retrain.py:1084] 2019-10-09 17:29:07.913783: Step 3240: Cross entropy = 0.127747
INFO:tensorflow:2019-10-09 17:29:07.979198: Step 3240: Validation accuracy = 69.0% (N=100)
I1009 17:29:07.979256 4587988416 retrain.py:1100] 2019-10-09 17:29:07.979198: Step 3240: Validation accuracy = 69.0% (N=100)
INFO:tensorflow:2019-10-09 17:29:08.589732: Step 3250: Train accuracy = 100.0%
I1009 17:29:08.589776 4587988416 retrain.py:1082] 2019-10-09 17:29:08.589732: Step 3250: Train accuracy = 100.0%
INFO:tensorflow:2019-10-09 17:29:08.589889: Step 3250: Cross entropy = 0.096157
I1009 17:29:08.589900 4587988416 retrain.py:1084] 2019-10-09 17:29:08.589889: Step 3250: Cross entropy = 0.096157
INFO:tensorflow:2019-10-09 17:29:08.656047: Step 3250: Validation accuracy = 48.0% (N=100)
I1009 17:29:08.656090 4587988416 retrain.py:1100] 2019-10-09 17:29:08.656047: Step 3250: Validation accuracy = 48.0% (N=100)
INFO:tensorflow:2019-10-09 17:29:09.268774: Step 3260: Train accuracy = 99.0%
I1009 17:29:09.268817 4587988416 retrain.py:1082] 2019-10-09 17:29:09.268774: Step 3260: Train accuracy = 99.0%
INFO:tensorflow:2019-10-09 17:29:09.268934: Step 3260: Cross entropy = 0.112635
I1009 17:29:09.268944 4587988416 retrain.py:1084] 2019-10-09 17:29:09.268934: Step 3260: Cross entropy = 0.112635
INFO:tensorflow:2019-10-09 17:29:09.335407: Step 3260: Validation accuracy = 54.0% (N=100)
I1009 17:29:09.335462 4587988416 retrain.py:1100] 2019-10-09 17:29:09.335407: Step 3260: Validation accuracy = 54.0% (N=100)
INFO:tensorflow:2019-10-09 17:29:09.931478: Step 3270: Train accuracy = 100.0%
I1009 17:29:09.931520 4587988416 retrain.py:1082] 2019-10-09 17:29:09.931478: Step 3270: Train accuracy = 100.0%
INFO:tensorflow:2019-10-09 17:29:09.931627: Step 3270: Cross entropy = 0.109560
I1009 17:29:09.931638 4587988416 retrain.py:1084] 2019-10-09 17:29:09.931627: Step 3270: Cross entropy = 0.109560
INFO:tensorflow:2019-10-09 17:29:09.986939: Step 3270: Validation accuracy = 55.0% (N=100)
I1009 17:29:09.986988 4587988416 retrain.py:1100] 2019-10-09 17:29:09.986939: Step 3270: Validation accuracy = 55.0% (N=100)
INFO:tensorflow:2019-10-09 17:29:10.541830: Step 3280: Train accuracy = 99.0%
I1009 17:29:10.541874 4587988416 retrain.py:1082] 2019-10-09 17:29:10.541830: Step 3280: Train accuracy = 99.0%
INFO:tensorflow:2019-10-09 17:29:10.541985: Step 3280: Cross entropy = 0.118479
I1009 17:29:10.541995 4587988416 retrain.py:1084] 2019-10-09 17:29:10.541985: Step 3280: Cross entropy = 0.118479
INFO:tensorflow:2019-10-09 17:29:10.597864: Step 3280: Validation accuracy = 49.0% (N=100)
I1009 17:29:10.597913 4587988416 retrain.py:1100] 2019-10-09 17:29:10.597864: Step 3280: Validation accuracy = 49.0% (N=100)
INFO:tensorflow:2019-10-09 17:29:11.169410: Step 3290: Train accuracy = 99.0%
I1009 17:29:11.169455 4587988416 retrain.py:1082] 2019-10-09 17:29:11.169410: Step 3290: Train accuracy = 99.0%
INFO:tensorflow:2019-10-09 17:29:11.169569: Step 3290: Cross entropy = 0.113682
I1009 17:29:11.169581 4587988416 retrain.py:1084] 2019-10-09 17:29:11.169569: Step 3290: Cross entropy = 0.113682
INFO:tensorflow:2019-10-09 17:29:11.233796: Step 3290: Validation accuracy = 61.0% (N=100)
I1009 17:29:11.233841 4587988416 retrain.py:1100] 2019-10-09 17:29:11.233796: Step 3290: Validation accuracy = 61.0% (N=100)
INFO:tensorflow:2019-10-09 17:29:11.838006: Step 3300: Train accuracy = 100.0%
I1009 17:29:11.838053 4587988416 retrain.py:1082] 2019-10-09 17:29:11.838006: Step 3300: Train accuracy = 100.0%
INFO:tensorflow:2019-10-09 17:29:11.838196: Step 3300: Cross entropy = 0.119597
I1009 17:29:11.838210 4587988416 retrain.py:1084] 2019-10-09 17:29:11.838196: Step 3300: Cross entropy = 0.119597
INFO:tensorflow:2019-10-09 17:29:11.904537: Step 3300: Validation accuracy = 46.0% (N=100)
I1009 17:29:11.904581 4587988416 retrain.py:1100] 2019-10-09 17:29:11.904537: Step 3300: Validation accuracy = 46.0% (N=100)
INFO:tensorflow:2019-10-09 17:29:12.509465: Step 3310: Train accuracy = 100.0%
I1009 17:29:12.509509 4587988416 retrain.py:1082] 2019-10-09 17:29:12.509465: Step 3310: Train accuracy = 100.0%
INFO:tensorflow:2019-10-09 17:29:12.509615: Step 3310: Cross entropy = 0.121791
I1009 17:29:12.509625 4587988416 retrain.py:1084] 2019-10-09 17:29:12.509615: Step 3310: Cross entropy = 0.121791
INFO:tensorflow:2019-10-09 17:29:12.571241: Step 3310: Validation accuracy = 59.0% (N=100)
I1009 17:29:12.571287 4587988416 retrain.py:1100] 2019-10-09 17:29:12.571241: Step 3310: Validation accuracy = 59.0% (N=100)
INFO:tensorflow:2019-10-09 17:29:13.132468: Step 3320: Train accuracy = 99.0%
I1009 17:29:13.132517 4587988416 retrain.py:1082] 2019-10-09 17:29:13.132468: Step 3320: Train accuracy = 99.0%
INFO:tensorflow:2019-10-09 17:29:13.132641: Step 3320: Cross entropy = 0.118910
I1009 17:29:13.132654 4587988416 retrain.py:1084] 2019-10-09 17:29:13.132641: Step 3320: Cross entropy = 0.118910
INFO:tensorflow:2019-10-09 17:29:13.190091: Step 3320: Validation accuracy = 62.0% (N=100)
I1009 17:29:13.190157 4587988416 retrain.py:1100] 2019-10-09 17:29:13.190091: Step 3320: Validation accuracy = 62.0% (N=100)
INFO:tensorflow:2019-10-09 17:29:13.798704: Step 3330: Train accuracy = 100.0%
I1009 17:29:13.798748 4587988416 retrain.py:1082] 2019-10-09 17:29:13.798704: Step 3330: Train accuracy = 100.0%
INFO:tensorflow:2019-10-09 17:29:13.798855: Step 3330: Cross entropy = 0.117626
I1009 17:29:13.798864 4587988416 retrain.py:1084] 2019-10-09 17:29:13.798855: Step 3330: Cross entropy = 0.117626
INFO:tensorflow:2019-10-09 17:29:13.864302: Step 3330: Validation accuracy = 53.0% (N=100)
I1009 17:29:13.864357 4587988416 retrain.py:1100] 2019-10-09 17:29:13.864302: Step 3330: Validation accuracy = 53.0% (N=100)
INFO:tensorflow:2019-10-09 17:29:14.471270: Step 3340: Train accuracy = 100.0%
I1009 17:29:14.471328 4587988416 retrain.py:1082] 2019-10-09 17:29:14.471270: Step 3340: Train accuracy = 100.0%
INFO:tensorflow:2019-10-09 17:29:14.471482: Step 3340: Cross entropy = 0.132730
I1009 17:29:14.471502 4587988416 retrain.py:1084] 2019-10-09 17:29:14.471482: Step 3340: Cross entropy = 0.132730
INFO:tensorflow:2019-10-09 17:29:14.542305: Step 3340: Validation accuracy = 56.0% (N=100)
I1009 17:29:14.542363 4587988416 retrain.py:1100] 2019-10-09 17:29:14.542305: Step 3340: Validation accuracy = 56.0% (N=100)
INFO:tensorflow:2019-10-09 17:29:15.241587: Step 3350: Train accuracy = 98.0%
I1009 17:29:15.241631 4587988416 retrain.py:1082] 2019-10-09 17:29:15.241587: Step 3350: Train accuracy = 98.0%
INFO:tensorflow:2019-10-09 17:29:15.241738: Step 3350: Cross entropy = 0.122816
I1009 17:29:15.241747 4587988416 retrain.py:1084] 2019-10-09 17:29:15.241738: Step 3350: Cross entropy = 0.122816
INFO:tensorflow:2019-10-09 17:29:15.297859: Step 3350: Validation accuracy = 49.0% (N=100)
I1009 17:29:15.297906 4587988416 retrain.py:1100] 2019-10-09 17:29:15.297859: Step 3350: Validation accuracy = 49.0% (N=100)
INFO:tensorflow:2019-10-09 17:29:15.893769: Step 3360: Train accuracy = 100.0%
I1009 17:29:15.893812 4587988416 retrain.py:1082] 2019-10-09 17:29:15.893769: Step 3360: Train accuracy = 100.0%
INFO:tensorflow:2019-10-09 17:29:15.893971: Step 3360: Cross entropy = 0.108344
I1009 17:29:15.893989 4587988416 retrain.py:1084] 2019-10-09 17:29:15.893971: Step 3360: Cross entropy = 0.108344
INFO:tensorflow:2019-10-09 17:29:15.966980: Step 3360: Validation accuracy = 52.0% (N=100)
I1009 17:29:15.967050 4587988416 retrain.py:1100] 2019-10-09 17:29:15.966980: Step 3360: Validation accuracy = 52.0% (N=100)
INFO:tensorflow:2019-10-09 17:29:16.755282: Step 3370: Train accuracy = 100.0%
I1009 17:29:16.755338 4587988416 retrain.py:1082] 2019-10-09 17:29:16.755282: Step 3370: Train accuracy = 100.0%
INFO:tensorflow:2019-10-09 17:29:16.755473: Step 3370: Cross entropy = 0.119364
I1009 17:29:16.755483 4587988416 retrain.py:1084] 2019-10-09 17:29:16.755473: Step 3370: Cross entropy = 0.119364
INFO:tensorflow:2019-10-09 17:29:16.843429: Step 3370: Validation accuracy = 54.0% (N=100)
I1009 17:29:16.843513 4587988416 retrain.py:1100] 2019-10-09 17:29:16.843429: Step 3370: Validation accuracy = 54.0% (N=100)
INFO:tensorflow:2019-10-09 17:29:17.651643: Step 3380: Train accuracy = 95.0%
I1009 17:29:17.651700 4587988416 retrain.py:1082] 2019-10-09 17:29:17.651643: Step 3380: Train accuracy = 95.0%
INFO:tensorflow:2019-10-09 17:29:17.651821: Step 3380: Cross entropy = 0.163994
I1009 17:29:17.651853 4587988416 retrain.py:1084] 2019-10-09 17:29:17.651821: Step 3380: Cross entropy = 0.163994
INFO:tensorflow:2019-10-09 17:29:17.736438: Step 3380: Validation accuracy = 61.0% (N=100)
I1009 17:29:17.736500 4587988416 retrain.py:1100] 2019-10-09 17:29:17.736438: Step 3380: Validation accuracy = 61.0% (N=100)
INFO:tensorflow:2019-10-09 17:29:18.497049: Step 3390: Train accuracy = 100.0%
I1009 17:29:18.497104 4587988416 retrain.py:1082] 2019-10-09 17:29:18.497049: Step 3390: Train accuracy = 100.0%
INFO:tensorflow:2019-10-09 17:29:18.497242: Step 3390: Cross entropy = 0.098357
I1009 17:29:18.497251 4587988416 retrain.py:1084] 2019-10-09 17:29:18.497242: Step 3390: Cross entropy = 0.098357
INFO:tensorflow:2019-10-09 17:29:18.564130: Step 3390: Validation accuracy = 55.0% (N=100)
I1009 17:29:18.564197 4587988416 retrain.py:1100] 2019-10-09 17:29:18.564130: Step 3390: Validation accuracy = 55.0% (N=100)
INFO:tensorflow:2019-10-09 17:29:19.255911: Step 3400: Train accuracy = 100.0%
I1009 17:29:19.255966 4587988416 retrain.py:1082] 2019-10-09 17:29:19.255911: Step 3400: Train accuracy = 100.0%
INFO:tensorflow:2019-10-09 17:29:19.256104: Step 3400: Cross entropy = 0.099192
I1009 17:29:19.256115 4587988416 retrain.py:1084] 2019-10-09 17:29:19.256104: Step 3400: Cross entropy = 0.099192
INFO:tensorflow:2019-10-09 17:29:19.330950: Step 3400: Validation accuracy = 65.0% (N=100)
I1009 17:29:19.331010 4587988416 retrain.py:1100] 2019-10-09 17:29:19.330950: Step 3400: Validation accuracy = 65.0% (N=100)
INFO:tensorflow:2019-10-09 17:29:20.002972: Step 3410: Train accuracy = 100.0%
I1009 17:29:20.003017 4587988416 retrain.py:1082] 2019-10-09 17:29:20.002972: Step 3410: Train accuracy = 100.0%
INFO:tensorflow:2019-10-09 17:29:20.003127: Step 3410: Cross entropy = 0.101332
I1009 17:29:20.003138 4587988416 retrain.py:1084] 2019-10-09 17:29:20.003127: Step 3410: Cross entropy = 0.101332
INFO:tensorflow:2019-10-09 17:29:20.072566: Step 3410: Validation accuracy = 61.0% (N=100)
I1009 17:29:20.072625 4587988416 retrain.py:1100] 2019-10-09 17:29:20.072566: Step 3410: Validation accuracy = 61.0% (N=100)
INFO:tensorflow:2019-10-09 17:29:20.631418: Step 3420: Train accuracy = 99.0%
I1009 17:29:20.631461 4587988416 retrain.py:1082] 2019-10-09 17:29:20.631418: Step 3420: Train accuracy = 99.0%
INFO:tensorflow:2019-10-09 17:29:20.631568: Step 3420: Cross entropy = 0.139714
I1009 17:29:20.631578 4587988416 retrain.py:1084] 2019-10-09 17:29:20.631568: Step 3420: Cross entropy = 0.139714
INFO:tensorflow:2019-10-09 17:29:20.699390: Step 3420: Validation accuracy = 74.0% (N=100)
I1009 17:29:20.699435 4587988416 retrain.py:1100] 2019-10-09 17:29:20.699390: Step 3420: Validation accuracy = 74.0% (N=100)
INFO:tensorflow:2019-10-09 17:29:21.370683: Step 3430: Train accuracy = 100.0%
I1009 17:29:21.370739 4587988416 retrain.py:1082] 2019-10-09 17:29:21.370683: Step 3430: Train accuracy = 100.0%
INFO:tensorflow:2019-10-09 17:29:21.370897: Step 3430: Cross entropy = 0.097893
I1009 17:29:21.370913 4587988416 retrain.py:1084] 2019-10-09 17:29:21.370897: Step 3430: Cross entropy = 0.097893
INFO:tensorflow:2019-10-09 17:29:21.447615: Step 3430: Validation accuracy = 53.0% (N=100)
I1009 17:29:21.447659 4587988416 retrain.py:1100] 2019-10-09 17:29:21.447615: Step 3430: Validation accuracy = 53.0% (N=100)
INFO:tensorflow:2019-10-09 17:29:22.104388: Step 3440: Train accuracy = 99.0%
I1009 17:29:22.104432 4587988416 retrain.py:1082] 2019-10-09 17:29:22.104388: Step 3440: Train accuracy = 99.0%
INFO:tensorflow:2019-10-09 17:29:22.104556: Step 3440: Cross entropy = 0.119505
I1009 17:29:22.104567 4587988416 retrain.py:1084] 2019-10-09 17:29:22.104556: Step 3440: Cross entropy = 0.119505
INFO:tensorflow:2019-10-09 17:29:22.168661: Step 3440: Validation accuracy = 58.0% (N=100)
I1009 17:29:22.168704 4587988416 retrain.py:1100] 2019-10-09 17:29:22.168661: Step 3440: Validation accuracy = 58.0% (N=100)
INFO:tensorflow:2019-10-09 17:29:22.806664: Step 3450: Train accuracy = 99.0%
I1009 17:29:22.806735 4587988416 retrain.py:1082] 2019-10-09 17:29:22.806664: Step 3450: Train accuracy = 99.0%
INFO:tensorflow:2019-10-09 17:29:22.806874: Step 3450: Cross entropy = 0.098754
I1009 17:29:22.806884 4587988416 retrain.py:1084] 2019-10-09 17:29:22.806874: Step 3450: Cross entropy = 0.098754
INFO:tensorflow:2019-10-09 17:29:22.872829: Step 3450: Validation accuracy = 62.0% (N=100)
I1009 17:29:22.872889 4587988416 retrain.py:1100] 2019-10-09 17:29:22.872829: Step 3450: Validation accuracy = 62.0% (N=100)
INFO:tensorflow:2019-10-09 17:29:23.522744: Step 3460: Train accuracy = 100.0%
I1009 17:29:23.522807 4587988416 retrain.py:1082] 2019-10-09 17:29:23.522744: Step 3460: Train accuracy = 100.0%
INFO:tensorflow:2019-10-09 17:29:23.522972: Step 3460: Cross entropy = 0.102958
I1009 17:29:23.522989 4587988416 retrain.py:1084] 2019-10-09 17:29:23.522972: Step 3460: Cross entropy = 0.102958
INFO:tensorflow:2019-10-09 17:29:23.597490: Step 3460: Validation accuracy = 69.0% (N=100)
I1009 17:29:23.597534 4587988416 retrain.py:1100] 2019-10-09 17:29:23.597490: Step 3460: Validation accuracy = 69.0% (N=100)
INFO:tensorflow:2019-10-09 17:29:24.241719: Step 3470: Train accuracy = 97.0%
I1009 17:29:24.241776 4587988416 retrain.py:1082] 2019-10-09 17:29:24.241719: Step 3470: Train accuracy = 97.0%
INFO:tensorflow:2019-10-09 17:29:24.241919: Step 3470: Cross entropy = 0.159354
I1009 17:29:24.241933 4587988416 retrain.py:1084] 2019-10-09 17:29:24.241919: Step 3470: Cross entropy = 0.159354
INFO:tensorflow:2019-10-09 17:29:24.308241: Step 3470: Validation accuracy = 62.0% (N=100)
I1009 17:29:24.308284 4587988416 retrain.py:1100] 2019-10-09 17:29:24.308241: Step 3470: Validation accuracy = 62.0% (N=100)
INFO:tensorflow:2019-10-09 17:29:24.949614: Step 3480: Train accuracy = 99.0%
I1009 17:29:24.949669 4587988416 retrain.py:1082] 2019-10-09 17:29:24.949614: Step 3480: Train accuracy = 99.0%
INFO:tensorflow:2019-10-09 17:29:24.949803: Step 3480: Cross entropy = 0.109309
I1009 17:29:24.949812 4587988416 retrain.py:1084] 2019-10-09 17:29:24.949803: Step 3480: Cross entropy = 0.109309
INFO:tensorflow:2019-10-09 17:29:25.014789: Step 3480: Validation accuracy = 56.0% (N=100)
I1009 17:29:25.014832 4587988416 retrain.py:1100] 2019-10-09 17:29:25.014789: Step 3480: Validation accuracy = 56.0% (N=100)
INFO:tensorflow:2019-10-09 17:29:25.652491: Step 3490: Train accuracy = 98.0%
I1009 17:29:25.652549 4587988416 retrain.py:1082] 2019-10-09 17:29:25.652491: Step 3490: Train accuracy = 98.0%
INFO:tensorflow:2019-10-09 17:29:25.652685: Step 3490: Cross entropy = 0.117900
I1009 17:29:25.652693 4587988416 retrain.py:1084] 2019-10-09 17:29:25.652685: Step 3490: Cross entropy = 0.117900
INFO:tensorflow:2019-10-09 17:29:25.716572: Step 3490: Validation accuracy = 67.0% (N=100)
I1009 17:29:25.716615 4587988416 retrain.py:1100] 2019-10-09 17:29:25.716572: Step 3490: Validation accuracy = 67.0% (N=100)
INFO:tensorflow:2019-10-09 17:29:26.360573: Step 3500: Train accuracy = 99.0%
I1009 17:29:26.360616 4587988416 retrain.py:1082] 2019-10-09 17:29:26.360573: Step 3500: Train accuracy = 99.0%
INFO:tensorflow:2019-10-09 17:29:26.360752: Step 3500: Cross entropy = 0.106335
I1009 17:29:26.360762 4587988416 retrain.py:1084] 2019-10-09 17:29:26.360752: Step 3500: Cross entropy = 0.106335
INFO:tensorflow:2019-10-09 17:29:26.425214: Step 3500: Validation accuracy = 75.0% (N=100)
I1009 17:29:26.425276 4587988416 retrain.py:1100] 2019-10-09 17:29:26.425214: Step 3500: Validation accuracy = 75.0% (N=100)
INFO:tensorflow:2019-10-09 17:29:27.067668: Step 3510: Train accuracy = 100.0%
I1009 17:29:27.067724 4587988416 retrain.py:1082] 2019-10-09 17:29:27.067668: Step 3510: Train accuracy = 100.0%
INFO:tensorflow:2019-10-09 17:29:27.067848: Step 3510: Cross entropy = 0.117945
I1009 17:29:27.067858 4587988416 retrain.py:1084] 2019-10-09 17:29:27.067848: Step 3510: Cross entropy = 0.117945
INFO:tensorflow:2019-10-09 17:29:27.139451: Step 3510: Validation accuracy = 64.0% (N=100)
I1009 17:29:27.139508 4587988416 retrain.py:1100] 2019-10-09 17:29:27.139451: Step 3510: Validation accuracy = 64.0% (N=100)
INFO:tensorflow:2019-10-09 17:29:27.776019: Step 3520: Train accuracy = 100.0%
I1009 17:29:27.776069 4587988416 retrain.py:1082] 2019-10-09 17:29:27.776019: Step 3520: Train accuracy = 100.0%
INFO:tensorflow:2019-10-09 17:29:27.776218: Step 3520: Cross entropy = 0.109596
I1009 17:29:27.776239 4587988416 retrain.py:1084] 2019-10-09 17:29:27.776218: Step 3520: Cross entropy = 0.109596
INFO:tensorflow:2019-10-09 17:29:27.848572: Step 3520: Validation accuracy = 65.0% (N=100)
I1009 17:29:27.848618 4587988416 retrain.py:1100] 2019-10-09 17:29:27.848572: Step 3520: Validation accuracy = 65.0% (N=100)
INFO:tensorflow:2019-10-09 17:29:28.483805: Step 3530: Train accuracy = 99.0%
I1009 17:29:28.483868 4587988416 retrain.py:1082] 2019-10-09 17:29:28.483805: Step 3530: Train accuracy = 99.0%
INFO:tensorflow:2019-10-09 17:29:28.484031: Step 3530: Cross entropy = 0.111667
I1009 17:29:28.484047 4587988416 retrain.py:1084] 2019-10-09 17:29:28.484031: Step 3530: Cross entropy = 0.111667
INFO:tensorflow:2019-10-09 17:29:28.552979: Step 3530: Validation accuracy = 65.0% (N=100)
I1009 17:29:28.553024 4587988416 retrain.py:1100] 2019-10-09 17:29:28.552979: Step 3530: Validation accuracy = 65.0% (N=100)
INFO:tensorflow:2019-10-09 17:29:29.154701: Step 3540: Train accuracy = 99.0%
I1009 17:29:29.154757 4587988416 retrain.py:1082] 2019-10-09 17:29:29.154701: Step 3540: Train accuracy = 99.0%
INFO:tensorflow:2019-10-09 17:29:29.154892: Step 3540: Cross entropy = 0.117974
I1009 17:29:29.154901 4587988416 retrain.py:1084] 2019-10-09 17:29:29.154892: Step 3540: Cross entropy = 0.117974
INFO:tensorflow:2019-10-09 17:29:29.210690: Step 3540: Validation accuracy = 60.0% (N=100)
I1009 17:29:29.210739 4587988416 retrain.py:1100] 2019-10-09 17:29:29.210690: Step 3540: Validation accuracy = 60.0% (N=100)
INFO:tensorflow:2019-10-09 17:29:29.818824: Step 3550: Train accuracy = 100.0%
I1009 17:29:29.818867 4587988416 retrain.py:1082] 2019-10-09 17:29:29.818824: Step 3550: Train accuracy = 100.0%
INFO:tensorflow:2019-10-09 17:29:29.818991: Step 3550: Cross entropy = 0.118475
I1009 17:29:29.819001 4587988416 retrain.py:1084] 2019-10-09 17:29:29.818991: Step 3550: Cross entropy = 0.118475
INFO:tensorflow:2019-10-09 17:29:29.893947: Step 3550: Validation accuracy = 58.0% (N=100)
I1009 17:29:29.894011 4587988416 retrain.py:1100] 2019-10-09 17:29:29.893947: Step 3550: Validation accuracy = 58.0% (N=100)
INFO:tensorflow:2019-10-09 17:29:30.518774: Step 3560: Train accuracy = 98.0%
I1009 17:29:30.518831 4587988416 retrain.py:1082] 2019-10-09 17:29:30.518774: Step 3560: Train accuracy = 98.0%
INFO:tensorflow:2019-10-09 17:29:30.518966: Step 3560: Cross entropy = 0.117000
I1009 17:29:30.518978 4587988416 retrain.py:1084] 2019-10-09 17:29:30.518966: Step 3560: Cross entropy = 0.117000
INFO:tensorflow:2019-10-09 17:29:30.589746: Step 3560: Validation accuracy = 53.0% (N=100)
I1009 17:29:30.589803 4587988416 retrain.py:1100] 2019-10-09 17:29:30.589746: Step 3560: Validation accuracy = 53.0% (N=100)
INFO:tensorflow:2019-10-09 17:29:31.216229: Step 3570: Train accuracy = 100.0%
I1009 17:29:31.216272 4587988416 retrain.py:1082] 2019-10-09 17:29:31.216229: Step 3570: Train accuracy = 100.0%
INFO:tensorflow:2019-10-09 17:29:31.216420: Step 3570: Cross entropy = 0.090977
I1009 17:29:31.216430 4587988416 retrain.py:1084] 2019-10-09 17:29:31.216420: Step 3570: Cross entropy = 0.090977
INFO:tensorflow:2019-10-09 17:29:31.281448: Step 3570: Validation accuracy = 67.0% (N=100)
I1009 17:29:31.281506 4587988416 retrain.py:1100] 2019-10-09 17:29:31.281448: Step 3570: Validation accuracy = 67.0% (N=100)
INFO:tensorflow:2019-10-09 17:29:31.918025: Step 3580: Train accuracy = 99.0%
I1009 17:29:31.918081 4587988416 retrain.py:1082] 2019-10-09 17:29:31.918025: Step 3580: Train accuracy = 99.0%
INFO:tensorflow:2019-10-09 17:29:31.918205: Step 3580: Cross entropy = 0.107807
I1009 17:29:31.918215 4587988416 retrain.py:1084] 2019-10-09 17:29:31.918205: Step 3580: Cross entropy = 0.107807
INFO:tensorflow:2019-10-09 17:29:31.983529: Step 3580: Validation accuracy = 69.0% (N=100)
I1009 17:29:31.983587 4587988416 retrain.py:1100] 2019-10-09 17:29:31.983529: Step 3580: Validation accuracy = 69.0% (N=100)
INFO:tensorflow:2019-10-09 17:29:32.622584: Step 3590: Train accuracy = 100.0%
I1009 17:29:32.622642 4587988416 retrain.py:1082] 2019-10-09 17:29:32.622584: Step 3590: Train accuracy = 100.0%
INFO:tensorflow:2019-10-09 17:29:32.622799: Step 3590: Cross entropy = 0.109779
I1009 17:29:32.622817 4587988416 retrain.py:1084] 2019-10-09 17:29:32.622799: Step 3590: Cross entropy = 0.109779
INFO:tensorflow:2019-10-09 17:29:32.696571: Step 3590: Validation accuracy = 53.0% (N=100)
I1009 17:29:32.696620 4587988416 retrain.py:1100] 2019-10-09 17:29:32.696571: Step 3590: Validation accuracy = 53.0% (N=100)
INFO:tensorflow:2019-10-09 17:29:33.317853: Step 3600: Train accuracy = 100.0%
I1009 17:29:33.317909 4587988416 retrain.py:1082] 2019-10-09 17:29:33.317853: Step 3600: Train accuracy = 100.0%
INFO:tensorflow:2019-10-09 17:29:33.318045: Step 3600: Cross entropy = 0.133424
I1009 17:29:33.318057 4587988416 retrain.py:1084] 2019-10-09 17:29:33.318045: Step 3600: Cross entropy = 0.133424
INFO:tensorflow:2019-10-09 17:29:33.384873: Step 3600: Validation accuracy = 60.0% (N=100)
I1009 17:29:33.384918 4587988416 retrain.py:1100] 2019-10-09 17:29:33.384873: Step 3600: Validation accuracy = 60.0% (N=100)
INFO:tensorflow:2019-10-09 17:29:33.937586: Step 3610: Train accuracy = 100.0%
I1009 17:29:33.937632 4587988416 retrain.py:1082] 2019-10-09 17:29:33.937586: Step 3610: Train accuracy = 100.0%
INFO:tensorflow:2019-10-09 17:29:33.937739: Step 3610: Cross entropy = 0.118379
I1009 17:29:33.937750 4587988416 retrain.py:1084] 2019-10-09 17:29:33.937739: Step 3610: Cross entropy = 0.118379
INFO:tensorflow:2019-10-09 17:29:34.004868: Step 3610: Validation accuracy = 53.0% (N=100)
I1009 17:29:34.004913 4587988416 retrain.py:1100] 2019-10-09 17:29:34.004868: Step 3610: Validation accuracy = 53.0% (N=100)
INFO:tensorflow:2019-10-09 17:29:34.654197: Step 3620: Train accuracy = 100.0%
I1009 17:29:34.654255 4587988416 retrain.py:1082] 2019-10-09 17:29:34.654197: Step 3620: Train accuracy = 100.0%
INFO:tensorflow:2019-10-09 17:29:34.654390: Step 3620: Cross entropy = 0.116020
I1009 17:29:34.654401 4587988416 retrain.py:1084] 2019-10-09 17:29:34.654390: Step 3620: Cross entropy = 0.116020
INFO:tensorflow:2019-10-09 17:29:34.719973: Step 3620: Validation accuracy = 63.0% (N=100)
I1009 17:29:34.720016 4587988416 retrain.py:1100] 2019-10-09 17:29:34.719973: Step 3620: Validation accuracy = 63.0% (N=100)
INFO:tensorflow:2019-10-09 17:29:35.358109: Step 3630: Train accuracy = 98.0%
I1009 17:29:35.358165 4587988416 retrain.py:1082] 2019-10-09 17:29:35.358109: Step 3630: Train accuracy = 98.0%
INFO:tensorflow:2019-10-09 17:29:35.358288: Step 3630: Cross entropy = 0.127742
I1009 17:29:35.358298 4587988416 retrain.py:1084] 2019-10-09 17:29:35.358288: Step 3630: Cross entropy = 0.127742
INFO:tensorflow:2019-10-09 17:29:35.420073: Step 3630: Validation accuracy = 61.0% (N=100)
I1009 17:29:35.420116 4587988416 retrain.py:1100] 2019-10-09 17:29:35.420073: Step 3630: Validation accuracy = 61.0% (N=100)
INFO:tensorflow:2019-10-09 17:29:36.062043: Step 3640: Train accuracy = 99.0%
I1009 17:29:36.062086 4587988416 retrain.py:1082] 2019-10-09 17:29:36.062043: Step 3640: Train accuracy = 99.0%
INFO:tensorflow:2019-10-09 17:29:36.062222: Step 3640: Cross entropy = 0.113821
I1009 17:29:36.062232 4587988416 retrain.py:1084] 2019-10-09 17:29:36.062222: Step 3640: Cross entropy = 0.113821
INFO:tensorflow:2019-10-09 17:29:36.125273: Step 3640: Validation accuracy = 48.0% (N=100)
I1009 17:29:36.125334 4587988416 retrain.py:1100] 2019-10-09 17:29:36.125273: Step 3640: Validation accuracy = 48.0% (N=100)
INFO:tensorflow:2019-10-09 17:29:36.754227: Step 3650: Train accuracy = 99.0%
I1009 17:29:36.754282 4587988416 retrain.py:1082] 2019-10-09 17:29:36.754227: Step 3650: Train accuracy = 99.0%
INFO:tensorflow:2019-10-09 17:29:36.754404: Step 3650: Cross entropy = 0.121814
I1009 17:29:36.754415 4587988416 retrain.py:1084] 2019-10-09 17:29:36.754404: Step 3650: Cross entropy = 0.121814
INFO:tensorflow:2019-10-09 17:29:36.817634: Step 3650: Validation accuracy = 54.0% (N=100)
I1009 17:29:36.817679 4587988416 retrain.py:1100] 2019-10-09 17:29:36.817634: Step 3650: Validation accuracy = 54.0% (N=100)
INFO:tensorflow:2019-10-09 17:29:37.456157: Step 3660: Train accuracy = 100.0%
I1009 17:29:37.456199 4587988416 retrain.py:1082] 2019-10-09 17:29:37.456157: Step 3660: Train accuracy = 100.0%
INFO:tensorflow:2019-10-09 17:29:37.456343: Step 3660: Cross entropy = 0.112979
I1009 17:29:37.456365 4587988416 retrain.py:1084] 2019-10-09 17:29:37.456343: Step 3660: Cross entropy = 0.112979
INFO:tensorflow:2019-10-09 17:29:37.517207: Step 3660: Validation accuracy = 58.0% (N=100)
I1009 17:29:37.517249 4587988416 retrain.py:1100] 2019-10-09 17:29:37.517207: Step 3660: Validation accuracy = 58.0% (N=100)
INFO:tensorflow:2019-10-09 17:29:38.109357: Step 3670: Train accuracy = 100.0%
I1009 17:29:38.109413 4587988416 retrain.py:1082] 2019-10-09 17:29:38.109357: Step 3670: Train accuracy = 100.0%
INFO:tensorflow:2019-10-09 17:29:38.109548: Step 3670: Cross entropy = 0.096544
I1009 17:29:38.109559 4587988416 retrain.py:1084] 2019-10-09 17:29:38.109548: Step 3670: Cross entropy = 0.096544
INFO:tensorflow:2019-10-09 17:29:38.168499: Step 3670: Validation accuracy = 55.0% (N=100)
I1009 17:29:38.168547 4587988416 retrain.py:1100] 2019-10-09 17:29:38.168499: Step 3670: Validation accuracy = 55.0% (N=100)
INFO:tensorflow:2019-10-09 17:29:38.725483: Step 3680: Train accuracy = 99.0%
I1009 17:29:38.725529 4587988416 retrain.py:1082] 2019-10-09 17:29:38.725483: Step 3680: Train accuracy = 99.0%
INFO:tensorflow:2019-10-09 17:29:38.725641: Step 3680: Cross entropy = 0.119240
I1009 17:29:38.725651 4587988416 retrain.py:1084] 2019-10-09 17:29:38.725641: Step 3680: Cross entropy = 0.119240
INFO:tensorflow:2019-10-09 17:29:38.792661: Step 3680: Validation accuracy = 66.0% (N=100)
I1009 17:29:38.792719 4587988416 retrain.py:1100] 2019-10-09 17:29:38.792661: Step 3680: Validation accuracy = 66.0% (N=100)
INFO:tensorflow:2019-10-09 17:29:39.399846: Step 3690: Train accuracy = 99.0%
I1009 17:29:39.399903 4587988416 retrain.py:1082] 2019-10-09 17:29:39.399846: Step 3690: Train accuracy = 99.0%
INFO:tensorflow:2019-10-09 17:29:39.400023: Step 3690: Cross entropy = 0.109750
I1009 17:29:39.400035 4587988416 retrain.py:1084] 2019-10-09 17:29:39.400023: Step 3690: Cross entropy = 0.109750
INFO:tensorflow:2019-10-09 17:29:39.457008: Step 3690: Validation accuracy = 61.0% (N=100)
I1009 17:29:39.457056 4587988416 retrain.py:1100] 2019-10-09 17:29:39.457008: Step 3690: Validation accuracy = 61.0% (N=100)
INFO:tensorflow:2019-10-09 17:29:40.035921: Step 3700: Train accuracy = 100.0%
I1009 17:29:40.036031 4587988416 retrain.py:1082] 2019-10-09 17:29:40.035921: Step 3700: Train accuracy = 100.0%
INFO:tensorflow:2019-10-09 17:29:40.036285: Step 3700: Cross entropy = 0.090989
I1009 17:29:40.036309 4587988416 retrain.py:1084] 2019-10-09 17:29:40.036285: Step 3700: Cross entropy = 0.090989
INFO:tensorflow:2019-10-09 17:29:40.106503: Step 3700: Validation accuracy = 52.0% (N=100)
I1009 17:29:40.106546 4587988416 retrain.py:1100] 2019-10-09 17:29:40.106503: Step 3700: Validation accuracy = 52.0% (N=100)
INFO:tensorflow:2019-10-09 17:29:40.759712: Step 3710: Train accuracy = 100.0%
I1009 17:29:40.759767 4587988416 retrain.py:1082] 2019-10-09 17:29:40.759712: Step 3710: Train accuracy = 100.0%
INFO:tensorflow:2019-10-09 17:29:40.759887: Step 3710: Cross entropy = 0.105993
I1009 17:29:40.759898 4587988416 retrain.py:1084] 2019-10-09 17:29:40.759887: Step 3710: Cross entropy = 0.105993
INFO:tensorflow:2019-10-09 17:29:40.825134: Step 3710: Validation accuracy = 75.0% (N=100)
I1009 17:29:40.825189 4587988416 retrain.py:1100] 2019-10-09 17:29:40.825134: Step 3710: Validation accuracy = 75.0% (N=100)
INFO:tensorflow:2019-10-09 17:29:41.437962: Step 3720: Train accuracy = 100.0%
I1009 17:29:41.438008 4587988416 retrain.py:1082] 2019-10-09 17:29:41.437962: Step 3720: Train accuracy = 100.0%
INFO:tensorflow:2019-10-09 17:29:41.438120: Step 3720: Cross entropy = 0.125696
I1009 17:29:41.438130 4587988416 retrain.py:1084] 2019-10-09 17:29:41.438120: Step 3720: Cross entropy = 0.125696
INFO:tensorflow:2019-10-09 17:29:41.495140: Step 3720: Validation accuracy = 54.0% (N=100)
I1009 17:29:41.495191 4587988416 retrain.py:1100] 2019-10-09 17:29:41.495140: Step 3720: Validation accuracy = 54.0% (N=100)
INFO:tensorflow:2019-10-09 17:29:42.102704: Step 3730: Train accuracy = 100.0%
I1009 17:29:42.102761 4587988416 retrain.py:1082] 2019-10-09 17:29:42.102704: Step 3730: Train accuracy = 100.0%
INFO:tensorflow:2019-10-09 17:29:42.102882: Step 3730: Cross entropy = 0.094813
I1009 17:29:42.102914 4587988416 retrain.py:1084] 2019-10-09 17:29:42.102882: Step 3730: Cross entropy = 0.094813
INFO:tensorflow:2019-10-09 17:29:42.167615: Step 3730: Validation accuracy = 68.0% (N=100)
I1009 17:29:42.167659 4587988416 retrain.py:1100] 2019-10-09 17:29:42.167615: Step 3730: Validation accuracy = 68.0% (N=100)
INFO:tensorflow:2019-10-09 17:29:42.842416: Step 3740: Train accuracy = 99.0%
I1009 17:29:42.842474 4587988416 retrain.py:1082] 2019-10-09 17:29:42.842416: Step 3740: Train accuracy = 99.0%
INFO:tensorflow:2019-10-09 17:29:42.842623: Step 3740: Cross entropy = 0.128600
I1009 17:29:42.842639 4587988416 retrain.py:1084] 2019-10-09 17:29:42.842623: Step 3740: Cross entropy = 0.128600
INFO:tensorflow:2019-10-09 17:29:42.908490: Step 3740: Validation accuracy = 53.0% (N=100)
I1009 17:29:42.908535 4587988416 retrain.py:1100] 2019-10-09 17:29:42.908490: Step 3740: Validation accuracy = 53.0% (N=100)
INFO:tensorflow:2019-10-09 17:29:43.558010: Step 3750: Train accuracy = 100.0%
I1009 17:29:43.558053 4587988416 retrain.py:1082] 2019-10-09 17:29:43.558010: Step 3750: Train accuracy = 100.0%
INFO:tensorflow:2019-10-09 17:29:43.558174: Step 3750: Cross entropy = 0.131054
I1009 17:29:43.558183 4587988416 retrain.py:1084] 2019-10-09 17:29:43.558174: Step 3750: Cross entropy = 0.131054
INFO:tensorflow:2019-10-09 17:29:43.616664: Step 3750: Validation accuracy = 64.0% (N=100)
I1009 17:29:43.616709 4587988416 retrain.py:1100] 2019-10-09 17:29:43.616664: Step 3750: Validation accuracy = 64.0% (N=100)
INFO:tensorflow:2019-10-09 17:29:44.196648: Step 3760: Train accuracy = 100.0%
I1009 17:29:44.196693 4587988416 retrain.py:1082] 2019-10-09 17:29:44.196648: Step 3760: Train accuracy = 100.0%
INFO:tensorflow:2019-10-09 17:29:44.196807: Step 3760: Cross entropy = 0.097217
I1009 17:29:44.196816 4587988416 retrain.py:1084] 2019-10-09 17:29:44.196807: Step 3760: Cross entropy = 0.097217
INFO:tensorflow:2019-10-09 17:29:44.256336: Step 3760: Validation accuracy = 57.0% (N=100)
I1009 17:29:44.256381 4587988416 retrain.py:1100] 2019-10-09 17:29:44.256336: Step 3760: Validation accuracy = 57.0% (N=100)
INFO:tensorflow:2019-10-09 17:29:44.836178: Step 3770: Train accuracy = 100.0%
I1009 17:29:44.836224 4587988416 retrain.py:1082] 2019-10-09 17:29:44.836178: Step 3770: Train accuracy = 100.0%
INFO:tensorflow:2019-10-09 17:29:44.836338: Step 3770: Cross entropy = 0.104108
I1009 17:29:44.836350 4587988416 retrain.py:1084] 2019-10-09 17:29:44.836338: Step 3770: Cross entropy = 0.104108
INFO:tensorflow:2019-10-09 17:29:44.894466: Step 3770: Validation accuracy = 59.0% (N=100)
I1009 17:29:44.894516 4587988416 retrain.py:1100] 2019-10-09 17:29:44.894466: Step 3770: Validation accuracy = 59.0% (N=100)
INFO:tensorflow:2019-10-09 17:29:45.448553: Step 3780: Train accuracy = 99.0%
I1009 17:29:45.448607 4587988416 retrain.py:1082] 2019-10-09 17:29:45.448553: Step 3780: Train accuracy = 99.0%
INFO:tensorflow:2019-10-09 17:29:45.448729: Step 3780: Cross entropy = 0.118256
I1009 17:29:45.448740 4587988416 retrain.py:1084] 2019-10-09 17:29:45.448729: Step 3780: Cross entropy = 0.118256
INFO:tensorflow:2019-10-09 17:29:45.505314: Step 3780: Validation accuracy = 63.0% (N=100)
I1009 17:29:45.505362 4587988416 retrain.py:1100] 2019-10-09 17:29:45.505314: Step 3780: Validation accuracy = 63.0% (N=100)
INFO:tensorflow:2019-10-09 17:29:46.059563: Step 3790: Train accuracy = 100.0%
I1009 17:29:46.059606 4587988416 retrain.py:1082] 2019-10-09 17:29:46.059563: Step 3790: Train accuracy = 100.0%
INFO:tensorflow:2019-10-09 17:29:46.059742: Step 3790: Cross entropy = 0.095994
I1009 17:29:46.059752 4587988416 retrain.py:1084] 2019-10-09 17:29:46.059742: Step 3790: Cross entropy = 0.095994
INFO:tensorflow:2019-10-09 17:29:46.115868: Step 3790: Validation accuracy = 61.0% (N=100)
I1009 17:29:46.115911 4587988416 retrain.py:1100] 2019-10-09 17:29:46.115868: Step 3790: Validation accuracy = 61.0% (N=100)
INFO:tensorflow:2019-10-09 17:29:46.672364: Step 3800: Train accuracy = 99.0%
I1009 17:29:46.672410 4587988416 retrain.py:1082] 2019-10-09 17:29:46.672364: Step 3800: Train accuracy = 99.0%
INFO:tensorflow:2019-10-09 17:29:46.672521: Step 3800: Cross entropy = 0.095788
I1009 17:29:46.672532 4587988416 retrain.py:1084] 2019-10-09 17:29:46.672521: Step 3800: Cross entropy = 0.095788
INFO:tensorflow:2019-10-09 17:29:46.728661: Step 3800: Validation accuracy = 55.0% (N=100)
I1009 17:29:46.728710 4587988416 retrain.py:1100] 2019-10-09 17:29:46.728661: Step 3800: Validation accuracy = 55.0% (N=100)
INFO:tensorflow:2019-10-09 17:29:47.283200: Step 3810: Train accuracy = 100.0%
I1009 17:29:47.283248 4587988416 retrain.py:1082] 2019-10-09 17:29:47.283200: Step 3810: Train accuracy = 100.0%
INFO:tensorflow:2019-10-09 17:29:47.283375: Step 3810: Cross entropy = 0.093818
I1009 17:29:47.283387 4587988416 retrain.py:1084] 2019-10-09 17:29:47.283375: Step 3810: Cross entropy = 0.093818
INFO:tensorflow:2019-10-09 17:29:47.340807: Step 3810: Validation accuracy = 57.0% (N=100)
I1009 17:29:47.340858 4587988416 retrain.py:1100] 2019-10-09 17:29:47.340807: Step 3810: Validation accuracy = 57.0% (N=100)
INFO:tensorflow:2019-10-09 17:29:47.896888: Step 3820: Train accuracy = 99.0%
I1009 17:29:47.896944 4587988416 retrain.py:1082] 2019-10-09 17:29:47.896888: Step 3820: Train accuracy = 99.0%
INFO:tensorflow:2019-10-09 17:29:47.897108: Step 3820: Cross entropy = 0.126704
I1009 17:29:47.897125 4587988416 retrain.py:1084] 2019-10-09 17:29:47.897108: Step 3820: Cross entropy = 0.126704
INFO:tensorflow:2019-10-09 17:29:47.953069: Step 3820: Validation accuracy = 59.0% (N=100)
I1009 17:29:47.953115 4587988416 retrain.py:1100] 2019-10-09 17:29:47.953069: Step 3820: Validation accuracy = 59.0% (N=100)
INFO:tensorflow:2019-10-09 17:29:48.507336: Step 3830: Train accuracy = 99.0%
I1009 17:29:48.507391 4587988416 retrain.py:1082] 2019-10-09 17:29:48.507336: Step 3830: Train accuracy = 99.0%
INFO:tensorflow:2019-10-09 17:29:48.507514: Step 3830: Cross entropy = 0.128467
I1009 17:29:48.507525 4587988416 retrain.py:1084] 2019-10-09 17:29:48.507514: Step 3830: Cross entropy = 0.128467
INFO:tensorflow:2019-10-09 17:29:48.563862: Step 3830: Validation accuracy = 60.0% (N=100)
I1009 17:29:48.563910 4587988416 retrain.py:1100] 2019-10-09 17:29:48.563862: Step 3830: Validation accuracy = 60.0% (N=100)
INFO:tensorflow:2019-10-09 17:29:49.119756: Step 3840: Train accuracy = 100.0%
I1009 17:29:49.119801 4587988416 retrain.py:1082] 2019-10-09 17:29:49.119756: Step 3840: Train accuracy = 100.0%
INFO:tensorflow:2019-10-09 17:29:49.119915: Step 3840: Cross entropy = 0.084339
I1009 17:29:49.119928 4587988416 retrain.py:1084] 2019-10-09 17:29:49.119915: Step 3840: Cross entropy = 0.084339
INFO:tensorflow:2019-10-09 17:29:49.176106: Step 3840: Validation accuracy = 63.0% (N=100)
I1009 17:29:49.176155 4587988416 retrain.py:1100] 2019-10-09 17:29:49.176106: Step 3840: Validation accuracy = 63.0% (N=100)
INFO:tensorflow:2019-10-09 17:29:49.731028: Step 3850: Train accuracy = 100.0%
I1009 17:29:49.731074 4587988416 retrain.py:1082] 2019-10-09 17:29:49.731028: Step 3850: Train accuracy = 100.0%
INFO:tensorflow:2019-10-09 17:29:49.731204: Step 3850: Cross entropy = 0.102093
I1009 17:29:49.731215 4587988416 retrain.py:1084] 2019-10-09 17:29:49.731204: Step 3850: Cross entropy = 0.102093
INFO:tensorflow:2019-10-09 17:29:49.787973: Step 3850: Validation accuracy = 62.0% (N=100)
I1009 17:29:49.788022 4587988416 retrain.py:1100] 2019-10-09 17:29:49.787973: Step 3850: Validation accuracy = 62.0% (N=100)
INFO:tensorflow:2019-10-09 17:29:50.346171: Step 3860: Train accuracy = 100.0%
I1009 17:29:50.346227 4587988416 retrain.py:1082] 2019-10-09 17:29:50.346171: Step 3860: Train accuracy = 100.0%
INFO:tensorflow:2019-10-09 17:29:50.346351: Step 3860: Cross entropy = 0.105813
I1009 17:29:50.346362 4587988416 retrain.py:1084] 2019-10-09 17:29:50.346351: Step 3860: Cross entropy = 0.105813
INFO:tensorflow:2019-10-09 17:29:50.403234: Step 3860: Validation accuracy = 60.0% (N=100)
I1009 17:29:50.403282 4587988416 retrain.py:1100] 2019-10-09 17:29:50.403234: Step 3860: Validation accuracy = 60.0% (N=100)
INFO:tensorflow:2019-10-09 17:29:50.957918: Step 3870: Train accuracy = 99.0%
I1009 17:29:50.957973 4587988416 retrain.py:1082] 2019-10-09 17:29:50.957918: Step 3870: Train accuracy = 99.0%
INFO:tensorflow:2019-10-09 17:29:50.958094: Step 3870: Cross entropy = 0.105952
I1009 17:29:50.958125 4587988416 retrain.py:1084] 2019-10-09 17:29:50.958094: Step 3870: Cross entropy = 0.105952
INFO:tensorflow:2019-10-09 17:29:51.014870: Step 3870: Validation accuracy = 60.0% (N=100)
I1009 17:29:51.014935 4587988416 retrain.py:1100] 2019-10-09 17:29:51.014870: Step 3870: Validation accuracy = 60.0% (N=100)
INFO:tensorflow:2019-10-09 17:29:51.571677: Step 3880: Train accuracy = 100.0%
I1009 17:29:51.571723 4587988416 retrain.py:1082] 2019-10-09 17:29:51.571677: Step 3880: Train accuracy = 100.0%
INFO:tensorflow:2019-10-09 17:29:51.571835: Step 3880: Cross entropy = 0.098921
I1009 17:29:51.571847 4587988416 retrain.py:1084] 2019-10-09 17:29:51.571835: Step 3880: Cross entropy = 0.098921
INFO:tensorflow:2019-10-09 17:29:51.628306: Step 3880: Validation accuracy = 59.0% (N=100)
I1009 17:29:51.628357 4587988416 retrain.py:1100] 2019-10-09 17:29:51.628306: Step 3880: Validation accuracy = 59.0% (N=100)
INFO:tensorflow:2019-10-09 17:29:52.184482: Step 3890: Train accuracy = 100.0%
I1009 17:29:52.184528 4587988416 retrain.py:1082] 2019-10-09 17:29:52.184482: Step 3890: Train accuracy = 100.0%
INFO:tensorflow:2019-10-09 17:29:52.184640: Step 3890: Cross entropy = 0.101292
I1009 17:29:52.184650 4587988416 retrain.py:1084] 2019-10-09 17:29:52.184640: Step 3890: Cross entropy = 0.101292
INFO:tensorflow:2019-10-09 17:29:52.241133: Step 3890: Validation accuracy = 61.0% (N=100)
I1009 17:29:52.241181 4587988416 retrain.py:1100] 2019-10-09 17:29:52.241133: Step 3890: Validation accuracy = 61.0% (N=100)
INFO:tensorflow:2019-10-09 17:29:52.795930: Step 3900: Train accuracy = 99.0%
I1009 17:29:52.795975 4587988416 retrain.py:1082] 2019-10-09 17:29:52.795930: Step 3900: Train accuracy = 99.0%
INFO:tensorflow:2019-10-09 17:29:52.796086: Step 3900: Cross entropy = 0.109170
I1009 17:29:52.796096 4587988416 retrain.py:1084] 2019-10-09 17:29:52.796086: Step 3900: Cross entropy = 0.109170
INFO:tensorflow:2019-10-09 17:29:52.854664: Step 3900: Validation accuracy = 58.0% (N=100)
I1009 17:29:52.854712 4587988416 retrain.py:1100] 2019-10-09 17:29:52.854664: Step 3900: Validation accuracy = 58.0% (N=100)
INFO:tensorflow:2019-10-09 17:29:53.410530: Step 3910: Train accuracy = 100.0%
I1009 17:29:53.410586 4587988416 retrain.py:1082] 2019-10-09 17:29:53.410530: Step 3910: Train accuracy = 100.0%
INFO:tensorflow:2019-10-09 17:29:53.410721: Step 3910: Cross entropy = 0.101777
I1009 17:29:53.410732 4587988416 retrain.py:1084] 2019-10-09 17:29:53.410721: Step 3910: Cross entropy = 0.101777
INFO:tensorflow:2019-10-09 17:29:53.467428: Step 3910: Validation accuracy = 60.0% (N=100)
I1009 17:29:53.467472 4587988416 retrain.py:1100] 2019-10-09 17:29:53.467428: Step 3910: Validation accuracy = 60.0% (N=100)
INFO:tensorflow:2019-10-09 17:29:54.024330: Step 3920: Train accuracy = 98.0%
I1009 17:29:54.024377 4587988416 retrain.py:1082] 2019-10-09 17:29:54.024330: Step 3920: Train accuracy = 98.0%
INFO:tensorflow:2019-10-09 17:29:54.024490: Step 3920: Cross entropy = 0.104928
I1009 17:29:54.024502 4587988416 retrain.py:1084] 2019-10-09 17:29:54.024490: Step 3920: Cross entropy = 0.104928
INFO:tensorflow:2019-10-09 17:29:54.081145: Step 3920: Validation accuracy = 47.0% (N=100)
I1009 17:29:54.081195 4587988416 retrain.py:1100] 2019-10-09 17:29:54.081145: Step 3920: Validation accuracy = 47.0% (N=100)
INFO:tensorflow:2019-10-09 17:29:54.636866: Step 3930: Train accuracy = 99.0%
I1009 17:29:54.636912 4587988416 retrain.py:1082] 2019-10-09 17:29:54.636866: Step 3930: Train accuracy = 99.0%
INFO:tensorflow:2019-10-09 17:29:54.637026: Step 3930: Cross entropy = 0.111571
I1009 17:29:54.637036 4587988416 retrain.py:1084] 2019-10-09 17:29:54.637026: Step 3930: Cross entropy = 0.111571
INFO:tensorflow:2019-10-09 17:29:54.694573: Step 3930: Validation accuracy = 51.0% (N=100)
I1009 17:29:54.694632 4587988416 retrain.py:1100] 2019-10-09 17:29:54.694573: Step 3930: Validation accuracy = 51.0% (N=100)
INFO:tensorflow:2019-10-09 17:29:55.252112: Step 3940: Train accuracy = 100.0%
I1009 17:29:55.252167 4587988416 retrain.py:1082] 2019-10-09 17:29:55.252112: Step 3940: Train accuracy = 100.0%
INFO:tensorflow:2019-10-09 17:29:55.252303: Step 3940: Cross entropy = 0.090313
I1009 17:29:55.252314 4587988416 retrain.py:1084] 2019-10-09 17:29:55.252303: Step 3940: Cross entropy = 0.090313
INFO:tensorflow:2019-10-09 17:29:55.308663: Step 3940: Validation accuracy = 57.0% (N=100)
I1009 17:29:55.308712 4587988416 retrain.py:1100] 2019-10-09 17:29:55.308663: Step 3940: Validation accuracy = 57.0% (N=100)
INFO:tensorflow:2019-10-09 17:29:55.864817: Step 3950: Train accuracy = 100.0%
I1009 17:29:55.864861 4587988416 retrain.py:1082] 2019-10-09 17:29:55.864817: Step 3950: Train accuracy = 100.0%
INFO:tensorflow:2019-10-09 17:29:55.864973: Step 3950: Cross entropy = 0.093714
I1009 17:29:55.864984 4587988416 retrain.py:1084] 2019-10-09 17:29:55.864973: Step 3950: Cross entropy = 0.093714
INFO:tensorflow:2019-10-09 17:29:55.920989: Step 3950: Validation accuracy = 54.0% (N=100)
I1009 17:29:55.921038 4587988416 retrain.py:1100] 2019-10-09 17:29:55.920989: Step 3950: Validation accuracy = 54.0% (N=100)
INFO:tensorflow:2019-10-09 17:29:56.477466: Step 3960: Train accuracy = 100.0%
I1009 17:29:56.477511 4587988416 retrain.py:1082] 2019-10-09 17:29:56.477466: Step 3960: Train accuracy = 100.0%
INFO:tensorflow:2019-10-09 17:29:56.477623: Step 3960: Cross entropy = 0.092306
I1009 17:29:56.477635 4587988416 retrain.py:1084] 2019-10-09 17:29:56.477623: Step 3960: Cross entropy = 0.092306
INFO:tensorflow:2019-10-09 17:29:56.534533: Step 3960: Validation accuracy = 53.0% (N=100)
I1009 17:29:56.534580 4587988416 retrain.py:1100] 2019-10-09 17:29:56.534533: Step 3960: Validation accuracy = 53.0% (N=100)
INFO:tensorflow:2019-10-09 17:29:57.092217: Step 3970: Train accuracy = 100.0%
I1009 17:29:57.092266 4587988416 retrain.py:1082] 2019-10-09 17:29:57.092217: Step 3970: Train accuracy = 100.0%
INFO:tensorflow:2019-10-09 17:29:57.092391: Step 3970: Cross entropy = 0.090283
I1009 17:29:57.092403 4587988416 retrain.py:1084] 2019-10-09 17:29:57.092391: Step 3970: Cross entropy = 0.090283
INFO:tensorflow:2019-10-09 17:29:57.149074: Step 3970: Validation accuracy = 59.0% (N=100)
I1009 17:29:57.149121 4587988416 retrain.py:1100] 2019-10-09 17:29:57.149074: Step 3970: Validation accuracy = 59.0% (N=100)
INFO:tensorflow:2019-10-09 17:29:57.704904: Step 3980: Train accuracy = 100.0%
I1009 17:29:57.704948 4587988416 retrain.py:1082] 2019-10-09 17:29:57.704904: Step 3980: Train accuracy = 100.0%
INFO:tensorflow:2019-10-09 17:29:57.705071: Step 3980: Cross entropy = 0.081477
I1009 17:29:57.705080 4587988416 retrain.py:1084] 2019-10-09 17:29:57.705071: Step 3980: Cross entropy = 0.081477
INFO:tensorflow:2019-10-09 17:29:57.761599: Step 3980: Validation accuracy = 62.0% (N=100)
I1009 17:29:57.761648 4587988416 retrain.py:1100] 2019-10-09 17:29:57.761599: Step 3980: Validation accuracy = 62.0% (N=100)
INFO:tensorflow:2019-10-09 17:29:58.320003: Step 3990: Train accuracy = 100.0%
I1009 17:29:58.320048 4587988416 retrain.py:1082] 2019-10-09 17:29:58.320003: Step 3990: Train accuracy = 100.0%
INFO:tensorflow:2019-10-09 17:29:58.320156: Step 3990: Cross entropy = 0.093630
I1009 17:29:58.320166 4587988416 retrain.py:1084] 2019-10-09 17:29:58.320156: Step 3990: Cross entropy = 0.093630
INFO:tensorflow:2019-10-09 17:29:58.377528: Step 3990: Validation accuracy = 63.0% (N=100)
I1009 17:29:58.377577 4587988416 retrain.py:1100] 2019-10-09 17:29:58.377528: Step 3990: Validation accuracy = 63.0% (N=100)
INFO:tensorflow:2019-10-09 17:29:58.880930: Step 3999: Train accuracy = 100.0%
I1009 17:29:58.880974 4587988416 retrain.py:1082] 2019-10-09 17:29:58.880930: Step 3999: Train accuracy = 100.0%
INFO:tensorflow:2019-10-09 17:29:58.881086: Step 3999: Cross entropy = 0.101956
I1009 17:29:58.881097 4587988416 retrain.py:1084] 2019-10-09 17:29:58.881086: Step 3999: Cross entropy = 0.101956
INFO:tensorflow:2019-10-09 17:29:58.938703: Step 3999: Validation accuracy = 54.0% (N=100)
I1009 17:29:58.938754 4587988416 retrain.py:1100] 2019-10-09 17:29:58.938703: Step 3999: Validation accuracy = 54.0% (N=100)
INFO:tensorflow:Final test accuracy = 53.3% (N=30)
I1009 17:30:01.248261 4587988416 retrain.py:1126] Final test accuracy = 53.3% (N=30)
WARNING:tensorflow:From /Users/dbusaba2/affinity_2D/tensorflow-for-poets-2/scripts/retrain.py:827: convert_variables_to_constants (from tensorflow.python.framework.graph_util_impl) is deprecated and will be removed in a future version.
Instructions for updating:
Use `tf.compat.v1.graph_util.convert_variables_to_constants`
W1009 17:30:01.416061 4587988416 deprecation.py:323] From /Users/dbusaba2/affinity_2D/tensorflow-for-poets-2/scripts/retrain.py:827: convert_variables_to_constants (from tensorflow.python.framework.graph_util_impl) is deprecated and will be removed in a future version.
Instructions for updating:
Use `tf.compat.v1.graph_util.convert_variables_to_constants`
WARNING:tensorflow:From /Library/Frameworks/Python.framework/Versions/3.7/lib/python3.7/site-packages/tensorflow/python/framework/graph_util_impl.py:270: extract_sub_graph (from tensorflow.python.framework.graph_util_impl) is deprecated and will be removed in a future version.
Instructions for updating:
Use `tf.compat.v1.graph_util.extract_sub_graph`
W1009 17:30:01.416229 4587988416 deprecation.py:323] From /Library/Frameworks/Python.framework/Versions/3.7/lib/python3.7/site-packages/tensorflow/python/framework/graph_util_impl.py:270: extract_sub_graph (from tensorflow.python.framework.graph_util_impl) is deprecated and will be removed in a future version.
Instructions for updating:
Use `tf.compat.v1.graph_util.extract_sub_graph`
INFO:tensorflow:Froze 2 variables.
I1009 17:30:01.683493 4587988416 graph_util_impl.py:311] Froze 2 variables.
INFO:tensorflow:Converted 2 variables to const ops.
I1009 17:30:01.756782 4587988416 graph_util_impl.py:364] Converted 2 variables to const ops.
