/Library/Frameworks/Python.framework/Versions/3.7/lib/python3.7/site-packages/tensorflow/python/framework/dtypes.py:516: FutureWarning: Passing (type, 1) or '1type' as a synonym of type is deprecated; in a future version of numpy, it will be understood as (type, (1,)) / '(1,)type'.
  _np_qint8 = np.dtype([("qint8", np.int8, 1)])
/Library/Frameworks/Python.framework/Versions/3.7/lib/python3.7/site-packages/tensorflow/python/framework/dtypes.py:517: FutureWarning: Passing (type, 1) or '1type' as a synonym of type is deprecated; in a future version of numpy, it will be understood as (type, (1,)) / '(1,)type'.
  _np_quint8 = np.dtype([("quint8", np.uint8, 1)])
/Library/Frameworks/Python.framework/Versions/3.7/lib/python3.7/site-packages/tensorflow/python/framework/dtypes.py:518: FutureWarning: Passing (type, 1) or '1type' as a synonym of type is deprecated; in a future version of numpy, it will be understood as (type, (1,)) / '(1,)type'.
  _np_qint16 = np.dtype([("qint16", np.int16, 1)])
/Library/Frameworks/Python.framework/Versions/3.7/lib/python3.7/site-packages/tensorflow/python/framework/dtypes.py:519: FutureWarning: Passing (type, 1) or '1type' as a synonym of type is deprecated; in a future version of numpy, it will be understood as (type, (1,)) / '(1,)type'.
  _np_quint16 = np.dtype([("quint16", np.uint16, 1)])
/Library/Frameworks/Python.framework/Versions/3.7/lib/python3.7/site-packages/tensorflow/python/framework/dtypes.py:520: FutureWarning: Passing (type, 1) or '1type' as a synonym of type is deprecated; in a future version of numpy, it will be understood as (type, (1,)) / '(1,)type'.
  _np_qint32 = np.dtype([("qint32", np.int32, 1)])
/Library/Frameworks/Python.framework/Versions/3.7/lib/python3.7/site-packages/tensorflow/python/framework/dtypes.py:525: FutureWarning: Passing (type, 1) or '1type' as a synonym of type is deprecated; in a future version of numpy, it will be understood as (type, (1,)) / '(1,)type'.
  np_resource = np.dtype([("resource", np.ubyte, 1)])
/Library/Frameworks/Python.framework/Versions/3.7/lib/python3.7/site-packages/tensorboard/compat/tensorflow_stub/dtypes.py:541: FutureWarning: Passing (type, 1) or '1type' as a synonym of type is deprecated; in a future version of numpy, it will be understood as (type, (1,)) / '(1,)type'.
  _np_qint8 = np.dtype([("qint8", np.int8, 1)])
/Library/Frameworks/Python.framework/Versions/3.7/lib/python3.7/site-packages/tensorboard/compat/tensorflow_stub/dtypes.py:542: FutureWarning: Passing (type, 1) or '1type' as a synonym of type is deprecated; in a future version of numpy, it will be understood as (type, (1,)) / '(1,)type'.
  _np_quint8 = np.dtype([("quint8", np.uint8, 1)])
/Library/Frameworks/Python.framework/Versions/3.7/lib/python3.7/site-packages/tensorboard/compat/tensorflow_stub/dtypes.py:543: FutureWarning: Passing (type, 1) or '1type' as a synonym of type is deprecated; in a future version of numpy, it will be understood as (type, (1,)) / '(1,)type'.
  _np_qint16 = np.dtype([("qint16", np.int16, 1)])
/Library/Frameworks/Python.framework/Versions/3.7/lib/python3.7/site-packages/tensorboard/compat/tensorflow_stub/dtypes.py:544: FutureWarning: Passing (type, 1) or '1type' as a synonym of type is deprecated; in a future version of numpy, it will be understood as (type, (1,)) / '(1,)type'.
  _np_quint16 = np.dtype([("quint16", np.uint16, 1)])
/Library/Frameworks/Python.framework/Versions/3.7/lib/python3.7/site-packages/tensorboard/compat/tensorflow_stub/dtypes.py:545: FutureWarning: Passing (type, 1) or '1type' as a synonym of type is deprecated; in a future version of numpy, it will be understood as (type, (1,)) / '(1,)type'.
  _np_qint32 = np.dtype([("qint32", np.int32, 1)])
/Library/Frameworks/Python.framework/Versions/3.7/lib/python3.7/site-packages/tensorboard/compat/tensorflow_stub/dtypes.py:550: FutureWarning: Passing (type, 1) or '1type' as a synonym of type is deprecated; in a future version of numpy, it will be understood as (type, (1,)) / '(1,)type'.
  np_resource = np.dtype([("resource", np.ubyte, 1)])
WARNING:tensorflow:From /Users/dbusaba2/affinity_2D/tensorflow-for-poets-2/scripts/retrain.py:1326: The name tf.app.run is deprecated. Please use tf.compat.v1.app.run instead.

WARNING:tensorflow:From /Users/dbusaba2/affinity_2D/tensorflow-for-poets-2/scripts/retrain.py:970: The name tf.logging.set_verbosity is deprecated. Please use tf.compat.v1.logging.set_verbosity instead.

W1009 17:34:26.301395 4760135104 deprecation_wrapper.py:119] From /Users/dbusaba2/affinity_2D/tensorflow-for-poets-2/scripts/retrain.py:970: The name tf.logging.set_verbosity is deprecated. Please use tf.compat.v1.logging.set_verbosity instead.

WARNING:tensorflow:From /Users/dbusaba2/affinity_2D/tensorflow-for-poets-2/scripts/retrain.py:970: The name tf.logging.INFO is deprecated. Please use tf.compat.v1.logging.INFO instead.

W1009 17:34:26.301527 4760135104 deprecation_wrapper.py:119] From /Users/dbusaba2/affinity_2D/tensorflow-for-poets-2/scripts/retrain.py:970: The name tf.logging.INFO is deprecated. Please use tf.compat.v1.logging.INFO instead.

WARNING:tensorflow:From /Users/dbusaba2/affinity_2D/tensorflow-for-poets-2/scripts/retrain.py:835: The name tf.gfile.Exists is deprecated. Please use tf.io.gfile.exists instead.

W1009 17:34:26.301609 4760135104 deprecation_wrapper.py:119] From /Users/dbusaba2/affinity_2D/tensorflow-for-poets-2/scripts/retrain.py:835: The name tf.gfile.Exists is deprecated. Please use tf.io.gfile.exists instead.

WARNING:tensorflow:From /Users/dbusaba2/affinity_2D/tensorflow-for-poets-2/scripts/retrain.py:836: The name tf.gfile.DeleteRecursively is deprecated. Please use tf.io.gfile.rmtree instead.

W1009 17:34:26.301690 4760135104 deprecation_wrapper.py:119] From /Users/dbusaba2/affinity_2D/tensorflow-for-poets-2/scripts/retrain.py:836: The name tf.gfile.DeleteRecursively is deprecated. Please use tf.io.gfile.rmtree instead.

WARNING:tensorflow:From /Users/dbusaba2/affinity_2D/tensorflow-for-poets-2/scripts/retrain.py:837: The name tf.gfile.MakeDirs is deprecated. Please use tf.io.gfile.makedirs instead.

W1009 17:34:26.307803 4760135104 deprecation_wrapper.py:119] From /Users/dbusaba2/affinity_2D/tensorflow-for-poets-2/scripts/retrain.py:837: The name tf.gfile.MakeDirs is deprecated. Please use tf.io.gfile.makedirs instead.

WARNING:tensorflow:From /Users/dbusaba2/affinity_2D/tensorflow-for-poets-2/scripts/retrain.py:274: FastGFile.__init__ (from tensorflow.python.platform.gfile) is deprecated and will be removed in a future version.
Instructions for updating:
Use tf.gfile.GFile.
W1009 17:34:26.874818 4760135104 deprecation.py:323] From /Users/dbusaba2/affinity_2D/tensorflow-for-poets-2/scripts/retrain.py:274: FastGFile.__init__ (from tensorflow.python.platform.gfile) is deprecated and will be removed in a future version.
Instructions for updating:
Use tf.gfile.GFile.
WARNING:tensorflow:From /Users/dbusaba2/affinity_2D/tensorflow-for-poets-2/scripts/retrain.py:275: The name tf.GraphDef is deprecated. Please use tf.compat.v1.GraphDef instead.

W1009 17:34:26.874989 4760135104 deprecation_wrapper.py:119] From /Users/dbusaba2/affinity_2D/tensorflow-for-poets-2/scripts/retrain.py:275: The name tf.GraphDef is deprecated. Please use tf.compat.v1.GraphDef instead.

2019-10-09 17:34:27.139864: W tensorflow/core/framework/op_def_util.cc:357] Op BatchNormWithGlobalNormalization is deprecated. It will cease to work in GraphDef version 9. Use tf.nn.batch_normalization().
WARNING:tensorflow:From /Users/dbusaba2/affinity_2D/tensorflow-for-poets-2/scripts/retrain.py:156: The name tf.logging.info is deprecated. Please use tf.compat.v1.logging.info instead.

W1009 17:34:27.327917 4760135104 deprecation_wrapper.py:119] From /Users/dbusaba2/affinity_2D/tensorflow-for-poets-2/scripts/retrain.py:156: The name tf.logging.info is deprecated. Please use tf.compat.v1.logging.info instead.

INFO:tensorflow:Looking for images in 'Abnormal'
I1009 17:34:27.328050 4760135104 retrain.py:156] Looking for images in 'Abnormal'
INFO:tensorflow:Looking for images in 'Normal'
I1009 17:34:27.332345 4760135104 retrain.py:156] Looking for images in 'Normal'
WARNING:tensorflow:From /Users/dbusaba2/affinity_2D/tensorflow-for-poets-2/scripts/retrain.py:1004: The name tf.Session is deprecated. Please use tf.compat.v1.Session instead.

W1009 17:34:27.337800 4760135104 deprecation_wrapper.py:119] From /Users/dbusaba2/affinity_2D/tensorflow-for-poets-2/scripts/retrain.py:1004: The name tf.Session is deprecated. Please use tf.compat.v1.Session instead.

2019-10-09 17:34:27.338046: I tensorflow/core/platform/cpu_feature_guard.cc:142] Your CPU supports instructions that this TensorFlow binary was not compiled to use: AVX2 FMA
WARNING:tensorflow:From /Users/dbusaba2/affinity_2D/tensorflow-for-poets-2/scripts/retrain.py:954: The name tf.placeholder is deprecated. Please use tf.compat.v1.placeholder instead.

W1009 17:34:27.338371 4760135104 deprecation_wrapper.py:119] From /Users/dbusaba2/affinity_2D/tensorflow-for-poets-2/scripts/retrain.py:954: The name tf.placeholder is deprecated. Please use tf.compat.v1.placeholder instead.

WARNING:tensorflow:From /Users/dbusaba2/affinity_2D/tensorflow-for-poets-2/scripts/retrain.py:960: The name tf.image.resize_bilinear is deprecated. Please use tf.compat.v1.image.resize_bilinear instead.

W1009 17:34:27.341034 4760135104 deprecation_wrapper.py:119] From /Users/dbusaba2/affinity_2D/tensorflow-for-poets-2/scripts/retrain.py:960: The name tf.image.resize_bilinear is deprecated. Please use tf.compat.v1.image.resize_bilinear instead.

INFO:tensorflow:100 bottleneck files created.
I1009 17:34:27.390672 4760135104 retrain.py:481] 100 bottleneck files created.
INFO:tensorflow:200 bottleneck files created.
I1009 17:34:27.438437 4760135104 retrain.py:481] 200 bottleneck files created.
INFO:tensorflow:300 bottleneck files created.
I1009 17:34:27.484877 4760135104 retrain.py:481] 300 bottleneck files created.
WARNING:tensorflow:From /Users/dbusaba2/affinity_2D/tensorflow-for-poets-2/scripts/retrain.py:758: The name tf.placeholder_with_default is deprecated. Please use tf.compat.v1.placeholder_with_default instead.

W1009 17:34:27.495185 4760135104 deprecation_wrapper.py:119] From /Users/dbusaba2/affinity_2D/tensorflow-for-poets-2/scripts/retrain.py:758: The name tf.placeholder_with_default is deprecated. Please use tf.compat.v1.placeholder_with_default instead.

WARNING:tensorflow:From /Users/dbusaba2/affinity_2D/tensorflow-for-poets-2/scripts/retrain.py:772: The name tf.truncated_normal is deprecated. Please use tf.random.truncated_normal instead.

W1009 17:34:27.496829 4760135104 deprecation_wrapper.py:119] From /Users/dbusaba2/affinity_2D/tensorflow-for-poets-2/scripts/retrain.py:772: The name tf.truncated_normal is deprecated. Please use tf.random.truncated_normal instead.

WARNING:tensorflow:From /Users/dbusaba2/affinity_2D/tensorflow-for-poets-2/scripts/retrain.py:726: The name tf.summary.scalar is deprecated. Please use tf.compat.v1.summary.scalar instead.

W1009 17:34:27.505416 4760135104 deprecation_wrapper.py:119] From /Users/dbusaba2/affinity_2D/tensorflow-for-poets-2/scripts/retrain.py:726: The name tf.summary.scalar is deprecated. Please use tf.compat.v1.summary.scalar instead.

WARNING:tensorflow:From /Users/dbusaba2/affinity_2D/tensorflow-for-poets-2/scripts/retrain.py:732: The name tf.summary.histogram is deprecated. Please use tf.compat.v1.summary.histogram instead.

W1009 17:34:27.514288 4760135104 deprecation_wrapper.py:119] From /Users/dbusaba2/affinity_2D/tensorflow-for-poets-2/scripts/retrain.py:732: The name tf.summary.histogram is deprecated. Please use tf.compat.v1.summary.histogram instead.

WARNING:tensorflow:From /Users/dbusaba2/affinity_2D/tensorflow-for-poets-2/scripts/retrain.py:790: softmax_cross_entropy_with_logits (from tensorflow.python.ops.nn_ops) is deprecated and will be removed in a future version.
Instructions for updating:

Future major versions of TensorFlow will allow gradients to flow
into the labels input on backprop by default.

See `tf.nn.softmax_cross_entropy_with_logits_v2`.

W1009 17:34:27.531012 4760135104 deprecation.py:323] From /Users/dbusaba2/affinity_2D/tensorflow-for-poets-2/scripts/retrain.py:790: softmax_cross_entropy_with_logits (from tensorflow.python.ops.nn_ops) is deprecated and will be removed in a future version.
Instructions for updating:

Future major versions of TensorFlow will allow gradients to flow
into the labels input on backprop by default.

See `tf.nn.softmax_cross_entropy_with_logits_v2`.

WARNING:tensorflow:From /Users/dbusaba2/affinity_2D/tensorflow-for-poets-2/scripts/retrain.py:796: The name tf.train.GradientDescentOptimizer is deprecated. Please use tf.compat.v1.train.GradientDescentOptimizer instead.

W1009 17:34:27.545061 4760135104 deprecation_wrapper.py:119] From /Users/dbusaba2/affinity_2D/tensorflow-for-poets-2/scripts/retrain.py:796: The name tf.train.GradientDescentOptimizer is deprecated. Please use tf.compat.v1.train.GradientDescentOptimizer instead.

WARNING:tensorflow:From /Users/dbusaba2/affinity_2D/tensorflow-for-poets-2/scripts/retrain.py:1038: The name tf.summary.merge_all is deprecated. Please use tf.compat.v1.summary.merge_all instead.

W1009 17:34:27.576728 4760135104 deprecation_wrapper.py:119] From /Users/dbusaba2/affinity_2D/tensorflow-for-poets-2/scripts/retrain.py:1038: The name tf.summary.merge_all is deprecated. Please use tf.compat.v1.summary.merge_all instead.

WARNING:tensorflow:From /Users/dbusaba2/affinity_2D/tensorflow-for-poets-2/scripts/retrain.py:1039: The name tf.summary.FileWriter is deprecated. Please use tf.compat.v1.summary.FileWriter instead.

W1009 17:34:27.577547 4760135104 deprecation_wrapper.py:119] From /Users/dbusaba2/affinity_2D/tensorflow-for-poets-2/scripts/retrain.py:1039: The name tf.summary.FileWriter is deprecated. Please use tf.compat.v1.summary.FileWriter instead.

INFO:tensorflow:2019-10-09 17:34:33.982177: Step 0: Train accuracy = 56.0%
I1009 17:34:33.982236 4760135104 retrain.py:1082] 2019-10-09 17:34:33.982177: Step 0: Train accuracy = 56.0%
INFO:tensorflow:2019-10-09 17:34:33.982355: Step 0: Cross entropy = 0.674826
I1009 17:34:33.982379 4760135104 retrain.py:1084] 2019-10-09 17:34:33.982355: Step 0: Cross entropy = 0.674826
INFO:tensorflow:2019-10-09 17:34:36.390011: Step 0: Validation accuracy = 55.0% (N=100)
I1009 17:34:36.390058 4760135104 retrain.py:1100] 2019-10-09 17:34:36.390011: Step 0: Validation accuracy = 55.0% (N=100)
INFO:tensorflow:2019-10-09 17:34:36.944496: Step 10: Train accuracy = 63.0%
I1009 17:34:36.944540 4760135104 retrain.py:1082] 2019-10-09 17:34:36.944496: Step 10: Train accuracy = 63.0%
INFO:tensorflow:2019-10-09 17:34:36.944647: Step 10: Cross entropy = 0.643233
I1009 17:34:36.944657 4760135104 retrain.py:1084] 2019-10-09 17:34:36.944647: Step 10: Cross entropy = 0.643233
INFO:tensorflow:2019-10-09 17:34:37.000496: Step 10: Validation accuracy = 65.0% (N=100)
I1009 17:34:37.000542 4760135104 retrain.py:1100] 2019-10-09 17:34:37.000496: Step 10: Validation accuracy = 65.0% (N=100)
INFO:tensorflow:2019-10-09 17:34:37.551188: Step 20: Train accuracy = 72.0%
I1009 17:34:37.551233 4760135104 retrain.py:1082] 2019-10-09 17:34:37.551188: Step 20: Train accuracy = 72.0%
INFO:tensorflow:2019-10-09 17:34:37.551341: Step 20: Cross entropy = 0.565319
I1009 17:34:37.551352 4760135104 retrain.py:1084] 2019-10-09 17:34:37.551341: Step 20: Cross entropy = 0.565319
INFO:tensorflow:2019-10-09 17:34:37.607459: Step 20: Validation accuracy = 59.0% (N=100)
I1009 17:34:37.607506 4760135104 retrain.py:1100] 2019-10-09 17:34:37.607459: Step 20: Validation accuracy = 59.0% (N=100)
INFO:tensorflow:2019-10-09 17:34:38.158575: Step 30: Train accuracy = 72.0%
I1009 17:34:38.158618 4760135104 retrain.py:1082] 2019-10-09 17:34:38.158575: Step 30: Train accuracy = 72.0%
INFO:tensorflow:2019-10-09 17:34:38.158742: Step 30: Cross entropy = 0.576310
I1009 17:34:38.158755 4760135104 retrain.py:1084] 2019-10-09 17:34:38.158742: Step 30: Cross entropy = 0.576310
INFO:tensorflow:2019-10-09 17:34:38.214699: Step 30: Validation accuracy = 57.0% (N=100)
I1009 17:34:38.214744 4760135104 retrain.py:1100] 2019-10-09 17:34:38.214699: Step 30: Validation accuracy = 57.0% (N=100)
INFO:tensorflow:2019-10-09 17:34:38.765150: Step 40: Train accuracy = 67.0%
I1009 17:34:38.765193 4760135104 retrain.py:1082] 2019-10-09 17:34:38.765150: Step 40: Train accuracy = 67.0%
INFO:tensorflow:2019-10-09 17:34:38.765304: Step 40: Cross entropy = 0.632876
I1009 17:34:38.765315 4760135104 retrain.py:1084] 2019-10-09 17:34:38.765304: Step 40: Cross entropy = 0.632876
INFO:tensorflow:2019-10-09 17:34:38.821872: Step 40: Validation accuracy = 55.0% (N=100)
I1009 17:34:38.821919 4760135104 retrain.py:1100] 2019-10-09 17:34:38.821872: Step 40: Validation accuracy = 55.0% (N=100)
INFO:tensorflow:2019-10-09 17:34:39.369055: Step 50: Train accuracy = 70.0%
I1009 17:34:39.369098 4760135104 retrain.py:1082] 2019-10-09 17:34:39.369055: Step 50: Train accuracy = 70.0%
INFO:tensorflow:2019-10-09 17:34:39.369205: Step 50: Cross entropy = 0.607135
I1009 17:34:39.369215 4760135104 retrain.py:1084] 2019-10-09 17:34:39.369205: Step 50: Cross entropy = 0.607135
INFO:tensorflow:2019-10-09 17:34:39.425963: Step 50: Validation accuracy = 71.0% (N=100)
I1009 17:34:39.426011 4760135104 retrain.py:1100] 2019-10-09 17:34:39.425963: Step 50: Validation accuracy = 71.0% (N=100)
INFO:tensorflow:2019-10-09 17:34:39.976798: Step 60: Train accuracy = 68.0%
I1009 17:34:39.976843 4760135104 retrain.py:1082] 2019-10-09 17:34:39.976798: Step 60: Train accuracy = 68.0%
INFO:tensorflow:2019-10-09 17:34:39.976948: Step 60: Cross entropy = 0.554073
I1009 17:34:39.976958 4760135104 retrain.py:1084] 2019-10-09 17:34:39.976948: Step 60: Cross entropy = 0.554073
INFO:tensorflow:2019-10-09 17:34:40.032961: Step 60: Validation accuracy = 62.0% (N=100)
I1009 17:34:40.033008 4760135104 retrain.py:1100] 2019-10-09 17:34:40.032961: Step 60: Validation accuracy = 62.0% (N=100)
INFO:tensorflow:2019-10-09 17:34:40.582935: Step 70: Train accuracy = 79.0%
I1009 17:34:40.582980 4760135104 retrain.py:1082] 2019-10-09 17:34:40.582935: Step 70: Train accuracy = 79.0%
INFO:tensorflow:2019-10-09 17:34:40.583089: Step 70: Cross entropy = 0.551917
I1009 17:34:40.583099 4760135104 retrain.py:1084] 2019-10-09 17:34:40.583089: Step 70: Cross entropy = 0.551917
INFO:tensorflow:2019-10-09 17:34:40.638774: Step 70: Validation accuracy = 73.0% (N=100)
I1009 17:34:40.638821 4760135104 retrain.py:1100] 2019-10-09 17:34:40.638774: Step 70: Validation accuracy = 73.0% (N=100)
INFO:tensorflow:2019-10-09 17:34:41.188385: Step 80: Train accuracy = 83.0%
I1009 17:34:41.188429 4760135104 retrain.py:1082] 2019-10-09 17:34:41.188385: Step 80: Train accuracy = 83.0%
INFO:tensorflow:2019-10-09 17:34:41.188534: Step 80: Cross entropy = 0.484670
I1009 17:34:41.188544 4760135104 retrain.py:1084] 2019-10-09 17:34:41.188534: Step 80: Cross entropy = 0.484670
INFO:tensorflow:2019-10-09 17:34:41.244288: Step 80: Validation accuracy = 73.0% (N=100)
I1009 17:34:41.244333 4760135104 retrain.py:1100] 2019-10-09 17:34:41.244288: Step 80: Validation accuracy = 73.0% (N=100)
INFO:tensorflow:2019-10-09 17:34:41.792175: Step 90: Train accuracy = 79.0%
I1009 17:34:41.792219 4760135104 retrain.py:1082] 2019-10-09 17:34:41.792175: Step 90: Train accuracy = 79.0%
INFO:tensorflow:2019-10-09 17:34:41.792342: Step 90: Cross entropy = 0.512451
I1009 17:34:41.792355 4760135104 retrain.py:1084] 2019-10-09 17:34:41.792342: Step 90: Cross entropy = 0.512451
INFO:tensorflow:2019-10-09 17:34:41.848644: Step 90: Validation accuracy = 64.0% (N=100)
I1009 17:34:41.848694 4760135104 retrain.py:1100] 2019-10-09 17:34:41.848644: Step 90: Validation accuracy = 64.0% (N=100)
INFO:tensorflow:2019-10-09 17:34:42.398196: Step 100: Train accuracy = 82.0%
I1009 17:34:42.398241 4760135104 retrain.py:1082] 2019-10-09 17:34:42.398196: Step 100: Train accuracy = 82.0%
INFO:tensorflow:2019-10-09 17:34:42.398346: Step 100: Cross entropy = 0.502088
I1009 17:34:42.398356 4760135104 retrain.py:1084] 2019-10-09 17:34:42.398346: Step 100: Cross entropy = 0.502088
INFO:tensorflow:2019-10-09 17:34:42.454383: Step 100: Validation accuracy = 69.0% (N=100)
I1009 17:34:42.454429 4760135104 retrain.py:1100] 2019-10-09 17:34:42.454383: Step 100: Validation accuracy = 69.0% (N=100)
INFO:tensorflow:2019-10-09 17:34:43.033853: Step 110: Train accuracy = 83.0%
I1009 17:34:43.033899 4760135104 retrain.py:1082] 2019-10-09 17:34:43.033853: Step 110: Train accuracy = 83.0%
INFO:tensorflow:2019-10-09 17:34:43.034024: Step 110: Cross entropy = 0.487161
I1009 17:34:43.034053 4760135104 retrain.py:1084] 2019-10-09 17:34:43.034024: Step 110: Cross entropy = 0.487161
INFO:tensorflow:2019-10-09 17:34:43.089811: Step 110: Validation accuracy = 58.0% (N=100)
I1009 17:34:43.089855 4760135104 retrain.py:1100] 2019-10-09 17:34:43.089811: Step 110: Validation accuracy = 58.0% (N=100)
INFO:tensorflow:2019-10-09 17:34:43.641290: Step 120: Train accuracy = 81.0%
I1009 17:34:43.641335 4760135104 retrain.py:1082] 2019-10-09 17:34:43.641290: Step 120: Train accuracy = 81.0%
INFO:tensorflow:2019-10-09 17:34:43.641441: Step 120: Cross entropy = 0.478991
I1009 17:34:43.641451 4760135104 retrain.py:1084] 2019-10-09 17:34:43.641441: Step 120: Cross entropy = 0.478991
INFO:tensorflow:2019-10-09 17:34:43.697301: Step 120: Validation accuracy = 65.0% (N=100)
I1009 17:34:43.697349 4760135104 retrain.py:1100] 2019-10-09 17:34:43.697301: Step 120: Validation accuracy = 65.0% (N=100)
INFO:tensorflow:2019-10-09 17:34:44.248188: Step 130: Train accuracy = 79.0%
I1009 17:34:44.248232 4760135104 retrain.py:1082] 2019-10-09 17:34:44.248188: Step 130: Train accuracy = 79.0%
INFO:tensorflow:2019-10-09 17:34:44.248338: Step 130: Cross entropy = 0.528714
I1009 17:34:44.248348 4760135104 retrain.py:1084] 2019-10-09 17:34:44.248338: Step 130: Cross entropy = 0.528714
INFO:tensorflow:2019-10-09 17:34:44.304157: Step 130: Validation accuracy = 60.0% (N=100)
I1009 17:34:44.304203 4760135104 retrain.py:1100] 2019-10-09 17:34:44.304157: Step 130: Validation accuracy = 60.0% (N=100)
INFO:tensorflow:2019-10-09 17:34:44.854673: Step 140: Train accuracy = 75.0%
I1009 17:34:44.854729 4760135104 retrain.py:1082] 2019-10-09 17:34:44.854673: Step 140: Train accuracy = 75.0%
INFO:tensorflow:2019-10-09 17:34:44.854851: Step 140: Cross entropy = 0.495979
I1009 17:34:44.854882 4760135104 retrain.py:1084] 2019-10-09 17:34:44.854851: Step 140: Cross entropy = 0.495979
INFO:tensorflow:2019-10-09 17:34:44.910489: Step 140: Validation accuracy = 55.0% (N=100)
I1009 17:34:44.910537 4760135104 retrain.py:1100] 2019-10-09 17:34:44.910489: Step 140: Validation accuracy = 55.0% (N=100)
INFO:tensorflow:2019-10-09 17:34:45.459794: Step 150: Train accuracy = 89.0%
I1009 17:34:45.459844 4760135104 retrain.py:1082] 2019-10-09 17:34:45.459794: Step 150: Train accuracy = 89.0%
INFO:tensorflow:2019-10-09 17:34:45.459956: Step 150: Cross entropy = 0.421430
I1009 17:34:45.459965 4760135104 retrain.py:1084] 2019-10-09 17:34:45.459956: Step 150: Cross entropy = 0.421430
INFO:tensorflow:2019-10-09 17:34:45.516045: Step 150: Validation accuracy = 70.0% (N=100)
I1009 17:34:45.516093 4760135104 retrain.py:1100] 2019-10-09 17:34:45.516045: Step 150: Validation accuracy = 70.0% (N=100)
INFO:tensorflow:2019-10-09 17:34:46.065806: Step 160: Train accuracy = 90.0%
I1009 17:34:46.065850 4760135104 retrain.py:1082] 2019-10-09 17:34:46.065806: Step 160: Train accuracy = 90.0%
INFO:tensorflow:2019-10-09 17:34:46.065960: Step 160: Cross entropy = 0.444113
I1009 17:34:46.065970 4760135104 retrain.py:1084] 2019-10-09 17:34:46.065960: Step 160: Cross entropy = 0.444113
INFO:tensorflow:2019-10-09 17:34:46.122105: Step 160: Validation accuracy = 61.0% (N=100)
I1009 17:34:46.122153 4760135104 retrain.py:1100] 2019-10-09 17:34:46.122105: Step 160: Validation accuracy = 61.0% (N=100)
INFO:tensorflow:2019-10-09 17:34:46.672499: Step 170: Train accuracy = 82.0%
I1009 17:34:46.672543 4760135104 retrain.py:1082] 2019-10-09 17:34:46.672499: Step 170: Train accuracy = 82.0%
INFO:tensorflow:2019-10-09 17:34:46.672651: Step 170: Cross entropy = 0.486578
I1009 17:34:46.672664 4760135104 retrain.py:1084] 2019-10-09 17:34:46.672651: Step 170: Cross entropy = 0.486578
INFO:tensorflow:2019-10-09 17:34:46.729041: Step 170: Validation accuracy = 69.0% (N=100)
I1009 17:34:46.729088 4760135104 retrain.py:1100] 2019-10-09 17:34:46.729041: Step 170: Validation accuracy = 69.0% (N=100)
INFO:tensorflow:2019-10-09 17:34:47.279519: Step 180: Train accuracy = 81.0%
I1009 17:34:47.279564 4760135104 retrain.py:1082] 2019-10-09 17:34:47.279519: Step 180: Train accuracy = 81.0%
INFO:tensorflow:2019-10-09 17:34:47.279669: Step 180: Cross entropy = 0.474224
I1009 17:34:47.279679 4760135104 retrain.py:1084] 2019-10-09 17:34:47.279669: Step 180: Cross entropy = 0.474224
INFO:tensorflow:2019-10-09 17:34:47.335822: Step 180: Validation accuracy = 60.0% (N=100)
I1009 17:34:47.335870 4760135104 retrain.py:1100] 2019-10-09 17:34:47.335822: Step 180: Validation accuracy = 60.0% (N=100)
INFO:tensorflow:2019-10-09 17:34:47.886592: Step 190: Train accuracy = 89.0%
I1009 17:34:47.886636 4760135104 retrain.py:1082] 2019-10-09 17:34:47.886592: Step 190: Train accuracy = 89.0%
INFO:tensorflow:2019-10-09 17:34:47.886743: Step 190: Cross entropy = 0.421834
I1009 17:34:47.886754 4760135104 retrain.py:1084] 2019-10-09 17:34:47.886743: Step 190: Cross entropy = 0.421834
INFO:tensorflow:2019-10-09 17:34:47.942649: Step 190: Validation accuracy = 62.0% (N=100)
I1009 17:34:47.942692 4760135104 retrain.py:1100] 2019-10-09 17:34:47.942649: Step 190: Validation accuracy = 62.0% (N=100)
INFO:tensorflow:2019-10-09 17:34:48.494634: Step 200: Train accuracy = 87.0%
I1009 17:34:48.494678 4760135104 retrain.py:1082] 2019-10-09 17:34:48.494634: Step 200: Train accuracy = 87.0%
INFO:tensorflow:2019-10-09 17:34:48.494787: Step 200: Cross entropy = 0.440370
I1009 17:34:48.494798 4760135104 retrain.py:1084] 2019-10-09 17:34:48.494787: Step 200: Cross entropy = 0.440370
INFO:tensorflow:2019-10-09 17:34:48.550908: Step 200: Validation accuracy = 62.0% (N=100)
I1009 17:34:48.550955 4760135104 retrain.py:1100] 2019-10-09 17:34:48.550908: Step 200: Validation accuracy = 62.0% (N=100)
INFO:tensorflow:2019-10-09 17:34:49.100466: Step 210: Train accuracy = 83.0%
I1009 17:34:49.100511 4760135104 retrain.py:1082] 2019-10-09 17:34:49.100466: Step 210: Train accuracy = 83.0%
INFO:tensorflow:2019-10-09 17:34:49.100619: Step 210: Cross entropy = 0.456891
I1009 17:34:49.100629 4760135104 retrain.py:1084] 2019-10-09 17:34:49.100619: Step 210: Cross entropy = 0.456891
INFO:tensorflow:2019-10-09 17:34:49.156587: Step 210: Validation accuracy = 67.0% (N=100)
I1009 17:34:49.156631 4760135104 retrain.py:1100] 2019-10-09 17:34:49.156587: Step 210: Validation accuracy = 67.0% (N=100)
INFO:tensorflow:2019-10-09 17:34:49.707436: Step 220: Train accuracy = 77.0%
I1009 17:34:49.707479 4760135104 retrain.py:1082] 2019-10-09 17:34:49.707436: Step 220: Train accuracy = 77.0%
INFO:tensorflow:2019-10-09 17:34:49.707587: Step 220: Cross entropy = 0.491944
I1009 17:34:49.707599 4760135104 retrain.py:1084] 2019-10-09 17:34:49.707587: Step 220: Cross entropy = 0.491944
INFO:tensorflow:2019-10-09 17:34:49.763279: Step 220: Validation accuracy = 61.0% (N=100)
I1009 17:34:49.763325 4760135104 retrain.py:1100] 2019-10-09 17:34:49.763279: Step 220: Validation accuracy = 61.0% (N=100)
INFO:tensorflow:2019-10-09 17:34:50.314865: Step 230: Train accuracy = 84.0%
I1009 17:34:50.314908 4760135104 retrain.py:1082] 2019-10-09 17:34:50.314865: Step 230: Train accuracy = 84.0%
INFO:tensorflow:2019-10-09 17:34:50.315014: Step 230: Cross entropy = 0.427643
I1009 17:34:50.315023 4760135104 retrain.py:1084] 2019-10-09 17:34:50.315014: Step 230: Cross entropy = 0.427643
INFO:tensorflow:2019-10-09 17:34:50.370855: Step 230: Validation accuracy = 65.0% (N=100)
I1009 17:34:50.370903 4760135104 retrain.py:1100] 2019-10-09 17:34:50.370855: Step 230: Validation accuracy = 65.0% (N=100)
INFO:tensorflow:2019-10-09 17:34:50.921289: Step 240: Train accuracy = 91.0%
I1009 17:34:50.921334 4760135104 retrain.py:1082] 2019-10-09 17:34:50.921289: Step 240: Train accuracy = 91.0%
INFO:tensorflow:2019-10-09 17:34:50.921440: Step 240: Cross entropy = 0.390089
I1009 17:34:50.921452 4760135104 retrain.py:1084] 2019-10-09 17:34:50.921440: Step 240: Cross entropy = 0.390089
INFO:tensorflow:2019-10-09 17:34:50.976679: Step 240: Validation accuracy = 64.0% (N=100)
I1009 17:34:50.976727 4760135104 retrain.py:1100] 2019-10-09 17:34:50.976679: Step 240: Validation accuracy = 64.0% (N=100)
INFO:tensorflow:2019-10-09 17:34:51.526618: Step 250: Train accuracy = 87.0%
I1009 17:34:51.526662 4760135104 retrain.py:1082] 2019-10-09 17:34:51.526618: Step 250: Train accuracy = 87.0%
INFO:tensorflow:2019-10-09 17:34:51.526771: Step 250: Cross entropy = 0.399303
I1009 17:34:51.526782 4760135104 retrain.py:1084] 2019-10-09 17:34:51.526771: Step 250: Cross entropy = 0.399303
INFO:tensorflow:2019-10-09 17:34:51.582527: Step 250: Validation accuracy = 54.0% (N=100)
I1009 17:34:51.582575 4760135104 retrain.py:1100] 2019-10-09 17:34:51.582527: Step 250: Validation accuracy = 54.0% (N=100)
INFO:tensorflow:2019-10-09 17:34:52.133105: Step 260: Train accuracy = 88.0%
I1009 17:34:52.133151 4760135104 retrain.py:1082] 2019-10-09 17:34:52.133105: Step 260: Train accuracy = 88.0%
INFO:tensorflow:2019-10-09 17:34:52.133260: Step 260: Cross entropy = 0.401421
I1009 17:34:52.133272 4760135104 retrain.py:1084] 2019-10-09 17:34:52.133260: Step 260: Cross entropy = 0.401421
INFO:tensorflow:2019-10-09 17:34:52.188875: Step 260: Validation accuracy = 54.0% (N=100)
I1009 17:34:52.188922 4760135104 retrain.py:1100] 2019-10-09 17:34:52.188875: Step 260: Validation accuracy = 54.0% (N=100)
INFO:tensorflow:2019-10-09 17:34:52.740683: Step 270: Train accuracy = 89.0%
I1009 17:34:52.740725 4760135104 retrain.py:1082] 2019-10-09 17:34:52.740683: Step 270: Train accuracy = 89.0%
INFO:tensorflow:2019-10-09 17:34:52.740831: Step 270: Cross entropy = 0.438698
I1009 17:34:52.740840 4760135104 retrain.py:1084] 2019-10-09 17:34:52.740831: Step 270: Cross entropy = 0.438698
INFO:tensorflow:2019-10-09 17:34:52.797811: Step 270: Validation accuracy = 51.0% (N=100)
I1009 17:34:52.797857 4760135104 retrain.py:1100] 2019-10-09 17:34:52.797811: Step 270: Validation accuracy = 51.0% (N=100)
INFO:tensorflow:2019-10-09 17:34:53.349875: Step 280: Train accuracy = 81.0%
I1009 17:34:53.349919 4760135104 retrain.py:1082] 2019-10-09 17:34:53.349875: Step 280: Train accuracy = 81.0%
INFO:tensorflow:2019-10-09 17:34:53.350024: Step 280: Cross entropy = 0.467138
I1009 17:34:53.350034 4760135104 retrain.py:1084] 2019-10-09 17:34:53.350024: Step 280: Cross entropy = 0.467138
INFO:tensorflow:2019-10-09 17:34:53.405781: Step 280: Validation accuracy = 57.0% (N=100)
I1009 17:34:53.405829 4760135104 retrain.py:1100] 2019-10-09 17:34:53.405781: Step 280: Validation accuracy = 57.0% (N=100)
INFO:tensorflow:2019-10-09 17:34:53.957833: Step 290: Train accuracy = 89.0%
I1009 17:34:53.957876 4760135104 retrain.py:1082] 2019-10-09 17:34:53.957833: Step 290: Train accuracy = 89.0%
INFO:tensorflow:2019-10-09 17:34:53.957984: Step 290: Cross entropy = 0.393793
I1009 17:34:53.957993 4760135104 retrain.py:1084] 2019-10-09 17:34:53.957984: Step 290: Cross entropy = 0.393793
INFO:tensorflow:2019-10-09 17:34:54.013910: Step 290: Validation accuracy = 60.0% (N=100)
I1009 17:34:54.013958 4760135104 retrain.py:1100] 2019-10-09 17:34:54.013910: Step 290: Validation accuracy = 60.0% (N=100)
INFO:tensorflow:2019-10-09 17:34:54.564708: Step 300: Train accuracy = 90.0%
I1009 17:34:54.564754 4760135104 retrain.py:1082] 2019-10-09 17:34:54.564708: Step 300: Train accuracy = 90.0%
INFO:tensorflow:2019-10-09 17:34:54.564859: Step 300: Cross entropy = 0.393944
I1009 17:34:54.564869 4760135104 retrain.py:1084] 2019-10-09 17:34:54.564859: Step 300: Cross entropy = 0.393944
INFO:tensorflow:2019-10-09 17:34:54.620909: Step 300: Validation accuracy = 65.0% (N=100)
I1009 17:34:54.620956 4760135104 retrain.py:1100] 2019-10-09 17:34:54.620909: Step 300: Validation accuracy = 65.0% (N=100)
INFO:tensorflow:2019-10-09 17:34:55.172239: Step 310: Train accuracy = 87.0%
I1009 17:34:55.172286 4760135104 retrain.py:1082] 2019-10-09 17:34:55.172239: Step 310: Train accuracy = 87.0%
INFO:tensorflow:2019-10-09 17:34:55.172396: Step 310: Cross entropy = 0.363289
I1009 17:34:55.172407 4760135104 retrain.py:1084] 2019-10-09 17:34:55.172396: Step 310: Cross entropy = 0.363289
INFO:tensorflow:2019-10-09 17:34:55.228269: Step 310: Validation accuracy = 64.0% (N=100)
I1009 17:34:55.228315 4760135104 retrain.py:1100] 2019-10-09 17:34:55.228269: Step 310: Validation accuracy = 64.0% (N=100)
INFO:tensorflow:2019-10-09 17:34:55.778330: Step 320: Train accuracy = 85.0%
I1009 17:34:55.778375 4760135104 retrain.py:1082] 2019-10-09 17:34:55.778330: Step 320: Train accuracy = 85.0%
INFO:tensorflow:2019-10-09 17:34:55.778483: Step 320: Cross entropy = 0.407498
I1009 17:34:55.778495 4760135104 retrain.py:1084] 2019-10-09 17:34:55.778483: Step 320: Cross entropy = 0.407498
INFO:tensorflow:2019-10-09 17:34:55.835023: Step 320: Validation accuracy = 52.0% (N=100)
I1009 17:34:55.835072 4760135104 retrain.py:1100] 2019-10-09 17:34:55.835023: Step 320: Validation accuracy = 52.0% (N=100)
INFO:tensorflow:2019-10-09 17:34:56.385963: Step 330: Train accuracy = 89.0%
I1009 17:34:56.386007 4760135104 retrain.py:1082] 2019-10-09 17:34:56.385963: Step 330: Train accuracy = 89.0%
INFO:tensorflow:2019-10-09 17:34:56.386112: Step 330: Cross entropy = 0.393530
I1009 17:34:56.386121 4760135104 retrain.py:1084] 2019-10-09 17:34:56.386112: Step 330: Cross entropy = 0.393530
INFO:tensorflow:2019-10-09 17:34:56.442368: Step 330: Validation accuracy = 67.0% (N=100)
I1009 17:34:56.442417 4760135104 retrain.py:1100] 2019-10-09 17:34:56.442368: Step 330: Validation accuracy = 67.0% (N=100)
INFO:tensorflow:2019-10-09 17:34:56.992965: Step 340: Train accuracy = 85.0%
I1009 17:34:56.993009 4760135104 retrain.py:1082] 2019-10-09 17:34:56.992965: Step 340: Train accuracy = 85.0%
INFO:tensorflow:2019-10-09 17:34:56.993116: Step 340: Cross entropy = 0.413563
I1009 17:34:56.993127 4760135104 retrain.py:1084] 2019-10-09 17:34:56.993116: Step 340: Cross entropy = 0.413563
INFO:tensorflow:2019-10-09 17:34:57.048810: Step 340: Validation accuracy = 64.0% (N=100)
I1009 17:34:57.048858 4760135104 retrain.py:1100] 2019-10-09 17:34:57.048810: Step 340: Validation accuracy = 64.0% (N=100)
INFO:tensorflow:2019-10-09 17:34:57.599364: Step 350: Train accuracy = 93.0%
I1009 17:34:57.599408 4760135104 retrain.py:1082] 2019-10-09 17:34:57.599364: Step 350: Train accuracy = 93.0%
INFO:tensorflow:2019-10-09 17:34:57.599517: Step 350: Cross entropy = 0.341505
I1009 17:34:57.599526 4760135104 retrain.py:1084] 2019-10-09 17:34:57.599517: Step 350: Cross entropy = 0.341505
INFO:tensorflow:2019-10-09 17:34:57.655582: Step 350: Validation accuracy = 57.0% (N=100)
I1009 17:34:57.655630 4760135104 retrain.py:1100] 2019-10-09 17:34:57.655582: Step 350: Validation accuracy = 57.0% (N=100)
INFO:tensorflow:2019-10-09 17:34:58.207200: Step 360: Train accuracy = 88.0%
I1009 17:34:58.207245 4760135104 retrain.py:1082] 2019-10-09 17:34:58.207200: Step 360: Train accuracy = 88.0%
INFO:tensorflow:2019-10-09 17:34:58.207351: Step 360: Cross entropy = 0.394457
I1009 17:34:58.207361 4760135104 retrain.py:1084] 2019-10-09 17:34:58.207351: Step 360: Cross entropy = 0.394457
INFO:tensorflow:2019-10-09 17:34:58.263213: Step 360: Validation accuracy = 65.0% (N=100)
I1009 17:34:58.263260 4760135104 retrain.py:1100] 2019-10-09 17:34:58.263213: Step 360: Validation accuracy = 65.0% (N=100)
INFO:tensorflow:2019-10-09 17:34:58.813970: Step 370: Train accuracy = 90.0%
I1009 17:34:58.814016 4760135104 retrain.py:1082] 2019-10-09 17:34:58.813970: Step 370: Train accuracy = 90.0%
INFO:tensorflow:2019-10-09 17:34:58.814124: Step 370: Cross entropy = 0.346647
I1009 17:34:58.814136 4760135104 retrain.py:1084] 2019-10-09 17:34:58.814124: Step 370: Cross entropy = 0.346647
INFO:tensorflow:2019-10-09 17:34:58.871125: Step 370: Validation accuracy = 58.0% (N=100)
I1009 17:34:58.871172 4760135104 retrain.py:1100] 2019-10-09 17:34:58.871125: Step 370: Validation accuracy = 58.0% (N=100)
INFO:tensorflow:2019-10-09 17:34:59.421478: Step 380: Train accuracy = 90.0%
I1009 17:34:59.421521 4760135104 retrain.py:1082] 2019-10-09 17:34:59.421478: Step 380: Train accuracy = 90.0%
INFO:tensorflow:2019-10-09 17:34:59.421629: Step 380: Cross entropy = 0.353615
I1009 17:34:59.421638 4760135104 retrain.py:1084] 2019-10-09 17:34:59.421629: Step 380: Cross entropy = 0.353615
INFO:tensorflow:2019-10-09 17:34:59.477679: Step 380: Validation accuracy = 70.0% (N=100)
I1009 17:34:59.477725 4760135104 retrain.py:1100] 2019-10-09 17:34:59.477679: Step 380: Validation accuracy = 70.0% (N=100)
INFO:tensorflow:2019-10-09 17:35:00.028434: Step 390: Train accuracy = 95.0%
I1009 17:35:00.028477 4760135104 retrain.py:1082] 2019-10-09 17:35:00.028434: Step 390: Train accuracy = 95.0%
INFO:tensorflow:2019-10-09 17:35:00.028585: Step 390: Cross entropy = 0.316380
I1009 17:35:00.028595 4760135104 retrain.py:1084] 2019-10-09 17:35:00.028585: Step 390: Cross entropy = 0.316380
INFO:tensorflow:2019-10-09 17:35:00.084758: Step 390: Validation accuracy = 67.0% (N=100)
I1009 17:35:00.084805 4760135104 retrain.py:1100] 2019-10-09 17:35:00.084758: Step 390: Validation accuracy = 67.0% (N=100)
INFO:tensorflow:2019-10-09 17:35:00.635351: Step 400: Train accuracy = 87.0%
I1009 17:35:00.635394 4760135104 retrain.py:1082] 2019-10-09 17:35:00.635351: Step 400: Train accuracy = 87.0%
INFO:tensorflow:2019-10-09 17:35:00.635515: Step 400: Cross entropy = 0.423410
I1009 17:35:00.635526 4760135104 retrain.py:1084] 2019-10-09 17:35:00.635515: Step 400: Cross entropy = 0.423410
INFO:tensorflow:2019-10-09 17:35:00.691782: Step 400: Validation accuracy = 54.0% (N=100)
I1009 17:35:00.691831 4760135104 retrain.py:1100] 2019-10-09 17:35:00.691782: Step 400: Validation accuracy = 54.0% (N=100)
INFO:tensorflow:2019-10-09 17:35:01.242597: Step 410: Train accuracy = 91.0%
I1009 17:35:01.242641 4760135104 retrain.py:1082] 2019-10-09 17:35:01.242597: Step 410: Train accuracy = 91.0%
INFO:tensorflow:2019-10-09 17:35:01.242750: Step 410: Cross entropy = 0.345855
I1009 17:35:01.242760 4760135104 retrain.py:1084] 2019-10-09 17:35:01.242750: Step 410: Cross entropy = 0.345855
INFO:tensorflow:2019-10-09 17:35:01.298922: Step 410: Validation accuracy = 66.0% (N=100)
I1009 17:35:01.298969 4760135104 retrain.py:1100] 2019-10-09 17:35:01.298922: Step 410: Validation accuracy = 66.0% (N=100)
INFO:tensorflow:2019-10-09 17:35:01.849496: Step 420: Train accuracy = 91.0%
I1009 17:35:01.849541 4760135104 retrain.py:1082] 2019-10-09 17:35:01.849496: Step 420: Train accuracy = 91.0%
INFO:tensorflow:2019-10-09 17:35:01.849650: Step 420: Cross entropy = 0.360494
I1009 17:35:01.849660 4760135104 retrain.py:1084] 2019-10-09 17:35:01.849650: Step 420: Cross entropy = 0.360494
INFO:tensorflow:2019-10-09 17:35:01.905798: Step 420: Validation accuracy = 48.0% (N=100)
I1009 17:35:01.905847 4760135104 retrain.py:1100] 2019-10-09 17:35:01.905798: Step 420: Validation accuracy = 48.0% (N=100)
INFO:tensorflow:2019-10-09 17:35:02.457176: Step 430: Train accuracy = 92.0%
I1009 17:35:02.457221 4760135104 retrain.py:1082] 2019-10-09 17:35:02.457176: Step 430: Train accuracy = 92.0%
INFO:tensorflow:2019-10-09 17:35:02.457329: Step 430: Cross entropy = 0.331897
I1009 17:35:02.457340 4760135104 retrain.py:1084] 2019-10-09 17:35:02.457329: Step 430: Cross entropy = 0.331897
INFO:tensorflow:2019-10-09 17:35:02.512921: Step 430: Validation accuracy = 65.0% (N=100)
I1009 17:35:02.512969 4760135104 retrain.py:1100] 2019-10-09 17:35:02.512921: Step 430: Validation accuracy = 65.0% (N=100)
INFO:tensorflow:2019-10-09 17:35:03.063768: Step 440: Train accuracy = 86.0%
I1009 17:35:03.063813 4760135104 retrain.py:1082] 2019-10-09 17:35:03.063768: Step 440: Train accuracy = 86.0%
INFO:tensorflow:2019-10-09 17:35:03.063922: Step 440: Cross entropy = 0.352875
I1009 17:35:03.063932 4760135104 retrain.py:1084] 2019-10-09 17:35:03.063922: Step 440: Cross entropy = 0.352875
INFO:tensorflow:2019-10-09 17:35:03.119850: Step 440: Validation accuracy = 68.0% (N=100)
I1009 17:35:03.119898 4760135104 retrain.py:1100] 2019-10-09 17:35:03.119850: Step 440: Validation accuracy = 68.0% (N=100)
INFO:tensorflow:2019-10-09 17:35:03.673025: Step 450: Train accuracy = 85.0%
I1009 17:35:03.673070 4760135104 retrain.py:1082] 2019-10-09 17:35:03.673025: Step 450: Train accuracy = 85.0%
INFO:tensorflow:2019-10-09 17:35:03.673177: Step 450: Cross entropy = 0.362987
I1009 17:35:03.673188 4760135104 retrain.py:1084] 2019-10-09 17:35:03.673177: Step 450: Cross entropy = 0.362987
INFO:tensorflow:2019-10-09 17:35:03.729445: Step 450: Validation accuracy = 62.0% (N=100)
I1009 17:35:03.729492 4760135104 retrain.py:1100] 2019-10-09 17:35:03.729445: Step 450: Validation accuracy = 62.0% (N=100)
INFO:tensorflow:2019-10-09 17:35:04.281699: Step 460: Train accuracy = 94.0%
I1009 17:35:04.281743 4760135104 retrain.py:1082] 2019-10-09 17:35:04.281699: Step 460: Train accuracy = 94.0%
INFO:tensorflow:2019-10-09 17:35:04.281849: Step 460: Cross entropy = 0.287612
I1009 17:35:04.281860 4760135104 retrain.py:1084] 2019-10-09 17:35:04.281849: Step 460: Cross entropy = 0.287612
INFO:tensorflow:2019-10-09 17:35:04.337831: Step 460: Validation accuracy = 48.0% (N=100)
I1009 17:35:04.337878 4760135104 retrain.py:1100] 2019-10-09 17:35:04.337831: Step 460: Validation accuracy = 48.0% (N=100)
INFO:tensorflow:2019-10-09 17:35:04.888335: Step 470: Train accuracy = 90.0%
I1009 17:35:04.888378 4760135104 retrain.py:1082] 2019-10-09 17:35:04.888335: Step 470: Train accuracy = 90.0%
INFO:tensorflow:2019-10-09 17:35:04.888486: Step 470: Cross entropy = 0.324971
I1009 17:35:04.888496 4760135104 retrain.py:1084] 2019-10-09 17:35:04.888486: Step 470: Cross entropy = 0.324971
INFO:tensorflow:2019-10-09 17:35:04.944690: Step 470: Validation accuracy = 61.0% (N=100)
I1009 17:35:04.944738 4760135104 retrain.py:1100] 2019-10-09 17:35:04.944690: Step 470: Validation accuracy = 61.0% (N=100)
INFO:tensorflow:2019-10-09 17:35:05.494670: Step 480: Train accuracy = 88.0%
I1009 17:35:05.494714 4760135104 retrain.py:1082] 2019-10-09 17:35:05.494670: Step 480: Train accuracy = 88.0%
INFO:tensorflow:2019-10-09 17:35:05.494824: Step 480: Cross entropy = 0.388913
I1009 17:35:05.494835 4760135104 retrain.py:1084] 2019-10-09 17:35:05.494824: Step 480: Cross entropy = 0.388913
INFO:tensorflow:2019-10-09 17:35:05.550668: Step 480: Validation accuracy = 68.0% (N=100)
I1009 17:35:05.550714 4760135104 retrain.py:1100] 2019-10-09 17:35:05.550668: Step 480: Validation accuracy = 68.0% (N=100)
INFO:tensorflow:2019-10-09 17:35:06.101619: Step 490: Train accuracy = 95.0%
I1009 17:35:06.101664 4760135104 retrain.py:1082] 2019-10-09 17:35:06.101619: Step 490: Train accuracy = 95.0%
INFO:tensorflow:2019-10-09 17:35:06.101772: Step 490: Cross entropy = 0.304678
I1009 17:35:06.101783 4760135104 retrain.py:1084] 2019-10-09 17:35:06.101772: Step 490: Cross entropy = 0.304678
INFO:tensorflow:2019-10-09 17:35:06.157798: Step 490: Validation accuracy = 66.0% (N=100)
I1009 17:35:06.157845 4760135104 retrain.py:1100] 2019-10-09 17:35:06.157798: Step 490: Validation accuracy = 66.0% (N=100)
INFO:tensorflow:2019-10-09 17:35:06.709114: Step 500: Train accuracy = 89.0%
I1009 17:35:06.709158 4760135104 retrain.py:1082] 2019-10-09 17:35:06.709114: Step 500: Train accuracy = 89.0%
INFO:tensorflow:2019-10-09 17:35:06.709267: Step 500: Cross entropy = 0.342916
I1009 17:35:06.709277 4760135104 retrain.py:1084] 2019-10-09 17:35:06.709267: Step 500: Cross entropy = 0.342916
INFO:tensorflow:2019-10-09 17:35:06.765040: Step 500: Validation accuracy = 52.0% (N=100)
I1009 17:35:06.765084 4760135104 retrain.py:1100] 2019-10-09 17:35:06.765040: Step 500: Validation accuracy = 52.0% (N=100)
INFO:tensorflow:2019-10-09 17:35:07.316604: Step 510: Train accuracy = 96.0%
I1009 17:35:07.316658 4760135104 retrain.py:1082] 2019-10-09 17:35:07.316604: Step 510: Train accuracy = 96.0%
INFO:tensorflow:2019-10-09 17:35:07.316773: Step 510: Cross entropy = 0.282254
I1009 17:35:07.316784 4760135104 retrain.py:1084] 2019-10-09 17:35:07.316773: Step 510: Cross entropy = 0.282254
INFO:tensorflow:2019-10-09 17:35:07.373635: Step 510: Validation accuracy = 56.0% (N=100)
I1009 17:35:07.373683 4760135104 retrain.py:1100] 2019-10-09 17:35:07.373635: Step 510: Validation accuracy = 56.0% (N=100)
INFO:tensorflow:2019-10-09 17:35:07.926161: Step 520: Train accuracy = 88.0%
I1009 17:35:07.926210 4760135104 retrain.py:1082] 2019-10-09 17:35:07.926161: Step 520: Train accuracy = 88.0%
INFO:tensorflow:2019-10-09 17:35:07.926322: Step 520: Cross entropy = 0.325834
I1009 17:35:07.926334 4760135104 retrain.py:1084] 2019-10-09 17:35:07.926322: Step 520: Cross entropy = 0.325834
INFO:tensorflow:2019-10-09 17:35:07.982513: Step 520: Validation accuracy = 52.0% (N=100)
I1009 17:35:07.982564 4760135104 retrain.py:1100] 2019-10-09 17:35:07.982513: Step 520: Validation accuracy = 52.0% (N=100)
INFO:tensorflow:2019-10-09 17:35:08.535212: Step 530: Train accuracy = 91.0%
I1009 17:35:08.535257 4760135104 retrain.py:1082] 2019-10-09 17:35:08.535212: Step 530: Train accuracy = 91.0%
INFO:tensorflow:2019-10-09 17:35:08.535364: Step 530: Cross entropy = 0.349399
I1009 17:35:08.535375 4760135104 retrain.py:1084] 2019-10-09 17:35:08.535364: Step 530: Cross entropy = 0.349399
INFO:tensorflow:2019-10-09 17:35:08.591338: Step 530: Validation accuracy = 57.0% (N=100)
I1009 17:35:08.591384 4760135104 retrain.py:1100] 2019-10-09 17:35:08.591338: Step 530: Validation accuracy = 57.0% (N=100)
INFO:tensorflow:2019-10-09 17:35:09.142489: Step 540: Train accuracy = 94.0%
I1009 17:35:09.142533 4760135104 retrain.py:1082] 2019-10-09 17:35:09.142489: Step 540: Train accuracy = 94.0%
INFO:tensorflow:2019-10-09 17:35:09.142641: Step 540: Cross entropy = 0.345608
I1009 17:35:09.142650 4760135104 retrain.py:1084] 2019-10-09 17:35:09.142641: Step 540: Cross entropy = 0.345608
INFO:tensorflow:2019-10-09 17:35:09.198600: Step 540: Validation accuracy = 65.0% (N=100)
I1009 17:35:09.198646 4760135104 retrain.py:1100] 2019-10-09 17:35:09.198600: Step 540: Validation accuracy = 65.0% (N=100)
INFO:tensorflow:2019-10-09 17:35:09.750121: Step 550: Train accuracy = 91.0%
I1009 17:35:09.750165 4760135104 retrain.py:1082] 2019-10-09 17:35:09.750121: Step 550: Train accuracy = 91.0%
INFO:tensorflow:2019-10-09 17:35:09.750274: Step 550: Cross entropy = 0.357252
I1009 17:35:09.750286 4760135104 retrain.py:1084] 2019-10-09 17:35:09.750274: Step 550: Cross entropy = 0.357252
INFO:tensorflow:2019-10-09 17:35:09.805954: Step 550: Validation accuracy = 52.0% (N=100)
I1009 17:35:09.806000 4760135104 retrain.py:1100] 2019-10-09 17:35:09.805954: Step 550: Validation accuracy = 52.0% (N=100)
INFO:tensorflow:2019-10-09 17:35:10.356802: Step 560: Train accuracy = 91.0%
I1009 17:35:10.356846 4760135104 retrain.py:1082] 2019-10-09 17:35:10.356802: Step 560: Train accuracy = 91.0%
INFO:tensorflow:2019-10-09 17:35:10.356953: Step 560: Cross entropy = 0.349385
I1009 17:35:10.356963 4760135104 retrain.py:1084] 2019-10-09 17:35:10.356953: Step 560: Cross entropy = 0.349385
INFO:tensorflow:2019-10-09 17:35:10.413152: Step 560: Validation accuracy = 66.0% (N=100)
I1009 17:35:10.413199 4760135104 retrain.py:1100] 2019-10-09 17:35:10.413152: Step 560: Validation accuracy = 66.0% (N=100)
INFO:tensorflow:2019-10-09 17:35:10.963746: Step 570: Train accuracy = 98.0%
I1009 17:35:10.963791 4760135104 retrain.py:1082] 2019-10-09 17:35:10.963746: Step 570: Train accuracy = 98.0%
INFO:tensorflow:2019-10-09 17:35:10.963899: Step 570: Cross entropy = 0.281333
I1009 17:35:10.963910 4760135104 retrain.py:1084] 2019-10-09 17:35:10.963899: Step 570: Cross entropy = 0.281333
INFO:tensorflow:2019-10-09 17:35:11.020037: Step 570: Validation accuracy = 61.0% (N=100)
I1009 17:35:11.020086 4760135104 retrain.py:1100] 2019-10-09 17:35:11.020037: Step 570: Validation accuracy = 61.0% (N=100)
INFO:tensorflow:2019-10-09 17:35:11.572973: Step 580: Train accuracy = 91.0%
I1009 17:35:11.573018 4760135104 retrain.py:1082] 2019-10-09 17:35:11.572973: Step 580: Train accuracy = 91.0%
INFO:tensorflow:2019-10-09 17:35:11.573128: Step 580: Cross entropy = 0.334995
I1009 17:35:11.573138 4760135104 retrain.py:1084] 2019-10-09 17:35:11.573128: Step 580: Cross entropy = 0.334995
INFO:tensorflow:2019-10-09 17:35:11.629202: Step 580: Validation accuracy = 61.0% (N=100)
I1009 17:35:11.629249 4760135104 retrain.py:1100] 2019-10-09 17:35:11.629202: Step 580: Validation accuracy = 61.0% (N=100)
INFO:tensorflow:2019-10-09 17:35:12.181282: Step 590: Train accuracy = 91.0%
I1009 17:35:12.181327 4760135104 retrain.py:1082] 2019-10-09 17:35:12.181282: Step 590: Train accuracy = 91.0%
INFO:tensorflow:2019-10-09 17:35:12.181435: Step 590: Cross entropy = 0.331992
I1009 17:35:12.181445 4760135104 retrain.py:1084] 2019-10-09 17:35:12.181435: Step 590: Cross entropy = 0.331992
INFO:tensorflow:2019-10-09 17:35:12.237204: Step 590: Validation accuracy = 56.0% (N=100)
I1009 17:35:12.237253 4760135104 retrain.py:1100] 2019-10-09 17:35:12.237204: Step 590: Validation accuracy = 56.0% (N=100)
INFO:tensorflow:2019-10-09 17:35:12.791811: Step 600: Train accuracy = 87.0%
I1009 17:35:12.791856 4760135104 retrain.py:1082] 2019-10-09 17:35:12.791811: Step 600: Train accuracy = 87.0%
INFO:tensorflow:2019-10-09 17:35:12.791965: Step 600: Cross entropy = 0.376291
I1009 17:35:12.791975 4760135104 retrain.py:1084] 2019-10-09 17:35:12.791965: Step 600: Cross entropy = 0.376291
INFO:tensorflow:2019-10-09 17:35:12.848392: Step 600: Validation accuracy = 73.0% (N=100)
I1009 17:35:12.848441 4760135104 retrain.py:1100] 2019-10-09 17:35:12.848392: Step 600: Validation accuracy = 73.0% (N=100)
INFO:tensorflow:2019-10-09 17:35:13.400789: Step 610: Train accuracy = 86.0%
I1009 17:35:13.400834 4760135104 retrain.py:1082] 2019-10-09 17:35:13.400789: Step 610: Train accuracy = 86.0%
INFO:tensorflow:2019-10-09 17:35:13.400941: Step 610: Cross entropy = 0.349856
I1009 17:35:13.400952 4760135104 retrain.py:1084] 2019-10-09 17:35:13.400941: Step 610: Cross entropy = 0.349856
INFO:tensorflow:2019-10-09 17:35:13.457009: Step 610: Validation accuracy = 59.0% (N=100)
I1009 17:35:13.457057 4760135104 retrain.py:1100] 2019-10-09 17:35:13.457009: Step 610: Validation accuracy = 59.0% (N=100)
INFO:tensorflow:2019-10-09 17:35:14.009154: Step 620: Train accuracy = 94.0%
I1009 17:35:14.009198 4760135104 retrain.py:1082] 2019-10-09 17:35:14.009154: Step 620: Train accuracy = 94.0%
INFO:tensorflow:2019-10-09 17:35:14.009303: Step 620: Cross entropy = 0.344956
I1009 17:35:14.009315 4760135104 retrain.py:1084] 2019-10-09 17:35:14.009303: Step 620: Cross entropy = 0.344956
INFO:tensorflow:2019-10-09 17:35:14.065491: Step 620: Validation accuracy = 60.0% (N=100)
I1009 17:35:14.065536 4760135104 retrain.py:1100] 2019-10-09 17:35:14.065491: Step 620: Validation accuracy = 60.0% (N=100)
INFO:tensorflow:2019-10-09 17:35:14.617931: Step 630: Train accuracy = 94.0%
I1009 17:35:14.617975 4760135104 retrain.py:1082] 2019-10-09 17:35:14.617931: Step 630: Train accuracy = 94.0%
INFO:tensorflow:2019-10-09 17:35:14.618083: Step 630: Cross entropy = 0.308144
I1009 17:35:14.618093 4760135104 retrain.py:1084] 2019-10-09 17:35:14.618083: Step 630: Cross entropy = 0.308144
INFO:tensorflow:2019-10-09 17:35:14.673462: Step 630: Validation accuracy = 61.0% (N=100)
I1009 17:35:14.673511 4760135104 retrain.py:1100] 2019-10-09 17:35:14.673462: Step 630: Validation accuracy = 61.0% (N=100)
INFO:tensorflow:2019-10-09 17:35:15.224808: Step 640: Train accuracy = 95.0%
I1009 17:35:15.224852 4760135104 retrain.py:1082] 2019-10-09 17:35:15.224808: Step 640: Train accuracy = 95.0%
INFO:tensorflow:2019-10-09 17:35:15.224960: Step 640: Cross entropy = 0.340707
I1009 17:35:15.224970 4760135104 retrain.py:1084] 2019-10-09 17:35:15.224960: Step 640: Cross entropy = 0.340707
INFO:tensorflow:2019-10-09 17:35:15.281214: Step 640: Validation accuracy = 51.0% (N=100)
I1009 17:35:15.281262 4760135104 retrain.py:1100] 2019-10-09 17:35:15.281214: Step 640: Validation accuracy = 51.0% (N=100)
INFO:tensorflow:2019-10-09 17:35:15.833348: Step 650: Train accuracy = 93.0%
I1009 17:35:15.833392 4760135104 retrain.py:1082] 2019-10-09 17:35:15.833348: Step 650: Train accuracy = 93.0%
INFO:tensorflow:2019-10-09 17:35:15.833501: Step 650: Cross entropy = 0.300179
I1009 17:35:15.833511 4760135104 retrain.py:1084] 2019-10-09 17:35:15.833501: Step 650: Cross entropy = 0.300179
INFO:tensorflow:2019-10-09 17:35:15.889550: Step 650: Validation accuracy = 66.0% (N=100)
I1009 17:35:15.889596 4760135104 retrain.py:1100] 2019-10-09 17:35:15.889550: Step 650: Validation accuracy = 66.0% (N=100)
INFO:tensorflow:2019-10-09 17:35:16.442034: Step 660: Train accuracy = 95.0%
I1009 17:35:16.442077 4760135104 retrain.py:1082] 2019-10-09 17:35:16.442034: Step 660: Train accuracy = 95.0%
INFO:tensorflow:2019-10-09 17:35:16.442184: Step 660: Cross entropy = 0.275250
I1009 17:35:16.442193 4760135104 retrain.py:1084] 2019-10-09 17:35:16.442184: Step 660: Cross entropy = 0.275250
INFO:tensorflow:2019-10-09 17:35:16.498201: Step 660: Validation accuracy = 66.0% (N=100)
I1009 17:35:16.498249 4760135104 retrain.py:1100] 2019-10-09 17:35:16.498201: Step 660: Validation accuracy = 66.0% (N=100)
INFO:tensorflow:2019-10-09 17:35:17.050849: Step 670: Train accuracy = 90.0%
I1009 17:35:17.050894 4760135104 retrain.py:1082] 2019-10-09 17:35:17.050849: Step 670: Train accuracy = 90.0%
INFO:tensorflow:2019-10-09 17:35:17.051001: Step 670: Cross entropy = 0.296084
I1009 17:35:17.051013 4760135104 retrain.py:1084] 2019-10-09 17:35:17.051001: Step 670: Cross entropy = 0.296084
INFO:tensorflow:2019-10-09 17:35:17.109260: Step 670: Validation accuracy = 62.0% (N=100)
I1009 17:35:17.109308 4760135104 retrain.py:1100] 2019-10-09 17:35:17.109260: Step 670: Validation accuracy = 62.0% (N=100)
INFO:tensorflow:2019-10-09 17:35:17.667601: Step 680: Train accuracy = 91.0%
I1009 17:35:17.667644 4760135104 retrain.py:1082] 2019-10-09 17:35:17.667601: Step 680: Train accuracy = 91.0%
INFO:tensorflow:2019-10-09 17:35:17.667752: Step 680: Cross entropy = 0.318301
I1009 17:35:17.667761 4760135104 retrain.py:1084] 2019-10-09 17:35:17.667752: Step 680: Cross entropy = 0.318301
INFO:tensorflow:2019-10-09 17:35:17.724473: Step 680: Validation accuracy = 41.0% (N=100)
I1009 17:35:17.724521 4760135104 retrain.py:1100] 2019-10-09 17:35:17.724473: Step 680: Validation accuracy = 41.0% (N=100)
INFO:tensorflow:2019-10-09 17:35:18.286443: Step 690: Train accuracy = 91.0%
I1009 17:35:18.286485 4760135104 retrain.py:1082] 2019-10-09 17:35:18.286443: Step 690: Train accuracy = 91.0%
INFO:tensorflow:2019-10-09 17:35:18.286592: Step 690: Cross entropy = 0.326773
I1009 17:35:18.286602 4760135104 retrain.py:1084] 2019-10-09 17:35:18.286592: Step 690: Cross entropy = 0.326773
INFO:tensorflow:2019-10-09 17:35:18.343549: Step 690: Validation accuracy = 71.0% (N=100)
I1009 17:35:18.343598 4760135104 retrain.py:1100] 2019-10-09 17:35:18.343549: Step 690: Validation accuracy = 71.0% (N=100)
INFO:tensorflow:2019-10-09 17:35:18.898739: Step 700: Train accuracy = 95.0%
I1009 17:35:18.898782 4760135104 retrain.py:1082] 2019-10-09 17:35:18.898739: Step 700: Train accuracy = 95.0%
INFO:tensorflow:2019-10-09 17:35:18.898895: Step 700: Cross entropy = 0.283323
I1009 17:35:18.898906 4760135104 retrain.py:1084] 2019-10-09 17:35:18.898895: Step 700: Cross entropy = 0.283323
INFO:tensorflow:2019-10-09 17:35:18.955441: Step 700: Validation accuracy = 55.0% (N=100)
I1009 17:35:18.955487 4760135104 retrain.py:1100] 2019-10-09 17:35:18.955441: Step 700: Validation accuracy = 55.0% (N=100)
INFO:tensorflow:2019-10-09 17:35:19.511236: Step 710: Train accuracy = 89.0%
I1009 17:35:19.511281 4760135104 retrain.py:1082] 2019-10-09 17:35:19.511236: Step 710: Train accuracy = 89.0%
INFO:tensorflow:2019-10-09 17:35:19.511391: Step 710: Cross entropy = 0.301420
I1009 17:35:19.511404 4760135104 retrain.py:1084] 2019-10-09 17:35:19.511391: Step 710: Cross entropy = 0.301420
INFO:tensorflow:2019-10-09 17:35:19.567889: Step 710: Validation accuracy = 66.0% (N=100)
I1009 17:35:19.567934 4760135104 retrain.py:1100] 2019-10-09 17:35:19.567889: Step 710: Validation accuracy = 66.0% (N=100)
INFO:tensorflow:2019-10-09 17:35:20.124445: Step 720: Train accuracy = 90.0%
I1009 17:35:20.124489 4760135104 retrain.py:1082] 2019-10-09 17:35:20.124445: Step 720: Train accuracy = 90.0%
INFO:tensorflow:2019-10-09 17:35:20.124599: Step 720: Cross entropy = 0.313381
I1009 17:35:20.124611 4760135104 retrain.py:1084] 2019-10-09 17:35:20.124599: Step 720: Cross entropy = 0.313381
INFO:tensorflow:2019-10-09 17:35:20.182552: Step 720: Validation accuracy = 60.0% (N=100)
I1009 17:35:20.182598 4760135104 retrain.py:1100] 2019-10-09 17:35:20.182552: Step 720: Validation accuracy = 60.0% (N=100)
INFO:tensorflow:2019-10-09 17:35:20.740730: Step 730: Train accuracy = 92.0%
I1009 17:35:20.740773 4760135104 retrain.py:1082] 2019-10-09 17:35:20.740730: Step 730: Train accuracy = 92.0%
INFO:tensorflow:2019-10-09 17:35:20.740882: Step 730: Cross entropy = 0.297153
I1009 17:35:20.740892 4760135104 retrain.py:1084] 2019-10-09 17:35:20.740882: Step 730: Cross entropy = 0.297153
INFO:tensorflow:2019-10-09 17:35:20.797399: Step 730: Validation accuracy = 71.0% (N=100)
I1009 17:35:20.797447 4760135104 retrain.py:1100] 2019-10-09 17:35:20.797399: Step 730: Validation accuracy = 71.0% (N=100)
INFO:tensorflow:2019-10-09 17:35:21.354926: Step 740: Train accuracy = 94.0%
I1009 17:35:21.354970 4760135104 retrain.py:1082] 2019-10-09 17:35:21.354926: Step 740: Train accuracy = 94.0%
INFO:tensorflow:2019-10-09 17:35:21.355075: Step 740: Cross entropy = 0.279647
I1009 17:35:21.355086 4760135104 retrain.py:1084] 2019-10-09 17:35:21.355075: Step 740: Cross entropy = 0.279647
INFO:tensorflow:2019-10-09 17:35:21.411656: Step 740: Validation accuracy = 65.0% (N=100)
I1009 17:35:21.411703 4760135104 retrain.py:1100] 2019-10-09 17:35:21.411656: Step 740: Validation accuracy = 65.0% (N=100)
INFO:tensorflow:2019-10-09 17:35:21.970007: Step 750: Train accuracy = 99.0%
I1009 17:35:21.970051 4760135104 retrain.py:1082] 2019-10-09 17:35:21.970007: Step 750: Train accuracy = 99.0%
INFO:tensorflow:2019-10-09 17:35:21.970157: Step 750: Cross entropy = 0.227517
I1009 17:35:21.970168 4760135104 retrain.py:1084] 2019-10-09 17:35:21.970157: Step 750: Cross entropy = 0.227517
INFO:tensorflow:2019-10-09 17:35:22.026495: Step 750: Validation accuracy = 67.0% (N=100)
I1009 17:35:22.026543 4760135104 retrain.py:1100] 2019-10-09 17:35:22.026495: Step 750: Validation accuracy = 67.0% (N=100)
INFO:tensorflow:2019-10-09 17:35:22.584942: Step 760: Train accuracy = 96.0%
I1009 17:35:22.584988 4760135104 retrain.py:1082] 2019-10-09 17:35:22.584942: Step 760: Train accuracy = 96.0%
INFO:tensorflow:2019-10-09 17:35:22.585100: Step 760: Cross entropy = 0.282746
I1009 17:35:22.585112 4760135104 retrain.py:1084] 2019-10-09 17:35:22.585100: Step 760: Cross entropy = 0.282746
INFO:tensorflow:2019-10-09 17:35:22.642280: Step 760: Validation accuracy = 59.0% (N=100)
I1009 17:35:22.642324 4760135104 retrain.py:1100] 2019-10-09 17:35:22.642280: Step 760: Validation accuracy = 59.0% (N=100)
INFO:tensorflow:2019-10-09 17:35:23.217477: Step 770: Train accuracy = 92.0%
I1009 17:35:23.217521 4760135104 retrain.py:1082] 2019-10-09 17:35:23.217477: Step 770: Train accuracy = 92.0%
INFO:tensorflow:2019-10-09 17:35:23.217635: Step 770: Cross entropy = 0.297872
I1009 17:35:23.217649 4760135104 retrain.py:1084] 2019-10-09 17:35:23.217635: Step 770: Cross entropy = 0.297872
INFO:tensorflow:2019-10-09 17:35:23.278800: Step 770: Validation accuracy = 64.0% (N=100)
I1009 17:35:23.278846 4760135104 retrain.py:1100] 2019-10-09 17:35:23.278800: Step 770: Validation accuracy = 64.0% (N=100)
INFO:tensorflow:2019-10-09 17:35:23.859480: Step 780: Train accuracy = 89.0%
I1009 17:35:23.859524 4760135104 retrain.py:1082] 2019-10-09 17:35:23.859480: Step 780: Train accuracy = 89.0%
INFO:tensorflow:2019-10-09 17:35:23.859632: Step 780: Cross entropy = 0.312337
I1009 17:35:23.859642 4760135104 retrain.py:1084] 2019-10-09 17:35:23.859632: Step 780: Cross entropy = 0.312337
INFO:tensorflow:2019-10-09 17:35:23.920504: Step 780: Validation accuracy = 69.0% (N=100)
I1009 17:35:23.920550 4760135104 retrain.py:1100] 2019-10-09 17:35:23.920504: Step 780: Validation accuracy = 69.0% (N=100)
INFO:tensorflow:2019-10-09 17:35:24.498262: Step 790: Train accuracy = 98.0%
I1009 17:35:24.498309 4760135104 retrain.py:1082] 2019-10-09 17:35:24.498262: Step 790: Train accuracy = 98.0%
INFO:tensorflow:2019-10-09 17:35:24.498424: Step 790: Cross entropy = 0.230104
I1009 17:35:24.498436 4760135104 retrain.py:1084] 2019-10-09 17:35:24.498424: Step 790: Cross entropy = 0.230104
INFO:tensorflow:2019-10-09 17:35:24.559378: Step 790: Validation accuracy = 58.0% (N=100)
I1009 17:35:24.559422 4760135104 retrain.py:1100] 2019-10-09 17:35:24.559378: Step 790: Validation accuracy = 58.0% (N=100)
INFO:tensorflow:2019-10-09 17:35:25.135039: Step 800: Train accuracy = 94.0%
I1009 17:35:25.135083 4760135104 retrain.py:1082] 2019-10-09 17:35:25.135039: Step 800: Train accuracy = 94.0%
INFO:tensorflow:2019-10-09 17:35:25.135192: Step 800: Cross entropy = 0.259188
I1009 17:35:25.135203 4760135104 retrain.py:1084] 2019-10-09 17:35:25.135192: Step 800: Cross entropy = 0.259188
INFO:tensorflow:2019-10-09 17:35:25.196930: Step 800: Validation accuracy = 58.0% (N=100)
I1009 17:35:25.196977 4760135104 retrain.py:1100] 2019-10-09 17:35:25.196930: Step 800: Validation accuracy = 58.0% (N=100)
INFO:tensorflow:2019-10-09 17:35:25.772497: Step 810: Train accuracy = 95.0%
I1009 17:35:25.772539 4760135104 retrain.py:1082] 2019-10-09 17:35:25.772497: Step 810: Train accuracy = 95.0%
INFO:tensorflow:2019-10-09 17:35:25.772655: Step 810: Cross entropy = 0.249426
I1009 17:35:25.772666 4760135104 retrain.py:1084] 2019-10-09 17:35:25.772655: Step 810: Cross entropy = 0.249426
INFO:tensorflow:2019-10-09 17:35:25.835192: Step 810: Validation accuracy = 60.0% (N=100)
I1009 17:35:25.835246 4760135104 retrain.py:1100] 2019-10-09 17:35:25.835192: Step 810: Validation accuracy = 60.0% (N=100)
INFO:tensorflow:2019-10-09 17:35:26.412106: Step 820: Train accuracy = 95.0%
I1009 17:35:26.412148 4760135104 retrain.py:1082] 2019-10-09 17:35:26.412106: Step 820: Train accuracy = 95.0%
INFO:tensorflow:2019-10-09 17:35:26.412254: Step 820: Cross entropy = 0.285813
I1009 17:35:26.412263 4760135104 retrain.py:1084] 2019-10-09 17:35:26.412254: Step 820: Cross entropy = 0.285813
INFO:tensorflow:2019-10-09 17:35:26.473161: Step 820: Validation accuracy = 62.0% (N=100)
I1009 17:35:26.473205 4760135104 retrain.py:1100] 2019-10-09 17:35:26.473161: Step 820: Validation accuracy = 62.0% (N=100)
INFO:tensorflow:2019-10-09 17:35:27.048994: Step 830: Train accuracy = 95.0%
I1009 17:35:27.049038 4760135104 retrain.py:1082] 2019-10-09 17:35:27.048994: Step 830: Train accuracy = 95.0%
INFO:tensorflow:2019-10-09 17:35:27.049145: Step 830: Cross entropy = 0.255910
I1009 17:35:27.049156 4760135104 retrain.py:1084] 2019-10-09 17:35:27.049145: Step 830: Cross entropy = 0.255910
INFO:tensorflow:2019-10-09 17:35:27.110143: Step 830: Validation accuracy = 65.0% (N=100)
I1009 17:35:27.110187 4760135104 retrain.py:1100] 2019-10-09 17:35:27.110143: Step 830: Validation accuracy = 65.0% (N=100)
INFO:tensorflow:2019-10-09 17:35:27.684719: Step 840: Train accuracy = 92.0%
I1009 17:35:27.684762 4760135104 retrain.py:1082] 2019-10-09 17:35:27.684719: Step 840: Train accuracy = 92.0%
INFO:tensorflow:2019-10-09 17:35:27.684877: Step 840: Cross entropy = 0.290688
I1009 17:35:27.684890 4760135104 retrain.py:1084] 2019-10-09 17:35:27.684877: Step 840: Cross entropy = 0.290688
INFO:tensorflow:2019-10-09 17:35:27.748084: Step 840: Validation accuracy = 61.0% (N=100)
I1009 17:35:27.748137 4760135104 retrain.py:1100] 2019-10-09 17:35:27.748084: Step 840: Validation accuracy = 61.0% (N=100)
INFO:tensorflow:2019-10-09 17:35:28.326105: Step 850: Train accuracy = 88.0%
I1009 17:35:28.326150 4760135104 retrain.py:1082] 2019-10-09 17:35:28.326105: Step 850: Train accuracy = 88.0%
INFO:tensorflow:2019-10-09 17:35:28.326264: Step 850: Cross entropy = 0.304715
I1009 17:35:28.326277 4760135104 retrain.py:1084] 2019-10-09 17:35:28.326264: Step 850: Cross entropy = 0.304715
INFO:tensorflow:2019-10-09 17:35:28.388472: Step 850: Validation accuracy = 54.0% (N=100)
I1009 17:35:28.388518 4760135104 retrain.py:1100] 2019-10-09 17:35:28.388472: Step 850: Validation accuracy = 54.0% (N=100)
INFO:tensorflow:2019-10-09 17:35:28.961617: Step 860: Train accuracy = 95.0%
I1009 17:35:28.961676 4760135104 retrain.py:1082] 2019-10-09 17:35:28.961617: Step 860: Train accuracy = 95.0%
INFO:tensorflow:2019-10-09 17:35:28.961813: Step 860: Cross entropy = 0.251167
I1009 17:35:28.961823 4760135104 retrain.py:1084] 2019-10-09 17:35:28.961813: Step 860: Cross entropy = 0.251167
INFO:tensorflow:2019-10-09 17:35:29.022867: Step 860: Validation accuracy = 60.0% (N=100)
I1009 17:35:29.022912 4760135104 retrain.py:1100] 2019-10-09 17:35:29.022867: Step 860: Validation accuracy = 60.0% (N=100)
INFO:tensorflow:2019-10-09 17:35:29.599051: Step 870: Train accuracy = 91.0%
I1009 17:35:29.599096 4760135104 retrain.py:1082] 2019-10-09 17:35:29.599051: Step 870: Train accuracy = 91.0%
INFO:tensorflow:2019-10-09 17:35:29.599209: Step 870: Cross entropy = 0.267761
I1009 17:35:29.599220 4760135104 retrain.py:1084] 2019-10-09 17:35:29.599209: Step 870: Cross entropy = 0.267761
INFO:tensorflow:2019-10-09 17:35:29.660345: Step 870: Validation accuracy = 67.0% (N=100)
I1009 17:35:29.660389 4760135104 retrain.py:1100] 2019-10-09 17:35:29.660345: Step 870: Validation accuracy = 67.0% (N=100)
INFO:tensorflow:2019-10-09 17:35:30.232148: Step 880: Train accuracy = 94.0%
I1009 17:35:30.232192 4760135104 retrain.py:1082] 2019-10-09 17:35:30.232148: Step 880: Train accuracy = 94.0%
INFO:tensorflow:2019-10-09 17:35:30.232306: Step 880: Cross entropy = 0.279706
I1009 17:35:30.232316 4760135104 retrain.py:1084] 2019-10-09 17:35:30.232306: Step 880: Cross entropy = 0.279706
INFO:tensorflow:2019-10-09 17:35:30.294178: Step 880: Validation accuracy = 62.0% (N=100)
I1009 17:35:30.294222 4760135104 retrain.py:1100] 2019-10-09 17:35:30.294178: Step 880: Validation accuracy = 62.0% (N=100)
INFO:tensorflow:2019-10-09 17:35:30.872733: Step 890: Train accuracy = 95.0%
I1009 17:35:30.872776 4760135104 retrain.py:1082] 2019-10-09 17:35:30.872733: Step 890: Train accuracy = 95.0%
INFO:tensorflow:2019-10-09 17:35:30.872898: Step 890: Cross entropy = 0.244981
I1009 17:35:30.872915 4760135104 retrain.py:1084] 2019-10-09 17:35:30.872898: Step 890: Cross entropy = 0.244981
INFO:tensorflow:2019-10-09 17:35:30.932634: Step 890: Validation accuracy = 53.0% (N=100)
I1009 17:35:30.932679 4760135104 retrain.py:1100] 2019-10-09 17:35:30.932634: Step 890: Validation accuracy = 53.0% (N=100)
INFO:tensorflow:2019-10-09 17:35:31.510181: Step 900: Train accuracy = 96.0%
I1009 17:35:31.510223 4760135104 retrain.py:1082] 2019-10-09 17:35:31.510181: Step 900: Train accuracy = 96.0%
INFO:tensorflow:2019-10-09 17:35:31.510331: Step 900: Cross entropy = 0.269992
I1009 17:35:31.510341 4760135104 retrain.py:1084] 2019-10-09 17:35:31.510331: Step 900: Cross entropy = 0.269992
INFO:tensorflow:2019-10-09 17:35:31.569779: Step 900: Validation accuracy = 61.0% (N=100)
I1009 17:35:31.569824 4760135104 retrain.py:1100] 2019-10-09 17:35:31.569779: Step 900: Validation accuracy = 61.0% (N=100)
INFO:tensorflow:2019-10-09 17:35:32.146003: Step 910: Train accuracy = 95.0%
I1009 17:35:32.146049 4760135104 retrain.py:1082] 2019-10-09 17:35:32.146003: Step 910: Train accuracy = 95.0%
INFO:tensorflow:2019-10-09 17:35:32.146207: Step 910: Cross entropy = 0.234225
I1009 17:35:32.146228 4760135104 retrain.py:1084] 2019-10-09 17:35:32.146207: Step 910: Cross entropy = 0.234225
INFO:tensorflow:2019-10-09 17:35:32.211303: Step 910: Validation accuracy = 62.0% (N=100)
I1009 17:35:32.211348 4760135104 retrain.py:1100] 2019-10-09 17:35:32.211303: Step 910: Validation accuracy = 62.0% (N=100)
INFO:tensorflow:2019-10-09 17:35:32.782288: Step 920: Train accuracy = 92.0%
I1009 17:35:32.782331 4760135104 retrain.py:1082] 2019-10-09 17:35:32.782288: Step 920: Train accuracy = 92.0%
INFO:tensorflow:2019-10-09 17:35:32.782469: Step 920: Cross entropy = 0.307190
I1009 17:35:32.782490 4760135104 retrain.py:1084] 2019-10-09 17:35:32.782469: Step 920: Cross entropy = 0.307190
INFO:tensorflow:2019-10-09 17:35:32.844067: Step 920: Validation accuracy = 64.0% (N=100)
I1009 17:35:32.844111 4760135104 retrain.py:1100] 2019-10-09 17:35:32.844067: Step 920: Validation accuracy = 64.0% (N=100)
INFO:tensorflow:2019-10-09 17:35:33.421479: Step 930: Train accuracy = 95.0%
I1009 17:35:33.421552 4760135104 retrain.py:1082] 2019-10-09 17:35:33.421479: Step 930: Train accuracy = 95.0%
INFO:tensorflow:2019-10-09 17:35:33.421708: Step 930: Cross entropy = 0.281385
I1009 17:35:33.421725 4760135104 retrain.py:1084] 2019-10-09 17:35:33.421708: Step 930: Cross entropy = 0.281385
INFO:tensorflow:2019-10-09 17:35:33.481629: Step 930: Validation accuracy = 58.0% (N=100)
I1009 17:35:33.481698 4760135104 retrain.py:1100] 2019-10-09 17:35:33.481629: Step 930: Validation accuracy = 58.0% (N=100)
INFO:tensorflow:2019-10-09 17:35:34.044983: Step 940: Train accuracy = 94.0%
I1009 17:35:34.045027 4760135104 retrain.py:1082] 2019-10-09 17:35:34.044983: Step 940: Train accuracy = 94.0%
INFO:tensorflow:2019-10-09 17:35:34.045144: Step 940: Cross entropy = 0.242539
I1009 17:35:34.045156 4760135104 retrain.py:1084] 2019-10-09 17:35:34.045144: Step 940: Cross entropy = 0.242539
INFO:tensorflow:2019-10-09 17:35:34.106594: Step 940: Validation accuracy = 65.0% (N=100)
I1009 17:35:34.106638 4760135104 retrain.py:1100] 2019-10-09 17:35:34.106594: Step 940: Validation accuracy = 65.0% (N=100)
INFO:tensorflow:2019-10-09 17:35:34.675555: Step 950: Train accuracy = 92.0%
I1009 17:35:34.675599 4760135104 retrain.py:1082] 2019-10-09 17:35:34.675555: Step 950: Train accuracy = 92.0%
INFO:tensorflow:2019-10-09 17:35:34.675713: Step 950: Cross entropy = 0.242924
I1009 17:35:34.675726 4760135104 retrain.py:1084] 2019-10-09 17:35:34.675713: Step 950: Cross entropy = 0.242924
INFO:tensorflow:2019-10-09 17:35:34.736432: Step 950: Validation accuracy = 57.0% (N=100)
I1009 17:35:34.736477 4760135104 retrain.py:1100] 2019-10-09 17:35:34.736432: Step 950: Validation accuracy = 57.0% (N=100)
INFO:tensorflow:2019-10-09 17:35:35.309669: Step 960: Train accuracy = 94.0%
I1009 17:35:35.309712 4760135104 retrain.py:1082] 2019-10-09 17:35:35.309669: Step 960: Train accuracy = 94.0%
INFO:tensorflow:2019-10-09 17:35:35.309819: Step 960: Cross entropy = 0.243493
I1009 17:35:35.309829 4760135104 retrain.py:1084] 2019-10-09 17:35:35.309819: Step 960: Cross entropy = 0.243493
INFO:tensorflow:2019-10-09 17:35:35.369848: Step 960: Validation accuracy = 76.0% (N=100)
I1009 17:35:35.369902 4760135104 retrain.py:1100] 2019-10-09 17:35:35.369848: Step 960: Validation accuracy = 76.0% (N=100)
INFO:tensorflow:2019-10-09 17:35:35.946771: Step 970: Train accuracy = 95.0%
I1009 17:35:35.946815 4760135104 retrain.py:1082] 2019-10-09 17:35:35.946771: Step 970: Train accuracy = 95.0%
INFO:tensorflow:2019-10-09 17:35:35.946936: Step 970: Cross entropy = 0.239567
I1009 17:35:35.946949 4760135104 retrain.py:1084] 2019-10-09 17:35:35.946936: Step 970: Cross entropy = 0.239567
INFO:tensorflow:2019-10-09 17:35:36.007901: Step 970: Validation accuracy = 67.0% (N=100)
I1009 17:35:36.007945 4760135104 retrain.py:1100] 2019-10-09 17:35:36.007901: Step 970: Validation accuracy = 67.0% (N=100)
INFO:tensorflow:2019-10-09 17:35:36.577157: Step 980: Train accuracy = 93.0%
I1009 17:35:36.577200 4760135104 retrain.py:1082] 2019-10-09 17:35:36.577157: Step 980: Train accuracy = 93.0%
INFO:tensorflow:2019-10-09 17:35:36.577312: Step 980: Cross entropy = 0.277853
I1009 17:35:36.577322 4760135104 retrain.py:1084] 2019-10-09 17:35:36.577312: Step 980: Cross entropy = 0.277853
INFO:tensorflow:2019-10-09 17:35:36.638880: Step 980: Validation accuracy = 66.0% (N=100)
I1009 17:35:36.638948 4760135104 retrain.py:1100] 2019-10-09 17:35:36.638880: Step 980: Validation accuracy = 66.0% (N=100)
INFO:tensorflow:2019-10-09 17:35:37.210416: Step 990: Train accuracy = 93.0%
I1009 17:35:37.210459 4760135104 retrain.py:1082] 2019-10-09 17:35:37.210416: Step 990: Train accuracy = 93.0%
INFO:tensorflow:2019-10-09 17:35:37.210584: Step 990: Cross entropy = 0.287767
I1009 17:35:37.210616 4760135104 retrain.py:1084] 2019-10-09 17:35:37.210584: Step 990: Cross entropy = 0.287767
INFO:tensorflow:2019-10-09 17:35:37.269801: Step 990: Validation accuracy = 64.0% (N=100)
I1009 17:35:37.269845 4760135104 retrain.py:1100] 2019-10-09 17:35:37.269801: Step 990: Validation accuracy = 64.0% (N=100)
INFO:tensorflow:2019-10-09 17:35:37.848570: Step 1000: Train accuracy = 89.0%
I1009 17:35:37.848613 4760135104 retrain.py:1082] 2019-10-09 17:35:37.848570: Step 1000: Train accuracy = 89.0%
INFO:tensorflow:2019-10-09 17:35:37.848723: Step 1000: Cross entropy = 0.315875
I1009 17:35:37.848733 4760135104 retrain.py:1084] 2019-10-09 17:35:37.848723: Step 1000: Cross entropy = 0.315875
INFO:tensorflow:2019-10-09 17:35:37.905615: Step 1000: Validation accuracy = 61.0% (N=100)
I1009 17:35:37.905663 4760135104 retrain.py:1100] 2019-10-09 17:35:37.905615: Step 1000: Validation accuracy = 61.0% (N=100)
INFO:tensorflow:2019-10-09 17:35:38.469438: Step 1010: Train accuracy = 94.0%
I1009 17:35:38.469481 4760135104 retrain.py:1082] 2019-10-09 17:35:38.469438: Step 1010: Train accuracy = 94.0%
INFO:tensorflow:2019-10-09 17:35:38.469617: Step 1010: Cross entropy = 0.252271
I1009 17:35:38.469628 4760135104 retrain.py:1084] 2019-10-09 17:35:38.469617: Step 1010: Cross entropy = 0.252271
INFO:tensorflow:2019-10-09 17:35:38.525786: Step 1010: Validation accuracy = 69.0% (N=100)
I1009 17:35:38.525838 4760135104 retrain.py:1100] 2019-10-09 17:35:38.525786: Step 1010: Validation accuracy = 69.0% (N=100)
INFO:tensorflow:2019-10-09 17:35:39.089616: Step 1020: Train accuracy = 95.0%
I1009 17:35:39.089663 4760135104 retrain.py:1082] 2019-10-09 17:35:39.089616: Step 1020: Train accuracy = 95.0%
INFO:tensorflow:2019-10-09 17:35:39.089777: Step 1020: Cross entropy = 0.236479
I1009 17:35:39.089788 4760135104 retrain.py:1084] 2019-10-09 17:35:39.089777: Step 1020: Cross entropy = 0.236479
INFO:tensorflow:2019-10-09 17:35:39.150402: Step 1020: Validation accuracy = 65.0% (N=100)
I1009 17:35:39.150454 4760135104 retrain.py:1100] 2019-10-09 17:35:39.150402: Step 1020: Validation accuracy = 65.0% (N=100)
INFO:tensorflow:2019-10-09 17:35:39.721821: Step 1030: Train accuracy = 97.0%
I1009 17:35:39.721870 4760135104 retrain.py:1082] 2019-10-09 17:35:39.721821: Step 1030: Train accuracy = 97.0%
INFO:tensorflow:2019-10-09 17:35:39.721988: Step 1030: Cross entropy = 0.231474
I1009 17:35:39.721999 4760135104 retrain.py:1084] 2019-10-09 17:35:39.721988: Step 1030: Cross entropy = 0.231474
INFO:tensorflow:2019-10-09 17:35:39.780628: Step 1030: Validation accuracy = 58.0% (N=100)
I1009 17:35:39.780694 4760135104 retrain.py:1100] 2019-10-09 17:35:39.780628: Step 1030: Validation accuracy = 58.0% (N=100)
INFO:tensorflow:2019-10-09 17:35:40.352953: Step 1040: Train accuracy = 94.0%
I1009 17:35:40.352996 4760135104 retrain.py:1082] 2019-10-09 17:35:40.352953: Step 1040: Train accuracy = 94.0%
INFO:tensorflow:2019-10-09 17:35:40.353112: Step 1040: Cross entropy = 0.263826
I1009 17:35:40.353128 4760135104 retrain.py:1084] 2019-10-09 17:35:40.353112: Step 1040: Cross entropy = 0.263826
INFO:tensorflow:2019-10-09 17:35:40.413987: Step 1040: Validation accuracy = 66.0% (N=100)
I1009 17:35:40.414030 4760135104 retrain.py:1100] 2019-10-09 17:35:40.413987: Step 1040: Validation accuracy = 66.0% (N=100)
INFO:tensorflow:2019-10-09 17:35:40.984999: Step 1050: Train accuracy = 97.0%
I1009 17:35:40.985044 4760135104 retrain.py:1082] 2019-10-09 17:35:40.984999: Step 1050: Train accuracy = 97.0%
INFO:tensorflow:2019-10-09 17:35:40.985153: Step 1050: Cross entropy = 0.250907
I1009 17:35:40.985165 4760135104 retrain.py:1084] 2019-10-09 17:35:40.985153: Step 1050: Cross entropy = 0.250907
INFO:tensorflow:2019-10-09 17:35:41.047513: Step 1050: Validation accuracy = 63.0% (N=100)
I1009 17:35:41.047587 4760135104 retrain.py:1100] 2019-10-09 17:35:41.047513: Step 1050: Validation accuracy = 63.0% (N=100)
INFO:tensorflow:2019-10-09 17:35:41.614818: Step 1060: Train accuracy = 96.0%
I1009 17:35:41.614874 4760135104 retrain.py:1082] 2019-10-09 17:35:41.614818: Step 1060: Train accuracy = 96.0%
INFO:tensorflow:2019-10-09 17:35:41.615009: Step 1060: Cross entropy = 0.247582
I1009 17:35:41.615020 4760135104 retrain.py:1084] 2019-10-09 17:35:41.615009: Step 1060: Cross entropy = 0.247582
INFO:tensorflow:2019-10-09 17:35:41.671309: Step 1060: Validation accuracy = 61.0% (N=100)
I1009 17:35:41.671354 4760135104 retrain.py:1100] 2019-10-09 17:35:41.671309: Step 1060: Validation accuracy = 61.0% (N=100)
INFO:tensorflow:2019-10-09 17:35:42.233057: Step 1070: Train accuracy = 95.0%
I1009 17:35:42.233099 4760135104 retrain.py:1082] 2019-10-09 17:35:42.233057: Step 1070: Train accuracy = 95.0%
INFO:tensorflow:2019-10-09 17:35:42.233211: Step 1070: Cross entropy = 0.224431
I1009 17:35:42.233222 4760135104 retrain.py:1084] 2019-10-09 17:35:42.233211: Step 1070: Cross entropy = 0.224431
INFO:tensorflow:2019-10-09 17:35:42.290652: Step 1070: Validation accuracy = 55.0% (N=100)
I1009 17:35:42.290699 4760135104 retrain.py:1100] 2019-10-09 17:35:42.290652: Step 1070: Validation accuracy = 55.0% (N=100)
INFO:tensorflow:2019-10-09 17:35:42.862967: Step 1080: Train accuracy = 96.0%
I1009 17:35:42.863011 4760135104 retrain.py:1082] 2019-10-09 17:35:42.862967: Step 1080: Train accuracy = 96.0%
INFO:tensorflow:2019-10-09 17:35:42.863117: Step 1080: Cross entropy = 0.243847
I1009 17:35:42.863126 4760135104 retrain.py:1084] 2019-10-09 17:35:42.863117: Step 1080: Cross entropy = 0.243847
INFO:tensorflow:2019-10-09 17:35:42.919557: Step 1080: Validation accuracy = 62.0% (N=100)
I1009 17:35:42.919601 4760135104 retrain.py:1100] 2019-10-09 17:35:42.919557: Step 1080: Validation accuracy = 62.0% (N=100)
INFO:tensorflow:2019-10-09 17:35:43.477589: Step 1090: Train accuracy = 95.0%
I1009 17:35:43.477632 4760135104 retrain.py:1082] 2019-10-09 17:35:43.477589: Step 1090: Train accuracy = 95.0%
INFO:tensorflow:2019-10-09 17:35:43.477744: Step 1090: Cross entropy = 0.286804
I1009 17:35:43.477754 4760135104 retrain.py:1084] 2019-10-09 17:35:43.477744: Step 1090: Cross entropy = 0.286804
INFO:tensorflow:2019-10-09 17:35:43.534767: Step 1090: Validation accuracy = 48.0% (N=100)
I1009 17:35:43.534811 4760135104 retrain.py:1100] 2019-10-09 17:35:43.534767: Step 1090: Validation accuracy = 48.0% (N=100)
INFO:tensorflow:2019-10-09 17:35:44.094988: Step 1100: Train accuracy = 96.0%
I1009 17:35:44.095031 4760135104 retrain.py:1082] 2019-10-09 17:35:44.094988: Step 1100: Train accuracy = 96.0%
INFO:tensorflow:2019-10-09 17:35:44.095139: Step 1100: Cross entropy = 0.241093
I1009 17:35:44.095149 4760135104 retrain.py:1084] 2019-10-09 17:35:44.095139: Step 1100: Cross entropy = 0.241093
INFO:tensorflow:2019-10-09 17:35:44.151208: Step 1100: Validation accuracy = 58.0% (N=100)
I1009 17:35:44.151258 4760135104 retrain.py:1100] 2019-10-09 17:35:44.151208: Step 1100: Validation accuracy = 58.0% (N=100)
INFO:tensorflow:2019-10-09 17:35:44.707805: Step 1110: Train accuracy = 98.0%
I1009 17:35:44.707847 4760135104 retrain.py:1082] 2019-10-09 17:35:44.707805: Step 1110: Train accuracy = 98.0%
INFO:tensorflow:2019-10-09 17:35:44.707956: Step 1110: Cross entropy = 0.248582
I1009 17:35:44.707967 4760135104 retrain.py:1084] 2019-10-09 17:35:44.707956: Step 1110: Cross entropy = 0.248582
INFO:tensorflow:2019-10-09 17:35:44.764736: Step 1110: Validation accuracy = 69.0% (N=100)
I1009 17:35:44.764784 4760135104 retrain.py:1100] 2019-10-09 17:35:44.764736: Step 1110: Validation accuracy = 69.0% (N=100)
INFO:tensorflow:2019-10-09 17:35:45.321515: Step 1120: Train accuracy = 92.0%
I1009 17:35:45.321557 4760135104 retrain.py:1082] 2019-10-09 17:35:45.321515: Step 1120: Train accuracy = 92.0%
INFO:tensorflow:2019-10-09 17:35:45.321692: Step 1120: Cross entropy = 0.297661
I1009 17:35:45.321702 4760135104 retrain.py:1084] 2019-10-09 17:35:45.321692: Step 1120: Cross entropy = 0.297661
INFO:tensorflow:2019-10-09 17:35:45.378130: Step 1120: Validation accuracy = 65.0% (N=100)
I1009 17:35:45.378178 4760135104 retrain.py:1100] 2019-10-09 17:35:45.378130: Step 1120: Validation accuracy = 65.0% (N=100)
INFO:tensorflow:2019-10-09 17:35:45.941953: Step 1130: Train accuracy = 93.0%
I1009 17:35:45.941998 4760135104 retrain.py:1082] 2019-10-09 17:35:45.941953: Step 1130: Train accuracy = 93.0%
INFO:tensorflow:2019-10-09 17:35:45.942109: Step 1130: Cross entropy = 0.259406
I1009 17:35:45.942121 4760135104 retrain.py:1084] 2019-10-09 17:35:45.942109: Step 1130: Cross entropy = 0.259406
INFO:tensorflow:2019-10-09 17:35:45.999035: Step 1130: Validation accuracy = 63.0% (N=100)
I1009 17:35:45.999089 4760135104 retrain.py:1100] 2019-10-09 17:35:45.999035: Step 1130: Validation accuracy = 63.0% (N=100)
INFO:tensorflow:2019-10-09 17:35:46.559920: Step 1140: Train accuracy = 92.0%
I1009 17:35:46.559963 4760135104 retrain.py:1082] 2019-10-09 17:35:46.559920: Step 1140: Train accuracy = 92.0%
INFO:tensorflow:2019-10-09 17:35:46.560071: Step 1140: Cross entropy = 0.243341
I1009 17:35:46.560081 4760135104 retrain.py:1084] 2019-10-09 17:35:46.560071: Step 1140: Cross entropy = 0.243341
INFO:tensorflow:2019-10-09 17:35:46.617245: Step 1140: Validation accuracy = 72.0% (N=100)
I1009 17:35:46.617289 4760135104 retrain.py:1100] 2019-10-09 17:35:46.617245: Step 1140: Validation accuracy = 72.0% (N=100)
INFO:tensorflow:2019-10-09 17:35:47.175153: Step 1150: Train accuracy = 96.0%
I1009 17:35:47.175209 4760135104 retrain.py:1082] 2019-10-09 17:35:47.175153: Step 1150: Train accuracy = 96.0%
INFO:tensorflow:2019-10-09 17:35:47.175333: Step 1150: Cross entropy = 0.266453
I1009 17:35:47.175356 4760135104 retrain.py:1084] 2019-10-09 17:35:47.175333: Step 1150: Cross entropy = 0.266453
INFO:tensorflow:2019-10-09 17:35:47.233203: Step 1150: Validation accuracy = 68.0% (N=100)
I1009 17:35:47.233252 4760135104 retrain.py:1100] 2019-10-09 17:35:47.233203: Step 1150: Validation accuracy = 68.0% (N=100)
INFO:tensorflow:2019-10-09 17:35:47.793752: Step 1160: Train accuracy = 96.0%
I1009 17:35:47.793797 4760135104 retrain.py:1082] 2019-10-09 17:35:47.793752: Step 1160: Train accuracy = 96.0%
INFO:tensorflow:2019-10-09 17:35:47.793916: Step 1160: Cross entropy = 0.236324
I1009 17:35:47.793928 4760135104 retrain.py:1084] 2019-10-09 17:35:47.793916: Step 1160: Cross entropy = 0.236324
INFO:tensorflow:2019-10-09 17:35:47.851306: Step 1160: Validation accuracy = 66.0% (N=100)
I1009 17:35:47.851354 4760135104 retrain.py:1100] 2019-10-09 17:35:47.851306: Step 1160: Validation accuracy = 66.0% (N=100)
INFO:tensorflow:2019-10-09 17:35:48.409786: Step 1170: Train accuracy = 95.0%
I1009 17:35:48.409829 4760135104 retrain.py:1082] 2019-10-09 17:35:48.409786: Step 1170: Train accuracy = 95.0%
INFO:tensorflow:2019-10-09 17:35:48.409936: Step 1170: Cross entropy = 0.220965
I1009 17:35:48.409946 4760135104 retrain.py:1084] 2019-10-09 17:35:48.409936: Step 1170: Cross entropy = 0.220965
INFO:tensorflow:2019-10-09 17:35:48.466324: Step 1170: Validation accuracy = 58.0% (N=100)
I1009 17:35:48.466371 4760135104 retrain.py:1100] 2019-10-09 17:35:48.466324: Step 1170: Validation accuracy = 58.0% (N=100)
INFO:tensorflow:2019-10-09 17:35:49.022122: Step 1180: Train accuracy = 97.0%
I1009 17:35:49.022177 4760135104 retrain.py:1082] 2019-10-09 17:35:49.022122: Step 1180: Train accuracy = 97.0%
INFO:tensorflow:2019-10-09 17:35:49.022312: Step 1180: Cross entropy = 0.235889
I1009 17:35:49.022322 4760135104 retrain.py:1084] 2019-10-09 17:35:49.022312: Step 1180: Cross entropy = 0.235889
INFO:tensorflow:2019-10-09 17:35:49.078813: Step 1180: Validation accuracy = 71.0% (N=100)
I1009 17:35:49.078860 4760135104 retrain.py:1100] 2019-10-09 17:35:49.078813: Step 1180: Validation accuracy = 71.0% (N=100)
INFO:tensorflow:2019-10-09 17:35:49.640233: Step 1190: Train accuracy = 95.0%
I1009 17:35:49.640276 4760135104 retrain.py:1082] 2019-10-09 17:35:49.640233: Step 1190: Train accuracy = 95.0%
INFO:tensorflow:2019-10-09 17:35:49.640389: Step 1190: Cross entropy = 0.240505
I1009 17:35:49.640399 4760135104 retrain.py:1084] 2019-10-09 17:35:49.640389: Step 1190: Cross entropy = 0.240505
INFO:tensorflow:2019-10-09 17:35:49.698089: Step 1190: Validation accuracy = 77.0% (N=100)
I1009 17:35:49.698137 4760135104 retrain.py:1100] 2019-10-09 17:35:49.698089: Step 1190: Validation accuracy = 77.0% (N=100)
INFO:tensorflow:2019-10-09 17:35:50.257392: Step 1200: Train accuracy = 94.0%
I1009 17:35:50.257435 4760135104 retrain.py:1082] 2019-10-09 17:35:50.257392: Step 1200: Train accuracy = 94.0%
INFO:tensorflow:2019-10-09 17:35:50.257555: Step 1200: Cross entropy = 0.248735
I1009 17:35:50.257565 4760135104 retrain.py:1084] 2019-10-09 17:35:50.257555: Step 1200: Cross entropy = 0.248735
INFO:tensorflow:2019-10-09 17:35:50.313759: Step 1200: Validation accuracy = 62.0% (N=100)
I1009 17:35:50.313807 4760135104 retrain.py:1100] 2019-10-09 17:35:50.313759: Step 1200: Validation accuracy = 62.0% (N=100)
INFO:tensorflow:2019-10-09 17:35:50.872244: Step 1210: Train accuracy = 94.0%
I1009 17:35:50.872300 4760135104 retrain.py:1082] 2019-10-09 17:35:50.872244: Step 1210: Train accuracy = 94.0%
INFO:tensorflow:2019-10-09 17:35:50.872420: Step 1210: Cross entropy = 0.213410
I1009 17:35:50.872431 4760135104 retrain.py:1084] 2019-10-09 17:35:50.872420: Step 1210: Cross entropy = 0.213410
INFO:tensorflow:2019-10-09 17:35:50.929539: Step 1210: Validation accuracy = 69.0% (N=100)
I1009 17:35:50.929588 4760135104 retrain.py:1100] 2019-10-09 17:35:50.929539: Step 1210: Validation accuracy = 69.0% (N=100)
INFO:tensorflow:2019-10-09 17:35:51.492881: Step 1220: Train accuracy = 96.0%
I1009 17:35:51.492923 4760135104 retrain.py:1082] 2019-10-09 17:35:51.492881: Step 1220: Train accuracy = 96.0%
INFO:tensorflow:2019-10-09 17:35:51.493060: Step 1220: Cross entropy = 0.210309
I1009 17:35:51.493073 4760135104 retrain.py:1084] 2019-10-09 17:35:51.493060: Step 1220: Cross entropy = 0.210309
INFO:tensorflow:2019-10-09 17:35:51.549980: Step 1220: Validation accuracy = 66.0% (N=100)
I1009 17:35:51.550029 4760135104 retrain.py:1100] 2019-10-09 17:35:51.549980: Step 1220: Validation accuracy = 66.0% (N=100)
INFO:tensorflow:2019-10-09 17:35:52.106248: Step 1230: Train accuracy = 97.0%
I1009 17:35:52.106291 4760135104 retrain.py:1082] 2019-10-09 17:35:52.106248: Step 1230: Train accuracy = 97.0%
INFO:tensorflow:2019-10-09 17:35:52.106398: Step 1230: Cross entropy = 0.219478
I1009 17:35:52.106410 4760135104 retrain.py:1084] 2019-10-09 17:35:52.106398: Step 1230: Cross entropy = 0.219478
INFO:tensorflow:2019-10-09 17:35:52.162569: Step 1230: Validation accuracy = 71.0% (N=100)
I1009 17:35:52.162618 4760135104 retrain.py:1100] 2019-10-09 17:35:52.162569: Step 1230: Validation accuracy = 71.0% (N=100)
INFO:tensorflow:2019-10-09 17:35:52.721373: Step 1240: Train accuracy = 97.0%
I1009 17:35:52.721415 4760135104 retrain.py:1082] 2019-10-09 17:35:52.721373: Step 1240: Train accuracy = 97.0%
INFO:tensorflow:2019-10-09 17:35:52.721538: Step 1240: Cross entropy = 0.191328
I1009 17:35:52.721549 4760135104 retrain.py:1084] 2019-10-09 17:35:52.721538: Step 1240: Cross entropy = 0.191328
INFO:tensorflow:2019-10-09 17:35:52.777879: Step 1240: Validation accuracy = 62.0% (N=100)
I1009 17:35:52.777925 4760135104 retrain.py:1100] 2019-10-09 17:35:52.777879: Step 1240: Validation accuracy = 62.0% (N=100)
INFO:tensorflow:2019-10-09 17:35:53.337766: Step 1250: Train accuracy = 97.0%
I1009 17:35:53.337809 4760135104 retrain.py:1082] 2019-10-09 17:35:53.337766: Step 1250: Train accuracy = 97.0%
INFO:tensorflow:2019-10-09 17:35:53.337923: Step 1250: Cross entropy = 0.231433
I1009 17:35:53.337935 4760135104 retrain.py:1084] 2019-10-09 17:35:53.337923: Step 1250: Cross entropy = 0.231433
INFO:tensorflow:2019-10-09 17:35:53.395556: Step 1250: Validation accuracy = 63.0% (N=100)
I1009 17:35:53.395605 4760135104 retrain.py:1100] 2019-10-09 17:35:53.395556: Step 1250: Validation accuracy = 63.0% (N=100)
INFO:tensorflow:2019-10-09 17:35:53.960287: Step 1260: Train accuracy = 96.0%
I1009 17:35:53.960330 4760135104 retrain.py:1082] 2019-10-09 17:35:53.960287: Step 1260: Train accuracy = 96.0%
INFO:tensorflow:2019-10-09 17:35:53.960437: Step 1260: Cross entropy = 0.205034
I1009 17:35:53.960448 4760135104 retrain.py:1084] 2019-10-09 17:35:53.960437: Step 1260: Cross entropy = 0.205034
INFO:tensorflow:2019-10-09 17:35:54.016548: Step 1260: Validation accuracy = 64.0% (N=100)
I1009 17:35:54.016597 4760135104 retrain.py:1100] 2019-10-09 17:35:54.016548: Step 1260: Validation accuracy = 64.0% (N=100)
INFO:tensorflow:2019-10-09 17:35:54.574093: Step 1270: Train accuracy = 94.0%
I1009 17:35:54.574149 4760135104 retrain.py:1082] 2019-10-09 17:35:54.574093: Step 1270: Train accuracy = 94.0%
INFO:tensorflow:2019-10-09 17:35:54.574287: Step 1270: Cross entropy = 0.235532
I1009 17:35:54.574297 4760135104 retrain.py:1084] 2019-10-09 17:35:54.574287: Step 1270: Cross entropy = 0.235532
INFO:tensorflow:2019-10-09 17:35:54.631539: Step 1270: Validation accuracy = 56.0% (N=100)
I1009 17:35:54.631592 4760135104 retrain.py:1100] 2019-10-09 17:35:54.631539: Step 1270: Validation accuracy = 56.0% (N=100)
INFO:tensorflow:2019-10-09 17:35:55.192893: Step 1280: Train accuracy = 95.0%
I1009 17:35:55.192938 4760135104 retrain.py:1082] 2019-10-09 17:35:55.192893: Step 1280: Train accuracy = 95.0%
INFO:tensorflow:2019-10-09 17:35:55.193048: Step 1280: Cross entropy = 0.230276
I1009 17:35:55.193060 4760135104 retrain.py:1084] 2019-10-09 17:35:55.193048: Step 1280: Cross entropy = 0.230276
INFO:tensorflow:2019-10-09 17:35:55.249973: Step 1280: Validation accuracy = 67.0% (N=100)
I1009 17:35:55.250021 4760135104 retrain.py:1100] 2019-10-09 17:35:55.249973: Step 1280: Validation accuracy = 67.0% (N=100)
INFO:tensorflow:2019-10-09 17:35:55.812732: Step 1290: Train accuracy = 95.0%
I1009 17:35:55.812788 4760135104 retrain.py:1082] 2019-10-09 17:35:55.812732: Step 1290: Train accuracy = 95.0%
INFO:tensorflow:2019-10-09 17:35:55.812924: Step 1290: Cross entropy = 0.216231
I1009 17:35:55.812934 4760135104 retrain.py:1084] 2019-10-09 17:35:55.812924: Step 1290: Cross entropy = 0.216231
INFO:tensorflow:2019-10-09 17:35:55.870154: Step 1290: Validation accuracy = 65.0% (N=100)
I1009 17:35:55.870202 4760135104 retrain.py:1100] 2019-10-09 17:35:55.870154: Step 1290: Validation accuracy = 65.0% (N=100)
INFO:tensorflow:2019-10-09 17:35:56.430426: Step 1300: Train accuracy = 96.0%
I1009 17:35:56.430469 4760135104 retrain.py:1082] 2019-10-09 17:35:56.430426: Step 1300: Train accuracy = 96.0%
INFO:tensorflow:2019-10-09 17:35:56.430583: Step 1300: Cross entropy = 0.239129
I1009 17:35:56.430593 4760135104 retrain.py:1084] 2019-10-09 17:35:56.430583: Step 1300: Cross entropy = 0.239129
INFO:tensorflow:2019-10-09 17:35:56.488652: Step 1300: Validation accuracy = 62.0% (N=100)
I1009 17:35:56.488698 4760135104 retrain.py:1100] 2019-10-09 17:35:56.488652: Step 1300: Validation accuracy = 62.0% (N=100)
INFO:tensorflow:2019-10-09 17:35:57.050857: Step 1310: Train accuracy = 100.0%
I1009 17:35:57.050900 4760135104 retrain.py:1082] 2019-10-09 17:35:57.050857: Step 1310: Train accuracy = 100.0%
INFO:tensorflow:2019-10-09 17:35:57.051008: Step 1310: Cross entropy = 0.173544
I1009 17:35:57.051018 4760135104 retrain.py:1084] 2019-10-09 17:35:57.051008: Step 1310: Cross entropy = 0.173544
INFO:tensorflow:2019-10-09 17:35:57.107572: Step 1310: Validation accuracy = 61.0% (N=100)
I1009 17:35:57.107621 4760135104 retrain.py:1100] 2019-10-09 17:35:57.107572: Step 1310: Validation accuracy = 61.0% (N=100)
INFO:tensorflow:2019-10-09 17:35:57.667081: Step 1320: Train accuracy = 95.0%
I1009 17:35:57.667138 4760135104 retrain.py:1082] 2019-10-09 17:35:57.667081: Step 1320: Train accuracy = 95.0%
INFO:tensorflow:2019-10-09 17:35:57.667272: Step 1320: Cross entropy = 0.210756
I1009 17:35:57.667283 4760135104 retrain.py:1084] 2019-10-09 17:35:57.667272: Step 1320: Cross entropy = 0.210756
INFO:tensorflow:2019-10-09 17:35:57.724927: Step 1320: Validation accuracy = 67.0% (N=100)
I1009 17:35:57.724971 4760135104 retrain.py:1100] 2019-10-09 17:35:57.724927: Step 1320: Validation accuracy = 67.0% (N=100)
INFO:tensorflow:2019-10-09 17:35:58.291529: Step 1330: Train accuracy = 91.0%
I1009 17:35:58.291573 4760135104 retrain.py:1082] 2019-10-09 17:35:58.291529: Step 1330: Train accuracy = 91.0%
INFO:tensorflow:2019-10-09 17:35:58.291710: Step 1330: Cross entropy = 0.279509
I1009 17:35:58.291729 4760135104 retrain.py:1084] 2019-10-09 17:35:58.291710: Step 1330: Cross entropy = 0.279509
INFO:tensorflow:2019-10-09 17:35:58.348731: Step 1330: Validation accuracy = 62.0% (N=100)
I1009 17:35:58.348778 4760135104 retrain.py:1100] 2019-10-09 17:35:58.348731: Step 1330: Validation accuracy = 62.0% (N=100)
INFO:tensorflow:2019-10-09 17:35:58.909514: Step 1340: Train accuracy = 96.0%
I1009 17:35:58.909557 4760135104 retrain.py:1082] 2019-10-09 17:35:58.909514: Step 1340: Train accuracy = 96.0%
INFO:tensorflow:2019-10-09 17:35:58.909691: Step 1340: Cross entropy = 0.200436
I1009 17:35:58.909701 4760135104 retrain.py:1084] 2019-10-09 17:35:58.909691: Step 1340: Cross entropy = 0.200436
INFO:tensorflow:2019-10-09 17:35:58.965937: Step 1340: Validation accuracy = 65.0% (N=100)
I1009 17:35:58.965984 4760135104 retrain.py:1100] 2019-10-09 17:35:58.965937: Step 1340: Validation accuracy = 65.0% (N=100)
INFO:tensorflow:2019-10-09 17:35:59.527804: Step 1350: Train accuracy = 96.0%
I1009 17:35:59.527846 4760135104 retrain.py:1082] 2019-10-09 17:35:59.527804: Step 1350: Train accuracy = 96.0%
INFO:tensorflow:2019-10-09 17:35:59.527958: Step 1350: Cross entropy = 0.215304
I1009 17:35:59.527970 4760135104 retrain.py:1084] 2019-10-09 17:35:59.527958: Step 1350: Cross entropy = 0.215304
INFO:tensorflow:2019-10-09 17:35:59.584680: Step 1350: Validation accuracy = 65.0% (N=100)
I1009 17:35:59.584730 4760135104 retrain.py:1100] 2019-10-09 17:35:59.584680: Step 1350: Validation accuracy = 65.0% (N=100)
INFO:tensorflow:2019-10-09 17:36:00.149220: Step 1360: Train accuracy = 98.0%
I1009 17:36:00.149266 4760135104 retrain.py:1082] 2019-10-09 17:36:00.149220: Step 1360: Train accuracy = 98.0%
INFO:tensorflow:2019-10-09 17:36:00.149380: Step 1360: Cross entropy = 0.186444
I1009 17:36:00.149392 4760135104 retrain.py:1084] 2019-10-09 17:36:00.149380: Step 1360: Cross entropy = 0.186444
INFO:tensorflow:2019-10-09 17:36:00.206649: Step 1360: Validation accuracy = 61.0% (N=100)
I1009 17:36:00.206696 4760135104 retrain.py:1100] 2019-10-09 17:36:00.206649: Step 1360: Validation accuracy = 61.0% (N=100)
INFO:tensorflow:2019-10-09 17:36:00.766820: Step 1370: Train accuracy = 97.0%
I1009 17:36:00.766863 4760135104 retrain.py:1082] 2019-10-09 17:36:00.766820: Step 1370: Train accuracy = 97.0%
INFO:tensorflow:2019-10-09 17:36:00.766998: Step 1370: Cross entropy = 0.195150
I1009 17:36:00.767009 4760135104 retrain.py:1084] 2019-10-09 17:36:00.766998: Step 1370: Cross entropy = 0.195150
INFO:tensorflow:2019-10-09 17:36:00.825011: Step 1370: Validation accuracy = 67.0% (N=100)
I1009 17:36:00.825056 4760135104 retrain.py:1100] 2019-10-09 17:36:00.825011: Step 1370: Validation accuracy = 67.0% (N=100)
INFO:tensorflow:2019-10-09 17:36:01.388230: Step 1380: Train accuracy = 98.0%
I1009 17:36:01.388274 4760135104 retrain.py:1082] 2019-10-09 17:36:01.388230: Step 1380: Train accuracy = 98.0%
INFO:tensorflow:2019-10-09 17:36:01.388383: Step 1380: Cross entropy = 0.201469
I1009 17:36:01.388395 4760135104 retrain.py:1084] 2019-10-09 17:36:01.388383: Step 1380: Cross entropy = 0.201469
INFO:tensorflow:2019-10-09 17:36:01.444712: Step 1380: Validation accuracy = 79.0% (N=100)
I1009 17:36:01.444759 4760135104 retrain.py:1100] 2019-10-09 17:36:01.444712: Step 1380: Validation accuracy = 79.0% (N=100)
INFO:tensorflow:2019-10-09 17:36:02.004470: Step 1390: Train accuracy = 96.0%
I1009 17:36:02.004513 4760135104 retrain.py:1082] 2019-10-09 17:36:02.004470: Step 1390: Train accuracy = 96.0%
INFO:tensorflow:2019-10-09 17:36:02.004659: Step 1390: Cross entropy = 0.193422
I1009 17:36:02.004668 4760135104 retrain.py:1084] 2019-10-09 17:36:02.004659: Step 1390: Cross entropy = 0.193422
INFO:tensorflow:2019-10-09 17:36:02.060933: Step 1390: Validation accuracy = 66.0% (N=100)
I1009 17:36:02.060980 4760135104 retrain.py:1100] 2019-10-09 17:36:02.060933: Step 1390: Validation accuracy = 66.0% (N=100)
INFO:tensorflow:2019-10-09 17:36:02.619271: Step 1400: Train accuracy = 96.0%
I1009 17:36:02.619314 4760135104 retrain.py:1082] 2019-10-09 17:36:02.619271: Step 1400: Train accuracy = 96.0%
INFO:tensorflow:2019-10-09 17:36:02.619452: Step 1400: Cross entropy = 0.234417
I1009 17:36:02.619461 4760135104 retrain.py:1084] 2019-10-09 17:36:02.619452: Step 1400: Cross entropy = 0.234417
INFO:tensorflow:2019-10-09 17:36:02.677109: Step 1400: Validation accuracy = 52.0% (N=100)
I1009 17:36:02.677155 4760135104 retrain.py:1100] 2019-10-09 17:36:02.677109: Step 1400: Validation accuracy = 52.0% (N=100)
INFO:tensorflow:2019-10-09 17:36:03.239791: Step 1410: Train accuracy = 96.0%
I1009 17:36:03.239834 4760135104 retrain.py:1082] 2019-10-09 17:36:03.239791: Step 1410: Train accuracy = 96.0%
INFO:tensorflow:2019-10-09 17:36:03.239946: Step 1410: Cross entropy = 0.201462
I1009 17:36:03.239957 4760135104 retrain.py:1084] 2019-10-09 17:36:03.239946: Step 1410: Cross entropy = 0.201462
INFO:tensorflow:2019-10-09 17:36:03.296474: Step 1410: Validation accuracy = 74.0% (N=100)
I1009 17:36:03.296524 4760135104 retrain.py:1100] 2019-10-09 17:36:03.296474: Step 1410: Validation accuracy = 74.0% (N=100)
INFO:tensorflow:2019-10-09 17:36:03.860107: Step 1420: Train accuracy = 96.0%
I1009 17:36:03.860151 4760135104 retrain.py:1082] 2019-10-09 17:36:03.860107: Step 1420: Train accuracy = 96.0%
INFO:tensorflow:2019-10-09 17:36:03.860256: Step 1420: Cross entropy = 0.205541
I1009 17:36:03.860266 4760135104 retrain.py:1084] 2019-10-09 17:36:03.860256: Step 1420: Cross entropy = 0.205541
INFO:tensorflow:2019-10-09 17:36:03.917804: Step 1420: Validation accuracy = 60.0% (N=100)
I1009 17:36:03.917849 4760135104 retrain.py:1100] 2019-10-09 17:36:03.917804: Step 1420: Validation accuracy = 60.0% (N=100)
INFO:tensorflow:2019-10-09 17:36:04.477816: Step 1430: Train accuracy = 95.0%
I1009 17:36:04.477860 4760135104 retrain.py:1082] 2019-10-09 17:36:04.477816: Step 1430: Train accuracy = 95.0%
INFO:tensorflow:2019-10-09 17:36:04.477971: Step 1430: Cross entropy = 0.223453
I1009 17:36:04.477982 4760135104 retrain.py:1084] 2019-10-09 17:36:04.477971: Step 1430: Cross entropy = 0.223453
INFO:tensorflow:2019-10-09 17:36:04.534986: Step 1430: Validation accuracy = 58.0% (N=100)
I1009 17:36:04.535035 4760135104 retrain.py:1100] 2019-10-09 17:36:04.534986: Step 1430: Validation accuracy = 58.0% (N=100)
INFO:tensorflow:2019-10-09 17:36:05.100556: Step 1440: Train accuracy = 98.0%
I1009 17:36:05.100601 4760135104 retrain.py:1082] 2019-10-09 17:36:05.100556: Step 1440: Train accuracy = 98.0%
INFO:tensorflow:2019-10-09 17:36:05.100711: Step 1440: Cross entropy = 0.209796
I1009 17:36:05.100721 4760135104 retrain.py:1084] 2019-10-09 17:36:05.100711: Step 1440: Cross entropy = 0.209796
INFO:tensorflow:2019-10-09 17:36:05.158145: Step 1440: Validation accuracy = 56.0% (N=100)
I1009 17:36:05.158191 4760135104 retrain.py:1100] 2019-10-09 17:36:05.158145: Step 1440: Validation accuracy = 56.0% (N=100)
INFO:tensorflow:2019-10-09 17:36:05.716462: Step 1450: Train accuracy = 94.0%
I1009 17:36:05.716506 4760135104 retrain.py:1082] 2019-10-09 17:36:05.716462: Step 1450: Train accuracy = 94.0%
INFO:tensorflow:2019-10-09 17:36:05.716652: Step 1450: Cross entropy = 0.237252
I1009 17:36:05.716663 4760135104 retrain.py:1084] 2019-10-09 17:36:05.716652: Step 1450: Cross entropy = 0.237252
INFO:tensorflow:2019-10-09 17:36:05.773335: Step 1450: Validation accuracy = 73.0% (N=100)
I1009 17:36:05.773381 4760135104 retrain.py:1100] 2019-10-09 17:36:05.773335: Step 1450: Validation accuracy = 73.0% (N=100)
INFO:tensorflow:2019-10-09 17:36:06.338787: Step 1460: Train accuracy = 98.0%
I1009 17:36:06.338860 4760135104 retrain.py:1082] 2019-10-09 17:36:06.338787: Step 1460: Train accuracy = 98.0%
INFO:tensorflow:2019-10-09 17:36:06.339043: Step 1460: Cross entropy = 0.180712
I1009 17:36:06.339056 4760135104 retrain.py:1084] 2019-10-09 17:36:06.339043: Step 1460: Cross entropy = 0.180712
INFO:tensorflow:2019-10-09 17:36:06.396677: Step 1460: Validation accuracy = 69.0% (N=100)
I1009 17:36:06.396724 4760135104 retrain.py:1100] 2019-10-09 17:36:06.396677: Step 1460: Validation accuracy = 69.0% (N=100)
INFO:tensorflow:2019-10-09 17:36:06.960478: Step 1470: Train accuracy = 97.0%
I1009 17:36:06.960522 4760135104 retrain.py:1082] 2019-10-09 17:36:06.960478: Step 1470: Train accuracy = 97.0%
INFO:tensorflow:2019-10-09 17:36:06.960658: Step 1470: Cross entropy = 0.204281
I1009 17:36:06.960669 4760135104 retrain.py:1084] 2019-10-09 17:36:06.960658: Step 1470: Cross entropy = 0.204281
INFO:tensorflow:2019-10-09 17:36:07.018185: Step 1470: Validation accuracy = 68.0% (N=100)
I1009 17:36:07.018229 4760135104 retrain.py:1100] 2019-10-09 17:36:07.018185: Step 1470: Validation accuracy = 68.0% (N=100)
INFO:tensorflow:2019-10-09 17:36:07.579983: Step 1480: Train accuracy = 98.0%
I1009 17:36:07.580029 4760135104 retrain.py:1082] 2019-10-09 17:36:07.579983: Step 1480: Train accuracy = 98.0%
INFO:tensorflow:2019-10-09 17:36:07.580141: Step 1480: Cross entropy = 0.217342
I1009 17:36:07.580152 4760135104 retrain.py:1084] 2019-10-09 17:36:07.580141: Step 1480: Cross entropy = 0.217342
INFO:tensorflow:2019-10-09 17:36:07.636379: Step 1480: Validation accuracy = 68.0% (N=100)
I1009 17:36:07.636426 4760135104 retrain.py:1100] 2019-10-09 17:36:07.636379: Step 1480: Validation accuracy = 68.0% (N=100)
INFO:tensorflow:2019-10-09 17:36:08.197893: Step 1490: Train accuracy = 97.0%
I1009 17:36:08.197937 4760135104 retrain.py:1082] 2019-10-09 17:36:08.197893: Step 1490: Train accuracy = 97.0%
INFO:tensorflow:2019-10-09 17:36:08.198048: Step 1490: Cross entropy = 0.183579
I1009 17:36:08.198060 4760135104 retrain.py:1084] 2019-10-09 17:36:08.198048: Step 1490: Cross entropy = 0.183579
INFO:tensorflow:2019-10-09 17:36:08.255251: Step 1490: Validation accuracy = 59.0% (N=100)
I1009 17:36:08.255299 4760135104 retrain.py:1100] 2019-10-09 17:36:08.255251: Step 1490: Validation accuracy = 59.0% (N=100)
INFO:tensorflow:2019-10-09 17:36:08.820076: Step 1500: Train accuracy = 95.0%
I1009 17:36:08.820132 4760135104 retrain.py:1082] 2019-10-09 17:36:08.820076: Step 1500: Train accuracy = 95.0%
INFO:tensorflow:2019-10-09 17:36:08.820253: Step 1500: Cross entropy = 0.228345
I1009 17:36:08.820262 4760135104 retrain.py:1084] 2019-10-09 17:36:08.820253: Step 1500: Cross entropy = 0.228345
INFO:tensorflow:2019-10-09 17:36:08.876776: Step 1500: Validation accuracy = 59.0% (N=100)
I1009 17:36:08.876821 4760135104 retrain.py:1100] 2019-10-09 17:36:08.876776: Step 1500: Validation accuracy = 59.0% (N=100)
INFO:tensorflow:2019-10-09 17:36:09.438317: Step 1510: Train accuracy = 97.0%
I1009 17:36:09.438362 4760135104 retrain.py:1082] 2019-10-09 17:36:09.438317: Step 1510: Train accuracy = 97.0%
INFO:tensorflow:2019-10-09 17:36:09.438477: Step 1510: Cross entropy = 0.191752
I1009 17:36:09.438493 4760135104 retrain.py:1084] 2019-10-09 17:36:09.438477: Step 1510: Cross entropy = 0.191752
INFO:tensorflow:2019-10-09 17:36:09.496285: Step 1510: Validation accuracy = 66.0% (N=100)
I1009 17:36:09.496329 4760135104 retrain.py:1100] 2019-10-09 17:36:09.496285: Step 1510: Validation accuracy = 66.0% (N=100)
INFO:tensorflow:2019-10-09 17:36:10.058004: Step 1520: Train accuracy = 96.0%
I1009 17:36:10.058047 4760135104 retrain.py:1082] 2019-10-09 17:36:10.058004: Step 1520: Train accuracy = 96.0%
INFO:tensorflow:2019-10-09 17:36:10.058152: Step 1520: Cross entropy = 0.216791
I1009 17:36:10.058162 4760135104 retrain.py:1084] 2019-10-09 17:36:10.058152: Step 1520: Cross entropy = 0.216791
INFO:tensorflow:2019-10-09 17:36:10.115924: Step 1520: Validation accuracy = 67.0% (N=100)
I1009 17:36:10.115968 4760135104 retrain.py:1100] 2019-10-09 17:36:10.115924: Step 1520: Validation accuracy = 67.0% (N=100)
INFO:tensorflow:2019-10-09 17:36:10.677602: Step 1530: Train accuracy = 97.0%
I1009 17:36:10.677647 4760135104 retrain.py:1082] 2019-10-09 17:36:10.677602: Step 1530: Train accuracy = 97.0%
INFO:tensorflow:2019-10-09 17:36:10.677759: Step 1530: Cross entropy = 0.197754
I1009 17:36:10.677769 4760135104 retrain.py:1084] 2019-10-09 17:36:10.677759: Step 1530: Cross entropy = 0.197754
INFO:tensorflow:2019-10-09 17:36:10.734599: Step 1530: Validation accuracy = 61.0% (N=100)
I1009 17:36:10.734649 4760135104 retrain.py:1100] 2019-10-09 17:36:10.734599: Step 1530: Validation accuracy = 61.0% (N=100)
INFO:tensorflow:2019-10-09 17:36:11.299882: Step 1540: Train accuracy = 93.0%
I1009 17:36:11.299927 4760135104 retrain.py:1082] 2019-10-09 17:36:11.299882: Step 1540: Train accuracy = 93.0%
INFO:tensorflow:2019-10-09 17:36:11.300037: Step 1540: Cross entropy = 0.210053
I1009 17:36:11.300050 4760135104 retrain.py:1084] 2019-10-09 17:36:11.300037: Step 1540: Cross entropy = 0.210053
INFO:tensorflow:2019-10-09 17:36:11.357697: Step 1540: Validation accuracy = 59.0% (N=100)
I1009 17:36:11.357743 4760135104 retrain.py:1100] 2019-10-09 17:36:11.357697: Step 1540: Validation accuracy = 59.0% (N=100)
INFO:tensorflow:2019-10-09 17:36:11.918605: Step 1550: Train accuracy = 100.0%
I1009 17:36:11.918661 4760135104 retrain.py:1082] 2019-10-09 17:36:11.918605: Step 1550: Train accuracy = 100.0%
INFO:tensorflow:2019-10-09 17:36:11.918797: Step 1550: Cross entropy = 0.181513
I1009 17:36:11.918807 4760135104 retrain.py:1084] 2019-10-09 17:36:11.918797: Step 1550: Cross entropy = 0.181513
INFO:tensorflow:2019-10-09 17:36:11.975416: Step 1550: Validation accuracy = 78.0% (N=100)
I1009 17:36:11.975461 4760135104 retrain.py:1100] 2019-10-09 17:36:11.975416: Step 1550: Validation accuracy = 78.0% (N=100)
INFO:tensorflow:2019-10-09 17:36:12.539888: Step 1560: Train accuracy = 98.0%
I1009 17:36:12.539932 4760135104 retrain.py:1082] 2019-10-09 17:36:12.539888: Step 1560: Train accuracy = 98.0%
INFO:tensorflow:2019-10-09 17:36:12.540043: Step 1560: Cross entropy = 0.175948
I1009 17:36:12.540054 4760135104 retrain.py:1084] 2019-10-09 17:36:12.540043: Step 1560: Cross entropy = 0.175948
INFO:tensorflow:2019-10-09 17:36:12.603153: Step 1560: Validation accuracy = 69.0% (N=100)
I1009 17:36:12.603200 4760135104 retrain.py:1100] 2019-10-09 17:36:12.603153: Step 1560: Validation accuracy = 69.0% (N=100)
INFO:tensorflow:2019-10-09 17:36:13.184376: Step 1570: Train accuracy = 97.0%
I1009 17:36:13.184421 4760135104 retrain.py:1082] 2019-10-09 17:36:13.184376: Step 1570: Train accuracy = 97.0%
INFO:tensorflow:2019-10-09 17:36:13.184525: Step 1570: Cross entropy = 0.182180
I1009 17:36:13.184535 4760135104 retrain.py:1084] 2019-10-09 17:36:13.184525: Step 1570: Cross entropy = 0.182180
INFO:tensorflow:2019-10-09 17:36:13.240762: Step 1570: Validation accuracy = 57.0% (N=100)
I1009 17:36:13.240806 4760135104 retrain.py:1100] 2019-10-09 17:36:13.240762: Step 1570: Validation accuracy = 57.0% (N=100)
INFO:tensorflow:2019-10-09 17:36:13.803995: Step 1580: Train accuracy = 94.0%
I1009 17:36:13.804039 4760135104 retrain.py:1082] 2019-10-09 17:36:13.803995: Step 1580: Train accuracy = 94.0%
INFO:tensorflow:2019-10-09 17:36:13.804148: Step 1580: Cross entropy = 0.204651
I1009 17:36:13.804158 4760135104 retrain.py:1084] 2019-10-09 17:36:13.804148: Step 1580: Cross entropy = 0.204651
INFO:tensorflow:2019-10-09 17:36:13.861368: Step 1580: Validation accuracy = 64.0% (N=100)
I1009 17:36:13.861417 4760135104 retrain.py:1100] 2019-10-09 17:36:13.861368: Step 1580: Validation accuracy = 64.0% (N=100)
INFO:tensorflow:2019-10-09 17:36:14.421689: Step 1590: Train accuracy = 99.0%
I1009 17:36:14.421733 4760135104 retrain.py:1082] 2019-10-09 17:36:14.421689: Step 1590: Train accuracy = 99.0%
INFO:tensorflow:2019-10-09 17:36:14.421844: Step 1590: Cross entropy = 0.165405
I1009 17:36:14.421854 4760135104 retrain.py:1084] 2019-10-09 17:36:14.421844: Step 1590: Cross entropy = 0.165405
INFO:tensorflow:2019-10-09 17:36:14.479257: Step 1590: Validation accuracy = 72.0% (N=100)
I1009 17:36:14.479305 4760135104 retrain.py:1100] 2019-10-09 17:36:14.479257: Step 1590: Validation accuracy = 72.0% (N=100)
INFO:tensorflow:2019-10-09 17:36:15.041916: Step 1600: Train accuracy = 97.0%
I1009 17:36:15.041960 4760135104 retrain.py:1082] 2019-10-09 17:36:15.041916: Step 1600: Train accuracy = 97.0%
INFO:tensorflow:2019-10-09 17:36:15.042072: Step 1600: Cross entropy = 0.195883
I1009 17:36:15.042083 4760135104 retrain.py:1084] 2019-10-09 17:36:15.042072: Step 1600: Cross entropy = 0.195883
INFO:tensorflow:2019-10-09 17:36:15.100002: Step 1600: Validation accuracy = 70.0% (N=100)
I1009 17:36:15.100047 4760135104 retrain.py:1100] 2019-10-09 17:36:15.100002: Step 1600: Validation accuracy = 70.0% (N=100)
INFO:tensorflow:2019-10-09 17:36:15.663328: Step 1610: Train accuracy = 99.0%
I1009 17:36:15.663385 4760135104 retrain.py:1082] 2019-10-09 17:36:15.663328: Step 1610: Train accuracy = 99.0%
INFO:tensorflow:2019-10-09 17:36:15.663516: Step 1610: Cross entropy = 0.189259
I1009 17:36:15.663527 4760135104 retrain.py:1084] 2019-10-09 17:36:15.663516: Step 1610: Cross entropy = 0.189259
INFO:tensorflow:2019-10-09 17:36:15.721383: Step 1610: Validation accuracy = 51.0% (N=100)
I1009 17:36:15.721431 4760135104 retrain.py:1100] 2019-10-09 17:36:15.721383: Step 1610: Validation accuracy = 51.0% (N=100)
INFO:tensorflow:2019-10-09 17:36:16.286998: Step 1620: Train accuracy = 96.0%
I1009 17:36:16.287042 4760135104 retrain.py:1082] 2019-10-09 17:36:16.286998: Step 1620: Train accuracy = 96.0%
INFO:tensorflow:2019-10-09 17:36:16.287151: Step 1620: Cross entropy = 0.222998
I1009 17:36:16.287162 4760135104 retrain.py:1084] 2019-10-09 17:36:16.287151: Step 1620: Cross entropy = 0.222998
INFO:tensorflow:2019-10-09 17:36:16.345411: Step 1620: Validation accuracy = 65.0% (N=100)
I1009 17:36:16.345456 4760135104 retrain.py:1100] 2019-10-09 17:36:16.345411: Step 1620: Validation accuracy = 65.0% (N=100)
INFO:tensorflow:2019-10-09 17:36:16.905908: Step 1630: Train accuracy = 95.0%
I1009 17:36:16.905951 4760135104 retrain.py:1082] 2019-10-09 17:36:16.905908: Step 1630: Train accuracy = 95.0%
INFO:tensorflow:2019-10-09 17:36:16.906062: Step 1630: Cross entropy = 0.209636
I1009 17:36:16.906074 4760135104 retrain.py:1084] 2019-10-09 17:36:16.906062: Step 1630: Cross entropy = 0.209636
INFO:tensorflow:2019-10-09 17:36:16.963047: Step 1630: Validation accuracy = 63.0% (N=100)
I1009 17:36:16.963091 4760135104 retrain.py:1100] 2019-10-09 17:36:16.963047: Step 1630: Validation accuracy = 63.0% (N=100)
INFO:tensorflow:2019-10-09 17:36:17.524355: Step 1640: Train accuracy = 98.0%
I1009 17:36:17.524399 4760135104 retrain.py:1082] 2019-10-09 17:36:17.524355: Step 1640: Train accuracy = 98.0%
INFO:tensorflow:2019-10-09 17:36:17.524511: Step 1640: Cross entropy = 0.173648
I1009 17:36:17.524523 4760135104 retrain.py:1084] 2019-10-09 17:36:17.524511: Step 1640: Cross entropy = 0.173648
INFO:tensorflow:2019-10-09 17:36:17.581304: Step 1640: Validation accuracy = 70.0% (N=100)
I1009 17:36:17.581353 4760135104 retrain.py:1100] 2019-10-09 17:36:17.581304: Step 1640: Validation accuracy = 70.0% (N=100)
INFO:tensorflow:2019-10-09 17:36:18.145885: Step 1650: Train accuracy = 93.0%
I1009 17:36:18.145928 4760135104 retrain.py:1082] 2019-10-09 17:36:18.145885: Step 1650: Train accuracy = 93.0%
INFO:tensorflow:2019-10-09 17:36:18.146038: Step 1650: Cross entropy = 0.227673
I1009 17:36:18.146048 4760135104 retrain.py:1084] 2019-10-09 17:36:18.146038: Step 1650: Cross entropy = 0.227673
INFO:tensorflow:2019-10-09 17:36:18.203454: Step 1650: Validation accuracy = 70.0% (N=100)
I1009 17:36:18.203502 4760135104 retrain.py:1100] 2019-10-09 17:36:18.203454: Step 1650: Validation accuracy = 70.0% (N=100)
INFO:tensorflow:2019-10-09 17:36:18.765265: Step 1660: Train accuracy = 98.0%
I1009 17:36:18.765310 4760135104 retrain.py:1082] 2019-10-09 17:36:18.765265: Step 1660: Train accuracy = 98.0%
INFO:tensorflow:2019-10-09 17:36:18.765459: Step 1660: Cross entropy = 0.186669
I1009 17:36:18.765470 4760135104 retrain.py:1084] 2019-10-09 17:36:18.765459: Step 1660: Cross entropy = 0.186669
INFO:tensorflow:2019-10-09 17:36:18.822453: Step 1660: Validation accuracy = 64.0% (N=100)
I1009 17:36:18.822504 4760135104 retrain.py:1100] 2019-10-09 17:36:18.822453: Step 1660: Validation accuracy = 64.0% (N=100)
INFO:tensorflow:2019-10-09 17:36:19.389488: Step 1670: Train accuracy = 98.0%
I1009 17:36:19.389531 4760135104 retrain.py:1082] 2019-10-09 17:36:19.389488: Step 1670: Train accuracy = 98.0%
INFO:tensorflow:2019-10-09 17:36:19.389648: Step 1670: Cross entropy = 0.196183
I1009 17:36:19.389659 4760135104 retrain.py:1084] 2019-10-09 17:36:19.389648: Step 1670: Cross entropy = 0.196183
INFO:tensorflow:2019-10-09 17:36:19.447696: Step 1670: Validation accuracy = 67.0% (N=100)
I1009 17:36:19.447746 4760135104 retrain.py:1100] 2019-10-09 17:36:19.447696: Step 1670: Validation accuracy = 67.0% (N=100)
INFO:tensorflow:2019-10-09 17:36:20.010512: Step 1680: Train accuracy = 95.0%
I1009 17:36:20.010568 4760135104 retrain.py:1082] 2019-10-09 17:36:20.010512: Step 1680: Train accuracy = 95.0%
INFO:tensorflow:2019-10-09 17:36:20.010701: Step 1680: Cross entropy = 0.196108
I1009 17:36:20.010713 4760135104 retrain.py:1084] 2019-10-09 17:36:20.010701: Step 1680: Cross entropy = 0.196108
INFO:tensorflow:2019-10-09 17:36:20.067740: Step 1680: Validation accuracy = 65.0% (N=100)
I1009 17:36:20.067788 4760135104 retrain.py:1100] 2019-10-09 17:36:20.067740: Step 1680: Validation accuracy = 65.0% (N=100)
INFO:tensorflow:2019-10-09 17:36:20.624774: Step 1690: Train accuracy = 98.0%
I1009 17:36:20.624819 4760135104 retrain.py:1082] 2019-10-09 17:36:20.624774: Step 1690: Train accuracy = 98.0%
INFO:tensorflow:2019-10-09 17:36:20.624933: Step 1690: Cross entropy = 0.181953
I1009 17:36:20.624944 4760135104 retrain.py:1084] 2019-10-09 17:36:20.624933: Step 1690: Cross entropy = 0.181953
INFO:tensorflow:2019-10-09 17:36:20.681848: Step 1690: Validation accuracy = 68.0% (N=100)
I1009 17:36:20.681900 4760135104 retrain.py:1100] 2019-10-09 17:36:20.681848: Step 1690: Validation accuracy = 68.0% (N=100)
INFO:tensorflow:2019-10-09 17:36:21.244631: Step 1700: Train accuracy = 100.0%
I1009 17:36:21.244673 4760135104 retrain.py:1082] 2019-10-09 17:36:21.244631: Step 1700: Train accuracy = 100.0%
INFO:tensorflow:2019-10-09 17:36:21.244792: Step 1700: Cross entropy = 0.160696
I1009 17:36:21.244805 4760135104 retrain.py:1084] 2019-10-09 17:36:21.244792: Step 1700: Cross entropy = 0.160696
INFO:tensorflow:2019-10-09 17:36:21.301610: Step 1700: Validation accuracy = 62.0% (N=100)
I1009 17:36:21.301671 4760135104 retrain.py:1100] 2019-10-09 17:36:21.301610: Step 1700: Validation accuracy = 62.0% (N=100)
INFO:tensorflow:2019-10-09 17:36:21.865136: Step 1710: Train accuracy = 98.0%
I1009 17:36:21.865192 4760135104 retrain.py:1082] 2019-10-09 17:36:21.865136: Step 1710: Train accuracy = 98.0%
INFO:tensorflow:2019-10-09 17:36:21.865328: Step 1710: Cross entropy = 0.168897
I1009 17:36:21.865338 4760135104 retrain.py:1084] 2019-10-09 17:36:21.865328: Step 1710: Cross entropy = 0.168897
INFO:tensorflow:2019-10-09 17:36:21.922514: Step 1710: Validation accuracy = 76.0% (N=100)
I1009 17:36:21.922558 4760135104 retrain.py:1100] 2019-10-09 17:36:21.922514: Step 1710: Validation accuracy = 76.0% (N=100)
INFO:tensorflow:2019-10-09 17:36:22.487811: Step 1720: Train accuracy = 97.0%
I1009 17:36:22.487854 4760135104 retrain.py:1082] 2019-10-09 17:36:22.487811: Step 1720: Train accuracy = 97.0%
INFO:tensorflow:2019-10-09 17:36:22.487965: Step 1720: Cross entropy = 0.192170
I1009 17:36:22.487977 4760135104 retrain.py:1084] 2019-10-09 17:36:22.487965: Step 1720: Cross entropy = 0.192170
INFO:tensorflow:2019-10-09 17:36:22.544327: Step 1720: Validation accuracy = 67.0% (N=100)
I1009 17:36:22.544378 4760135104 retrain.py:1100] 2019-10-09 17:36:22.544327: Step 1720: Validation accuracy = 67.0% (N=100)
INFO:tensorflow:2019-10-09 17:36:23.105811: Step 1730: Train accuracy = 99.0%
I1009 17:36:23.105854 4760135104 retrain.py:1082] 2019-10-09 17:36:23.105811: Step 1730: Train accuracy = 99.0%
INFO:tensorflow:2019-10-09 17:36:23.105963: Step 1730: Cross entropy = 0.175379
I1009 17:36:23.106031 4760135104 retrain.py:1084] 2019-10-09 17:36:23.105963: Step 1730: Cross entropy = 0.175379
INFO:tensorflow:2019-10-09 17:36:23.162929: Step 1730: Validation accuracy = 70.0% (N=100)
I1009 17:36:23.162973 4760135104 retrain.py:1100] 2019-10-09 17:36:23.162929: Step 1730: Validation accuracy = 70.0% (N=100)
INFO:tensorflow:2019-10-09 17:36:23.722249: Step 1740: Train accuracy = 100.0%
I1009 17:36:23.722298 4760135104 retrain.py:1082] 2019-10-09 17:36:23.722249: Step 1740: Train accuracy = 100.0%
INFO:tensorflow:2019-10-09 17:36:23.722409: Step 1740: Cross entropy = 0.154850
I1009 17:36:23.722420 4760135104 retrain.py:1084] 2019-10-09 17:36:23.722409: Step 1740: Cross entropy = 0.154850
INFO:tensorflow:2019-10-09 17:36:23.779767: Step 1740: Validation accuracy = 65.0% (N=100)
I1009 17:36:23.779813 4760135104 retrain.py:1100] 2019-10-09 17:36:23.779767: Step 1740: Validation accuracy = 65.0% (N=100)
INFO:tensorflow:2019-10-09 17:36:24.340891: Step 1750: Train accuracy = 98.0%
I1009 17:36:24.340935 4760135104 retrain.py:1082] 2019-10-09 17:36:24.340891: Step 1750: Train accuracy = 98.0%
INFO:tensorflow:2019-10-09 17:36:24.341045: Step 1750: Cross entropy = 0.157354
I1009 17:36:24.341056 4760135104 retrain.py:1084] 2019-10-09 17:36:24.341045: Step 1750: Cross entropy = 0.157354
INFO:tensorflow:2019-10-09 17:36:24.397476: Step 1750: Validation accuracy = 66.0% (N=100)
I1009 17:36:24.397525 4760135104 retrain.py:1100] 2019-10-09 17:36:24.397476: Step 1750: Validation accuracy = 66.0% (N=100)
INFO:tensorflow:2019-10-09 17:36:24.961189: Step 1760: Train accuracy = 99.0%
I1009 17:36:24.961244 4760135104 retrain.py:1082] 2019-10-09 17:36:24.961189: Step 1760: Train accuracy = 99.0%
INFO:tensorflow:2019-10-09 17:36:24.961366: Step 1760: Cross entropy = 0.145285
I1009 17:36:24.961376 4760135104 retrain.py:1084] 2019-10-09 17:36:24.961366: Step 1760: Cross entropy = 0.145285
INFO:tensorflow:2019-10-09 17:36:25.017754: Step 1760: Validation accuracy = 73.0% (N=100)
I1009 17:36:25.017798 4760135104 retrain.py:1100] 2019-10-09 17:36:25.017754: Step 1760: Validation accuracy = 73.0% (N=100)
INFO:tensorflow:2019-10-09 17:36:25.582815: Step 1770: Train accuracy = 96.0%
I1009 17:36:25.582859 4760135104 retrain.py:1082] 2019-10-09 17:36:25.582815: Step 1770: Train accuracy = 96.0%
INFO:tensorflow:2019-10-09 17:36:25.582967: Step 1770: Cross entropy = 0.211066
I1009 17:36:25.582978 4760135104 retrain.py:1084] 2019-10-09 17:36:25.582967: Step 1770: Cross entropy = 0.211066
INFO:tensorflow:2019-10-09 17:36:25.640593: Step 1770: Validation accuracy = 66.0% (N=100)
I1009 17:36:25.640642 4760135104 retrain.py:1100] 2019-10-09 17:36:25.640593: Step 1770: Validation accuracy = 66.0% (N=100)
INFO:tensorflow:2019-10-09 17:36:26.205069: Step 1780: Train accuracy = 97.0%
I1009 17:36:26.205111 4760135104 retrain.py:1082] 2019-10-09 17:36:26.205069: Step 1780: Train accuracy = 97.0%
INFO:tensorflow:2019-10-09 17:36:26.205217: Step 1780: Cross entropy = 0.182310
I1009 17:36:26.205226 4760135104 retrain.py:1084] 2019-10-09 17:36:26.205217: Step 1780: Cross entropy = 0.182310
INFO:tensorflow:2019-10-09 17:36:26.262944: Step 1780: Validation accuracy = 73.0% (N=100)
I1009 17:36:26.262989 4760135104 retrain.py:1100] 2019-10-09 17:36:26.262944: Step 1780: Validation accuracy = 73.0% (N=100)
INFO:tensorflow:2019-10-09 17:36:26.826648: Step 1790: Train accuracy = 94.0%
I1009 17:36:26.826691 4760135104 retrain.py:1082] 2019-10-09 17:36:26.826648: Step 1790: Train accuracy = 94.0%
INFO:tensorflow:2019-10-09 17:36:26.826801: Step 1790: Cross entropy = 0.196223
I1009 17:36:26.826812 4760135104 retrain.py:1084] 2019-10-09 17:36:26.826801: Step 1790: Cross entropy = 0.196223
INFO:tensorflow:2019-10-09 17:36:26.884705: Step 1790: Validation accuracy = 61.0% (N=100)
I1009 17:36:26.884752 4760135104 retrain.py:1100] 2019-10-09 17:36:26.884705: Step 1790: Validation accuracy = 61.0% (N=100)
INFO:tensorflow:2019-10-09 17:36:27.449968: Step 1800: Train accuracy = 95.0%
I1009 17:36:27.450011 4760135104 retrain.py:1082] 2019-10-09 17:36:27.449968: Step 1800: Train accuracy = 95.0%
INFO:tensorflow:2019-10-09 17:36:27.450152: Step 1800: Cross entropy = 0.227413
I1009 17:36:27.450166 4760135104 retrain.py:1084] 2019-10-09 17:36:27.450152: Step 1800: Cross entropy = 0.227413
INFO:tensorflow:2019-10-09 17:36:27.507509: Step 1800: Validation accuracy = 62.0% (N=100)
I1009 17:36:27.507555 4760135104 retrain.py:1100] 2019-10-09 17:36:27.507509: Step 1800: Validation accuracy = 62.0% (N=100)
INFO:tensorflow:2019-10-09 17:36:28.068667: Step 1810: Train accuracy = 100.0%
I1009 17:36:28.068725 4760135104 retrain.py:1082] 2019-10-09 17:36:28.068667: Step 1810: Train accuracy = 100.0%
INFO:tensorflow:2019-10-09 17:36:28.068859: Step 1810: Cross entropy = 0.176728
I1009 17:36:28.068869 4760135104 retrain.py:1084] 2019-10-09 17:36:28.068859: Step 1810: Cross entropy = 0.176728
INFO:tensorflow:2019-10-09 17:36:28.125674: Step 1810: Validation accuracy = 67.0% (N=100)
I1009 17:36:28.125722 4760135104 retrain.py:1100] 2019-10-09 17:36:28.125674: Step 1810: Validation accuracy = 67.0% (N=100)
INFO:tensorflow:2019-10-09 17:36:28.691845: Step 1820: Train accuracy = 98.0%
I1009 17:36:28.691888 4760135104 retrain.py:1082] 2019-10-09 17:36:28.691845: Step 1820: Train accuracy = 98.0%
INFO:tensorflow:2019-10-09 17:36:28.692020: Step 1820: Cross entropy = 0.195462
I1009 17:36:28.692036 4760135104 retrain.py:1084] 2019-10-09 17:36:28.692020: Step 1820: Cross entropy = 0.195462
INFO:tensorflow:2019-10-09 17:36:28.748426: Step 1820: Validation accuracy = 64.0% (N=100)
I1009 17:36:28.748478 4760135104 retrain.py:1100] 2019-10-09 17:36:28.748426: Step 1820: Validation accuracy = 64.0% (N=100)
INFO:tensorflow:2019-10-09 17:36:29.310921: Step 1830: Train accuracy = 99.0%
I1009 17:36:29.310965 4760135104 retrain.py:1082] 2019-10-09 17:36:29.310921: Step 1830: Train accuracy = 99.0%
INFO:tensorflow:2019-10-09 17:36:29.311096: Step 1830: Cross entropy = 0.144463
I1009 17:36:29.311105 4760135104 retrain.py:1084] 2019-10-09 17:36:29.311096: Step 1830: Cross entropy = 0.144463
INFO:tensorflow:2019-10-09 17:36:29.367240: Step 1830: Validation accuracy = 63.0% (N=100)
I1009 17:36:29.367289 4760135104 retrain.py:1100] 2019-10-09 17:36:29.367240: Step 1830: Validation accuracy = 63.0% (N=100)
INFO:tensorflow:2019-10-09 17:36:29.929403: Step 1840: Train accuracy = 99.0%
I1009 17:36:29.929445 4760135104 retrain.py:1082] 2019-10-09 17:36:29.929403: Step 1840: Train accuracy = 99.0%
INFO:tensorflow:2019-10-09 17:36:29.929556: Step 1840: Cross entropy = 0.166202
I1009 17:36:29.929568 4760135104 retrain.py:1084] 2019-10-09 17:36:29.929556: Step 1840: Cross entropy = 0.166202
INFO:tensorflow:2019-10-09 17:36:29.986494: Step 1840: Validation accuracy = 67.0% (N=100)
I1009 17:36:29.986545 4760135104 retrain.py:1100] 2019-10-09 17:36:29.986494: Step 1840: Validation accuracy = 67.0% (N=100)
INFO:tensorflow:2019-10-09 17:36:30.551056: Step 1850: Train accuracy = 97.0%
I1009 17:36:30.551100 4760135104 retrain.py:1082] 2019-10-09 17:36:30.551056: Step 1850: Train accuracy = 97.0%
INFO:tensorflow:2019-10-09 17:36:30.551212: Step 1850: Cross entropy = 0.183219
I1009 17:36:30.551223 4760135104 retrain.py:1084] 2019-10-09 17:36:30.551212: Step 1850: Cross entropy = 0.183219
INFO:tensorflow:2019-10-09 17:36:30.608403: Step 1850: Validation accuracy = 61.0% (N=100)
I1009 17:36:30.608448 4760135104 retrain.py:1100] 2019-10-09 17:36:30.608403: Step 1850: Validation accuracy = 61.0% (N=100)
INFO:tensorflow:2019-10-09 17:36:31.173095: Step 1860: Train accuracy = 95.0%
I1009 17:36:31.173140 4760135104 retrain.py:1082] 2019-10-09 17:36:31.173095: Step 1860: Train accuracy = 95.0%
INFO:tensorflow:2019-10-09 17:36:31.173255: Step 1860: Cross entropy = 0.197394
I1009 17:36:31.173265 4760135104 retrain.py:1084] 2019-10-09 17:36:31.173255: Step 1860: Cross entropy = 0.197394
INFO:tensorflow:2019-10-09 17:36:31.230715: Step 1860: Validation accuracy = 61.0% (N=100)
I1009 17:36:31.230764 4760135104 retrain.py:1100] 2019-10-09 17:36:31.230715: Step 1860: Validation accuracy = 61.0% (N=100)
INFO:tensorflow:2019-10-09 17:36:31.793701: Step 1870: Train accuracy = 95.0%
I1009 17:36:31.793744 4760135104 retrain.py:1082] 2019-10-09 17:36:31.793701: Step 1870: Train accuracy = 95.0%
INFO:tensorflow:2019-10-09 17:36:31.793859: Step 1870: Cross entropy = 0.188933
I1009 17:36:31.793872 4760135104 retrain.py:1084] 2019-10-09 17:36:31.793859: Step 1870: Cross entropy = 0.188933
INFO:tensorflow:2019-10-09 17:36:31.851708: Step 1870: Validation accuracy = 70.0% (N=100)
I1009 17:36:31.851753 4760135104 retrain.py:1100] 2019-10-09 17:36:31.851708: Step 1870: Validation accuracy = 70.0% (N=100)
INFO:tensorflow:2019-10-09 17:36:32.413621: Step 1880: Train accuracy = 96.0%
I1009 17:36:32.413676 4760135104 retrain.py:1082] 2019-10-09 17:36:32.413621: Step 1880: Train accuracy = 96.0%
INFO:tensorflow:2019-10-09 17:36:32.413810: Step 1880: Cross entropy = 0.207967
I1009 17:36:32.413819 4760135104 retrain.py:1084] 2019-10-09 17:36:32.413810: Step 1880: Cross entropy = 0.207967
INFO:tensorflow:2019-10-09 17:36:32.470897: Step 1880: Validation accuracy = 64.0% (N=100)
I1009 17:36:32.470942 4760135104 retrain.py:1100] 2019-10-09 17:36:32.470897: Step 1880: Validation accuracy = 64.0% (N=100)
INFO:tensorflow:2019-10-09 17:36:33.033285: Step 1890: Train accuracy = 95.0%
I1009 17:36:33.033329 4760135104 retrain.py:1082] 2019-10-09 17:36:33.033285: Step 1890: Train accuracy = 95.0%
INFO:tensorflow:2019-10-09 17:36:33.033439: Step 1890: Cross entropy = 0.188606
I1009 17:36:33.033451 4760135104 retrain.py:1084] 2019-10-09 17:36:33.033439: Step 1890: Cross entropy = 0.188606
INFO:tensorflow:2019-10-09 17:36:33.091075: Step 1890: Validation accuracy = 52.0% (N=100)
I1009 17:36:33.091124 4760135104 retrain.py:1100] 2019-10-09 17:36:33.091075: Step 1890: Validation accuracy = 52.0% (N=100)
INFO:tensorflow:2019-10-09 17:36:33.656783: Step 1900: Train accuracy = 100.0%
I1009 17:36:33.656837 4760135104 retrain.py:1082] 2019-10-09 17:36:33.656783: Step 1900: Train accuracy = 100.0%
INFO:tensorflow:2019-10-09 17:36:33.656960: Step 1900: Cross entropy = 0.163272
I1009 17:36:33.656991 4760135104 retrain.py:1084] 2019-10-09 17:36:33.656960: Step 1900: Cross entropy = 0.163272
INFO:tensorflow:2019-10-09 17:36:33.714499: Step 1900: Validation accuracy = 76.0% (N=100)
I1009 17:36:33.714547 4760135104 retrain.py:1100] 2019-10-09 17:36:33.714499: Step 1900: Validation accuracy = 76.0% (N=100)
INFO:tensorflow:2019-10-09 17:36:34.278747: Step 1910: Train accuracy = 100.0%
I1009 17:36:34.278790 4760135104 retrain.py:1082] 2019-10-09 17:36:34.278747: Step 1910: Train accuracy = 100.0%
INFO:tensorflow:2019-10-09 17:36:34.278903: Step 1910: Cross entropy = 0.140387
I1009 17:36:34.278913 4760135104 retrain.py:1084] 2019-10-09 17:36:34.278903: Step 1910: Cross entropy = 0.140387
INFO:tensorflow:2019-10-09 17:36:34.337244: Step 1910: Validation accuracy = 64.0% (N=100)
I1009 17:36:34.337293 4760135104 retrain.py:1100] 2019-10-09 17:36:34.337244: Step 1910: Validation accuracy = 64.0% (N=100)
INFO:tensorflow:2019-10-09 17:36:34.899805: Step 1920: Train accuracy = 99.0%
I1009 17:36:34.899849 4760135104 retrain.py:1082] 2019-10-09 17:36:34.899805: Step 1920: Train accuracy = 99.0%
INFO:tensorflow:2019-10-09 17:36:34.899964: Step 1920: Cross entropy = 0.153680
I1009 17:36:34.899976 4760135104 retrain.py:1084] 2019-10-09 17:36:34.899964: Step 1920: Cross entropy = 0.153680
INFO:tensorflow:2019-10-09 17:36:34.957222: Step 1920: Validation accuracy = 65.0% (N=100)
I1009 17:36:34.957265 4760135104 retrain.py:1100] 2019-10-09 17:36:34.957222: Step 1920: Validation accuracy = 65.0% (N=100)
INFO:tensorflow:2019-10-09 17:36:35.519150: Step 1930: Train accuracy = 98.0%
I1009 17:36:35.519194 4760135104 retrain.py:1082] 2019-10-09 17:36:35.519150: Step 1930: Train accuracy = 98.0%
INFO:tensorflow:2019-10-09 17:36:35.519303: Step 1930: Cross entropy = 0.167790
I1009 17:36:35.519316 4760135104 retrain.py:1084] 2019-10-09 17:36:35.519303: Step 1930: Cross entropy = 0.167790
INFO:tensorflow:2019-10-09 17:36:35.576921: Step 1930: Validation accuracy = 61.0% (N=100)
I1009 17:36:35.576965 4760135104 retrain.py:1100] 2019-10-09 17:36:35.576921: Step 1930: Validation accuracy = 61.0% (N=100)
INFO:tensorflow:2019-10-09 17:36:36.143228: Step 1940: Train accuracy = 99.0%
I1009 17:36:36.143271 4760135104 retrain.py:1082] 2019-10-09 17:36:36.143228: Step 1940: Train accuracy = 99.0%
INFO:tensorflow:2019-10-09 17:36:36.143383: Step 1940: Cross entropy = 0.142909
I1009 17:36:36.143393 4760135104 retrain.py:1084] 2019-10-09 17:36:36.143383: Step 1940: Cross entropy = 0.142909
INFO:tensorflow:2019-10-09 17:36:36.201521: Step 1940: Validation accuracy = 68.0% (N=100)
I1009 17:36:36.201565 4760135104 retrain.py:1100] 2019-10-09 17:36:36.201521: Step 1940: Validation accuracy = 68.0% (N=100)
INFO:tensorflow:2019-10-09 17:36:36.763203: Step 1950: Train accuracy = 97.0%
I1009 17:36:36.763258 4760135104 retrain.py:1082] 2019-10-09 17:36:36.763203: Step 1950: Train accuracy = 97.0%
INFO:tensorflow:2019-10-09 17:36:36.763379: Step 1950: Cross entropy = 0.178450
I1009 17:36:36.763390 4760135104 retrain.py:1084] 2019-10-09 17:36:36.763379: Step 1950: Cross entropy = 0.178450
INFO:tensorflow:2019-10-09 17:36:36.820285: Step 1950: Validation accuracy = 70.0% (N=100)
I1009 17:36:36.820328 4760135104 retrain.py:1100] 2019-10-09 17:36:36.820285: Step 1950: Validation accuracy = 70.0% (N=100)
INFO:tensorflow:2019-10-09 17:36:37.387167: Step 1960: Train accuracy = 98.0%
I1009 17:36:37.387212 4760135104 retrain.py:1082] 2019-10-09 17:36:37.387167: Step 1960: Train accuracy = 98.0%
INFO:tensorflow:2019-10-09 17:36:37.387332: Step 1960: Cross entropy = 0.162693
I1009 17:36:37.387343 4760135104 retrain.py:1084] 2019-10-09 17:36:37.387332: Step 1960: Cross entropy = 0.162693
INFO:tensorflow:2019-10-09 17:36:37.445552: Step 1960: Validation accuracy = 66.0% (N=100)
I1009 17:36:37.445601 4760135104 retrain.py:1100] 2019-10-09 17:36:37.445552: Step 1960: Validation accuracy = 66.0% (N=100)
INFO:tensorflow:2019-10-09 17:36:38.007952: Step 1970: Train accuracy = 96.0%
I1009 17:36:38.008008 4760135104 retrain.py:1082] 2019-10-09 17:36:38.007952: Step 1970: Train accuracy = 96.0%
INFO:tensorflow:2019-10-09 17:36:38.008144: Step 1970: Cross entropy = 0.188682
I1009 17:36:38.008154 4760135104 retrain.py:1084] 2019-10-09 17:36:38.008144: Step 1970: Cross entropy = 0.188682
INFO:tensorflow:2019-10-09 17:36:38.064028: Step 1970: Validation accuracy = 65.0% (N=100)
I1009 17:36:38.064075 4760135104 retrain.py:1100] 2019-10-09 17:36:38.064028: Step 1970: Validation accuracy = 65.0% (N=100)
INFO:tensorflow:2019-10-09 17:36:38.623447: Step 1980: Train accuracy = 96.0%
I1009 17:36:38.623490 4760135104 retrain.py:1082] 2019-10-09 17:36:38.623447: Step 1980: Train accuracy = 96.0%
INFO:tensorflow:2019-10-09 17:36:38.623594: Step 1980: Cross entropy = 0.171580
I1009 17:36:38.623605 4760135104 retrain.py:1084] 2019-10-09 17:36:38.623594: Step 1980: Cross entropy = 0.171580
INFO:tensorflow:2019-10-09 17:36:38.679784: Step 1980: Validation accuracy = 65.0% (N=100)
I1009 17:36:38.679831 4760135104 retrain.py:1100] 2019-10-09 17:36:38.679784: Step 1980: Validation accuracy = 65.0% (N=100)
INFO:tensorflow:2019-10-09 17:36:39.240372: Step 1990: Train accuracy = 97.0%
I1009 17:36:39.240416 4760135104 retrain.py:1082] 2019-10-09 17:36:39.240372: Step 1990: Train accuracy = 97.0%
INFO:tensorflow:2019-10-09 17:36:39.240527: Step 1990: Cross entropy = 0.157578
I1009 17:36:39.240538 4760135104 retrain.py:1084] 2019-10-09 17:36:39.240527: Step 1990: Cross entropy = 0.157578
INFO:tensorflow:2019-10-09 17:36:39.297787: Step 1990: Validation accuracy = 69.0% (N=100)
I1009 17:36:39.297837 4760135104 retrain.py:1100] 2019-10-09 17:36:39.297787: Step 1990: Validation accuracy = 69.0% (N=100)
INFO:tensorflow:2019-10-09 17:36:39.862023: Step 2000: Train accuracy = 99.0%
I1009 17:36:39.862066 4760135104 retrain.py:1082] 2019-10-09 17:36:39.862023: Step 2000: Train accuracy = 99.0%
INFO:tensorflow:2019-10-09 17:36:39.862171: Step 2000: Cross entropy = 0.146208
I1009 17:36:39.862181 4760135104 retrain.py:1084] 2019-10-09 17:36:39.862171: Step 2000: Cross entropy = 0.146208
INFO:tensorflow:2019-10-09 17:36:39.918719: Step 2000: Validation accuracy = 66.0% (N=100)
I1009 17:36:39.918768 4760135104 retrain.py:1100] 2019-10-09 17:36:39.918719: Step 2000: Validation accuracy = 66.0% (N=100)
INFO:tensorflow:2019-10-09 17:36:40.479893: Step 2010: Train accuracy = 96.0%
I1009 17:36:40.479937 4760135104 retrain.py:1082] 2019-10-09 17:36:40.479893: Step 2010: Train accuracy = 96.0%
INFO:tensorflow:2019-10-09 17:36:40.480048: Step 2010: Cross entropy = 0.185085
I1009 17:36:40.480058 4760135104 retrain.py:1084] 2019-10-09 17:36:40.480048: Step 2010: Cross entropy = 0.185085
INFO:tensorflow:2019-10-09 17:36:40.537299: Step 2010: Validation accuracy = 68.0% (N=100)
I1009 17:36:40.537349 4760135104 retrain.py:1100] 2019-10-09 17:36:40.537299: Step 2010: Validation accuracy = 68.0% (N=100)
INFO:tensorflow:2019-10-09 17:36:41.101765: Step 2020: Train accuracy = 97.0%
I1009 17:36:41.101808 4760135104 retrain.py:1082] 2019-10-09 17:36:41.101765: Step 2020: Train accuracy = 97.0%
INFO:tensorflow:2019-10-09 17:36:41.101919: Step 2020: Cross entropy = 0.187531
I1009 17:36:41.101931 4760135104 retrain.py:1084] 2019-10-09 17:36:41.101919: Step 2020: Cross entropy = 0.187531
INFO:tensorflow:2019-10-09 17:36:41.158989: Step 2020: Validation accuracy = 65.0% (N=100)
I1009 17:36:41.159033 4760135104 retrain.py:1100] 2019-10-09 17:36:41.158989: Step 2020: Validation accuracy = 65.0% (N=100)
INFO:tensorflow:2019-10-09 17:36:41.722925: Step 2030: Train accuracy = 99.0%
I1009 17:36:41.722968 4760135104 retrain.py:1082] 2019-10-09 17:36:41.722925: Step 2030: Train accuracy = 99.0%
INFO:tensorflow:2019-10-09 17:36:41.723079: Step 2030: Cross entropy = 0.164726
I1009 17:36:41.723090 4760135104 retrain.py:1084] 2019-10-09 17:36:41.723079: Step 2030: Cross entropy = 0.164726
INFO:tensorflow:2019-10-09 17:36:41.780436: Step 2030: Validation accuracy = 58.0% (N=100)
I1009 17:36:41.780492 4760135104 retrain.py:1100] 2019-10-09 17:36:41.780436: Step 2030: Validation accuracy = 58.0% (N=100)
INFO:tensorflow:2019-10-09 17:36:42.345232: Step 2040: Train accuracy = 97.0%
I1009 17:36:42.345275 4760135104 retrain.py:1082] 2019-10-09 17:36:42.345232: Step 2040: Train accuracy = 97.0%
INFO:tensorflow:2019-10-09 17:36:42.345384: Step 2040: Cross entropy = 0.161828
I1009 17:36:42.345393 4760135104 retrain.py:1084] 2019-10-09 17:36:42.345384: Step 2040: Cross entropy = 0.161828
INFO:tensorflow:2019-10-09 17:36:42.402214: Step 2040: Validation accuracy = 67.0% (N=100)
I1009 17:36:42.402261 4760135104 retrain.py:1100] 2019-10-09 17:36:42.402214: Step 2040: Validation accuracy = 67.0% (N=100)
INFO:tensorflow:2019-10-09 17:36:42.971479: Step 2050: Train accuracy = 99.0%
I1009 17:36:42.971525 4760135104 retrain.py:1082] 2019-10-09 17:36:42.971479: Step 2050: Train accuracy = 99.0%
INFO:tensorflow:2019-10-09 17:36:42.971639: Step 2050: Cross entropy = 0.140877
I1009 17:36:42.971650 4760135104 retrain.py:1084] 2019-10-09 17:36:42.971639: Step 2050: Cross entropy = 0.140877
INFO:tensorflow:2019-10-09 17:36:43.029713: Step 2050: Validation accuracy = 68.0% (N=100)
I1009 17:36:43.029758 4760135104 retrain.py:1100] 2019-10-09 17:36:43.029713: Step 2050: Validation accuracy = 68.0% (N=100)
INFO:tensorflow:2019-10-09 17:36:43.597024: Step 2060: Train accuracy = 97.0%
I1009 17:36:43.597069 4760135104 retrain.py:1082] 2019-10-09 17:36:43.597024: Step 2060: Train accuracy = 97.0%
INFO:tensorflow:2019-10-09 17:36:43.597181: Step 2060: Cross entropy = 0.208764
I1009 17:36:43.597193 4760135104 retrain.py:1084] 2019-10-09 17:36:43.597181: Step 2060: Cross entropy = 0.208764
INFO:tensorflow:2019-10-09 17:36:43.654019: Step 2060: Validation accuracy = 68.0% (N=100)
I1009 17:36:43.654062 4760135104 retrain.py:1100] 2019-10-09 17:36:43.654019: Step 2060: Validation accuracy = 68.0% (N=100)
INFO:tensorflow:2019-10-09 17:36:44.214831: Step 2070: Train accuracy = 100.0%
I1009 17:36:44.214887 4760135104 retrain.py:1082] 2019-10-09 17:36:44.214831: Step 2070: Train accuracy = 100.0%
INFO:tensorflow:2019-10-09 17:36:44.215020: Step 2070: Cross entropy = 0.154634
I1009 17:36:44.215031 4760135104 retrain.py:1084] 2019-10-09 17:36:44.215020: Step 2070: Cross entropy = 0.154634
INFO:tensorflow:2019-10-09 17:36:44.272062: Step 2070: Validation accuracy = 60.0% (N=100)
I1009 17:36:44.272112 4760135104 retrain.py:1100] 2019-10-09 17:36:44.272062: Step 2070: Validation accuracy = 60.0% (N=100)
INFO:tensorflow:2019-10-09 17:36:44.831094: Step 2080: Train accuracy = 99.0%
I1009 17:36:44.831139 4760135104 retrain.py:1082] 2019-10-09 17:36:44.831094: Step 2080: Train accuracy = 99.0%
INFO:tensorflow:2019-10-09 17:36:44.831247: Step 2080: Cross entropy = 0.148429
I1009 17:36:44.831258 4760135104 retrain.py:1084] 2019-10-09 17:36:44.831247: Step 2080: Cross entropy = 0.148429
INFO:tensorflow:2019-10-09 17:36:44.890355: Step 2080: Validation accuracy = 64.0% (N=100)
I1009 17:36:44.890410 4760135104 retrain.py:1100] 2019-10-09 17:36:44.890355: Step 2080: Validation accuracy = 64.0% (N=100)
INFO:tensorflow:2019-10-09 17:36:45.453967: Step 2090: Train accuracy = 99.0%
I1009 17:36:45.454010 4760135104 retrain.py:1082] 2019-10-09 17:36:45.453967: Step 2090: Train accuracy = 99.0%
INFO:tensorflow:2019-10-09 17:36:45.454117: Step 2090: Cross entropy = 0.170079
I1009 17:36:45.454139 4760135104 retrain.py:1084] 2019-10-09 17:36:45.454117: Step 2090: Cross entropy = 0.170079
INFO:tensorflow:2019-10-09 17:36:45.512254: Step 2090: Validation accuracy = 53.0% (N=100)
I1009 17:36:45.512297 4760135104 retrain.py:1100] 2019-10-09 17:36:45.512254: Step 2090: Validation accuracy = 53.0% (N=100)
INFO:tensorflow:2019-10-09 17:36:46.076140: Step 2100: Train accuracy = 97.0%
I1009 17:36:46.076184 4760135104 retrain.py:1082] 2019-10-09 17:36:46.076140: Step 2100: Train accuracy = 97.0%
INFO:tensorflow:2019-10-09 17:36:46.076296: Step 2100: Cross entropy = 0.163692
I1009 17:36:46.076308 4760135104 retrain.py:1084] 2019-10-09 17:36:46.076296: Step 2100: Cross entropy = 0.163692
INFO:tensorflow:2019-10-09 17:36:46.133484: Step 2100: Validation accuracy = 67.0% (N=100)
I1009 17:36:46.133531 4760135104 retrain.py:1100] 2019-10-09 17:36:46.133484: Step 2100: Validation accuracy = 67.0% (N=100)
INFO:tensorflow:2019-10-09 17:36:46.698805: Step 2110: Train accuracy = 100.0%
I1009 17:36:46.698848 4760135104 retrain.py:1082] 2019-10-09 17:36:46.698805: Step 2110: Train accuracy = 100.0%
INFO:tensorflow:2019-10-09 17:36:46.698959: Step 2110: Cross entropy = 0.155937
I1009 17:36:46.698970 4760135104 retrain.py:1084] 2019-10-09 17:36:46.698959: Step 2110: Cross entropy = 0.155937
INFO:tensorflow:2019-10-09 17:36:46.756013: Step 2110: Validation accuracy = 65.0% (N=100)
I1009 17:36:46.756058 4760135104 retrain.py:1100] 2019-10-09 17:36:46.756013: Step 2110: Validation accuracy = 65.0% (N=100)
INFO:tensorflow:2019-10-09 17:36:47.321774: Step 2120: Train accuracy = 99.0%
I1009 17:36:47.321818 4760135104 retrain.py:1082] 2019-10-09 17:36:47.321774: Step 2120: Train accuracy = 99.0%
INFO:tensorflow:2019-10-09 17:36:47.321927: Step 2120: Cross entropy = 0.144115
I1009 17:36:47.321936 4760135104 retrain.py:1084] 2019-10-09 17:36:47.321927: Step 2120: Cross entropy = 0.144115
INFO:tensorflow:2019-10-09 17:36:47.379447: Step 2120: Validation accuracy = 63.0% (N=100)
I1009 17:36:47.379494 4760135104 retrain.py:1100] 2019-10-09 17:36:47.379447: Step 2120: Validation accuracy = 63.0% (N=100)
INFO:tensorflow:2019-10-09 17:36:47.941554: Step 2130: Train accuracy = 100.0%
I1009 17:36:47.941598 4760135104 retrain.py:1082] 2019-10-09 17:36:47.941554: Step 2130: Train accuracy = 100.0%
INFO:tensorflow:2019-10-09 17:36:47.941711: Step 2130: Cross entropy = 0.135312
I1009 17:36:47.941722 4760135104 retrain.py:1084] 2019-10-09 17:36:47.941711: Step 2130: Cross entropy = 0.135312
INFO:tensorflow:2019-10-09 17:36:47.998227: Step 2130: Validation accuracy = 59.0% (N=100)
I1009 17:36:47.998270 4760135104 retrain.py:1100] 2019-10-09 17:36:47.998227: Step 2130: Validation accuracy = 59.0% (N=100)
INFO:tensorflow:2019-10-09 17:36:48.562608: Step 2140: Train accuracy = 100.0%
I1009 17:36:48.562664 4760135104 retrain.py:1082] 2019-10-09 17:36:48.562608: Step 2140: Train accuracy = 100.0%
INFO:tensorflow:2019-10-09 17:36:48.562784: Step 2140: Cross entropy = 0.146634
I1009 17:36:48.562794 4760135104 retrain.py:1084] 2019-10-09 17:36:48.562784: Step 2140: Cross entropy = 0.146634
INFO:tensorflow:2019-10-09 17:36:48.620007: Step 2140: Validation accuracy = 54.0% (N=100)
I1009 17:36:48.620049 4760135104 retrain.py:1100] 2019-10-09 17:36:48.620007: Step 2140: Validation accuracy = 54.0% (N=100)
INFO:tensorflow:2019-10-09 17:36:49.190403: Step 2150: Train accuracy = 97.0%
I1009 17:36:49.190447 4760135104 retrain.py:1082] 2019-10-09 17:36:49.190403: Step 2150: Train accuracy = 97.0%
INFO:tensorflow:2019-10-09 17:36:49.190557: Step 2150: Cross entropy = 0.167960
I1009 17:36:49.190567 4760135104 retrain.py:1084] 2019-10-09 17:36:49.190557: Step 2150: Cross entropy = 0.167960
INFO:tensorflow:2019-10-09 17:36:49.248134: Step 2150: Validation accuracy = 58.0% (N=100)
I1009 17:36:49.248178 4760135104 retrain.py:1100] 2019-10-09 17:36:49.248134: Step 2150: Validation accuracy = 58.0% (N=100)
INFO:tensorflow:2019-10-09 17:36:49.809094: Step 2160: Train accuracy = 100.0%
I1009 17:36:49.809149 4760135104 retrain.py:1082] 2019-10-09 17:36:49.809094: Step 2160: Train accuracy = 100.0%
INFO:tensorflow:2019-10-09 17:36:49.809281: Step 2160: Cross entropy = 0.163450
I1009 17:36:49.809292 4760135104 retrain.py:1084] 2019-10-09 17:36:49.809281: Step 2160: Cross entropy = 0.163450
INFO:tensorflow:2019-10-09 17:36:49.866714: Step 2160: Validation accuracy = 75.0% (N=100)
I1009 17:36:49.866757 4760135104 retrain.py:1100] 2019-10-09 17:36:49.866714: Step 2160: Validation accuracy = 75.0% (N=100)
INFO:tensorflow:2019-10-09 17:36:50.431444: Step 2170: Train accuracy = 97.0%
I1009 17:36:50.431492 4760135104 retrain.py:1082] 2019-10-09 17:36:50.431444: Step 2170: Train accuracy = 97.0%
INFO:tensorflow:2019-10-09 17:36:50.431629: Step 2170: Cross entropy = 0.169032
I1009 17:36:50.431644 4760135104 retrain.py:1084] 2019-10-09 17:36:50.431629: Step 2170: Cross entropy = 0.169032
INFO:tensorflow:2019-10-09 17:36:50.490015: Step 2170: Validation accuracy = 58.0% (N=100)
I1009 17:36:50.490067 4760135104 retrain.py:1100] 2019-10-09 17:36:50.490015: Step 2170: Validation accuracy = 58.0% (N=100)
INFO:tensorflow:2019-10-09 17:36:51.055990: Step 2180: Train accuracy = 96.0%
I1009 17:36:51.056033 4760135104 retrain.py:1082] 2019-10-09 17:36:51.055990: Step 2180: Train accuracy = 96.0%
INFO:tensorflow:2019-10-09 17:36:51.056141: Step 2180: Cross entropy = 0.161758
I1009 17:36:51.056152 4760135104 retrain.py:1084] 2019-10-09 17:36:51.056141: Step 2180: Cross entropy = 0.161758
INFO:tensorflow:2019-10-09 17:36:51.113650: Step 2180: Validation accuracy = 54.0% (N=100)
I1009 17:36:51.113694 4760135104 retrain.py:1100] 2019-10-09 17:36:51.113650: Step 2180: Validation accuracy = 54.0% (N=100)
INFO:tensorflow:2019-10-09 17:36:51.686398: Step 2190: Train accuracy = 98.0%
I1009 17:36:51.686443 4760135104 retrain.py:1082] 2019-10-09 17:36:51.686398: Step 2190: Train accuracy = 98.0%
INFO:tensorflow:2019-10-09 17:36:51.686555: Step 2190: Cross entropy = 0.170626
I1009 17:36:51.686565 4760135104 retrain.py:1084] 2019-10-09 17:36:51.686555: Step 2190: Cross entropy = 0.170626
INFO:tensorflow:2019-10-09 17:36:51.745406: Step 2190: Validation accuracy = 61.0% (N=100)
I1009 17:36:51.745456 4760135104 retrain.py:1100] 2019-10-09 17:36:51.745406: Step 2190: Validation accuracy = 61.0% (N=100)
INFO:tensorflow:2019-10-09 17:36:52.310300: Step 2200: Train accuracy = 97.0%
I1009 17:36:52.310355 4760135104 retrain.py:1082] 2019-10-09 17:36:52.310300: Step 2200: Train accuracy = 97.0%
INFO:tensorflow:2019-10-09 17:36:52.310476: Step 2200: Cross entropy = 0.176715
I1009 17:36:52.310486 4760135104 retrain.py:1084] 2019-10-09 17:36:52.310476: Step 2200: Cross entropy = 0.176715
INFO:tensorflow:2019-10-09 17:36:52.367957: Step 2200: Validation accuracy = 60.0% (N=100)
I1009 17:36:52.368011 4760135104 retrain.py:1100] 2019-10-09 17:36:52.367957: Step 2200: Validation accuracy = 60.0% (N=100)
INFO:tensorflow:2019-10-09 17:36:52.932893: Step 2210: Train accuracy = 99.0%
I1009 17:36:52.932939 4760135104 retrain.py:1082] 2019-10-09 17:36:52.932893: Step 2210: Train accuracy = 99.0%
INFO:tensorflow:2019-10-09 17:36:52.933055: Step 2210: Cross entropy = 0.143611
I1009 17:36:52.933067 4760135104 retrain.py:1084] 2019-10-09 17:36:52.933055: Step 2210: Cross entropy = 0.143611
INFO:tensorflow:2019-10-09 17:36:52.991195: Step 2210: Validation accuracy = 57.0% (N=100)
I1009 17:36:52.991245 4760135104 retrain.py:1100] 2019-10-09 17:36:52.991195: Step 2210: Validation accuracy = 57.0% (N=100)
INFO:tensorflow:2019-10-09 17:36:53.558489: Step 2220: Train accuracy = 99.0%
I1009 17:36:53.558543 4760135104 retrain.py:1082] 2019-10-09 17:36:53.558489: Step 2220: Train accuracy = 99.0%
INFO:tensorflow:2019-10-09 17:36:53.558665: Step 2220: Cross entropy = 0.155982
I1009 17:36:53.558676 4760135104 retrain.py:1084] 2019-10-09 17:36:53.558665: Step 2220: Cross entropy = 0.155982
INFO:tensorflow:2019-10-09 17:36:53.616617: Step 2220: Validation accuracy = 64.0% (N=100)
I1009 17:36:53.616662 4760135104 retrain.py:1100] 2019-10-09 17:36:53.616617: Step 2220: Validation accuracy = 64.0% (N=100)
INFO:tensorflow:2019-10-09 17:36:54.182372: Step 2230: Train accuracy = 98.0%
I1009 17:36:54.182415 4760135104 retrain.py:1082] 2019-10-09 17:36:54.182372: Step 2230: Train accuracy = 98.0%
INFO:tensorflow:2019-10-09 17:36:54.182531: Step 2230: Cross entropy = 0.170580
I1009 17:36:54.182543 4760135104 retrain.py:1084] 2019-10-09 17:36:54.182531: Step 2230: Cross entropy = 0.170580
INFO:tensorflow:2019-10-09 17:36:54.240291: Step 2230: Validation accuracy = 61.0% (N=100)
I1009 17:36:54.240340 4760135104 retrain.py:1100] 2019-10-09 17:36:54.240291: Step 2230: Validation accuracy = 61.0% (N=100)
INFO:tensorflow:2019-10-09 17:36:54.804944: Step 2240: Train accuracy = 98.0%
I1009 17:36:54.804987 4760135104 retrain.py:1082] 2019-10-09 17:36:54.804944: Step 2240: Train accuracy = 98.0%
INFO:tensorflow:2019-10-09 17:36:54.805094: Step 2240: Cross entropy = 0.161584
I1009 17:36:54.805105 4760135104 retrain.py:1084] 2019-10-09 17:36:54.805094: Step 2240: Cross entropy = 0.161584
INFO:tensorflow:2019-10-09 17:36:54.862110: Step 2240: Validation accuracy = 59.0% (N=100)
I1009 17:36:54.862154 4760135104 retrain.py:1100] 2019-10-09 17:36:54.862110: Step 2240: Validation accuracy = 59.0% (N=100)
INFO:tensorflow:2019-10-09 17:36:55.426606: Step 2250: Train accuracy = 98.0%
I1009 17:36:55.426650 4760135104 retrain.py:1082] 2019-10-09 17:36:55.426606: Step 2250: Train accuracy = 98.0%
INFO:tensorflow:2019-10-09 17:36:55.426763: Step 2250: Cross entropy = 0.162147
I1009 17:36:55.426774 4760135104 retrain.py:1084] 2019-10-09 17:36:55.426763: Step 2250: Cross entropy = 0.162147
INFO:tensorflow:2019-10-09 17:36:55.484008: Step 2250: Validation accuracy = 64.0% (N=100)
I1009 17:36:55.484055 4760135104 retrain.py:1100] 2019-10-09 17:36:55.484008: Step 2250: Validation accuracy = 64.0% (N=100)
INFO:tensorflow:2019-10-09 17:36:56.049597: Step 2260: Train accuracy = 96.0%
I1009 17:36:56.049642 4760135104 retrain.py:1082] 2019-10-09 17:36:56.049597: Step 2260: Train accuracy = 96.0%
INFO:tensorflow:2019-10-09 17:36:56.049756: Step 2260: Cross entropy = 0.190625
I1009 17:36:56.049767 4760135104 retrain.py:1084] 2019-10-09 17:36:56.049756: Step 2260: Cross entropy = 0.190625
INFO:tensorflow:2019-10-09 17:36:56.107691: Step 2260: Validation accuracy = 60.0% (N=100)
I1009 17:36:56.107733 4760135104 retrain.py:1100] 2019-10-09 17:36:56.107691: Step 2260: Validation accuracy = 60.0% (N=100)
INFO:tensorflow:2019-10-09 17:36:56.673034: Step 2270: Train accuracy = 96.0%
I1009 17:36:56.673077 4760135104 retrain.py:1082] 2019-10-09 17:36:56.673034: Step 2270: Train accuracy = 96.0%
INFO:tensorflow:2019-10-09 17:36:56.673189: Step 2270: Cross entropy = 0.176657
I1009 17:36:56.673200 4760135104 retrain.py:1084] 2019-10-09 17:36:56.673189: Step 2270: Cross entropy = 0.176657
INFO:tensorflow:2019-10-09 17:36:56.730279: Step 2270: Validation accuracy = 65.0% (N=100)
I1009 17:36:56.730330 4760135104 retrain.py:1100] 2019-10-09 17:36:56.730279: Step 2270: Validation accuracy = 65.0% (N=100)
INFO:tensorflow:2019-10-09 17:36:57.297840: Step 2280: Train accuracy = 97.0%
I1009 17:36:57.297884 4760135104 retrain.py:1082] 2019-10-09 17:36:57.297840: Step 2280: Train accuracy = 97.0%
INFO:tensorflow:2019-10-09 17:36:57.297996: Step 2280: Cross entropy = 0.173848
I1009 17:36:57.298007 4760135104 retrain.py:1084] 2019-10-09 17:36:57.297996: Step 2280: Cross entropy = 0.173848
INFO:tensorflow:2019-10-09 17:36:57.356086: Step 2280: Validation accuracy = 67.0% (N=100)
I1009 17:36:57.356134 4760135104 retrain.py:1100] 2019-10-09 17:36:57.356086: Step 2280: Validation accuracy = 67.0% (N=100)
INFO:tensorflow:2019-10-09 17:36:57.920116: Step 2290: Train accuracy = 97.0%
I1009 17:36:57.920160 4760135104 retrain.py:1082] 2019-10-09 17:36:57.920116: Step 2290: Train accuracy = 97.0%
INFO:tensorflow:2019-10-09 17:36:57.920271: Step 2290: Cross entropy = 0.153114
I1009 17:36:57.920282 4760135104 retrain.py:1084] 2019-10-09 17:36:57.920271: Step 2290: Cross entropy = 0.153114
INFO:tensorflow:2019-10-09 17:36:57.977377: Step 2290: Validation accuracy = 64.0% (N=100)
I1009 17:36:57.977425 4760135104 retrain.py:1100] 2019-10-09 17:36:57.977377: Step 2290: Validation accuracy = 64.0% (N=100)
INFO:tensorflow:2019-10-09 17:36:58.542627: Step 2300: Train accuracy = 99.0%
I1009 17:36:58.542669 4760135104 retrain.py:1082] 2019-10-09 17:36:58.542627: Step 2300: Train accuracy = 99.0%
INFO:tensorflow:2019-10-09 17:36:58.542782: Step 2300: Cross entropy = 0.142290
I1009 17:36:58.542796 4760135104 retrain.py:1084] 2019-10-09 17:36:58.542782: Step 2300: Cross entropy = 0.142290
INFO:tensorflow:2019-10-09 17:36:58.600810: Step 2300: Validation accuracy = 57.0% (N=100)
I1009 17:36:58.600853 4760135104 retrain.py:1100] 2019-10-09 17:36:58.600810: Step 2300: Validation accuracy = 57.0% (N=100)
INFO:tensorflow:2019-10-09 17:36:59.167196: Step 2310: Train accuracy = 100.0%
I1009 17:36:59.167256 4760135104 retrain.py:1082] 2019-10-09 17:36:59.167196: Step 2310: Train accuracy = 100.0%
INFO:tensorflow:2019-10-09 17:36:59.167396: Step 2310: Cross entropy = 0.148856
I1009 17:36:59.167408 4760135104 retrain.py:1084] 2019-10-09 17:36:59.167396: Step 2310: Cross entropy = 0.148856
INFO:tensorflow:2019-10-09 17:36:59.225137: Step 2310: Validation accuracy = 73.0% (N=100)
I1009 17:36:59.225182 4760135104 retrain.py:1100] 2019-10-09 17:36:59.225137: Step 2310: Validation accuracy = 73.0% (N=100)
INFO:tensorflow:2019-10-09 17:36:59.793424: Step 2320: Train accuracy = 98.0%
I1009 17:36:59.793498 4760135104 retrain.py:1082] 2019-10-09 17:36:59.793424: Step 2320: Train accuracy = 98.0%
INFO:tensorflow:2019-10-09 17:36:59.793677: Step 2320: Cross entropy = 0.126982
I1009 17:36:59.793690 4760135104 retrain.py:1084] 2019-10-09 17:36:59.793677: Step 2320: Cross entropy = 0.126982
INFO:tensorflow:2019-10-09 17:36:59.850705: Step 2320: Validation accuracy = 65.0% (N=100)
I1009 17:36:59.850749 4760135104 retrain.py:1100] 2019-10-09 17:36:59.850705: Step 2320: Validation accuracy = 65.0% (N=100)
INFO:tensorflow:2019-10-09 17:37:00.417504: Step 2330: Train accuracy = 99.0%
I1009 17:37:00.417549 4760135104 retrain.py:1082] 2019-10-09 17:37:00.417504: Step 2330: Train accuracy = 99.0%
INFO:tensorflow:2019-10-09 17:37:00.417660: Step 2330: Cross entropy = 0.152676
I1009 17:37:00.417670 4760135104 retrain.py:1084] 2019-10-09 17:37:00.417660: Step 2330: Cross entropy = 0.152676
INFO:tensorflow:2019-10-09 17:37:00.474072: Step 2330: Validation accuracy = 63.0% (N=100)
I1009 17:37:00.474117 4760135104 retrain.py:1100] 2019-10-09 17:37:00.474072: Step 2330: Validation accuracy = 63.0% (N=100)
INFO:tensorflow:2019-10-09 17:37:01.039361: Step 2340: Train accuracy = 98.0%
I1009 17:37:01.039403 4760135104 retrain.py:1082] 2019-10-09 17:37:01.039361: Step 2340: Train accuracy = 98.0%
INFO:tensorflow:2019-10-09 17:37:01.039515: Step 2340: Cross entropy = 0.164166
I1009 17:37:01.039526 4760135104 retrain.py:1084] 2019-10-09 17:37:01.039515: Step 2340: Cross entropy = 0.164166
INFO:tensorflow:2019-10-09 17:37:01.096760: Step 2340: Validation accuracy = 67.0% (N=100)
I1009 17:37:01.096808 4760135104 retrain.py:1100] 2019-10-09 17:37:01.096760: Step 2340: Validation accuracy = 67.0% (N=100)
INFO:tensorflow:2019-10-09 17:37:01.662220: Step 2350: Train accuracy = 99.0%
I1009 17:37:01.662265 4760135104 retrain.py:1082] 2019-10-09 17:37:01.662220: Step 2350: Train accuracy = 99.0%
INFO:tensorflow:2019-10-09 17:37:01.662387: Step 2350: Cross entropy = 0.145083
I1009 17:37:01.662396 4760135104 retrain.py:1084] 2019-10-09 17:37:01.662387: Step 2350: Cross entropy = 0.145083
INFO:tensorflow:2019-10-09 17:37:01.719561: Step 2350: Validation accuracy = 72.0% (N=100)
I1009 17:37:01.719609 4760135104 retrain.py:1100] 2019-10-09 17:37:01.719561: Step 2350: Validation accuracy = 72.0% (N=100)
INFO:tensorflow:2019-10-09 17:37:02.285673: Step 2360: Train accuracy = 96.0%
I1009 17:37:02.285717 4760135104 retrain.py:1082] 2019-10-09 17:37:02.285673: Step 2360: Train accuracy = 96.0%
INFO:tensorflow:2019-10-09 17:37:02.285827: Step 2360: Cross entropy = 0.188711
I1009 17:37:02.285838 4760135104 retrain.py:1084] 2019-10-09 17:37:02.285827: Step 2360: Cross entropy = 0.188711
INFO:tensorflow:2019-10-09 17:37:02.343696: Step 2360: Validation accuracy = 53.0% (N=100)
I1009 17:37:02.343740 4760135104 retrain.py:1100] 2019-10-09 17:37:02.343696: Step 2360: Validation accuracy = 53.0% (N=100)
INFO:tensorflow:2019-10-09 17:37:02.911129: Step 2370: Train accuracy = 99.0%
I1009 17:37:02.911177 4760135104 retrain.py:1082] 2019-10-09 17:37:02.911129: Step 2370: Train accuracy = 99.0%
INFO:tensorflow:2019-10-09 17:37:02.911295: Step 2370: Cross entropy = 0.151426
I1009 17:37:02.911307 4760135104 retrain.py:1084] 2019-10-09 17:37:02.911295: Step 2370: Cross entropy = 0.151426
INFO:tensorflow:2019-10-09 17:37:02.967857: Step 2370: Validation accuracy = 62.0% (N=100)
I1009 17:37:02.967902 4760135104 retrain.py:1100] 2019-10-09 17:37:02.967857: Step 2370: Validation accuracy = 62.0% (N=100)
INFO:tensorflow:2019-10-09 17:37:03.535931: Step 2380: Train accuracy = 96.0%
I1009 17:37:03.535973 4760135104 retrain.py:1082] 2019-10-09 17:37:03.535931: Step 2380: Train accuracy = 96.0%
INFO:tensorflow:2019-10-09 17:37:03.536091: Step 2380: Cross entropy = 0.148016
I1009 17:37:03.536103 4760135104 retrain.py:1084] 2019-10-09 17:37:03.536091: Step 2380: Cross entropy = 0.148016
INFO:tensorflow:2019-10-09 17:37:03.593247: Step 2380: Validation accuracy = 68.0% (N=100)
I1009 17:37:03.593292 4760135104 retrain.py:1100] 2019-10-09 17:37:03.593247: Step 2380: Validation accuracy = 68.0% (N=100)
INFO:tensorflow:2019-10-09 17:37:04.154671: Step 2390: Train accuracy = 100.0%
I1009 17:37:04.154726 4760135104 retrain.py:1082] 2019-10-09 17:37:04.154671: Step 2390: Train accuracy = 100.0%
INFO:tensorflow:2019-10-09 17:37:04.154846: Step 2390: Cross entropy = 0.148481
I1009 17:37:04.154856 4760135104 retrain.py:1084] 2019-10-09 17:37:04.154846: Step 2390: Cross entropy = 0.148481
INFO:tensorflow:2019-10-09 17:37:04.212105: Step 2390: Validation accuracy = 67.0% (N=100)
I1009 17:37:04.212151 4760135104 retrain.py:1100] 2019-10-09 17:37:04.212105: Step 2390: Validation accuracy = 67.0% (N=100)
INFO:tensorflow:2019-10-09 17:37:04.778810: Step 2400: Train accuracy = 98.0%
I1009 17:37:04.778854 4760135104 retrain.py:1082] 2019-10-09 17:37:04.778810: Step 2400: Train accuracy = 98.0%
INFO:tensorflow:2019-10-09 17:37:04.778966: Step 2400: Cross entropy = 0.172481
I1009 17:37:04.778978 4760135104 retrain.py:1084] 2019-10-09 17:37:04.778966: Step 2400: Cross entropy = 0.172481
INFO:tensorflow:2019-10-09 17:37:04.835804: Step 2400: Validation accuracy = 61.0% (N=100)
I1009 17:37:04.835854 4760135104 retrain.py:1100] 2019-10-09 17:37:04.835804: Step 2400: Validation accuracy = 61.0% (N=100)
INFO:tensorflow:2019-10-09 17:37:05.401729: Step 2410: Train accuracy = 97.0%
I1009 17:37:05.401772 4760135104 retrain.py:1082] 2019-10-09 17:37:05.401729: Step 2410: Train accuracy = 97.0%
INFO:tensorflow:2019-10-09 17:37:05.401884: Step 2410: Cross entropy = 0.154059
I1009 17:37:05.401895 4760135104 retrain.py:1084] 2019-10-09 17:37:05.401884: Step 2410: Cross entropy = 0.154059
INFO:tensorflow:2019-10-09 17:37:05.458948: Step 2410: Validation accuracy = 66.0% (N=100)
I1009 17:37:05.458993 4760135104 retrain.py:1100] 2019-10-09 17:37:05.458948: Step 2410: Validation accuracy = 66.0% (N=100)
INFO:tensorflow:2019-10-09 17:37:06.022782: Step 2420: Train accuracy = 99.0%
I1009 17:37:06.022839 4760135104 retrain.py:1082] 2019-10-09 17:37:06.022782: Step 2420: Train accuracy = 99.0%
INFO:tensorflow:2019-10-09 17:37:06.022956: Step 2420: Cross entropy = 0.144360
I1009 17:37:06.022969 4760135104 retrain.py:1084] 2019-10-09 17:37:06.022956: Step 2420: Cross entropy = 0.144360
INFO:tensorflow:2019-10-09 17:37:06.079300: Step 2420: Validation accuracy = 67.0% (N=100)
I1009 17:37:06.079346 4760135104 retrain.py:1100] 2019-10-09 17:37:06.079300: Step 2420: Validation accuracy = 67.0% (N=100)
INFO:tensorflow:2019-10-09 17:37:06.638157: Step 2430: Train accuracy = 100.0%
I1009 17:37:06.638202 4760135104 retrain.py:1082] 2019-10-09 17:37:06.638157: Step 2430: Train accuracy = 100.0%
INFO:tensorflow:2019-10-09 17:37:06.638312: Step 2430: Cross entropy = 0.135972
I1009 17:37:06.638322 4760135104 retrain.py:1084] 2019-10-09 17:37:06.638312: Step 2430: Cross entropy = 0.135972
INFO:tensorflow:2019-10-09 17:37:06.695111: Step 2430: Validation accuracy = 56.0% (N=100)
I1009 17:37:06.695158 4760135104 retrain.py:1100] 2019-10-09 17:37:06.695111: Step 2430: Validation accuracy = 56.0% (N=100)
INFO:tensorflow:2019-10-09 17:37:07.260442: Step 2440: Train accuracy = 99.0%
I1009 17:37:07.260485 4760135104 retrain.py:1082] 2019-10-09 17:37:07.260442: Step 2440: Train accuracy = 99.0%
INFO:tensorflow:2019-10-09 17:37:07.260591: Step 2440: Cross entropy = 0.146894
I1009 17:37:07.260601 4760135104 retrain.py:1084] 2019-10-09 17:37:07.260591: Step 2440: Cross entropy = 0.146894
INFO:tensorflow:2019-10-09 17:37:07.316955: Step 2440: Validation accuracy = 61.0% (N=100)
I1009 17:37:07.317003 4760135104 retrain.py:1100] 2019-10-09 17:37:07.316955: Step 2440: Validation accuracy = 61.0% (N=100)
INFO:tensorflow:2019-10-09 17:37:07.877953: Step 2450: Train accuracy = 98.0%
I1009 17:37:07.877997 4760135104 retrain.py:1082] 2019-10-09 17:37:07.877953: Step 2450: Train accuracy = 98.0%
INFO:tensorflow:2019-10-09 17:37:07.878108: Step 2450: Cross entropy = 0.190099
I1009 17:37:07.878118 4760135104 retrain.py:1084] 2019-10-09 17:37:07.878108: Step 2450: Cross entropy = 0.190099
INFO:tensorflow:2019-10-09 17:37:07.935271: Step 2450: Validation accuracy = 71.0% (N=100)
I1009 17:37:07.935314 4760135104 retrain.py:1100] 2019-10-09 17:37:07.935271: Step 2450: Validation accuracy = 71.0% (N=100)
INFO:tensorflow:2019-10-09 17:37:08.500397: Step 2460: Train accuracy = 99.0%
I1009 17:37:08.500442 4760135104 retrain.py:1082] 2019-10-09 17:37:08.500397: Step 2460: Train accuracy = 99.0%
INFO:tensorflow:2019-10-09 17:37:08.500556: Step 2460: Cross entropy = 0.118595
I1009 17:37:08.500569 4760135104 retrain.py:1084] 2019-10-09 17:37:08.500556: Step 2460: Cross entropy = 0.118595
INFO:tensorflow:2019-10-09 17:37:08.558474: Step 2460: Validation accuracy = 65.0% (N=100)
I1009 17:37:08.558516 4760135104 retrain.py:1100] 2019-10-09 17:37:08.558474: Step 2460: Validation accuracy = 65.0% (N=100)
INFO:tensorflow:2019-10-09 17:37:09.122737: Step 2470: Train accuracy = 98.0%
I1009 17:37:09.122779 4760135104 retrain.py:1082] 2019-10-09 17:37:09.122737: Step 2470: Train accuracy = 98.0%
INFO:tensorflow:2019-10-09 17:37:09.122892: Step 2470: Cross entropy = 0.142951
I1009 17:37:09.122903 4760135104 retrain.py:1084] 2019-10-09 17:37:09.122892: Step 2470: Cross entropy = 0.142951
INFO:tensorflow:2019-10-09 17:37:09.180591: Step 2470: Validation accuracy = 61.0% (N=100)
I1009 17:37:09.180640 4760135104 retrain.py:1100] 2019-10-09 17:37:09.180591: Step 2470: Validation accuracy = 61.0% (N=100)
INFO:tensorflow:2019-10-09 17:37:09.746335: Step 2480: Train accuracy = 96.0%
I1009 17:37:09.746377 4760135104 retrain.py:1082] 2019-10-09 17:37:09.746335: Step 2480: Train accuracy = 96.0%
INFO:tensorflow:2019-10-09 17:37:09.746490: Step 2480: Cross entropy = 0.169530
I1009 17:37:09.746501 4760135104 retrain.py:1084] 2019-10-09 17:37:09.746490: Step 2480: Cross entropy = 0.169530
INFO:tensorflow:2019-10-09 17:37:09.803851: Step 2480: Validation accuracy = 63.0% (N=100)
I1009 17:37:09.803894 4760135104 retrain.py:1100] 2019-10-09 17:37:09.803851: Step 2480: Validation accuracy = 63.0% (N=100)
INFO:tensorflow:2019-10-09 17:37:10.368276: Step 2490: Train accuracy = 100.0%
I1009 17:37:10.368323 4760135104 retrain.py:1082] 2019-10-09 17:37:10.368276: Step 2490: Train accuracy = 100.0%
INFO:tensorflow:2019-10-09 17:37:10.368446: Step 2490: Cross entropy = 0.128250
I1009 17:37:10.368459 4760135104 retrain.py:1084] 2019-10-09 17:37:10.368446: Step 2490: Cross entropy = 0.128250
INFO:tensorflow:2019-10-09 17:37:10.426671: Step 2490: Validation accuracy = 61.0% (N=100)
I1009 17:37:10.426715 4760135104 retrain.py:1100] 2019-10-09 17:37:10.426671: Step 2490: Validation accuracy = 61.0% (N=100)
INFO:tensorflow:2019-10-09 17:37:10.984145: Step 2500: Train accuracy = 96.0%
I1009 17:37:10.984189 4760135104 retrain.py:1082] 2019-10-09 17:37:10.984145: Step 2500: Train accuracy = 96.0%
INFO:tensorflow:2019-10-09 17:37:10.984293: Step 2500: Cross entropy = 0.158801
I1009 17:37:10.984302 4760135104 retrain.py:1084] 2019-10-09 17:37:10.984293: Step 2500: Cross entropy = 0.158801
INFO:tensorflow:2019-10-09 17:37:11.040658: Step 2500: Validation accuracy = 64.0% (N=100)
I1009 17:37:11.040707 4760135104 retrain.py:1100] 2019-10-09 17:37:11.040658: Step 2500: Validation accuracy = 64.0% (N=100)
INFO:tensorflow:2019-10-09 17:37:11.597109: Step 2510: Train accuracy = 99.0%
I1009 17:37:11.597154 4760135104 retrain.py:1082] 2019-10-09 17:37:11.597109: Step 2510: Train accuracy = 99.0%
INFO:tensorflow:2019-10-09 17:37:11.597317: Step 2510: Cross entropy = 0.150160
I1009 17:37:11.597348 4760135104 retrain.py:1084] 2019-10-09 17:37:11.597317: Step 2510: Cross entropy = 0.150160
INFO:tensorflow:2019-10-09 17:37:11.653616: Step 2510: Validation accuracy = 62.0% (N=100)
I1009 17:37:11.653665 4760135104 retrain.py:1100] 2019-10-09 17:37:11.653616: Step 2510: Validation accuracy = 62.0% (N=100)
INFO:tensorflow:2019-10-09 17:37:12.207595: Step 2520: Train accuracy = 97.0%
I1009 17:37:12.207664 4760135104 retrain.py:1082] 2019-10-09 17:37:12.207595: Step 2520: Train accuracy = 97.0%
INFO:tensorflow:2019-10-09 17:37:12.207798: Step 2520: Cross entropy = 0.161373
I1009 17:37:12.207808 4760135104 retrain.py:1084] 2019-10-09 17:37:12.207798: Step 2520: Cross entropy = 0.161373
INFO:tensorflow:2019-10-09 17:37:12.264132: Step 2520: Validation accuracy = 67.0% (N=100)
I1009 17:37:12.264180 4760135104 retrain.py:1100] 2019-10-09 17:37:12.264132: Step 2520: Validation accuracy = 67.0% (N=100)
INFO:tensorflow:2019-10-09 17:37:12.819966: Step 2530: Train accuracy = 99.0%
I1009 17:37:12.820009 4760135104 retrain.py:1082] 2019-10-09 17:37:12.819966: Step 2530: Train accuracy = 99.0%
INFO:tensorflow:2019-10-09 17:37:12.820126: Step 2530: Cross entropy = 0.114346
I1009 17:37:12.820137 4760135104 retrain.py:1084] 2019-10-09 17:37:12.820126: Step 2530: Cross entropy = 0.114346
INFO:tensorflow:2019-10-09 17:37:12.876563: Step 2530: Validation accuracy = 64.0% (N=100)
I1009 17:37:12.876610 4760135104 retrain.py:1100] 2019-10-09 17:37:12.876563: Step 2530: Validation accuracy = 64.0% (N=100)
INFO:tensorflow:2019-10-09 17:37:13.430576: Step 2540: Train accuracy = 98.0%
I1009 17:37:13.430620 4760135104 retrain.py:1082] 2019-10-09 17:37:13.430576: Step 2540: Train accuracy = 98.0%
INFO:tensorflow:2019-10-09 17:37:13.430724: Step 2540: Cross entropy = 0.145948
I1009 17:37:13.430734 4760135104 retrain.py:1084] 2019-10-09 17:37:13.430724: Step 2540: Cross entropy = 0.145948
INFO:tensorflow:2019-10-09 17:37:13.486940: Step 2540: Validation accuracy = 62.0% (N=100)
I1009 17:37:13.486989 4760135104 retrain.py:1100] 2019-10-09 17:37:13.486940: Step 2540: Validation accuracy = 62.0% (N=100)
INFO:tensorflow:2019-10-09 17:37:14.040891: Step 2550: Train accuracy = 99.0%
I1009 17:37:14.040935 4760135104 retrain.py:1082] 2019-10-09 17:37:14.040891: Step 2550: Train accuracy = 99.0%
INFO:tensorflow:2019-10-09 17:37:14.041044: Step 2550: Cross entropy = 0.151459
I1009 17:37:14.041054 4760135104 retrain.py:1084] 2019-10-09 17:37:14.041044: Step 2550: Cross entropy = 0.151459
INFO:tensorflow:2019-10-09 17:37:14.097342: Step 2550: Validation accuracy = 68.0% (N=100)
I1009 17:37:14.097391 4760135104 retrain.py:1100] 2019-10-09 17:37:14.097342: Step 2550: Validation accuracy = 68.0% (N=100)
INFO:tensorflow:2019-10-09 17:37:14.651795: Step 2560: Train accuracy = 100.0%
I1009 17:37:14.651839 4760135104 retrain.py:1082] 2019-10-09 17:37:14.651795: Step 2560: Train accuracy = 100.0%
INFO:tensorflow:2019-10-09 17:37:14.651945: Step 2560: Cross entropy = 0.124157
I1009 17:37:14.651956 4760135104 retrain.py:1084] 2019-10-09 17:37:14.651945: Step 2560: Cross entropy = 0.124157
INFO:tensorflow:2019-10-09 17:37:14.708095: Step 2560: Validation accuracy = 65.0% (N=100)
I1009 17:37:14.708144 4760135104 retrain.py:1100] 2019-10-09 17:37:14.708095: Step 2560: Validation accuracy = 65.0% (N=100)
INFO:tensorflow:2019-10-09 17:37:15.262887: Step 2570: Train accuracy = 99.0%
I1009 17:37:15.262943 4760135104 retrain.py:1082] 2019-10-09 17:37:15.262887: Step 2570: Train accuracy = 99.0%
INFO:tensorflow:2019-10-09 17:37:15.263078: Step 2570: Cross entropy = 0.135309
I1009 17:37:15.263088 4760135104 retrain.py:1084] 2019-10-09 17:37:15.263078: Step 2570: Cross entropy = 0.135309
INFO:tensorflow:2019-10-09 17:37:15.320126: Step 2570: Validation accuracy = 68.0% (N=100)
I1009 17:37:15.320173 4760135104 retrain.py:1100] 2019-10-09 17:37:15.320126: Step 2570: Validation accuracy = 68.0% (N=100)
INFO:tensorflow:2019-10-09 17:37:15.873708: Step 2580: Train accuracy = 95.0%
I1009 17:37:15.873760 4760135104 retrain.py:1082] 2019-10-09 17:37:15.873708: Step 2580: Train accuracy = 95.0%
INFO:tensorflow:2019-10-09 17:37:15.873872: Step 2580: Cross entropy = 0.157619
I1009 17:37:15.873883 4760135104 retrain.py:1084] 2019-10-09 17:37:15.873872: Step 2580: Cross entropy = 0.157619
INFO:tensorflow:2019-10-09 17:37:15.929966: Step 2580: Validation accuracy = 72.0% (N=100)
I1009 17:37:15.930012 4760135104 retrain.py:1100] 2019-10-09 17:37:15.929966: Step 2580: Validation accuracy = 72.0% (N=100)
INFO:tensorflow:2019-10-09 17:37:16.483950: Step 2590: Train accuracy = 99.0%
I1009 17:37:16.483994 4760135104 retrain.py:1082] 2019-10-09 17:37:16.483950: Step 2590: Train accuracy = 99.0%
INFO:tensorflow:2019-10-09 17:37:16.484102: Step 2590: Cross entropy = 0.142324
I1009 17:37:16.484112 4760135104 retrain.py:1084] 2019-10-09 17:37:16.484102: Step 2590: Cross entropy = 0.142324
INFO:tensorflow:2019-10-09 17:37:16.540448: Step 2590: Validation accuracy = 70.0% (N=100)
I1009 17:37:16.540495 4760135104 retrain.py:1100] 2019-10-09 17:37:16.540448: Step 2590: Validation accuracy = 70.0% (N=100)
INFO:tensorflow:2019-10-09 17:37:17.094324: Step 2600: Train accuracy = 96.0%
I1009 17:37:17.094368 4760135104 retrain.py:1082] 2019-10-09 17:37:17.094324: Step 2600: Train accuracy = 96.0%
INFO:tensorflow:2019-10-09 17:37:17.094476: Step 2600: Cross entropy = 0.146968
I1009 17:37:17.094486 4760135104 retrain.py:1084] 2019-10-09 17:37:17.094476: Step 2600: Cross entropy = 0.146968
INFO:tensorflow:2019-10-09 17:37:17.150528: Step 2600: Validation accuracy = 62.0% (N=100)
I1009 17:37:17.150573 4760135104 retrain.py:1100] 2019-10-09 17:37:17.150528: Step 2600: Validation accuracy = 62.0% (N=100)
INFO:tensorflow:2019-10-09 17:37:17.703843: Step 2610: Train accuracy = 99.0%
I1009 17:37:17.703922 4760135104 retrain.py:1082] 2019-10-09 17:37:17.703843: Step 2610: Train accuracy = 99.0%
INFO:tensorflow:2019-10-09 17:37:17.704043: Step 2610: Cross entropy = 0.145950
I1009 17:37:17.704055 4760135104 retrain.py:1084] 2019-10-09 17:37:17.704043: Step 2610: Cross entropy = 0.145950
INFO:tensorflow:2019-10-09 17:37:17.760440: Step 2610: Validation accuracy = 60.0% (N=100)
I1009 17:37:17.760489 4760135104 retrain.py:1100] 2019-10-09 17:37:17.760440: Step 2610: Validation accuracy = 60.0% (N=100)
INFO:tensorflow:2019-10-09 17:37:18.315518: Step 2620: Train accuracy = 100.0%
I1009 17:37:18.315563 4760135104 retrain.py:1082] 2019-10-09 17:37:18.315518: Step 2620: Train accuracy = 100.0%
INFO:tensorflow:2019-10-09 17:37:18.315688: Step 2620: Cross entropy = 0.133627
I1009 17:37:18.315701 4760135104 retrain.py:1084] 2019-10-09 17:37:18.315688: Step 2620: Cross entropy = 0.133627
INFO:tensorflow:2019-10-09 17:37:18.372387: Step 2620: Validation accuracy = 62.0% (N=100)
I1009 17:37:18.372432 4760135104 retrain.py:1100] 2019-10-09 17:37:18.372387: Step 2620: Validation accuracy = 62.0% (N=100)
INFO:tensorflow:2019-10-09 17:37:18.926203: Step 2630: Train accuracy = 97.0%
I1009 17:37:18.926247 4760135104 retrain.py:1082] 2019-10-09 17:37:18.926203: Step 2630: Train accuracy = 97.0%
INFO:tensorflow:2019-10-09 17:37:18.926353: Step 2630: Cross entropy = 0.146001
I1009 17:37:18.926363 4760135104 retrain.py:1084] 2019-10-09 17:37:18.926353: Step 2630: Cross entropy = 0.146001
INFO:tensorflow:2019-10-09 17:37:18.982879: Step 2630: Validation accuracy = 61.0% (N=100)
I1009 17:37:18.982927 4760135104 retrain.py:1100] 2019-10-09 17:37:18.982879: Step 2630: Validation accuracy = 61.0% (N=100)
INFO:tensorflow:2019-10-09 17:37:19.534554: Step 2640: Train accuracy = 100.0%
I1009 17:37:19.534597 4760135104 retrain.py:1082] 2019-10-09 17:37:19.534554: Step 2640: Train accuracy = 100.0%
INFO:tensorflow:2019-10-09 17:37:19.534702: Step 2640: Cross entropy = 0.121541
I1009 17:37:19.534713 4760135104 retrain.py:1084] 2019-10-09 17:37:19.534702: Step 2640: Cross entropy = 0.121541
INFO:tensorflow:2019-10-09 17:37:19.591138: Step 2640: Validation accuracy = 59.0% (N=100)
I1009 17:37:19.591187 4760135104 retrain.py:1100] 2019-10-09 17:37:19.591138: Step 2640: Validation accuracy = 59.0% (N=100)
INFO:tensorflow:2019-10-09 17:37:20.145236: Step 2650: Train accuracy = 99.0%
I1009 17:37:20.145281 4760135104 retrain.py:1082] 2019-10-09 17:37:20.145236: Step 2650: Train accuracy = 99.0%
INFO:tensorflow:2019-10-09 17:37:20.145388: Step 2650: Cross entropy = 0.130106
I1009 17:37:20.145397 4760135104 retrain.py:1084] 2019-10-09 17:37:20.145388: Step 2650: Cross entropy = 0.130106
INFO:tensorflow:2019-10-09 17:37:20.201310: Step 2650: Validation accuracy = 60.0% (N=100)
I1009 17:37:20.201358 4760135104 retrain.py:1100] 2019-10-09 17:37:20.201310: Step 2650: Validation accuracy = 60.0% (N=100)
INFO:tensorflow:2019-10-09 17:37:20.754288: Step 2660: Train accuracy = 99.0%
I1009 17:37:20.754344 4760135104 retrain.py:1082] 2019-10-09 17:37:20.754288: Step 2660: Train accuracy = 99.0%
INFO:tensorflow:2019-10-09 17:37:20.754477: Step 2660: Cross entropy = 0.130117
I1009 17:37:20.754487 4760135104 retrain.py:1084] 2019-10-09 17:37:20.754477: Step 2660: Cross entropy = 0.130117
INFO:tensorflow:2019-10-09 17:37:20.811069: Step 2660: Validation accuracy = 63.0% (N=100)
I1009 17:37:20.811117 4760135104 retrain.py:1100] 2019-10-09 17:37:20.811069: Step 2660: Validation accuracy = 63.0% (N=100)
INFO:tensorflow:2019-10-09 17:37:21.363248: Step 2670: Train accuracy = 100.0%
I1009 17:37:21.363304 4760135104 retrain.py:1082] 2019-10-09 17:37:21.363248: Step 2670: Train accuracy = 100.0%
INFO:tensorflow:2019-10-09 17:37:21.363429: Step 2670: Cross entropy = 0.121879
I1009 17:37:21.363440 4760135104 retrain.py:1084] 2019-10-09 17:37:21.363429: Step 2670: Cross entropy = 0.121879
INFO:tensorflow:2019-10-09 17:37:21.419937: Step 2670: Validation accuracy = 69.0% (N=100)
I1009 17:37:21.419983 4760135104 retrain.py:1100] 2019-10-09 17:37:21.419937: Step 2670: Validation accuracy = 69.0% (N=100)
INFO:tensorflow:2019-10-09 17:37:21.975298: Step 2680: Train accuracy = 98.0%
I1009 17:37:21.975341 4760135104 retrain.py:1082] 2019-10-09 17:37:21.975298: Step 2680: Train accuracy = 98.0%
INFO:tensorflow:2019-10-09 17:37:21.975449: Step 2680: Cross entropy = 0.145218
I1009 17:37:21.975460 4760135104 retrain.py:1084] 2019-10-09 17:37:21.975449: Step 2680: Cross entropy = 0.145218
INFO:tensorflow:2019-10-09 17:37:22.031961: Step 2680: Validation accuracy = 66.0% (N=100)
I1009 17:37:22.032007 4760135104 retrain.py:1100] 2019-10-09 17:37:22.031961: Step 2680: Validation accuracy = 66.0% (N=100)
INFO:tensorflow:2019-10-09 17:37:22.587824: Step 2690: Train accuracy = 100.0%
I1009 17:37:22.587871 4760135104 retrain.py:1082] 2019-10-09 17:37:22.587824: Step 2690: Train accuracy = 100.0%
INFO:tensorflow:2019-10-09 17:37:22.587982: Step 2690: Cross entropy = 0.135618
I1009 17:37:22.587991 4760135104 retrain.py:1084] 2019-10-09 17:37:22.587982: Step 2690: Cross entropy = 0.135618
INFO:tensorflow:2019-10-09 17:37:22.643946: Step 2690: Validation accuracy = 71.0% (N=100)
I1009 17:37:22.643994 4760135104 retrain.py:1100] 2019-10-09 17:37:22.643946: Step 2690: Validation accuracy = 71.0% (N=100)
INFO:tensorflow:2019-10-09 17:37:23.198519: Step 2700: Train accuracy = 98.0%
I1009 17:37:23.198564 4760135104 retrain.py:1082] 2019-10-09 17:37:23.198519: Step 2700: Train accuracy = 98.0%
INFO:tensorflow:2019-10-09 17:37:23.198671: Step 2700: Cross entropy = 0.140838
I1009 17:37:23.198682 4760135104 retrain.py:1084] 2019-10-09 17:37:23.198671: Step 2700: Cross entropy = 0.140838
INFO:tensorflow:2019-10-09 17:37:23.255082: Step 2700: Validation accuracy = 65.0% (N=100)
I1009 17:37:23.255130 4760135104 retrain.py:1100] 2019-10-09 17:37:23.255082: Step 2700: Validation accuracy = 65.0% (N=100)
INFO:tensorflow:2019-10-09 17:37:23.811120: Step 2710: Train accuracy = 98.0%
I1009 17:37:23.811177 4760135104 retrain.py:1082] 2019-10-09 17:37:23.811120: Step 2710: Train accuracy = 98.0%
INFO:tensorflow:2019-10-09 17:37:23.811296: Step 2710: Cross entropy = 0.143953
I1009 17:37:23.811305 4760135104 retrain.py:1084] 2019-10-09 17:37:23.811296: Step 2710: Cross entropy = 0.143953
INFO:tensorflow:2019-10-09 17:37:23.868572: Step 2710: Validation accuracy = 58.0% (N=100)
I1009 17:37:23.868621 4760135104 retrain.py:1100] 2019-10-09 17:37:23.868572: Step 2710: Validation accuracy = 58.0% (N=100)
INFO:tensorflow:2019-10-09 17:37:24.424607: Step 2720: Train accuracy = 100.0%
I1009 17:37:24.424652 4760135104 retrain.py:1082] 2019-10-09 17:37:24.424607: Step 2720: Train accuracy = 100.0%
INFO:tensorflow:2019-10-09 17:37:24.424757: Step 2720: Cross entropy = 0.139608
I1009 17:37:24.424767 4760135104 retrain.py:1084] 2019-10-09 17:37:24.424757: Step 2720: Cross entropy = 0.139608
INFO:tensorflow:2019-10-09 17:37:24.481035: Step 2720: Validation accuracy = 58.0% (N=100)
I1009 17:37:24.481083 4760135104 retrain.py:1100] 2019-10-09 17:37:24.481035: Step 2720: Validation accuracy = 58.0% (N=100)
INFO:tensorflow:2019-10-09 17:37:25.035340: Step 2730: Train accuracy = 100.0%
I1009 17:37:25.035384 4760135104 retrain.py:1082] 2019-10-09 17:37:25.035340: Step 2730: Train accuracy = 100.0%
INFO:tensorflow:2019-10-09 17:37:25.035489: Step 2730: Cross entropy = 0.118552
I1009 17:37:25.035499 4760135104 retrain.py:1084] 2019-10-09 17:37:25.035489: Step 2730: Cross entropy = 0.118552
INFO:tensorflow:2019-10-09 17:37:25.091859: Step 2730: Validation accuracy = 63.0% (N=100)
I1009 17:37:25.091907 4760135104 retrain.py:1100] 2019-10-09 17:37:25.091859: Step 2730: Validation accuracy = 63.0% (N=100)
INFO:tensorflow:2019-10-09 17:37:25.647596: Step 2740: Train accuracy = 98.0%
I1009 17:37:25.647641 4760135104 retrain.py:1082] 2019-10-09 17:37:25.647596: Step 2740: Train accuracy = 98.0%
INFO:tensorflow:2019-10-09 17:37:25.647748: Step 2740: Cross entropy = 0.146311
I1009 17:37:25.647759 4760135104 retrain.py:1084] 2019-10-09 17:37:25.647748: Step 2740: Cross entropy = 0.146311
INFO:tensorflow:2019-10-09 17:37:25.704225: Step 2740: Validation accuracy = 59.0% (N=100)
I1009 17:37:25.704274 4760135104 retrain.py:1100] 2019-10-09 17:37:25.704225: Step 2740: Validation accuracy = 59.0% (N=100)
INFO:tensorflow:2019-10-09 17:37:26.256781: Step 2750: Train accuracy = 99.0%
I1009 17:37:26.256837 4760135104 retrain.py:1082] 2019-10-09 17:37:26.256781: Step 2750: Train accuracy = 99.0%
INFO:tensorflow:2019-10-09 17:37:26.256971: Step 2750: Cross entropy = 0.125288
I1009 17:37:26.256982 4760135104 retrain.py:1084] 2019-10-09 17:37:26.256971: Step 2750: Cross entropy = 0.125288
INFO:tensorflow:2019-10-09 17:37:26.313253: Step 2750: Validation accuracy = 64.0% (N=100)
I1009 17:37:26.313302 4760135104 retrain.py:1100] 2019-10-09 17:37:26.313253: Step 2750: Validation accuracy = 64.0% (N=100)
INFO:tensorflow:2019-10-09 17:37:26.868147: Step 2760: Train accuracy = 98.0%
I1009 17:37:26.868191 4760135104 retrain.py:1082] 2019-10-09 17:37:26.868147: Step 2760: Train accuracy = 98.0%
INFO:tensorflow:2019-10-09 17:37:26.868299: Step 2760: Cross entropy = 0.135676
I1009 17:37:26.868309 4760135104 retrain.py:1084] 2019-10-09 17:37:26.868299: Step 2760: Cross entropy = 0.135676
INFO:tensorflow:2019-10-09 17:37:26.924196: Step 2760: Validation accuracy = 58.0% (N=100)
I1009 17:37:26.924244 4760135104 retrain.py:1100] 2019-10-09 17:37:26.924196: Step 2760: Validation accuracy = 58.0% (N=100)
INFO:tensorflow:2019-10-09 17:37:27.478618: Step 2770: Train accuracy = 99.0%
I1009 17:37:27.478661 4760135104 retrain.py:1082] 2019-10-09 17:37:27.478618: Step 2770: Train accuracy = 99.0%
INFO:tensorflow:2019-10-09 17:37:27.478769: Step 2770: Cross entropy = 0.114716
I1009 17:37:27.478795 4760135104 retrain.py:1084] 2019-10-09 17:37:27.478769: Step 2770: Cross entropy = 0.114716
INFO:tensorflow:2019-10-09 17:37:27.534401: Step 2770: Validation accuracy = 57.0% (N=100)
I1009 17:37:27.534447 4760135104 retrain.py:1100] 2019-10-09 17:37:27.534401: Step 2770: Validation accuracy = 57.0% (N=100)
INFO:tensorflow:2019-10-09 17:37:28.089448: Step 2780: Train accuracy = 96.0%
I1009 17:37:28.089493 4760135104 retrain.py:1082] 2019-10-09 17:37:28.089448: Step 2780: Train accuracy = 96.0%
INFO:tensorflow:2019-10-09 17:37:28.089598: Step 2780: Cross entropy = 0.158797
I1009 17:37:28.089607 4760135104 retrain.py:1084] 2019-10-09 17:37:28.089598: Step 2780: Cross entropy = 0.158797
INFO:tensorflow:2019-10-09 17:37:28.145949: Step 2780: Validation accuracy = 67.0% (N=100)
I1009 17:37:28.146000 4760135104 retrain.py:1100] 2019-10-09 17:37:28.145949: Step 2780: Validation accuracy = 67.0% (N=100)
INFO:tensorflow:2019-10-09 17:37:28.701352: Step 2790: Train accuracy = 99.0%
I1009 17:37:28.701398 4760135104 retrain.py:1082] 2019-10-09 17:37:28.701352: Step 2790: Train accuracy = 99.0%
INFO:tensorflow:2019-10-09 17:37:28.701505: Step 2790: Cross entropy = 0.132537
I1009 17:37:28.701514 4760135104 retrain.py:1084] 2019-10-09 17:37:28.701505: Step 2790: Cross entropy = 0.132537
INFO:tensorflow:2019-10-09 17:37:28.757647: Step 2790: Validation accuracy = 52.0% (N=100)
I1009 17:37:28.757694 4760135104 retrain.py:1100] 2019-10-09 17:37:28.757647: Step 2790: Validation accuracy = 52.0% (N=100)
INFO:tensorflow:2019-10-09 17:37:29.312856: Step 2800: Train accuracy = 100.0%
I1009 17:37:29.312902 4760135104 retrain.py:1082] 2019-10-09 17:37:29.312856: Step 2800: Train accuracy = 100.0%
INFO:tensorflow:2019-10-09 17:37:29.313012: Step 2800: Cross entropy = 0.125760
I1009 17:37:29.313021 4760135104 retrain.py:1084] 2019-10-09 17:37:29.313012: Step 2800: Cross entropy = 0.125760
INFO:tensorflow:2019-10-09 17:37:29.369323: Step 2800: Validation accuracy = 62.0% (N=100)
I1009 17:37:29.369371 4760135104 retrain.py:1100] 2019-10-09 17:37:29.369323: Step 2800: Validation accuracy = 62.0% (N=100)
INFO:tensorflow:2019-10-09 17:37:29.922615: Step 2810: Train accuracy = 99.0%
I1009 17:37:29.922660 4760135104 retrain.py:1082] 2019-10-09 17:37:29.922615: Step 2810: Train accuracy = 99.0%
INFO:tensorflow:2019-10-09 17:37:29.922766: Step 2810: Cross entropy = 0.139556
I1009 17:37:29.922775 4760135104 retrain.py:1084] 2019-10-09 17:37:29.922766: Step 2810: Cross entropy = 0.139556
INFO:tensorflow:2019-10-09 17:37:29.979048: Step 2810: Validation accuracy = 64.0% (N=100)
I1009 17:37:29.979096 4760135104 retrain.py:1100] 2019-10-09 17:37:29.979048: Step 2810: Validation accuracy = 64.0% (N=100)
INFO:tensorflow:2019-10-09 17:37:30.534407: Step 2820: Train accuracy = 100.0%
I1009 17:37:30.534451 4760135104 retrain.py:1082] 2019-10-09 17:37:30.534407: Step 2820: Train accuracy = 100.0%
INFO:tensorflow:2019-10-09 17:37:30.534557: Step 2820: Cross entropy = 0.121791
I1009 17:37:30.534567 4760135104 retrain.py:1084] 2019-10-09 17:37:30.534557: Step 2820: Cross entropy = 0.121791
INFO:tensorflow:2019-10-09 17:37:30.590927: Step 2820: Validation accuracy = 67.0% (N=100)
I1009 17:37:30.590972 4760135104 retrain.py:1100] 2019-10-09 17:37:30.590927: Step 2820: Validation accuracy = 67.0% (N=100)
INFO:tensorflow:2019-10-09 17:37:31.144182: Step 2830: Train accuracy = 100.0%
I1009 17:37:31.144227 4760135104 retrain.py:1082] 2019-10-09 17:37:31.144182: Step 2830: Train accuracy = 100.0%
INFO:tensorflow:2019-10-09 17:37:31.144334: Step 2830: Cross entropy = 0.123006
I1009 17:37:31.144345 4760135104 retrain.py:1084] 2019-10-09 17:37:31.144334: Step 2830: Cross entropy = 0.123006
INFO:tensorflow:2019-10-09 17:37:31.200681: Step 2830: Validation accuracy = 61.0% (N=100)
I1009 17:37:31.200728 4760135104 retrain.py:1100] 2019-10-09 17:37:31.200681: Step 2830: Validation accuracy = 61.0% (N=100)
INFO:tensorflow:2019-10-09 17:37:31.755495: Step 2840: Train accuracy = 98.0%
I1009 17:37:31.755538 4760135104 retrain.py:1082] 2019-10-09 17:37:31.755495: Step 2840: Train accuracy = 98.0%
INFO:tensorflow:2019-10-09 17:37:31.755675: Step 2840: Cross entropy = 0.139860
I1009 17:37:31.755743 4760135104 retrain.py:1084] 2019-10-09 17:37:31.755675: Step 2840: Cross entropy = 0.139860
INFO:tensorflow:2019-10-09 17:37:31.811455: Step 2840: Validation accuracy = 73.0% (N=100)
I1009 17:37:31.811522 4760135104 retrain.py:1100] 2019-10-09 17:37:31.811455: Step 2840: Validation accuracy = 73.0% (N=100)
INFO:tensorflow:2019-10-09 17:37:32.365972: Step 2850: Train accuracy = 97.0%
I1009 17:37:32.366017 4760135104 retrain.py:1082] 2019-10-09 17:37:32.365972: Step 2850: Train accuracy = 97.0%
INFO:tensorflow:2019-10-09 17:37:32.366124: Step 2850: Cross entropy = 0.187762
I1009 17:37:32.366133 4760135104 retrain.py:1084] 2019-10-09 17:37:32.366124: Step 2850: Cross entropy = 0.187762
INFO:tensorflow:2019-10-09 17:37:32.422502: Step 2850: Validation accuracy = 54.0% (N=100)
I1009 17:37:32.422549 4760135104 retrain.py:1100] 2019-10-09 17:37:32.422502: Step 2850: Validation accuracy = 54.0% (N=100)
INFO:tensorflow:2019-10-09 17:37:32.975810: Step 2860: Train accuracy = 98.0%
I1009 17:37:32.975854 4760135104 retrain.py:1082] 2019-10-09 17:37:32.975810: Step 2860: Train accuracy = 98.0%
INFO:tensorflow:2019-10-09 17:37:32.975961: Step 2860: Cross entropy = 0.147113
I1009 17:37:32.975972 4760135104 retrain.py:1084] 2019-10-09 17:37:32.975961: Step 2860: Cross entropy = 0.147113
INFO:tensorflow:2019-10-09 17:37:33.032866: Step 2860: Validation accuracy = 62.0% (N=100)
I1009 17:37:33.032913 4760135104 retrain.py:1100] 2019-10-09 17:37:33.032866: Step 2860: Validation accuracy = 62.0% (N=100)
INFO:tensorflow:2019-10-09 17:37:33.585527: Step 2870: Train accuracy = 98.0%
I1009 17:37:33.585573 4760135104 retrain.py:1082] 2019-10-09 17:37:33.585527: Step 2870: Train accuracy = 98.0%
INFO:tensorflow:2019-10-09 17:37:33.585678: Step 2870: Cross entropy = 0.135713
I1009 17:37:33.585689 4760135104 retrain.py:1084] 2019-10-09 17:37:33.585678: Step 2870: Cross entropy = 0.135713
INFO:tensorflow:2019-10-09 17:37:33.642126: Step 2870: Validation accuracy = 58.0% (N=100)
I1009 17:37:33.642174 4760135104 retrain.py:1100] 2019-10-09 17:37:33.642126: Step 2870: Validation accuracy = 58.0% (N=100)
INFO:tensorflow:2019-10-09 17:37:34.196282: Step 2880: Train accuracy = 99.0%
I1009 17:37:34.196325 4760135104 retrain.py:1082] 2019-10-09 17:37:34.196282: Step 2880: Train accuracy = 99.0%
INFO:tensorflow:2019-10-09 17:37:34.196433: Step 2880: Cross entropy = 0.135562
I1009 17:37:34.196443 4760135104 retrain.py:1084] 2019-10-09 17:37:34.196433: Step 2880: Cross entropy = 0.135562
INFO:tensorflow:2019-10-09 17:37:34.252796: Step 2880: Validation accuracy = 56.0% (N=100)
I1009 17:37:34.252845 4760135104 retrain.py:1100] 2019-10-09 17:37:34.252796: Step 2880: Validation accuracy = 56.0% (N=100)
INFO:tensorflow:2019-10-09 17:37:34.806977: Step 2890: Train accuracy = 100.0%
I1009 17:37:34.807034 4760135104 retrain.py:1082] 2019-10-09 17:37:34.806977: Step 2890: Train accuracy = 100.0%
INFO:tensorflow:2019-10-09 17:37:34.807154: Step 2890: Cross entropy = 0.108484
I1009 17:37:34.807184 4760135104 retrain.py:1084] 2019-10-09 17:37:34.807154: Step 2890: Cross entropy = 0.108484
INFO:tensorflow:2019-10-09 17:37:34.863541: Step 2890: Validation accuracy = 56.0% (N=100)
I1009 17:37:34.863590 4760135104 retrain.py:1100] 2019-10-09 17:37:34.863541: Step 2890: Validation accuracy = 56.0% (N=100)
INFO:tensorflow:2019-10-09 17:37:35.417653: Step 2900: Train accuracy = 99.0%
I1009 17:37:35.417699 4760135104 retrain.py:1082] 2019-10-09 17:37:35.417653: Step 2900: Train accuracy = 99.0%
INFO:tensorflow:2019-10-09 17:37:35.417808: Step 2900: Cross entropy = 0.122787
I1009 17:37:35.417818 4760135104 retrain.py:1084] 2019-10-09 17:37:35.417808: Step 2900: Cross entropy = 0.122787
INFO:tensorflow:2019-10-09 17:37:35.474020: Step 2900: Validation accuracy = 59.0% (N=100)
I1009 17:37:35.474068 4760135104 retrain.py:1100] 2019-10-09 17:37:35.474020: Step 2900: Validation accuracy = 59.0% (N=100)
INFO:tensorflow:2019-10-09 17:37:36.027670: Step 2910: Train accuracy = 100.0%
I1009 17:37:36.027721 4760135104 retrain.py:1082] 2019-10-09 17:37:36.027670: Step 2910: Train accuracy = 100.0%
INFO:tensorflow:2019-10-09 17:37:36.027843: Step 2910: Cross entropy = 0.121358
I1009 17:37:36.027858 4760135104 retrain.py:1084] 2019-10-09 17:37:36.027843: Step 2910: Cross entropy = 0.121358
INFO:tensorflow:2019-10-09 17:37:36.083987: Step 2910: Validation accuracy = 53.0% (N=100)
I1009 17:37:36.084033 4760135104 retrain.py:1100] 2019-10-09 17:37:36.083987: Step 2910: Validation accuracy = 53.0% (N=100)
INFO:tensorflow:2019-10-09 17:37:36.639144: Step 2920: Train accuracy = 99.0%
I1009 17:37:36.639188 4760135104 retrain.py:1082] 2019-10-09 17:37:36.639144: Step 2920: Train accuracy = 99.0%
INFO:tensorflow:2019-10-09 17:37:36.639295: Step 2920: Cross entropy = 0.131835
I1009 17:37:36.639304 4760135104 retrain.py:1084] 2019-10-09 17:37:36.639295: Step 2920: Cross entropy = 0.131835
INFO:tensorflow:2019-10-09 17:37:36.695807: Step 2920: Validation accuracy = 57.0% (N=100)
I1009 17:37:36.695855 4760135104 retrain.py:1100] 2019-10-09 17:37:36.695807: Step 2920: Validation accuracy = 57.0% (N=100)
INFO:tensorflow:2019-10-09 17:37:37.252480: Step 2930: Train accuracy = 97.0%
I1009 17:37:37.252524 4760135104 retrain.py:1082] 2019-10-09 17:37:37.252480: Step 2930: Train accuracy = 97.0%
INFO:tensorflow:2019-10-09 17:37:37.252647: Step 2930: Cross entropy = 0.123031
I1009 17:37:37.252658 4760135104 retrain.py:1084] 2019-10-09 17:37:37.252647: Step 2930: Cross entropy = 0.123031
INFO:tensorflow:2019-10-09 17:37:37.308577: Step 2930: Validation accuracy = 53.0% (N=100)
I1009 17:37:37.308621 4760135104 retrain.py:1100] 2019-10-09 17:37:37.308577: Step 2930: Validation accuracy = 53.0% (N=100)
INFO:tensorflow:2019-10-09 17:37:37.863646: Step 2940: Train accuracy = 100.0%
I1009 17:37:37.863691 4760135104 retrain.py:1082] 2019-10-09 17:37:37.863646: Step 2940: Train accuracy = 100.0%
INFO:tensorflow:2019-10-09 17:37:37.863806: Step 2940: Cross entropy = 0.133045
I1009 17:37:37.863816 4760135104 retrain.py:1084] 2019-10-09 17:37:37.863806: Step 2940: Cross entropy = 0.133045
INFO:tensorflow:2019-10-09 17:37:37.920420: Step 2940: Validation accuracy = 59.0% (N=100)
I1009 17:37:37.920465 4760135104 retrain.py:1100] 2019-10-09 17:37:37.920420: Step 2940: Validation accuracy = 59.0% (N=100)
INFO:tensorflow:2019-10-09 17:37:38.475622: Step 2950: Train accuracy = 98.0%
I1009 17:37:38.475665 4760135104 retrain.py:1082] 2019-10-09 17:37:38.475622: Step 2950: Train accuracy = 98.0%
INFO:tensorflow:2019-10-09 17:37:38.475771: Step 2950: Cross entropy = 0.125316
I1009 17:37:38.475781 4760135104 retrain.py:1084] 2019-10-09 17:37:38.475771: Step 2950: Cross entropy = 0.125316
INFO:tensorflow:2019-10-09 17:37:38.533259: Step 2950: Validation accuracy = 65.0% (N=100)
I1009 17:37:38.533312 4760135104 retrain.py:1100] 2019-10-09 17:37:38.533259: Step 2950: Validation accuracy = 65.0% (N=100)
INFO:tensorflow:2019-10-09 17:37:39.089317: Step 2960: Train accuracy = 100.0%
I1009 17:37:39.089361 4760135104 retrain.py:1082] 2019-10-09 17:37:39.089317: Step 2960: Train accuracy = 100.0%
INFO:tensorflow:2019-10-09 17:37:39.089470: Step 2960: Cross entropy = 0.127418
I1009 17:37:39.089480 4760135104 retrain.py:1084] 2019-10-09 17:37:39.089470: Step 2960: Cross entropy = 0.127418
INFO:tensorflow:2019-10-09 17:37:39.145420: Step 2960: Validation accuracy = 60.0% (N=100)
I1009 17:37:39.145468 4760135104 retrain.py:1100] 2019-10-09 17:37:39.145420: Step 2960: Validation accuracy = 60.0% (N=100)
INFO:tensorflow:2019-10-09 17:37:39.700969: Step 2970: Train accuracy = 99.0%
I1009 17:37:39.701014 4760135104 retrain.py:1082] 2019-10-09 17:37:39.700969: Step 2970: Train accuracy = 99.0%
INFO:tensorflow:2019-10-09 17:37:39.701119: Step 2970: Cross entropy = 0.138950
I1009 17:37:39.701128 4760135104 retrain.py:1084] 2019-10-09 17:37:39.701119: Step 2970: Cross entropy = 0.138950
INFO:tensorflow:2019-10-09 17:37:39.757476: Step 2970: Validation accuracy = 54.0% (N=100)
I1009 17:37:39.757524 4760135104 retrain.py:1100] 2019-10-09 17:37:39.757476: Step 2970: Validation accuracy = 54.0% (N=100)
INFO:tensorflow:2019-10-09 17:37:40.314630: Step 2980: Train accuracy = 99.0%
I1009 17:37:40.314677 4760135104 retrain.py:1082] 2019-10-09 17:37:40.314630: Step 2980: Train accuracy = 99.0%
INFO:tensorflow:2019-10-09 17:37:40.314800: Step 2980: Cross entropy = 0.133780
I1009 17:37:40.314811 4760135104 retrain.py:1084] 2019-10-09 17:37:40.314800: Step 2980: Cross entropy = 0.133780
INFO:tensorflow:2019-10-09 17:37:40.371400: Step 2980: Validation accuracy = 51.0% (N=100)
I1009 17:37:40.371450 4760135104 retrain.py:1100] 2019-10-09 17:37:40.371400: Step 2980: Validation accuracy = 51.0% (N=100)
INFO:tensorflow:2019-10-09 17:37:40.925848: Step 2990: Train accuracy = 98.0%
I1009 17:37:40.925892 4760135104 retrain.py:1082] 2019-10-09 17:37:40.925848: Step 2990: Train accuracy = 98.0%
INFO:tensorflow:2019-10-09 17:37:40.925998: Step 2990: Cross entropy = 0.122445
I1009 17:37:40.926009 4760135104 retrain.py:1084] 2019-10-09 17:37:40.925998: Step 2990: Cross entropy = 0.122445
INFO:tensorflow:2019-10-09 17:37:40.982359: Step 2990: Validation accuracy = 70.0% (N=100)
I1009 17:37:40.982405 4760135104 retrain.py:1100] 2019-10-09 17:37:40.982359: Step 2990: Validation accuracy = 70.0% (N=100)
INFO:tensorflow:2019-10-09 17:37:41.537488: Step 3000: Train accuracy = 100.0%
I1009 17:37:41.537533 4760135104 retrain.py:1082] 2019-10-09 17:37:41.537488: Step 3000: Train accuracy = 100.0%
INFO:tensorflow:2019-10-09 17:37:41.537642: Step 3000: Cross entropy = 0.103899
I1009 17:37:41.537652 4760135104 retrain.py:1084] 2019-10-09 17:37:41.537642: Step 3000: Cross entropy = 0.103899
INFO:tensorflow:2019-10-09 17:37:41.593339: Step 3000: Validation accuracy = 62.0% (N=100)
I1009 17:37:41.593385 4760135104 retrain.py:1100] 2019-10-09 17:37:41.593339: Step 3000: Validation accuracy = 62.0% (N=100)
INFO:tensorflow:2019-10-09 17:37:42.148295: Step 3010: Train accuracy = 97.0%
I1009 17:37:42.148339 4760135104 retrain.py:1082] 2019-10-09 17:37:42.148295: Step 3010: Train accuracy = 97.0%
INFO:tensorflow:2019-10-09 17:37:42.148446: Step 3010: Cross entropy = 0.138871
I1009 17:37:42.148455 4760135104 retrain.py:1084] 2019-10-09 17:37:42.148446: Step 3010: Cross entropy = 0.138871
INFO:tensorflow:2019-10-09 17:37:42.204896: Step 3010: Validation accuracy = 56.0% (N=100)
I1009 17:37:42.204944 4760135104 retrain.py:1100] 2019-10-09 17:37:42.204896: Step 3010: Validation accuracy = 56.0% (N=100)
INFO:tensorflow:2019-10-09 17:37:42.759768: Step 3020: Train accuracy = 98.0%
I1009 17:37:42.759813 4760135104 retrain.py:1082] 2019-10-09 17:37:42.759768: Step 3020: Train accuracy = 98.0%
INFO:tensorflow:2019-10-09 17:37:42.759921: Step 3020: Cross entropy = 0.122677
I1009 17:37:42.759931 4760135104 retrain.py:1084] 2019-10-09 17:37:42.759921: Step 3020: Cross entropy = 0.122677
INFO:tensorflow:2019-10-09 17:37:42.816629: Step 3020: Validation accuracy = 60.0% (N=100)
I1009 17:37:42.816677 4760135104 retrain.py:1100] 2019-10-09 17:37:42.816629: Step 3020: Validation accuracy = 60.0% (N=100)
INFO:tensorflow:2019-10-09 17:37:43.371811: Step 3030: Train accuracy = 96.0%
I1009 17:37:43.371855 4760135104 retrain.py:1082] 2019-10-09 17:37:43.371811: Step 3030: Train accuracy = 96.0%
INFO:tensorflow:2019-10-09 17:37:43.371963: Step 3030: Cross entropy = 0.136777
I1009 17:37:43.371973 4760135104 retrain.py:1084] 2019-10-09 17:37:43.371963: Step 3030: Cross entropy = 0.136777
INFO:tensorflow:2019-10-09 17:37:43.428019: Step 3030: Validation accuracy = 66.0% (N=100)
I1009 17:37:43.428066 4760135104 retrain.py:1100] 2019-10-09 17:37:43.428019: Step 3030: Validation accuracy = 66.0% (N=100)
INFO:tensorflow:2019-10-09 17:37:43.984715: Step 3040: Train accuracy = 100.0%
I1009 17:37:43.984759 4760135104 retrain.py:1082] 2019-10-09 17:37:43.984715: Step 3040: Train accuracy = 100.0%
INFO:tensorflow:2019-10-09 17:37:43.984863: Step 3040: Cross entropy = 0.137725
I1009 17:37:43.984874 4760135104 retrain.py:1084] 2019-10-09 17:37:43.984863: Step 3040: Cross entropy = 0.137725
INFO:tensorflow:2019-10-09 17:37:44.040783: Step 3040: Validation accuracy = 53.0% (N=100)
I1009 17:37:44.040831 4760135104 retrain.py:1100] 2019-10-09 17:37:44.040783: Step 3040: Validation accuracy = 53.0% (N=100)
INFO:tensorflow:2019-10-09 17:37:44.595004: Step 3050: Train accuracy = 98.0%
I1009 17:37:44.595047 4760135104 retrain.py:1082] 2019-10-09 17:37:44.595004: Step 3050: Train accuracy = 98.0%
INFO:tensorflow:2019-10-09 17:37:44.595153: Step 3050: Cross entropy = 0.124902
I1009 17:37:44.595162 4760135104 retrain.py:1084] 2019-10-09 17:37:44.595153: Step 3050: Cross entropy = 0.124902
INFO:tensorflow:2019-10-09 17:37:44.651444: Step 3050: Validation accuracy = 53.0% (N=100)
I1009 17:37:44.651491 4760135104 retrain.py:1100] 2019-10-09 17:37:44.651444: Step 3050: Validation accuracy = 53.0% (N=100)
INFO:tensorflow:2019-10-09 17:37:45.206474: Step 3060: Train accuracy = 98.0%
I1009 17:37:45.206532 4760135104 retrain.py:1082] 2019-10-09 17:37:45.206474: Step 3060: Train accuracy = 98.0%
INFO:tensorflow:2019-10-09 17:37:45.206652: Step 3060: Cross entropy = 0.128898
I1009 17:37:45.206661 4760135104 retrain.py:1084] 2019-10-09 17:37:45.206652: Step 3060: Cross entropy = 0.128898
INFO:tensorflow:2019-10-09 17:37:45.263009: Step 3060: Validation accuracy = 50.0% (N=100)
I1009 17:37:45.263056 4760135104 retrain.py:1100] 2019-10-09 17:37:45.263009: Step 3060: Validation accuracy = 50.0% (N=100)
INFO:tensorflow:2019-10-09 17:37:45.818052: Step 3070: Train accuracy = 98.0%
I1009 17:37:45.818096 4760135104 retrain.py:1082] 2019-10-09 17:37:45.818052: Step 3070: Train accuracy = 98.0%
INFO:tensorflow:2019-10-09 17:37:45.818205: Step 3070: Cross entropy = 0.124528
I1009 17:37:45.818229 4760135104 retrain.py:1084] 2019-10-09 17:37:45.818205: Step 3070: Cross entropy = 0.124528
INFO:tensorflow:2019-10-09 17:37:45.875385: Step 3070: Validation accuracy = 59.0% (N=100)
I1009 17:37:45.875435 4760135104 retrain.py:1100] 2019-10-09 17:37:45.875385: Step 3070: Validation accuracy = 59.0% (N=100)
INFO:tensorflow:2019-10-09 17:37:46.430427: Step 3080: Train accuracy = 98.0%
I1009 17:37:46.430474 4760135104 retrain.py:1082] 2019-10-09 17:37:46.430427: Step 3080: Train accuracy = 98.0%
INFO:tensorflow:2019-10-09 17:37:46.430581: Step 3080: Cross entropy = 0.136908
I1009 17:37:46.430592 4760135104 retrain.py:1084] 2019-10-09 17:37:46.430581: Step 3080: Cross entropy = 0.136908
INFO:tensorflow:2019-10-09 17:37:46.487002: Step 3080: Validation accuracy = 59.0% (N=100)
I1009 17:37:46.487051 4760135104 retrain.py:1100] 2019-10-09 17:37:46.487002: Step 3080: Validation accuracy = 59.0% (N=100)
INFO:tensorflow:2019-10-09 17:37:47.043115: Step 3090: Train accuracy = 99.0%
I1009 17:37:47.043161 4760135104 retrain.py:1082] 2019-10-09 17:37:47.043115: Step 3090: Train accuracy = 99.0%
INFO:tensorflow:2019-10-09 17:37:47.043268: Step 3090: Cross entropy = 0.123457
I1009 17:37:47.043279 4760135104 retrain.py:1084] 2019-10-09 17:37:47.043268: Step 3090: Cross entropy = 0.123457
INFO:tensorflow:2019-10-09 17:37:47.099768: Step 3090: Validation accuracy = 66.0% (N=100)
I1009 17:37:47.099817 4760135104 retrain.py:1100] 2019-10-09 17:37:47.099768: Step 3090: Validation accuracy = 66.0% (N=100)
INFO:tensorflow:2019-10-09 17:37:47.656770: Step 3100: Train accuracy = 94.0%
I1009 17:37:47.656815 4760135104 retrain.py:1082] 2019-10-09 17:37:47.656770: Step 3100: Train accuracy = 94.0%
INFO:tensorflow:2019-10-09 17:37:47.656924: Step 3100: Cross entropy = 0.135647
I1009 17:37:47.656933 4760135104 retrain.py:1084] 2019-10-09 17:37:47.656924: Step 3100: Cross entropy = 0.135647
INFO:tensorflow:2019-10-09 17:37:47.713443: Step 3100: Validation accuracy = 63.0% (N=100)
I1009 17:37:47.713490 4760135104 retrain.py:1100] 2019-10-09 17:37:47.713443: Step 3100: Validation accuracy = 63.0% (N=100)
INFO:tensorflow:2019-10-09 17:37:48.270798: Step 3110: Train accuracy = 100.0%
I1009 17:37:48.270842 4760135104 retrain.py:1082] 2019-10-09 17:37:48.270798: Step 3110: Train accuracy = 100.0%
INFO:tensorflow:2019-10-09 17:37:48.270948: Step 3110: Cross entropy = 0.102567
I1009 17:37:48.270959 4760135104 retrain.py:1084] 2019-10-09 17:37:48.270948: Step 3110: Cross entropy = 0.102567
INFO:tensorflow:2019-10-09 17:37:48.328176: Step 3110: Validation accuracy = 61.0% (N=100)
I1009 17:37:48.328223 4760135104 retrain.py:1100] 2019-10-09 17:37:48.328176: Step 3110: Validation accuracy = 61.0% (N=100)
INFO:tensorflow:2019-10-09 17:37:48.884676: Step 3120: Train accuracy = 99.0%
I1009 17:37:48.884719 4760135104 retrain.py:1082] 2019-10-09 17:37:48.884676: Step 3120: Train accuracy = 99.0%
INFO:tensorflow:2019-10-09 17:37:48.884826: Step 3120: Cross entropy = 0.121733
I1009 17:37:48.884837 4760135104 retrain.py:1084] 2019-10-09 17:37:48.884826: Step 3120: Cross entropy = 0.121733
INFO:tensorflow:2019-10-09 17:37:48.940944: Step 3120: Validation accuracy = 65.0% (N=100)
I1009 17:37:48.940989 4760135104 retrain.py:1100] 2019-10-09 17:37:48.940944: Step 3120: Validation accuracy = 65.0% (N=100)
INFO:tensorflow:2019-10-09 17:37:49.497260: Step 3130: Train accuracy = 99.0%
I1009 17:37:49.497305 4760135104 retrain.py:1082] 2019-10-09 17:37:49.497260: Step 3130: Train accuracy = 99.0%
INFO:tensorflow:2019-10-09 17:37:49.497410: Step 3130: Cross entropy = 0.111832
I1009 17:37:49.497420 4760135104 retrain.py:1084] 2019-10-09 17:37:49.497410: Step 3130: Cross entropy = 0.111832
INFO:tensorflow:2019-10-09 17:37:49.553921: Step 3130: Validation accuracy = 67.0% (N=100)
I1009 17:37:49.553968 4760135104 retrain.py:1100] 2019-10-09 17:37:49.553921: Step 3130: Validation accuracy = 67.0% (N=100)
INFO:tensorflow:2019-10-09 17:37:50.108699: Step 3140: Train accuracy = 100.0%
I1009 17:37:50.108743 4760135104 retrain.py:1082] 2019-10-09 17:37:50.108699: Step 3140: Train accuracy = 100.0%
INFO:tensorflow:2019-10-09 17:37:50.108853: Step 3140: Cross entropy = 0.117983
I1009 17:37:50.108864 4760135104 retrain.py:1084] 2019-10-09 17:37:50.108853: Step 3140: Cross entropy = 0.117983
INFO:tensorflow:2019-10-09 17:37:50.165176: Step 3140: Validation accuracy = 62.0% (N=100)
I1009 17:37:50.165223 4760135104 retrain.py:1100] 2019-10-09 17:37:50.165176: Step 3140: Validation accuracy = 62.0% (N=100)
INFO:tensorflow:2019-10-09 17:37:50.721408: Step 3150: Train accuracy = 98.0%
I1009 17:37:50.721451 4760135104 retrain.py:1082] 2019-10-09 17:37:50.721408: Step 3150: Train accuracy = 98.0%
INFO:tensorflow:2019-10-09 17:37:50.721557: Step 3150: Cross entropy = 0.125383
I1009 17:37:50.721568 4760135104 retrain.py:1084] 2019-10-09 17:37:50.721557: Step 3150: Cross entropy = 0.125383
INFO:tensorflow:2019-10-09 17:37:50.778476: Step 3150: Validation accuracy = 72.0% (N=100)
I1009 17:37:50.778523 4760135104 retrain.py:1100] 2019-10-09 17:37:50.778476: Step 3150: Validation accuracy = 72.0% (N=100)
INFO:tensorflow:2019-10-09 17:37:51.333514: Step 3160: Train accuracy = 97.0%
I1009 17:37:51.333561 4760135104 retrain.py:1082] 2019-10-09 17:37:51.333514: Step 3160: Train accuracy = 97.0%
INFO:tensorflow:2019-10-09 17:37:51.333671: Step 3160: Cross entropy = 0.157495
I1009 17:37:51.333681 4760135104 retrain.py:1084] 2019-10-09 17:37:51.333671: Step 3160: Cross entropy = 0.157495
INFO:tensorflow:2019-10-09 17:37:51.389531: Step 3160: Validation accuracy = 62.0% (N=100)
I1009 17:37:51.389580 4760135104 retrain.py:1100] 2019-10-09 17:37:51.389531: Step 3160: Validation accuracy = 62.0% (N=100)
INFO:tensorflow:2019-10-09 17:37:51.944364: Step 3170: Train accuracy = 99.0%
I1009 17:37:51.944409 4760135104 retrain.py:1082] 2019-10-09 17:37:51.944364: Step 3170: Train accuracy = 99.0%
INFO:tensorflow:2019-10-09 17:37:51.944514: Step 3170: Cross entropy = 0.104802
I1009 17:37:51.944524 4760135104 retrain.py:1084] 2019-10-09 17:37:51.944514: Step 3170: Cross entropy = 0.104802
INFO:tensorflow:2019-10-09 17:37:52.000833: Step 3170: Validation accuracy = 63.0% (N=100)
I1009 17:37:52.000881 4760135104 retrain.py:1100] 2019-10-09 17:37:52.000833: Step 3170: Validation accuracy = 63.0% (N=100)
INFO:tensorflow:2019-10-09 17:37:52.557152: Step 3180: Train accuracy = 98.0%
I1009 17:37:52.557196 4760135104 retrain.py:1082] 2019-10-09 17:37:52.557152: Step 3180: Train accuracy = 98.0%
INFO:tensorflow:2019-10-09 17:37:52.557301: Step 3180: Cross entropy = 0.127482
I1009 17:37:52.557312 4760135104 retrain.py:1084] 2019-10-09 17:37:52.557301: Step 3180: Cross entropy = 0.127482
INFO:tensorflow:2019-10-09 17:37:52.613266: Step 3180: Validation accuracy = 61.0% (N=100)
I1009 17:37:52.613314 4760135104 retrain.py:1100] 2019-10-09 17:37:52.613266: Step 3180: Validation accuracy = 61.0% (N=100)
INFO:tensorflow:2019-10-09 17:37:53.169089: Step 3190: Train accuracy = 100.0%
I1009 17:37:53.169132 4760135104 retrain.py:1082] 2019-10-09 17:37:53.169089: Step 3190: Train accuracy = 100.0%
INFO:tensorflow:2019-10-09 17:37:53.169240: Step 3190: Cross entropy = 0.119981
I1009 17:37:53.169250 4760135104 retrain.py:1084] 2019-10-09 17:37:53.169240: Step 3190: Cross entropy = 0.119981
INFO:tensorflow:2019-10-09 17:37:53.225608: Step 3190: Validation accuracy = 66.0% (N=100)
I1009 17:37:53.225656 4760135104 retrain.py:1100] 2019-10-09 17:37:53.225608: Step 3190: Validation accuracy = 66.0% (N=100)
INFO:tensorflow:2019-10-09 17:37:53.781152: Step 3200: Train accuracy = 98.0%
I1009 17:37:53.781197 4760135104 retrain.py:1082] 2019-10-09 17:37:53.781152: Step 3200: Train accuracy = 98.0%
INFO:tensorflow:2019-10-09 17:37:53.781305: Step 3200: Cross entropy = 0.126460
I1009 17:37:53.781316 4760135104 retrain.py:1084] 2019-10-09 17:37:53.781305: Step 3200: Cross entropy = 0.126460
INFO:tensorflow:2019-10-09 17:37:53.837114: Step 3200: Validation accuracy = 58.0% (N=100)
I1009 17:37:53.837162 4760135104 retrain.py:1100] 2019-10-09 17:37:53.837114: Step 3200: Validation accuracy = 58.0% (N=100)
INFO:tensorflow:2019-10-09 17:37:54.391860: Step 3210: Train accuracy = 99.0%
I1009 17:37:54.391905 4760135104 retrain.py:1082] 2019-10-09 17:37:54.391860: Step 3210: Train accuracy = 99.0%
INFO:tensorflow:2019-10-09 17:37:54.392025: Step 3210: Cross entropy = 0.111521
I1009 17:37:54.392048 4760135104 retrain.py:1084] 2019-10-09 17:37:54.392025: Step 3210: Cross entropy = 0.111521
INFO:tensorflow:2019-10-09 17:37:54.448621: Step 3210: Validation accuracy = 67.0% (N=100)
I1009 17:37:54.448668 4760135104 retrain.py:1100] 2019-10-09 17:37:54.448621: Step 3210: Validation accuracy = 67.0% (N=100)
INFO:tensorflow:2019-10-09 17:37:55.004499: Step 3220: Train accuracy = 100.0%
I1009 17:37:55.004544 4760135104 retrain.py:1082] 2019-10-09 17:37:55.004499: Step 3220: Train accuracy = 100.0%
INFO:tensorflow:2019-10-09 17:37:55.004652: Step 3220: Cross entropy = 0.114285
I1009 17:37:55.004662 4760135104 retrain.py:1084] 2019-10-09 17:37:55.004652: Step 3220: Cross entropy = 0.114285
INFO:tensorflow:2019-10-09 17:37:55.061036: Step 3220: Validation accuracy = 72.0% (N=100)
I1009 17:37:55.061084 4760135104 retrain.py:1100] 2019-10-09 17:37:55.061036: Step 3220: Validation accuracy = 72.0% (N=100)
INFO:tensorflow:2019-10-09 17:37:55.615283: Step 3230: Train accuracy = 98.0%
I1009 17:37:55.615326 4760135104 retrain.py:1082] 2019-10-09 17:37:55.615283: Step 3230: Train accuracy = 98.0%
INFO:tensorflow:2019-10-09 17:37:55.615433: Step 3230: Cross entropy = 0.136671
I1009 17:37:55.615460 4760135104 retrain.py:1084] 2019-10-09 17:37:55.615433: Step 3230: Cross entropy = 0.136671
INFO:tensorflow:2019-10-09 17:37:55.671517: Step 3230: Validation accuracy = 62.0% (N=100)
I1009 17:37:55.671566 4760135104 retrain.py:1100] 2019-10-09 17:37:55.671517: Step 3230: Validation accuracy = 62.0% (N=100)
INFO:tensorflow:2019-10-09 17:37:56.226717: Step 3240: Train accuracy = 99.0%
I1009 17:37:56.226763 4760135104 retrain.py:1082] 2019-10-09 17:37:56.226717: Step 3240: Train accuracy = 99.0%
INFO:tensorflow:2019-10-09 17:37:56.226874: Step 3240: Cross entropy = 0.116237
I1009 17:37:56.226885 4760135104 retrain.py:1084] 2019-10-09 17:37:56.226874: Step 3240: Cross entropy = 0.116237
INFO:tensorflow:2019-10-09 17:37:56.284212: Step 3240: Validation accuracy = 52.0% (N=100)
I1009 17:37:56.284260 4760135104 retrain.py:1100] 2019-10-09 17:37:56.284212: Step 3240: Validation accuracy = 52.0% (N=100)
INFO:tensorflow:2019-10-09 17:37:56.839374: Step 3250: Train accuracy = 99.0%
I1009 17:37:56.839418 4760135104 retrain.py:1082] 2019-10-09 17:37:56.839374: Step 3250: Train accuracy = 99.0%
INFO:tensorflow:2019-10-09 17:37:56.839525: Step 3250: Cross entropy = 0.108873
I1009 17:37:56.839536 4760135104 retrain.py:1084] 2019-10-09 17:37:56.839525: Step 3250: Cross entropy = 0.108873
INFO:tensorflow:2019-10-09 17:37:56.896087: Step 3250: Validation accuracy = 65.0% (N=100)
I1009 17:37:56.896133 4760135104 retrain.py:1100] 2019-10-09 17:37:56.896087: Step 3250: Validation accuracy = 65.0% (N=100)
INFO:tensorflow:2019-10-09 17:37:57.454572: Step 3260: Train accuracy = 98.0%
I1009 17:37:57.454617 4760135104 retrain.py:1082] 2019-10-09 17:37:57.454572: Step 3260: Train accuracy = 98.0%
INFO:tensorflow:2019-10-09 17:37:57.454723: Step 3260: Cross entropy = 0.124226
I1009 17:37:57.454734 4760135104 retrain.py:1084] 2019-10-09 17:37:57.454723: Step 3260: Cross entropy = 0.124226
INFO:tensorflow:2019-10-09 17:37:57.511249: Step 3260: Validation accuracy = 48.0% (N=100)
I1009 17:37:57.511296 4760135104 retrain.py:1100] 2019-10-09 17:37:57.511249: Step 3260: Validation accuracy = 48.0% (N=100)
INFO:tensorflow:2019-10-09 17:37:58.068116: Step 3270: Train accuracy = 98.0%
I1009 17:37:58.068161 4760135104 retrain.py:1082] 2019-10-09 17:37:58.068116: Step 3270: Train accuracy = 98.0%
INFO:tensorflow:2019-10-09 17:37:58.068270: Step 3270: Cross entropy = 0.114536
I1009 17:37:58.068279 4760135104 retrain.py:1084] 2019-10-09 17:37:58.068270: Step 3270: Cross entropy = 0.114536
INFO:tensorflow:2019-10-09 17:37:58.124737: Step 3270: Validation accuracy = 66.0% (N=100)
I1009 17:37:58.124785 4760135104 retrain.py:1100] 2019-10-09 17:37:58.124737: Step 3270: Validation accuracy = 66.0% (N=100)
INFO:tensorflow:2019-10-09 17:37:58.682130: Step 3280: Train accuracy = 100.0%
I1009 17:37:58.682173 4760135104 retrain.py:1082] 2019-10-09 17:37:58.682130: Step 3280: Train accuracy = 100.0%
INFO:tensorflow:2019-10-09 17:37:58.682282: Step 3280: Cross entropy = 0.115902
I1009 17:37:58.682308 4760135104 retrain.py:1084] 2019-10-09 17:37:58.682282: Step 3280: Cross entropy = 0.115902
INFO:tensorflow:2019-10-09 17:37:58.738778: Step 3280: Validation accuracy = 64.0% (N=100)
I1009 17:37:58.738827 4760135104 retrain.py:1100] 2019-10-09 17:37:58.738778: Step 3280: Validation accuracy = 64.0% (N=100)
INFO:tensorflow:2019-10-09 17:37:59.295298: Step 3290: Train accuracy = 99.0%
I1009 17:37:59.295341 4760135104 retrain.py:1082] 2019-10-09 17:37:59.295298: Step 3290: Train accuracy = 99.0%
INFO:tensorflow:2019-10-09 17:37:59.295449: Step 3290: Cross entropy = 0.108448
I1009 17:37:59.295459 4760135104 retrain.py:1084] 2019-10-09 17:37:59.295449: Step 3290: Cross entropy = 0.108448
INFO:tensorflow:2019-10-09 17:37:59.351656: Step 3290: Validation accuracy = 67.0% (N=100)
I1009 17:37:59.351704 4760135104 retrain.py:1100] 2019-10-09 17:37:59.351656: Step 3290: Validation accuracy = 67.0% (N=100)
INFO:tensorflow:2019-10-09 17:37:59.907233: Step 3300: Train accuracy = 99.0%
I1009 17:37:59.907277 4760135104 retrain.py:1082] 2019-10-09 17:37:59.907233: Step 3300: Train accuracy = 99.0%
INFO:tensorflow:2019-10-09 17:37:59.907382: Step 3300: Cross entropy = 0.111868
I1009 17:37:59.907392 4760135104 retrain.py:1084] 2019-10-09 17:37:59.907382: Step 3300: Cross entropy = 0.111868
INFO:tensorflow:2019-10-09 17:37:59.963864: Step 3300: Validation accuracy = 68.0% (N=100)
I1009 17:37:59.963912 4760135104 retrain.py:1100] 2019-10-09 17:37:59.963864: Step 3300: Validation accuracy = 68.0% (N=100)
INFO:tensorflow:2019-10-09 17:38:00.519937: Step 3310: Train accuracy = 98.0%
I1009 17:38:00.519981 4760135104 retrain.py:1082] 2019-10-09 17:38:00.519937: Step 3310: Train accuracy = 98.0%
INFO:tensorflow:2019-10-09 17:38:00.520088: Step 3310: Cross entropy = 0.144431
I1009 17:38:00.520099 4760135104 retrain.py:1084] 2019-10-09 17:38:00.520088: Step 3310: Cross entropy = 0.144431
INFO:tensorflow:2019-10-09 17:38:00.576609: Step 3310: Validation accuracy = 73.0% (N=100)
I1009 17:38:00.576655 4760135104 retrain.py:1100] 2019-10-09 17:38:00.576609: Step 3310: Validation accuracy = 73.0% (N=100)
INFO:tensorflow:2019-10-09 17:38:01.133154: Step 3320: Train accuracy = 98.0%
I1009 17:38:01.133203 4760135104 retrain.py:1082] 2019-10-09 17:38:01.133154: Step 3320: Train accuracy = 98.0%
INFO:tensorflow:2019-10-09 17:38:01.133320: Step 3320: Cross entropy = 0.135853
I1009 17:38:01.133332 4760135104 retrain.py:1084] 2019-10-09 17:38:01.133320: Step 3320: Cross entropy = 0.135853
INFO:tensorflow:2019-10-09 17:38:01.189603: Step 3320: Validation accuracy = 68.0% (N=100)
I1009 17:38:01.189649 4760135104 retrain.py:1100] 2019-10-09 17:38:01.189603: Step 3320: Validation accuracy = 68.0% (N=100)
INFO:tensorflow:2019-10-09 17:38:01.746164: Step 3330: Train accuracy = 98.0%
I1009 17:38:01.746208 4760135104 retrain.py:1082] 2019-10-09 17:38:01.746164: Step 3330: Train accuracy = 98.0%
INFO:tensorflow:2019-10-09 17:38:01.746317: Step 3330: Cross entropy = 0.125358
I1009 17:38:01.746328 4760135104 retrain.py:1084] 2019-10-09 17:38:01.746317: Step 3330: Cross entropy = 0.125358
INFO:tensorflow:2019-10-09 17:38:01.802916: Step 3330: Validation accuracy = 58.0% (N=100)
I1009 17:38:01.802963 4760135104 retrain.py:1100] 2019-10-09 17:38:01.802916: Step 3330: Validation accuracy = 58.0% (N=100)
INFO:tensorflow:2019-10-09 17:38:02.360477: Step 3340: Train accuracy = 98.0%
I1009 17:38:02.360522 4760135104 retrain.py:1082] 2019-10-09 17:38:02.360477: Step 3340: Train accuracy = 98.0%
INFO:tensorflow:2019-10-09 17:38:02.360630: Step 3340: Cross entropy = 0.117808
I1009 17:38:02.360640 4760135104 retrain.py:1084] 2019-10-09 17:38:02.360630: Step 3340: Cross entropy = 0.117808
INFO:tensorflow:2019-10-09 17:38:02.417068: Step 3340: Validation accuracy = 69.0% (N=100)
I1009 17:38:02.417115 4760135104 retrain.py:1100] 2019-10-09 17:38:02.417068: Step 3340: Validation accuracy = 69.0% (N=100)
INFO:tensorflow:2019-10-09 17:38:02.972739: Step 3350: Train accuracy = 97.0%
I1009 17:38:02.972783 4760135104 retrain.py:1082] 2019-10-09 17:38:02.972739: Step 3350: Train accuracy = 97.0%
INFO:tensorflow:2019-10-09 17:38:02.972889: Step 3350: Cross entropy = 0.128183
I1009 17:38:02.972900 4760135104 retrain.py:1084] 2019-10-09 17:38:02.972889: Step 3350: Cross entropy = 0.128183
INFO:tensorflow:2019-10-09 17:38:03.029461: Step 3350: Validation accuracy = 62.0% (N=100)
I1009 17:38:03.029508 4760135104 retrain.py:1100] 2019-10-09 17:38:03.029461: Step 3350: Validation accuracy = 62.0% (N=100)
INFO:tensorflow:2019-10-09 17:38:03.586062: Step 3360: Train accuracy = 100.0%
I1009 17:38:03.586106 4760135104 retrain.py:1082] 2019-10-09 17:38:03.586062: Step 3360: Train accuracy = 100.0%
INFO:tensorflow:2019-10-09 17:38:03.586213: Step 3360: Cross entropy = 0.102741
I1009 17:38:03.586224 4760135104 retrain.py:1084] 2019-10-09 17:38:03.586213: Step 3360: Cross entropy = 0.102741
INFO:tensorflow:2019-10-09 17:38:03.642826: Step 3360: Validation accuracy = 57.0% (N=100)
I1009 17:38:03.642873 4760135104 retrain.py:1100] 2019-10-09 17:38:03.642826: Step 3360: Validation accuracy = 57.0% (N=100)
INFO:tensorflow:2019-10-09 17:38:04.200594: Step 3370: Train accuracy = 96.0%
I1009 17:38:04.200639 4760135104 retrain.py:1082] 2019-10-09 17:38:04.200594: Step 3370: Train accuracy = 96.0%
INFO:tensorflow:2019-10-09 17:38:04.200745: Step 3370: Cross entropy = 0.151846
I1009 17:38:04.200756 4760135104 retrain.py:1084] 2019-10-09 17:38:04.200745: Step 3370: Cross entropy = 0.151846
INFO:tensorflow:2019-10-09 17:38:04.257033: Step 3370: Validation accuracy = 67.0% (N=100)
I1009 17:38:04.257081 4760135104 retrain.py:1100] 2019-10-09 17:38:04.257033: Step 3370: Validation accuracy = 67.0% (N=100)
INFO:tensorflow:2019-10-09 17:38:04.813032: Step 3380: Train accuracy = 99.0%
I1009 17:38:04.813077 4760135104 retrain.py:1082] 2019-10-09 17:38:04.813032: Step 3380: Train accuracy = 99.0%
INFO:tensorflow:2019-10-09 17:38:04.813184: Step 3380: Cross entropy = 0.112195
I1009 17:38:04.813194 4760135104 retrain.py:1084] 2019-10-09 17:38:04.813184: Step 3380: Cross entropy = 0.112195
INFO:tensorflow:2019-10-09 17:38:04.869654: Step 3380: Validation accuracy = 59.0% (N=100)
I1009 17:38:04.869700 4760135104 retrain.py:1100] 2019-10-09 17:38:04.869654: Step 3380: Validation accuracy = 59.0% (N=100)
INFO:tensorflow:2019-10-09 17:38:05.425858: Step 3390: Train accuracy = 99.0%
I1009 17:38:05.425903 4760135104 retrain.py:1082] 2019-10-09 17:38:05.425858: Step 3390: Train accuracy = 99.0%
INFO:tensorflow:2019-10-09 17:38:05.426010: Step 3390: Cross entropy = 0.089471
I1009 17:38:05.426021 4760135104 retrain.py:1084] 2019-10-09 17:38:05.426010: Step 3390: Cross entropy = 0.089471
INFO:tensorflow:2019-10-09 17:38:05.482558: Step 3390: Validation accuracy = 53.0% (N=100)
I1009 17:38:05.482606 4760135104 retrain.py:1100] 2019-10-09 17:38:05.482558: Step 3390: Validation accuracy = 53.0% (N=100)
INFO:tensorflow:2019-10-09 17:38:06.038367: Step 3400: Train accuracy = 98.0%
I1009 17:38:06.038412 4760135104 retrain.py:1082] 2019-10-09 17:38:06.038367: Step 3400: Train accuracy = 98.0%
INFO:tensorflow:2019-10-09 17:38:06.038517: Step 3400: Cross entropy = 0.125205
I1009 17:38:06.038527 4760135104 retrain.py:1084] 2019-10-09 17:38:06.038517: Step 3400: Cross entropy = 0.125205
INFO:tensorflow:2019-10-09 17:38:06.094774: Step 3400: Validation accuracy = 51.0% (N=100)
I1009 17:38:06.094822 4760135104 retrain.py:1100] 2019-10-09 17:38:06.094774: Step 3400: Validation accuracy = 51.0% (N=100)
INFO:tensorflow:2019-10-09 17:38:06.650010: Step 3410: Train accuracy = 99.0%
I1009 17:38:06.650054 4760135104 retrain.py:1082] 2019-10-09 17:38:06.650010: Step 3410: Train accuracy = 99.0%
INFO:tensorflow:2019-10-09 17:38:06.650161: Step 3410: Cross entropy = 0.101849
I1009 17:38:06.650172 4760135104 retrain.py:1084] 2019-10-09 17:38:06.650161: Step 3410: Cross entropy = 0.101849
INFO:tensorflow:2019-10-09 17:38:06.706350: Step 3410: Validation accuracy = 65.0% (N=100)
I1009 17:38:06.706394 4760135104 retrain.py:1100] 2019-10-09 17:38:06.706350: Step 3410: Validation accuracy = 65.0% (N=100)
INFO:tensorflow:2019-10-09 17:38:07.263429: Step 3420: Train accuracy = 100.0%
I1009 17:38:07.263472 4760135104 retrain.py:1082] 2019-10-09 17:38:07.263429: Step 3420: Train accuracy = 100.0%
INFO:tensorflow:2019-10-09 17:38:07.263579: Step 3420: Cross entropy = 0.123929
I1009 17:38:07.263589 4760135104 retrain.py:1084] 2019-10-09 17:38:07.263579: Step 3420: Cross entropy = 0.123929
INFO:tensorflow:2019-10-09 17:38:07.319951: Step 3420: Validation accuracy = 68.0% (N=100)
I1009 17:38:07.319998 4760135104 retrain.py:1100] 2019-10-09 17:38:07.319951: Step 3420: Validation accuracy = 68.0% (N=100)
INFO:tensorflow:2019-10-09 17:38:07.876879: Step 3430: Train accuracy = 100.0%
I1009 17:38:07.876922 4760135104 retrain.py:1082] 2019-10-09 17:38:07.876879: Step 3430: Train accuracy = 100.0%
INFO:tensorflow:2019-10-09 17:38:07.877046: Step 3430: Cross entropy = 0.078195
I1009 17:38:07.877057 4760135104 retrain.py:1084] 2019-10-09 17:38:07.877046: Step 3430: Cross entropy = 0.078195
INFO:tensorflow:2019-10-09 17:38:07.933902: Step 3430: Validation accuracy = 69.0% (N=100)
I1009 17:38:07.933948 4760135104 retrain.py:1100] 2019-10-09 17:38:07.933902: Step 3430: Validation accuracy = 69.0% (N=100)
INFO:tensorflow:2019-10-09 17:38:08.491111: Step 3440: Train accuracy = 99.0%
I1009 17:38:08.491155 4760135104 retrain.py:1082] 2019-10-09 17:38:08.491111: Step 3440: Train accuracy = 99.0%
INFO:tensorflow:2019-10-09 17:38:08.491267: Step 3440: Cross entropy = 0.117296
I1009 17:38:08.491279 4760135104 retrain.py:1084] 2019-10-09 17:38:08.491267: Step 3440: Cross entropy = 0.117296
INFO:tensorflow:2019-10-09 17:38:08.547749: Step 3440: Validation accuracy = 67.0% (N=100)
I1009 17:38:08.547796 4760135104 retrain.py:1100] 2019-10-09 17:38:08.547749: Step 3440: Validation accuracy = 67.0% (N=100)
INFO:tensorflow:2019-10-09 17:38:09.105999: Step 3450: Train accuracy = 100.0%
I1009 17:38:09.106045 4760135104 retrain.py:1082] 2019-10-09 17:38:09.105999: Step 3450: Train accuracy = 100.0%
INFO:tensorflow:2019-10-09 17:38:09.106154: Step 3450: Cross entropy = 0.102853
I1009 17:38:09.106164 4760135104 retrain.py:1084] 2019-10-09 17:38:09.106154: Step 3450: Cross entropy = 0.102853
INFO:tensorflow:2019-10-09 17:38:09.162423: Step 3450: Validation accuracy = 69.0% (N=100)
I1009 17:38:09.162468 4760135104 retrain.py:1100] 2019-10-09 17:38:09.162423: Step 3450: Validation accuracy = 69.0% (N=100)
INFO:tensorflow:2019-10-09 17:38:09.718198: Step 3460: Train accuracy = 98.0%
I1009 17:38:09.718241 4760135104 retrain.py:1082] 2019-10-09 17:38:09.718198: Step 3460: Train accuracy = 98.0%
INFO:tensorflow:2019-10-09 17:38:09.718351: Step 3460: Cross entropy = 0.114242
I1009 17:38:09.718361 4760135104 retrain.py:1084] 2019-10-09 17:38:09.718351: Step 3460: Cross entropy = 0.114242
INFO:tensorflow:2019-10-09 17:38:09.774703: Step 3460: Validation accuracy = 68.0% (N=100)
I1009 17:38:09.774753 4760135104 retrain.py:1100] 2019-10-09 17:38:09.774703: Step 3460: Validation accuracy = 68.0% (N=100)
INFO:tensorflow:2019-10-09 17:38:10.333413: Step 3470: Train accuracy = 98.0%
I1009 17:38:10.333457 4760135104 retrain.py:1082] 2019-10-09 17:38:10.333413: Step 3470: Train accuracy = 98.0%
INFO:tensorflow:2019-10-09 17:38:10.333563: Step 3470: Cross entropy = 0.121198
I1009 17:38:10.333575 4760135104 retrain.py:1084] 2019-10-09 17:38:10.333563: Step 3470: Cross entropy = 0.121198
INFO:tensorflow:2019-10-09 17:38:10.389325: Step 3470: Validation accuracy = 63.0% (N=100)
I1009 17:38:10.389371 4760135104 retrain.py:1100] 2019-10-09 17:38:10.389325: Step 3470: Validation accuracy = 63.0% (N=100)
INFO:tensorflow:2019-10-09 17:38:10.945313: Step 3480: Train accuracy = 100.0%
I1009 17:38:10.945358 4760135104 retrain.py:1082] 2019-10-09 17:38:10.945313: Step 3480: Train accuracy = 100.0%
INFO:tensorflow:2019-10-09 17:38:10.945464: Step 3480: Cross entropy = 0.093596
I1009 17:38:10.945475 4760135104 retrain.py:1084] 2019-10-09 17:38:10.945464: Step 3480: Cross entropy = 0.093596
INFO:tensorflow:2019-10-09 17:38:11.002091: Step 3480: Validation accuracy = 59.0% (N=100)
I1009 17:38:11.002139 4760135104 retrain.py:1100] 2019-10-09 17:38:11.002091: Step 3480: Validation accuracy = 59.0% (N=100)
INFO:tensorflow:2019-10-09 17:38:11.562021: Step 3490: Train accuracy = 99.0%
I1009 17:38:11.562065 4760135104 retrain.py:1082] 2019-10-09 17:38:11.562021: Step 3490: Train accuracy = 99.0%
INFO:tensorflow:2019-10-09 17:38:11.562172: Step 3490: Cross entropy = 0.132016
I1009 17:38:11.562181 4760135104 retrain.py:1084] 2019-10-09 17:38:11.562172: Step 3490: Cross entropy = 0.132016
INFO:tensorflow:2019-10-09 17:38:11.619616: Step 3490: Validation accuracy = 53.0% (N=100)
I1009 17:38:11.619663 4760135104 retrain.py:1100] 2019-10-09 17:38:11.619616: Step 3490: Validation accuracy = 53.0% (N=100)
INFO:tensorflow:2019-10-09 17:38:12.184607: Step 3500: Train accuracy = 99.0%
I1009 17:38:12.184650 4760135104 retrain.py:1082] 2019-10-09 17:38:12.184607: Step 3500: Train accuracy = 99.0%
INFO:tensorflow:2019-10-09 17:38:12.184757: Step 3500: Cross entropy = 0.108823
I1009 17:38:12.184767 4760135104 retrain.py:1084] 2019-10-09 17:38:12.184757: Step 3500: Cross entropy = 0.108823
INFO:tensorflow:2019-10-09 17:38:12.241107: Step 3500: Validation accuracy = 65.0% (N=100)
I1009 17:38:12.241157 4760135104 retrain.py:1100] 2019-10-09 17:38:12.241107: Step 3500: Validation accuracy = 65.0% (N=100)
INFO:tensorflow:2019-10-09 17:38:12.801922: Step 3510: Train accuracy = 99.0%
I1009 17:38:12.801978 4760135104 retrain.py:1082] 2019-10-09 17:38:12.801922: Step 3510: Train accuracy = 99.0%
INFO:tensorflow:2019-10-09 17:38:12.802100: Step 3510: Cross entropy = 0.125389
I1009 17:38:12.802110 4760135104 retrain.py:1084] 2019-10-09 17:38:12.802100: Step 3510: Cross entropy = 0.125389
INFO:tensorflow:2019-10-09 17:38:12.862262: Step 3510: Validation accuracy = 64.0% (N=100)
I1009 17:38:12.862306 4760135104 retrain.py:1100] 2019-10-09 17:38:12.862262: Step 3510: Validation accuracy = 64.0% (N=100)
INFO:tensorflow:2019-10-09 17:38:13.424472: Step 3520: Train accuracy = 98.0%
I1009 17:38:13.424517 4760135104 retrain.py:1082] 2019-10-09 17:38:13.424472: Step 3520: Train accuracy = 98.0%
INFO:tensorflow:2019-10-09 17:38:13.424626: Step 3520: Cross entropy = 0.136137
I1009 17:38:13.424638 4760135104 retrain.py:1084] 2019-10-09 17:38:13.424626: Step 3520: Cross entropy = 0.136137
INFO:tensorflow:2019-10-09 17:38:13.481379: Step 3520: Validation accuracy = 68.0% (N=100)
I1009 17:38:13.481426 4760135104 retrain.py:1100] 2019-10-09 17:38:13.481379: Step 3520: Validation accuracy = 68.0% (N=100)
INFO:tensorflow:2019-10-09 17:38:14.043067: Step 3530: Train accuracy = 100.0%
I1009 17:38:14.043112 4760135104 retrain.py:1082] 2019-10-09 17:38:14.043067: Step 3530: Train accuracy = 100.0%
INFO:tensorflow:2019-10-09 17:38:14.043223: Step 3530: Cross entropy = 0.099599
I1009 17:38:14.043234 4760135104 retrain.py:1084] 2019-10-09 17:38:14.043223: Step 3530: Cross entropy = 0.099599
INFO:tensorflow:2019-10-09 17:38:14.099643: Step 3530: Validation accuracy = 65.0% (N=100)
I1009 17:38:14.099686 4760135104 retrain.py:1100] 2019-10-09 17:38:14.099643: Step 3530: Validation accuracy = 65.0% (N=100)
INFO:tensorflow:2019-10-09 17:38:14.659131: Step 3540: Train accuracy = 98.0%
I1009 17:38:14.659175 4760135104 retrain.py:1082] 2019-10-09 17:38:14.659131: Step 3540: Train accuracy = 98.0%
INFO:tensorflow:2019-10-09 17:38:14.659283: Step 3540: Cross entropy = 0.114668
I1009 17:38:14.659292 4760135104 retrain.py:1084] 2019-10-09 17:38:14.659283: Step 3540: Cross entropy = 0.114668
INFO:tensorflow:2019-10-09 17:38:14.716611: Step 3540: Validation accuracy = 53.0% (N=100)
I1009 17:38:14.716656 4760135104 retrain.py:1100] 2019-10-09 17:38:14.716611: Step 3540: Validation accuracy = 53.0% (N=100)
INFO:tensorflow:2019-10-09 17:38:15.277675: Step 3550: Train accuracy = 100.0%
I1009 17:38:15.277719 4760135104 retrain.py:1082] 2019-10-09 17:38:15.277675: Step 3550: Train accuracy = 100.0%
INFO:tensorflow:2019-10-09 17:38:15.277826: Step 3550: Cross entropy = 0.099950
I1009 17:38:15.277837 4760135104 retrain.py:1084] 2019-10-09 17:38:15.277826: Step 3550: Cross entropy = 0.099950
INFO:tensorflow:2019-10-09 17:38:15.334347: Step 3550: Validation accuracy = 62.0% (N=100)
I1009 17:38:15.334394 4760135104 retrain.py:1100] 2019-10-09 17:38:15.334347: Step 3550: Validation accuracy = 62.0% (N=100)
INFO:tensorflow:2019-10-09 17:38:15.897261: Step 3560: Train accuracy = 100.0%
I1009 17:38:15.897306 4760135104 retrain.py:1082] 2019-10-09 17:38:15.897261: Step 3560: Train accuracy = 100.0%
INFO:tensorflow:2019-10-09 17:38:15.897416: Step 3560: Cross entropy = 0.109794
I1009 17:38:15.897426 4760135104 retrain.py:1084] 2019-10-09 17:38:15.897416: Step 3560: Cross entropy = 0.109794
INFO:tensorflow:2019-10-09 17:38:15.953631: Step 3560: Validation accuracy = 66.0% (N=100)
I1009 17:38:15.953679 4760135104 retrain.py:1100] 2019-10-09 17:38:15.953631: Step 3560: Validation accuracy = 66.0% (N=100)
INFO:tensorflow:2019-10-09 17:38:16.520531: Step 3570: Train accuracy = 100.0%
I1009 17:38:16.520575 4760135104 retrain.py:1082] 2019-10-09 17:38:16.520531: Step 3570: Train accuracy = 100.0%
INFO:tensorflow:2019-10-09 17:38:16.520682: Step 3570: Cross entropy = 0.105239
I1009 17:38:16.520696 4760135104 retrain.py:1084] 2019-10-09 17:38:16.520682: Step 3570: Cross entropy = 0.105239
INFO:tensorflow:2019-10-09 17:38:16.578287: Step 3570: Validation accuracy = 69.0% (N=100)
I1009 17:38:16.578331 4760135104 retrain.py:1100] 2019-10-09 17:38:16.578287: Step 3570: Validation accuracy = 69.0% (N=100)
INFO:tensorflow:2019-10-09 17:38:17.135294: Step 3580: Train accuracy = 99.0%
I1009 17:38:17.135339 4760135104 retrain.py:1082] 2019-10-09 17:38:17.135294: Step 3580: Train accuracy = 99.0%
INFO:tensorflow:2019-10-09 17:38:17.135446: Step 3580: Cross entropy = 0.107628
I1009 17:38:17.135457 4760135104 retrain.py:1084] 2019-10-09 17:38:17.135446: Step 3580: Cross entropy = 0.107628
INFO:tensorflow:2019-10-09 17:38:17.191869: Step 3580: Validation accuracy = 65.0% (N=100)
I1009 17:38:17.191918 4760135104 retrain.py:1100] 2019-10-09 17:38:17.191869: Step 3580: Validation accuracy = 65.0% (N=100)
INFO:tensorflow:2019-10-09 17:38:17.748784: Step 3590: Train accuracy = 100.0%
I1009 17:38:17.748828 4760135104 retrain.py:1082] 2019-10-09 17:38:17.748784: Step 3590: Train accuracy = 100.0%
INFO:tensorflow:2019-10-09 17:38:17.748935: Step 3590: Cross entropy = 0.101661
I1009 17:38:17.748944 4760135104 retrain.py:1084] 2019-10-09 17:38:17.748935: Step 3590: Cross entropy = 0.101661
INFO:tensorflow:2019-10-09 17:38:17.805426: Step 3590: Validation accuracy = 60.0% (N=100)
I1009 17:38:17.805476 4760135104 retrain.py:1100] 2019-10-09 17:38:17.805426: Step 3590: Validation accuracy = 60.0% (N=100)
INFO:tensorflow:2019-10-09 17:38:18.364307: Step 3600: Train accuracy = 99.0%
I1009 17:38:18.364357 4760135104 retrain.py:1082] 2019-10-09 17:38:18.364307: Step 3600: Train accuracy = 99.0%
INFO:tensorflow:2019-10-09 17:38:18.364467: Step 3600: Cross entropy = 0.117856
I1009 17:38:18.364479 4760135104 retrain.py:1084] 2019-10-09 17:38:18.364467: Step 3600: Cross entropy = 0.117856
INFO:tensorflow:2019-10-09 17:38:18.421012: Step 3600: Validation accuracy = 59.0% (N=100)
I1009 17:38:18.421059 4760135104 retrain.py:1100] 2019-10-09 17:38:18.421012: Step 3600: Validation accuracy = 59.0% (N=100)
INFO:tensorflow:2019-10-09 17:38:18.976886: Step 3610: Train accuracy = 99.0%
I1009 17:38:18.976931 4760135104 retrain.py:1082] 2019-10-09 17:38:18.976886: Step 3610: Train accuracy = 99.0%
INFO:tensorflow:2019-10-09 17:38:18.977038: Step 3610: Cross entropy = 0.119365
I1009 17:38:18.977049 4760135104 retrain.py:1084] 2019-10-09 17:38:18.977038: Step 3610: Cross entropy = 0.119365
INFO:tensorflow:2019-10-09 17:38:19.033545: Step 3610: Validation accuracy = 66.0% (N=100)
I1009 17:38:19.033591 4760135104 retrain.py:1100] 2019-10-09 17:38:19.033545: Step 3610: Validation accuracy = 66.0% (N=100)
INFO:tensorflow:2019-10-09 17:38:19.591376: Step 3620: Train accuracy = 98.0%
I1009 17:38:19.591420 4760135104 retrain.py:1082] 2019-10-09 17:38:19.591376: Step 3620: Train accuracy = 98.0%
INFO:tensorflow:2019-10-09 17:38:19.591527: Step 3620: Cross entropy = 0.120162
I1009 17:38:19.591537 4760135104 retrain.py:1084] 2019-10-09 17:38:19.591527: Step 3620: Cross entropy = 0.120162
INFO:tensorflow:2019-10-09 17:38:19.647636: Step 3620: Validation accuracy = 61.0% (N=100)
I1009 17:38:19.647685 4760135104 retrain.py:1100] 2019-10-09 17:38:19.647636: Step 3620: Validation accuracy = 61.0% (N=100)
INFO:tensorflow:2019-10-09 17:38:20.205168: Step 3630: Train accuracy = 98.0%
I1009 17:38:20.205214 4760135104 retrain.py:1082] 2019-10-09 17:38:20.205168: Step 3630: Train accuracy = 98.0%
INFO:tensorflow:2019-10-09 17:38:20.205353: Step 3630: Cross entropy = 0.117468
I1009 17:38:20.205370 4760135104 retrain.py:1084] 2019-10-09 17:38:20.205353: Step 3630: Cross entropy = 0.117468
INFO:tensorflow:2019-10-09 17:38:20.262009: Step 3630: Validation accuracy = 66.0% (N=100)
I1009 17:38:20.262057 4760135104 retrain.py:1100] 2019-10-09 17:38:20.262009: Step 3630: Validation accuracy = 66.0% (N=100)
INFO:tensorflow:2019-10-09 17:38:20.819732: Step 3640: Train accuracy = 99.0%
I1009 17:38:20.819776 4760135104 retrain.py:1082] 2019-10-09 17:38:20.819732: Step 3640: Train accuracy = 99.0%
INFO:tensorflow:2019-10-09 17:38:20.819884: Step 3640: Cross entropy = 0.098019
I1009 17:38:20.819916 4760135104 retrain.py:1084] 2019-10-09 17:38:20.819884: Step 3640: Cross entropy = 0.098019
INFO:tensorflow:2019-10-09 17:38:20.877133: Step 3640: Validation accuracy = 64.0% (N=100)
I1009 17:38:20.877182 4760135104 retrain.py:1100] 2019-10-09 17:38:20.877133: Step 3640: Validation accuracy = 64.0% (N=100)
INFO:tensorflow:2019-10-09 17:38:21.435632: Step 3650: Train accuracy = 98.0%
I1009 17:38:21.435675 4760135104 retrain.py:1082] 2019-10-09 17:38:21.435632: Step 3650: Train accuracy = 98.0%
INFO:tensorflow:2019-10-09 17:38:21.435783: Step 3650: Cross entropy = 0.102999
I1009 17:38:21.435792 4760135104 retrain.py:1084] 2019-10-09 17:38:21.435783: Step 3650: Cross entropy = 0.102999
INFO:tensorflow:2019-10-09 17:38:21.492086: Step 3650: Validation accuracy = 63.0% (N=100)
I1009 17:38:21.492133 4760135104 retrain.py:1100] 2019-10-09 17:38:21.492086: Step 3650: Validation accuracy = 63.0% (N=100)
INFO:tensorflow:2019-10-09 17:38:22.048867: Step 3660: Train accuracy = 95.0%
I1009 17:38:22.048911 4760135104 retrain.py:1082] 2019-10-09 17:38:22.048867: Step 3660: Train accuracy = 95.0%
INFO:tensorflow:2019-10-09 17:38:22.049017: Step 3660: Cross entropy = 0.140587
I1009 17:38:22.049062 4760135104 retrain.py:1084] 2019-10-09 17:38:22.049017: Step 3660: Cross entropy = 0.140587
INFO:tensorflow:2019-10-09 17:38:22.105205: Step 3660: Validation accuracy = 65.0% (N=100)
I1009 17:38:22.105253 4760135104 retrain.py:1100] 2019-10-09 17:38:22.105205: Step 3660: Validation accuracy = 65.0% (N=100)
INFO:tensorflow:2019-10-09 17:38:22.661094: Step 3670: Train accuracy = 99.0%
I1009 17:38:22.661139 4760135104 retrain.py:1082] 2019-10-09 17:38:22.661094: Step 3670: Train accuracy = 99.0%
INFO:tensorflow:2019-10-09 17:38:22.661269: Step 3670: Cross entropy = 0.101283
I1009 17:38:22.661282 4760135104 retrain.py:1084] 2019-10-09 17:38:22.661269: Step 3670: Cross entropy = 0.101283
INFO:tensorflow:2019-10-09 17:38:22.717440: Step 3670: Validation accuracy = 59.0% (N=100)
I1009 17:38:22.717489 4760135104 retrain.py:1100] 2019-10-09 17:38:22.717440: Step 3670: Validation accuracy = 59.0% (N=100)
INFO:tensorflow:2019-10-09 17:38:23.274136: Step 3680: Train accuracy = 100.0%
I1009 17:38:23.274181 4760135104 retrain.py:1082] 2019-10-09 17:38:23.274136: Step 3680: Train accuracy = 100.0%
INFO:tensorflow:2019-10-09 17:38:23.274290: Step 3680: Cross entropy = 0.086925
I1009 17:38:23.274300 4760135104 retrain.py:1084] 2019-10-09 17:38:23.274290: Step 3680: Cross entropy = 0.086925
INFO:tensorflow:2019-10-09 17:38:23.331108: Step 3680: Validation accuracy = 64.0% (N=100)
I1009 17:38:23.331156 4760135104 retrain.py:1100] 2019-10-09 17:38:23.331108: Step 3680: Validation accuracy = 64.0% (N=100)
INFO:tensorflow:2019-10-09 17:38:23.888554: Step 3690: Train accuracy = 100.0%
I1009 17:38:23.888599 4760135104 retrain.py:1082] 2019-10-09 17:38:23.888554: Step 3690: Train accuracy = 100.0%
INFO:tensorflow:2019-10-09 17:38:23.888707: Step 3690: Cross entropy = 0.109283
I1009 17:38:23.888718 4760135104 retrain.py:1084] 2019-10-09 17:38:23.888707: Step 3690: Cross entropy = 0.109283
INFO:tensorflow:2019-10-09 17:38:23.945146: Step 3690: Validation accuracy = 50.0% (N=100)
I1009 17:38:23.945194 4760135104 retrain.py:1100] 2019-10-09 17:38:23.945146: Step 3690: Validation accuracy = 50.0% (N=100)
INFO:tensorflow:2019-10-09 17:38:24.501871: Step 3700: Train accuracy = 98.0%
I1009 17:38:24.501917 4760135104 retrain.py:1082] 2019-10-09 17:38:24.501871: Step 3700: Train accuracy = 98.0%
INFO:tensorflow:2019-10-09 17:38:24.502025: Step 3700: Cross entropy = 0.114283
I1009 17:38:24.502035 4760135104 retrain.py:1084] 2019-10-09 17:38:24.502025: Step 3700: Cross entropy = 0.114283
INFO:tensorflow:2019-10-09 17:38:24.558278: Step 3700: Validation accuracy = 67.0% (N=100)
I1009 17:38:24.558328 4760135104 retrain.py:1100] 2019-10-09 17:38:24.558278: Step 3700: Validation accuracy = 67.0% (N=100)
INFO:tensorflow:2019-10-09 17:38:25.113981: Step 3710: Train accuracy = 99.0%
I1009 17:38:25.114024 4760135104 retrain.py:1082] 2019-10-09 17:38:25.113981: Step 3710: Train accuracy = 99.0%
INFO:tensorflow:2019-10-09 17:38:25.114131: Step 3710: Cross entropy = 0.100874
I1009 17:38:25.114142 4760135104 retrain.py:1084] 2019-10-09 17:38:25.114131: Step 3710: Cross entropy = 0.100874
INFO:tensorflow:2019-10-09 17:38:25.169849: Step 3710: Validation accuracy = 65.0% (N=100)
I1009 17:38:25.169896 4760135104 retrain.py:1100] 2019-10-09 17:38:25.169849: Step 3710: Validation accuracy = 65.0% (N=100)
INFO:tensorflow:2019-10-09 17:38:25.726091: Step 3720: Train accuracy = 99.0%
I1009 17:38:25.726137 4760135104 retrain.py:1082] 2019-10-09 17:38:25.726091: Step 3720: Train accuracy = 99.0%
INFO:tensorflow:2019-10-09 17:38:25.726244: Step 3720: Cross entropy = 0.111736
I1009 17:38:25.726255 4760135104 retrain.py:1084] 2019-10-09 17:38:25.726244: Step 3720: Cross entropy = 0.111736
INFO:tensorflow:2019-10-09 17:38:25.782498: Step 3720: Validation accuracy = 63.0% (N=100)
I1009 17:38:25.782546 4760135104 retrain.py:1100] 2019-10-09 17:38:25.782498: Step 3720: Validation accuracy = 63.0% (N=100)
INFO:tensorflow:2019-10-09 17:38:26.339227: Step 3730: Train accuracy = 98.0%
I1009 17:38:26.339270 4760135104 retrain.py:1082] 2019-10-09 17:38:26.339227: Step 3730: Train accuracy = 98.0%
INFO:tensorflow:2019-10-09 17:38:26.339378: Step 3730: Cross entropy = 0.120082
I1009 17:38:26.339388 4760135104 retrain.py:1084] 2019-10-09 17:38:26.339378: Step 3730: Cross entropy = 0.120082
INFO:tensorflow:2019-10-09 17:38:26.395939: Step 3730: Validation accuracy = 57.0% (N=100)
I1009 17:38:26.395987 4760135104 retrain.py:1100] 2019-10-09 17:38:26.395939: Step 3730: Validation accuracy = 57.0% (N=100)
INFO:tensorflow:2019-10-09 17:38:26.953961: Step 3740: Train accuracy = 99.0%
I1009 17:38:26.954005 4760135104 retrain.py:1082] 2019-10-09 17:38:26.953961: Step 3740: Train accuracy = 99.0%
INFO:tensorflow:2019-10-09 17:38:26.954115: Step 3740: Cross entropy = 0.108597
I1009 17:38:26.954127 4760135104 retrain.py:1084] 2019-10-09 17:38:26.954115: Step 3740: Cross entropy = 0.108597
INFO:tensorflow:2019-10-09 17:38:27.009950: Step 3740: Validation accuracy = 65.0% (N=100)
I1009 17:38:27.009998 4760135104 retrain.py:1100] 2019-10-09 17:38:27.009950: Step 3740: Validation accuracy = 65.0% (N=100)
INFO:tensorflow:2019-10-09 17:38:27.567088: Step 3750: Train accuracy = 99.0%
I1009 17:38:27.567132 4760135104 retrain.py:1082] 2019-10-09 17:38:27.567088: Step 3750: Train accuracy = 99.0%
INFO:tensorflow:2019-10-09 17:38:27.567239: Step 3750: Cross entropy = 0.093944
I1009 17:38:27.567248 4760135104 retrain.py:1084] 2019-10-09 17:38:27.567239: Step 3750: Cross entropy = 0.093944
INFO:tensorflow:2019-10-09 17:38:27.623189: Step 3750: Validation accuracy = 64.0% (N=100)
I1009 17:38:27.623236 4760135104 retrain.py:1100] 2019-10-09 17:38:27.623189: Step 3750: Validation accuracy = 64.0% (N=100)
INFO:tensorflow:2019-10-09 17:38:28.179520: Step 3760: Train accuracy = 95.0%
I1009 17:38:28.179566 4760135104 retrain.py:1082] 2019-10-09 17:38:28.179520: Step 3760: Train accuracy = 95.0%
INFO:tensorflow:2019-10-09 17:38:28.179674: Step 3760: Cross entropy = 0.130339
I1009 17:38:28.179684 4760135104 retrain.py:1084] 2019-10-09 17:38:28.179674: Step 3760: Cross entropy = 0.130339
INFO:tensorflow:2019-10-09 17:38:28.235777: Step 3760: Validation accuracy = 62.0% (N=100)
I1009 17:38:28.235824 4760135104 retrain.py:1100] 2019-10-09 17:38:28.235777: Step 3760: Validation accuracy = 62.0% (N=100)
INFO:tensorflow:2019-10-09 17:38:28.791847: Step 3770: Train accuracy = 100.0%
I1009 17:38:28.791890 4760135104 retrain.py:1082] 2019-10-09 17:38:28.791847: Step 3770: Train accuracy = 100.0%
INFO:tensorflow:2019-10-09 17:38:28.791997: Step 3770: Cross entropy = 0.087879
I1009 17:38:28.792006 4760135104 retrain.py:1084] 2019-10-09 17:38:28.791997: Step 3770: Cross entropy = 0.087879
INFO:tensorflow:2019-10-09 17:38:28.848835: Step 3770: Validation accuracy = 63.0% (N=100)
I1009 17:38:28.848885 4760135104 retrain.py:1100] 2019-10-09 17:38:28.848835: Step 3770: Validation accuracy = 63.0% (N=100)
INFO:tensorflow:2019-10-09 17:38:29.405754: Step 3780: Train accuracy = 99.0%
I1009 17:38:29.405799 4760135104 retrain.py:1082] 2019-10-09 17:38:29.405754: Step 3780: Train accuracy = 99.0%
INFO:tensorflow:2019-10-09 17:38:29.405908: Step 3780: Cross entropy = 0.115363
I1009 17:38:29.405920 4760135104 retrain.py:1084] 2019-10-09 17:38:29.405908: Step 3780: Cross entropy = 0.115363
INFO:tensorflow:2019-10-09 17:38:29.461826: Step 3780: Validation accuracy = 50.0% (N=100)
I1009 17:38:29.461874 4760135104 retrain.py:1100] 2019-10-09 17:38:29.461826: Step 3780: Validation accuracy = 50.0% (N=100)
INFO:tensorflow:2019-10-09 17:38:30.016826: Step 3790: Train accuracy = 100.0%
I1009 17:38:30.016869 4760135104 retrain.py:1082] 2019-10-09 17:38:30.016826: Step 3790: Train accuracy = 100.0%
INFO:tensorflow:2019-10-09 17:38:30.016975: Step 3790: Cross entropy = 0.097480
I1009 17:38:30.016986 4760135104 retrain.py:1084] 2019-10-09 17:38:30.016975: Step 3790: Cross entropy = 0.097480
INFO:tensorflow:2019-10-09 17:38:30.073412: Step 3790: Validation accuracy = 60.0% (N=100)
I1009 17:38:30.073457 4760135104 retrain.py:1100] 2019-10-09 17:38:30.073412: Step 3790: Validation accuracy = 60.0% (N=100)
INFO:tensorflow:2019-10-09 17:38:30.629183: Step 3800: Train accuracy = 100.0%
I1009 17:38:30.629238 4760135104 retrain.py:1082] 2019-10-09 17:38:30.629183: Step 3800: Train accuracy = 100.0%
INFO:tensorflow:2019-10-09 17:38:30.629347: Step 3800: Cross entropy = 0.088729
I1009 17:38:30.629357 4760135104 retrain.py:1084] 2019-10-09 17:38:30.629347: Step 3800: Cross entropy = 0.088729
INFO:tensorflow:2019-10-09 17:38:30.685506: Step 3800: Validation accuracy = 53.0% (N=100)
I1009 17:38:30.685554 4760135104 retrain.py:1100] 2019-10-09 17:38:30.685506: Step 3800: Validation accuracy = 53.0% (N=100)
INFO:tensorflow:2019-10-09 17:38:31.240509: Step 3810: Train accuracy = 99.0%
I1009 17:38:31.240554 4760135104 retrain.py:1082] 2019-10-09 17:38:31.240509: Step 3810: Train accuracy = 99.0%
INFO:tensorflow:2019-10-09 17:38:31.240662: Step 3810: Cross entropy = 0.124627
I1009 17:38:31.240673 4760135104 retrain.py:1084] 2019-10-09 17:38:31.240662: Step 3810: Cross entropy = 0.124627
INFO:tensorflow:2019-10-09 17:38:31.296642: Step 3810: Validation accuracy = 53.0% (N=100)
I1009 17:38:31.296690 4760135104 retrain.py:1100] 2019-10-09 17:38:31.296642: Step 3810: Validation accuracy = 53.0% (N=100)
INFO:tensorflow:2019-10-09 17:38:31.853452: Step 3820: Train accuracy = 99.0%
I1009 17:38:31.853496 4760135104 retrain.py:1082] 2019-10-09 17:38:31.853452: Step 3820: Train accuracy = 99.0%
INFO:tensorflow:2019-10-09 17:38:31.853605: Step 3820: Cross entropy = 0.098509
I1009 17:38:31.853616 4760135104 retrain.py:1084] 2019-10-09 17:38:31.853605: Step 3820: Cross entropy = 0.098509
INFO:tensorflow:2019-10-09 17:38:31.909581: Step 3820: Validation accuracy = 62.0% (N=100)
I1009 17:38:31.909627 4760135104 retrain.py:1100] 2019-10-09 17:38:31.909581: Step 3820: Validation accuracy = 62.0% (N=100)
INFO:tensorflow:2019-10-09 17:38:32.466998: Step 3830: Train accuracy = 99.0%
I1009 17:38:32.467043 4760135104 retrain.py:1082] 2019-10-09 17:38:32.466998: Step 3830: Train accuracy = 99.0%
INFO:tensorflow:2019-10-09 17:38:32.467148: Step 3830: Cross entropy = 0.098944
I1009 17:38:32.467158 4760135104 retrain.py:1084] 2019-10-09 17:38:32.467148: Step 3830: Cross entropy = 0.098944
INFO:tensorflow:2019-10-09 17:38:32.523473: Step 3830: Validation accuracy = 60.0% (N=100)
I1009 17:38:32.523517 4760135104 retrain.py:1100] 2019-10-09 17:38:32.523473: Step 3830: Validation accuracy = 60.0% (N=100)
INFO:tensorflow:2019-10-09 17:38:33.078823: Step 3840: Train accuracy = 99.0%
I1009 17:38:33.078869 4760135104 retrain.py:1082] 2019-10-09 17:38:33.078823: Step 3840: Train accuracy = 99.0%
INFO:tensorflow:2019-10-09 17:38:33.078976: Step 3840: Cross entropy = 0.101694
I1009 17:38:33.078987 4760135104 retrain.py:1084] 2019-10-09 17:38:33.078976: Step 3840: Cross entropy = 0.101694
INFO:tensorflow:2019-10-09 17:38:33.135346: Step 3840: Validation accuracy = 57.0% (N=100)
I1009 17:38:33.135391 4760135104 retrain.py:1100] 2019-10-09 17:38:33.135346: Step 3840: Validation accuracy = 57.0% (N=100)
INFO:tensorflow:2019-10-09 17:38:33.692179: Step 3850: Train accuracy = 97.0%
I1009 17:38:33.692223 4760135104 retrain.py:1082] 2019-10-09 17:38:33.692179: Step 3850: Train accuracy = 97.0%
INFO:tensorflow:2019-10-09 17:38:33.692333: Step 3850: Cross entropy = 0.124140
I1009 17:38:33.692343 4760135104 retrain.py:1084] 2019-10-09 17:38:33.692333: Step 3850: Cross entropy = 0.124140
INFO:tensorflow:2019-10-09 17:38:33.748680: Step 3850: Validation accuracy = 64.0% (N=100)
I1009 17:38:33.748723 4760135104 retrain.py:1100] 2019-10-09 17:38:33.748680: Step 3850: Validation accuracy = 64.0% (N=100)
INFO:tensorflow:2019-10-09 17:38:34.306093: Step 3860: Train accuracy = 96.0%
I1009 17:38:34.306137 4760135104 retrain.py:1082] 2019-10-09 17:38:34.306093: Step 3860: Train accuracy = 96.0%
INFO:tensorflow:2019-10-09 17:38:34.306241: Step 3860: Cross entropy = 0.139582
I1009 17:38:34.306252 4760135104 retrain.py:1084] 2019-10-09 17:38:34.306241: Step 3860: Cross entropy = 0.139582
INFO:tensorflow:2019-10-09 17:38:34.363136: Step 3860: Validation accuracy = 72.0% (N=100)
I1009 17:38:34.363183 4760135104 retrain.py:1100] 2019-10-09 17:38:34.363136: Step 3860: Validation accuracy = 72.0% (N=100)
INFO:tensorflow:2019-10-09 17:38:34.918891: Step 3870: Train accuracy = 95.0%
I1009 17:38:34.918936 4760135104 retrain.py:1082] 2019-10-09 17:38:34.918891: Step 3870: Train accuracy = 95.0%
INFO:tensorflow:2019-10-09 17:38:34.919044: Step 3870: Cross entropy = 0.146846
I1009 17:38:34.919054 4760135104 retrain.py:1084] 2019-10-09 17:38:34.919044: Step 3870: Cross entropy = 0.146846
INFO:tensorflow:2019-10-09 17:38:34.975662: Step 3870: Validation accuracy = 62.0% (N=100)
I1009 17:38:34.975708 4760135104 retrain.py:1100] 2019-10-09 17:38:34.975662: Step 3870: Validation accuracy = 62.0% (N=100)
INFO:tensorflow:2019-10-09 17:38:35.533415: Step 3880: Train accuracy = 98.0%
I1009 17:38:35.533457 4760135104 retrain.py:1082] 2019-10-09 17:38:35.533415: Step 3880: Train accuracy = 98.0%
INFO:tensorflow:2019-10-09 17:38:35.533563: Step 3880: Cross entropy = 0.110374
I1009 17:38:35.533573 4760135104 retrain.py:1084] 2019-10-09 17:38:35.533563: Step 3880: Cross entropy = 0.110374
INFO:tensorflow:2019-10-09 17:38:35.589513: Step 3880: Validation accuracy = 59.0% (N=100)
I1009 17:38:35.589560 4760135104 retrain.py:1100] 2019-10-09 17:38:35.589513: Step 3880: Validation accuracy = 59.0% (N=100)
INFO:tensorflow:2019-10-09 17:38:36.145681: Step 3890: Train accuracy = 99.0%
I1009 17:38:36.145725 4760135104 retrain.py:1082] 2019-10-09 17:38:36.145681: Step 3890: Train accuracy = 99.0%
INFO:tensorflow:2019-10-09 17:38:36.145832: Step 3890: Cross entropy = 0.096180
I1009 17:38:36.145843 4760135104 retrain.py:1084] 2019-10-09 17:38:36.145832: Step 3890: Cross entropy = 0.096180
INFO:tensorflow:2019-10-09 17:38:36.202351: Step 3890: Validation accuracy = 64.0% (N=100)
I1009 17:38:36.202399 4760135104 retrain.py:1100] 2019-10-09 17:38:36.202351: Step 3890: Validation accuracy = 64.0% (N=100)
INFO:tensorflow:2019-10-09 17:38:36.758972: Step 3900: Train accuracy = 100.0%
I1009 17:38:36.759017 4760135104 retrain.py:1082] 2019-10-09 17:38:36.758972: Step 3900: Train accuracy = 100.0%
INFO:tensorflow:2019-10-09 17:38:36.759125: Step 3900: Cross entropy = 0.093311
I1009 17:38:36.759135 4760135104 retrain.py:1084] 2019-10-09 17:38:36.759125: Step 3900: Cross entropy = 0.093311
INFO:tensorflow:2019-10-09 17:38:36.815077: Step 3900: Validation accuracy = 55.0% (N=100)
I1009 17:38:36.815125 4760135104 retrain.py:1100] 2019-10-09 17:38:36.815077: Step 3900: Validation accuracy = 55.0% (N=100)
INFO:tensorflow:2019-10-09 17:38:37.373255: Step 3910: Train accuracy = 99.0%
I1009 17:38:37.373300 4760135104 retrain.py:1082] 2019-10-09 17:38:37.373255: Step 3910: Train accuracy = 99.0%
INFO:tensorflow:2019-10-09 17:38:37.373409: Step 3910: Cross entropy = 0.109927
I1009 17:38:37.373420 4760135104 retrain.py:1084] 2019-10-09 17:38:37.373409: Step 3910: Cross entropy = 0.109927
INFO:tensorflow:2019-10-09 17:38:37.429241: Step 3910: Validation accuracy = 69.0% (N=100)
I1009 17:38:37.429287 4760135104 retrain.py:1100] 2019-10-09 17:38:37.429241: Step 3910: Validation accuracy = 69.0% (N=100)
INFO:tensorflow:2019-10-09 17:38:37.986846: Step 3920: Train accuracy = 98.0%
I1009 17:38:37.986891 4760135104 retrain.py:1082] 2019-10-09 17:38:37.986846: Step 3920: Train accuracy = 98.0%
INFO:tensorflow:2019-10-09 17:38:37.987001: Step 3920: Cross entropy = 0.110674
I1009 17:38:37.987013 4760135104 retrain.py:1084] 2019-10-09 17:38:37.987001: Step 3920: Cross entropy = 0.110674
INFO:tensorflow:2019-10-09 17:38:38.043609: Step 3920: Validation accuracy = 57.0% (N=100)
I1009 17:38:38.043653 4760135104 retrain.py:1100] 2019-10-09 17:38:38.043609: Step 3920: Validation accuracy = 57.0% (N=100)
INFO:tensorflow:2019-10-09 17:38:38.599414: Step 3930: Train accuracy = 100.0%
I1009 17:38:38.599457 4760135104 retrain.py:1082] 2019-10-09 17:38:38.599414: Step 3930: Train accuracy = 100.0%
INFO:tensorflow:2019-10-09 17:38:38.599563: Step 3930: Cross entropy = 0.098765
I1009 17:38:38.599572 4760135104 retrain.py:1084] 2019-10-09 17:38:38.599563: Step 3930: Cross entropy = 0.098765
INFO:tensorflow:2019-10-09 17:38:38.655600: Step 3930: Validation accuracy = 59.0% (N=100)
I1009 17:38:38.655647 4760135104 retrain.py:1100] 2019-10-09 17:38:38.655600: Step 3930: Validation accuracy = 59.0% (N=100)
INFO:tensorflow:2019-10-09 17:38:39.214764: Step 3940: Train accuracy = 99.0%
I1009 17:38:39.214809 4760135104 retrain.py:1082] 2019-10-09 17:38:39.214764: Step 3940: Train accuracy = 99.0%
INFO:tensorflow:2019-10-09 17:38:39.214917: Step 3940: Cross entropy = 0.112278
I1009 17:38:39.214928 4760135104 retrain.py:1084] 2019-10-09 17:38:39.214917: Step 3940: Cross entropy = 0.112278
INFO:tensorflow:2019-10-09 17:38:39.271169: Step 3940: Validation accuracy = 63.0% (N=100)
I1009 17:38:39.271216 4760135104 retrain.py:1100] 2019-10-09 17:38:39.271169: Step 3940: Validation accuracy = 63.0% (N=100)
INFO:tensorflow:2019-10-09 17:38:39.827697: Step 3950: Train accuracy = 97.0%
I1009 17:38:39.827738 4760135104 retrain.py:1082] 2019-10-09 17:38:39.827697: Step 3950: Train accuracy = 97.0%
INFO:tensorflow:2019-10-09 17:38:39.827846: Step 3950: Cross entropy = 0.126653
I1009 17:38:39.827855 4760135104 retrain.py:1084] 2019-10-09 17:38:39.827846: Step 3950: Cross entropy = 0.126653
INFO:tensorflow:2019-10-09 17:38:39.884194: Step 3950: Validation accuracy = 62.0% (N=100)
I1009 17:38:39.884239 4760135104 retrain.py:1100] 2019-10-09 17:38:39.884194: Step 3950: Validation accuracy = 62.0% (N=100)
INFO:tensorflow:2019-10-09 17:38:40.440244: Step 3960: Train accuracy = 98.0%
I1009 17:38:40.440288 4760135104 retrain.py:1082] 2019-10-09 17:38:40.440244: Step 3960: Train accuracy = 98.0%
INFO:tensorflow:2019-10-09 17:38:40.440394: Step 3960: Cross entropy = 0.111946
I1009 17:38:40.440404 4760135104 retrain.py:1084] 2019-10-09 17:38:40.440394: Step 3960: Cross entropy = 0.111946
INFO:tensorflow:2019-10-09 17:38:40.496460: Step 3960: Validation accuracy = 58.0% (N=100)
I1009 17:38:40.496507 4760135104 retrain.py:1100] 2019-10-09 17:38:40.496460: Step 3960: Validation accuracy = 58.0% (N=100)
INFO:tensorflow:2019-10-09 17:38:41.053527: Step 3970: Train accuracy = 99.0%
I1009 17:38:41.053570 4760135104 retrain.py:1082] 2019-10-09 17:38:41.053527: Step 3970: Train accuracy = 99.0%
INFO:tensorflow:2019-10-09 17:38:41.053678: Step 3970: Cross entropy = 0.103975
I1009 17:38:41.053688 4760135104 retrain.py:1084] 2019-10-09 17:38:41.053678: Step 3970: Cross entropy = 0.103975
INFO:tensorflow:2019-10-09 17:38:41.109946: Step 3970: Validation accuracy = 56.0% (N=100)
I1009 17:38:41.109996 4760135104 retrain.py:1100] 2019-10-09 17:38:41.109946: Step 3970: Validation accuracy = 56.0% (N=100)
INFO:tensorflow:2019-10-09 17:38:41.667151: Step 3980: Train accuracy = 99.0%
I1009 17:38:41.667195 4760135104 retrain.py:1082] 2019-10-09 17:38:41.667151: Step 3980: Train accuracy = 99.0%
INFO:tensorflow:2019-10-09 17:38:41.667301: Step 3980: Cross entropy = 0.090722
I1009 17:38:41.667312 4760135104 retrain.py:1084] 2019-10-09 17:38:41.667301: Step 3980: Cross entropy = 0.090722
INFO:tensorflow:2019-10-09 17:38:41.723495: Step 3980: Validation accuracy = 72.0% (N=100)
I1009 17:38:41.723544 4760135104 retrain.py:1100] 2019-10-09 17:38:41.723495: Step 3980: Validation accuracy = 72.0% (N=100)
INFO:tensorflow:2019-10-09 17:38:42.280685: Step 3990: Train accuracy = 100.0%
I1009 17:38:42.280730 4760135104 retrain.py:1082] 2019-10-09 17:38:42.280685: Step 3990: Train accuracy = 100.0%
INFO:tensorflow:2019-10-09 17:38:42.280838: Step 3990: Cross entropy = 0.098284
I1009 17:38:42.280848 4760135104 retrain.py:1084] 2019-10-09 17:38:42.280838: Step 3990: Cross entropy = 0.098284
INFO:tensorflow:2019-10-09 17:38:42.337354: Step 3990: Validation accuracy = 66.0% (N=100)
I1009 17:38:42.337402 4760135104 retrain.py:1100] 2019-10-09 17:38:42.337354: Step 3990: Validation accuracy = 66.0% (N=100)
INFO:tensorflow:2019-10-09 17:38:42.846837: Step 3999: Train accuracy = 98.0%
I1009 17:38:42.846907 4760135104 retrain.py:1082] 2019-10-09 17:38:42.846837: Step 3999: Train accuracy = 98.0%
INFO:tensorflow:2019-10-09 17:38:42.847065: Step 3999: Cross entropy = 0.100911
I1009 17:38:42.847084 4760135104 retrain.py:1084] 2019-10-09 17:38:42.847065: Step 3999: Cross entropy = 0.100911
INFO:tensorflow:2019-10-09 17:38:42.903474: Step 3999: Validation accuracy = 57.0% (N=100)
I1009 17:38:42.903521 4760135104 retrain.py:1100] 2019-10-09 17:38:42.903474: Step 3999: Validation accuracy = 57.0% (N=100)
INFO:tensorflow:Final test accuracy = 65.5% (N=29)
I1009 17:38:45.076912 4760135104 retrain.py:1126] Final test accuracy = 65.5% (N=29)
WARNING:tensorflow:From /Users/dbusaba2/affinity_2D/tensorflow-for-poets-2/scripts/retrain.py:827: convert_variables_to_constants (from tensorflow.python.framework.graph_util_impl) is deprecated and will be removed in a future version.
Instructions for updating:
Use `tf.compat.v1.graph_util.convert_variables_to_constants`
W1009 17:38:45.239416 4760135104 deprecation.py:323] From /Users/dbusaba2/affinity_2D/tensorflow-for-poets-2/scripts/retrain.py:827: convert_variables_to_constants (from tensorflow.python.framework.graph_util_impl) is deprecated and will be removed in a future version.
Instructions for updating:
Use `tf.compat.v1.graph_util.convert_variables_to_constants`
WARNING:tensorflow:From /Library/Frameworks/Python.framework/Versions/3.7/lib/python3.7/site-packages/tensorflow/python/framework/graph_util_impl.py:270: extract_sub_graph (from tensorflow.python.framework.graph_util_impl) is deprecated and will be removed in a future version.
Instructions for updating:
Use `tf.compat.v1.graph_util.extract_sub_graph`
W1009 17:38:45.239570 4760135104 deprecation.py:323] From /Library/Frameworks/Python.framework/Versions/3.7/lib/python3.7/site-packages/tensorflow/python/framework/graph_util_impl.py:270: extract_sub_graph (from tensorflow.python.framework.graph_util_impl) is deprecated and will be removed in a future version.
Instructions for updating:
Use `tf.compat.v1.graph_util.extract_sub_graph`
INFO:tensorflow:Froze 2 variables.
I1009 17:38:45.460691 4760135104 graph_util_impl.py:311] Froze 2 variables.
INFO:tensorflow:Converted 2 variables to const ops.
I1009 17:38:45.521486 4760135104 graph_util_impl.py:364] Converted 2 variables to const ops.
