/Library/Frameworks/Python.framework/Versions/3.7/lib/python3.7/site-packages/tensorflow/python/framework/dtypes.py:516: FutureWarning: Passing (type, 1) or '1type' as a synonym of type is deprecated; in a future version of numpy, it will be understood as (type, (1,)) / '(1,)type'.
  _np_qint8 = np.dtype([("qint8", np.int8, 1)])
/Library/Frameworks/Python.framework/Versions/3.7/lib/python3.7/site-packages/tensorflow/python/framework/dtypes.py:517: FutureWarning: Passing (type, 1) or '1type' as a synonym of type is deprecated; in a future version of numpy, it will be understood as (type, (1,)) / '(1,)type'.
  _np_quint8 = np.dtype([("quint8", np.uint8, 1)])
/Library/Frameworks/Python.framework/Versions/3.7/lib/python3.7/site-packages/tensorflow/python/framework/dtypes.py:518: FutureWarning: Passing (type, 1) or '1type' as a synonym of type is deprecated; in a future version of numpy, it will be understood as (type, (1,)) / '(1,)type'.
  _np_qint16 = np.dtype([("qint16", np.int16, 1)])
/Library/Frameworks/Python.framework/Versions/3.7/lib/python3.7/site-packages/tensorflow/python/framework/dtypes.py:519: FutureWarning: Passing (type, 1) or '1type' as a synonym of type is deprecated; in a future version of numpy, it will be understood as (type, (1,)) / '(1,)type'.
  _np_quint16 = np.dtype([("quint16", np.uint16, 1)])
/Library/Frameworks/Python.framework/Versions/3.7/lib/python3.7/site-packages/tensorflow/python/framework/dtypes.py:520: FutureWarning: Passing (type, 1) or '1type' as a synonym of type is deprecated; in a future version of numpy, it will be understood as (type, (1,)) / '(1,)type'.
  _np_qint32 = np.dtype([("qint32", np.int32, 1)])
/Library/Frameworks/Python.framework/Versions/3.7/lib/python3.7/site-packages/tensorflow/python/framework/dtypes.py:525: FutureWarning: Passing (type, 1) or '1type' as a synonym of type is deprecated; in a future version of numpy, it will be understood as (type, (1,)) / '(1,)type'.
  np_resource = np.dtype([("resource", np.ubyte, 1)])
/Library/Frameworks/Python.framework/Versions/3.7/lib/python3.7/site-packages/tensorboard/compat/tensorflow_stub/dtypes.py:541: FutureWarning: Passing (type, 1) or '1type' as a synonym of type is deprecated; in a future version of numpy, it will be understood as (type, (1,)) / '(1,)type'.
  _np_qint8 = np.dtype([("qint8", np.int8, 1)])
/Library/Frameworks/Python.framework/Versions/3.7/lib/python3.7/site-packages/tensorboard/compat/tensorflow_stub/dtypes.py:542: FutureWarning: Passing (type, 1) or '1type' as a synonym of type is deprecated; in a future version of numpy, it will be understood as (type, (1,)) / '(1,)type'.
  _np_quint8 = np.dtype([("quint8", np.uint8, 1)])
/Library/Frameworks/Python.framework/Versions/3.7/lib/python3.7/site-packages/tensorboard/compat/tensorflow_stub/dtypes.py:543: FutureWarning: Passing (type, 1) or '1type' as a synonym of type is deprecated; in a future version of numpy, it will be understood as (type, (1,)) / '(1,)type'.
  _np_qint16 = np.dtype([("qint16", np.int16, 1)])
/Library/Frameworks/Python.framework/Versions/3.7/lib/python3.7/site-packages/tensorboard/compat/tensorflow_stub/dtypes.py:544: FutureWarning: Passing (type, 1) or '1type' as a synonym of type is deprecated; in a future version of numpy, it will be understood as (type, (1,)) / '(1,)type'.
  _np_quint16 = np.dtype([("quint16", np.uint16, 1)])
/Library/Frameworks/Python.framework/Versions/3.7/lib/python3.7/site-packages/tensorboard/compat/tensorflow_stub/dtypes.py:545: FutureWarning: Passing (type, 1) or '1type' as a synonym of type is deprecated; in a future version of numpy, it will be understood as (type, (1,)) / '(1,)type'.
  _np_qint32 = np.dtype([("qint32", np.int32, 1)])
/Library/Frameworks/Python.framework/Versions/3.7/lib/python3.7/site-packages/tensorboard/compat/tensorflow_stub/dtypes.py:550: FutureWarning: Passing (type, 1) or '1type' as a synonym of type is deprecated; in a future version of numpy, it will be understood as (type, (1,)) / '(1,)type'.
  np_resource = np.dtype([("resource", np.ubyte, 1)])
WARNING:tensorflow:From /Users/dbusaba2/affinity_2D/tensorflow-for-poets-2/scripts/retrain.py:1326: The name tf.app.run is deprecated. Please use tf.compat.v1.app.run instead.

WARNING:tensorflow:From /Users/dbusaba2/affinity_2D/tensorflow-for-poets-2/scripts/retrain.py:970: The name tf.logging.set_verbosity is deprecated. Please use tf.compat.v1.logging.set_verbosity instead.

W1009 17:47:23.685170 4712924608 deprecation_wrapper.py:119] From /Users/dbusaba2/affinity_2D/tensorflow-for-poets-2/scripts/retrain.py:970: The name tf.logging.set_verbosity is deprecated. Please use tf.compat.v1.logging.set_verbosity instead.

WARNING:tensorflow:From /Users/dbusaba2/affinity_2D/tensorflow-for-poets-2/scripts/retrain.py:970: The name tf.logging.INFO is deprecated. Please use tf.compat.v1.logging.INFO instead.

W1009 17:47:23.685302 4712924608 deprecation_wrapper.py:119] From /Users/dbusaba2/affinity_2D/tensorflow-for-poets-2/scripts/retrain.py:970: The name tf.logging.INFO is deprecated. Please use tf.compat.v1.logging.INFO instead.

WARNING:tensorflow:From /Users/dbusaba2/affinity_2D/tensorflow-for-poets-2/scripts/retrain.py:835: The name tf.gfile.Exists is deprecated. Please use tf.io.gfile.exists instead.

W1009 17:47:23.685388 4712924608 deprecation_wrapper.py:119] From /Users/dbusaba2/affinity_2D/tensorflow-for-poets-2/scripts/retrain.py:835: The name tf.gfile.Exists is deprecated. Please use tf.io.gfile.exists instead.

WARNING:tensorflow:From /Users/dbusaba2/affinity_2D/tensorflow-for-poets-2/scripts/retrain.py:836: The name tf.gfile.DeleteRecursively is deprecated. Please use tf.io.gfile.rmtree instead.

W1009 17:47:23.685472 4712924608 deprecation_wrapper.py:119] From /Users/dbusaba2/affinity_2D/tensorflow-for-poets-2/scripts/retrain.py:836: The name tf.gfile.DeleteRecursively is deprecated. Please use tf.io.gfile.rmtree instead.

WARNING:tensorflow:From /Users/dbusaba2/affinity_2D/tensorflow-for-poets-2/scripts/retrain.py:837: The name tf.gfile.MakeDirs is deprecated. Please use tf.io.gfile.makedirs instead.

W1009 17:47:23.691505 4712924608 deprecation_wrapper.py:119] From /Users/dbusaba2/affinity_2D/tensorflow-for-poets-2/scripts/retrain.py:837: The name tf.gfile.MakeDirs is deprecated. Please use tf.io.gfile.makedirs instead.

WARNING:tensorflow:From /Users/dbusaba2/affinity_2D/tensorflow-for-poets-2/scripts/retrain.py:274: FastGFile.__init__ (from tensorflow.python.platform.gfile) is deprecated and will be removed in a future version.
Instructions for updating:
Use tf.gfile.GFile.
W1009 17:47:24.258831 4712924608 deprecation.py:323] From /Users/dbusaba2/affinity_2D/tensorflow-for-poets-2/scripts/retrain.py:274: FastGFile.__init__ (from tensorflow.python.platform.gfile) is deprecated and will be removed in a future version.
Instructions for updating:
Use tf.gfile.GFile.
WARNING:tensorflow:From /Users/dbusaba2/affinity_2D/tensorflow-for-poets-2/scripts/retrain.py:275: The name tf.GraphDef is deprecated. Please use tf.compat.v1.GraphDef instead.

W1009 17:47:24.259020 4712924608 deprecation_wrapper.py:119] From /Users/dbusaba2/affinity_2D/tensorflow-for-poets-2/scripts/retrain.py:275: The name tf.GraphDef is deprecated. Please use tf.compat.v1.GraphDef instead.

2019-10-09 17:47:24.528215: W tensorflow/core/framework/op_def_util.cc:357] Op BatchNormWithGlobalNormalization is deprecated. It will cease to work in GraphDef version 9. Use tf.nn.batch_normalization().
WARNING:tensorflow:From /Users/dbusaba2/affinity_2D/tensorflow-for-poets-2/scripts/retrain.py:156: The name tf.logging.info is deprecated. Please use tf.compat.v1.logging.info instead.

W1009 17:47:24.717257 4712924608 deprecation_wrapper.py:119] From /Users/dbusaba2/affinity_2D/tensorflow-for-poets-2/scripts/retrain.py:156: The name tf.logging.info is deprecated. Please use tf.compat.v1.logging.info instead.

INFO:tensorflow:Looking for images in 'Abnormal'
I1009 17:47:24.717396 4712924608 retrain.py:156] Looking for images in 'Abnormal'
INFO:tensorflow:Looking for images in 'Normal'
I1009 17:47:24.722433 4712924608 retrain.py:156] Looking for images in 'Normal'
WARNING:tensorflow:From /Users/dbusaba2/affinity_2D/tensorflow-for-poets-2/scripts/retrain.py:1004: The name tf.Session is deprecated. Please use tf.compat.v1.Session instead.

W1009 17:47:24.728034 4712924608 deprecation_wrapper.py:119] From /Users/dbusaba2/affinity_2D/tensorflow-for-poets-2/scripts/retrain.py:1004: The name tf.Session is deprecated. Please use tf.compat.v1.Session instead.

2019-10-09 17:47:24.728301: I tensorflow/core/platform/cpu_feature_guard.cc:142] Your CPU supports instructions that this TensorFlow binary was not compiled to use: AVX2 FMA
WARNING:tensorflow:From /Users/dbusaba2/affinity_2D/tensorflow-for-poets-2/scripts/retrain.py:954: The name tf.placeholder is deprecated. Please use tf.compat.v1.placeholder instead.

W1009 17:47:24.728698 4712924608 deprecation_wrapper.py:119] From /Users/dbusaba2/affinity_2D/tensorflow-for-poets-2/scripts/retrain.py:954: The name tf.placeholder is deprecated. Please use tf.compat.v1.placeholder instead.

WARNING:tensorflow:From /Users/dbusaba2/affinity_2D/tensorflow-for-poets-2/scripts/retrain.py:960: The name tf.image.resize_bilinear is deprecated. Please use tf.compat.v1.image.resize_bilinear instead.

W1009 17:47:24.731384 4712924608 deprecation_wrapper.py:119] From /Users/dbusaba2/affinity_2D/tensorflow-for-poets-2/scripts/retrain.py:960: The name tf.image.resize_bilinear is deprecated. Please use tf.compat.v1.image.resize_bilinear instead.

INFO:tensorflow:100 bottleneck files created.
I1009 17:47:24.782245 4712924608 retrain.py:481] 100 bottleneck files created.
INFO:tensorflow:200 bottleneck files created.
I1009 17:47:24.830924 4712924608 retrain.py:481] 200 bottleneck files created.
INFO:tensorflow:300 bottleneck files created.
I1009 17:47:24.878365 4712924608 retrain.py:481] 300 bottleneck files created.
WARNING:tensorflow:From /Users/dbusaba2/affinity_2D/tensorflow-for-poets-2/scripts/retrain.py:758: The name tf.placeholder_with_default is deprecated. Please use tf.compat.v1.placeholder_with_default instead.

W1009 17:47:24.891002 4712924608 deprecation_wrapper.py:119] From /Users/dbusaba2/affinity_2D/tensorflow-for-poets-2/scripts/retrain.py:758: The name tf.placeholder_with_default is deprecated. Please use tf.compat.v1.placeholder_with_default instead.

WARNING:tensorflow:From /Users/dbusaba2/affinity_2D/tensorflow-for-poets-2/scripts/retrain.py:772: The name tf.truncated_normal is deprecated. Please use tf.random.truncated_normal instead.

W1009 17:47:24.892997 4712924608 deprecation_wrapper.py:119] From /Users/dbusaba2/affinity_2D/tensorflow-for-poets-2/scripts/retrain.py:772: The name tf.truncated_normal is deprecated. Please use tf.random.truncated_normal instead.

WARNING:tensorflow:From /Users/dbusaba2/affinity_2D/tensorflow-for-poets-2/scripts/retrain.py:726: The name tf.summary.scalar is deprecated. Please use tf.compat.v1.summary.scalar instead.

W1009 17:47:24.899842 4712924608 deprecation_wrapper.py:119] From /Users/dbusaba2/affinity_2D/tensorflow-for-poets-2/scripts/retrain.py:726: The name tf.summary.scalar is deprecated. Please use tf.compat.v1.summary.scalar instead.

WARNING:tensorflow:From /Users/dbusaba2/affinity_2D/tensorflow-for-poets-2/scripts/retrain.py:732: The name tf.summary.histogram is deprecated. Please use tf.compat.v1.summary.histogram instead.

W1009 17:47:24.909229 4712924608 deprecation_wrapper.py:119] From /Users/dbusaba2/affinity_2D/tensorflow-for-poets-2/scripts/retrain.py:732: The name tf.summary.histogram is deprecated. Please use tf.compat.v1.summary.histogram instead.

WARNING:tensorflow:From /Users/dbusaba2/affinity_2D/tensorflow-for-poets-2/scripts/retrain.py:790: softmax_cross_entropy_with_logits (from tensorflow.python.ops.nn_ops) is deprecated and will be removed in a future version.
Instructions for updating:

Future major versions of TensorFlow will allow gradients to flow
into the labels input on backprop by default.

See `tf.nn.softmax_cross_entropy_with_logits_v2`.

W1009 17:47:24.926506 4712924608 deprecation.py:323] From /Users/dbusaba2/affinity_2D/tensorflow-for-poets-2/scripts/retrain.py:790: softmax_cross_entropy_with_logits (from tensorflow.python.ops.nn_ops) is deprecated and will be removed in a future version.
Instructions for updating:

Future major versions of TensorFlow will allow gradients to flow
into the labels input on backprop by default.

See `tf.nn.softmax_cross_entropy_with_logits_v2`.

WARNING:tensorflow:From /Users/dbusaba2/affinity_2D/tensorflow-for-poets-2/scripts/retrain.py:796: The name tf.train.GradientDescentOptimizer is deprecated. Please use tf.compat.v1.train.GradientDescentOptimizer instead.

W1009 17:47:24.941074 4712924608 deprecation_wrapper.py:119] From /Users/dbusaba2/affinity_2D/tensorflow-for-poets-2/scripts/retrain.py:796: The name tf.train.GradientDescentOptimizer is deprecated. Please use tf.compat.v1.train.GradientDescentOptimizer instead.

WARNING:tensorflow:From /Users/dbusaba2/affinity_2D/tensorflow-for-poets-2/scripts/retrain.py:1038: The name tf.summary.merge_all is deprecated. Please use tf.compat.v1.summary.merge_all instead.

W1009 17:47:24.972105 4712924608 deprecation_wrapper.py:119] From /Users/dbusaba2/affinity_2D/tensorflow-for-poets-2/scripts/retrain.py:1038: The name tf.summary.merge_all is deprecated. Please use tf.compat.v1.summary.merge_all instead.

WARNING:tensorflow:From /Users/dbusaba2/affinity_2D/tensorflow-for-poets-2/scripts/retrain.py:1039: The name tf.summary.FileWriter is deprecated. Please use tf.compat.v1.summary.FileWriter instead.

W1009 17:47:24.972882 4712924608 deprecation_wrapper.py:119] From /Users/dbusaba2/affinity_2D/tensorflow-for-poets-2/scripts/retrain.py:1039: The name tf.summary.FileWriter is deprecated. Please use tf.compat.v1.summary.FileWriter instead.

INFO:tensorflow:2019-10-09 17:47:31.508221: Step 0: Train accuracy = 54.0%
I1009 17:47:31.508280 4712924608 retrain.py:1082] 2019-10-09 17:47:31.508221: Step 0: Train accuracy = 54.0%
INFO:tensorflow:2019-10-09 17:47:31.508401: Step 0: Cross entropy = 0.675963
I1009 17:47:31.508412 4712924608 retrain.py:1084] 2019-10-09 17:47:31.508401: Step 0: Cross entropy = 0.675963
INFO:tensorflow:2019-10-09 17:47:33.959923: Step 0: Validation accuracy = 53.0% (N=100)
I1009 17:47:33.959969 4712924608 retrain.py:1100] 2019-10-09 17:47:33.959923: Step 0: Validation accuracy = 53.0% (N=100)
INFO:tensorflow:2019-10-09 17:47:34.521222: Step 10: Train accuracy = 70.0%
I1009 17:47:34.521265 4712924608 retrain.py:1082] 2019-10-09 17:47:34.521222: Step 10: Train accuracy = 70.0%
INFO:tensorflow:2019-10-09 17:47:34.521372: Step 10: Cross entropy = 0.618600
I1009 17:47:34.521384 4712924608 retrain.py:1084] 2019-10-09 17:47:34.521372: Step 10: Cross entropy = 0.618600
INFO:tensorflow:2019-10-09 17:47:34.577453: Step 10: Validation accuracy = 55.0% (N=100)
I1009 17:47:34.577495 4712924608 retrain.py:1100] 2019-10-09 17:47:34.577453: Step 10: Validation accuracy = 55.0% (N=100)
INFO:tensorflow:2019-10-09 17:47:35.131616: Step 20: Train accuracy = 68.0%
I1009 17:47:35.131660 4712924608 retrain.py:1082] 2019-10-09 17:47:35.131616: Step 20: Train accuracy = 68.0%
INFO:tensorflow:2019-10-09 17:47:35.131820: Step 20: Cross entropy = 0.596808
I1009 17:47:35.131836 4712924608 retrain.py:1084] 2019-10-09 17:47:35.131820: Step 20: Cross entropy = 0.596808
INFO:tensorflow:2019-10-09 17:47:35.187682: Step 20: Validation accuracy = 48.0% (N=100)
I1009 17:47:35.187731 4712924608 retrain.py:1100] 2019-10-09 17:47:35.187682: Step 20: Validation accuracy = 48.0% (N=100)
INFO:tensorflow:2019-10-09 17:47:35.744969: Step 30: Train accuracy = 69.0%
I1009 17:47:35.745012 4712924608 retrain.py:1082] 2019-10-09 17:47:35.744969: Step 30: Train accuracy = 69.0%
INFO:tensorflow:2019-10-09 17:47:35.745120: Step 30: Cross entropy = 0.575458
I1009 17:47:35.745131 4712924608 retrain.py:1084] 2019-10-09 17:47:35.745120: Step 30: Cross entropy = 0.575458
INFO:tensorflow:2019-10-09 17:47:35.802760: Step 30: Validation accuracy = 38.0% (N=100)
I1009 17:47:35.802810 4712924608 retrain.py:1100] 2019-10-09 17:47:35.802760: Step 30: Validation accuracy = 38.0% (N=100)
INFO:tensorflow:2019-10-09 17:47:36.361774: Step 40: Train accuracy = 66.0%
I1009 17:47:36.361818 4712924608 retrain.py:1082] 2019-10-09 17:47:36.361774: Step 40: Train accuracy = 66.0%
INFO:tensorflow:2019-10-09 17:47:36.361929: Step 40: Cross entropy = 0.592285
I1009 17:47:36.361941 4712924608 retrain.py:1084] 2019-10-09 17:47:36.361929: Step 40: Cross entropy = 0.592285
INFO:tensorflow:2019-10-09 17:47:36.418201: Step 40: Validation accuracy = 53.0% (N=100)
I1009 17:47:36.418244 4712924608 retrain.py:1100] 2019-10-09 17:47:36.418201: Step 40: Validation accuracy = 53.0% (N=100)
INFO:tensorflow:2019-10-09 17:47:36.974080: Step 50: Train accuracy = 77.0%
I1009 17:47:36.974123 4712924608 retrain.py:1082] 2019-10-09 17:47:36.974080: Step 50: Train accuracy = 77.0%
INFO:tensorflow:2019-10-09 17:47:36.974234: Step 50: Cross entropy = 0.531615
I1009 17:47:36.974245 4712924608 retrain.py:1084] 2019-10-09 17:47:36.974234: Step 50: Cross entropy = 0.531615
INFO:tensorflow:2019-10-09 17:47:37.030727: Step 50: Validation accuracy = 58.0% (N=100)
I1009 17:47:37.030771 4712924608 retrain.py:1100] 2019-10-09 17:47:37.030727: Step 50: Validation accuracy = 58.0% (N=100)
INFO:tensorflow:2019-10-09 17:47:37.584227: Step 60: Train accuracy = 72.0%
I1009 17:47:37.584271 4712924608 retrain.py:1082] 2019-10-09 17:47:37.584227: Step 60: Train accuracy = 72.0%
INFO:tensorflow:2019-10-09 17:47:37.584388: Step 60: Cross entropy = 0.572102
I1009 17:47:37.584400 4712924608 retrain.py:1084] 2019-10-09 17:47:37.584388: Step 60: Cross entropy = 0.572102
INFO:tensorflow:2019-10-09 17:47:37.640638: Step 60: Validation accuracy = 34.0% (N=100)
I1009 17:47:37.640681 4712924608 retrain.py:1100] 2019-10-09 17:47:37.640638: Step 60: Validation accuracy = 34.0% (N=100)
INFO:tensorflow:2019-10-09 17:47:38.194519: Step 70: Train accuracy = 86.0%
I1009 17:47:38.194563 4712924608 retrain.py:1082] 2019-10-09 17:47:38.194519: Step 70: Train accuracy = 86.0%
INFO:tensorflow:2019-10-09 17:47:38.194674: Step 70: Cross entropy = 0.505745
I1009 17:47:38.194685 4712924608 retrain.py:1084] 2019-10-09 17:47:38.194674: Step 70: Cross entropy = 0.505745
INFO:tensorflow:2019-10-09 17:47:38.250956: Step 70: Validation accuracy = 67.0% (N=100)
I1009 17:47:38.251002 4712924608 retrain.py:1100] 2019-10-09 17:47:38.250956: Step 70: Validation accuracy = 67.0% (N=100)
INFO:tensorflow:2019-10-09 17:47:38.804895: Step 80: Train accuracy = 76.0%
I1009 17:47:38.804939 4712924608 retrain.py:1082] 2019-10-09 17:47:38.804895: Step 80: Train accuracy = 76.0%
INFO:tensorflow:2019-10-09 17:47:38.805047: Step 80: Cross entropy = 0.529581
I1009 17:47:38.805058 4712924608 retrain.py:1084] 2019-10-09 17:47:38.805047: Step 80: Cross entropy = 0.529581
INFO:tensorflow:2019-10-09 17:47:38.861883: Step 80: Validation accuracy = 58.0% (N=100)
I1009 17:47:38.861928 4712924608 retrain.py:1100] 2019-10-09 17:47:38.861883: Step 80: Validation accuracy = 58.0% (N=100)
INFO:tensorflow:2019-10-09 17:47:39.415507: Step 90: Train accuracy = 78.0%
I1009 17:47:39.415550 4712924608 retrain.py:1082] 2019-10-09 17:47:39.415507: Step 90: Train accuracy = 78.0%
INFO:tensorflow:2019-10-09 17:47:39.415661: Step 90: Cross entropy = 0.543157
I1009 17:47:39.415672 4712924608 retrain.py:1084] 2019-10-09 17:47:39.415661: Step 90: Cross entropy = 0.543157
INFO:tensorflow:2019-10-09 17:47:39.471922: Step 90: Validation accuracy = 59.0% (N=100)
I1009 17:47:39.471971 4712924608 retrain.py:1100] 2019-10-09 17:47:39.471922: Step 90: Validation accuracy = 59.0% (N=100)
INFO:tensorflow:2019-10-09 17:47:40.026586: Step 100: Train accuracy = 76.0%
I1009 17:47:40.026630 4712924608 retrain.py:1082] 2019-10-09 17:47:40.026586: Step 100: Train accuracy = 76.0%
INFO:tensorflow:2019-10-09 17:47:40.026742: Step 100: Cross entropy = 0.512647
I1009 17:47:40.026754 4712924608 retrain.py:1084] 2019-10-09 17:47:40.026742: Step 100: Cross entropy = 0.512647
INFO:tensorflow:2019-10-09 17:47:40.082853: Step 100: Validation accuracy = 62.0% (N=100)
I1009 17:47:40.082898 4712924608 retrain.py:1100] 2019-10-09 17:47:40.082853: Step 100: Validation accuracy = 62.0% (N=100)
INFO:tensorflow:2019-10-09 17:47:40.637575: Step 110: Train accuracy = 78.0%
I1009 17:47:40.637619 4712924608 retrain.py:1082] 2019-10-09 17:47:40.637575: Step 110: Train accuracy = 78.0%
INFO:tensorflow:2019-10-09 17:47:40.637728: Step 110: Cross entropy = 0.522680
I1009 17:47:40.637737 4712924608 retrain.py:1084] 2019-10-09 17:47:40.637728: Step 110: Cross entropy = 0.522680
INFO:tensorflow:2019-10-09 17:47:40.693659: Step 110: Validation accuracy = 54.0% (N=100)
I1009 17:47:40.693706 4712924608 retrain.py:1100] 2019-10-09 17:47:40.693659: Step 110: Validation accuracy = 54.0% (N=100)
INFO:tensorflow:2019-10-09 17:47:41.248124: Step 120: Train accuracy = 85.0%
I1009 17:47:41.248169 4712924608 retrain.py:1082] 2019-10-09 17:47:41.248124: Step 120: Train accuracy = 85.0%
INFO:tensorflow:2019-10-09 17:47:41.248297: Step 120: Cross entropy = 0.492551
I1009 17:47:41.248311 4712924608 retrain.py:1084] 2019-10-09 17:47:41.248297: Step 120: Cross entropy = 0.492551
INFO:tensorflow:2019-10-09 17:47:41.304681: Step 120: Validation accuracy = 41.0% (N=100)
I1009 17:47:41.304728 4712924608 retrain.py:1100] 2019-10-09 17:47:41.304681: Step 120: Validation accuracy = 41.0% (N=100)
INFO:tensorflow:2019-10-09 17:47:41.860292: Step 130: Train accuracy = 81.0%
I1009 17:47:41.860339 4712924608 retrain.py:1082] 2019-10-09 17:47:41.860292: Step 130: Train accuracy = 81.0%
INFO:tensorflow:2019-10-09 17:47:41.860450: Step 130: Cross entropy = 0.471653
I1009 17:47:41.860460 4712924608 retrain.py:1084] 2019-10-09 17:47:41.860450: Step 130: Cross entropy = 0.471653
INFO:tensorflow:2019-10-09 17:47:41.916639: Step 130: Validation accuracy = 63.0% (N=100)
I1009 17:47:41.916682 4712924608 retrain.py:1100] 2019-10-09 17:47:41.916639: Step 130: Validation accuracy = 63.0% (N=100)
INFO:tensorflow:2019-10-09 17:47:42.470767: Step 140: Train accuracy = 85.0%
I1009 17:47:42.470810 4712924608 retrain.py:1082] 2019-10-09 17:47:42.470767: Step 140: Train accuracy = 85.0%
INFO:tensorflow:2019-10-09 17:47:42.470946: Step 140: Cross entropy = 0.454520
I1009 17:47:42.470957 4712924608 retrain.py:1084] 2019-10-09 17:47:42.470946: Step 140: Cross entropy = 0.454520
INFO:tensorflow:2019-10-09 17:47:42.527005: Step 140: Validation accuracy = 33.0% (N=100)
I1009 17:47:42.527054 4712924608 retrain.py:1100] 2019-10-09 17:47:42.527005: Step 140: Validation accuracy = 33.0% (N=100)
INFO:tensorflow:2019-10-09 17:47:43.083988: Step 150: Train accuracy = 82.0%
I1009 17:47:43.084032 4712924608 retrain.py:1082] 2019-10-09 17:47:43.083988: Step 150: Train accuracy = 82.0%
INFO:tensorflow:2019-10-09 17:47:43.084140: Step 150: Cross entropy = 0.474848
I1009 17:47:43.084150 4712924608 retrain.py:1084] 2019-10-09 17:47:43.084140: Step 150: Cross entropy = 0.474848
INFO:tensorflow:2019-10-09 17:47:43.139868: Step 150: Validation accuracy = 52.0% (N=100)
I1009 17:47:43.139914 4712924608 retrain.py:1100] 2019-10-09 17:47:43.139868: Step 150: Validation accuracy = 52.0% (N=100)
INFO:tensorflow:2019-10-09 17:47:43.693189: Step 160: Train accuracy = 84.0%
I1009 17:47:43.693233 4712924608 retrain.py:1082] 2019-10-09 17:47:43.693189: Step 160: Train accuracy = 84.0%
INFO:tensorflow:2019-10-09 17:47:43.693344: Step 160: Cross entropy = 0.431933
I1009 17:47:43.693355 4712924608 retrain.py:1084] 2019-10-09 17:47:43.693344: Step 160: Cross entropy = 0.431933
INFO:tensorflow:2019-10-09 17:47:43.749292: Step 160: Validation accuracy = 56.0% (N=100)
I1009 17:47:43.749338 4712924608 retrain.py:1100] 2019-10-09 17:47:43.749292: Step 160: Validation accuracy = 56.0% (N=100)
INFO:tensorflow:2019-10-09 17:47:44.303518: Step 170: Train accuracy = 80.0%
I1009 17:47:44.303561 4712924608 retrain.py:1082] 2019-10-09 17:47:44.303518: Step 170: Train accuracy = 80.0%
INFO:tensorflow:2019-10-09 17:47:44.303668: Step 170: Cross entropy = 0.492134
I1009 17:47:44.303678 4712924608 retrain.py:1084] 2019-10-09 17:47:44.303668: Step 170: Cross entropy = 0.492134
INFO:tensorflow:2019-10-09 17:47:44.360349: Step 170: Validation accuracy = 35.0% (N=100)
I1009 17:47:44.360398 4712924608 retrain.py:1100] 2019-10-09 17:47:44.360349: Step 170: Validation accuracy = 35.0% (N=100)
INFO:tensorflow:2019-10-09 17:47:44.914395: Step 180: Train accuracy = 82.0%
I1009 17:47:44.914439 4712924608 retrain.py:1082] 2019-10-09 17:47:44.914395: Step 180: Train accuracy = 82.0%
INFO:tensorflow:2019-10-09 17:47:44.914552: Step 180: Cross entropy = 0.458289
I1009 17:47:44.914563 4712924608 retrain.py:1084] 2019-10-09 17:47:44.914552: Step 180: Cross entropy = 0.458289
INFO:tensorflow:2019-10-09 17:47:44.970767: Step 180: Validation accuracy = 60.0% (N=100)
I1009 17:47:44.970813 4712924608 retrain.py:1100] 2019-10-09 17:47:44.970767: Step 180: Validation accuracy = 60.0% (N=100)
INFO:tensorflow:2019-10-09 17:47:45.523730: Step 190: Train accuracy = 88.0%
I1009 17:47:45.523776 4712924608 retrain.py:1082] 2019-10-09 17:47:45.523730: Step 190: Train accuracy = 88.0%
INFO:tensorflow:2019-10-09 17:47:45.523886: Step 190: Cross entropy = 0.403606
I1009 17:47:45.523898 4712924608 retrain.py:1084] 2019-10-09 17:47:45.523886: Step 190: Cross entropy = 0.403606
INFO:tensorflow:2019-10-09 17:47:45.579762: Step 190: Validation accuracy = 55.0% (N=100)
I1009 17:47:45.579807 4712924608 retrain.py:1100] 2019-10-09 17:47:45.579762: Step 190: Validation accuracy = 55.0% (N=100)
INFO:tensorflow:2019-10-09 17:47:46.134863: Step 200: Train accuracy = 80.0%
I1009 17:47:46.134906 4712924608 retrain.py:1082] 2019-10-09 17:47:46.134863: Step 200: Train accuracy = 80.0%
INFO:tensorflow:2019-10-09 17:47:46.135015: Step 200: Cross entropy = 0.428140
I1009 17:47:46.135027 4712924608 retrain.py:1084] 2019-10-09 17:47:46.135015: Step 200: Cross entropy = 0.428140
INFO:tensorflow:2019-10-09 17:47:46.190847: Step 200: Validation accuracy = 55.0% (N=100)
I1009 17:47:46.190894 4712924608 retrain.py:1100] 2019-10-09 17:47:46.190847: Step 200: Validation accuracy = 55.0% (N=100)
INFO:tensorflow:2019-10-09 17:47:46.745625: Step 210: Train accuracy = 86.0%
I1009 17:47:46.745669 4712924608 retrain.py:1082] 2019-10-09 17:47:46.745625: Step 210: Train accuracy = 86.0%
INFO:tensorflow:2019-10-09 17:47:46.745779: Step 210: Cross entropy = 0.398727
I1009 17:47:46.745790 4712924608 retrain.py:1084] 2019-10-09 17:47:46.745779: Step 210: Cross entropy = 0.398727
INFO:tensorflow:2019-10-09 17:47:46.802244: Step 210: Validation accuracy = 47.0% (N=100)
I1009 17:47:46.802293 4712924608 retrain.py:1100] 2019-10-09 17:47:46.802244: Step 210: Validation accuracy = 47.0% (N=100)
INFO:tensorflow:2019-10-09 17:47:47.355897: Step 220: Train accuracy = 80.0%
I1009 17:47:47.355941 4712924608 retrain.py:1082] 2019-10-09 17:47:47.355897: Step 220: Train accuracy = 80.0%
INFO:tensorflow:2019-10-09 17:47:47.356052: Step 220: Cross entropy = 0.438914
I1009 17:47:47.356064 4712924608 retrain.py:1084] 2019-10-09 17:47:47.356052: Step 220: Cross entropy = 0.438914
INFO:tensorflow:2019-10-09 17:47:47.412195: Step 220: Validation accuracy = 37.0% (N=100)
I1009 17:47:47.412239 4712924608 retrain.py:1100] 2019-10-09 17:47:47.412195: Step 220: Validation accuracy = 37.0% (N=100)
INFO:tensorflow:2019-10-09 17:47:47.965453: Step 230: Train accuracy = 88.0%
I1009 17:47:47.965498 4712924608 retrain.py:1082] 2019-10-09 17:47:47.965453: Step 230: Train accuracy = 88.0%
INFO:tensorflow:2019-10-09 17:47:47.965606: Step 230: Cross entropy = 0.402389
I1009 17:47:47.965617 4712924608 retrain.py:1084] 2019-10-09 17:47:47.965606: Step 230: Cross entropy = 0.402389
INFO:tensorflow:2019-10-09 17:47:48.021584: Step 230: Validation accuracy = 32.0% (N=100)
I1009 17:47:48.021631 4712924608 retrain.py:1100] 2019-10-09 17:47:48.021584: Step 230: Validation accuracy = 32.0% (N=100)
INFO:tensorflow:2019-10-09 17:47:48.575425: Step 240: Train accuracy = 84.0%
I1009 17:47:48.575469 4712924608 retrain.py:1082] 2019-10-09 17:47:48.575425: Step 240: Train accuracy = 84.0%
INFO:tensorflow:2019-10-09 17:47:48.575577: Step 240: Cross entropy = 0.463462
I1009 17:47:48.575587 4712924608 retrain.py:1084] 2019-10-09 17:47:48.575577: Step 240: Cross entropy = 0.463462
INFO:tensorflow:2019-10-09 17:47:48.632049: Step 240: Validation accuracy = 46.0% (N=100)
I1009 17:47:48.632093 4712924608 retrain.py:1100] 2019-10-09 17:47:48.632049: Step 240: Validation accuracy = 46.0% (N=100)
INFO:tensorflow:2019-10-09 17:47:49.185402: Step 250: Train accuracy = 85.0%
I1009 17:47:49.185444 4712924608 retrain.py:1082] 2019-10-09 17:47:49.185402: Step 250: Train accuracy = 85.0%
INFO:tensorflow:2019-10-09 17:47:49.185552: Step 250: Cross entropy = 0.392368
I1009 17:47:49.185562 4712924608 retrain.py:1084] 2019-10-09 17:47:49.185552: Step 250: Cross entropy = 0.392368
INFO:tensorflow:2019-10-09 17:47:49.241431: Step 250: Validation accuracy = 49.0% (N=100)
I1009 17:47:49.241477 4712924608 retrain.py:1100] 2019-10-09 17:47:49.241431: Step 250: Validation accuracy = 49.0% (N=100)
INFO:tensorflow:2019-10-09 17:47:49.796611: Step 260: Train accuracy = 89.0%
I1009 17:47:49.796655 4712924608 retrain.py:1082] 2019-10-09 17:47:49.796611: Step 260: Train accuracy = 89.0%
INFO:tensorflow:2019-10-09 17:47:49.796765: Step 260: Cross entropy = 0.378068
I1009 17:47:49.796775 4712924608 retrain.py:1084] 2019-10-09 17:47:49.796765: Step 260: Cross entropy = 0.378068
INFO:tensorflow:2019-10-09 17:47:49.852948: Step 260: Validation accuracy = 48.0% (N=100)
I1009 17:47:49.852993 4712924608 retrain.py:1100] 2019-10-09 17:47:49.852948: Step 260: Validation accuracy = 48.0% (N=100)
INFO:tensorflow:2019-10-09 17:47:50.407945: Step 270: Train accuracy = 89.0%
I1009 17:47:50.407989 4712924608 retrain.py:1082] 2019-10-09 17:47:50.407945: Step 270: Train accuracy = 89.0%
INFO:tensorflow:2019-10-09 17:47:50.408099: Step 270: Cross entropy = 0.372855
I1009 17:47:50.408110 4712924608 retrain.py:1084] 2019-10-09 17:47:50.408099: Step 270: Cross entropy = 0.372855
INFO:tensorflow:2019-10-09 17:47:50.464251: Step 270: Validation accuracy = 39.0% (N=100)
I1009 17:47:50.464298 4712924608 retrain.py:1100] 2019-10-09 17:47:50.464251: Step 270: Validation accuracy = 39.0% (N=100)
INFO:tensorflow:2019-10-09 17:47:51.018503: Step 280: Train accuracy = 89.0%
I1009 17:47:51.018548 4712924608 retrain.py:1082] 2019-10-09 17:47:51.018503: Step 280: Train accuracy = 89.0%
INFO:tensorflow:2019-10-09 17:47:51.018662: Step 280: Cross entropy = 0.394265
I1009 17:47:51.018672 4712924608 retrain.py:1084] 2019-10-09 17:47:51.018662: Step 280: Cross entropy = 0.394265
INFO:tensorflow:2019-10-09 17:47:51.075118: Step 280: Validation accuracy = 44.0% (N=100)
I1009 17:47:51.075165 4712924608 retrain.py:1100] 2019-10-09 17:47:51.075118: Step 280: Validation accuracy = 44.0% (N=100)
INFO:tensorflow:2019-10-09 17:47:51.629398: Step 290: Train accuracy = 86.0%
I1009 17:47:51.629441 4712924608 retrain.py:1082] 2019-10-09 17:47:51.629398: Step 290: Train accuracy = 86.0%
INFO:tensorflow:2019-10-09 17:47:51.629551: Step 290: Cross entropy = 0.385802
I1009 17:47:51.629561 4712924608 retrain.py:1084] 2019-10-09 17:47:51.629551: Step 290: Cross entropy = 0.385802
INFO:tensorflow:2019-10-09 17:47:51.685526: Step 290: Validation accuracy = 50.0% (N=100)
I1009 17:47:51.685573 4712924608 retrain.py:1100] 2019-10-09 17:47:51.685526: Step 290: Validation accuracy = 50.0% (N=100)
INFO:tensorflow:2019-10-09 17:47:52.238415: Step 300: Train accuracy = 89.0%
I1009 17:47:52.238459 4712924608 retrain.py:1082] 2019-10-09 17:47:52.238415: Step 300: Train accuracy = 89.0%
INFO:tensorflow:2019-10-09 17:47:52.238573: Step 300: Cross entropy = 0.363494
I1009 17:47:52.238584 4712924608 retrain.py:1084] 2019-10-09 17:47:52.238573: Step 300: Cross entropy = 0.363494
INFO:tensorflow:2019-10-09 17:47:52.294542: Step 300: Validation accuracy = 39.0% (N=100)
I1009 17:47:52.294590 4712924608 retrain.py:1100] 2019-10-09 17:47:52.294542: Step 300: Validation accuracy = 39.0% (N=100)
INFO:tensorflow:2019-10-09 17:47:52.849774: Step 310: Train accuracy = 91.0%
I1009 17:47:52.849820 4712924608 retrain.py:1082] 2019-10-09 17:47:52.849774: Step 310: Train accuracy = 91.0%
INFO:tensorflow:2019-10-09 17:47:52.849931: Step 310: Cross entropy = 0.366573
I1009 17:47:52.849942 4712924608 retrain.py:1084] 2019-10-09 17:47:52.849931: Step 310: Cross entropy = 0.366573
INFO:tensorflow:2019-10-09 17:47:52.906378: Step 310: Validation accuracy = 37.0% (N=100)
I1009 17:47:52.906421 4712924608 retrain.py:1100] 2019-10-09 17:47:52.906378: Step 310: Validation accuracy = 37.0% (N=100)
INFO:tensorflow:2019-10-09 17:47:53.462042: Step 320: Train accuracy = 96.0%
I1009 17:47:53.462085 4712924608 retrain.py:1082] 2019-10-09 17:47:53.462042: Step 320: Train accuracy = 96.0%
INFO:tensorflow:2019-10-09 17:47:53.462195: Step 320: Cross entropy = 0.335001
I1009 17:47:53.462205 4712924608 retrain.py:1084] 2019-10-09 17:47:53.462195: Step 320: Cross entropy = 0.335001
INFO:tensorflow:2019-10-09 17:47:53.518227: Step 320: Validation accuracy = 42.0% (N=100)
I1009 17:47:53.518273 4712924608 retrain.py:1100] 2019-10-09 17:47:53.518227: Step 320: Validation accuracy = 42.0% (N=100)
INFO:tensorflow:2019-10-09 17:47:54.071841: Step 330: Train accuracy = 91.0%
I1009 17:47:54.071886 4712924608 retrain.py:1082] 2019-10-09 17:47:54.071841: Step 330: Train accuracy = 91.0%
INFO:tensorflow:2019-10-09 17:47:54.072011: Step 330: Cross entropy = 0.369363
I1009 17:47:54.072021 4712924608 retrain.py:1084] 2019-10-09 17:47:54.072011: Step 330: Cross entropy = 0.369363
INFO:tensorflow:2019-10-09 17:47:54.128152: Step 330: Validation accuracy = 39.0% (N=100)
I1009 17:47:54.128200 4712924608 retrain.py:1100] 2019-10-09 17:47:54.128152: Step 330: Validation accuracy = 39.0% (N=100)
INFO:tensorflow:2019-10-09 17:47:54.681586: Step 340: Train accuracy = 91.0%
I1009 17:47:54.681629 4712924608 retrain.py:1082] 2019-10-09 17:47:54.681586: Step 340: Train accuracy = 91.0%
INFO:tensorflow:2019-10-09 17:47:54.681738: Step 340: Cross entropy = 0.341334
I1009 17:47:54.681749 4712924608 retrain.py:1084] 2019-10-09 17:47:54.681738: Step 340: Cross entropy = 0.341334
INFO:tensorflow:2019-10-09 17:47:54.737637: Step 340: Validation accuracy = 46.0% (N=100)
I1009 17:47:54.737683 4712924608 retrain.py:1100] 2019-10-09 17:47:54.737637: Step 340: Validation accuracy = 46.0% (N=100)
INFO:tensorflow:2019-10-09 17:47:55.291045: Step 350: Train accuracy = 91.0%
I1009 17:47:55.291090 4712924608 retrain.py:1082] 2019-10-09 17:47:55.291045: Step 350: Train accuracy = 91.0%
INFO:tensorflow:2019-10-09 17:47:55.291199: Step 350: Cross entropy = 0.318814
I1009 17:47:55.291212 4712924608 retrain.py:1084] 2019-10-09 17:47:55.291199: Step 350: Cross entropy = 0.318814
INFO:tensorflow:2019-10-09 17:47:55.348014: Step 350: Validation accuracy = 36.0% (N=100)
I1009 17:47:55.348060 4712924608 retrain.py:1100] 2019-10-09 17:47:55.348014: Step 350: Validation accuracy = 36.0% (N=100)
INFO:tensorflow:2019-10-09 17:47:55.902020: Step 360: Train accuracy = 89.0%
I1009 17:47:55.902063 4712924608 retrain.py:1082] 2019-10-09 17:47:55.902020: Step 360: Train accuracy = 89.0%
INFO:tensorflow:2019-10-09 17:47:55.902170: Step 360: Cross entropy = 0.361027
I1009 17:47:55.902181 4712924608 retrain.py:1084] 2019-10-09 17:47:55.902170: Step 360: Cross entropy = 0.361027
INFO:tensorflow:2019-10-09 17:47:55.958764: Step 360: Validation accuracy = 54.0% (N=100)
I1009 17:47:55.958810 4712924608 retrain.py:1100] 2019-10-09 17:47:55.958764: Step 360: Validation accuracy = 54.0% (N=100)
INFO:tensorflow:2019-10-09 17:47:56.511411: Step 370: Train accuracy = 91.0%
I1009 17:47:56.511455 4712924608 retrain.py:1082] 2019-10-09 17:47:56.511411: Step 370: Train accuracy = 91.0%
INFO:tensorflow:2019-10-09 17:47:56.511562: Step 370: Cross entropy = 0.358695
I1009 17:47:56.511573 4712924608 retrain.py:1084] 2019-10-09 17:47:56.511562: Step 370: Cross entropy = 0.358695
INFO:tensorflow:2019-10-09 17:47:56.567637: Step 370: Validation accuracy = 40.0% (N=100)
I1009 17:47:56.567685 4712924608 retrain.py:1100] 2019-10-09 17:47:56.567637: Step 370: Validation accuracy = 40.0% (N=100)
INFO:tensorflow:2019-10-09 17:47:57.122949: Step 380: Train accuracy = 91.0%
I1009 17:47:57.122992 4712924608 retrain.py:1082] 2019-10-09 17:47:57.122949: Step 380: Train accuracy = 91.0%
INFO:tensorflow:2019-10-09 17:47:57.123115: Step 380: Cross entropy = 0.333044
I1009 17:47:57.123128 4712924608 retrain.py:1084] 2019-10-09 17:47:57.123115: Step 380: Cross entropy = 0.333044
INFO:tensorflow:2019-10-09 17:47:57.179012: Step 380: Validation accuracy = 36.0% (N=100)
I1009 17:47:57.179054 4712924608 retrain.py:1100] 2019-10-09 17:47:57.179012: Step 380: Validation accuracy = 36.0% (N=100)
INFO:tensorflow:2019-10-09 17:47:57.733274: Step 390: Train accuracy = 90.0%
I1009 17:47:57.733317 4712924608 retrain.py:1082] 2019-10-09 17:47:57.733274: Step 390: Train accuracy = 90.0%
INFO:tensorflow:2019-10-09 17:47:57.733429: Step 390: Cross entropy = 0.343769
I1009 17:47:57.733441 4712924608 retrain.py:1084] 2019-10-09 17:47:57.733429: Step 390: Cross entropy = 0.343769
INFO:tensorflow:2019-10-09 17:47:57.789350: Step 390: Validation accuracy = 39.0% (N=100)
I1009 17:47:57.789397 4712924608 retrain.py:1100] 2019-10-09 17:47:57.789350: Step 390: Validation accuracy = 39.0% (N=100)
INFO:tensorflow:2019-10-09 17:47:58.342517: Step 400: Train accuracy = 94.0%
I1009 17:47:58.342560 4712924608 retrain.py:1082] 2019-10-09 17:47:58.342517: Step 400: Train accuracy = 94.0%
INFO:tensorflow:2019-10-09 17:47:58.342668: Step 400: Cross entropy = 0.312306
I1009 17:47:58.342693 4712924608 retrain.py:1084] 2019-10-09 17:47:58.342668: Step 400: Cross entropy = 0.312306
INFO:tensorflow:2019-10-09 17:47:58.398729: Step 400: Validation accuracy = 48.0% (N=100)
I1009 17:47:58.398773 4712924608 retrain.py:1100] 2019-10-09 17:47:58.398729: Step 400: Validation accuracy = 48.0% (N=100)
INFO:tensorflow:2019-10-09 17:47:58.951562: Step 410: Train accuracy = 86.0%
I1009 17:47:58.951606 4712924608 retrain.py:1082] 2019-10-09 17:47:58.951562: Step 410: Train accuracy = 86.0%
INFO:tensorflow:2019-10-09 17:47:58.951713: Step 410: Cross entropy = 0.374913
I1009 17:47:58.951724 4712924608 retrain.py:1084] 2019-10-09 17:47:58.951713: Step 410: Cross entropy = 0.374913
INFO:tensorflow:2019-10-09 17:47:59.007576: Step 410: Validation accuracy = 36.0% (N=100)
I1009 17:47:59.007620 4712924608 retrain.py:1100] 2019-10-09 17:47:59.007576: Step 410: Validation accuracy = 36.0% (N=100)
INFO:tensorflow:2019-10-09 17:47:59.561493: Step 420: Train accuracy = 86.0%
I1009 17:47:59.561537 4712924608 retrain.py:1082] 2019-10-09 17:47:59.561493: Step 420: Train accuracy = 86.0%
INFO:tensorflow:2019-10-09 17:47:59.561649: Step 420: Cross entropy = 0.373291
I1009 17:47:59.561661 4712924608 retrain.py:1084] 2019-10-09 17:47:59.561649: Step 420: Cross entropy = 0.373291
INFO:tensorflow:2019-10-09 17:47:59.617568: Step 420: Validation accuracy = 38.0% (N=100)
I1009 17:47:59.617614 4712924608 retrain.py:1100] 2019-10-09 17:47:59.617568: Step 420: Validation accuracy = 38.0% (N=100)
INFO:tensorflow:2019-10-09 17:48:00.171288: Step 430: Train accuracy = 88.0%
I1009 17:48:00.171332 4712924608 retrain.py:1082] 2019-10-09 17:48:00.171288: Step 430: Train accuracy = 88.0%
INFO:tensorflow:2019-10-09 17:48:00.171470: Step 430: Cross entropy = 0.371742
I1009 17:48:00.171503 4712924608 retrain.py:1084] 2019-10-09 17:48:00.171470: Step 430: Cross entropy = 0.371742
INFO:tensorflow:2019-10-09 17:48:00.227560: Step 430: Validation accuracy = 37.0% (N=100)
I1009 17:48:00.227609 4712924608 retrain.py:1100] 2019-10-09 17:48:00.227560: Step 430: Validation accuracy = 37.0% (N=100)
INFO:tensorflow:2019-10-09 17:48:00.780355: Step 440: Train accuracy = 95.0%
I1009 17:48:00.780398 4712924608 retrain.py:1082] 2019-10-09 17:48:00.780355: Step 440: Train accuracy = 95.0%
INFO:tensorflow:2019-10-09 17:48:00.780508: Step 440: Cross entropy = 0.313178
I1009 17:48:00.780519 4712924608 retrain.py:1084] 2019-10-09 17:48:00.780508: Step 440: Cross entropy = 0.313178
INFO:tensorflow:2019-10-09 17:48:00.837145: Step 440: Validation accuracy = 38.0% (N=100)
I1009 17:48:00.837189 4712924608 retrain.py:1100] 2019-10-09 17:48:00.837145: Step 440: Validation accuracy = 38.0% (N=100)
INFO:tensorflow:2019-10-09 17:48:01.390630: Step 450: Train accuracy = 92.0%
I1009 17:48:01.390674 4712924608 retrain.py:1082] 2019-10-09 17:48:01.390630: Step 450: Train accuracy = 92.0%
INFO:tensorflow:2019-10-09 17:48:01.390785: Step 450: Cross entropy = 0.326645
I1009 17:48:01.390797 4712924608 retrain.py:1084] 2019-10-09 17:48:01.390785: Step 450: Cross entropy = 0.326645
INFO:tensorflow:2019-10-09 17:48:01.446979: Step 450: Validation accuracy = 37.0% (N=100)
I1009 17:48:01.447026 4712924608 retrain.py:1100] 2019-10-09 17:48:01.446979: Step 450: Validation accuracy = 37.0% (N=100)
INFO:tensorflow:2019-10-09 17:48:02.000773: Step 460: Train accuracy = 90.0%
I1009 17:48:02.000818 4712924608 retrain.py:1082] 2019-10-09 17:48:02.000773: Step 460: Train accuracy = 90.0%
INFO:tensorflow:2019-10-09 17:48:02.000932: Step 460: Cross entropy = 0.321434
I1009 17:48:02.000944 4712924608 retrain.py:1084] 2019-10-09 17:48:02.000932: Step 460: Cross entropy = 0.321434
INFO:tensorflow:2019-10-09 17:48:02.056919: Step 460: Validation accuracy = 36.0% (N=100)
I1009 17:48:02.056965 4712924608 retrain.py:1100] 2019-10-09 17:48:02.056919: Step 460: Validation accuracy = 36.0% (N=100)
INFO:tensorflow:2019-10-09 17:48:02.611559: Step 470: Train accuracy = 91.0%
I1009 17:48:02.611603 4712924608 retrain.py:1082] 2019-10-09 17:48:02.611559: Step 470: Train accuracy = 91.0%
INFO:tensorflow:2019-10-09 17:48:02.611712: Step 470: Cross entropy = 0.292949
I1009 17:48:02.611724 4712924608 retrain.py:1084] 2019-10-09 17:48:02.611712: Step 470: Cross entropy = 0.292949
INFO:tensorflow:2019-10-09 17:48:02.667637: Step 470: Validation accuracy = 36.0% (N=100)
I1009 17:48:02.667685 4712924608 retrain.py:1100] 2019-10-09 17:48:02.667637: Step 470: Validation accuracy = 36.0% (N=100)
INFO:tensorflow:2019-10-09 17:48:03.222126: Step 480: Train accuracy = 91.0%
I1009 17:48:03.222181 4712924608 retrain.py:1082] 2019-10-09 17:48:03.222126: Step 480: Train accuracy = 91.0%
INFO:tensorflow:2019-10-09 17:48:03.222319: Step 480: Cross entropy = 0.319297
I1009 17:48:03.222332 4712924608 retrain.py:1084] 2019-10-09 17:48:03.222319: Step 480: Cross entropy = 0.319297
INFO:tensorflow:2019-10-09 17:48:03.278349: Step 480: Validation accuracy = 38.0% (N=100)
I1009 17:48:03.278395 4712924608 retrain.py:1100] 2019-10-09 17:48:03.278349: Step 480: Validation accuracy = 38.0% (N=100)
INFO:tensorflow:2019-10-09 17:48:03.833641: Step 490: Train accuracy = 89.0%
I1009 17:48:03.833684 4712924608 retrain.py:1082] 2019-10-09 17:48:03.833641: Step 490: Train accuracy = 89.0%
INFO:tensorflow:2019-10-09 17:48:03.833796: Step 490: Cross entropy = 0.306700
I1009 17:48:03.833807 4712924608 retrain.py:1084] 2019-10-09 17:48:03.833796: Step 490: Cross entropy = 0.306700
INFO:tensorflow:2019-10-09 17:48:03.889984: Step 490: Validation accuracy = 40.0% (N=100)
I1009 17:48:03.890033 4712924608 retrain.py:1100] 2019-10-09 17:48:03.889984: Step 490: Validation accuracy = 40.0% (N=100)
INFO:tensorflow:2019-10-09 17:48:04.444112: Step 500: Train accuracy = 91.0%
I1009 17:48:04.444159 4712924608 retrain.py:1082] 2019-10-09 17:48:04.444112: Step 500: Train accuracy = 91.0%
INFO:tensorflow:2019-10-09 17:48:04.444275: Step 500: Cross entropy = 0.281709
I1009 17:48:04.444288 4712924608 retrain.py:1084] 2019-10-09 17:48:04.444275: Step 500: Cross entropy = 0.281709
INFO:tensorflow:2019-10-09 17:48:04.500271: Step 500: Validation accuracy = 41.0% (N=100)
I1009 17:48:04.500319 4712924608 retrain.py:1100] 2019-10-09 17:48:04.500271: Step 500: Validation accuracy = 41.0% (N=100)
INFO:tensorflow:2019-10-09 17:48:05.053499: Step 510: Train accuracy = 93.0%
I1009 17:48:05.053542 4712924608 retrain.py:1082] 2019-10-09 17:48:05.053499: Step 510: Train accuracy = 93.0%
INFO:tensorflow:2019-10-09 17:48:05.053652: Step 510: Cross entropy = 0.309343
I1009 17:48:05.053663 4712924608 retrain.py:1084] 2019-10-09 17:48:05.053652: Step 510: Cross entropy = 0.309343
INFO:tensorflow:2019-10-09 17:48:05.109577: Step 510: Validation accuracy = 32.0% (N=100)
I1009 17:48:05.109622 4712924608 retrain.py:1100] 2019-10-09 17:48:05.109577: Step 510: Validation accuracy = 32.0% (N=100)
INFO:tensorflow:2019-10-09 17:48:05.663627: Step 520: Train accuracy = 93.0%
I1009 17:48:05.663673 4712924608 retrain.py:1082] 2019-10-09 17:48:05.663627: Step 520: Train accuracy = 93.0%
INFO:tensorflow:2019-10-09 17:48:05.663782: Step 520: Cross entropy = 0.289167
I1009 17:48:05.663794 4712924608 retrain.py:1084] 2019-10-09 17:48:05.663782: Step 520: Cross entropy = 0.289167
INFO:tensorflow:2019-10-09 17:48:05.719711: Step 520: Validation accuracy = 26.0% (N=100)
I1009 17:48:05.719753 4712924608 retrain.py:1100] 2019-10-09 17:48:05.719711: Step 520: Validation accuracy = 26.0% (N=100)
INFO:tensorflow:2019-10-09 17:48:06.273068: Step 530: Train accuracy = 89.0%
I1009 17:48:06.273137 4712924608 retrain.py:1082] 2019-10-09 17:48:06.273068: Step 530: Train accuracy = 89.0%
INFO:tensorflow:2019-10-09 17:48:06.273272: Step 530: Cross entropy = 0.293579
I1009 17:48:06.273284 4712924608 retrain.py:1084] 2019-10-09 17:48:06.273272: Step 530: Cross entropy = 0.293579
INFO:tensorflow:2019-10-09 17:48:06.329444: Step 530: Validation accuracy = 29.0% (N=100)
I1009 17:48:06.329491 4712924608 retrain.py:1100] 2019-10-09 17:48:06.329444: Step 530: Validation accuracy = 29.0% (N=100)
INFO:tensorflow:2019-10-09 17:48:06.883993: Step 540: Train accuracy = 96.0%
I1009 17:48:06.884038 4712924608 retrain.py:1082] 2019-10-09 17:48:06.883993: Step 540: Train accuracy = 96.0%
INFO:tensorflow:2019-10-09 17:48:06.884152: Step 540: Cross entropy = 0.311554
I1009 17:48:06.884166 4712924608 retrain.py:1084] 2019-10-09 17:48:06.884152: Step 540: Cross entropy = 0.311554
INFO:tensorflow:2019-10-09 17:48:06.940041: Step 540: Validation accuracy = 32.0% (N=100)
I1009 17:48:06.940088 4712924608 retrain.py:1100] 2019-10-09 17:48:06.940041: Step 540: Validation accuracy = 32.0% (N=100)
INFO:tensorflow:2019-10-09 17:48:07.493937: Step 550: Train accuracy = 93.0%
I1009 17:48:07.493978 4712924608 retrain.py:1082] 2019-10-09 17:48:07.493937: Step 550: Train accuracy = 93.0%
INFO:tensorflow:2019-10-09 17:48:07.494090: Step 550: Cross entropy = 0.291436
I1009 17:48:07.494102 4712924608 retrain.py:1084] 2019-10-09 17:48:07.494090: Step 550: Cross entropy = 0.291436
INFO:tensorflow:2019-10-09 17:48:07.550081: Step 550: Validation accuracy = 38.0% (N=100)
I1009 17:48:07.550129 4712924608 retrain.py:1100] 2019-10-09 17:48:07.550081: Step 550: Validation accuracy = 38.0% (N=100)
INFO:tensorflow:2019-10-09 17:48:08.104673: Step 560: Train accuracy = 94.0%
I1009 17:48:08.104715 4712924608 retrain.py:1082] 2019-10-09 17:48:08.104673: Step 560: Train accuracy = 94.0%
INFO:tensorflow:2019-10-09 17:48:08.104822: Step 560: Cross entropy = 0.283874
I1009 17:48:08.104833 4712924608 retrain.py:1084] 2019-10-09 17:48:08.104822: Step 560: Cross entropy = 0.283874
INFO:tensorflow:2019-10-09 17:48:08.160769: Step 560: Validation accuracy = 33.0% (N=100)
I1009 17:48:08.160816 4712924608 retrain.py:1100] 2019-10-09 17:48:08.160769: Step 560: Validation accuracy = 33.0% (N=100)
INFO:tensorflow:2019-10-09 17:48:08.714361: Step 570: Train accuracy = 94.0%
I1009 17:48:08.714406 4712924608 retrain.py:1082] 2019-10-09 17:48:08.714361: Step 570: Train accuracy = 94.0%
INFO:tensorflow:2019-10-09 17:48:08.714515: Step 570: Cross entropy = 0.266254
I1009 17:48:08.714540 4712924608 retrain.py:1084] 2019-10-09 17:48:08.714515: Step 570: Cross entropy = 0.266254
INFO:tensorflow:2019-10-09 17:48:08.770640: Step 570: Validation accuracy = 32.0% (N=100)
I1009 17:48:08.770689 4712924608 retrain.py:1100] 2019-10-09 17:48:08.770640: Step 570: Validation accuracy = 32.0% (N=100)
INFO:tensorflow:2019-10-09 17:48:09.324801: Step 580: Train accuracy = 93.0%
I1009 17:48:09.324856 4712924608 retrain.py:1082] 2019-10-09 17:48:09.324801: Step 580: Train accuracy = 93.0%
INFO:tensorflow:2019-10-09 17:48:09.324991: Step 580: Cross entropy = 0.289868
I1009 17:48:09.325002 4712924608 retrain.py:1084] 2019-10-09 17:48:09.324991: Step 580: Cross entropy = 0.289868
INFO:tensorflow:2019-10-09 17:48:09.380940: Step 580: Validation accuracy = 34.0% (N=100)
I1009 17:48:09.380987 4712924608 retrain.py:1100] 2019-10-09 17:48:09.380940: Step 580: Validation accuracy = 34.0% (N=100)
INFO:tensorflow:2019-10-09 17:48:09.934999: Step 590: Train accuracy = 90.0%
I1009 17:48:09.935043 4712924608 retrain.py:1082] 2019-10-09 17:48:09.934999: Step 590: Train accuracy = 90.0%
INFO:tensorflow:2019-10-09 17:48:09.935152: Step 590: Cross entropy = 0.310250
I1009 17:48:09.935178 4712924608 retrain.py:1084] 2019-10-09 17:48:09.935152: Step 590: Cross entropy = 0.310250
INFO:tensorflow:2019-10-09 17:48:09.991423: Step 590: Validation accuracy = 34.0% (N=100)
I1009 17:48:09.991470 4712924608 retrain.py:1100] 2019-10-09 17:48:09.991423: Step 590: Validation accuracy = 34.0% (N=100)
INFO:tensorflow:2019-10-09 17:48:10.546234: Step 600: Train accuracy = 93.0%
I1009 17:48:10.546277 4712924608 retrain.py:1082] 2019-10-09 17:48:10.546234: Step 600: Train accuracy = 93.0%
INFO:tensorflow:2019-10-09 17:48:10.546383: Step 600: Cross entropy = 0.268657
I1009 17:48:10.546396 4712924608 retrain.py:1084] 2019-10-09 17:48:10.546383: Step 600: Cross entropy = 0.268657
INFO:tensorflow:2019-10-09 17:48:10.602395: Step 600: Validation accuracy = 43.0% (N=100)
I1009 17:48:10.602442 4712924608 retrain.py:1100] 2019-10-09 17:48:10.602395: Step 600: Validation accuracy = 43.0% (N=100)
INFO:tensorflow:2019-10-09 17:48:11.157881: Step 610: Train accuracy = 95.0%
I1009 17:48:11.157925 4712924608 retrain.py:1082] 2019-10-09 17:48:11.157881: Step 610: Train accuracy = 95.0%
INFO:tensorflow:2019-10-09 17:48:11.158034: Step 610: Cross entropy = 0.240440
I1009 17:48:11.158044 4712924608 retrain.py:1084] 2019-10-09 17:48:11.158034: Step 610: Cross entropy = 0.240440
INFO:tensorflow:2019-10-09 17:48:11.214147: Step 610: Validation accuracy = 42.0% (N=100)
I1009 17:48:11.214193 4712924608 retrain.py:1100] 2019-10-09 17:48:11.214147: Step 610: Validation accuracy = 42.0% (N=100)
INFO:tensorflow:2019-10-09 17:48:11.768611: Step 620: Train accuracy = 93.0%
I1009 17:48:11.768655 4712924608 retrain.py:1082] 2019-10-09 17:48:11.768611: Step 620: Train accuracy = 93.0%
INFO:tensorflow:2019-10-09 17:48:11.768764: Step 620: Cross entropy = 0.264297
I1009 17:48:11.768774 4712924608 retrain.py:1084] 2019-10-09 17:48:11.768764: Step 620: Cross entropy = 0.264297
INFO:tensorflow:2019-10-09 17:48:11.825336: Step 620: Validation accuracy = 45.0% (N=100)
I1009 17:48:11.825382 4712924608 retrain.py:1100] 2019-10-09 17:48:11.825336: Step 620: Validation accuracy = 45.0% (N=100)
INFO:tensorflow:2019-10-09 17:48:12.378854: Step 630: Train accuracy = 95.0%
I1009 17:48:12.378897 4712924608 retrain.py:1082] 2019-10-09 17:48:12.378854: Step 630: Train accuracy = 95.0%
INFO:tensorflow:2019-10-09 17:48:12.379006: Step 630: Cross entropy = 0.259163
I1009 17:48:12.379016 4712924608 retrain.py:1084] 2019-10-09 17:48:12.379006: Step 630: Cross entropy = 0.259163
INFO:tensorflow:2019-10-09 17:48:12.435117: Step 630: Validation accuracy = 34.0% (N=100)
I1009 17:48:12.435163 4712924608 retrain.py:1100] 2019-10-09 17:48:12.435117: Step 630: Validation accuracy = 34.0% (N=100)
INFO:tensorflow:2019-10-09 17:48:12.992192: Step 640: Train accuracy = 96.0%
I1009 17:48:12.992237 4712924608 retrain.py:1082] 2019-10-09 17:48:12.992192: Step 640: Train accuracy = 96.0%
INFO:tensorflow:2019-10-09 17:48:12.992343: Step 640: Cross entropy = 0.263609
I1009 17:48:12.992354 4712924608 retrain.py:1084] 2019-10-09 17:48:12.992343: Step 640: Cross entropy = 0.263609
INFO:tensorflow:2019-10-09 17:48:13.048405: Step 640: Validation accuracy = 40.0% (N=100)
I1009 17:48:13.048453 4712924608 retrain.py:1100] 2019-10-09 17:48:13.048405: Step 640: Validation accuracy = 40.0% (N=100)
INFO:tensorflow:2019-10-09 17:48:13.603099: Step 650: Train accuracy = 96.0%
I1009 17:48:13.603142 4712924608 retrain.py:1082] 2019-10-09 17:48:13.603099: Step 650: Train accuracy = 96.0%
INFO:tensorflow:2019-10-09 17:48:13.603250: Step 650: Cross entropy = 0.257870
I1009 17:48:13.603261 4712924608 retrain.py:1084] 2019-10-09 17:48:13.603250: Step 650: Cross entropy = 0.257870
INFO:tensorflow:2019-10-09 17:48:13.659253: Step 650: Validation accuracy = 49.0% (N=100)
I1009 17:48:13.659299 4712924608 retrain.py:1100] 2019-10-09 17:48:13.659253: Step 650: Validation accuracy = 49.0% (N=100)
INFO:tensorflow:2019-10-09 17:48:14.213377: Step 660: Train accuracy = 95.0%
I1009 17:48:14.213421 4712924608 retrain.py:1082] 2019-10-09 17:48:14.213377: Step 660: Train accuracy = 95.0%
INFO:tensorflow:2019-10-09 17:48:14.213531: Step 660: Cross entropy = 0.240120
I1009 17:48:14.213541 4712924608 retrain.py:1084] 2019-10-09 17:48:14.213531: Step 660: Cross entropy = 0.240120
INFO:tensorflow:2019-10-09 17:48:14.269720: Step 660: Validation accuracy = 45.0% (N=100)
I1009 17:48:14.269764 4712924608 retrain.py:1100] 2019-10-09 17:48:14.269720: Step 660: Validation accuracy = 45.0% (N=100)
INFO:tensorflow:2019-10-09 17:48:14.823989: Step 670: Train accuracy = 98.0%
I1009 17:48:14.824033 4712924608 retrain.py:1082] 2019-10-09 17:48:14.823989: Step 670: Train accuracy = 98.0%
INFO:tensorflow:2019-10-09 17:48:14.824175: Step 670: Cross entropy = 0.249639
I1009 17:48:14.824187 4712924608 retrain.py:1084] 2019-10-09 17:48:14.824175: Step 670: Cross entropy = 0.249639
INFO:tensorflow:2019-10-09 17:48:14.880313: Step 670: Validation accuracy = 39.0% (N=100)
I1009 17:48:14.880359 4712924608 retrain.py:1100] 2019-10-09 17:48:14.880313: Step 670: Validation accuracy = 39.0% (N=100)
INFO:tensorflow:2019-10-09 17:48:15.434367: Step 680: Train accuracy = 92.0%
I1009 17:48:15.434412 4712924608 retrain.py:1082] 2019-10-09 17:48:15.434367: Step 680: Train accuracy = 92.0%
INFO:tensorflow:2019-10-09 17:48:15.434522: Step 680: Cross entropy = 0.288167
I1009 17:48:15.434533 4712924608 retrain.py:1084] 2019-10-09 17:48:15.434522: Step 680: Cross entropy = 0.288167
INFO:tensorflow:2019-10-09 17:48:15.490511: Step 680: Validation accuracy = 38.0% (N=100)
I1009 17:48:15.490558 4712924608 retrain.py:1100] 2019-10-09 17:48:15.490511: Step 680: Validation accuracy = 38.0% (N=100)
INFO:tensorflow:2019-10-09 17:48:16.044469: Step 690: Train accuracy = 96.0%
I1009 17:48:16.044512 4712924608 retrain.py:1082] 2019-10-09 17:48:16.044469: Step 690: Train accuracy = 96.0%
INFO:tensorflow:2019-10-09 17:48:16.044620: Step 690: Cross entropy = 0.262880
I1009 17:48:16.044631 4712924608 retrain.py:1084] 2019-10-09 17:48:16.044620: Step 690: Cross entropy = 0.262880
INFO:tensorflow:2019-10-09 17:48:16.100612: Step 690: Validation accuracy = 36.0% (N=100)
I1009 17:48:16.100660 4712924608 retrain.py:1100] 2019-10-09 17:48:16.100612: Step 690: Validation accuracy = 36.0% (N=100)
INFO:tensorflow:2019-10-09 17:48:16.655995: Step 700: Train accuracy = 89.0%
I1009 17:48:16.656040 4712924608 retrain.py:1082] 2019-10-09 17:48:16.655995: Step 700: Train accuracy = 89.0%
INFO:tensorflow:2019-10-09 17:48:16.656151: Step 700: Cross entropy = 0.297772
I1009 17:48:16.656162 4712924608 retrain.py:1084] 2019-10-09 17:48:16.656151: Step 700: Cross entropy = 0.297772
INFO:tensorflow:2019-10-09 17:48:16.712214: Step 700: Validation accuracy = 44.0% (N=100)
I1009 17:48:16.712259 4712924608 retrain.py:1100] 2019-10-09 17:48:16.712214: Step 700: Validation accuracy = 44.0% (N=100)
INFO:tensorflow:2019-10-09 17:48:17.266468: Step 710: Train accuracy = 93.0%
I1009 17:48:17.266513 4712924608 retrain.py:1082] 2019-10-09 17:48:17.266468: Step 710: Train accuracy = 93.0%
INFO:tensorflow:2019-10-09 17:48:17.266623: Step 710: Cross entropy = 0.294985
I1009 17:48:17.266634 4712924608 retrain.py:1084] 2019-10-09 17:48:17.266623: Step 710: Cross entropy = 0.294985
INFO:tensorflow:2019-10-09 17:48:17.323331: Step 710: Validation accuracy = 42.0% (N=100)
I1009 17:48:17.323374 4712924608 retrain.py:1100] 2019-10-09 17:48:17.323331: Step 710: Validation accuracy = 42.0% (N=100)
INFO:tensorflow:2019-10-09 17:48:17.878010: Step 720: Train accuracy = 94.0%
I1009 17:48:17.878053 4712924608 retrain.py:1082] 2019-10-09 17:48:17.878010: Step 720: Train accuracy = 94.0%
INFO:tensorflow:2019-10-09 17:48:17.878160: Step 720: Cross entropy = 0.255692
I1009 17:48:17.878170 4712924608 retrain.py:1084] 2019-10-09 17:48:17.878160: Step 720: Cross entropy = 0.255692
INFO:tensorflow:2019-10-09 17:48:17.934274: Step 720: Validation accuracy = 39.0% (N=100)
I1009 17:48:17.934320 4712924608 retrain.py:1100] 2019-10-09 17:48:17.934274: Step 720: Validation accuracy = 39.0% (N=100)
INFO:tensorflow:2019-10-09 17:48:18.490741: Step 730: Train accuracy = 96.0%
I1009 17:48:18.490785 4712924608 retrain.py:1082] 2019-10-09 17:48:18.490741: Step 730: Train accuracy = 96.0%
INFO:tensorflow:2019-10-09 17:48:18.490894: Step 730: Cross entropy = 0.228638
I1009 17:48:18.490906 4712924608 retrain.py:1084] 2019-10-09 17:48:18.490894: Step 730: Cross entropy = 0.228638
INFO:tensorflow:2019-10-09 17:48:18.547088: Step 730: Validation accuracy = 36.0% (N=100)
I1009 17:48:18.547136 4712924608 retrain.py:1100] 2019-10-09 17:48:18.547088: Step 730: Validation accuracy = 36.0% (N=100)
INFO:tensorflow:2019-10-09 17:48:19.101471: Step 740: Train accuracy = 97.0%
I1009 17:48:19.101515 4712924608 retrain.py:1082] 2019-10-09 17:48:19.101471: Step 740: Train accuracy = 97.0%
INFO:tensorflow:2019-10-09 17:48:19.101627: Step 740: Cross entropy = 0.270991
I1009 17:48:19.101637 4712924608 retrain.py:1084] 2019-10-09 17:48:19.101627: Step 740: Cross entropy = 0.270991
INFO:tensorflow:2019-10-09 17:48:19.158044: Step 740: Validation accuracy = 41.0% (N=100)
I1009 17:48:19.158092 4712924608 retrain.py:1100] 2019-10-09 17:48:19.158044: Step 740: Validation accuracy = 41.0% (N=100)
INFO:tensorflow:2019-10-09 17:48:19.711306: Step 750: Train accuracy = 98.0%
I1009 17:48:19.711349 4712924608 retrain.py:1082] 2019-10-09 17:48:19.711306: Step 750: Train accuracy = 98.0%
INFO:tensorflow:2019-10-09 17:48:19.711460: Step 750: Cross entropy = 0.231758
I1009 17:48:19.711472 4712924608 retrain.py:1084] 2019-10-09 17:48:19.711460: Step 750: Cross entropy = 0.231758
INFO:tensorflow:2019-10-09 17:48:19.767304: Step 750: Validation accuracy = 36.0% (N=100)
I1009 17:48:19.767352 4712924608 retrain.py:1100] 2019-10-09 17:48:19.767304: Step 750: Validation accuracy = 36.0% (N=100)
INFO:tensorflow:2019-10-09 17:48:20.321967: Step 760: Train accuracy = 95.0%
I1009 17:48:20.322016 4712924608 retrain.py:1082] 2019-10-09 17:48:20.321967: Step 760: Train accuracy = 95.0%
INFO:tensorflow:2019-10-09 17:48:20.322180: Step 760: Cross entropy = 0.259378
I1009 17:48:20.322191 4712924608 retrain.py:1084] 2019-10-09 17:48:20.322180: Step 760: Cross entropy = 0.259378
INFO:tensorflow:2019-10-09 17:48:20.378200: Step 760: Validation accuracy = 41.0% (N=100)
I1009 17:48:20.378242 4712924608 retrain.py:1100] 2019-10-09 17:48:20.378200: Step 760: Validation accuracy = 41.0% (N=100)
INFO:tensorflow:2019-10-09 17:48:20.932085: Step 770: Train accuracy = 96.0%
I1009 17:48:20.932130 4712924608 retrain.py:1082] 2019-10-09 17:48:20.932085: Step 770: Train accuracy = 96.0%
INFO:tensorflow:2019-10-09 17:48:20.932237: Step 770: Cross entropy = 0.243334
I1009 17:48:20.932248 4712924608 retrain.py:1084] 2019-10-09 17:48:20.932237: Step 770: Cross entropy = 0.243334
INFO:tensorflow:2019-10-09 17:48:20.988379: Step 770: Validation accuracy = 51.0% (N=100)
I1009 17:48:20.988429 4712924608 retrain.py:1100] 2019-10-09 17:48:20.988379: Step 770: Validation accuracy = 51.0% (N=100)
INFO:tensorflow:2019-10-09 17:48:21.543834: Step 780: Train accuracy = 97.0%
I1009 17:48:21.543878 4712924608 retrain.py:1082] 2019-10-09 17:48:21.543834: Step 780: Train accuracy = 97.0%
INFO:tensorflow:2019-10-09 17:48:21.543986: Step 780: Cross entropy = 0.277306
I1009 17:48:21.543998 4712924608 retrain.py:1084] 2019-10-09 17:48:21.543986: Step 780: Cross entropy = 0.277306
INFO:tensorflow:2019-10-09 17:48:21.599985: Step 780: Validation accuracy = 43.0% (N=100)
I1009 17:48:21.600030 4712924608 retrain.py:1100] 2019-10-09 17:48:21.599985: Step 780: Validation accuracy = 43.0% (N=100)
INFO:tensorflow:2019-10-09 17:48:22.155376: Step 790: Train accuracy = 96.0%
I1009 17:48:22.155419 4712924608 retrain.py:1082] 2019-10-09 17:48:22.155376: Step 790: Train accuracy = 96.0%
INFO:tensorflow:2019-10-09 17:48:22.155529: Step 790: Cross entropy = 0.242585
I1009 17:48:22.155539 4712924608 retrain.py:1084] 2019-10-09 17:48:22.155529: Step 790: Cross entropy = 0.242585
INFO:tensorflow:2019-10-09 17:48:22.211530: Step 790: Validation accuracy = 43.0% (N=100)
I1009 17:48:22.211578 4712924608 retrain.py:1100] 2019-10-09 17:48:22.211530: Step 790: Validation accuracy = 43.0% (N=100)
INFO:tensorflow:2019-10-09 17:48:22.765783: Step 800: Train accuracy = 96.0%
I1009 17:48:22.765829 4712924608 retrain.py:1082] 2019-10-09 17:48:22.765783: Step 800: Train accuracy = 96.0%
INFO:tensorflow:2019-10-09 17:48:22.765937: Step 800: Cross entropy = 0.248637
I1009 17:48:22.765947 4712924608 retrain.py:1084] 2019-10-09 17:48:22.765937: Step 800: Cross entropy = 0.248637
INFO:tensorflow:2019-10-09 17:48:22.823780: Step 800: Validation accuracy = 45.0% (N=100)
I1009 17:48:22.823823 4712924608 retrain.py:1100] 2019-10-09 17:48:22.823780: Step 800: Validation accuracy = 45.0% (N=100)
INFO:tensorflow:2019-10-09 17:48:23.378421: Step 810: Train accuracy = 97.0%
I1009 17:48:23.378464 4712924608 retrain.py:1082] 2019-10-09 17:48:23.378421: Step 810: Train accuracy = 97.0%
INFO:tensorflow:2019-10-09 17:48:23.378570: Step 810: Cross entropy = 0.209484
I1009 17:48:23.378596 4712924608 retrain.py:1084] 2019-10-09 17:48:23.378570: Step 810: Cross entropy = 0.209484
INFO:tensorflow:2019-10-09 17:48:23.434933: Step 810: Validation accuracy = 46.0% (N=100)
I1009 17:48:23.434981 4712924608 retrain.py:1100] 2019-10-09 17:48:23.434933: Step 810: Validation accuracy = 46.0% (N=100)
INFO:tensorflow:2019-10-09 17:48:23.989662: Step 820: Train accuracy = 97.0%
I1009 17:48:23.989704 4712924608 retrain.py:1082] 2019-10-09 17:48:23.989662: Step 820: Train accuracy = 97.0%
INFO:tensorflow:2019-10-09 17:48:23.989816: Step 820: Cross entropy = 0.249899
I1009 17:48:23.989828 4712924608 retrain.py:1084] 2019-10-09 17:48:23.989816: Step 820: Cross entropy = 0.249899
INFO:tensorflow:2019-10-09 17:48:24.045836: Step 820: Validation accuracy = 41.0% (N=100)
I1009 17:48:24.045884 4712924608 retrain.py:1100] 2019-10-09 17:48:24.045836: Step 820: Validation accuracy = 41.0% (N=100)
INFO:tensorflow:2019-10-09 17:48:24.600418: Step 830: Train accuracy = 95.0%
I1009 17:48:24.600463 4712924608 retrain.py:1082] 2019-10-09 17:48:24.600418: Step 830: Train accuracy = 95.0%
INFO:tensorflow:2019-10-09 17:48:24.600586: Step 830: Cross entropy = 0.245119
I1009 17:48:24.600599 4712924608 retrain.py:1084] 2019-10-09 17:48:24.600586: Step 830: Cross entropy = 0.245119
INFO:tensorflow:2019-10-09 17:48:24.656707: Step 830: Validation accuracy = 38.0% (N=100)
I1009 17:48:24.656751 4712924608 retrain.py:1100] 2019-10-09 17:48:24.656707: Step 830: Validation accuracy = 38.0% (N=100)
INFO:tensorflow:2019-10-09 17:48:25.211847: Step 840: Train accuracy = 95.0%
I1009 17:48:25.211890 4712924608 retrain.py:1082] 2019-10-09 17:48:25.211847: Step 840: Train accuracy = 95.0%
INFO:tensorflow:2019-10-09 17:48:25.212018: Step 840: Cross entropy = 0.254442
I1009 17:48:25.212049 4712924608 retrain.py:1084] 2019-10-09 17:48:25.212018: Step 840: Cross entropy = 0.254442
INFO:tensorflow:2019-10-09 17:48:25.268414: Step 840: Validation accuracy = 41.0% (N=100)
I1009 17:48:25.268460 4712924608 retrain.py:1100] 2019-10-09 17:48:25.268414: Step 840: Validation accuracy = 41.0% (N=100)
INFO:tensorflow:2019-10-09 17:48:25.824920: Step 850: Train accuracy = 97.0%
I1009 17:48:25.824965 4712924608 retrain.py:1082] 2019-10-09 17:48:25.824920: Step 850: Train accuracy = 97.0%
INFO:tensorflow:2019-10-09 17:48:25.825127: Step 850: Cross entropy = 0.258041
I1009 17:48:25.825139 4712924608 retrain.py:1084] 2019-10-09 17:48:25.825127: Step 850: Cross entropy = 0.258041
INFO:tensorflow:2019-10-09 17:48:25.881477: Step 850: Validation accuracy = 39.0% (N=100)
I1009 17:48:25.881520 4712924608 retrain.py:1100] 2019-10-09 17:48:25.881477: Step 850: Validation accuracy = 39.0% (N=100)
INFO:tensorflow:2019-10-09 17:48:26.436000: Step 860: Train accuracy = 92.0%
I1009 17:48:26.436043 4712924608 retrain.py:1082] 2019-10-09 17:48:26.436000: Step 860: Train accuracy = 92.0%
INFO:tensorflow:2019-10-09 17:48:26.436154: Step 860: Cross entropy = 0.242479
I1009 17:48:26.436165 4712924608 retrain.py:1084] 2019-10-09 17:48:26.436154: Step 860: Cross entropy = 0.242479
INFO:tensorflow:2019-10-09 17:48:26.492447: Step 860: Validation accuracy = 36.0% (N=100)
I1009 17:48:26.492495 4712924608 retrain.py:1100] 2019-10-09 17:48:26.492447: Step 860: Validation accuracy = 36.0% (N=100)
INFO:tensorflow:2019-10-09 17:48:27.047789: Step 870: Train accuracy = 95.0%
I1009 17:48:27.047833 4712924608 retrain.py:1082] 2019-10-09 17:48:27.047789: Step 870: Train accuracy = 95.0%
INFO:tensorflow:2019-10-09 17:48:27.047940: Step 870: Cross entropy = 0.229572
I1009 17:48:27.047951 4712924608 retrain.py:1084] 2019-10-09 17:48:27.047940: Step 870: Cross entropy = 0.229572
INFO:tensorflow:2019-10-09 17:48:27.104144: Step 870: Validation accuracy = 33.0% (N=100)
I1009 17:48:27.104187 4712924608 retrain.py:1100] 2019-10-09 17:48:27.104144: Step 870: Validation accuracy = 33.0% (N=100)
INFO:tensorflow:2019-10-09 17:48:27.659124: Step 880: Train accuracy = 94.0%
I1009 17:48:27.659168 4712924608 retrain.py:1082] 2019-10-09 17:48:27.659124: Step 880: Train accuracy = 94.0%
INFO:tensorflow:2019-10-09 17:48:27.659275: Step 880: Cross entropy = 0.254512
I1009 17:48:27.659286 4712924608 retrain.py:1084] 2019-10-09 17:48:27.659275: Step 880: Cross entropy = 0.254512
INFO:tensorflow:2019-10-09 17:48:27.715206: Step 880: Validation accuracy = 46.0% (N=100)
I1009 17:48:27.715250 4712924608 retrain.py:1100] 2019-10-09 17:48:27.715206: Step 880: Validation accuracy = 46.0% (N=100)
INFO:tensorflow:2019-10-09 17:48:28.271297: Step 890: Train accuracy = 97.0%
I1009 17:48:28.271354 4712924608 retrain.py:1082] 2019-10-09 17:48:28.271297: Step 890: Train accuracy = 97.0%
INFO:tensorflow:2019-10-09 17:48:28.271479: Step 890: Cross entropy = 0.235366
I1009 17:48:28.271488 4712924608 retrain.py:1084] 2019-10-09 17:48:28.271479: Step 890: Cross entropy = 0.235366
INFO:tensorflow:2019-10-09 17:48:28.328107: Step 890: Validation accuracy = 37.0% (N=100)
I1009 17:48:28.328153 4712924608 retrain.py:1100] 2019-10-09 17:48:28.328107: Step 890: Validation accuracy = 37.0% (N=100)
INFO:tensorflow:2019-10-09 17:48:28.883886: Step 900: Train accuracy = 91.0%
I1009 17:48:28.883930 4712924608 retrain.py:1082] 2019-10-09 17:48:28.883886: Step 900: Train accuracy = 91.0%
INFO:tensorflow:2019-10-09 17:48:28.884050: Step 900: Cross entropy = 0.279190
I1009 17:48:28.884073 4712924608 retrain.py:1084] 2019-10-09 17:48:28.884050: Step 900: Cross entropy = 0.279190
INFO:tensorflow:2019-10-09 17:48:28.939945: Step 900: Validation accuracy = 37.0% (N=100)
I1009 17:48:28.939989 4712924608 retrain.py:1100] 2019-10-09 17:48:28.939945: Step 900: Validation accuracy = 37.0% (N=100)
INFO:tensorflow:2019-10-09 17:48:29.495407: Step 910: Train accuracy = 91.0%
I1009 17:48:29.495450 4712924608 retrain.py:1082] 2019-10-09 17:48:29.495407: Step 910: Train accuracy = 91.0%
INFO:tensorflow:2019-10-09 17:48:29.495559: Step 910: Cross entropy = 0.223756
I1009 17:48:29.495571 4712924608 retrain.py:1084] 2019-10-09 17:48:29.495559: Step 910: Cross entropy = 0.223756
INFO:tensorflow:2019-10-09 17:48:29.551641: Step 910: Validation accuracy = 38.0% (N=100)
I1009 17:48:29.551687 4712924608 retrain.py:1100] 2019-10-09 17:48:29.551641: Step 910: Validation accuracy = 38.0% (N=100)
INFO:tensorflow:2019-10-09 17:48:30.107834: Step 920: Train accuracy = 96.0%
I1009 17:48:30.107877 4712924608 retrain.py:1082] 2019-10-09 17:48:30.107834: Step 920: Train accuracy = 96.0%
INFO:tensorflow:2019-10-09 17:48:30.107988: Step 920: Cross entropy = 0.224452
I1009 17:48:30.107999 4712924608 retrain.py:1084] 2019-10-09 17:48:30.107988: Step 920: Cross entropy = 0.224452
INFO:tensorflow:2019-10-09 17:48:30.164220: Step 920: Validation accuracy = 38.0% (N=100)
I1009 17:48:30.164264 4712924608 retrain.py:1100] 2019-10-09 17:48:30.164220: Step 920: Validation accuracy = 38.0% (N=100)
INFO:tensorflow:2019-10-09 17:48:30.720163: Step 930: Train accuracy = 99.0%
I1009 17:48:30.720218 4712924608 retrain.py:1082] 2019-10-09 17:48:30.720163: Step 930: Train accuracy = 99.0%
INFO:tensorflow:2019-10-09 17:48:30.720343: Step 930: Cross entropy = 0.195522
I1009 17:48:30.720355 4712924608 retrain.py:1084] 2019-10-09 17:48:30.720343: Step 930: Cross entropy = 0.195522
INFO:tensorflow:2019-10-09 17:48:30.776718: Step 930: Validation accuracy = 47.0% (N=100)
I1009 17:48:30.776762 4712924608 retrain.py:1100] 2019-10-09 17:48:30.776718: Step 930: Validation accuracy = 47.0% (N=100)
INFO:tensorflow:2019-10-09 17:48:31.332779: Step 940: Train accuracy = 93.0%
I1009 17:48:31.332823 4712924608 retrain.py:1082] 2019-10-09 17:48:31.332779: Step 940: Train accuracy = 93.0%
INFO:tensorflow:2019-10-09 17:48:31.332932: Step 940: Cross entropy = 0.226774
I1009 17:48:31.332943 4712924608 retrain.py:1084] 2019-10-09 17:48:31.332932: Step 940: Cross entropy = 0.226774
INFO:tensorflow:2019-10-09 17:48:31.389039: Step 940: Validation accuracy = 41.0% (N=100)
I1009 17:48:31.389086 4712924608 retrain.py:1100] 2019-10-09 17:48:31.389039: Step 940: Validation accuracy = 41.0% (N=100)
INFO:tensorflow:2019-10-09 17:48:31.943398: Step 950: Train accuracy = 96.0%
I1009 17:48:31.943443 4712924608 retrain.py:1082] 2019-10-09 17:48:31.943398: Step 950: Train accuracy = 96.0%
INFO:tensorflow:2019-10-09 17:48:31.943605: Step 950: Cross entropy = 0.213046
I1009 17:48:31.943621 4712924608 retrain.py:1084] 2019-10-09 17:48:31.943605: Step 950: Cross entropy = 0.213046
INFO:tensorflow:2019-10-09 17:48:31.999669: Step 950: Validation accuracy = 36.0% (N=100)
I1009 17:48:31.999717 4712924608 retrain.py:1100] 2019-10-09 17:48:31.999669: Step 950: Validation accuracy = 36.0% (N=100)
INFO:tensorflow:2019-10-09 17:48:32.554561: Step 960: Train accuracy = 99.0%
I1009 17:48:32.554605 4712924608 retrain.py:1082] 2019-10-09 17:48:32.554561: Step 960: Train accuracy = 99.0%
INFO:tensorflow:2019-10-09 17:48:32.554711: Step 960: Cross entropy = 0.204197
I1009 17:48:32.554722 4712924608 retrain.py:1084] 2019-10-09 17:48:32.554711: Step 960: Cross entropy = 0.204197
INFO:tensorflow:2019-10-09 17:48:32.610747: Step 960: Validation accuracy = 46.0% (N=100)
I1009 17:48:32.610795 4712924608 retrain.py:1100] 2019-10-09 17:48:32.610747: Step 960: Validation accuracy = 46.0% (N=100)
INFO:tensorflow:2019-10-09 17:48:33.165900: Step 970: Train accuracy = 94.0%
I1009 17:48:33.165943 4712924608 retrain.py:1082] 2019-10-09 17:48:33.165900: Step 970: Train accuracy = 94.0%
INFO:tensorflow:2019-10-09 17:48:33.166050: Step 970: Cross entropy = 0.217090
I1009 17:48:33.166076 4712924608 retrain.py:1084] 2019-10-09 17:48:33.166050: Step 970: Cross entropy = 0.217090
INFO:tensorflow:2019-10-09 17:48:33.222231: Step 970: Validation accuracy = 41.0% (N=100)
I1009 17:48:33.222280 4712924608 retrain.py:1100] 2019-10-09 17:48:33.222231: Step 970: Validation accuracy = 41.0% (N=100)
INFO:tensorflow:2019-10-09 17:48:33.777862: Step 980: Train accuracy = 98.0%
I1009 17:48:33.777905 4712924608 retrain.py:1082] 2019-10-09 17:48:33.777862: Step 980: Train accuracy = 98.0%
INFO:tensorflow:2019-10-09 17:48:33.778014: Step 980: Cross entropy = 0.205007
I1009 17:48:33.778024 4712924608 retrain.py:1084] 2019-10-09 17:48:33.778014: Step 980: Cross entropy = 0.205007
INFO:tensorflow:2019-10-09 17:48:33.834917: Step 980: Validation accuracy = 32.0% (N=100)
I1009 17:48:33.834964 4712924608 retrain.py:1100] 2019-10-09 17:48:33.834917: Step 980: Validation accuracy = 32.0% (N=100)
INFO:tensorflow:2019-10-09 17:48:34.390111: Step 990: Train accuracy = 97.0%
I1009 17:48:34.390156 4712924608 retrain.py:1082] 2019-10-09 17:48:34.390111: Step 990: Train accuracy = 97.0%
INFO:tensorflow:2019-10-09 17:48:34.390267: Step 990: Cross entropy = 0.222688
I1009 17:48:34.390320 4712924608 retrain.py:1084] 2019-10-09 17:48:34.390267: Step 990: Cross entropy = 0.222688
INFO:tensorflow:2019-10-09 17:48:34.446469: Step 990: Validation accuracy = 37.0% (N=100)
I1009 17:48:34.446516 4712924608 retrain.py:1100] 2019-10-09 17:48:34.446469: Step 990: Validation accuracy = 37.0% (N=100)
INFO:tensorflow:2019-10-09 17:48:35.001421: Step 1000: Train accuracy = 91.0%
I1009 17:48:35.001466 4712924608 retrain.py:1082] 2019-10-09 17:48:35.001421: Step 1000: Train accuracy = 91.0%
INFO:tensorflow:2019-10-09 17:48:35.001577: Step 1000: Cross entropy = 0.257215
I1009 17:48:35.001589 4712924608 retrain.py:1084] 2019-10-09 17:48:35.001577: Step 1000: Cross entropy = 0.257215
INFO:tensorflow:2019-10-09 17:48:35.057753: Step 1000: Validation accuracy = 40.0% (N=100)
I1009 17:48:35.057797 4712924608 retrain.py:1100] 2019-10-09 17:48:35.057753: Step 1000: Validation accuracy = 40.0% (N=100)
INFO:tensorflow:2019-10-09 17:48:35.613357: Step 1010: Train accuracy = 99.0%
I1009 17:48:35.613401 4712924608 retrain.py:1082] 2019-10-09 17:48:35.613357: Step 1010: Train accuracy = 99.0%
INFO:tensorflow:2019-10-09 17:48:35.613512: Step 1010: Cross entropy = 0.177167
I1009 17:48:35.613538 4712924608 retrain.py:1084] 2019-10-09 17:48:35.613512: Step 1010: Cross entropy = 0.177167
INFO:tensorflow:2019-10-09 17:48:35.669738: Step 1010: Validation accuracy = 41.0% (N=100)
I1009 17:48:35.669780 4712924608 retrain.py:1100] 2019-10-09 17:48:35.669738: Step 1010: Validation accuracy = 41.0% (N=100)
INFO:tensorflow:2019-10-09 17:48:36.225770: Step 1020: Train accuracy = 92.0%
I1009 17:48:36.225815 4712924608 retrain.py:1082] 2019-10-09 17:48:36.225770: Step 1020: Train accuracy = 92.0%
INFO:tensorflow:2019-10-09 17:48:36.225924: Step 1020: Cross entropy = 0.221825
I1009 17:48:36.225935 4712924608 retrain.py:1084] 2019-10-09 17:48:36.225924: Step 1020: Cross entropy = 0.221825
INFO:tensorflow:2019-10-09 17:48:36.282174: Step 1020: Validation accuracy = 37.0% (N=100)
I1009 17:48:36.282222 4712924608 retrain.py:1100] 2019-10-09 17:48:36.282174: Step 1020: Validation accuracy = 37.0% (N=100)
INFO:tensorflow:2019-10-09 17:48:36.837951: Step 1030: Train accuracy = 94.0%
I1009 17:48:36.837996 4712924608 retrain.py:1082] 2019-10-09 17:48:36.837951: Step 1030: Train accuracy = 94.0%
INFO:tensorflow:2019-10-09 17:48:36.838104: Step 1030: Cross entropy = 0.229281
I1009 17:48:36.838114 4712924608 retrain.py:1084] 2019-10-09 17:48:36.838104: Step 1030: Cross entropy = 0.229281
INFO:tensorflow:2019-10-09 17:48:36.894582: Step 1030: Validation accuracy = 38.0% (N=100)
I1009 17:48:36.894629 4712924608 retrain.py:1100] 2019-10-09 17:48:36.894582: Step 1030: Validation accuracy = 38.0% (N=100)
INFO:tensorflow:2019-10-09 17:48:37.449377: Step 1040: Train accuracy = 99.0%
I1009 17:48:37.449421 4712924608 retrain.py:1082] 2019-10-09 17:48:37.449377: Step 1040: Train accuracy = 99.0%
INFO:tensorflow:2019-10-09 17:48:37.449528: Step 1040: Cross entropy = 0.213194
I1009 17:48:37.449540 4712924608 retrain.py:1084] 2019-10-09 17:48:37.449528: Step 1040: Cross entropy = 0.213194
INFO:tensorflow:2019-10-09 17:48:37.505700: Step 1040: Validation accuracy = 37.0% (N=100)
I1009 17:48:37.505745 4712924608 retrain.py:1100] 2019-10-09 17:48:37.505700: Step 1040: Validation accuracy = 37.0% (N=100)
INFO:tensorflow:2019-10-09 17:48:38.062786: Step 1050: Train accuracy = 94.0%
I1009 17:48:38.062831 4712924608 retrain.py:1082] 2019-10-09 17:48:38.062786: Step 1050: Train accuracy = 94.0%
INFO:tensorflow:2019-10-09 17:48:38.062940: Step 1050: Cross entropy = 0.250206
I1009 17:48:38.062967 4712924608 retrain.py:1084] 2019-10-09 17:48:38.062940: Step 1050: Cross entropy = 0.250206
INFO:tensorflow:2019-10-09 17:48:38.119214: Step 1050: Validation accuracy = 43.0% (N=100)
I1009 17:48:38.119261 4712924608 retrain.py:1100] 2019-10-09 17:48:38.119214: Step 1050: Validation accuracy = 43.0% (N=100)
INFO:tensorflow:2019-10-09 17:48:38.674823: Step 1060: Train accuracy = 95.0%
I1009 17:48:38.674866 4712924608 retrain.py:1082] 2019-10-09 17:48:38.674823: Step 1060: Train accuracy = 95.0%
INFO:tensorflow:2019-10-09 17:48:38.675006: Step 1060: Cross entropy = 0.215792
I1009 17:48:38.675018 4712924608 retrain.py:1084] 2019-10-09 17:48:38.675006: Step 1060: Cross entropy = 0.215792
INFO:tensorflow:2019-10-09 17:48:38.731586: Step 1060: Validation accuracy = 43.0% (N=100)
I1009 17:48:38.731632 4712924608 retrain.py:1100] 2019-10-09 17:48:38.731586: Step 1060: Validation accuracy = 43.0% (N=100)
INFO:tensorflow:2019-10-09 17:48:39.288339: Step 1070: Train accuracy = 96.0%
I1009 17:48:39.288382 4712924608 retrain.py:1082] 2019-10-09 17:48:39.288339: Step 1070: Train accuracy = 96.0%
INFO:tensorflow:2019-10-09 17:48:39.288490: Step 1070: Cross entropy = 0.191458
I1009 17:48:39.288501 4712924608 retrain.py:1084] 2019-10-09 17:48:39.288490: Step 1070: Cross entropy = 0.191458
INFO:tensorflow:2019-10-09 17:48:39.345181: Step 1070: Validation accuracy = 48.0% (N=100)
I1009 17:48:39.345229 4712924608 retrain.py:1100] 2019-10-09 17:48:39.345181: Step 1070: Validation accuracy = 48.0% (N=100)
INFO:tensorflow:2019-10-09 17:48:39.900904: Step 1080: Train accuracy = 96.0%
I1009 17:48:39.900946 4712924608 retrain.py:1082] 2019-10-09 17:48:39.900904: Step 1080: Train accuracy = 96.0%
INFO:tensorflow:2019-10-09 17:48:39.901055: Step 1080: Cross entropy = 0.224134
I1009 17:48:39.901066 4712924608 retrain.py:1084] 2019-10-09 17:48:39.901055: Step 1080: Cross entropy = 0.224134
INFO:tensorflow:2019-10-09 17:48:39.957248: Step 1080: Validation accuracy = 50.0% (N=100)
I1009 17:48:39.957293 4712924608 retrain.py:1100] 2019-10-09 17:48:39.957248: Step 1080: Validation accuracy = 50.0% (N=100)
INFO:tensorflow:2019-10-09 17:48:40.513212: Step 1090: Train accuracy = 97.0%
I1009 17:48:40.513255 4712924608 retrain.py:1082] 2019-10-09 17:48:40.513212: Step 1090: Train accuracy = 97.0%
INFO:tensorflow:2019-10-09 17:48:40.513363: Step 1090: Cross entropy = 0.151625
I1009 17:48:40.513375 4712924608 retrain.py:1084] 2019-10-09 17:48:40.513363: Step 1090: Cross entropy = 0.151625
INFO:tensorflow:2019-10-09 17:48:40.569592: Step 1090: Validation accuracy = 33.0% (N=100)
I1009 17:48:40.569638 4712924608 retrain.py:1100] 2019-10-09 17:48:40.569592: Step 1090: Validation accuracy = 33.0% (N=100)
INFO:tensorflow:2019-10-09 17:48:41.128149: Step 1100: Train accuracy = 98.0%
I1009 17:48:41.128194 4712924608 retrain.py:1082] 2019-10-09 17:48:41.128149: Step 1100: Train accuracy = 98.0%
INFO:tensorflow:2019-10-09 17:48:41.128304: Step 1100: Cross entropy = 0.219194
I1009 17:48:41.128315 4712924608 retrain.py:1084] 2019-10-09 17:48:41.128304: Step 1100: Cross entropy = 0.219194
INFO:tensorflow:2019-10-09 17:48:41.184415: Step 1100: Validation accuracy = 39.0% (N=100)
I1009 17:48:41.184461 4712924608 retrain.py:1100] 2019-10-09 17:48:41.184415: Step 1100: Validation accuracy = 39.0% (N=100)
INFO:tensorflow:2019-10-09 17:48:41.740565: Step 1110: Train accuracy = 94.0%
I1009 17:48:41.740608 4712924608 retrain.py:1082] 2019-10-09 17:48:41.740565: Step 1110: Train accuracy = 94.0%
INFO:tensorflow:2019-10-09 17:48:41.740717: Step 1110: Cross entropy = 0.235802
I1009 17:48:41.740729 4712924608 retrain.py:1084] 2019-10-09 17:48:41.740717: Step 1110: Cross entropy = 0.235802
INFO:tensorflow:2019-10-09 17:48:41.796973: Step 1110: Validation accuracy = 54.0% (N=100)
I1009 17:48:41.797020 4712924608 retrain.py:1100] 2019-10-09 17:48:41.796973: Step 1110: Validation accuracy = 54.0% (N=100)
INFO:tensorflow:2019-10-09 17:48:42.353657: Step 1120: Train accuracy = 92.0%
I1009 17:48:42.353703 4712924608 retrain.py:1082] 2019-10-09 17:48:42.353657: Step 1120: Train accuracy = 92.0%
INFO:tensorflow:2019-10-09 17:48:42.353812: Step 1120: Cross entropy = 0.226788
I1009 17:48:42.353823 4712924608 retrain.py:1084] 2019-10-09 17:48:42.353812: Step 1120: Cross entropy = 0.226788
INFO:tensorflow:2019-10-09 17:48:42.410107: Step 1120: Validation accuracy = 32.0% (N=100)
I1009 17:48:42.410153 4712924608 retrain.py:1100] 2019-10-09 17:48:42.410107: Step 1120: Validation accuracy = 32.0% (N=100)
INFO:tensorflow:2019-10-09 17:48:42.982657: Step 1130: Train accuracy = 100.0%
I1009 17:48:42.982701 4712924608 retrain.py:1082] 2019-10-09 17:48:42.982657: Step 1130: Train accuracy = 100.0%
INFO:tensorflow:2019-10-09 17:48:42.982830: Step 1130: Cross entropy = 0.205029
I1009 17:48:42.982857 4712924608 retrain.py:1084] 2019-10-09 17:48:42.982830: Step 1130: Cross entropy = 0.205029
INFO:tensorflow:2019-10-09 17:48:43.038958: Step 1130: Validation accuracy = 40.0% (N=100)
I1009 17:48:43.039003 4712924608 retrain.py:1100] 2019-10-09 17:48:43.038958: Step 1130: Validation accuracy = 40.0% (N=100)
INFO:tensorflow:2019-10-09 17:48:43.593865: Step 1140: Train accuracy = 95.0%
I1009 17:48:43.593909 4712924608 retrain.py:1082] 2019-10-09 17:48:43.593865: Step 1140: Train accuracy = 95.0%
INFO:tensorflow:2019-10-09 17:48:43.594016: Step 1140: Cross entropy = 0.223191
I1009 17:48:43.594027 4712924608 retrain.py:1084] 2019-10-09 17:48:43.594016: Step 1140: Cross entropy = 0.223191
INFO:tensorflow:2019-10-09 17:48:43.650347: Step 1140: Validation accuracy = 45.0% (N=100)
I1009 17:48:43.650394 4712924608 retrain.py:1100] 2019-10-09 17:48:43.650347: Step 1140: Validation accuracy = 45.0% (N=100)
INFO:tensorflow:2019-10-09 17:48:44.206958: Step 1150: Train accuracy = 99.0%
I1009 17:48:44.207003 4712924608 retrain.py:1082] 2019-10-09 17:48:44.206958: Step 1150: Train accuracy = 99.0%
INFO:tensorflow:2019-10-09 17:48:44.207113: Step 1150: Cross entropy = 0.209163
I1009 17:48:44.207123 4712924608 retrain.py:1084] 2019-10-09 17:48:44.207113: Step 1150: Cross entropy = 0.209163
INFO:tensorflow:2019-10-09 17:48:44.263157: Step 1150: Validation accuracy = 50.0% (N=100)
I1009 17:48:44.263204 4712924608 retrain.py:1100] 2019-10-09 17:48:44.263157: Step 1150: Validation accuracy = 50.0% (N=100)
INFO:tensorflow:2019-10-09 17:48:44.819405: Step 1160: Train accuracy = 98.0%
I1009 17:48:44.819461 4712924608 retrain.py:1082] 2019-10-09 17:48:44.819405: Step 1160: Train accuracy = 98.0%
INFO:tensorflow:2019-10-09 17:48:44.819583: Step 1160: Cross entropy = 0.208482
I1009 17:48:44.819592 4712924608 retrain.py:1084] 2019-10-09 17:48:44.819583: Step 1160: Cross entropy = 0.208482
INFO:tensorflow:2019-10-09 17:48:44.876408: Step 1160: Validation accuracy = 41.0% (N=100)
I1009 17:48:44.876456 4712924608 retrain.py:1100] 2019-10-09 17:48:44.876408: Step 1160: Validation accuracy = 41.0% (N=100)
INFO:tensorflow:2019-10-09 17:48:45.432153: Step 1170: Train accuracy = 98.0%
I1009 17:48:45.432197 4712924608 retrain.py:1082] 2019-10-09 17:48:45.432153: Step 1170: Train accuracy = 98.0%
INFO:tensorflow:2019-10-09 17:48:45.432304: Step 1170: Cross entropy = 0.206184
I1009 17:48:45.432314 4712924608 retrain.py:1084] 2019-10-09 17:48:45.432304: Step 1170: Cross entropy = 0.206184
INFO:tensorflow:2019-10-09 17:48:45.488702: Step 1170: Validation accuracy = 40.0% (N=100)
I1009 17:48:45.488745 4712924608 retrain.py:1100] 2019-10-09 17:48:45.488702: Step 1170: Validation accuracy = 40.0% (N=100)
INFO:tensorflow:2019-10-09 17:48:46.043621: Step 1180: Train accuracy = 98.0%
I1009 17:48:46.043664 4712924608 retrain.py:1082] 2019-10-09 17:48:46.043621: Step 1180: Train accuracy = 98.0%
INFO:tensorflow:2019-10-09 17:48:46.043770: Step 1180: Cross entropy = 0.194262
I1009 17:48:46.043781 4712924608 retrain.py:1084] 2019-10-09 17:48:46.043770: Step 1180: Cross entropy = 0.194262
INFO:tensorflow:2019-10-09 17:48:46.099832: Step 1180: Validation accuracy = 47.0% (N=100)
I1009 17:48:46.099880 4712924608 retrain.py:1100] 2019-10-09 17:48:46.099832: Step 1180: Validation accuracy = 47.0% (N=100)
INFO:tensorflow:2019-10-09 17:48:46.656619: Step 1190: Train accuracy = 97.0%
I1009 17:48:46.656664 4712924608 retrain.py:1082] 2019-10-09 17:48:46.656619: Step 1190: Train accuracy = 97.0%
INFO:tensorflow:2019-10-09 17:48:46.656772: Step 1190: Cross entropy = 0.199968
I1009 17:48:46.656783 4712924608 retrain.py:1084] 2019-10-09 17:48:46.656772: Step 1190: Cross entropy = 0.199968
INFO:tensorflow:2019-10-09 17:48:46.712907: Step 1190: Validation accuracy = 48.0% (N=100)
I1009 17:48:46.712955 4712924608 retrain.py:1100] 2019-10-09 17:48:46.712907: Step 1190: Validation accuracy = 48.0% (N=100)
INFO:tensorflow:2019-10-09 17:48:47.267911: Step 1200: Train accuracy = 97.0%
I1009 17:48:47.267954 4712924608 retrain.py:1082] 2019-10-09 17:48:47.267911: Step 1200: Train accuracy = 97.0%
INFO:tensorflow:2019-10-09 17:48:47.268066: Step 1200: Cross entropy = 0.199847
I1009 17:48:47.268091 4712924608 retrain.py:1084] 2019-10-09 17:48:47.268066: Step 1200: Cross entropy = 0.199847
INFO:tensorflow:2019-10-09 17:48:47.324833: Step 1200: Validation accuracy = 38.0% (N=100)
I1009 17:48:47.324879 4712924608 retrain.py:1100] 2019-10-09 17:48:47.324833: Step 1200: Validation accuracy = 38.0% (N=100)
INFO:tensorflow:2019-10-09 17:48:47.880966: Step 1210: Train accuracy = 97.0%
I1009 17:48:47.881011 4712924608 retrain.py:1082] 2019-10-09 17:48:47.880966: Step 1210: Train accuracy = 97.0%
INFO:tensorflow:2019-10-09 17:48:47.881121: Step 1210: Cross entropy = 0.168254
I1009 17:48:47.881133 4712924608 retrain.py:1084] 2019-10-09 17:48:47.881121: Step 1210: Cross entropy = 0.168254
INFO:tensorflow:2019-10-09 17:48:47.937288: Step 1210: Validation accuracy = 34.0% (N=100)
I1009 17:48:47.937335 4712924608 retrain.py:1100] 2019-10-09 17:48:47.937288: Step 1210: Validation accuracy = 34.0% (N=100)
INFO:tensorflow:2019-10-09 17:48:48.493494: Step 1220: Train accuracy = 98.0%
I1009 17:48:48.493539 4712924608 retrain.py:1082] 2019-10-09 17:48:48.493494: Step 1220: Train accuracy = 98.0%
INFO:tensorflow:2019-10-09 17:48:48.493649: Step 1220: Cross entropy = 0.190584
I1009 17:48:48.493660 4712924608 retrain.py:1084] 2019-10-09 17:48:48.493649: Step 1220: Cross entropy = 0.190584
INFO:tensorflow:2019-10-09 17:48:48.549804: Step 1220: Validation accuracy = 41.0% (N=100)
I1009 17:48:48.549851 4712924608 retrain.py:1100] 2019-10-09 17:48:48.549804: Step 1220: Validation accuracy = 41.0% (N=100)
INFO:tensorflow:2019-10-09 17:48:49.104803: Step 1230: Train accuracy = 95.0%
I1009 17:48:49.104847 4712924608 retrain.py:1082] 2019-10-09 17:48:49.104803: Step 1230: Train accuracy = 95.0%
INFO:tensorflow:2019-10-09 17:48:49.104956: Step 1230: Cross entropy = 0.212622
I1009 17:48:49.104966 4712924608 retrain.py:1084] 2019-10-09 17:48:49.104956: Step 1230: Cross entropy = 0.212622
INFO:tensorflow:2019-10-09 17:48:49.161171: Step 1230: Validation accuracy = 44.0% (N=100)
I1009 17:48:49.161218 4712924608 retrain.py:1100] 2019-10-09 17:48:49.161171: Step 1230: Validation accuracy = 44.0% (N=100)
INFO:tensorflow:2019-10-09 17:48:49.716911: Step 1240: Train accuracy = 98.0%
I1009 17:48:49.716954 4712924608 retrain.py:1082] 2019-10-09 17:48:49.716911: Step 1240: Train accuracy = 98.0%
INFO:tensorflow:2019-10-09 17:48:49.717064: Step 1240: Cross entropy = 0.184841
I1009 17:48:49.717091 4712924608 retrain.py:1084] 2019-10-09 17:48:49.717064: Step 1240: Cross entropy = 0.184841
INFO:tensorflow:2019-10-09 17:48:49.773519: Step 1240: Validation accuracy = 43.0% (N=100)
I1009 17:48:49.773566 4712924608 retrain.py:1100] 2019-10-09 17:48:49.773519: Step 1240: Validation accuracy = 43.0% (N=100)
INFO:tensorflow:2019-10-09 17:48:50.329715: Step 1250: Train accuracy = 100.0%
I1009 17:48:50.329765 4712924608 retrain.py:1082] 2019-10-09 17:48:50.329715: Step 1250: Train accuracy = 100.0%
INFO:tensorflow:2019-10-09 17:48:50.329888: Step 1250: Cross entropy = 0.160706
I1009 17:48:50.329900 4712924608 retrain.py:1084] 2019-10-09 17:48:50.329888: Step 1250: Cross entropy = 0.160706
INFO:tensorflow:2019-10-09 17:48:50.386313: Step 1250: Validation accuracy = 48.0% (N=100)
I1009 17:48:50.386358 4712924608 retrain.py:1100] 2019-10-09 17:48:50.386313: Step 1250: Validation accuracy = 48.0% (N=100)
INFO:tensorflow:2019-10-09 17:48:50.942033: Step 1260: Train accuracy = 97.0%
I1009 17:48:50.942076 4712924608 retrain.py:1082] 2019-10-09 17:48:50.942033: Step 1260: Train accuracy = 97.0%
INFO:tensorflow:2019-10-09 17:48:50.942185: Step 1260: Cross entropy = 0.204025
I1009 17:48:50.942209 4712924608 retrain.py:1084] 2019-10-09 17:48:50.942185: Step 1260: Cross entropy = 0.204025
INFO:tensorflow:2019-10-09 17:48:50.998222: Step 1260: Validation accuracy = 46.0% (N=100)
I1009 17:48:50.998267 4712924608 retrain.py:1100] 2019-10-09 17:48:50.998222: Step 1260: Validation accuracy = 46.0% (N=100)
INFO:tensorflow:2019-10-09 17:48:51.554410: Step 1270: Train accuracy = 96.0%
I1009 17:48:51.554454 4712924608 retrain.py:1082] 2019-10-09 17:48:51.554410: Step 1270: Train accuracy = 96.0%
INFO:tensorflow:2019-10-09 17:48:51.554561: Step 1270: Cross entropy = 0.203351
I1009 17:48:51.554572 4712924608 retrain.py:1084] 2019-10-09 17:48:51.554561: Step 1270: Cross entropy = 0.203351
INFO:tensorflow:2019-10-09 17:48:51.610666: Step 1270: Validation accuracy = 45.0% (N=100)
I1009 17:48:51.610709 4712924608 retrain.py:1100] 2019-10-09 17:48:51.610666: Step 1270: Validation accuracy = 45.0% (N=100)
INFO:tensorflow:2019-10-09 17:48:52.167100: Step 1280: Train accuracy = 100.0%
I1009 17:48:52.167145 4712924608 retrain.py:1082] 2019-10-09 17:48:52.167100: Step 1280: Train accuracy = 100.0%
INFO:tensorflow:2019-10-09 17:48:52.167255: Step 1280: Cross entropy = 0.213784
I1009 17:48:52.167267 4712924608 retrain.py:1084] 2019-10-09 17:48:52.167255: Step 1280: Cross entropy = 0.213784
INFO:tensorflow:2019-10-09 17:48:52.223382: Step 1280: Validation accuracy = 47.0% (N=100)
I1009 17:48:52.223429 4712924608 retrain.py:1100] 2019-10-09 17:48:52.223382: Step 1280: Validation accuracy = 47.0% (N=100)
INFO:tensorflow:2019-10-09 17:48:52.779595: Step 1290: Train accuracy = 99.0%
I1009 17:48:52.779639 4712924608 retrain.py:1082] 2019-10-09 17:48:52.779595: Step 1290: Train accuracy = 99.0%
INFO:tensorflow:2019-10-09 17:48:52.779745: Step 1290: Cross entropy = 0.180154
I1009 17:48:52.779757 4712924608 retrain.py:1084] 2019-10-09 17:48:52.779745: Step 1290: Cross entropy = 0.180154
INFO:tensorflow:2019-10-09 17:48:52.837476: Step 1290: Validation accuracy = 41.0% (N=100)
I1009 17:48:52.837523 4712924608 retrain.py:1100] 2019-10-09 17:48:52.837476: Step 1290: Validation accuracy = 41.0% (N=100)
INFO:tensorflow:2019-10-09 17:48:53.392946: Step 1300: Train accuracy = 96.0%
I1009 17:48:53.392989 4712924608 retrain.py:1082] 2019-10-09 17:48:53.392946: Step 1300: Train accuracy = 96.0%
INFO:tensorflow:2019-10-09 17:48:53.393100: Step 1300: Cross entropy = 0.187783
I1009 17:48:53.393112 4712924608 retrain.py:1084] 2019-10-09 17:48:53.393100: Step 1300: Cross entropy = 0.187783
INFO:tensorflow:2019-10-09 17:48:53.449376: Step 1300: Validation accuracy = 44.0% (N=100)
I1009 17:48:53.449423 4712924608 retrain.py:1100] 2019-10-09 17:48:53.449376: Step 1300: Validation accuracy = 44.0% (N=100)
INFO:tensorflow:2019-10-09 17:48:54.005315: Step 1310: Train accuracy = 98.0%
I1009 17:48:54.005359 4712924608 retrain.py:1082] 2019-10-09 17:48:54.005315: Step 1310: Train accuracy = 98.0%
INFO:tensorflow:2019-10-09 17:48:54.005468: Step 1310: Cross entropy = 0.172729
I1009 17:48:54.005478 4712924608 retrain.py:1084] 2019-10-09 17:48:54.005468: Step 1310: Cross entropy = 0.172729
INFO:tensorflow:2019-10-09 17:48:54.061734: Step 1310: Validation accuracy = 46.0% (N=100)
I1009 17:48:54.061780 4712924608 retrain.py:1100] 2019-10-09 17:48:54.061734: Step 1310: Validation accuracy = 46.0% (N=100)
INFO:tensorflow:2019-10-09 17:48:54.618368: Step 1320: Train accuracy = 97.0%
I1009 17:48:54.618412 4712924608 retrain.py:1082] 2019-10-09 17:48:54.618368: Step 1320: Train accuracy = 97.0%
INFO:tensorflow:2019-10-09 17:48:54.618524: Step 1320: Cross entropy = 0.186229
I1009 17:48:54.618535 4712924608 retrain.py:1084] 2019-10-09 17:48:54.618524: Step 1320: Cross entropy = 0.186229
INFO:tensorflow:2019-10-09 17:48:54.674648: Step 1320: Validation accuracy = 38.0% (N=100)
I1009 17:48:54.674695 4712924608 retrain.py:1100] 2019-10-09 17:48:54.674648: Step 1320: Validation accuracy = 38.0% (N=100)
INFO:tensorflow:2019-10-09 17:48:55.229474: Step 1330: Train accuracy = 96.0%
I1009 17:48:55.229519 4712924608 retrain.py:1082] 2019-10-09 17:48:55.229474: Step 1330: Train accuracy = 96.0%
INFO:tensorflow:2019-10-09 17:48:55.229631: Step 1330: Cross entropy = 0.185992
I1009 17:48:55.229641 4712924608 retrain.py:1084] 2019-10-09 17:48:55.229631: Step 1330: Cross entropy = 0.185992
INFO:tensorflow:2019-10-09 17:48:55.285730: Step 1330: Validation accuracy = 43.0% (N=100)
I1009 17:48:55.285775 4712924608 retrain.py:1100] 2019-10-09 17:48:55.285730: Step 1330: Validation accuracy = 43.0% (N=100)
INFO:tensorflow:2019-10-09 17:48:55.843180: Step 1340: Train accuracy = 99.0%
I1009 17:48:55.843224 4712924608 retrain.py:1082] 2019-10-09 17:48:55.843180: Step 1340: Train accuracy = 99.0%
INFO:tensorflow:2019-10-09 17:48:55.843332: Step 1340: Cross entropy = 0.168853
I1009 17:48:55.843343 4712924608 retrain.py:1084] 2019-10-09 17:48:55.843332: Step 1340: Cross entropy = 0.168853
INFO:tensorflow:2019-10-09 17:48:55.899418: Step 1340: Validation accuracy = 48.0% (N=100)
I1009 17:48:55.899462 4712924608 retrain.py:1100] 2019-10-09 17:48:55.899418: Step 1340: Validation accuracy = 48.0% (N=100)
INFO:tensorflow:2019-10-09 17:48:56.455779: Step 1350: Train accuracy = 98.0%
I1009 17:48:56.455823 4712924608 retrain.py:1082] 2019-10-09 17:48:56.455779: Step 1350: Train accuracy = 98.0%
INFO:tensorflow:2019-10-09 17:48:56.455932: Step 1350: Cross entropy = 0.163909
I1009 17:48:56.455943 4712924608 retrain.py:1084] 2019-10-09 17:48:56.455932: Step 1350: Cross entropy = 0.163909
INFO:tensorflow:2019-10-09 17:48:56.512375: Step 1350: Validation accuracy = 38.0% (N=100)
I1009 17:48:56.512421 4712924608 retrain.py:1100] 2019-10-09 17:48:56.512375: Step 1350: Validation accuracy = 38.0% (N=100)
INFO:tensorflow:2019-10-09 17:48:57.068556: Step 1360: Train accuracy = 99.0%
I1009 17:48:57.068601 4712924608 retrain.py:1082] 2019-10-09 17:48:57.068556: Step 1360: Train accuracy = 99.0%
INFO:tensorflow:2019-10-09 17:48:57.068709: Step 1360: Cross entropy = 0.159803
I1009 17:48:57.068733 4712924608 retrain.py:1084] 2019-10-09 17:48:57.068709: Step 1360: Cross entropy = 0.159803
INFO:tensorflow:2019-10-09 17:48:57.124829: Step 1360: Validation accuracy = 53.0% (N=100)
I1009 17:48:57.124875 4712924608 retrain.py:1100] 2019-10-09 17:48:57.124829: Step 1360: Validation accuracy = 53.0% (N=100)
INFO:tensorflow:2019-10-09 17:48:57.680184: Step 1370: Train accuracy = 95.0%
I1009 17:48:57.680227 4712924608 retrain.py:1082] 2019-10-09 17:48:57.680184: Step 1370: Train accuracy = 95.0%
INFO:tensorflow:2019-10-09 17:48:57.680335: Step 1370: Cross entropy = 0.187491
I1009 17:48:57.680345 4712924608 retrain.py:1084] 2019-10-09 17:48:57.680335: Step 1370: Cross entropy = 0.187491
INFO:tensorflow:2019-10-09 17:48:57.736527: Step 1370: Validation accuracy = 36.0% (N=100)
I1009 17:48:57.736570 4712924608 retrain.py:1100] 2019-10-09 17:48:57.736527: Step 1370: Validation accuracy = 36.0% (N=100)
INFO:tensorflow:2019-10-09 17:48:58.292419: Step 1380: Train accuracy = 99.0%
I1009 17:48:58.292463 4712924608 retrain.py:1082] 2019-10-09 17:48:58.292419: Step 1380: Train accuracy = 99.0%
INFO:tensorflow:2019-10-09 17:48:58.292569: Step 1380: Cross entropy = 0.183094
I1009 17:48:58.292579 4712924608 retrain.py:1084] 2019-10-09 17:48:58.292569: Step 1380: Cross entropy = 0.183094
INFO:tensorflow:2019-10-09 17:48:58.349293: Step 1380: Validation accuracy = 51.0% (N=100)
I1009 17:48:58.349340 4712924608 retrain.py:1100] 2019-10-09 17:48:58.349293: Step 1380: Validation accuracy = 51.0% (N=100)
INFO:tensorflow:2019-10-09 17:48:58.905080: Step 1390: Train accuracy = 99.0%
I1009 17:48:58.905124 4712924608 retrain.py:1082] 2019-10-09 17:48:58.905080: Step 1390: Train accuracy = 99.0%
INFO:tensorflow:2019-10-09 17:48:58.905232: Step 1390: Cross entropy = 0.169689
I1009 17:48:58.905243 4712924608 retrain.py:1084] 2019-10-09 17:48:58.905232: Step 1390: Cross entropy = 0.169689
INFO:tensorflow:2019-10-09 17:48:58.961149: Step 1390: Validation accuracy = 44.0% (N=100)
I1009 17:48:58.961197 4712924608 retrain.py:1100] 2019-10-09 17:48:58.961149: Step 1390: Validation accuracy = 44.0% (N=100)
INFO:tensorflow:2019-10-09 17:48:59.516768: Step 1400: Train accuracy = 96.0%
I1009 17:48:59.516813 4712924608 retrain.py:1082] 2019-10-09 17:48:59.516768: Step 1400: Train accuracy = 96.0%
INFO:tensorflow:2019-10-09 17:48:59.516924: Step 1400: Cross entropy = 0.188916
I1009 17:48:59.516934 4712924608 retrain.py:1084] 2019-10-09 17:48:59.516924: Step 1400: Cross entropy = 0.188916
INFO:tensorflow:2019-10-09 17:48:59.573420: Step 1400: Validation accuracy = 43.0% (N=100)
I1009 17:48:59.573467 4712924608 retrain.py:1100] 2019-10-09 17:48:59.573420: Step 1400: Validation accuracy = 43.0% (N=100)
INFO:tensorflow:2019-10-09 17:49:00.129450: Step 1410: Train accuracy = 99.0%
I1009 17:49:00.129495 4712924608 retrain.py:1082] 2019-10-09 17:49:00.129450: Step 1410: Train accuracy = 99.0%
INFO:tensorflow:2019-10-09 17:49:00.129604: Step 1410: Cross entropy = 0.166452
I1009 17:49:00.129615 4712924608 retrain.py:1084] 2019-10-09 17:49:00.129604: Step 1410: Cross entropy = 0.166452
INFO:tensorflow:2019-10-09 17:49:00.186039: Step 1410: Validation accuracy = 45.0% (N=100)
I1009 17:49:00.186085 4712924608 retrain.py:1100] 2019-10-09 17:49:00.186039: Step 1410: Validation accuracy = 45.0% (N=100)
INFO:tensorflow:2019-10-09 17:49:00.741789: Step 1420: Train accuracy = 97.0%
I1009 17:49:00.741833 4712924608 retrain.py:1082] 2019-10-09 17:49:00.741789: Step 1420: Train accuracy = 97.0%
INFO:tensorflow:2019-10-09 17:49:00.741943: Step 1420: Cross entropy = 0.226541
I1009 17:49:00.741954 4712924608 retrain.py:1084] 2019-10-09 17:49:00.741943: Step 1420: Cross entropy = 0.226541
INFO:tensorflow:2019-10-09 17:49:00.797951: Step 1420: Validation accuracy = 53.0% (N=100)
I1009 17:49:00.797999 4712924608 retrain.py:1100] 2019-10-09 17:49:00.797951: Step 1420: Validation accuracy = 53.0% (N=100)
INFO:tensorflow:2019-10-09 17:49:01.354310: Step 1430: Train accuracy = 98.0%
I1009 17:49:01.354353 4712924608 retrain.py:1082] 2019-10-09 17:49:01.354310: Step 1430: Train accuracy = 98.0%
INFO:tensorflow:2019-10-09 17:49:01.354463: Step 1430: Cross entropy = 0.154105
I1009 17:49:01.354475 4712924608 retrain.py:1084] 2019-10-09 17:49:01.354463: Step 1430: Cross entropy = 0.154105
INFO:tensorflow:2019-10-09 17:49:01.410676: Step 1430: Validation accuracy = 41.0% (N=100)
I1009 17:49:01.410725 4712924608 retrain.py:1100] 2019-10-09 17:49:01.410676: Step 1430: Validation accuracy = 41.0% (N=100)
INFO:tensorflow:2019-10-09 17:49:01.966490: Step 1440: Train accuracy = 97.0%
I1009 17:49:01.966534 4712924608 retrain.py:1082] 2019-10-09 17:49:01.966490: Step 1440: Train accuracy = 97.0%
INFO:tensorflow:2019-10-09 17:49:01.966642: Step 1440: Cross entropy = 0.212063
I1009 17:49:01.966652 4712924608 retrain.py:1084] 2019-10-09 17:49:01.966642: Step 1440: Cross entropy = 0.212063
INFO:tensorflow:2019-10-09 17:49:02.022817: Step 1440: Validation accuracy = 35.0% (N=100)
I1009 17:49:02.022864 4712924608 retrain.py:1100] 2019-10-09 17:49:02.022817: Step 1440: Validation accuracy = 35.0% (N=100)
INFO:tensorflow:2019-10-09 17:49:02.580598: Step 1450: Train accuracy = 95.0%
I1009 17:49:02.580641 4712924608 retrain.py:1082] 2019-10-09 17:49:02.580598: Step 1450: Train accuracy = 95.0%
INFO:tensorflow:2019-10-09 17:49:02.580749: Step 1450: Cross entropy = 0.199504
I1009 17:49:02.580761 4712924608 retrain.py:1084] 2019-10-09 17:49:02.580749: Step 1450: Cross entropy = 0.199504
INFO:tensorflow:2019-10-09 17:49:02.636965: Step 1450: Validation accuracy = 36.0% (N=100)
I1009 17:49:02.637012 4712924608 retrain.py:1100] 2019-10-09 17:49:02.636965: Step 1450: Validation accuracy = 36.0% (N=100)
INFO:tensorflow:2019-10-09 17:49:03.194002: Step 1460: Train accuracy = 99.0%
I1009 17:49:03.194047 4712924608 retrain.py:1082] 2019-10-09 17:49:03.194002: Step 1460: Train accuracy = 99.0%
INFO:tensorflow:2019-10-09 17:49:03.194155: Step 1460: Cross entropy = 0.191676
I1009 17:49:03.194168 4712924608 retrain.py:1084] 2019-10-09 17:49:03.194155: Step 1460: Cross entropy = 0.191676
INFO:tensorflow:2019-10-09 17:49:03.250200: Step 1460: Validation accuracy = 39.0% (N=100)
I1009 17:49:03.250245 4712924608 retrain.py:1100] 2019-10-09 17:49:03.250200: Step 1460: Validation accuracy = 39.0% (N=100)
INFO:tensorflow:2019-10-09 17:49:03.807096: Step 1470: Train accuracy = 98.0%
I1009 17:49:03.807140 4712924608 retrain.py:1082] 2019-10-09 17:49:03.807096: Step 1470: Train accuracy = 98.0%
INFO:tensorflow:2019-10-09 17:49:03.807251: Step 1470: Cross entropy = 0.171860
I1009 17:49:03.807262 4712924608 retrain.py:1084] 2019-10-09 17:49:03.807251: Step 1470: Cross entropy = 0.171860
INFO:tensorflow:2019-10-09 17:49:03.864074: Step 1470: Validation accuracy = 49.0% (N=100)
I1009 17:49:03.864122 4712924608 retrain.py:1100] 2019-10-09 17:49:03.864074: Step 1470: Validation accuracy = 49.0% (N=100)
INFO:tensorflow:2019-10-09 17:49:04.420605: Step 1480: Train accuracy = 99.0%
I1009 17:49:04.420660 4712924608 retrain.py:1082] 2019-10-09 17:49:04.420605: Step 1480: Train accuracy = 99.0%
INFO:tensorflow:2019-10-09 17:49:04.420784: Step 1480: Cross entropy = 0.199568
I1009 17:49:04.420794 4712924608 retrain.py:1084] 2019-10-09 17:49:04.420784: Step 1480: Cross entropy = 0.199568
INFO:tensorflow:2019-10-09 17:49:04.477039: Step 1480: Validation accuracy = 42.0% (N=100)
I1009 17:49:04.477087 4712924608 retrain.py:1100] 2019-10-09 17:49:04.477039: Step 1480: Validation accuracy = 42.0% (N=100)
INFO:tensorflow:2019-10-09 17:49:05.033388: Step 1490: Train accuracy = 99.0%
I1009 17:49:05.033432 4712924608 retrain.py:1082] 2019-10-09 17:49:05.033388: Step 1490: Train accuracy = 99.0%
INFO:tensorflow:2019-10-09 17:49:05.033540: Step 1490: Cross entropy = 0.176689
I1009 17:49:05.033551 4712924608 retrain.py:1084] 2019-10-09 17:49:05.033540: Step 1490: Cross entropy = 0.176689
INFO:tensorflow:2019-10-09 17:49:05.089714: Step 1490: Validation accuracy = 41.0% (N=100)
I1009 17:49:05.089760 4712924608 retrain.py:1100] 2019-10-09 17:49:05.089714: Step 1490: Validation accuracy = 41.0% (N=100)
INFO:tensorflow:2019-10-09 17:49:05.645218: Step 1500: Train accuracy = 100.0%
I1009 17:49:05.645262 4712924608 retrain.py:1082] 2019-10-09 17:49:05.645218: Step 1500: Train accuracy = 100.0%
INFO:tensorflow:2019-10-09 17:49:05.645371: Step 1500: Cross entropy = 0.183562
I1009 17:49:05.645423 4712924608 retrain.py:1084] 2019-10-09 17:49:05.645371: Step 1500: Cross entropy = 0.183562
INFO:tensorflow:2019-10-09 17:49:05.701669: Step 1500: Validation accuracy = 46.0% (N=100)
I1009 17:49:05.701714 4712924608 retrain.py:1100] 2019-10-09 17:49:05.701669: Step 1500: Validation accuracy = 46.0% (N=100)
INFO:tensorflow:2019-10-09 17:49:06.256372: Step 1510: Train accuracy = 99.0%
I1009 17:49:06.256417 4712924608 retrain.py:1082] 2019-10-09 17:49:06.256372: Step 1510: Train accuracy = 99.0%
INFO:tensorflow:2019-10-09 17:49:06.256525: Step 1510: Cross entropy = 0.162988
I1009 17:49:06.256536 4712924608 retrain.py:1084] 2019-10-09 17:49:06.256525: Step 1510: Cross entropy = 0.162988
INFO:tensorflow:2019-10-09 17:49:06.312875: Step 1510: Validation accuracy = 47.0% (N=100)
I1009 17:49:06.312922 4712924608 retrain.py:1100] 2019-10-09 17:49:06.312875: Step 1510: Validation accuracy = 47.0% (N=100)
INFO:tensorflow:2019-10-09 17:49:06.869168: Step 1520: Train accuracy = 100.0%
I1009 17:49:06.869223 4712924608 retrain.py:1082] 2019-10-09 17:49:06.869168: Step 1520: Train accuracy = 100.0%
INFO:tensorflow:2019-10-09 17:49:06.869360: Step 1520: Cross entropy = 0.158181
I1009 17:49:06.869371 4712924608 retrain.py:1084] 2019-10-09 17:49:06.869360: Step 1520: Cross entropy = 0.158181
INFO:tensorflow:2019-10-09 17:49:06.925919: Step 1520: Validation accuracy = 48.0% (N=100)
I1009 17:49:06.925964 4712924608 retrain.py:1100] 2019-10-09 17:49:06.925919: Step 1520: Validation accuracy = 48.0% (N=100)
INFO:tensorflow:2019-10-09 17:49:07.481791: Step 1530: Train accuracy = 99.0%
I1009 17:49:07.481835 4712924608 retrain.py:1082] 2019-10-09 17:49:07.481791: Step 1530: Train accuracy = 99.0%
INFO:tensorflow:2019-10-09 17:49:07.481943: Step 1530: Cross entropy = 0.167526
I1009 17:49:07.481954 4712924608 retrain.py:1084] 2019-10-09 17:49:07.481943: Step 1530: Cross entropy = 0.167526
INFO:tensorflow:2019-10-09 17:49:07.538312: Step 1530: Validation accuracy = 52.0% (N=100)
I1009 17:49:07.538358 4712924608 retrain.py:1100] 2019-10-09 17:49:07.538312: Step 1530: Validation accuracy = 52.0% (N=100)
INFO:tensorflow:2019-10-09 17:49:08.095682: Step 1540: Train accuracy = 99.0%
I1009 17:49:08.095726 4712924608 retrain.py:1082] 2019-10-09 17:49:08.095682: Step 1540: Train accuracy = 99.0%
INFO:tensorflow:2019-10-09 17:49:08.095835: Step 1540: Cross entropy = 0.176745
I1009 17:49:08.095860 4712924608 retrain.py:1084] 2019-10-09 17:49:08.095835: Step 1540: Cross entropy = 0.176745
INFO:tensorflow:2019-10-09 17:49:08.152110: Step 1540: Validation accuracy = 42.0% (N=100)
I1009 17:49:08.152156 4712924608 retrain.py:1100] 2019-10-09 17:49:08.152110: Step 1540: Validation accuracy = 42.0% (N=100)
INFO:tensorflow:2019-10-09 17:49:08.708588: Step 1550: Train accuracy = 100.0%
I1009 17:49:08.708631 4712924608 retrain.py:1082] 2019-10-09 17:49:08.708588: Step 1550: Train accuracy = 100.0%
INFO:tensorflow:2019-10-09 17:49:08.708743: Step 1550: Cross entropy = 0.178327
I1009 17:49:08.708755 4712924608 retrain.py:1084] 2019-10-09 17:49:08.708743: Step 1550: Cross entropy = 0.178327
INFO:tensorflow:2019-10-09 17:49:08.764772: Step 1550: Validation accuracy = 44.0% (N=100)
I1009 17:49:08.764817 4712924608 retrain.py:1100] 2019-10-09 17:49:08.764772: Step 1550: Validation accuracy = 44.0% (N=100)
INFO:tensorflow:2019-10-09 17:49:09.321226: Step 1560: Train accuracy = 99.0%
I1009 17:49:09.321283 4712924608 retrain.py:1082] 2019-10-09 17:49:09.321226: Step 1560: Train accuracy = 99.0%
INFO:tensorflow:2019-10-09 17:49:09.321420: Step 1560: Cross entropy = 0.178551
I1009 17:49:09.321432 4712924608 retrain.py:1084] 2019-10-09 17:49:09.321420: Step 1560: Cross entropy = 0.178551
INFO:tensorflow:2019-10-09 17:49:09.378069: Step 1560: Validation accuracy = 38.0% (N=100)
I1009 17:49:09.378117 4712924608 retrain.py:1100] 2019-10-09 17:49:09.378069: Step 1560: Validation accuracy = 38.0% (N=100)
INFO:tensorflow:2019-10-09 17:49:09.934213: Step 1570: Train accuracy = 100.0%
I1009 17:49:09.934256 4712924608 retrain.py:1082] 2019-10-09 17:49:09.934213: Step 1570: Train accuracy = 100.0%
INFO:tensorflow:2019-10-09 17:49:09.934383: Step 1570: Cross entropy = 0.147860
I1009 17:49:09.934410 4712924608 retrain.py:1084] 2019-10-09 17:49:09.934383: Step 1570: Cross entropy = 0.147860
INFO:tensorflow:2019-10-09 17:49:09.991179: Step 1570: Validation accuracy = 39.0% (N=100)
I1009 17:49:09.991223 4712924608 retrain.py:1100] 2019-10-09 17:49:09.991179: Step 1570: Validation accuracy = 39.0% (N=100)
INFO:tensorflow:2019-10-09 17:49:10.549081: Step 1580: Train accuracy = 99.0%
I1009 17:49:10.549125 4712924608 retrain.py:1082] 2019-10-09 17:49:10.549081: Step 1580: Train accuracy = 99.0%
INFO:tensorflow:2019-10-09 17:49:10.549236: Step 1580: Cross entropy = 0.188784
I1009 17:49:10.549247 4712924608 retrain.py:1084] 2019-10-09 17:49:10.549236: Step 1580: Cross entropy = 0.188784
INFO:tensorflow:2019-10-09 17:49:10.605627: Step 1580: Validation accuracy = 50.0% (N=100)
I1009 17:49:10.605670 4712924608 retrain.py:1100] 2019-10-09 17:49:10.605627: Step 1580: Validation accuracy = 50.0% (N=100)
INFO:tensorflow:2019-10-09 17:49:11.168721: Step 1590: Train accuracy = 99.0%
I1009 17:49:11.168766 4712924608 retrain.py:1082] 2019-10-09 17:49:11.168721: Step 1590: Train accuracy = 99.0%
INFO:tensorflow:2019-10-09 17:49:11.168876: Step 1590: Cross entropy = 0.140275
I1009 17:49:11.168888 4712924608 retrain.py:1084] 2019-10-09 17:49:11.168876: Step 1590: Cross entropy = 0.140275
INFO:tensorflow:2019-10-09 17:49:11.225010: Step 1590: Validation accuracy = 45.0% (N=100)
I1009 17:49:11.225052 4712924608 retrain.py:1100] 2019-10-09 17:49:11.225010: Step 1590: Validation accuracy = 45.0% (N=100)
INFO:tensorflow:2019-10-09 17:49:11.781455: Step 1600: Train accuracy = 99.0%
I1009 17:49:11.781498 4712924608 retrain.py:1082] 2019-10-09 17:49:11.781455: Step 1600: Train accuracy = 99.0%
INFO:tensorflow:2019-10-09 17:49:11.781608: Step 1600: Cross entropy = 0.172449
I1009 17:49:11.781617 4712924608 retrain.py:1084] 2019-10-09 17:49:11.781608: Step 1600: Cross entropy = 0.172449
INFO:tensorflow:2019-10-09 17:49:11.838686: Step 1600: Validation accuracy = 34.0% (N=100)
I1009 17:49:11.838734 4712924608 retrain.py:1100] 2019-10-09 17:49:11.838686: Step 1600: Validation accuracy = 34.0% (N=100)
INFO:tensorflow:2019-10-09 17:49:12.395926: Step 1610: Train accuracy = 99.0%
I1009 17:49:12.395970 4712924608 retrain.py:1082] 2019-10-09 17:49:12.395926: Step 1610: Train accuracy = 99.0%
INFO:tensorflow:2019-10-09 17:49:12.396078: Step 1610: Cross entropy = 0.150577
I1009 17:49:12.396089 4712924608 retrain.py:1084] 2019-10-09 17:49:12.396078: Step 1610: Cross entropy = 0.150577
INFO:tensorflow:2019-10-09 17:49:12.452555: Step 1610: Validation accuracy = 41.0% (N=100)
I1009 17:49:12.452599 4712924608 retrain.py:1100] 2019-10-09 17:49:12.452555: Step 1610: Validation accuracy = 41.0% (N=100)
INFO:tensorflow:2019-10-09 17:49:13.032607: Step 1620: Train accuracy = 97.0%
I1009 17:49:13.032654 4712924608 retrain.py:1082] 2019-10-09 17:49:13.032607: Step 1620: Train accuracy = 97.0%
INFO:tensorflow:2019-10-09 17:49:13.032764: Step 1620: Cross entropy = 0.163303
I1009 17:49:13.032775 4712924608 retrain.py:1084] 2019-10-09 17:49:13.032764: Step 1620: Cross entropy = 0.163303
INFO:tensorflow:2019-10-09 17:49:13.089178: Step 1620: Validation accuracy = 42.0% (N=100)
I1009 17:49:13.089225 4712924608 retrain.py:1100] 2019-10-09 17:49:13.089178: Step 1620: Validation accuracy = 42.0% (N=100)
INFO:tensorflow:2019-10-09 17:49:13.645460: Step 1630: Train accuracy = 99.0%
I1009 17:49:13.645503 4712924608 retrain.py:1082] 2019-10-09 17:49:13.645460: Step 1630: Train accuracy = 99.0%
INFO:tensorflow:2019-10-09 17:49:13.645608: Step 1630: Cross entropy = 0.168292
I1009 17:49:13.645618 4712924608 retrain.py:1084] 2019-10-09 17:49:13.645608: Step 1630: Cross entropy = 0.168292
INFO:tensorflow:2019-10-09 17:49:13.701671: Step 1630: Validation accuracy = 41.0% (N=100)
I1009 17:49:13.701712 4712924608 retrain.py:1100] 2019-10-09 17:49:13.701671: Step 1630: Validation accuracy = 41.0% (N=100)
INFO:tensorflow:2019-10-09 17:49:14.258625: Step 1640: Train accuracy = 100.0%
I1009 17:49:14.258670 4712924608 retrain.py:1082] 2019-10-09 17:49:14.258625: Step 1640: Train accuracy = 100.0%
INFO:tensorflow:2019-10-09 17:49:14.258777: Step 1640: Cross entropy = 0.164364
I1009 17:49:14.258788 4712924608 retrain.py:1084] 2019-10-09 17:49:14.258777: Step 1640: Cross entropy = 0.164364
INFO:tensorflow:2019-10-09 17:49:14.315445: Step 1640: Validation accuracy = 39.0% (N=100)
I1009 17:49:14.315492 4712924608 retrain.py:1100] 2019-10-09 17:49:14.315445: Step 1640: Validation accuracy = 39.0% (N=100)
INFO:tensorflow:2019-10-09 17:49:14.872012: Step 1650: Train accuracy = 100.0%
I1009 17:49:14.872057 4712924608 retrain.py:1082] 2019-10-09 17:49:14.872012: Step 1650: Train accuracy = 100.0%
INFO:tensorflow:2019-10-09 17:49:14.872203: Step 1650: Cross entropy = 0.159546
I1009 17:49:14.872214 4712924608 retrain.py:1084] 2019-10-09 17:49:14.872203: Step 1650: Cross entropy = 0.159546
INFO:tensorflow:2019-10-09 17:49:14.928413: Step 1650: Validation accuracy = 44.0% (N=100)
I1009 17:49:14.928460 4712924608 retrain.py:1100] 2019-10-09 17:49:14.928413: Step 1650: Validation accuracy = 44.0% (N=100)
INFO:tensorflow:2019-10-09 17:49:15.485745: Step 1660: Train accuracy = 99.0%
I1009 17:49:15.485788 4712924608 retrain.py:1082] 2019-10-09 17:49:15.485745: Step 1660: Train accuracy = 99.0%
INFO:tensorflow:2019-10-09 17:49:15.485897: Step 1660: Cross entropy = 0.175748
I1009 17:49:15.485908 4712924608 retrain.py:1084] 2019-10-09 17:49:15.485897: Step 1660: Cross entropy = 0.175748
INFO:tensorflow:2019-10-09 17:49:15.542029: Step 1660: Validation accuracy = 49.0% (N=100)
I1009 17:49:15.542075 4712924608 retrain.py:1100] 2019-10-09 17:49:15.542029: Step 1660: Validation accuracy = 49.0% (N=100)
INFO:tensorflow:2019-10-09 17:49:16.098501: Step 1670: Train accuracy = 99.0%
I1009 17:49:16.098544 4712924608 retrain.py:1082] 2019-10-09 17:49:16.098501: Step 1670: Train accuracy = 99.0%
INFO:tensorflow:2019-10-09 17:49:16.098653: Step 1670: Cross entropy = 0.173049
I1009 17:49:16.098662 4712924608 retrain.py:1084] 2019-10-09 17:49:16.098653: Step 1670: Cross entropy = 0.173049
INFO:tensorflow:2019-10-09 17:49:16.154960: Step 1670: Validation accuracy = 31.0% (N=100)
I1009 17:49:16.155004 4712924608 retrain.py:1100] 2019-10-09 17:49:16.154960: Step 1670: Validation accuracy = 31.0% (N=100)
INFO:tensorflow:2019-10-09 17:49:16.711071: Step 1680: Train accuracy = 99.0%
I1009 17:49:16.711115 4712924608 retrain.py:1082] 2019-10-09 17:49:16.711071: Step 1680: Train accuracy = 99.0%
INFO:tensorflow:2019-10-09 17:49:16.711220: Step 1680: Cross entropy = 0.158903
I1009 17:49:16.711230 4712924608 retrain.py:1084] 2019-10-09 17:49:16.711220: Step 1680: Cross entropy = 0.158903
INFO:tensorflow:2019-10-09 17:49:16.767546: Step 1680: Validation accuracy = 39.0% (N=100)
I1009 17:49:16.767589 4712924608 retrain.py:1100] 2019-10-09 17:49:16.767546: Step 1680: Validation accuracy = 39.0% (N=100)
INFO:tensorflow:2019-10-09 17:49:17.325512: Step 1690: Train accuracy = 100.0%
I1009 17:49:17.325556 4712924608 retrain.py:1082] 2019-10-09 17:49:17.325512: Step 1690: Train accuracy = 100.0%
INFO:tensorflow:2019-10-09 17:49:17.325664: Step 1690: Cross entropy = 0.153106
I1009 17:49:17.325675 4712924608 retrain.py:1084] 2019-10-09 17:49:17.325664: Step 1690: Cross entropy = 0.153106
INFO:tensorflow:2019-10-09 17:49:17.381945: Step 1690: Validation accuracy = 51.0% (N=100)
I1009 17:49:17.381991 4712924608 retrain.py:1100] 2019-10-09 17:49:17.381945: Step 1690: Validation accuracy = 51.0% (N=100)
INFO:tensorflow:2019-10-09 17:49:17.938818: Step 1700: Train accuracy = 99.0%
I1009 17:49:17.938863 4712924608 retrain.py:1082] 2019-10-09 17:49:17.938818: Step 1700: Train accuracy = 99.0%
INFO:tensorflow:2019-10-09 17:49:17.938971: Step 1700: Cross entropy = 0.155847
I1009 17:49:17.938981 4712924608 retrain.py:1084] 2019-10-09 17:49:17.938971: Step 1700: Cross entropy = 0.155847
INFO:tensorflow:2019-10-09 17:49:17.995185: Step 1700: Validation accuracy = 42.0% (N=100)
I1009 17:49:17.995232 4712924608 retrain.py:1100] 2019-10-09 17:49:17.995185: Step 1700: Validation accuracy = 42.0% (N=100)
INFO:tensorflow:2019-10-09 17:49:18.552469: Step 1710: Train accuracy = 99.0%
I1009 17:49:18.552513 4712924608 retrain.py:1082] 2019-10-09 17:49:18.552469: Step 1710: Train accuracy = 99.0%
INFO:tensorflow:2019-10-09 17:49:18.552622: Step 1710: Cross entropy = 0.148968
I1009 17:49:18.552634 4712924608 retrain.py:1084] 2019-10-09 17:49:18.552622: Step 1710: Cross entropy = 0.148968
INFO:tensorflow:2019-10-09 17:49:18.608895: Step 1710: Validation accuracy = 38.0% (N=100)
I1009 17:49:18.608942 4712924608 retrain.py:1100] 2019-10-09 17:49:18.608895: Step 1710: Validation accuracy = 38.0% (N=100)
INFO:tensorflow:2019-10-09 17:49:19.165584: Step 1720: Train accuracy = 99.0%
I1009 17:49:19.165629 4712924608 retrain.py:1082] 2019-10-09 17:49:19.165584: Step 1720: Train accuracy = 99.0%
INFO:tensorflow:2019-10-09 17:49:19.165740: Step 1720: Cross entropy = 0.141597
I1009 17:49:19.165750 4712924608 retrain.py:1084] 2019-10-09 17:49:19.165740: Step 1720: Cross entropy = 0.141597
INFO:tensorflow:2019-10-09 17:49:19.222031: Step 1720: Validation accuracy = 47.0% (N=100)
I1009 17:49:19.222074 4712924608 retrain.py:1100] 2019-10-09 17:49:19.222031: Step 1720: Validation accuracy = 47.0% (N=100)
INFO:tensorflow:2019-10-09 17:49:19.777463: Step 1730: Train accuracy = 99.0%
I1009 17:49:19.777508 4712924608 retrain.py:1082] 2019-10-09 17:49:19.777463: Step 1730: Train accuracy = 99.0%
INFO:tensorflow:2019-10-09 17:49:19.777615: Step 1730: Cross entropy = 0.145660
I1009 17:49:19.777626 4712924608 retrain.py:1084] 2019-10-09 17:49:19.777615: Step 1730: Cross entropy = 0.145660
INFO:tensorflow:2019-10-09 17:49:19.834439: Step 1730: Validation accuracy = 34.0% (N=100)
I1009 17:49:19.834488 4712924608 retrain.py:1100] 2019-10-09 17:49:19.834439: Step 1730: Validation accuracy = 34.0% (N=100)
INFO:tensorflow:2019-10-09 17:49:20.391128: Step 1740: Train accuracy = 100.0%
I1009 17:49:20.391170 4712924608 retrain.py:1082] 2019-10-09 17:49:20.391128: Step 1740: Train accuracy = 100.0%
INFO:tensorflow:2019-10-09 17:49:20.391278: Step 1740: Cross entropy = 0.165637
I1009 17:49:20.391288 4712924608 retrain.py:1084] 2019-10-09 17:49:20.391278: Step 1740: Cross entropy = 0.165637
INFO:tensorflow:2019-10-09 17:49:20.447426: Step 1740: Validation accuracy = 45.0% (N=100)
I1009 17:49:20.447474 4712924608 retrain.py:1100] 2019-10-09 17:49:20.447426: Step 1740: Validation accuracy = 45.0% (N=100)
INFO:tensorflow:2019-10-09 17:49:21.004468: Step 1750: Train accuracy = 100.0%
I1009 17:49:21.004512 4712924608 retrain.py:1082] 2019-10-09 17:49:21.004468: Step 1750: Train accuracy = 100.0%
INFO:tensorflow:2019-10-09 17:49:21.004620: Step 1750: Cross entropy = 0.149060
I1009 17:49:21.004631 4712924608 retrain.py:1084] 2019-10-09 17:49:21.004620: Step 1750: Cross entropy = 0.149060
INFO:tensorflow:2019-10-09 17:49:21.060835: Step 1750: Validation accuracy = 45.0% (N=100)
I1009 17:49:21.060883 4712924608 retrain.py:1100] 2019-10-09 17:49:21.060835: Step 1750: Validation accuracy = 45.0% (N=100)
INFO:tensorflow:2019-10-09 17:49:21.618312: Step 1760: Train accuracy = 99.0%
I1009 17:49:21.618355 4712924608 retrain.py:1082] 2019-10-09 17:49:21.618312: Step 1760: Train accuracy = 99.0%
INFO:tensorflow:2019-10-09 17:49:21.618463: Step 1760: Cross entropy = 0.138542
I1009 17:49:21.618474 4712924608 retrain.py:1084] 2019-10-09 17:49:21.618463: Step 1760: Cross entropy = 0.138542
INFO:tensorflow:2019-10-09 17:49:21.674568: Step 1760: Validation accuracy = 49.0% (N=100)
I1009 17:49:21.674612 4712924608 retrain.py:1100] 2019-10-09 17:49:21.674568: Step 1760: Validation accuracy = 49.0% (N=100)
INFO:tensorflow:2019-10-09 17:49:22.231170: Step 1770: Train accuracy = 96.0%
I1009 17:49:22.231214 4712924608 retrain.py:1082] 2019-10-09 17:49:22.231170: Step 1770: Train accuracy = 96.0%
INFO:tensorflow:2019-10-09 17:49:22.231323: Step 1770: Cross entropy = 0.152278
I1009 17:49:22.231346 4712924608 retrain.py:1084] 2019-10-09 17:49:22.231323: Step 1770: Cross entropy = 0.152278
INFO:tensorflow:2019-10-09 17:49:22.287778: Step 1770: Validation accuracy = 33.0% (N=100)
I1009 17:49:22.287823 4712924608 retrain.py:1100] 2019-10-09 17:49:22.287778: Step 1770: Validation accuracy = 33.0% (N=100)
INFO:tensorflow:2019-10-09 17:49:22.846857: Step 1780: Train accuracy = 100.0%
I1009 17:49:22.846900 4712924608 retrain.py:1082] 2019-10-09 17:49:22.846857: Step 1780: Train accuracy = 100.0%
INFO:tensorflow:2019-10-09 17:49:22.847009: Step 1780: Cross entropy = 0.157262
I1009 17:49:22.847020 4712924608 retrain.py:1084] 2019-10-09 17:49:22.847009: Step 1780: Cross entropy = 0.157262
INFO:tensorflow:2019-10-09 17:49:22.903239: Step 1780: Validation accuracy = 49.0% (N=100)
I1009 17:49:22.903285 4712924608 retrain.py:1100] 2019-10-09 17:49:22.903239: Step 1780: Validation accuracy = 49.0% (N=100)
INFO:tensorflow:2019-10-09 17:49:23.460354: Step 1790: Train accuracy = 97.0%
I1009 17:49:23.460397 4712924608 retrain.py:1082] 2019-10-09 17:49:23.460354: Step 1790: Train accuracy = 97.0%
INFO:tensorflow:2019-10-09 17:49:23.460508: Step 1790: Cross entropy = 0.164816
I1009 17:49:23.460518 4712924608 retrain.py:1084] 2019-10-09 17:49:23.460508: Step 1790: Cross entropy = 0.164816
INFO:tensorflow:2019-10-09 17:49:23.516846: Step 1790: Validation accuracy = 50.0% (N=100)
I1009 17:49:23.516893 4712924608 retrain.py:1100] 2019-10-09 17:49:23.516846: Step 1790: Validation accuracy = 50.0% (N=100)
INFO:tensorflow:2019-10-09 17:49:24.073122: Step 1800: Train accuracy = 99.0%
I1009 17:49:24.073177 4712924608 retrain.py:1082] 2019-10-09 17:49:24.073122: Step 1800: Train accuracy = 99.0%
INFO:tensorflow:2019-10-09 17:49:24.073314: Step 1800: Cross entropy = 0.149344
I1009 17:49:24.073326 4712924608 retrain.py:1084] 2019-10-09 17:49:24.073314: Step 1800: Cross entropy = 0.149344
INFO:tensorflow:2019-10-09 17:49:24.130061: Step 1800: Validation accuracy = 47.0% (N=100)
I1009 17:49:24.130106 4712924608 retrain.py:1100] 2019-10-09 17:49:24.130061: Step 1800: Validation accuracy = 47.0% (N=100)
INFO:tensorflow:2019-10-09 17:49:24.686435: Step 1810: Train accuracy = 100.0%
I1009 17:49:24.686479 4712924608 retrain.py:1082] 2019-10-09 17:49:24.686435: Step 1810: Train accuracy = 100.0%
INFO:tensorflow:2019-10-09 17:49:24.686589: Step 1810: Cross entropy = 0.160333
I1009 17:49:24.686600 4712924608 retrain.py:1084] 2019-10-09 17:49:24.686589: Step 1810: Cross entropy = 0.160333
INFO:tensorflow:2019-10-09 17:49:24.742750: Step 1810: Validation accuracy = 42.0% (N=100)
I1009 17:49:24.742798 4712924608 retrain.py:1100] 2019-10-09 17:49:24.742750: Step 1810: Validation accuracy = 42.0% (N=100)
INFO:tensorflow:2019-10-09 17:49:25.298140: Step 1820: Train accuracy = 99.0%
I1009 17:49:25.298187 4712924608 retrain.py:1082] 2019-10-09 17:49:25.298140: Step 1820: Train accuracy = 99.0%
INFO:tensorflow:2019-10-09 17:49:25.298305: Step 1820: Cross entropy = 0.136720
I1009 17:49:25.298319 4712924608 retrain.py:1084] 2019-10-09 17:49:25.298305: Step 1820: Cross entropy = 0.136720
INFO:tensorflow:2019-10-09 17:49:25.354682: Step 1820: Validation accuracy = 40.0% (N=100)
I1009 17:49:25.354728 4712924608 retrain.py:1100] 2019-10-09 17:49:25.354682: Step 1820: Validation accuracy = 40.0% (N=100)
INFO:tensorflow:2019-10-09 17:49:25.911379: Step 1830: Train accuracy = 99.0%
I1009 17:49:25.911423 4712924608 retrain.py:1082] 2019-10-09 17:49:25.911379: Step 1830: Train accuracy = 99.0%
INFO:tensorflow:2019-10-09 17:49:25.911531: Step 1830: Cross entropy = 0.134525
I1009 17:49:25.911543 4712924608 retrain.py:1084] 2019-10-09 17:49:25.911531: Step 1830: Cross entropy = 0.134525
INFO:tensorflow:2019-10-09 17:49:25.967917: Step 1830: Validation accuracy = 48.0% (N=100)
I1009 17:49:25.967963 4712924608 retrain.py:1100] 2019-10-09 17:49:25.967917: Step 1830: Validation accuracy = 48.0% (N=100)
INFO:tensorflow:2019-10-09 17:49:26.524805: Step 1840: Train accuracy = 99.0%
I1009 17:49:26.524860 4712924608 retrain.py:1082] 2019-10-09 17:49:26.524805: Step 1840: Train accuracy = 99.0%
INFO:tensorflow:2019-10-09 17:49:26.525041: Step 1840: Cross entropy = 0.125731
I1009 17:49:26.525061 4712924608 retrain.py:1084] 2019-10-09 17:49:26.525041: Step 1840: Cross entropy = 0.125731
INFO:tensorflow:2019-10-09 17:49:26.581782: Step 1840: Validation accuracy = 35.0% (N=100)
I1009 17:49:26.581825 4712924608 retrain.py:1100] 2019-10-09 17:49:26.581782: Step 1840: Validation accuracy = 35.0% (N=100)
INFO:tensorflow:2019-10-09 17:49:27.139992: Step 1850: Train accuracy = 100.0%
I1009 17:49:27.140035 4712924608 retrain.py:1082] 2019-10-09 17:49:27.139992: Step 1850: Train accuracy = 100.0%
INFO:tensorflow:2019-10-09 17:49:27.140142: Step 1850: Cross entropy = 0.151469
I1009 17:49:27.140154 4712924608 retrain.py:1084] 2019-10-09 17:49:27.140142: Step 1850: Cross entropy = 0.151469
INFO:tensorflow:2019-10-09 17:49:27.196392: Step 1850: Validation accuracy = 43.0% (N=100)
I1009 17:49:27.196439 4712924608 retrain.py:1100] 2019-10-09 17:49:27.196392: Step 1850: Validation accuracy = 43.0% (N=100)
INFO:tensorflow:2019-10-09 17:49:27.753997: Step 1860: Train accuracy = 98.0%
I1009 17:49:27.754040 4712924608 retrain.py:1082] 2019-10-09 17:49:27.753997: Step 1860: Train accuracy = 98.0%
INFO:tensorflow:2019-10-09 17:49:27.754149: Step 1860: Cross entropy = 0.180069
I1009 17:49:27.754160 4712924608 retrain.py:1084] 2019-10-09 17:49:27.754149: Step 1860: Cross entropy = 0.180069
INFO:tensorflow:2019-10-09 17:49:27.810423: Step 1860: Validation accuracy = 39.0% (N=100)
I1009 17:49:27.810469 4712924608 retrain.py:1100] 2019-10-09 17:49:27.810423: Step 1860: Validation accuracy = 39.0% (N=100)
INFO:tensorflow:2019-10-09 17:49:28.369185: Step 1870: Train accuracy = 100.0%
I1009 17:49:28.369240 4712924608 retrain.py:1082] 2019-10-09 17:49:28.369185: Step 1870: Train accuracy = 100.0%
INFO:tensorflow:2019-10-09 17:49:28.369365: Step 1870: Cross entropy = 0.149814
I1009 17:49:28.369377 4712924608 retrain.py:1084] 2019-10-09 17:49:28.369365: Step 1870: Cross entropy = 0.149814
INFO:tensorflow:2019-10-09 17:49:28.425323: Step 1870: Validation accuracy = 35.0% (N=100)
I1009 17:49:28.425370 4712924608 retrain.py:1100] 2019-10-09 17:49:28.425323: Step 1870: Validation accuracy = 35.0% (N=100)
INFO:tensorflow:2019-10-09 17:49:28.984707: Step 1880: Train accuracy = 98.0%
I1009 17:49:28.984750 4712924608 retrain.py:1082] 2019-10-09 17:49:28.984707: Step 1880: Train accuracy = 98.0%
INFO:tensorflow:2019-10-09 17:49:28.984867: Step 1880: Cross entropy = 0.153492
I1009 17:49:28.984882 4712924608 retrain.py:1084] 2019-10-09 17:49:28.984867: Step 1880: Cross entropy = 0.153492
INFO:tensorflow:2019-10-09 17:49:29.041169: Step 1880: Validation accuracy = 54.0% (N=100)
I1009 17:49:29.041213 4712924608 retrain.py:1100] 2019-10-09 17:49:29.041169: Step 1880: Validation accuracy = 54.0% (N=100)
INFO:tensorflow:2019-10-09 17:49:29.596962: Step 1890: Train accuracy = 99.0%
I1009 17:49:29.597006 4712924608 retrain.py:1082] 2019-10-09 17:49:29.596962: Step 1890: Train accuracy = 99.0%
INFO:tensorflow:2019-10-09 17:49:29.597115: Step 1890: Cross entropy = 0.144088
I1009 17:49:29.597126 4712924608 retrain.py:1084] 2019-10-09 17:49:29.597115: Step 1890: Cross entropy = 0.144088
INFO:tensorflow:2019-10-09 17:49:29.653397: Step 1890: Validation accuracy = 47.0% (N=100)
I1009 17:49:29.653445 4712924608 retrain.py:1100] 2019-10-09 17:49:29.653397: Step 1890: Validation accuracy = 47.0% (N=100)
INFO:tensorflow:2019-10-09 17:49:30.210253: Step 1900: Train accuracy = 100.0%
I1009 17:49:30.210298 4712924608 retrain.py:1082] 2019-10-09 17:49:30.210253: Step 1900: Train accuracy = 100.0%
INFO:tensorflow:2019-10-09 17:49:30.210407: Step 1900: Cross entropy = 0.132200
I1009 17:49:30.210417 4712924608 retrain.py:1084] 2019-10-09 17:49:30.210407: Step 1900: Cross entropy = 0.132200
INFO:tensorflow:2019-10-09 17:49:30.266711: Step 1900: Validation accuracy = 46.0% (N=100)
I1009 17:49:30.266757 4712924608 retrain.py:1100] 2019-10-09 17:49:30.266711: Step 1900: Validation accuracy = 46.0% (N=100)
INFO:tensorflow:2019-10-09 17:49:30.824071: Step 1910: Train accuracy = 100.0%
I1009 17:49:30.824126 4712924608 retrain.py:1082] 2019-10-09 17:49:30.824071: Step 1910: Train accuracy = 100.0%
INFO:tensorflow:2019-10-09 17:49:30.824263: Step 1910: Cross entropy = 0.149516
I1009 17:49:30.824275 4712924608 retrain.py:1084] 2019-10-09 17:49:30.824263: Step 1910: Cross entropy = 0.149516
INFO:tensorflow:2019-10-09 17:49:30.881020: Step 1910: Validation accuracy = 48.0% (N=100)
I1009 17:49:30.881067 4712924608 retrain.py:1100] 2019-10-09 17:49:30.881020: Step 1910: Validation accuracy = 48.0% (N=100)
INFO:tensorflow:2019-10-09 17:49:31.438330: Step 1920: Train accuracy = 100.0%
I1009 17:49:31.438373 4712924608 retrain.py:1082] 2019-10-09 17:49:31.438330: Step 1920: Train accuracy = 100.0%
INFO:tensorflow:2019-10-09 17:49:31.438480: Step 1920: Cross entropy = 0.134658
I1009 17:49:31.438491 4712924608 retrain.py:1084] 2019-10-09 17:49:31.438480: Step 1920: Cross entropy = 0.134658
INFO:tensorflow:2019-10-09 17:49:31.494833: Step 1920: Validation accuracy = 47.0% (N=100)
I1009 17:49:31.494879 4712924608 retrain.py:1100] 2019-10-09 17:49:31.494833: Step 1920: Validation accuracy = 47.0% (N=100)
INFO:tensorflow:2019-10-09 17:49:32.053004: Step 1930: Train accuracy = 100.0%
I1009 17:49:32.053050 4712924608 retrain.py:1082] 2019-10-09 17:49:32.053004: Step 1930: Train accuracy = 100.0%
INFO:tensorflow:2019-10-09 17:49:32.053160: Step 1930: Cross entropy = 0.140357
I1009 17:49:32.053170 4712924608 retrain.py:1084] 2019-10-09 17:49:32.053160: Step 1930: Cross entropy = 0.140357
INFO:tensorflow:2019-10-09 17:49:32.109867: Step 1930: Validation accuracy = 45.0% (N=100)
I1009 17:49:32.109912 4712924608 retrain.py:1100] 2019-10-09 17:49:32.109867: Step 1930: Validation accuracy = 45.0% (N=100)
INFO:tensorflow:2019-10-09 17:49:32.666676: Step 1940: Train accuracy = 98.0%
I1009 17:49:32.666721 4712924608 retrain.py:1082] 2019-10-09 17:49:32.666676: Step 1940: Train accuracy = 98.0%
INFO:tensorflow:2019-10-09 17:49:32.666831: Step 1940: Cross entropy = 0.167318
I1009 17:49:32.666842 4712924608 retrain.py:1084] 2019-10-09 17:49:32.666831: Step 1940: Cross entropy = 0.167318
INFO:tensorflow:2019-10-09 17:49:32.723215: Step 1940: Validation accuracy = 41.0% (N=100)
I1009 17:49:32.723260 4712924608 retrain.py:1100] 2019-10-09 17:49:32.723215: Step 1940: Validation accuracy = 41.0% (N=100)
INFO:tensorflow:2019-10-09 17:49:33.280712: Step 1950: Train accuracy = 99.0%
I1009 17:49:33.280757 4712924608 retrain.py:1082] 2019-10-09 17:49:33.280712: Step 1950: Train accuracy = 99.0%
INFO:tensorflow:2019-10-09 17:49:33.280870: Step 1950: Cross entropy = 0.153278
I1009 17:49:33.280881 4712924608 retrain.py:1084] 2019-10-09 17:49:33.280870: Step 1950: Cross entropy = 0.153278
INFO:tensorflow:2019-10-09 17:49:33.337939: Step 1950: Validation accuracy = 36.0% (N=100)
I1009 17:49:33.337984 4712924608 retrain.py:1100] 2019-10-09 17:49:33.337939: Step 1950: Validation accuracy = 36.0% (N=100)
INFO:tensorflow:2019-10-09 17:49:33.893983: Step 1960: Train accuracy = 100.0%
I1009 17:49:33.894041 4712924608 retrain.py:1082] 2019-10-09 17:49:33.893983: Step 1960: Train accuracy = 100.0%
INFO:tensorflow:2019-10-09 17:49:33.894224: Step 1960: Cross entropy = 0.134568
I1009 17:49:33.894239 4712924608 retrain.py:1084] 2019-10-09 17:49:33.894224: Step 1960: Cross entropy = 0.134568
INFO:tensorflow:2019-10-09 17:49:33.950202: Step 1960: Validation accuracy = 53.0% (N=100)
I1009 17:49:33.950248 4712924608 retrain.py:1100] 2019-10-09 17:49:33.950202: Step 1960: Validation accuracy = 53.0% (N=100)
INFO:tensorflow:2019-10-09 17:49:34.505969: Step 1970: Train accuracy = 99.0%
I1009 17:49:34.506012 4712924608 retrain.py:1082] 2019-10-09 17:49:34.505969: Step 1970: Train accuracy = 99.0%
INFO:tensorflow:2019-10-09 17:49:34.506122: Step 1970: Cross entropy = 0.174823
I1009 17:49:34.506133 4712924608 retrain.py:1084] 2019-10-09 17:49:34.506122: Step 1970: Cross entropy = 0.174823
INFO:tensorflow:2019-10-09 17:49:34.562522: Step 1970: Validation accuracy = 51.0% (N=100)
I1009 17:49:34.562568 4712924608 retrain.py:1100] 2019-10-09 17:49:34.562522: Step 1970: Validation accuracy = 51.0% (N=100)
INFO:tensorflow:2019-10-09 17:49:35.118377: Step 1980: Train accuracy = 99.0%
I1009 17:49:35.118421 4712924608 retrain.py:1082] 2019-10-09 17:49:35.118377: Step 1980: Train accuracy = 99.0%
INFO:tensorflow:2019-10-09 17:49:35.118531: Step 1980: Cross entropy = 0.133372
I1009 17:49:35.118556 4712924608 retrain.py:1084] 2019-10-09 17:49:35.118531: Step 1980: Cross entropy = 0.133372
INFO:tensorflow:2019-10-09 17:49:35.175182: Step 1980: Validation accuracy = 49.0% (N=100)
I1009 17:49:35.175226 4712924608 retrain.py:1100] 2019-10-09 17:49:35.175182: Step 1980: Validation accuracy = 49.0% (N=100)
INFO:tensorflow:2019-10-09 17:49:35.731665: Step 1990: Train accuracy = 100.0%
I1009 17:49:35.731709 4712924608 retrain.py:1082] 2019-10-09 17:49:35.731665: Step 1990: Train accuracy = 100.0%
INFO:tensorflow:2019-10-09 17:49:35.731818: Step 1990: Cross entropy = 0.143748
I1009 17:49:35.731828 4712924608 retrain.py:1084] 2019-10-09 17:49:35.731818: Step 1990: Cross entropy = 0.143748
INFO:tensorflow:2019-10-09 17:49:35.788194: Step 1990: Validation accuracy = 45.0% (N=100)
I1009 17:49:35.788239 4712924608 retrain.py:1100] 2019-10-09 17:49:35.788194: Step 1990: Validation accuracy = 45.0% (N=100)
INFO:tensorflow:2019-10-09 17:49:36.344309: Step 2000: Train accuracy = 99.0%
I1009 17:49:36.344361 4712924608 retrain.py:1082] 2019-10-09 17:49:36.344309: Step 2000: Train accuracy = 99.0%
INFO:tensorflow:2019-10-09 17:49:36.344476: Step 2000: Cross entropy = 0.143171
I1009 17:49:36.344487 4712924608 retrain.py:1084] 2019-10-09 17:49:36.344476: Step 2000: Cross entropy = 0.143171
INFO:tensorflow:2019-10-09 17:49:36.400763: Step 2000: Validation accuracy = 47.0% (N=100)
I1009 17:49:36.400810 4712924608 retrain.py:1100] 2019-10-09 17:49:36.400763: Step 2000: Validation accuracy = 47.0% (N=100)
INFO:tensorflow:2019-10-09 17:49:36.956552: Step 2010: Train accuracy = 100.0%
I1009 17:49:36.956597 4712924608 retrain.py:1082] 2019-10-09 17:49:36.956552: Step 2010: Train accuracy = 100.0%
INFO:tensorflow:2019-10-09 17:49:36.956706: Step 2010: Cross entropy = 0.128223
I1009 17:49:36.956717 4712924608 retrain.py:1084] 2019-10-09 17:49:36.956706: Step 2010: Cross entropy = 0.128223
INFO:tensorflow:2019-10-09 17:49:37.012869: Step 2010: Validation accuracy = 50.0% (N=100)
I1009 17:49:37.012915 4712924608 retrain.py:1100] 2019-10-09 17:49:37.012869: Step 2010: Validation accuracy = 50.0% (N=100)
INFO:tensorflow:2019-10-09 17:49:37.569908: Step 2020: Train accuracy = 97.0%
I1009 17:49:37.569952 4712924608 retrain.py:1082] 2019-10-09 17:49:37.569908: Step 2020: Train accuracy = 97.0%
INFO:tensorflow:2019-10-09 17:49:37.570075: Step 2020: Cross entropy = 0.151898
I1009 17:49:37.570107 4712924608 retrain.py:1084] 2019-10-09 17:49:37.570075: Step 2020: Cross entropy = 0.151898
INFO:tensorflow:2019-10-09 17:49:37.626445: Step 2020: Validation accuracy = 40.0% (N=100)
I1009 17:49:37.626492 4712924608 retrain.py:1100] 2019-10-09 17:49:37.626445: Step 2020: Validation accuracy = 40.0% (N=100)
INFO:tensorflow:2019-10-09 17:49:38.183850: Step 2030: Train accuracy = 98.0%
I1009 17:49:38.183895 4712924608 retrain.py:1082] 2019-10-09 17:49:38.183850: Step 2030: Train accuracy = 98.0%
INFO:tensorflow:2019-10-09 17:49:38.184003: Step 2030: Cross entropy = 0.131334
I1009 17:49:38.184014 4712924608 retrain.py:1084] 2019-10-09 17:49:38.184003: Step 2030: Cross entropy = 0.131334
INFO:tensorflow:2019-10-09 17:49:38.240292: Step 2030: Validation accuracy = 48.0% (N=100)
I1009 17:49:38.240339 4712924608 retrain.py:1100] 2019-10-09 17:49:38.240292: Step 2030: Validation accuracy = 48.0% (N=100)
INFO:tensorflow:2019-10-09 17:49:38.797932: Step 2040: Train accuracy = 98.0%
I1009 17:49:38.797975 4712924608 retrain.py:1082] 2019-10-09 17:49:38.797932: Step 2040: Train accuracy = 98.0%
INFO:tensorflow:2019-10-09 17:49:38.798082: Step 2040: Cross entropy = 0.130923
I1009 17:49:38.798096 4712924608 retrain.py:1084] 2019-10-09 17:49:38.798082: Step 2040: Cross entropy = 0.130923
INFO:tensorflow:2019-10-09 17:49:38.854468: Step 2040: Validation accuracy = 38.0% (N=100)
I1009 17:49:38.854512 4712924608 retrain.py:1100] 2019-10-09 17:49:38.854468: Step 2040: Validation accuracy = 38.0% (N=100)
INFO:tensorflow:2019-10-09 17:49:39.411218: Step 2050: Train accuracy = 98.0%
I1009 17:49:39.411262 4712924608 retrain.py:1082] 2019-10-09 17:49:39.411218: Step 2050: Train accuracy = 98.0%
INFO:tensorflow:2019-10-09 17:49:39.411374: Step 2050: Cross entropy = 0.140834
I1009 17:49:39.411386 4712924608 retrain.py:1084] 2019-10-09 17:49:39.411374: Step 2050: Cross entropy = 0.140834
INFO:tensorflow:2019-10-09 17:49:39.467649: Step 2050: Validation accuracy = 54.0% (N=100)
I1009 17:49:39.467696 4712924608 retrain.py:1100] 2019-10-09 17:49:39.467649: Step 2050: Validation accuracy = 54.0% (N=100)
INFO:tensorflow:2019-10-09 17:49:40.024194: Step 2060: Train accuracy = 100.0%
I1009 17:49:40.024250 4712924608 retrain.py:1082] 2019-10-09 17:49:40.024194: Step 2060: Train accuracy = 100.0%
INFO:tensorflow:2019-10-09 17:49:40.024387: Step 2060: Cross entropy = 0.190870
I1009 17:49:40.024397 4712924608 retrain.py:1084] 2019-10-09 17:49:40.024387: Step 2060: Cross entropy = 0.190870
INFO:tensorflow:2019-10-09 17:49:40.080701: Step 2060: Validation accuracy = 38.0% (N=100)
I1009 17:49:40.080748 4712924608 retrain.py:1100] 2019-10-09 17:49:40.080701: Step 2060: Validation accuracy = 38.0% (N=100)
INFO:tensorflow:2019-10-09 17:49:40.638774: Step 2070: Train accuracy = 99.0%
I1009 17:49:40.638818 4712924608 retrain.py:1082] 2019-10-09 17:49:40.638774: Step 2070: Train accuracy = 99.0%
INFO:tensorflow:2019-10-09 17:49:40.638930: Step 2070: Cross entropy = 0.147762
I1009 17:49:40.638940 4712924608 retrain.py:1084] 2019-10-09 17:49:40.638930: Step 2070: Cross entropy = 0.147762
INFO:tensorflow:2019-10-09 17:49:40.695532: Step 2070: Validation accuracy = 48.0% (N=100)
I1009 17:49:40.695578 4712924608 retrain.py:1100] 2019-10-09 17:49:40.695532: Step 2070: Validation accuracy = 48.0% (N=100)
INFO:tensorflow:2019-10-09 17:49:41.253379: Step 2080: Train accuracy = 100.0%
I1009 17:49:41.253424 4712924608 retrain.py:1082] 2019-10-09 17:49:41.253379: Step 2080: Train accuracy = 100.0%
INFO:tensorflow:2019-10-09 17:49:41.253536: Step 2080: Cross entropy = 0.129478
I1009 17:49:41.253548 4712924608 retrain.py:1084] 2019-10-09 17:49:41.253536: Step 2080: Cross entropy = 0.129478
INFO:tensorflow:2019-10-09 17:49:41.309910: Step 2080: Validation accuracy = 44.0% (N=100)
I1009 17:49:41.309957 4712924608 retrain.py:1100] 2019-10-09 17:49:41.309910: Step 2080: Validation accuracy = 44.0% (N=100)
INFO:tensorflow:2019-10-09 17:49:41.866929: Step 2090: Train accuracy = 100.0%
I1009 17:49:41.866976 4712924608 retrain.py:1082] 2019-10-09 17:49:41.866929: Step 2090: Train accuracy = 100.0%
INFO:tensorflow:2019-10-09 17:49:41.867084: Step 2090: Cross entropy = 0.115139
I1009 17:49:41.867095 4712924608 retrain.py:1084] 2019-10-09 17:49:41.867084: Step 2090: Cross entropy = 0.115139
INFO:tensorflow:2019-10-09 17:49:41.923415: Step 2090: Validation accuracy = 47.0% (N=100)
I1009 17:49:41.923462 4712924608 retrain.py:1100] 2019-10-09 17:49:41.923415: Step 2090: Validation accuracy = 47.0% (N=100)
INFO:tensorflow:2019-10-09 17:49:42.480615: Step 2100: Train accuracy = 100.0%
I1009 17:49:42.480659 4712924608 retrain.py:1082] 2019-10-09 17:49:42.480615: Step 2100: Train accuracy = 100.0%
INFO:tensorflow:2019-10-09 17:49:42.480771: Step 2100: Cross entropy = 0.123089
I1009 17:49:42.480818 4712924608 retrain.py:1084] 2019-10-09 17:49:42.480771: Step 2100: Cross entropy = 0.123089
INFO:tensorflow:2019-10-09 17:49:42.537164: Step 2100: Validation accuracy = 46.0% (N=100)
I1009 17:49:42.537211 4712924608 retrain.py:1100] 2019-10-09 17:49:42.537164: Step 2100: Validation accuracy = 46.0% (N=100)
INFO:tensorflow:2019-10-09 17:49:43.096448: Step 2110: Train accuracy = 99.0%
I1009 17:49:43.096493 4712924608 retrain.py:1082] 2019-10-09 17:49:43.096448: Step 2110: Train accuracy = 99.0%
INFO:tensorflow:2019-10-09 17:49:43.096601: Step 2110: Cross entropy = 0.140235
I1009 17:49:43.096627 4712924608 retrain.py:1084] 2019-10-09 17:49:43.096601: Step 2110: Cross entropy = 0.140235
INFO:tensorflow:2019-10-09 17:49:43.153051: Step 2110: Validation accuracy = 40.0% (N=100)
I1009 17:49:43.153097 4712924608 retrain.py:1100] 2019-10-09 17:49:43.153051: Step 2110: Validation accuracy = 40.0% (N=100)
INFO:tensorflow:2019-10-09 17:49:43.710154: Step 2120: Train accuracy = 99.0%
I1009 17:49:43.710197 4712924608 retrain.py:1082] 2019-10-09 17:49:43.710154: Step 2120: Train accuracy = 99.0%
INFO:tensorflow:2019-10-09 17:49:43.710307: Step 2120: Cross entropy = 0.115470
I1009 17:49:43.710319 4712924608 retrain.py:1084] 2019-10-09 17:49:43.710307: Step 2120: Cross entropy = 0.115470
INFO:tensorflow:2019-10-09 17:49:43.766720: Step 2120: Validation accuracy = 42.0% (N=100)
I1009 17:49:43.766767 4712924608 retrain.py:1100] 2019-10-09 17:49:43.766720: Step 2120: Validation accuracy = 42.0% (N=100)
INFO:tensorflow:2019-10-09 17:49:44.323809: Step 2130: Train accuracy = 100.0%
I1009 17:49:44.323863 4712924608 retrain.py:1082] 2019-10-09 17:49:44.323809: Step 2130: Train accuracy = 100.0%
INFO:tensorflow:2019-10-09 17:49:44.323998: Step 2130: Cross entropy = 0.150391
I1009 17:49:44.324009 4712924608 retrain.py:1084] 2019-10-09 17:49:44.323998: Step 2130: Cross entropy = 0.150391
INFO:tensorflow:2019-10-09 17:49:44.380956: Step 2130: Validation accuracy = 44.0% (N=100)
I1009 17:49:44.380998 4712924608 retrain.py:1100] 2019-10-09 17:49:44.380956: Step 2130: Validation accuracy = 44.0% (N=100)
INFO:tensorflow:2019-10-09 17:49:44.938832: Step 2140: Train accuracy = 98.0%
I1009 17:49:44.938876 4712924608 retrain.py:1082] 2019-10-09 17:49:44.938832: Step 2140: Train accuracy = 98.0%
INFO:tensorflow:2019-10-09 17:49:44.938983: Step 2140: Cross entropy = 0.134598
I1009 17:49:44.938993 4712924608 retrain.py:1084] 2019-10-09 17:49:44.938983: Step 2140: Cross entropy = 0.134598
INFO:tensorflow:2019-10-09 17:49:44.995453: Step 2140: Validation accuracy = 49.0% (N=100)
I1009 17:49:44.995500 4712924608 retrain.py:1100] 2019-10-09 17:49:44.995453: Step 2140: Validation accuracy = 49.0% (N=100)
INFO:tensorflow:2019-10-09 17:49:45.551629: Step 2150: Train accuracy = 100.0%
I1009 17:49:45.551674 4712924608 retrain.py:1082] 2019-10-09 17:49:45.551629: Step 2150: Train accuracy = 100.0%
INFO:tensorflow:2019-10-09 17:49:45.551784: Step 2150: Cross entropy = 0.133461
I1009 17:49:45.551795 4712924608 retrain.py:1084] 2019-10-09 17:49:45.551784: Step 2150: Cross entropy = 0.133461
INFO:tensorflow:2019-10-09 17:49:45.608088: Step 2150: Validation accuracy = 48.0% (N=100)
I1009 17:49:45.608134 4712924608 retrain.py:1100] 2019-10-09 17:49:45.608088: Step 2150: Validation accuracy = 48.0% (N=100)
INFO:tensorflow:2019-10-09 17:49:46.165319: Step 2160: Train accuracy = 100.0%
I1009 17:49:46.165361 4712924608 retrain.py:1082] 2019-10-09 17:49:46.165319: Step 2160: Train accuracy = 100.0%
INFO:tensorflow:2019-10-09 17:49:46.165472: Step 2160: Cross entropy = 0.107566
I1009 17:49:46.165483 4712924608 retrain.py:1084] 2019-10-09 17:49:46.165472: Step 2160: Cross entropy = 0.107566
INFO:tensorflow:2019-10-09 17:49:46.221972: Step 2160: Validation accuracy = 48.0% (N=100)
I1009 17:49:46.222020 4712924608 retrain.py:1100] 2019-10-09 17:49:46.221972: Step 2160: Validation accuracy = 48.0% (N=100)
INFO:tensorflow:2019-10-09 17:49:46.780023: Step 2170: Train accuracy = 99.0%
I1009 17:49:46.780068 4712924608 retrain.py:1082] 2019-10-09 17:49:46.780023: Step 2170: Train accuracy = 99.0%
INFO:tensorflow:2019-10-09 17:49:46.780175: Step 2170: Cross entropy = 0.127550
I1009 17:49:46.780186 4712924608 retrain.py:1084] 2019-10-09 17:49:46.780175: Step 2170: Cross entropy = 0.127550
INFO:tensorflow:2019-10-09 17:49:46.837027: Step 2170: Validation accuracy = 32.0% (N=100)
I1009 17:49:46.837071 4712924608 retrain.py:1100] 2019-10-09 17:49:46.837027: Step 2170: Validation accuracy = 32.0% (N=100)
INFO:tensorflow:2019-10-09 17:49:47.394629: Step 2180: Train accuracy = 100.0%
I1009 17:49:47.394672 4712924608 retrain.py:1082] 2019-10-09 17:49:47.394629: Step 2180: Train accuracy = 100.0%
INFO:tensorflow:2019-10-09 17:49:47.394782: Step 2180: Cross entropy = 0.127138
I1009 17:49:47.394793 4712924608 retrain.py:1084] 2019-10-09 17:49:47.394782: Step 2180: Cross entropy = 0.127138
INFO:tensorflow:2019-10-09 17:49:47.451071: Step 2180: Validation accuracy = 50.0% (N=100)
I1009 17:49:47.451120 4712924608 retrain.py:1100] 2019-10-09 17:49:47.451071: Step 2180: Validation accuracy = 50.0% (N=100)
INFO:tensorflow:2019-10-09 17:49:48.008690: Step 2190: Train accuracy = 100.0%
I1009 17:49:48.008747 4712924608 retrain.py:1082] 2019-10-09 17:49:48.008690: Step 2190: Train accuracy = 100.0%
INFO:tensorflow:2019-10-09 17:49:48.008854: Step 2190: Cross entropy = 0.138776
I1009 17:49:48.008880 4712924608 retrain.py:1084] 2019-10-09 17:49:48.008854: Step 2190: Cross entropy = 0.138776
INFO:tensorflow:2019-10-09 17:49:48.065191: Step 2190: Validation accuracy = 53.0% (N=100)
I1009 17:49:48.065237 4712924608 retrain.py:1100] 2019-10-09 17:49:48.065191: Step 2190: Validation accuracy = 53.0% (N=100)
INFO:tensorflow:2019-10-09 17:49:48.621439: Step 2200: Train accuracy = 100.0%
I1009 17:49:48.621495 4712924608 retrain.py:1082] 2019-10-09 17:49:48.621439: Step 2200: Train accuracy = 100.0%
INFO:tensorflow:2019-10-09 17:49:48.621618: Step 2200: Cross entropy = 0.128277
I1009 17:49:48.621628 4712924608 retrain.py:1084] 2019-10-09 17:49:48.621618: Step 2200: Cross entropy = 0.128277
INFO:tensorflow:2019-10-09 17:49:48.677816: Step 2200: Validation accuracy = 41.0% (N=100)
I1009 17:49:48.677861 4712924608 retrain.py:1100] 2019-10-09 17:49:48.677816: Step 2200: Validation accuracy = 41.0% (N=100)
INFO:tensorflow:2019-10-09 17:49:49.234990: Step 2210: Train accuracy = 100.0%
I1009 17:49:49.235033 4712924608 retrain.py:1082] 2019-10-09 17:49:49.234990: Step 2210: Train accuracy = 100.0%
INFO:tensorflow:2019-10-09 17:49:49.235143: Step 2210: Cross entropy = 0.132152
I1009 17:49:49.235156 4712924608 retrain.py:1084] 2019-10-09 17:49:49.235143: Step 2210: Cross entropy = 0.132152
INFO:tensorflow:2019-10-09 17:49:49.291451: Step 2210: Validation accuracy = 38.0% (N=100)
I1009 17:49:49.291497 4712924608 retrain.py:1100] 2019-10-09 17:49:49.291451: Step 2210: Validation accuracy = 38.0% (N=100)
INFO:tensorflow:2019-10-09 17:49:49.848699: Step 2220: Train accuracy = 100.0%
I1009 17:49:49.848741 4712924608 retrain.py:1082] 2019-10-09 17:49:49.848699: Step 2220: Train accuracy = 100.0%
INFO:tensorflow:2019-10-09 17:49:49.848847: Step 2220: Cross entropy = 0.119399
I1009 17:49:49.848858 4712924608 retrain.py:1084] 2019-10-09 17:49:49.848847: Step 2220: Cross entropy = 0.119399
INFO:tensorflow:2019-10-09 17:49:49.905018: Step 2220: Validation accuracy = 53.0% (N=100)
I1009 17:49:49.905061 4712924608 retrain.py:1100] 2019-10-09 17:49:49.905018: Step 2220: Validation accuracy = 53.0% (N=100)
INFO:tensorflow:2019-10-09 17:49:50.461232: Step 2230: Train accuracy = 99.0%
I1009 17:49:50.461275 4712924608 retrain.py:1082] 2019-10-09 17:49:50.461232: Step 2230: Train accuracy = 99.0%
INFO:tensorflow:2019-10-09 17:49:50.461385: Step 2230: Cross entropy = 0.132186
I1009 17:49:50.461395 4712924608 retrain.py:1084] 2019-10-09 17:49:50.461385: Step 2230: Cross entropy = 0.132186
INFO:tensorflow:2019-10-09 17:49:50.517839: Step 2230: Validation accuracy = 43.0% (N=100)
I1009 17:49:50.517882 4712924608 retrain.py:1100] 2019-10-09 17:49:50.517839: Step 2230: Validation accuracy = 43.0% (N=100)
INFO:tensorflow:2019-10-09 17:49:51.075334: Step 2240: Train accuracy = 100.0%
I1009 17:49:51.075378 4712924608 retrain.py:1082] 2019-10-09 17:49:51.075334: Step 2240: Train accuracy = 100.0%
INFO:tensorflow:2019-10-09 17:49:51.075487: Step 2240: Cross entropy = 0.106798
I1009 17:49:51.075500 4712924608 retrain.py:1084] 2019-10-09 17:49:51.075487: Step 2240: Cross entropy = 0.106798
INFO:tensorflow:2019-10-09 17:49:51.132220: Step 2240: Validation accuracy = 45.0% (N=100)
I1009 17:49:51.132261 4712924608 retrain.py:1100] 2019-10-09 17:49:51.132220: Step 2240: Validation accuracy = 45.0% (N=100)
INFO:tensorflow:2019-10-09 17:49:51.689454: Step 2250: Train accuracy = 99.0%
I1009 17:49:51.689498 4712924608 retrain.py:1082] 2019-10-09 17:49:51.689454: Step 2250: Train accuracy = 99.0%
INFO:tensorflow:2019-10-09 17:49:51.689608: Step 2250: Cross entropy = 0.147495
I1009 17:49:51.689618 4712924608 retrain.py:1084] 2019-10-09 17:49:51.689608: Step 2250: Cross entropy = 0.147495
INFO:tensorflow:2019-10-09 17:49:51.745961: Step 2250: Validation accuracy = 47.0% (N=100)
I1009 17:49:51.746009 4712924608 retrain.py:1100] 2019-10-09 17:49:51.745961: Step 2250: Validation accuracy = 47.0% (N=100)
INFO:tensorflow:2019-10-09 17:49:52.304923: Step 2260: Train accuracy = 99.0%
I1009 17:49:52.304971 4712924608 retrain.py:1082] 2019-10-09 17:49:52.304923: Step 2260: Train accuracy = 99.0%
INFO:tensorflow:2019-10-09 17:49:52.305090: Step 2260: Cross entropy = 0.133799
I1009 17:49:52.305102 4712924608 retrain.py:1084] 2019-10-09 17:49:52.305090: Step 2260: Cross entropy = 0.133799
INFO:tensorflow:2019-10-09 17:49:52.361498: Step 2260: Validation accuracy = 42.0% (N=100)
I1009 17:49:52.361543 4712924608 retrain.py:1100] 2019-10-09 17:49:52.361498: Step 2260: Validation accuracy = 42.0% (N=100)
INFO:tensorflow:2019-10-09 17:49:52.920177: Step 2270: Train accuracy = 99.0%
I1009 17:49:52.920244 4712924608 retrain.py:1082] 2019-10-09 17:49:52.920177: Step 2270: Train accuracy = 99.0%
INFO:tensorflow:2019-10-09 17:49:52.920382: Step 2270: Cross entropy = 0.116709
I1009 17:49:52.920394 4712924608 retrain.py:1084] 2019-10-09 17:49:52.920382: Step 2270: Cross entropy = 0.116709
INFO:tensorflow:2019-10-09 17:49:52.976728: Step 2270: Validation accuracy = 49.0% (N=100)
I1009 17:49:52.976773 4712924608 retrain.py:1100] 2019-10-09 17:49:52.976728: Step 2270: Validation accuracy = 49.0% (N=100)
INFO:tensorflow:2019-10-09 17:49:53.534527: Step 2280: Train accuracy = 100.0%
I1009 17:49:53.534573 4712924608 retrain.py:1082] 2019-10-09 17:49:53.534527: Step 2280: Train accuracy = 100.0%
INFO:tensorflow:2019-10-09 17:49:53.534683: Step 2280: Cross entropy = 0.116518
I1009 17:49:53.534694 4712924608 retrain.py:1084] 2019-10-09 17:49:53.534683: Step 2280: Cross entropy = 0.116518
INFO:tensorflow:2019-10-09 17:49:53.591222: Step 2280: Validation accuracy = 54.0% (N=100)
I1009 17:49:53.591264 4712924608 retrain.py:1100] 2019-10-09 17:49:53.591222: Step 2280: Validation accuracy = 54.0% (N=100)
INFO:tensorflow:2019-10-09 17:49:54.148829: Step 2290: Train accuracy = 100.0%
I1009 17:49:54.148874 4712924608 retrain.py:1082] 2019-10-09 17:49:54.148829: Step 2290: Train accuracy = 100.0%
INFO:tensorflow:2019-10-09 17:49:54.148982: Step 2290: Cross entropy = 0.126705
I1009 17:49:54.148993 4712924608 retrain.py:1084] 2019-10-09 17:49:54.148982: Step 2290: Cross entropy = 0.126705
INFO:tensorflow:2019-10-09 17:49:54.205932: Step 2290: Validation accuracy = 40.0% (N=100)
I1009 17:49:54.205975 4712924608 retrain.py:1100] 2019-10-09 17:49:54.205932: Step 2290: Validation accuracy = 40.0% (N=100)
INFO:tensorflow:2019-10-09 17:49:54.762294: Step 2300: Train accuracy = 99.0%
I1009 17:49:54.762339 4712924608 retrain.py:1082] 2019-10-09 17:49:54.762294: Step 2300: Train accuracy = 99.0%
INFO:tensorflow:2019-10-09 17:49:54.762446: Step 2300: Cross entropy = 0.149517
I1009 17:49:54.762458 4712924608 retrain.py:1084] 2019-10-09 17:49:54.762446: Step 2300: Cross entropy = 0.149517
INFO:tensorflow:2019-10-09 17:49:54.819402: Step 2300: Validation accuracy = 47.0% (N=100)
I1009 17:49:54.819449 4712924608 retrain.py:1100] 2019-10-09 17:49:54.819402: Step 2300: Validation accuracy = 47.0% (N=100)
INFO:tensorflow:2019-10-09 17:49:55.375434: Step 2310: Train accuracy = 98.0%
I1009 17:49:55.375478 4712924608 retrain.py:1082] 2019-10-09 17:49:55.375434: Step 2310: Train accuracy = 98.0%
INFO:tensorflow:2019-10-09 17:49:55.375587: Step 2310: Cross entropy = 0.134051
I1009 17:49:55.375599 4712924608 retrain.py:1084] 2019-10-09 17:49:55.375587: Step 2310: Cross entropy = 0.134051
INFO:tensorflow:2019-10-09 17:49:55.431916: Step 2310: Validation accuracy = 49.0% (N=100)
I1009 17:49:55.431962 4712924608 retrain.py:1100] 2019-10-09 17:49:55.431916: Step 2310: Validation accuracy = 49.0% (N=100)
INFO:tensorflow:2019-10-09 17:49:55.989791: Step 2320: Train accuracy = 100.0%
I1009 17:49:55.989835 4712924608 retrain.py:1082] 2019-10-09 17:49:55.989791: Step 2320: Train accuracy = 100.0%
INFO:tensorflow:2019-10-09 17:49:55.989940: Step 2320: Cross entropy = 0.126319
I1009 17:49:55.989952 4712924608 retrain.py:1084] 2019-10-09 17:49:55.989940: Step 2320: Cross entropy = 0.126319
INFO:tensorflow:2019-10-09 17:49:56.046429: Step 2320: Validation accuracy = 41.0% (N=100)
I1009 17:49:56.046474 4712924608 retrain.py:1100] 2019-10-09 17:49:56.046429: Step 2320: Validation accuracy = 41.0% (N=100)
INFO:tensorflow:2019-10-09 17:49:56.603696: Step 2330: Train accuracy = 98.0%
I1009 17:49:56.603740 4712924608 retrain.py:1082] 2019-10-09 17:49:56.603696: Step 2330: Train accuracy = 98.0%
INFO:tensorflow:2019-10-09 17:49:56.603850: Step 2330: Cross entropy = 0.152571
I1009 17:49:56.603862 4712924608 retrain.py:1084] 2019-10-09 17:49:56.603850: Step 2330: Cross entropy = 0.152571
INFO:tensorflow:2019-10-09 17:49:56.660311: Step 2330: Validation accuracy = 43.0% (N=100)
I1009 17:49:56.660355 4712924608 retrain.py:1100] 2019-10-09 17:49:56.660311: Step 2330: Validation accuracy = 43.0% (N=100)
INFO:tensorflow:2019-10-09 17:49:57.217676: Step 2340: Train accuracy = 99.0%
I1009 17:49:57.217719 4712924608 retrain.py:1082] 2019-10-09 17:49:57.217676: Step 2340: Train accuracy = 99.0%
INFO:tensorflow:2019-10-09 17:49:57.217826: Step 2340: Cross entropy = 0.099562
I1009 17:49:57.217838 4712924608 retrain.py:1084] 2019-10-09 17:49:57.217826: Step 2340: Cross entropy = 0.099562
INFO:tensorflow:2019-10-09 17:49:57.274346: Step 2340: Validation accuracy = 50.0% (N=100)
I1009 17:49:57.274389 4712924608 retrain.py:1100] 2019-10-09 17:49:57.274346: Step 2340: Validation accuracy = 50.0% (N=100)
INFO:tensorflow:2019-10-09 17:49:57.833078: Step 2350: Train accuracy = 97.0%
I1009 17:49:57.833122 4712924608 retrain.py:1082] 2019-10-09 17:49:57.833078: Step 2350: Train accuracy = 97.0%
INFO:tensorflow:2019-10-09 17:49:57.833231: Step 2350: Cross entropy = 0.142246
I1009 17:49:57.833256 4712924608 retrain.py:1084] 2019-10-09 17:49:57.833231: Step 2350: Cross entropy = 0.142246
INFO:tensorflow:2019-10-09 17:49:57.889864: Step 2350: Validation accuracy = 46.0% (N=100)
I1009 17:49:57.889909 4712924608 retrain.py:1100] 2019-10-09 17:49:57.889864: Step 2350: Validation accuracy = 46.0% (N=100)
INFO:tensorflow:2019-10-09 17:49:58.449000: Step 2360: Train accuracy = 100.0%
I1009 17:49:58.449044 4712924608 retrain.py:1082] 2019-10-09 17:49:58.449000: Step 2360: Train accuracy = 100.0%
INFO:tensorflow:2019-10-09 17:49:58.449150: Step 2360: Cross entropy = 0.150344
I1009 17:49:58.449162 4712924608 retrain.py:1084] 2019-10-09 17:49:58.449150: Step 2360: Cross entropy = 0.150344
INFO:tensorflow:2019-10-09 17:49:58.505700: Step 2360: Validation accuracy = 47.0% (N=100)
I1009 17:49:58.505746 4712924608 retrain.py:1100] 2019-10-09 17:49:58.505700: Step 2360: Validation accuracy = 47.0% (N=100)
INFO:tensorflow:2019-10-09 17:49:59.063529: Step 2370: Train accuracy = 100.0%
I1009 17:49:59.063572 4712924608 retrain.py:1082] 2019-10-09 17:49:59.063529: Step 2370: Train accuracy = 100.0%
INFO:tensorflow:2019-10-09 17:49:59.063679: Step 2370: Cross entropy = 0.125184
I1009 17:49:59.063690 4712924608 retrain.py:1084] 2019-10-09 17:49:59.063679: Step 2370: Cross entropy = 0.125184
INFO:tensorflow:2019-10-09 17:49:59.120005: Step 2370: Validation accuracy = 55.0% (N=100)
I1009 17:49:59.120048 4712924608 retrain.py:1100] 2019-10-09 17:49:59.120005: Step 2370: Validation accuracy = 55.0% (N=100)
INFO:tensorflow:2019-10-09 17:49:59.677814: Step 2380: Train accuracy = 98.0%
I1009 17:49:59.677856 4712924608 retrain.py:1082] 2019-10-09 17:49:59.677814: Step 2380: Train accuracy = 98.0%
INFO:tensorflow:2019-10-09 17:49:59.677965: Step 2380: Cross entropy = 0.132899
I1009 17:49:59.677976 4712924608 retrain.py:1084] 2019-10-09 17:49:59.677965: Step 2380: Cross entropy = 0.132899
INFO:tensorflow:2019-10-09 17:49:59.734695: Step 2380: Validation accuracy = 54.0% (N=100)
I1009 17:49:59.734741 4712924608 retrain.py:1100] 2019-10-09 17:49:59.734695: Step 2380: Validation accuracy = 54.0% (N=100)
INFO:tensorflow:2019-10-09 17:50:00.292683: Step 2390: Train accuracy = 100.0%
I1009 17:50:00.292726 4712924608 retrain.py:1082] 2019-10-09 17:50:00.292683: Step 2390: Train accuracy = 100.0%
INFO:tensorflow:2019-10-09 17:50:00.292835: Step 2390: Cross entropy = 0.119264
I1009 17:50:00.292845 4712924608 retrain.py:1084] 2019-10-09 17:50:00.292835: Step 2390: Cross entropy = 0.119264
INFO:tensorflow:2019-10-09 17:50:00.349589: Step 2390: Validation accuracy = 52.0% (N=100)
I1009 17:50:00.349636 4712924608 retrain.py:1100] 2019-10-09 17:50:00.349589: Step 2390: Validation accuracy = 52.0% (N=100)
INFO:tensorflow:2019-10-09 17:50:00.908186: Step 2400: Train accuracy = 100.0%
I1009 17:50:00.908231 4712924608 retrain.py:1082] 2019-10-09 17:50:00.908186: Step 2400: Train accuracy = 100.0%
INFO:tensorflow:2019-10-09 17:50:00.908339: Step 2400: Cross entropy = 0.133204
I1009 17:50:00.908350 4712924608 retrain.py:1084] 2019-10-09 17:50:00.908339: Step 2400: Cross entropy = 0.133204
INFO:tensorflow:2019-10-09 17:50:00.964806: Step 2400: Validation accuracy = 44.0% (N=100)
I1009 17:50:00.964853 4712924608 retrain.py:1100] 2019-10-09 17:50:00.964806: Step 2400: Validation accuracy = 44.0% (N=100)
INFO:tensorflow:2019-10-09 17:50:01.521848: Step 2410: Train accuracy = 100.0%
I1009 17:50:01.521904 4712924608 retrain.py:1082] 2019-10-09 17:50:01.521848: Step 2410: Train accuracy = 100.0%
INFO:tensorflow:2019-10-09 17:50:01.522026: Step 2410: Cross entropy = 0.116761
I1009 17:50:01.522037 4712924608 retrain.py:1084] 2019-10-09 17:50:01.522026: Step 2410: Cross entropy = 0.116761
INFO:tensorflow:2019-10-09 17:50:01.578442: Step 2410: Validation accuracy = 49.0% (N=100)
I1009 17:50:01.578485 4712924608 retrain.py:1100] 2019-10-09 17:50:01.578442: Step 2410: Validation accuracy = 49.0% (N=100)
INFO:tensorflow:2019-10-09 17:50:02.137020: Step 2420: Train accuracy = 98.0%
I1009 17:50:02.137064 4712924608 retrain.py:1082] 2019-10-09 17:50:02.137020: Step 2420: Train accuracy = 98.0%
INFO:tensorflow:2019-10-09 17:50:02.137174: Step 2420: Cross entropy = 0.125958
I1009 17:50:02.137188 4712924608 retrain.py:1084] 2019-10-09 17:50:02.137174: Step 2420: Cross entropy = 0.125958
INFO:tensorflow:2019-10-09 17:50:02.193449: Step 2420: Validation accuracy = 48.0% (N=100)
I1009 17:50:02.193497 4712924608 retrain.py:1100] 2019-10-09 17:50:02.193449: Step 2420: Validation accuracy = 48.0% (N=100)
INFO:tensorflow:2019-10-09 17:50:02.751276: Step 2430: Train accuracy = 98.0%
I1009 17:50:02.751321 4712924608 retrain.py:1082] 2019-10-09 17:50:02.751276: Step 2430: Train accuracy = 98.0%
INFO:tensorflow:2019-10-09 17:50:02.751427: Step 2430: Cross entropy = 0.151609
I1009 17:50:02.751438 4712924608 retrain.py:1084] 2019-10-09 17:50:02.751427: Step 2430: Cross entropy = 0.151609
INFO:tensorflow:2019-10-09 17:50:02.808598: Step 2430: Validation accuracy = 44.0% (N=100)
I1009 17:50:02.808645 4712924608 retrain.py:1100] 2019-10-09 17:50:02.808598: Step 2430: Validation accuracy = 44.0% (N=100)
INFO:tensorflow:2019-10-09 17:50:03.369147: Step 2440: Train accuracy = 100.0%
I1009 17:50:03.369201 4712924608 retrain.py:1082] 2019-10-09 17:50:03.369147: Step 2440: Train accuracy = 100.0%
INFO:tensorflow:2019-10-09 17:50:03.369324: Step 2440: Cross entropy = 0.102003
I1009 17:50:03.369334 4712924608 retrain.py:1084] 2019-10-09 17:50:03.369324: Step 2440: Cross entropy = 0.102003
INFO:tensorflow:2019-10-09 17:50:03.425738: Step 2440: Validation accuracy = 41.0% (N=100)
I1009 17:50:03.425781 4712924608 retrain.py:1100] 2019-10-09 17:50:03.425738: Step 2440: Validation accuracy = 41.0% (N=100)
INFO:tensorflow:2019-10-09 17:50:03.982870: Step 2450: Train accuracy = 100.0%
I1009 17:50:03.982913 4712924608 retrain.py:1082] 2019-10-09 17:50:03.982870: Step 2450: Train accuracy = 100.0%
INFO:tensorflow:2019-10-09 17:50:03.983022: Step 2450: Cross entropy = 0.105769
I1009 17:50:03.983034 4712924608 retrain.py:1084] 2019-10-09 17:50:03.983022: Step 2450: Cross entropy = 0.105769
INFO:tensorflow:2019-10-09 17:50:04.039487: Step 2450: Validation accuracy = 37.0% (N=100)
I1009 17:50:04.039534 4712924608 retrain.py:1100] 2019-10-09 17:50:04.039487: Step 2450: Validation accuracy = 37.0% (N=100)
INFO:tensorflow:2019-10-09 17:50:04.598020: Step 2460: Train accuracy = 98.0%
I1009 17:50:04.598064 4712924608 retrain.py:1082] 2019-10-09 17:50:04.598020: Step 2460: Train accuracy = 98.0%
INFO:tensorflow:2019-10-09 17:50:04.598171: Step 2460: Cross entropy = 0.138396
I1009 17:50:04.598181 4712924608 retrain.py:1084] 2019-10-09 17:50:04.598171: Step 2460: Cross entropy = 0.138396
INFO:tensorflow:2019-10-09 17:50:04.654520: Step 2460: Validation accuracy = 43.0% (N=100)
I1009 17:50:04.654567 4712924608 retrain.py:1100] 2019-10-09 17:50:04.654520: Step 2460: Validation accuracy = 43.0% (N=100)
INFO:tensorflow:2019-10-09 17:50:05.212222: Step 2470: Train accuracy = 99.0%
I1009 17:50:05.212268 4712924608 retrain.py:1082] 2019-10-09 17:50:05.212222: Step 2470: Train accuracy = 99.0%
INFO:tensorflow:2019-10-09 17:50:05.212376: Step 2470: Cross entropy = 0.108445
I1009 17:50:05.212387 4712924608 retrain.py:1084] 2019-10-09 17:50:05.212376: Step 2470: Cross entropy = 0.108445
INFO:tensorflow:2019-10-09 17:50:05.268814: Step 2470: Validation accuracy = 46.0% (N=100)
I1009 17:50:05.268859 4712924608 retrain.py:1100] 2019-10-09 17:50:05.268814: Step 2470: Validation accuracy = 46.0% (N=100)
INFO:tensorflow:2019-10-09 17:50:05.827905: Step 2480: Train accuracy = 99.0%
I1009 17:50:05.827949 4712924608 retrain.py:1082] 2019-10-09 17:50:05.827905: Step 2480: Train accuracy = 99.0%
INFO:tensorflow:2019-10-09 17:50:05.828057: Step 2480: Cross entropy = 0.122647
I1009 17:50:05.828068 4712924608 retrain.py:1084] 2019-10-09 17:50:05.828057: Step 2480: Cross entropy = 0.122647
INFO:tensorflow:2019-10-09 17:50:05.885056: Step 2480: Validation accuracy = 54.0% (N=100)
I1009 17:50:05.885104 4712924608 retrain.py:1100] 2019-10-09 17:50:05.885056: Step 2480: Validation accuracy = 54.0% (N=100)
INFO:tensorflow:2019-10-09 17:50:06.443654: Step 2490: Train accuracy = 99.0%
I1009 17:50:06.443697 4712924608 retrain.py:1082] 2019-10-09 17:50:06.443654: Step 2490: Train accuracy = 99.0%
INFO:tensorflow:2019-10-09 17:50:06.443805: Step 2490: Cross entropy = 0.128751
I1009 17:50:06.443815 4712924608 retrain.py:1084] 2019-10-09 17:50:06.443805: Step 2490: Cross entropy = 0.128751
INFO:tensorflow:2019-10-09 17:50:06.500183: Step 2490: Validation accuracy = 51.0% (N=100)
I1009 17:50:06.500231 4712924608 retrain.py:1100] 2019-10-09 17:50:06.500183: Step 2490: Validation accuracy = 51.0% (N=100)
INFO:tensorflow:2019-10-09 17:50:07.060380: Step 2500: Train accuracy = 100.0%
I1009 17:50:07.060422 4712924608 retrain.py:1082] 2019-10-09 17:50:07.060380: Step 2500: Train accuracy = 100.0%
INFO:tensorflow:2019-10-09 17:50:07.060531: Step 2500: Cross entropy = 0.116653
I1009 17:50:07.060555 4712924608 retrain.py:1084] 2019-10-09 17:50:07.060531: Step 2500: Cross entropy = 0.116653
INFO:tensorflow:2019-10-09 17:50:07.116859: Step 2500: Validation accuracy = 34.0% (N=100)
I1009 17:50:07.116904 4712924608 retrain.py:1100] 2019-10-09 17:50:07.116859: Step 2500: Validation accuracy = 34.0% (N=100)
INFO:tensorflow:2019-10-09 17:50:07.674316: Step 2510: Train accuracy = 99.0%
I1009 17:50:07.674380 4712924608 retrain.py:1082] 2019-10-09 17:50:07.674316: Step 2510: Train accuracy = 99.0%
INFO:tensorflow:2019-10-09 17:50:07.674502: Step 2510: Cross entropy = 0.119484
I1009 17:50:07.674513 4712924608 retrain.py:1084] 2019-10-09 17:50:07.674502: Step 2510: Cross entropy = 0.119484
INFO:tensorflow:2019-10-09 17:50:07.730826: Step 2510: Validation accuracy = 33.0% (N=100)
I1009 17:50:07.730873 4712924608 retrain.py:1100] 2019-10-09 17:50:07.730826: Step 2510: Validation accuracy = 33.0% (N=100)
INFO:tensorflow:2019-10-09 17:50:08.290365: Step 2520: Train accuracy = 100.0%
I1009 17:50:08.290407 4712924608 retrain.py:1082] 2019-10-09 17:50:08.290365: Step 2520: Train accuracy = 100.0%
INFO:tensorflow:2019-10-09 17:50:08.290514: Step 2520: Cross entropy = 0.107454
I1009 17:50:08.290524 4712924608 retrain.py:1084] 2019-10-09 17:50:08.290514: Step 2520: Cross entropy = 0.107454
INFO:tensorflow:2019-10-09 17:50:08.347353: Step 2520: Validation accuracy = 41.0% (N=100)
I1009 17:50:08.347396 4712924608 retrain.py:1100] 2019-10-09 17:50:08.347353: Step 2520: Validation accuracy = 41.0% (N=100)
INFO:tensorflow:2019-10-09 17:50:08.905410: Step 2530: Train accuracy = 100.0%
I1009 17:50:08.905454 4712924608 retrain.py:1082] 2019-10-09 17:50:08.905410: Step 2530: Train accuracy = 100.0%
INFO:tensorflow:2019-10-09 17:50:08.905565: Step 2530: Cross entropy = 0.128592
I1009 17:50:08.905576 4712924608 retrain.py:1084] 2019-10-09 17:50:08.905565: Step 2530: Cross entropy = 0.128592
INFO:tensorflow:2019-10-09 17:50:08.961958: Step 2530: Validation accuracy = 49.0% (N=100)
I1009 17:50:08.962007 4712924608 retrain.py:1100] 2019-10-09 17:50:08.961958: Step 2530: Validation accuracy = 49.0% (N=100)
INFO:tensorflow:2019-10-09 17:50:09.520302: Step 2540: Train accuracy = 99.0%
I1009 17:50:09.520346 4712924608 retrain.py:1082] 2019-10-09 17:50:09.520302: Step 2540: Train accuracy = 99.0%
INFO:tensorflow:2019-10-09 17:50:09.520469: Step 2540: Cross entropy = 0.122720
I1009 17:50:09.520502 4712924608 retrain.py:1084] 2019-10-09 17:50:09.520469: Step 2540: Cross entropy = 0.122720
INFO:tensorflow:2019-10-09 17:50:09.577070: Step 2540: Validation accuracy = 41.0% (N=100)
I1009 17:50:09.577116 4712924608 retrain.py:1100] 2019-10-09 17:50:09.577070: Step 2540: Validation accuracy = 41.0% (N=100)
INFO:tensorflow:2019-10-09 17:50:10.135255: Step 2550: Train accuracy = 99.0%
I1009 17:50:10.135298 4712924608 retrain.py:1082] 2019-10-09 17:50:10.135255: Step 2550: Train accuracy = 99.0%
INFO:tensorflow:2019-10-09 17:50:10.135409: Step 2550: Cross entropy = 0.123848
I1009 17:50:10.135421 4712924608 retrain.py:1084] 2019-10-09 17:50:10.135409: Step 2550: Cross entropy = 0.123848
INFO:tensorflow:2019-10-09 17:50:10.191825: Step 2550: Validation accuracy = 46.0% (N=100)
I1009 17:50:10.191873 4712924608 retrain.py:1100] 2019-10-09 17:50:10.191825: Step 2550: Validation accuracy = 46.0% (N=100)
INFO:tensorflow:2019-10-09 17:50:10.750030: Step 2560: Train accuracy = 100.0%
I1009 17:50:10.750074 4712924608 retrain.py:1082] 2019-10-09 17:50:10.750030: Step 2560: Train accuracy = 100.0%
INFO:tensorflow:2019-10-09 17:50:10.750183: Step 2560: Cross entropy = 0.121501
I1009 17:50:10.750195 4712924608 retrain.py:1084] 2019-10-09 17:50:10.750183: Step 2560: Cross entropy = 0.121501
INFO:tensorflow:2019-10-09 17:50:10.806698: Step 2560: Validation accuracy = 43.0% (N=100)
I1009 17:50:10.806745 4712924608 retrain.py:1100] 2019-10-09 17:50:10.806698: Step 2560: Validation accuracy = 43.0% (N=100)
INFO:tensorflow:2019-10-09 17:50:11.367361: Step 2570: Train accuracy = 99.0%
I1009 17:50:11.367403 4712924608 retrain.py:1082] 2019-10-09 17:50:11.367361: Step 2570: Train accuracy = 99.0%
INFO:tensorflow:2019-10-09 17:50:11.367513: Step 2570: Cross entropy = 0.121791
I1009 17:50:11.367524 4712924608 retrain.py:1084] 2019-10-09 17:50:11.367513: Step 2570: Cross entropy = 0.121791
INFO:tensorflow:2019-10-09 17:50:11.423887: Step 2570: Validation accuracy = 53.0% (N=100)
I1009 17:50:11.423935 4712924608 retrain.py:1100] 2019-10-09 17:50:11.423887: Step 2570: Validation accuracy = 53.0% (N=100)
INFO:tensorflow:2019-10-09 17:50:11.981430: Step 2580: Train accuracy = 99.0%
I1009 17:50:11.981472 4712924608 retrain.py:1082] 2019-10-09 17:50:11.981430: Step 2580: Train accuracy = 99.0%
INFO:tensorflow:2019-10-09 17:50:11.981582: Step 2580: Cross entropy = 0.123493
I1009 17:50:11.981594 4712924608 retrain.py:1084] 2019-10-09 17:50:11.981582: Step 2580: Cross entropy = 0.123493
INFO:tensorflow:2019-10-09 17:50:12.038185: Step 2580: Validation accuracy = 45.0% (N=100)
I1009 17:50:12.038231 4712924608 retrain.py:1100] 2019-10-09 17:50:12.038185: Step 2580: Validation accuracy = 45.0% (N=100)
INFO:tensorflow:2019-10-09 17:50:12.596856: Step 2590: Train accuracy = 100.0%
I1009 17:50:12.596901 4712924608 retrain.py:1082] 2019-10-09 17:50:12.596856: Step 2590: Train accuracy = 100.0%
INFO:tensorflow:2019-10-09 17:50:12.597011: Step 2590: Cross entropy = 0.097461
I1009 17:50:12.597023 4712924608 retrain.py:1084] 2019-10-09 17:50:12.597011: Step 2590: Cross entropy = 0.097461
INFO:tensorflow:2019-10-09 17:50:12.653831: Step 2590: Validation accuracy = 45.0% (N=100)
I1009 17:50:12.653877 4712924608 retrain.py:1100] 2019-10-09 17:50:12.653831: Step 2590: Validation accuracy = 45.0% (N=100)
INFO:tensorflow:2019-10-09 17:50:13.212653: Step 2600: Train accuracy = 100.0%
I1009 17:50:13.212698 4712924608 retrain.py:1082] 2019-10-09 17:50:13.212653: Step 2600: Train accuracy = 100.0%
INFO:tensorflow:2019-10-09 17:50:13.212809: Step 2600: Cross entropy = 0.101321
I1009 17:50:13.212821 4712924608 retrain.py:1084] 2019-10-09 17:50:13.212809: Step 2600: Cross entropy = 0.101321
INFO:tensorflow:2019-10-09 17:50:13.269265: Step 2600: Validation accuracy = 43.0% (N=100)
I1009 17:50:13.269309 4712924608 retrain.py:1100] 2019-10-09 17:50:13.269265: Step 2600: Validation accuracy = 43.0% (N=100)
INFO:tensorflow:2019-10-09 17:50:13.827146: Step 2610: Train accuracy = 100.0%
I1009 17:50:13.827188 4712924608 retrain.py:1082] 2019-10-09 17:50:13.827146: Step 2610: Train accuracy = 100.0%
INFO:tensorflow:2019-10-09 17:50:13.827295: Step 2610: Cross entropy = 0.113836
I1009 17:50:13.827306 4712924608 retrain.py:1084] 2019-10-09 17:50:13.827295: Step 2610: Cross entropy = 0.113836
INFO:tensorflow:2019-10-09 17:50:13.883724: Step 2610: Validation accuracy = 42.0% (N=100)
I1009 17:50:13.883771 4712924608 retrain.py:1100] 2019-10-09 17:50:13.883724: Step 2610: Validation accuracy = 42.0% (N=100)
INFO:tensorflow:2019-10-09 17:50:14.440460: Step 2620: Train accuracy = 99.0%
I1009 17:50:14.440504 4712924608 retrain.py:1082] 2019-10-09 17:50:14.440460: Step 2620: Train accuracy = 99.0%
INFO:tensorflow:2019-10-09 17:50:14.440613: Step 2620: Cross entropy = 0.116334
I1009 17:50:14.440624 4712924608 retrain.py:1084] 2019-10-09 17:50:14.440613: Step 2620: Cross entropy = 0.116334
INFO:tensorflow:2019-10-09 17:50:14.497105: Step 2620: Validation accuracy = 52.0% (N=100)
I1009 17:50:14.497149 4712924608 retrain.py:1100] 2019-10-09 17:50:14.497105: Step 2620: Validation accuracy = 52.0% (N=100)
INFO:tensorflow:2019-10-09 17:50:15.054466: Step 2630: Train accuracy = 99.0%
I1009 17:50:15.054510 4712924608 retrain.py:1082] 2019-10-09 17:50:15.054466: Step 2630: Train accuracy = 99.0%
INFO:tensorflow:2019-10-09 17:50:15.054620: Step 2630: Cross entropy = 0.113293
I1009 17:50:15.054630 4712924608 retrain.py:1084] 2019-10-09 17:50:15.054620: Step 2630: Cross entropy = 0.113293
INFO:tensorflow:2019-10-09 17:50:15.110839: Step 2630: Validation accuracy = 37.0% (N=100)
I1009 17:50:15.110884 4712924608 retrain.py:1100] 2019-10-09 17:50:15.110839: Step 2630: Validation accuracy = 37.0% (N=100)
INFO:tensorflow:2019-10-09 17:50:15.668747: Step 2640: Train accuracy = 99.0%
I1009 17:50:15.668802 4712924608 retrain.py:1082] 2019-10-09 17:50:15.668747: Step 2640: Train accuracy = 99.0%
INFO:tensorflow:2019-10-09 17:50:15.668925: Step 2640: Cross entropy = 0.124794
I1009 17:50:15.668934 4712924608 retrain.py:1084] 2019-10-09 17:50:15.668925: Step 2640: Cross entropy = 0.124794
INFO:tensorflow:2019-10-09 17:50:15.725388: Step 2640: Validation accuracy = 46.0% (N=100)
I1009 17:50:15.725434 4712924608 retrain.py:1100] 2019-10-09 17:50:15.725388: Step 2640: Validation accuracy = 46.0% (N=100)
INFO:tensorflow:2019-10-09 17:50:16.283995: Step 2650: Train accuracy = 99.0%
I1009 17:50:16.284039 4712924608 retrain.py:1082] 2019-10-09 17:50:16.283995: Step 2650: Train accuracy = 99.0%
INFO:tensorflow:2019-10-09 17:50:16.284149: Step 2650: Cross entropy = 0.097020
I1009 17:50:16.284161 4712924608 retrain.py:1084] 2019-10-09 17:50:16.284149: Step 2650: Cross entropy = 0.097020
INFO:tensorflow:2019-10-09 17:50:16.341095: Step 2650: Validation accuracy = 51.0% (N=100)
I1009 17:50:16.341144 4712924608 retrain.py:1100] 2019-10-09 17:50:16.341095: Step 2650: Validation accuracy = 51.0% (N=100)
INFO:tensorflow:2019-10-09 17:50:16.899283: Step 2660: Train accuracy = 99.0%
I1009 17:50:16.899327 4712924608 retrain.py:1082] 2019-10-09 17:50:16.899283: Step 2660: Train accuracy = 99.0%
INFO:tensorflow:2019-10-09 17:50:16.899439: Step 2660: Cross entropy = 0.132281
I1009 17:50:16.899450 4712924608 retrain.py:1084] 2019-10-09 17:50:16.899439: Step 2660: Cross entropy = 0.132281
INFO:tensorflow:2019-10-09 17:50:16.955582: Step 2660: Validation accuracy = 40.0% (N=100)
I1009 17:50:16.955625 4712924608 retrain.py:1100] 2019-10-09 17:50:16.955582: Step 2660: Validation accuracy = 40.0% (N=100)
INFO:tensorflow:2019-10-09 17:50:17.513136: Step 2670: Train accuracy = 97.0%
I1009 17:50:17.513180 4712924608 retrain.py:1082] 2019-10-09 17:50:17.513136: Step 2670: Train accuracy = 97.0%
INFO:tensorflow:2019-10-09 17:50:17.513290: Step 2670: Cross entropy = 0.117921
I1009 17:50:17.513302 4712924608 retrain.py:1084] 2019-10-09 17:50:17.513290: Step 2670: Cross entropy = 0.117921
INFO:tensorflow:2019-10-09 17:50:17.569861: Step 2670: Validation accuracy = 41.0% (N=100)
I1009 17:50:17.569907 4712924608 retrain.py:1100] 2019-10-09 17:50:17.569861: Step 2670: Validation accuracy = 41.0% (N=100)
INFO:tensorflow:2019-10-09 17:50:18.128146: Step 2680: Train accuracy = 100.0%
I1009 17:50:18.128190 4712924608 retrain.py:1082] 2019-10-09 17:50:18.128146: Step 2680: Train accuracy = 100.0%
INFO:tensorflow:2019-10-09 17:50:18.128319: Step 2680: Cross entropy = 0.102709
I1009 17:50:18.128351 4712924608 retrain.py:1084] 2019-10-09 17:50:18.128319: Step 2680: Cross entropy = 0.102709
INFO:tensorflow:2019-10-09 17:50:18.184720: Step 2680: Validation accuracy = 38.0% (N=100)
I1009 17:50:18.184763 4712924608 retrain.py:1100] 2019-10-09 17:50:18.184720: Step 2680: Validation accuracy = 38.0% (N=100)
INFO:tensorflow:2019-10-09 17:50:18.742915: Step 2690: Train accuracy = 99.0%
I1009 17:50:18.742958 4712924608 retrain.py:1082] 2019-10-09 17:50:18.742915: Step 2690: Train accuracy = 99.0%
INFO:tensorflow:2019-10-09 17:50:18.743066: Step 2690: Cross entropy = 0.120056
I1009 17:50:18.743090 4712924608 retrain.py:1084] 2019-10-09 17:50:18.743066: Step 2690: Cross entropy = 0.120056
INFO:tensorflow:2019-10-09 17:50:18.799486: Step 2690: Validation accuracy = 52.0% (N=100)
I1009 17:50:18.799533 4712924608 retrain.py:1100] 2019-10-09 17:50:18.799486: Step 2690: Validation accuracy = 52.0% (N=100)
INFO:tensorflow:2019-10-09 17:50:19.358379: Step 2700: Train accuracy = 99.0%
I1009 17:50:19.358423 4712924608 retrain.py:1082] 2019-10-09 17:50:19.358379: Step 2700: Train accuracy = 99.0%
INFO:tensorflow:2019-10-09 17:50:19.358588: Step 2700: Cross entropy = 0.100920
I1009 17:50:19.358620 4712924608 retrain.py:1084] 2019-10-09 17:50:19.358588: Step 2700: Cross entropy = 0.100920
INFO:tensorflow:2019-10-09 17:50:19.415327: Step 2700: Validation accuracy = 47.0% (N=100)
I1009 17:50:19.415374 4712924608 retrain.py:1100] 2019-10-09 17:50:19.415327: Step 2700: Validation accuracy = 47.0% (N=100)
INFO:tensorflow:2019-10-09 17:50:19.972577: Step 2710: Train accuracy = 99.0%
I1009 17:50:19.972620 4712924608 retrain.py:1082] 2019-10-09 17:50:19.972577: Step 2710: Train accuracy = 99.0%
INFO:tensorflow:2019-10-09 17:50:19.972756: Step 2710: Cross entropy = 0.110058
I1009 17:50:19.972766 4712924608 retrain.py:1084] 2019-10-09 17:50:19.972756: Step 2710: Cross entropy = 0.110058
INFO:tensorflow:2019-10-09 17:50:20.029010: Step 2710: Validation accuracy = 50.0% (N=100)
I1009 17:50:20.029054 4712924608 retrain.py:1100] 2019-10-09 17:50:20.029010: Step 2710: Validation accuracy = 50.0% (N=100)
INFO:tensorflow:2019-10-09 17:50:20.587047: Step 2720: Train accuracy = 100.0%
I1009 17:50:20.587090 4712924608 retrain.py:1082] 2019-10-09 17:50:20.587047: Step 2720: Train accuracy = 100.0%
INFO:tensorflow:2019-10-09 17:50:20.587197: Step 2720: Cross entropy = 0.110291
I1009 17:50:20.587208 4712924608 retrain.py:1084] 2019-10-09 17:50:20.587197: Step 2720: Cross entropy = 0.110291
INFO:tensorflow:2019-10-09 17:50:20.643584: Step 2720: Validation accuracy = 42.0% (N=100)
I1009 17:50:20.643632 4712924608 retrain.py:1100] 2019-10-09 17:50:20.643584: Step 2720: Validation accuracy = 42.0% (N=100)
INFO:tensorflow:2019-10-09 17:50:21.201418: Step 2730: Train accuracy = 99.0%
I1009 17:50:21.201462 4712924608 retrain.py:1082] 2019-10-09 17:50:21.201418: Step 2730: Train accuracy = 99.0%
INFO:tensorflow:2019-10-09 17:50:21.201569: Step 2730: Cross entropy = 0.123840
I1009 17:50:21.201580 4712924608 retrain.py:1084] 2019-10-09 17:50:21.201569: Step 2730: Cross entropy = 0.123840
INFO:tensorflow:2019-10-09 17:50:21.258036: Step 2730: Validation accuracy = 42.0% (N=100)
I1009 17:50:21.258080 4712924608 retrain.py:1100] 2019-10-09 17:50:21.258036: Step 2730: Validation accuracy = 42.0% (N=100)
INFO:tensorflow:2019-10-09 17:50:21.815787: Step 2740: Train accuracy = 100.0%
I1009 17:50:21.815832 4712924608 retrain.py:1082] 2019-10-09 17:50:21.815787: Step 2740: Train accuracy = 100.0%
INFO:tensorflow:2019-10-09 17:50:21.815941: Step 2740: Cross entropy = 0.118744
I1009 17:50:21.815951 4712924608 retrain.py:1084] 2019-10-09 17:50:21.815941: Step 2740: Cross entropy = 0.118744
INFO:tensorflow:2019-10-09 17:50:21.872712: Step 2740: Validation accuracy = 43.0% (N=100)
I1009 17:50:21.872759 4712924608 retrain.py:1100] 2019-10-09 17:50:21.872712: Step 2740: Validation accuracy = 43.0% (N=100)
INFO:tensorflow:2019-10-09 17:50:22.430635: Step 2750: Train accuracy = 100.0%
I1009 17:50:22.430679 4712924608 retrain.py:1082] 2019-10-09 17:50:22.430635: Step 2750: Train accuracy = 100.0%
INFO:tensorflow:2019-10-09 17:50:22.430786: Step 2750: Cross entropy = 0.103314
I1009 17:50:22.430798 4712924608 retrain.py:1084] 2019-10-09 17:50:22.430786: Step 2750: Cross entropy = 0.103314
INFO:tensorflow:2019-10-09 17:50:22.487110: Step 2750: Validation accuracy = 39.0% (N=100)
I1009 17:50:22.487158 4712924608 retrain.py:1100] 2019-10-09 17:50:22.487110: Step 2750: Validation accuracy = 39.0% (N=100)
INFO:tensorflow:2019-10-09 17:50:23.045245: Step 2760: Train accuracy = 98.0%
I1009 17:50:23.045289 4712924608 retrain.py:1082] 2019-10-09 17:50:23.045245: Step 2760: Train accuracy = 98.0%
INFO:tensorflow:2019-10-09 17:50:23.045398: Step 2760: Cross entropy = 0.117201
I1009 17:50:23.045408 4712924608 retrain.py:1084] 2019-10-09 17:50:23.045398: Step 2760: Cross entropy = 0.117201
INFO:tensorflow:2019-10-09 17:50:23.102061: Step 2760: Validation accuracy = 49.0% (N=100)
I1009 17:50:23.102106 4712924608 retrain.py:1100] 2019-10-09 17:50:23.102061: Step 2760: Validation accuracy = 49.0% (N=100)
INFO:tensorflow:2019-10-09 17:50:23.659897: Step 2770: Train accuracy = 100.0%
I1009 17:50:23.659941 4712924608 retrain.py:1082] 2019-10-09 17:50:23.659897: Step 2770: Train accuracy = 100.0%
INFO:tensorflow:2019-10-09 17:50:23.660051: Step 2770: Cross entropy = 0.102988
I1009 17:50:23.660061 4712924608 retrain.py:1084] 2019-10-09 17:50:23.660051: Step 2770: Cross entropy = 0.102988
INFO:tensorflow:2019-10-09 17:50:23.716086: Step 2770: Validation accuracy = 44.0% (N=100)
I1009 17:50:23.716135 4712924608 retrain.py:1100] 2019-10-09 17:50:23.716086: Step 2770: Validation accuracy = 44.0% (N=100)
INFO:tensorflow:2019-10-09 17:50:24.273593: Step 2780: Train accuracy = 100.0%
I1009 17:50:24.273637 4712924608 retrain.py:1082] 2019-10-09 17:50:24.273593: Step 2780: Train accuracy = 100.0%
INFO:tensorflow:2019-10-09 17:50:24.273788: Step 2780: Cross entropy = 0.108578
I1009 17:50:24.273798 4712924608 retrain.py:1084] 2019-10-09 17:50:24.273788: Step 2780: Cross entropy = 0.108578
INFO:tensorflow:2019-10-09 17:50:24.331060: Step 2780: Validation accuracy = 42.0% (N=100)
I1009 17:50:24.331104 4712924608 retrain.py:1100] 2019-10-09 17:50:24.331060: Step 2780: Validation accuracy = 42.0% (N=100)
INFO:tensorflow:2019-10-09 17:50:24.887758: Step 2790: Train accuracy = 100.0%
I1009 17:50:24.887802 4712924608 retrain.py:1082] 2019-10-09 17:50:24.887758: Step 2790: Train accuracy = 100.0%
INFO:tensorflow:2019-10-09 17:50:24.887908: Step 2790: Cross entropy = 0.105881
I1009 17:50:24.887919 4712924608 retrain.py:1084] 2019-10-09 17:50:24.887908: Step 2790: Cross entropy = 0.105881
INFO:tensorflow:2019-10-09 17:50:24.944294: Step 2790: Validation accuracy = 50.0% (N=100)
I1009 17:50:24.944341 4712924608 retrain.py:1100] 2019-10-09 17:50:24.944294: Step 2790: Validation accuracy = 50.0% (N=100)
INFO:tensorflow:2019-10-09 17:50:25.501472: Step 2800: Train accuracy = 100.0%
I1009 17:50:25.501516 4712924608 retrain.py:1082] 2019-10-09 17:50:25.501472: Step 2800: Train accuracy = 100.0%
INFO:tensorflow:2019-10-09 17:50:25.501624: Step 2800: Cross entropy = 0.102232
I1009 17:50:25.501636 4712924608 retrain.py:1084] 2019-10-09 17:50:25.501624: Step 2800: Cross entropy = 0.102232
INFO:tensorflow:2019-10-09 17:50:25.558061: Step 2800: Validation accuracy = 40.0% (N=100)
I1009 17:50:25.558106 4712924608 retrain.py:1100] 2019-10-09 17:50:25.558061: Step 2800: Validation accuracy = 40.0% (N=100)
INFO:tensorflow:2019-10-09 17:50:26.117066: Step 2810: Train accuracy = 99.0%
I1009 17:50:26.117110 4712924608 retrain.py:1082] 2019-10-09 17:50:26.117066: Step 2810: Train accuracy = 99.0%
INFO:tensorflow:2019-10-09 17:50:26.117223: Step 2810: Cross entropy = 0.108980
I1009 17:50:26.117233 4712924608 retrain.py:1084] 2019-10-09 17:50:26.117223: Step 2810: Cross entropy = 0.108980
INFO:tensorflow:2019-10-09 17:50:26.173465: Step 2810: Validation accuracy = 45.0% (N=100)
I1009 17:50:26.173509 4712924608 retrain.py:1100] 2019-10-09 17:50:26.173465: Step 2810: Validation accuracy = 45.0% (N=100)
INFO:tensorflow:2019-10-09 17:50:26.730664: Step 2820: Train accuracy = 99.0%
I1009 17:50:26.730709 4712924608 retrain.py:1082] 2019-10-09 17:50:26.730664: Step 2820: Train accuracy = 99.0%
INFO:tensorflow:2019-10-09 17:50:26.730816: Step 2820: Cross entropy = 0.120214
I1009 17:50:26.730827 4712924608 retrain.py:1084] 2019-10-09 17:50:26.730816: Step 2820: Cross entropy = 0.120214
INFO:tensorflow:2019-10-09 17:50:26.787249: Step 2820: Validation accuracy = 33.0% (N=100)
I1009 17:50:26.787297 4712924608 retrain.py:1100] 2019-10-09 17:50:26.787249: Step 2820: Validation accuracy = 33.0% (N=100)
INFO:tensorflow:2019-10-09 17:50:27.344525: Step 2830: Train accuracy = 97.0%
I1009 17:50:27.344575 4712924608 retrain.py:1082] 2019-10-09 17:50:27.344525: Step 2830: Train accuracy = 97.0%
INFO:tensorflow:2019-10-09 17:50:27.344684: Step 2830: Cross entropy = 0.144087
I1009 17:50:27.344695 4712924608 retrain.py:1084] 2019-10-09 17:50:27.344684: Step 2830: Cross entropy = 0.144087
INFO:tensorflow:2019-10-09 17:50:27.400994: Step 2830: Validation accuracy = 52.0% (N=100)
I1009 17:50:27.401039 4712924608 retrain.py:1100] 2019-10-09 17:50:27.400994: Step 2830: Validation accuracy = 52.0% (N=100)
INFO:tensorflow:2019-10-09 17:50:27.959882: Step 2840: Train accuracy = 100.0%
I1009 17:50:27.959927 4712924608 retrain.py:1082] 2019-10-09 17:50:27.959882: Step 2840: Train accuracy = 100.0%
INFO:tensorflow:2019-10-09 17:50:27.960036: Step 2840: Cross entropy = 0.123651
I1009 17:50:27.960048 4712924608 retrain.py:1084] 2019-10-09 17:50:27.960036: Step 2840: Cross entropy = 0.123651
INFO:tensorflow:2019-10-09 17:50:28.016430: Step 2840: Validation accuracy = 45.0% (N=100)
I1009 17:50:28.016475 4712924608 retrain.py:1100] 2019-10-09 17:50:28.016430: Step 2840: Validation accuracy = 45.0% (N=100)
INFO:tensorflow:2019-10-09 17:50:28.574599: Step 2850: Train accuracy = 100.0%
I1009 17:50:28.574642 4712924608 retrain.py:1082] 2019-10-09 17:50:28.574599: Step 2850: Train accuracy = 100.0%
INFO:tensorflow:2019-10-09 17:50:28.574751: Step 2850: Cross entropy = 0.097757
I1009 17:50:28.574761 4712924608 retrain.py:1084] 2019-10-09 17:50:28.574751: Step 2850: Cross entropy = 0.097757
INFO:tensorflow:2019-10-09 17:50:28.631142: Step 2850: Validation accuracy = 51.0% (N=100)
I1009 17:50:28.631186 4712924608 retrain.py:1100] 2019-10-09 17:50:28.631142: Step 2850: Validation accuracy = 51.0% (N=100)
INFO:tensorflow:2019-10-09 17:50:29.188584: Step 2860: Train accuracy = 100.0%
I1009 17:50:29.188627 4712924608 retrain.py:1082] 2019-10-09 17:50:29.188584: Step 2860: Train accuracy = 100.0%
INFO:tensorflow:2019-10-09 17:50:29.188734: Step 2860: Cross entropy = 0.101185
I1009 17:50:29.188745 4712924608 retrain.py:1084] 2019-10-09 17:50:29.188734: Step 2860: Cross entropy = 0.101185
INFO:tensorflow:2019-10-09 17:50:29.245178: Step 2860: Validation accuracy = 36.0% (N=100)
I1009 17:50:29.245224 4712924608 retrain.py:1100] 2019-10-09 17:50:29.245178: Step 2860: Validation accuracy = 36.0% (N=100)
INFO:tensorflow:2019-10-09 17:50:29.804126: Step 2870: Train accuracy = 100.0%
I1009 17:50:29.804189 4712924608 retrain.py:1082] 2019-10-09 17:50:29.804126: Step 2870: Train accuracy = 100.0%
INFO:tensorflow:2019-10-09 17:50:29.804332: Step 2870: Cross entropy = 0.122827
I1009 17:50:29.804348 4712924608 retrain.py:1084] 2019-10-09 17:50:29.804332: Step 2870: Cross entropy = 0.122827
INFO:tensorflow:2019-10-09 17:50:29.861037: Step 2870: Validation accuracy = 42.0% (N=100)
I1009 17:50:29.861082 4712924608 retrain.py:1100] 2019-10-09 17:50:29.861037: Step 2870: Validation accuracy = 42.0% (N=100)
INFO:tensorflow:2019-10-09 17:50:30.419791: Step 2880: Train accuracy = 100.0%
I1009 17:50:30.419834 4712924608 retrain.py:1082] 2019-10-09 17:50:30.419791: Step 2880: Train accuracy = 100.0%
INFO:tensorflow:2019-10-09 17:50:30.419973: Step 2880: Cross entropy = 0.101721
I1009 17:50:30.419983 4712924608 retrain.py:1084] 2019-10-09 17:50:30.419973: Step 2880: Cross entropy = 0.101721
INFO:tensorflow:2019-10-09 17:50:30.476298: Step 2880: Validation accuracy = 47.0% (N=100)
I1009 17:50:30.476346 4712924608 retrain.py:1100] 2019-10-09 17:50:30.476298: Step 2880: Validation accuracy = 47.0% (N=100)
INFO:tensorflow:2019-10-09 17:50:31.033101: Step 2890: Train accuracy = 100.0%
I1009 17:50:31.033146 4712924608 retrain.py:1082] 2019-10-09 17:50:31.033101: Step 2890: Train accuracy = 100.0%
INFO:tensorflow:2019-10-09 17:50:31.033256: Step 2890: Cross entropy = 0.111309
I1009 17:50:31.033267 4712924608 retrain.py:1084] 2019-10-09 17:50:31.033256: Step 2890: Cross entropy = 0.111309
INFO:tensorflow:2019-10-09 17:50:31.090186: Step 2890: Validation accuracy = 39.0% (N=100)
I1009 17:50:31.090232 4712924608 retrain.py:1100] 2019-10-09 17:50:31.090186: Step 2890: Validation accuracy = 39.0% (N=100)
INFO:tensorflow:2019-10-09 17:50:31.648228: Step 2900: Train accuracy = 99.0%
I1009 17:50:31.648271 4712924608 retrain.py:1082] 2019-10-09 17:50:31.648228: Step 2900: Train accuracy = 99.0%
INFO:tensorflow:2019-10-09 17:50:31.648380: Step 2900: Cross entropy = 0.119307
I1009 17:50:31.648391 4712924608 retrain.py:1084] 2019-10-09 17:50:31.648380: Step 2900: Cross entropy = 0.119307
INFO:tensorflow:2019-10-09 17:50:31.704655: Step 2900: Validation accuracy = 40.0% (N=100)
I1009 17:50:31.704699 4712924608 retrain.py:1100] 2019-10-09 17:50:31.704655: Step 2900: Validation accuracy = 40.0% (N=100)
INFO:tensorflow:2019-10-09 17:50:32.261655: Step 2910: Train accuracy = 99.0%
I1009 17:50:32.261698 4712924608 retrain.py:1082] 2019-10-09 17:50:32.261655: Step 2910: Train accuracy = 99.0%
INFO:tensorflow:2019-10-09 17:50:32.261809: Step 2910: Cross entropy = 0.115621
I1009 17:50:32.261819 4712924608 retrain.py:1084] 2019-10-09 17:50:32.261809: Step 2910: Cross entropy = 0.115621
INFO:tensorflow:2019-10-09 17:50:32.318665: Step 2910: Validation accuracy = 51.0% (N=100)
I1009 17:50:32.318713 4712924608 retrain.py:1100] 2019-10-09 17:50:32.318665: Step 2910: Validation accuracy = 51.0% (N=100)
INFO:tensorflow:2019-10-09 17:50:32.877468: Step 2920: Train accuracy = 98.0%
I1009 17:50:32.877512 4712924608 retrain.py:1082] 2019-10-09 17:50:32.877468: Step 2920: Train accuracy = 98.0%
INFO:tensorflow:2019-10-09 17:50:32.877621: Step 2920: Cross entropy = 0.125520
I1009 17:50:32.877630 4712924608 retrain.py:1084] 2019-10-09 17:50:32.877621: Step 2920: Cross entropy = 0.125520
INFO:tensorflow:2019-10-09 17:50:32.934066: Step 2920: Validation accuracy = 50.0% (N=100)
I1009 17:50:32.934113 4712924608 retrain.py:1100] 2019-10-09 17:50:32.934066: Step 2920: Validation accuracy = 50.0% (N=100)
INFO:tensorflow:2019-10-09 17:50:33.492199: Step 2930: Train accuracy = 100.0%
I1009 17:50:33.492244 4712924608 retrain.py:1082] 2019-10-09 17:50:33.492199: Step 2930: Train accuracy = 100.0%
INFO:tensorflow:2019-10-09 17:50:33.492351: Step 2930: Cross entropy = 0.110929
I1009 17:50:33.492362 4712924608 retrain.py:1084] 2019-10-09 17:50:33.492351: Step 2930: Cross entropy = 0.110929
INFO:tensorflow:2019-10-09 17:50:33.548779: Step 2930: Validation accuracy = 53.0% (N=100)
I1009 17:50:33.548826 4712924608 retrain.py:1100] 2019-10-09 17:50:33.548779: Step 2930: Validation accuracy = 53.0% (N=100)
INFO:tensorflow:2019-10-09 17:50:34.106645: Step 2940: Train accuracy = 99.0%
I1009 17:50:34.106689 4712924608 retrain.py:1082] 2019-10-09 17:50:34.106645: Step 2940: Train accuracy = 99.0%
INFO:tensorflow:2019-10-09 17:50:34.106800: Step 2940: Cross entropy = 0.120107
I1009 17:50:34.106812 4712924608 retrain.py:1084] 2019-10-09 17:50:34.106800: Step 2940: Cross entropy = 0.120107
INFO:tensorflow:2019-10-09 17:50:34.163255: Step 2940: Validation accuracy = 50.0% (N=100)
I1009 17:50:34.163303 4712924608 retrain.py:1100] 2019-10-09 17:50:34.163255: Step 2940: Validation accuracy = 50.0% (N=100)
INFO:tensorflow:2019-10-09 17:50:34.720367: Step 2950: Train accuracy = 98.0%
I1009 17:50:34.720410 4712924608 retrain.py:1082] 2019-10-09 17:50:34.720367: Step 2950: Train accuracy = 98.0%
INFO:tensorflow:2019-10-09 17:50:34.720534: Step 2950: Cross entropy = 0.123135
I1009 17:50:34.720546 4712924608 retrain.py:1084] 2019-10-09 17:50:34.720534: Step 2950: Cross entropy = 0.123135
INFO:tensorflow:2019-10-09 17:50:34.776916: Step 2950: Validation accuracy = 44.0% (N=100)
I1009 17:50:34.776962 4712924608 retrain.py:1100] 2019-10-09 17:50:34.776916: Step 2950: Validation accuracy = 44.0% (N=100)
INFO:tensorflow:2019-10-09 17:50:35.335690: Step 2960: Train accuracy = 99.0%
I1009 17:50:35.335735 4712924608 retrain.py:1082] 2019-10-09 17:50:35.335690: Step 2960: Train accuracy = 99.0%
INFO:tensorflow:2019-10-09 17:50:35.335848: Step 2960: Cross entropy = 0.092330
I1009 17:50:35.335860 4712924608 retrain.py:1084] 2019-10-09 17:50:35.335848: Step 2960: Cross entropy = 0.092330
INFO:tensorflow:2019-10-09 17:50:35.392243: Step 2960: Validation accuracy = 47.0% (N=100)
I1009 17:50:35.392288 4712924608 retrain.py:1100] 2019-10-09 17:50:35.392243: Step 2960: Validation accuracy = 47.0% (N=100)
INFO:tensorflow:2019-10-09 17:50:35.949878: Step 2970: Train accuracy = 100.0%
I1009 17:50:35.949922 4712924608 retrain.py:1082] 2019-10-09 17:50:35.949878: Step 2970: Train accuracy = 100.0%
INFO:tensorflow:2019-10-09 17:50:35.950027: Step 2970: Cross entropy = 0.107749
I1009 17:50:35.950039 4712924608 retrain.py:1084] 2019-10-09 17:50:35.950027: Step 2970: Cross entropy = 0.107749
INFO:tensorflow:2019-10-09 17:50:36.006197: Step 2970: Validation accuracy = 39.0% (N=100)
I1009 17:50:36.006242 4712924608 retrain.py:1100] 2019-10-09 17:50:36.006197: Step 2970: Validation accuracy = 39.0% (N=100)
INFO:tensorflow:2019-10-09 17:50:36.564513: Step 2980: Train accuracy = 100.0%
I1009 17:50:36.564558 4712924608 retrain.py:1082] 2019-10-09 17:50:36.564513: Step 2980: Train accuracy = 100.0%
INFO:tensorflow:2019-10-09 17:50:36.564668: Step 2980: Cross entropy = 0.096885
I1009 17:50:36.564679 4712924608 retrain.py:1084] 2019-10-09 17:50:36.564668: Step 2980: Cross entropy = 0.096885
INFO:tensorflow:2019-10-09 17:50:36.621300: Step 2980: Validation accuracy = 49.0% (N=100)
I1009 17:50:36.621345 4712924608 retrain.py:1100] 2019-10-09 17:50:36.621300: Step 2980: Validation accuracy = 49.0% (N=100)
INFO:tensorflow:2019-10-09 17:50:37.178690: Step 2990: Train accuracy = 100.0%
I1009 17:50:37.178735 4712924608 retrain.py:1082] 2019-10-09 17:50:37.178690: Step 2990: Train accuracy = 100.0%
INFO:tensorflow:2019-10-09 17:50:37.178845: Step 2990: Cross entropy = 0.097917
I1009 17:50:37.178856 4712924608 retrain.py:1084] 2019-10-09 17:50:37.178845: Step 2990: Cross entropy = 0.097917
INFO:tensorflow:2019-10-09 17:50:37.235448: Step 2990: Validation accuracy = 50.0% (N=100)
I1009 17:50:37.235491 4712924608 retrain.py:1100] 2019-10-09 17:50:37.235448: Step 2990: Validation accuracy = 50.0% (N=100)
INFO:tensorflow:2019-10-09 17:50:37.792967: Step 3000: Train accuracy = 100.0%
I1009 17:50:37.793013 4712924608 retrain.py:1082] 2019-10-09 17:50:37.792967: Step 3000: Train accuracy = 100.0%
INFO:tensorflow:2019-10-09 17:50:37.793120: Step 3000: Cross entropy = 0.099110
I1009 17:50:37.793132 4712924608 retrain.py:1084] 2019-10-09 17:50:37.793120: Step 3000: Cross entropy = 0.099110
INFO:tensorflow:2019-10-09 17:50:37.850981: Step 3000: Validation accuracy = 42.0% (N=100)
I1009 17:50:37.851028 4712924608 retrain.py:1100] 2019-10-09 17:50:37.850981: Step 3000: Validation accuracy = 42.0% (N=100)
INFO:tensorflow:2019-10-09 17:50:38.410453: Step 3010: Train accuracy = 100.0%
I1009 17:50:38.410498 4712924608 retrain.py:1082] 2019-10-09 17:50:38.410453: Step 3010: Train accuracy = 100.0%
INFO:tensorflow:2019-10-09 17:50:38.410607: Step 3010: Cross entropy = 0.099699
I1009 17:50:38.410618 4712924608 retrain.py:1084] 2019-10-09 17:50:38.410607: Step 3010: Cross entropy = 0.099699
INFO:tensorflow:2019-10-09 17:50:38.467048: Step 3010: Validation accuracy = 45.0% (N=100)
I1009 17:50:38.467092 4712924608 retrain.py:1100] 2019-10-09 17:50:38.467048: Step 3010: Validation accuracy = 45.0% (N=100)
INFO:tensorflow:2019-10-09 17:50:39.024853: Step 3020: Train accuracy = 100.0%
I1009 17:50:39.024897 4712924608 retrain.py:1082] 2019-10-09 17:50:39.024853: Step 3020: Train accuracy = 100.0%
INFO:tensorflow:2019-10-09 17:50:39.025004: Step 3020: Cross entropy = 0.090805
I1009 17:50:39.025015 4712924608 retrain.py:1084] 2019-10-09 17:50:39.025004: Step 3020: Cross entropy = 0.090805
INFO:tensorflow:2019-10-09 17:50:39.081712: Step 3020: Validation accuracy = 40.0% (N=100)
I1009 17:50:39.081759 4712924608 retrain.py:1100] 2019-10-09 17:50:39.081712: Step 3020: Validation accuracy = 40.0% (N=100)
INFO:tensorflow:2019-10-09 17:50:39.640073: Step 3030: Train accuracy = 98.0%
I1009 17:50:39.640116 4712924608 retrain.py:1082] 2019-10-09 17:50:39.640073: Step 3030: Train accuracy = 98.0%
INFO:tensorflow:2019-10-09 17:50:39.640226: Step 3030: Cross entropy = 0.101827
I1009 17:50:39.640252 4712924608 retrain.py:1084] 2019-10-09 17:50:39.640226: Step 3030: Cross entropy = 0.101827
INFO:tensorflow:2019-10-09 17:50:39.696565: Step 3030: Validation accuracy = 46.0% (N=100)
I1009 17:50:39.696609 4712924608 retrain.py:1100] 2019-10-09 17:50:39.696565: Step 3030: Validation accuracy = 46.0% (N=100)
INFO:tensorflow:2019-10-09 17:50:40.254279: Step 3040: Train accuracy = 100.0%
I1009 17:50:40.254321 4712924608 retrain.py:1082] 2019-10-09 17:50:40.254279: Step 3040: Train accuracy = 100.0%
INFO:tensorflow:2019-10-09 17:50:40.254429: Step 3040: Cross entropy = 0.095952
I1009 17:50:40.254439 4712924608 retrain.py:1084] 2019-10-09 17:50:40.254429: Step 3040: Cross entropy = 0.095952
INFO:tensorflow:2019-10-09 17:50:40.311135: Step 3040: Validation accuracy = 41.0% (N=100)
I1009 17:50:40.311182 4712924608 retrain.py:1100] 2019-10-09 17:50:40.311135: Step 3040: Validation accuracy = 41.0% (N=100)
INFO:tensorflow:2019-10-09 17:50:40.869243: Step 3050: Train accuracy = 100.0%
I1009 17:50:40.869298 4712924608 retrain.py:1082] 2019-10-09 17:50:40.869243: Step 3050: Train accuracy = 100.0%
INFO:tensorflow:2019-10-09 17:50:40.869422: Step 3050: Cross entropy = 0.100738
I1009 17:50:40.869433 4712924608 retrain.py:1084] 2019-10-09 17:50:40.869422: Step 3050: Cross entropy = 0.100738
INFO:tensorflow:2019-10-09 17:50:40.925910: Step 3050: Validation accuracy = 49.0% (N=100)
I1009 17:50:40.925957 4712924608 retrain.py:1100] 2019-10-09 17:50:40.925910: Step 3050: Validation accuracy = 49.0% (N=100)
INFO:tensorflow:2019-10-09 17:50:41.484534: Step 3060: Train accuracy = 99.0%
I1009 17:50:41.484578 4712924608 retrain.py:1082] 2019-10-09 17:50:41.484534: Step 3060: Train accuracy = 99.0%
INFO:tensorflow:2019-10-09 17:50:41.484687: Step 3060: Cross entropy = 0.119666
I1009 17:50:41.484698 4712924608 retrain.py:1084] 2019-10-09 17:50:41.484687: Step 3060: Cross entropy = 0.119666
INFO:tensorflow:2019-10-09 17:50:41.541258: Step 3060: Validation accuracy = 52.0% (N=100)
I1009 17:50:41.541301 4712924608 retrain.py:1100] 2019-10-09 17:50:41.541258: Step 3060: Validation accuracy = 52.0% (N=100)
INFO:tensorflow:2019-10-09 17:50:42.099885: Step 3070: Train accuracy = 100.0%
I1009 17:50:42.099930 4712924608 retrain.py:1082] 2019-10-09 17:50:42.099885: Step 3070: Train accuracy = 100.0%
INFO:tensorflow:2019-10-09 17:50:42.100041: Step 3070: Cross entropy = 0.100940
I1009 17:50:42.100067 4712924608 retrain.py:1084] 2019-10-09 17:50:42.100041: Step 3070: Cross entropy = 0.100940
INFO:tensorflow:2019-10-09 17:50:42.156569: Step 3070: Validation accuracy = 37.0% (N=100)
I1009 17:50:42.156615 4712924608 retrain.py:1100] 2019-10-09 17:50:42.156569: Step 3070: Validation accuracy = 37.0% (N=100)
INFO:tensorflow:2019-10-09 17:50:42.716454: Step 3080: Train accuracy = 99.0%
I1009 17:50:42.716498 4712924608 retrain.py:1082] 2019-10-09 17:50:42.716454: Step 3080: Train accuracy = 99.0%
INFO:tensorflow:2019-10-09 17:50:42.716608: Step 3080: Cross entropy = 0.101566
I1009 17:50:42.716619 4712924608 retrain.py:1084] 2019-10-09 17:50:42.716608: Step 3080: Cross entropy = 0.101566
INFO:tensorflow:2019-10-09 17:50:42.772871: Step 3080: Validation accuracy = 34.0% (N=100)
I1009 17:50:42.772917 4712924608 retrain.py:1100] 2019-10-09 17:50:42.772871: Step 3080: Validation accuracy = 34.0% (N=100)
INFO:tensorflow:2019-10-09 17:50:43.332464: Step 3090: Train accuracy = 100.0%
I1009 17:50:43.332507 4712924608 retrain.py:1082] 2019-10-09 17:50:43.332464: Step 3090: Train accuracy = 100.0%
INFO:tensorflow:2019-10-09 17:50:43.332617: Step 3090: Cross entropy = 0.086110
I1009 17:50:43.332628 4712924608 retrain.py:1084] 2019-10-09 17:50:43.332617: Step 3090: Cross entropy = 0.086110
INFO:tensorflow:2019-10-09 17:50:43.388964: Step 3090: Validation accuracy = 45.0% (N=100)
I1009 17:50:43.389010 4712924608 retrain.py:1100] 2019-10-09 17:50:43.388964: Step 3090: Validation accuracy = 45.0% (N=100)
INFO:tensorflow:2019-10-09 17:50:43.947203: Step 3100: Train accuracy = 100.0%
I1009 17:50:43.947247 4712924608 retrain.py:1082] 2019-10-09 17:50:43.947203: Step 3100: Train accuracy = 100.0%
INFO:tensorflow:2019-10-09 17:50:43.947358: Step 3100: Cross entropy = 0.100553
I1009 17:50:43.947368 4712924608 retrain.py:1084] 2019-10-09 17:50:43.947358: Step 3100: Cross entropy = 0.100553
INFO:tensorflow:2019-10-09 17:50:44.003532: Step 3100: Validation accuracy = 33.0% (N=100)
I1009 17:50:44.003575 4712924608 retrain.py:1100] 2019-10-09 17:50:44.003532: Step 3100: Validation accuracy = 33.0% (N=100)
INFO:tensorflow:2019-10-09 17:50:44.562316: Step 3110: Train accuracy = 99.0%
I1009 17:50:44.562359 4712924608 retrain.py:1082] 2019-10-09 17:50:44.562316: Step 3110: Train accuracy = 99.0%
INFO:tensorflow:2019-10-09 17:50:44.562467: Step 3110: Cross entropy = 0.090322
I1009 17:50:44.562478 4712924608 retrain.py:1084] 2019-10-09 17:50:44.562467: Step 3110: Cross entropy = 0.090322
INFO:tensorflow:2019-10-09 17:50:44.618783: Step 3110: Validation accuracy = 56.0% (N=100)
I1009 17:50:44.618827 4712924608 retrain.py:1100] 2019-10-09 17:50:44.618783: Step 3110: Validation accuracy = 56.0% (N=100)
INFO:tensorflow:2019-10-09 17:50:45.177551: Step 3120: Train accuracy = 99.0%
I1009 17:50:45.177594 4712924608 retrain.py:1082] 2019-10-09 17:50:45.177551: Step 3120: Train accuracy = 99.0%
INFO:tensorflow:2019-10-09 17:50:45.177704: Step 3120: Cross entropy = 0.109542
I1009 17:50:45.177715 4712924608 retrain.py:1084] 2019-10-09 17:50:45.177704: Step 3120: Cross entropy = 0.109542
INFO:tensorflow:2019-10-09 17:50:45.234007: Step 3120: Validation accuracy = 43.0% (N=100)
I1009 17:50:45.234053 4712924608 retrain.py:1100] 2019-10-09 17:50:45.234007: Step 3120: Validation accuracy = 43.0% (N=100)
INFO:tensorflow:2019-10-09 17:50:45.791285: Step 3130: Train accuracy = 100.0%
I1009 17:50:45.791330 4712924608 retrain.py:1082] 2019-10-09 17:50:45.791285: Step 3130: Train accuracy = 100.0%
INFO:tensorflow:2019-10-09 17:50:45.791437: Step 3130: Cross entropy = 0.087567
I1009 17:50:45.791462 4712924608 retrain.py:1084] 2019-10-09 17:50:45.791437: Step 3130: Cross entropy = 0.087567
INFO:tensorflow:2019-10-09 17:50:45.848518: Step 3130: Validation accuracy = 51.0% (N=100)
I1009 17:50:45.848566 4712924608 retrain.py:1100] 2019-10-09 17:50:45.848518: Step 3130: Validation accuracy = 51.0% (N=100)
INFO:tensorflow:2019-10-09 17:50:46.406481: Step 3140: Train accuracy = 99.0%
I1009 17:50:46.406524 4712924608 retrain.py:1082] 2019-10-09 17:50:46.406481: Step 3140: Train accuracy = 99.0%
INFO:tensorflow:2019-10-09 17:50:46.406635: Step 3140: Cross entropy = 0.108206
I1009 17:50:46.406661 4712924608 retrain.py:1084] 2019-10-09 17:50:46.406635: Step 3140: Cross entropy = 0.108206
INFO:tensorflow:2019-10-09 17:50:46.463144: Step 3140: Validation accuracy = 47.0% (N=100)
I1009 17:50:46.463190 4712924608 retrain.py:1100] 2019-10-09 17:50:46.463144: Step 3140: Validation accuracy = 47.0% (N=100)
INFO:tensorflow:2019-10-09 17:50:47.021174: Step 3150: Train accuracy = 99.0%
I1009 17:50:47.021229 4712924608 retrain.py:1082] 2019-10-09 17:50:47.021174: Step 3150: Train accuracy = 99.0%
INFO:tensorflow:2019-10-09 17:50:47.021354: Step 3150: Cross entropy = 0.086941
I1009 17:50:47.021385 4712924608 retrain.py:1084] 2019-10-09 17:50:47.021354: Step 3150: Cross entropy = 0.086941
INFO:tensorflow:2019-10-09 17:50:47.077736: Step 3150: Validation accuracy = 46.0% (N=100)
I1009 17:50:47.077780 4712924608 retrain.py:1100] 2019-10-09 17:50:47.077736: Step 3150: Validation accuracy = 46.0% (N=100)
INFO:tensorflow:2019-10-09 17:50:47.636667: Step 3160: Train accuracy = 100.0%
I1009 17:50:47.636711 4712924608 retrain.py:1082] 2019-10-09 17:50:47.636667: Step 3160: Train accuracy = 100.0%
INFO:tensorflow:2019-10-09 17:50:47.636822: Step 3160: Cross entropy = 0.081457
I1009 17:50:47.636835 4712924608 retrain.py:1084] 2019-10-09 17:50:47.636822: Step 3160: Cross entropy = 0.081457
INFO:tensorflow:2019-10-09 17:50:47.693395: Step 3160: Validation accuracy = 50.0% (N=100)
I1009 17:50:47.693442 4712924608 retrain.py:1100] 2019-10-09 17:50:47.693395: Step 3160: Validation accuracy = 50.0% (N=100)
INFO:tensorflow:2019-10-09 17:50:48.251913: Step 3170: Train accuracy = 99.0%
I1009 17:50:48.251956 4712924608 retrain.py:1082] 2019-10-09 17:50:48.251913: Step 3170: Train accuracy = 99.0%
INFO:tensorflow:2019-10-09 17:50:48.252067: Step 3170: Cross entropy = 0.107979
I1009 17:50:48.252079 4712924608 retrain.py:1084] 2019-10-09 17:50:48.252067: Step 3170: Cross entropy = 0.107979
INFO:tensorflow:2019-10-09 17:50:48.308582: Step 3170: Validation accuracy = 38.0% (N=100)
I1009 17:50:48.308625 4712924608 retrain.py:1100] 2019-10-09 17:50:48.308582: Step 3170: Validation accuracy = 38.0% (N=100)
INFO:tensorflow:2019-10-09 17:50:48.867292: Step 3180: Train accuracy = 100.0%
I1009 17:50:48.867336 4712924608 retrain.py:1082] 2019-10-09 17:50:48.867292: Step 3180: Train accuracy = 100.0%
INFO:tensorflow:2019-10-09 17:50:48.867447: Step 3180: Cross entropy = 0.113537
I1009 17:50:48.867460 4712924608 retrain.py:1084] 2019-10-09 17:50:48.867447: Step 3180: Cross entropy = 0.113537
INFO:tensorflow:2019-10-09 17:50:48.923789: Step 3180: Validation accuracy = 37.0% (N=100)
I1009 17:50:48.923833 4712924608 retrain.py:1100] 2019-10-09 17:50:48.923789: Step 3180: Validation accuracy = 37.0% (N=100)
INFO:tensorflow:2019-10-09 17:50:49.481890: Step 3190: Train accuracy = 100.0%
I1009 17:50:49.481934 4712924608 retrain.py:1082] 2019-10-09 17:50:49.481890: Step 3190: Train accuracy = 100.0%
INFO:tensorflow:2019-10-09 17:50:49.482043: Step 3190: Cross entropy = 0.103791
I1009 17:50:49.482053 4712924608 retrain.py:1084] 2019-10-09 17:50:49.482043: Step 3190: Cross entropy = 0.103791
INFO:tensorflow:2019-10-09 17:50:49.538376: Step 3190: Validation accuracy = 48.0% (N=100)
I1009 17:50:49.538424 4712924608 retrain.py:1100] 2019-10-09 17:50:49.538376: Step 3190: Validation accuracy = 48.0% (N=100)
INFO:tensorflow:2019-10-09 17:50:50.097263: Step 3200: Train accuracy = 100.0%
I1009 17:50:50.097306 4712924608 retrain.py:1082] 2019-10-09 17:50:50.097263: Step 3200: Train accuracy = 100.0%
INFO:tensorflow:2019-10-09 17:50:50.097417: Step 3200: Cross entropy = 0.082065
I1009 17:50:50.097429 4712924608 retrain.py:1084] 2019-10-09 17:50:50.097417: Step 3200: Cross entropy = 0.082065
INFO:tensorflow:2019-10-09 17:50:50.153915: Step 3200: Validation accuracy = 43.0% (N=100)
I1009 17:50:50.153958 4712924608 retrain.py:1100] 2019-10-09 17:50:50.153915: Step 3200: Validation accuracy = 43.0% (N=100)
INFO:tensorflow:2019-10-09 17:50:50.712436: Step 3210: Train accuracy = 100.0%
I1009 17:50:50.712481 4712924608 retrain.py:1082] 2019-10-09 17:50:50.712436: Step 3210: Train accuracy = 100.0%
INFO:tensorflow:2019-10-09 17:50:50.712589: Step 3210: Cross entropy = 0.083741
I1009 17:50:50.712601 4712924608 retrain.py:1084] 2019-10-09 17:50:50.712589: Step 3210: Cross entropy = 0.083741
INFO:tensorflow:2019-10-09 17:50:50.769046: Step 3210: Validation accuracy = 45.0% (N=100)
I1009 17:50:50.769091 4712924608 retrain.py:1100] 2019-10-09 17:50:50.769046: Step 3210: Validation accuracy = 45.0% (N=100)
INFO:tensorflow:2019-10-09 17:50:51.329186: Step 3220: Train accuracy = 100.0%
I1009 17:50:51.329230 4712924608 retrain.py:1082] 2019-10-09 17:50:51.329186: Step 3220: Train accuracy = 100.0%
INFO:tensorflow:2019-10-09 17:50:51.329338: Step 3220: Cross entropy = 0.100479
I1009 17:50:51.329349 4712924608 retrain.py:1084] 2019-10-09 17:50:51.329338: Step 3220: Cross entropy = 0.100479
INFO:tensorflow:2019-10-09 17:50:51.385920: Step 3220: Validation accuracy = 41.0% (N=100)
I1009 17:50:51.385965 4712924608 retrain.py:1100] 2019-10-09 17:50:51.385920: Step 3220: Validation accuracy = 41.0% (N=100)
INFO:tensorflow:2019-10-09 17:50:51.944828: Step 3230: Train accuracy = 100.0%
I1009 17:50:51.944872 4712924608 retrain.py:1082] 2019-10-09 17:50:51.944828: Step 3230: Train accuracy = 100.0%
INFO:tensorflow:2019-10-09 17:50:51.944983: Step 3230: Cross entropy = 0.113869
I1009 17:50:51.944995 4712924608 retrain.py:1084] 2019-10-09 17:50:51.944983: Step 3230: Cross entropy = 0.113869
INFO:tensorflow:2019-10-09 17:50:52.001461: Step 3230: Validation accuracy = 55.0% (N=100)
I1009 17:50:52.001503 4712924608 retrain.py:1100] 2019-10-09 17:50:52.001461: Step 3230: Validation accuracy = 55.0% (N=100)
INFO:tensorflow:2019-10-09 17:50:52.559407: Step 3240: Train accuracy = 100.0%
I1009 17:50:52.559450 4712924608 retrain.py:1082] 2019-10-09 17:50:52.559407: Step 3240: Train accuracy = 100.0%
INFO:tensorflow:2019-10-09 17:50:52.559558: Step 3240: Cross entropy = 0.111117
I1009 17:50:52.559569 4712924608 retrain.py:1084] 2019-10-09 17:50:52.559558: Step 3240: Cross entropy = 0.111117
INFO:tensorflow:2019-10-09 17:50:52.616111: Step 3240: Validation accuracy = 50.0% (N=100)
I1009 17:50:52.616158 4712924608 retrain.py:1100] 2019-10-09 17:50:52.616111: Step 3240: Validation accuracy = 50.0% (N=100)
INFO:tensorflow:2019-10-09 17:50:53.175429: Step 3250: Train accuracy = 98.0%
I1009 17:50:53.175472 4712924608 retrain.py:1082] 2019-10-09 17:50:53.175429: Step 3250: Train accuracy = 98.0%
INFO:tensorflow:2019-10-09 17:50:53.175581: Step 3250: Cross entropy = 0.107781
I1009 17:50:53.175592 4712924608 retrain.py:1084] 2019-10-09 17:50:53.175581: Step 3250: Cross entropy = 0.107781
INFO:tensorflow:2019-10-09 17:50:53.232002: Step 3250: Validation accuracy = 53.0% (N=100)
I1009 17:50:53.232047 4712924608 retrain.py:1100] 2019-10-09 17:50:53.232002: Step 3250: Validation accuracy = 53.0% (N=100)
INFO:tensorflow:2019-10-09 17:50:53.792606: Step 3260: Train accuracy = 99.0%
I1009 17:50:53.792650 4712924608 retrain.py:1082] 2019-10-09 17:50:53.792606: Step 3260: Train accuracy = 99.0%
INFO:tensorflow:2019-10-09 17:50:53.792760: Step 3260: Cross entropy = 0.107676
I1009 17:50:53.792772 4712924608 retrain.py:1084] 2019-10-09 17:50:53.792760: Step 3260: Cross entropy = 0.107676
INFO:tensorflow:2019-10-09 17:50:53.849738: Step 3260: Validation accuracy = 48.0% (N=100)
I1009 17:50:53.849784 4712924608 retrain.py:1100] 2019-10-09 17:50:53.849738: Step 3260: Validation accuracy = 48.0% (N=100)
INFO:tensorflow:2019-10-09 17:50:54.409058: Step 3270: Train accuracy = 100.0%
I1009 17:50:54.409103 4712924608 retrain.py:1082] 2019-10-09 17:50:54.409058: Step 3270: Train accuracy = 100.0%
INFO:tensorflow:2019-10-09 17:50:54.409210: Step 3270: Cross entropy = 0.090980
I1009 17:50:54.409221 4712924608 retrain.py:1084] 2019-10-09 17:50:54.409210: Step 3270: Cross entropy = 0.090980
INFO:tensorflow:2019-10-09 17:50:54.465463: Step 3270: Validation accuracy = 43.0% (N=100)
I1009 17:50:54.465510 4712924608 retrain.py:1100] 2019-10-09 17:50:54.465463: Step 3270: Validation accuracy = 43.0% (N=100)
INFO:tensorflow:2019-10-09 17:50:55.024230: Step 3280: Train accuracy = 97.0%
I1009 17:50:55.024276 4712924608 retrain.py:1082] 2019-10-09 17:50:55.024230: Step 3280: Train accuracy = 97.0%
INFO:tensorflow:2019-10-09 17:50:55.024386: Step 3280: Cross entropy = 0.119346
I1009 17:50:55.024398 4712924608 retrain.py:1084] 2019-10-09 17:50:55.024386: Step 3280: Cross entropy = 0.119346
INFO:tensorflow:2019-10-09 17:50:55.081209: Step 3280: Validation accuracy = 50.0% (N=100)
I1009 17:50:55.081254 4712924608 retrain.py:1100] 2019-10-09 17:50:55.081209: Step 3280: Validation accuracy = 50.0% (N=100)
INFO:tensorflow:2019-10-09 17:50:55.639835: Step 3290: Train accuracy = 100.0%
I1009 17:50:55.639878 4712924608 retrain.py:1082] 2019-10-09 17:50:55.639835: Step 3290: Train accuracy = 100.0%
INFO:tensorflow:2019-10-09 17:50:55.639988: Step 3290: Cross entropy = 0.098150
I1009 17:50:55.640001 4712924608 retrain.py:1084] 2019-10-09 17:50:55.639988: Step 3290: Cross entropy = 0.098150
INFO:tensorflow:2019-10-09 17:50:55.696425: Step 3290: Validation accuracy = 48.0% (N=100)
I1009 17:50:55.696469 4712924608 retrain.py:1100] 2019-10-09 17:50:55.696425: Step 3290: Validation accuracy = 48.0% (N=100)
INFO:tensorflow:2019-10-09 17:50:56.254633: Step 3300: Train accuracy = 100.0%
I1009 17:50:56.254677 4712924608 retrain.py:1082] 2019-10-09 17:50:56.254633: Step 3300: Train accuracy = 100.0%
INFO:tensorflow:2019-10-09 17:50:56.254786: Step 3300: Cross entropy = 0.092938
I1009 17:50:56.254796 4712924608 retrain.py:1084] 2019-10-09 17:50:56.254786: Step 3300: Cross entropy = 0.092938
INFO:tensorflow:2019-10-09 17:50:56.311135: Step 3300: Validation accuracy = 45.0% (N=100)
I1009 17:50:56.311183 4712924608 retrain.py:1100] 2019-10-09 17:50:56.311135: Step 3300: Validation accuracy = 45.0% (N=100)
INFO:tensorflow:2019-10-09 17:50:56.870199: Step 3310: Train accuracy = 100.0%
I1009 17:50:56.870256 4712924608 retrain.py:1082] 2019-10-09 17:50:56.870199: Step 3310: Train accuracy = 100.0%
INFO:tensorflow:2019-10-09 17:50:56.870390: Step 3310: Cross entropy = 0.101905
I1009 17:50:56.870402 4712924608 retrain.py:1084] 2019-10-09 17:50:56.870390: Step 3310: Cross entropy = 0.101905
INFO:tensorflow:2019-10-09 17:50:56.926855: Step 3310: Validation accuracy = 46.0% (N=100)
I1009 17:50:56.926901 4712924608 retrain.py:1100] 2019-10-09 17:50:56.926855: Step 3310: Validation accuracy = 46.0% (N=100)
INFO:tensorflow:2019-10-09 17:50:57.485836: Step 3320: Train accuracy = 99.0%
I1009 17:50:57.485881 4712924608 retrain.py:1082] 2019-10-09 17:50:57.485836: Step 3320: Train accuracy = 99.0%
INFO:tensorflow:2019-10-09 17:50:57.485990: Step 3320: Cross entropy = 0.101016
I1009 17:50:57.486001 4712924608 retrain.py:1084] 2019-10-09 17:50:57.485990: Step 3320: Cross entropy = 0.101016
INFO:tensorflow:2019-10-09 17:50:57.542479: Step 3320: Validation accuracy = 45.0% (N=100)
I1009 17:50:57.542526 4712924608 retrain.py:1100] 2019-10-09 17:50:57.542479: Step 3320: Validation accuracy = 45.0% (N=100)
INFO:tensorflow:2019-10-09 17:50:58.101647: Step 3330: Train accuracy = 100.0%
I1009 17:50:58.101690 4712924608 retrain.py:1082] 2019-10-09 17:50:58.101647: Step 3330: Train accuracy = 100.0%
INFO:tensorflow:2019-10-09 17:50:58.101802: Step 3330: Cross entropy = 0.105842
I1009 17:50:58.101831 4712924608 retrain.py:1084] 2019-10-09 17:50:58.101802: Step 3330: Cross entropy = 0.105842
INFO:tensorflow:2019-10-09 17:50:58.157989: Step 3330: Validation accuracy = 55.0% (N=100)
I1009 17:50:58.158035 4712924608 retrain.py:1100] 2019-10-09 17:50:58.157989: Step 3330: Validation accuracy = 55.0% (N=100)
INFO:tensorflow:2019-10-09 17:50:58.717986: Step 3340: Train accuracy = 99.0%
I1009 17:50:58.718029 4712924608 retrain.py:1082] 2019-10-09 17:50:58.717986: Step 3340: Train accuracy = 99.0%
INFO:tensorflow:2019-10-09 17:50:58.718137: Step 3340: Cross entropy = 0.106979
I1009 17:50:58.718149 4712924608 retrain.py:1084] 2019-10-09 17:50:58.718137: Step 3340: Cross entropy = 0.106979
INFO:tensorflow:2019-10-09 17:50:58.774529: Step 3340: Validation accuracy = 51.0% (N=100)
I1009 17:50:58.774574 4712924608 retrain.py:1100] 2019-10-09 17:50:58.774529: Step 3340: Validation accuracy = 51.0% (N=100)
INFO:tensorflow:2019-10-09 17:50:59.334145: Step 3350: Train accuracy = 100.0%
I1009 17:50:59.334187 4712924608 retrain.py:1082] 2019-10-09 17:50:59.334145: Step 3350: Train accuracy = 100.0%
INFO:tensorflow:2019-10-09 17:50:59.334293: Step 3350: Cross entropy = 0.095102
I1009 17:50:59.334305 4712924608 retrain.py:1084] 2019-10-09 17:50:59.334293: Step 3350: Cross entropy = 0.095102
INFO:tensorflow:2019-10-09 17:50:59.390756: Step 3350: Validation accuracy = 47.0% (N=100)
I1009 17:50:59.390802 4712924608 retrain.py:1100] 2019-10-09 17:50:59.390756: Step 3350: Validation accuracy = 47.0% (N=100)
INFO:tensorflow:2019-10-09 17:50:59.949688: Step 3360: Train accuracy = 100.0%
I1009 17:50:59.949732 4712924608 retrain.py:1082] 2019-10-09 17:50:59.949688: Step 3360: Train accuracy = 100.0%
INFO:tensorflow:2019-10-09 17:50:59.949842: Step 3360: Cross entropy = 0.103091
I1009 17:50:59.949853 4712924608 retrain.py:1084] 2019-10-09 17:50:59.949842: Step 3360: Cross entropy = 0.103091
INFO:tensorflow:2019-10-09 17:51:00.006887: Step 3360: Validation accuracy = 58.0% (N=100)
I1009 17:51:00.006933 4712924608 retrain.py:1100] 2019-10-09 17:51:00.006887: Step 3360: Validation accuracy = 58.0% (N=100)
INFO:tensorflow:2019-10-09 17:51:00.565827: Step 3370: Train accuracy = 100.0%
I1009 17:51:00.565872 4712924608 retrain.py:1082] 2019-10-09 17:51:00.565827: Step 3370: Train accuracy = 100.0%
INFO:tensorflow:2019-10-09 17:51:00.565980: Step 3370: Cross entropy = 0.110018
I1009 17:51:00.565990 4712924608 retrain.py:1084] 2019-10-09 17:51:00.565980: Step 3370: Cross entropy = 0.110018
INFO:tensorflow:2019-10-09 17:51:00.622429: Step 3370: Validation accuracy = 44.0% (N=100)
I1009 17:51:00.622476 4712924608 retrain.py:1100] 2019-10-09 17:51:00.622429: Step 3370: Validation accuracy = 44.0% (N=100)
INFO:tensorflow:2019-10-09 17:51:01.180869: Step 3380: Train accuracy = 100.0%
I1009 17:51:01.180912 4712924608 retrain.py:1082] 2019-10-09 17:51:01.180869: Step 3380: Train accuracy = 100.0%
INFO:tensorflow:2019-10-09 17:51:01.181021: Step 3380: Cross entropy = 0.088836
I1009 17:51:01.181046 4712924608 retrain.py:1084] 2019-10-09 17:51:01.181021: Step 3380: Cross entropy = 0.088836
INFO:tensorflow:2019-10-09 17:51:01.237516: Step 3380: Validation accuracy = 46.0% (N=100)
I1009 17:51:01.237562 4712924608 retrain.py:1100] 2019-10-09 17:51:01.237516: Step 3380: Validation accuracy = 46.0% (N=100)
INFO:tensorflow:2019-10-09 17:51:01.796573: Step 3390: Train accuracy = 100.0%
I1009 17:51:01.796625 4712924608 retrain.py:1082] 2019-10-09 17:51:01.796573: Step 3390: Train accuracy = 100.0%
INFO:tensorflow:2019-10-09 17:51:01.796746: Step 3390: Cross entropy = 0.087984
I1009 17:51:01.796759 4712924608 retrain.py:1084] 2019-10-09 17:51:01.796746: Step 3390: Cross entropy = 0.087984
INFO:tensorflow:2019-10-09 17:51:01.853247: Step 3390: Validation accuracy = 35.0% (N=100)
I1009 17:51:01.853292 4712924608 retrain.py:1100] 2019-10-09 17:51:01.853247: Step 3390: Validation accuracy = 35.0% (N=100)
INFO:tensorflow:2019-10-09 17:51:02.412339: Step 3400: Train accuracy = 99.0%
I1009 17:51:02.412383 4712924608 retrain.py:1082] 2019-10-09 17:51:02.412339: Step 3400: Train accuracy = 99.0%
INFO:tensorflow:2019-10-09 17:51:02.412517: Step 3400: Cross entropy = 0.107413
I1009 17:51:02.412529 4712924608 retrain.py:1084] 2019-10-09 17:51:02.412517: Step 3400: Cross entropy = 0.107413
INFO:tensorflow:2019-10-09 17:51:02.469153: Step 3400: Validation accuracy = 38.0% (N=100)
I1009 17:51:02.469197 4712924608 retrain.py:1100] 2019-10-09 17:51:02.469153: Step 3400: Validation accuracy = 38.0% (N=100)
INFO:tensorflow:2019-10-09 17:51:03.027772: Step 3410: Train accuracy = 100.0%
I1009 17:51:03.027817 4712924608 retrain.py:1082] 2019-10-09 17:51:03.027772: Step 3410: Train accuracy = 100.0%
INFO:tensorflow:2019-10-09 17:51:03.027927: Step 3410: Cross entropy = 0.088940
I1009 17:51:03.027940 4712924608 retrain.py:1084] 2019-10-09 17:51:03.027927: Step 3410: Cross entropy = 0.088940
INFO:tensorflow:2019-10-09 17:51:03.084249: Step 3410: Validation accuracy = 56.0% (N=100)
I1009 17:51:03.084296 4712924608 retrain.py:1100] 2019-10-09 17:51:03.084249: Step 3410: Validation accuracy = 56.0% (N=100)
INFO:tensorflow:2019-10-09 17:51:03.642774: Step 3420: Train accuracy = 99.0%
I1009 17:51:03.642817 4712924608 retrain.py:1082] 2019-10-09 17:51:03.642774: Step 3420: Train accuracy = 99.0%
INFO:tensorflow:2019-10-09 17:51:03.642927: Step 3420: Cross entropy = 0.074359
I1009 17:51:03.642938 4712924608 retrain.py:1084] 2019-10-09 17:51:03.642927: Step 3420: Cross entropy = 0.074359
INFO:tensorflow:2019-10-09 17:51:03.699350: Step 3420: Validation accuracy = 44.0% (N=100)
I1009 17:51:03.699396 4712924608 retrain.py:1100] 2019-10-09 17:51:03.699350: Step 3420: Validation accuracy = 44.0% (N=100)
INFO:tensorflow:2019-10-09 17:51:04.259430: Step 3430: Train accuracy = 100.0%
I1009 17:51:04.259474 4712924608 retrain.py:1082] 2019-10-09 17:51:04.259430: Step 3430: Train accuracy = 100.0%
INFO:tensorflow:2019-10-09 17:51:04.259582: Step 3430: Cross entropy = 0.099093
I1009 17:51:04.259593 4712924608 retrain.py:1084] 2019-10-09 17:51:04.259582: Step 3430: Cross entropy = 0.099093
INFO:tensorflow:2019-10-09 17:51:04.316710: Step 3430: Validation accuracy = 48.0% (N=100)
I1009 17:51:04.316756 4712924608 retrain.py:1100] 2019-10-09 17:51:04.316710: Step 3430: Validation accuracy = 48.0% (N=100)
INFO:tensorflow:2019-10-09 17:51:04.875817: Step 3440: Train accuracy = 99.0%
I1009 17:51:04.875863 4712924608 retrain.py:1082] 2019-10-09 17:51:04.875817: Step 3440: Train accuracy = 99.0%
INFO:tensorflow:2019-10-09 17:51:04.875972: Step 3440: Cross entropy = 0.095395
I1009 17:51:04.875982 4712924608 retrain.py:1084] 2019-10-09 17:51:04.875972: Step 3440: Cross entropy = 0.095395
INFO:tensorflow:2019-10-09 17:51:04.932495: Step 3440: Validation accuracy = 40.0% (N=100)
I1009 17:51:04.932543 4712924608 retrain.py:1100] 2019-10-09 17:51:04.932495: Step 3440: Validation accuracy = 40.0% (N=100)
INFO:tensorflow:2019-10-09 17:51:05.490312: Step 3450: Train accuracy = 98.0%
I1009 17:51:05.490355 4712924608 retrain.py:1082] 2019-10-09 17:51:05.490312: Step 3450: Train accuracy = 98.0%
INFO:tensorflow:2019-10-09 17:51:05.490464: Step 3450: Cross entropy = 0.096198
I1009 17:51:05.490476 4712924608 retrain.py:1084] 2019-10-09 17:51:05.490464: Step 3450: Cross entropy = 0.096198
INFO:tensorflow:2019-10-09 17:51:05.546820: Step 3450: Validation accuracy = 43.0% (N=100)
I1009 17:51:05.546868 4712924608 retrain.py:1100] 2019-10-09 17:51:05.546820: Step 3450: Validation accuracy = 43.0% (N=100)
INFO:tensorflow:2019-10-09 17:51:06.105445: Step 3460: Train accuracy = 100.0%
I1009 17:51:06.105488 4712924608 retrain.py:1082] 2019-10-09 17:51:06.105445: Step 3460: Train accuracy = 100.0%
INFO:tensorflow:2019-10-09 17:51:06.105599: Step 3460: Cross entropy = 0.096732
I1009 17:51:06.105626 4712924608 retrain.py:1084] 2019-10-09 17:51:06.105599: Step 3460: Cross entropy = 0.096732
INFO:tensorflow:2019-10-09 17:51:06.161997: Step 3460: Validation accuracy = 45.0% (N=100)
I1009 17:51:06.162045 4712924608 retrain.py:1100] 2019-10-09 17:51:06.161997: Step 3460: Validation accuracy = 45.0% (N=100)
INFO:tensorflow:2019-10-09 17:51:06.721321: Step 3470: Train accuracy = 100.0%
I1009 17:51:06.721364 4712924608 retrain.py:1082] 2019-10-09 17:51:06.721321: Step 3470: Train accuracy = 100.0%
INFO:tensorflow:2019-10-09 17:51:06.721514: Step 3470: Cross entropy = 0.103098
I1009 17:51:06.721527 4712924608 retrain.py:1084] 2019-10-09 17:51:06.721514: Step 3470: Cross entropy = 0.103098
INFO:tensorflow:2019-10-09 17:51:06.778351: Step 3470: Validation accuracy = 45.0% (N=100)
I1009 17:51:06.778394 4712924608 retrain.py:1100] 2019-10-09 17:51:06.778351: Step 3470: Validation accuracy = 45.0% (N=100)
INFO:tensorflow:2019-10-09 17:51:07.336119: Step 3480: Train accuracy = 99.0%
I1009 17:51:07.336163 4712924608 retrain.py:1082] 2019-10-09 17:51:07.336119: Step 3480: Train accuracy = 99.0%
INFO:tensorflow:2019-10-09 17:51:07.336271: Step 3480: Cross entropy = 0.092356
I1009 17:51:07.336283 4712924608 retrain.py:1084] 2019-10-09 17:51:07.336271: Step 3480: Cross entropy = 0.092356
INFO:tensorflow:2019-10-09 17:51:07.392649: Step 3480: Validation accuracy = 49.0% (N=100)
I1009 17:51:07.392697 4712924608 retrain.py:1100] 2019-10-09 17:51:07.392649: Step 3480: Validation accuracy = 49.0% (N=100)
INFO:tensorflow:2019-10-09 17:51:07.952172: Step 3490: Train accuracy = 100.0%
I1009 17:51:07.952217 4712924608 retrain.py:1082] 2019-10-09 17:51:07.952172: Step 3490: Train accuracy = 100.0%
INFO:tensorflow:2019-10-09 17:51:07.952325: Step 3490: Cross entropy = 0.094824
I1009 17:51:07.952336 4712924608 retrain.py:1084] 2019-10-09 17:51:07.952325: Step 3490: Cross entropy = 0.094824
INFO:tensorflow:2019-10-09 17:51:08.008899: Step 3490: Validation accuracy = 48.0% (N=100)
I1009 17:51:08.008945 4712924608 retrain.py:1100] 2019-10-09 17:51:08.008899: Step 3490: Validation accuracy = 48.0% (N=100)
INFO:tensorflow:2019-10-09 17:51:08.566560: Step 3500: Train accuracy = 100.0%
I1009 17:51:08.566602 4712924608 retrain.py:1082] 2019-10-09 17:51:08.566560: Step 3500: Train accuracy = 100.0%
INFO:tensorflow:2019-10-09 17:51:08.566708: Step 3500: Cross entropy = 0.090950
I1009 17:51:08.566717 4712924608 retrain.py:1084] 2019-10-09 17:51:08.566708: Step 3500: Cross entropy = 0.090950
INFO:tensorflow:2019-10-09 17:51:08.622890: Step 3500: Validation accuracy = 46.0% (N=100)
I1009 17:51:08.622935 4712924608 retrain.py:1100] 2019-10-09 17:51:08.622890: Step 3500: Validation accuracy = 46.0% (N=100)
INFO:tensorflow:2019-10-09 17:51:09.180851: Step 3510: Train accuracy = 100.0%
I1009 17:51:09.180902 4712924608 retrain.py:1082] 2019-10-09 17:51:09.180851: Step 3510: Train accuracy = 100.0%
INFO:tensorflow:2019-10-09 17:51:09.181014: Step 3510: Cross entropy = 0.088095
I1009 17:51:09.181025 4712924608 retrain.py:1084] 2019-10-09 17:51:09.181014: Step 3510: Cross entropy = 0.088095
INFO:tensorflow:2019-10-09 17:51:09.237409: Step 3510: Validation accuracy = 33.0% (N=100)
I1009 17:51:09.237455 4712924608 retrain.py:1100] 2019-10-09 17:51:09.237409: Step 3510: Validation accuracy = 33.0% (N=100)
INFO:tensorflow:2019-10-09 17:51:09.795799: Step 3520: Train accuracy = 100.0%
I1009 17:51:09.795844 4712924608 retrain.py:1082] 2019-10-09 17:51:09.795799: Step 3520: Train accuracy = 100.0%
INFO:tensorflow:2019-10-09 17:51:09.795950: Step 3520: Cross entropy = 0.080872
I1009 17:51:09.795961 4712924608 retrain.py:1084] 2019-10-09 17:51:09.795950: Step 3520: Cross entropy = 0.080872
INFO:tensorflow:2019-10-09 17:51:09.852359: Step 3520: Validation accuracy = 48.0% (N=100)
I1009 17:51:09.852406 4712924608 retrain.py:1100] 2019-10-09 17:51:09.852359: Step 3520: Validation accuracy = 48.0% (N=100)
INFO:tensorflow:2019-10-09 17:51:10.410690: Step 3530: Train accuracy = 100.0%
I1009 17:51:10.410734 4712924608 retrain.py:1082] 2019-10-09 17:51:10.410690: Step 3530: Train accuracy = 100.0%
INFO:tensorflow:2019-10-09 17:51:10.410843: Step 3530: Cross entropy = 0.090192
I1009 17:51:10.410853 4712924608 retrain.py:1084] 2019-10-09 17:51:10.410843: Step 3530: Cross entropy = 0.090192
INFO:tensorflow:2019-10-09 17:51:10.467117: Step 3530: Validation accuracy = 49.0% (N=100)
I1009 17:51:10.467162 4712924608 retrain.py:1100] 2019-10-09 17:51:10.467117: Step 3530: Validation accuracy = 49.0% (N=100)
INFO:tensorflow:2019-10-09 17:51:11.025338: Step 3540: Train accuracy = 100.0%
I1009 17:51:11.025381 4712924608 retrain.py:1082] 2019-10-09 17:51:11.025338: Step 3540: Train accuracy = 100.0%
INFO:tensorflow:2019-10-09 17:51:11.025490: Step 3540: Cross entropy = 0.091495
I1009 17:51:11.025501 4712924608 retrain.py:1084] 2019-10-09 17:51:11.025490: Step 3540: Cross entropy = 0.091495
INFO:tensorflow:2019-10-09 17:51:11.081863: Step 3540: Validation accuracy = 50.0% (N=100)
I1009 17:51:11.081910 4712924608 retrain.py:1100] 2019-10-09 17:51:11.081863: Step 3540: Validation accuracy = 50.0% (N=100)
INFO:tensorflow:2019-10-09 17:51:11.640609: Step 3550: Train accuracy = 100.0%
I1009 17:51:11.640653 4712924608 retrain.py:1082] 2019-10-09 17:51:11.640609: Step 3550: Train accuracy = 100.0%
INFO:tensorflow:2019-10-09 17:51:11.640763: Step 3550: Cross entropy = 0.095812
I1009 17:51:11.640789 4712924608 retrain.py:1084] 2019-10-09 17:51:11.640763: Step 3550: Cross entropy = 0.095812
INFO:tensorflow:2019-10-09 17:51:11.697109: Step 3550: Validation accuracy = 45.0% (N=100)
I1009 17:51:11.697157 4712924608 retrain.py:1100] 2019-10-09 17:51:11.697109: Step 3550: Validation accuracy = 45.0% (N=100)
INFO:tensorflow:2019-10-09 17:51:12.255491: Step 3560: Train accuracy = 100.0%
I1009 17:51:12.255536 4712924608 retrain.py:1082] 2019-10-09 17:51:12.255491: Step 3560: Train accuracy = 100.0%
INFO:tensorflow:2019-10-09 17:51:12.255646: Step 3560: Cross entropy = 0.082494
I1009 17:51:12.255657 4712924608 retrain.py:1084] 2019-10-09 17:51:12.255646: Step 3560: Cross entropy = 0.082494
INFO:tensorflow:2019-10-09 17:51:12.311958: Step 3560: Validation accuracy = 49.0% (N=100)
I1009 17:51:12.312006 4712924608 retrain.py:1100] 2019-10-09 17:51:12.311958: Step 3560: Validation accuracy = 49.0% (N=100)
INFO:tensorflow:2019-10-09 17:51:12.874099: Step 3570: Train accuracy = 100.0%
I1009 17:51:12.874142 4712924608 retrain.py:1082] 2019-10-09 17:51:12.874099: Step 3570: Train accuracy = 100.0%
INFO:tensorflow:2019-10-09 17:51:12.874251: Step 3570: Cross entropy = 0.090801
I1009 17:51:12.874262 4712924608 retrain.py:1084] 2019-10-09 17:51:12.874251: Step 3570: Cross entropy = 0.090801
INFO:tensorflow:2019-10-09 17:51:12.930713: Step 3570: Validation accuracy = 44.0% (N=100)
I1009 17:51:12.930759 4712924608 retrain.py:1100] 2019-10-09 17:51:12.930713: Step 3570: Validation accuracy = 44.0% (N=100)
INFO:tensorflow:2019-10-09 17:51:13.490607: Step 3580: Train accuracy = 100.0%
I1009 17:51:13.490651 4712924608 retrain.py:1082] 2019-10-09 17:51:13.490607: Step 3580: Train accuracy = 100.0%
INFO:tensorflow:2019-10-09 17:51:13.490762: Step 3580: Cross entropy = 0.099892
I1009 17:51:13.490772 4712924608 retrain.py:1084] 2019-10-09 17:51:13.490762: Step 3580: Cross entropy = 0.099892
INFO:tensorflow:2019-10-09 17:51:13.547173: Step 3580: Validation accuracy = 44.0% (N=100)
I1009 17:51:13.547217 4712924608 retrain.py:1100] 2019-10-09 17:51:13.547173: Step 3580: Validation accuracy = 44.0% (N=100)
INFO:tensorflow:2019-10-09 17:51:14.104762: Step 3590: Train accuracy = 100.0%
I1009 17:51:14.104805 4712924608 retrain.py:1082] 2019-10-09 17:51:14.104762: Step 3590: Train accuracy = 100.0%
INFO:tensorflow:2019-10-09 17:51:14.104912: Step 3590: Cross entropy = 0.085410
I1009 17:51:14.104938 4712924608 retrain.py:1084] 2019-10-09 17:51:14.104912: Step 3590: Cross entropy = 0.085410
INFO:tensorflow:2019-10-09 17:51:14.161296: Step 3590: Validation accuracy = 51.0% (N=100)
I1009 17:51:14.161342 4712924608 retrain.py:1100] 2019-10-09 17:51:14.161296: Step 3590: Validation accuracy = 51.0% (N=100)
INFO:tensorflow:2019-10-09 17:51:14.720331: Step 3600: Train accuracy = 100.0%
I1009 17:51:14.720386 4712924608 retrain.py:1082] 2019-10-09 17:51:14.720331: Step 3600: Train accuracy = 100.0%
INFO:tensorflow:2019-10-09 17:51:14.720529: Step 3600: Cross entropy = 0.085483
I1009 17:51:14.720538 4712924608 retrain.py:1084] 2019-10-09 17:51:14.720529: Step 3600: Cross entropy = 0.085483
INFO:tensorflow:2019-10-09 17:51:14.776900: Step 3600: Validation accuracy = 43.0% (N=100)
I1009 17:51:14.776947 4712924608 retrain.py:1100] 2019-10-09 17:51:14.776900: Step 3600: Validation accuracy = 43.0% (N=100)
INFO:tensorflow:2019-10-09 17:51:15.336336: Step 3610: Train accuracy = 100.0%
I1009 17:51:15.336380 4712924608 retrain.py:1082] 2019-10-09 17:51:15.336336: Step 3610: Train accuracy = 100.0%
INFO:tensorflow:2019-10-09 17:51:15.336489: Step 3610: Cross entropy = 0.081664
I1009 17:51:15.336499 4712924608 retrain.py:1084] 2019-10-09 17:51:15.336489: Step 3610: Cross entropy = 0.081664
INFO:tensorflow:2019-10-09 17:51:15.393075: Step 3610: Validation accuracy = 37.0% (N=100)
I1009 17:51:15.393124 4712924608 retrain.py:1100] 2019-10-09 17:51:15.393075: Step 3610: Validation accuracy = 37.0% (N=100)
INFO:tensorflow:2019-10-09 17:51:15.951290: Step 3620: Train accuracy = 100.0%
I1009 17:51:15.951333 4712924608 retrain.py:1082] 2019-10-09 17:51:15.951290: Step 3620: Train accuracy = 100.0%
INFO:tensorflow:2019-10-09 17:51:15.951440: Step 3620: Cross entropy = 0.092578
I1009 17:51:15.951450 4712924608 retrain.py:1084] 2019-10-09 17:51:15.951440: Step 3620: Cross entropy = 0.092578
INFO:tensorflow:2019-10-09 17:51:16.008146: Step 3620: Validation accuracy = 49.0% (N=100)
I1009 17:51:16.008193 4712924608 retrain.py:1100] 2019-10-09 17:51:16.008146: Step 3620: Validation accuracy = 49.0% (N=100)
INFO:tensorflow:2019-10-09 17:51:16.566386: Step 3630: Train accuracy = 100.0%
I1009 17:51:16.566431 4712924608 retrain.py:1082] 2019-10-09 17:51:16.566386: Step 3630: Train accuracy = 100.0%
INFO:tensorflow:2019-10-09 17:51:16.566542: Step 3630: Cross entropy = 0.075590
I1009 17:51:16.566554 4712924608 retrain.py:1084] 2019-10-09 17:51:16.566542: Step 3630: Cross entropy = 0.075590
INFO:tensorflow:2019-10-09 17:51:16.623692: Step 3630: Validation accuracy = 50.0% (N=100)
I1009 17:51:16.623737 4712924608 retrain.py:1100] 2019-10-09 17:51:16.623692: Step 3630: Validation accuracy = 50.0% (N=100)
INFO:tensorflow:2019-10-09 17:51:17.184095: Step 3640: Train accuracy = 100.0%
I1009 17:51:17.184138 4712924608 retrain.py:1082] 2019-10-09 17:51:17.184095: Step 3640: Train accuracy = 100.0%
INFO:tensorflow:2019-10-09 17:51:17.184247: Step 3640: Cross entropy = 0.095449
I1009 17:51:17.184257 4712924608 retrain.py:1084] 2019-10-09 17:51:17.184247: Step 3640: Cross entropy = 0.095449
INFO:tensorflow:2019-10-09 17:51:17.240652: Step 3640: Validation accuracy = 45.0% (N=100)
I1009 17:51:17.240700 4712924608 retrain.py:1100] 2019-10-09 17:51:17.240652: Step 3640: Validation accuracy = 45.0% (N=100)
INFO:tensorflow:2019-10-09 17:51:17.800953: Step 3650: Train accuracy = 100.0%
I1009 17:51:17.800998 4712924608 retrain.py:1082] 2019-10-09 17:51:17.800953: Step 3650: Train accuracy = 100.0%
INFO:tensorflow:2019-10-09 17:51:17.801110: Step 3650: Cross entropy = 0.093785
I1009 17:51:17.801121 4712924608 retrain.py:1084] 2019-10-09 17:51:17.801110: Step 3650: Cross entropy = 0.093785
INFO:tensorflow:2019-10-09 17:51:17.857770: Step 3650: Validation accuracy = 45.0% (N=100)
I1009 17:51:17.857815 4712924608 retrain.py:1100] 2019-10-09 17:51:17.857770: Step 3650: Validation accuracy = 45.0% (N=100)
INFO:tensorflow:2019-10-09 17:51:18.416994: Step 3660: Train accuracy = 100.0%
I1009 17:51:18.417037 4712924608 retrain.py:1082] 2019-10-09 17:51:18.416994: Step 3660: Train accuracy = 100.0%
INFO:tensorflow:2019-10-09 17:51:18.417147: Step 3660: Cross entropy = 0.084651
I1009 17:51:18.417157 4712924608 retrain.py:1084] 2019-10-09 17:51:18.417147: Step 3660: Cross entropy = 0.084651
INFO:tensorflow:2019-10-09 17:51:18.473764: Step 3660: Validation accuracy = 50.0% (N=100)
I1009 17:51:18.473807 4712924608 retrain.py:1100] 2019-10-09 17:51:18.473764: Step 3660: Validation accuracy = 50.0% (N=100)
INFO:tensorflow:2019-10-09 17:51:19.031790: Step 3670: Train accuracy = 100.0%
I1009 17:51:19.031834 4712924608 retrain.py:1082] 2019-10-09 17:51:19.031790: Step 3670: Train accuracy = 100.0%
INFO:tensorflow:2019-10-09 17:51:19.031940: Step 3670: Cross entropy = 0.084880
I1009 17:51:19.031951 4712924608 retrain.py:1084] 2019-10-09 17:51:19.031940: Step 3670: Cross entropy = 0.084880
INFO:tensorflow:2019-10-09 17:51:19.088489: Step 3670: Validation accuracy = 41.0% (N=100)
I1009 17:51:19.088536 4712924608 retrain.py:1100] 2019-10-09 17:51:19.088489: Step 3670: Validation accuracy = 41.0% (N=100)
INFO:tensorflow:2019-10-09 17:51:19.647535: Step 3680: Train accuracy = 100.0%
I1009 17:51:19.647579 4712924608 retrain.py:1082] 2019-10-09 17:51:19.647535: Step 3680: Train accuracy = 100.0%
INFO:tensorflow:2019-10-09 17:51:19.647689: Step 3680: Cross entropy = 0.076394
I1009 17:51:19.647714 4712924608 retrain.py:1084] 2019-10-09 17:51:19.647689: Step 3680: Cross entropy = 0.076394
INFO:tensorflow:2019-10-09 17:51:19.704312: Step 3680: Validation accuracy = 39.0% (N=100)
I1009 17:51:19.704360 4712924608 retrain.py:1100] 2019-10-09 17:51:19.704312: Step 3680: Validation accuracy = 39.0% (N=100)
INFO:tensorflow:2019-10-09 17:51:20.263860: Step 3690: Train accuracy = 100.0%
I1009 17:51:20.263904 4712924608 retrain.py:1082] 2019-10-09 17:51:20.263860: Step 3690: Train accuracy = 100.0%
INFO:tensorflow:2019-10-09 17:51:20.264011: Step 3690: Cross entropy = 0.083212
I1009 17:51:20.264023 4712924608 retrain.py:1084] 2019-10-09 17:51:20.264011: Step 3690: Cross entropy = 0.083212
INFO:tensorflow:2019-10-09 17:51:20.321001: Step 3690: Validation accuracy = 44.0% (N=100)
I1009 17:51:20.321048 4712924608 retrain.py:1100] 2019-10-09 17:51:20.321001: Step 3690: Validation accuracy = 44.0% (N=100)
INFO:tensorflow:2019-10-09 17:51:20.879343: Step 3700: Train accuracy = 100.0%
I1009 17:51:20.879386 4712924608 retrain.py:1082] 2019-10-09 17:51:20.879343: Step 3700: Train accuracy = 100.0%
INFO:tensorflow:2019-10-09 17:51:20.879496: Step 3700: Cross entropy = 0.071390
I1009 17:51:20.879506 4712924608 retrain.py:1084] 2019-10-09 17:51:20.879496: Step 3700: Cross entropy = 0.071390
INFO:tensorflow:2019-10-09 17:51:20.935905: Step 3700: Validation accuracy = 36.0% (N=100)
I1009 17:51:20.935951 4712924608 retrain.py:1100] 2019-10-09 17:51:20.935905: Step 3700: Validation accuracy = 36.0% (N=100)
INFO:tensorflow:2019-10-09 17:51:21.494229: Step 3710: Train accuracy = 100.0%
I1009 17:51:21.494272 4712924608 retrain.py:1082] 2019-10-09 17:51:21.494229: Step 3710: Train accuracy = 100.0%
INFO:tensorflow:2019-10-09 17:51:21.494400: Step 3710: Cross entropy = 0.073112
I1009 17:51:21.494431 4712924608 retrain.py:1084] 2019-10-09 17:51:21.494400: Step 3710: Cross entropy = 0.073112
INFO:tensorflow:2019-10-09 17:51:21.550803: Step 3710: Validation accuracy = 37.0% (N=100)
I1009 17:51:21.550851 4712924608 retrain.py:1100] 2019-10-09 17:51:21.550803: Step 3710: Validation accuracy = 37.0% (N=100)
INFO:tensorflow:2019-10-09 17:51:22.109098: Step 3720: Train accuracy = 100.0%
I1009 17:51:22.109142 4712924608 retrain.py:1082] 2019-10-09 17:51:22.109098: Step 3720: Train accuracy = 100.0%
INFO:tensorflow:2019-10-09 17:51:22.109252: Step 3720: Cross entropy = 0.087583
I1009 17:51:22.109263 4712924608 retrain.py:1084] 2019-10-09 17:51:22.109252: Step 3720: Cross entropy = 0.087583
INFO:tensorflow:2019-10-09 17:51:22.165692: Step 3720: Validation accuracy = 39.0% (N=100)
I1009 17:51:22.165742 4712924608 retrain.py:1100] 2019-10-09 17:51:22.165692: Step 3720: Validation accuracy = 39.0% (N=100)
INFO:tensorflow:2019-10-09 17:51:22.723561: Step 3730: Train accuracy = 100.0%
I1009 17:51:22.723618 4712924608 retrain.py:1082] 2019-10-09 17:51:22.723561: Step 3730: Train accuracy = 100.0%
INFO:tensorflow:2019-10-09 17:51:22.723752: Step 3730: Cross entropy = 0.073671
I1009 17:51:22.723762 4712924608 retrain.py:1084] 2019-10-09 17:51:22.723752: Step 3730: Cross entropy = 0.073671
INFO:tensorflow:2019-10-09 17:51:22.780312: Step 3730: Validation accuracy = 40.0% (N=100)
I1009 17:51:22.780354 4712924608 retrain.py:1100] 2019-10-09 17:51:22.780312: Step 3730: Validation accuracy = 40.0% (N=100)
INFO:tensorflow:2019-10-09 17:51:23.340146: Step 3740: Train accuracy = 100.0%
I1009 17:51:23.340189 4712924608 retrain.py:1082] 2019-10-09 17:51:23.340146: Step 3740: Train accuracy = 100.0%
INFO:tensorflow:2019-10-09 17:51:23.340297: Step 3740: Cross entropy = 0.084921
I1009 17:51:23.340306 4712924608 retrain.py:1084] 2019-10-09 17:51:23.340297: Step 3740: Cross entropy = 0.084921
INFO:tensorflow:2019-10-09 17:51:23.396690: Step 3740: Validation accuracy = 43.0% (N=100)
I1009 17:51:23.396741 4712924608 retrain.py:1100] 2019-10-09 17:51:23.396690: Step 3740: Validation accuracy = 43.0% (N=100)
INFO:tensorflow:2019-10-09 17:51:23.954361: Step 3750: Train accuracy = 100.0%
I1009 17:51:23.954405 4712924608 retrain.py:1082] 2019-10-09 17:51:23.954361: Step 3750: Train accuracy = 100.0%
INFO:tensorflow:2019-10-09 17:51:23.954514: Step 3750: Cross entropy = 0.080889
I1009 17:51:23.954524 4712924608 retrain.py:1084] 2019-10-09 17:51:23.954514: Step 3750: Cross entropy = 0.080889
INFO:tensorflow:2019-10-09 17:51:24.011043: Step 3750: Validation accuracy = 47.0% (N=100)
I1009 17:51:24.011089 4712924608 retrain.py:1100] 2019-10-09 17:51:24.011043: Step 3750: Validation accuracy = 47.0% (N=100)
INFO:tensorflow:2019-10-09 17:51:24.569782: Step 3760: Train accuracy = 100.0%
I1009 17:51:24.569838 4712924608 retrain.py:1082] 2019-10-09 17:51:24.569782: Step 3760: Train accuracy = 100.0%
INFO:tensorflow:2019-10-09 17:51:24.569973: Step 3760: Cross entropy = 0.099367
I1009 17:51:24.569983 4712924608 retrain.py:1084] 2019-10-09 17:51:24.569973: Step 3760: Cross entropy = 0.099367
INFO:tensorflow:2019-10-09 17:51:24.626415: Step 3760: Validation accuracy = 41.0% (N=100)
I1009 17:51:24.626461 4712924608 retrain.py:1100] 2019-10-09 17:51:24.626415: Step 3760: Validation accuracy = 41.0% (N=100)
INFO:tensorflow:2019-10-09 17:51:25.184879: Step 3770: Train accuracy = 99.0%
I1009 17:51:25.184922 4712924608 retrain.py:1082] 2019-10-09 17:51:25.184879: Step 3770: Train accuracy = 99.0%
INFO:tensorflow:2019-10-09 17:51:25.185030: Step 3770: Cross entropy = 0.114408
I1009 17:51:25.185040 4712924608 retrain.py:1084] 2019-10-09 17:51:25.185030: Step 3770: Cross entropy = 0.114408
INFO:tensorflow:2019-10-09 17:51:25.241430: Step 3770: Validation accuracy = 54.0% (N=100)
I1009 17:51:25.241477 4712924608 retrain.py:1100] 2019-10-09 17:51:25.241430: Step 3770: Validation accuracy = 54.0% (N=100)
INFO:tensorflow:2019-10-09 17:51:25.800536: Step 3780: Train accuracy = 100.0%
I1009 17:51:25.800580 4712924608 retrain.py:1082] 2019-10-09 17:51:25.800536: Step 3780: Train accuracy = 100.0%
INFO:tensorflow:2019-10-09 17:51:25.800688: Step 3780: Cross entropy = 0.091081
I1009 17:51:25.800699 4712924608 retrain.py:1084] 2019-10-09 17:51:25.800688: Step 3780: Cross entropy = 0.091081
INFO:tensorflow:2019-10-09 17:51:25.856908: Step 3780: Validation accuracy = 52.0% (N=100)
I1009 17:51:25.856954 4712924608 retrain.py:1100] 2019-10-09 17:51:25.856908: Step 3780: Validation accuracy = 52.0% (N=100)
INFO:tensorflow:2019-10-09 17:51:26.415201: Step 3790: Train accuracy = 100.0%
I1009 17:51:26.415247 4712924608 retrain.py:1082] 2019-10-09 17:51:26.415201: Step 3790: Train accuracy = 100.0%
INFO:tensorflow:2019-10-09 17:51:26.415391: Step 3790: Cross entropy = 0.077217
I1009 17:51:26.415409 4712924608 retrain.py:1084] 2019-10-09 17:51:26.415391: Step 3790: Cross entropy = 0.077217
INFO:tensorflow:2019-10-09 17:51:26.471696: Step 3790: Validation accuracy = 47.0% (N=100)
I1009 17:51:26.471742 4712924608 retrain.py:1100] 2019-10-09 17:51:26.471696: Step 3790: Validation accuracy = 47.0% (N=100)
INFO:tensorflow:2019-10-09 17:51:27.030055: Step 3800: Train accuracy = 100.0%
I1009 17:51:27.030098 4712924608 retrain.py:1082] 2019-10-09 17:51:27.030055: Step 3800: Train accuracy = 100.0%
INFO:tensorflow:2019-10-09 17:51:27.030207: Step 3800: Cross entropy = 0.085090
I1009 17:51:27.030219 4712924608 retrain.py:1084] 2019-10-09 17:51:27.030207: Step 3800: Cross entropy = 0.085090
INFO:tensorflow:2019-10-09 17:51:27.086670: Step 3800: Validation accuracy = 55.0% (N=100)
I1009 17:51:27.086716 4712924608 retrain.py:1100] 2019-10-09 17:51:27.086670: Step 3800: Validation accuracy = 55.0% (N=100)
INFO:tensorflow:2019-10-09 17:51:27.644557: Step 3810: Train accuracy = 100.0%
I1009 17:51:27.644601 4712924608 retrain.py:1082] 2019-10-09 17:51:27.644557: Step 3810: Train accuracy = 100.0%
INFO:tensorflow:2019-10-09 17:51:27.644708: Step 3810: Cross entropy = 0.094116
I1009 17:51:27.644718 4712924608 retrain.py:1084] 2019-10-09 17:51:27.644708: Step 3810: Cross entropy = 0.094116
INFO:tensorflow:2019-10-09 17:51:27.701183: Step 3810: Validation accuracy = 46.0% (N=100)
I1009 17:51:27.701230 4712924608 retrain.py:1100] 2019-10-09 17:51:27.701183: Step 3810: Validation accuracy = 46.0% (N=100)
INFO:tensorflow:2019-10-09 17:51:28.260155: Step 3820: Train accuracy = 100.0%
I1009 17:51:28.260198 4712924608 retrain.py:1082] 2019-10-09 17:51:28.260155: Step 3820: Train accuracy = 100.0%
INFO:tensorflow:2019-10-09 17:51:28.260306: Step 3820: Cross entropy = 0.096604
I1009 17:51:28.260318 4712924608 retrain.py:1084] 2019-10-09 17:51:28.260306: Step 3820: Cross entropy = 0.096604
INFO:tensorflow:2019-10-09 17:51:28.317374: Step 3820: Validation accuracy = 47.0% (N=100)
I1009 17:51:28.317419 4712924608 retrain.py:1100] 2019-10-09 17:51:28.317374: Step 3820: Validation accuracy = 47.0% (N=100)
INFO:tensorflow:2019-10-09 17:51:28.875682: Step 3830: Train accuracy = 100.0%
I1009 17:51:28.875725 4712924608 retrain.py:1082] 2019-10-09 17:51:28.875682: Step 3830: Train accuracy = 100.0%
INFO:tensorflow:2019-10-09 17:51:28.875835: Step 3830: Cross entropy = 0.076806
I1009 17:51:28.875844 4712924608 retrain.py:1084] 2019-10-09 17:51:28.875835: Step 3830: Cross entropy = 0.076806
INFO:tensorflow:2019-10-09 17:51:28.932241: Step 3830: Validation accuracy = 50.0% (N=100)
I1009 17:51:28.932287 4712924608 retrain.py:1100] 2019-10-09 17:51:28.932241: Step 3830: Validation accuracy = 50.0% (N=100)
INFO:tensorflow:2019-10-09 17:51:29.490289: Step 3840: Train accuracy = 100.0%
I1009 17:51:29.490334 4712924608 retrain.py:1082] 2019-10-09 17:51:29.490289: Step 3840: Train accuracy = 100.0%
INFO:tensorflow:2019-10-09 17:51:29.490446: Step 3840: Cross entropy = 0.082840
I1009 17:51:29.490458 4712924608 retrain.py:1084] 2019-10-09 17:51:29.490446: Step 3840: Cross entropy = 0.082840
INFO:tensorflow:2019-10-09 17:51:29.547518: Step 3840: Validation accuracy = 47.0% (N=100)
I1009 17:51:29.547563 4712924608 retrain.py:1100] 2019-10-09 17:51:29.547518: Step 3840: Validation accuracy = 47.0% (N=100)
INFO:tensorflow:2019-10-09 17:51:30.106609: Step 3850: Train accuracy = 100.0%
I1009 17:51:30.106653 4712924608 retrain.py:1082] 2019-10-09 17:51:30.106609: Step 3850: Train accuracy = 100.0%
INFO:tensorflow:2019-10-09 17:51:30.106762: Step 3850: Cross entropy = 0.074275
I1009 17:51:30.106772 4712924608 retrain.py:1084] 2019-10-09 17:51:30.106762: Step 3850: Cross entropy = 0.074275
INFO:tensorflow:2019-10-09 17:51:30.163257: Step 3850: Validation accuracy = 41.0% (N=100)
I1009 17:51:30.163302 4712924608 retrain.py:1100] 2019-10-09 17:51:30.163257: Step 3850: Validation accuracy = 41.0% (N=100)
INFO:tensorflow:2019-10-09 17:51:30.723662: Step 3860: Train accuracy = 100.0%
I1009 17:51:30.723719 4712924608 retrain.py:1082] 2019-10-09 17:51:30.723662: Step 3860: Train accuracy = 100.0%
INFO:tensorflow:2019-10-09 17:51:30.723859: Step 3860: Cross entropy = 0.089645
I1009 17:51:30.723871 4712924608 retrain.py:1084] 2019-10-09 17:51:30.723859: Step 3860: Cross entropy = 0.089645
INFO:tensorflow:2019-10-09 17:51:30.780283: Step 3860: Validation accuracy = 40.0% (N=100)
I1009 17:51:30.780329 4712924608 retrain.py:1100] 2019-10-09 17:51:30.780283: Step 3860: Validation accuracy = 40.0% (N=100)
INFO:tensorflow:2019-10-09 17:51:31.339181: Step 3870: Train accuracy = 100.0%
I1009 17:51:31.339225 4712924608 retrain.py:1082] 2019-10-09 17:51:31.339181: Step 3870: Train accuracy = 100.0%
INFO:tensorflow:2019-10-09 17:51:31.339351: Step 3870: Cross entropy = 0.086546
I1009 17:51:31.339376 4712924608 retrain.py:1084] 2019-10-09 17:51:31.339351: Step 3870: Cross entropy = 0.086546
INFO:tensorflow:2019-10-09 17:51:31.395815: Step 3870: Validation accuracy = 47.0% (N=100)
I1009 17:51:31.395862 4712924608 retrain.py:1100] 2019-10-09 17:51:31.395815: Step 3870: Validation accuracy = 47.0% (N=100)
INFO:tensorflow:2019-10-09 17:51:31.956286: Step 3880: Train accuracy = 100.0%
I1009 17:51:31.956331 4712924608 retrain.py:1082] 2019-10-09 17:51:31.956286: Step 3880: Train accuracy = 100.0%
INFO:tensorflow:2019-10-09 17:51:31.956443: Step 3880: Cross entropy = 0.091650
I1009 17:51:31.956455 4712924608 retrain.py:1084] 2019-10-09 17:51:31.956443: Step 3880: Cross entropy = 0.091650
INFO:tensorflow:2019-10-09 17:51:32.013507: Step 3880: Validation accuracy = 42.0% (N=100)
I1009 17:51:32.013552 4712924608 retrain.py:1100] 2019-10-09 17:51:32.013507: Step 3880: Validation accuracy = 42.0% (N=100)
INFO:tensorflow:2019-10-09 17:51:32.573403: Step 3890: Train accuracy = 100.0%
I1009 17:51:32.573459 4712924608 retrain.py:1082] 2019-10-09 17:51:32.573403: Step 3890: Train accuracy = 100.0%
INFO:tensorflow:2019-10-09 17:51:32.573584: Step 3890: Cross entropy = 0.087562
I1009 17:51:32.573596 4712924608 retrain.py:1084] 2019-10-09 17:51:32.573584: Step 3890: Cross entropy = 0.087562
INFO:tensorflow:2019-10-09 17:51:32.630132: Step 3890: Validation accuracy = 42.0% (N=100)
I1009 17:51:32.630179 4712924608 retrain.py:1100] 2019-10-09 17:51:32.630132: Step 3890: Validation accuracy = 42.0% (N=100)
INFO:tensorflow:2019-10-09 17:51:33.190264: Step 3900: Train accuracy = 100.0%
I1009 17:51:33.190310 4712924608 retrain.py:1082] 2019-10-09 17:51:33.190264: Step 3900: Train accuracy = 100.0%
INFO:tensorflow:2019-10-09 17:51:33.190420: Step 3900: Cross entropy = 0.091433
I1009 17:51:33.190432 4712924608 retrain.py:1084] 2019-10-09 17:51:33.190420: Step 3900: Cross entropy = 0.091433
INFO:tensorflow:2019-10-09 17:51:33.246728: Step 3900: Validation accuracy = 55.0% (N=100)
I1009 17:51:33.246777 4712924608 retrain.py:1100] 2019-10-09 17:51:33.246728: Step 3900: Validation accuracy = 55.0% (N=100)
INFO:tensorflow:2019-10-09 17:51:33.805754: Step 3910: Train accuracy = 100.0%
I1009 17:51:33.805797 4712924608 retrain.py:1082] 2019-10-09 17:51:33.805754: Step 3910: Train accuracy = 100.0%
INFO:tensorflow:2019-10-09 17:51:33.805906: Step 3910: Cross entropy = 0.068451
I1009 17:51:33.805917 4712924608 retrain.py:1084] 2019-10-09 17:51:33.805906: Step 3910: Cross entropy = 0.068451
INFO:tensorflow:2019-10-09 17:51:33.862326: Step 3910: Validation accuracy = 42.0% (N=100)
I1009 17:51:33.862373 4712924608 retrain.py:1100] 2019-10-09 17:51:33.862326: Step 3910: Validation accuracy = 42.0% (N=100)
INFO:tensorflow:2019-10-09 17:51:34.420598: Step 3920: Train accuracy = 100.0%
I1009 17:51:34.420640 4712924608 retrain.py:1082] 2019-10-09 17:51:34.420598: Step 3920: Train accuracy = 100.0%
INFO:tensorflow:2019-10-09 17:51:34.420764: Step 3920: Cross entropy = 0.077882
I1009 17:51:34.420798 4712924608 retrain.py:1084] 2019-10-09 17:51:34.420764: Step 3920: Cross entropy = 0.077882
INFO:tensorflow:2019-10-09 17:51:34.477255: Step 3920: Validation accuracy = 42.0% (N=100)
I1009 17:51:34.477303 4712924608 retrain.py:1100] 2019-10-09 17:51:34.477255: Step 3920: Validation accuracy = 42.0% (N=100)
INFO:tensorflow:2019-10-09 17:51:35.037077: Step 3930: Train accuracy = 100.0%
I1009 17:51:35.037121 4712924608 retrain.py:1082] 2019-10-09 17:51:35.037077: Step 3930: Train accuracy = 100.0%
INFO:tensorflow:2019-10-09 17:51:35.037232: Step 3930: Cross entropy = 0.096107
I1009 17:51:35.037242 4712924608 retrain.py:1084] 2019-10-09 17:51:35.037232: Step 3930: Cross entropy = 0.096107
INFO:tensorflow:2019-10-09 17:51:35.093554: Step 3930: Validation accuracy = 43.0% (N=100)
I1009 17:51:35.093601 4712924608 retrain.py:1100] 2019-10-09 17:51:35.093554: Step 3930: Validation accuracy = 43.0% (N=100)
INFO:tensorflow:2019-10-09 17:51:35.651662: Step 3940: Train accuracy = 100.0%
I1009 17:51:35.651706 4712924608 retrain.py:1082] 2019-10-09 17:51:35.651662: Step 3940: Train accuracy = 100.0%
INFO:tensorflow:2019-10-09 17:51:35.651819: Step 3940: Cross entropy = 0.084885
I1009 17:51:35.651831 4712924608 retrain.py:1084] 2019-10-09 17:51:35.651819: Step 3940: Cross entropy = 0.084885
INFO:tensorflow:2019-10-09 17:51:35.708330: Step 3940: Validation accuracy = 49.0% (N=100)
I1009 17:51:35.708378 4712924608 retrain.py:1100] 2019-10-09 17:51:35.708330: Step 3940: Validation accuracy = 49.0% (N=100)
INFO:tensorflow:2019-10-09 17:51:36.266993: Step 3950: Train accuracy = 100.0%
I1009 17:51:36.267036 4712924608 retrain.py:1082] 2019-10-09 17:51:36.266993: Step 3950: Train accuracy = 100.0%
INFO:tensorflow:2019-10-09 17:51:36.267146: Step 3950: Cross entropy = 0.091313
I1009 17:51:36.267155 4712924608 retrain.py:1084] 2019-10-09 17:51:36.267146: Step 3950: Cross entropy = 0.091313
INFO:tensorflow:2019-10-09 17:51:36.324467: Step 3950: Validation accuracy = 47.0% (N=100)
I1009 17:51:36.324514 4712924608 retrain.py:1100] 2019-10-09 17:51:36.324467: Step 3950: Validation accuracy = 47.0% (N=100)
INFO:tensorflow:2019-10-09 17:51:36.882945: Step 3960: Train accuracy = 100.0%
I1009 17:51:36.882989 4712924608 retrain.py:1082] 2019-10-09 17:51:36.882945: Step 3960: Train accuracy = 100.0%
INFO:tensorflow:2019-10-09 17:51:36.883113: Step 3960: Cross entropy = 0.074623
I1009 17:51:36.883126 4712924608 retrain.py:1084] 2019-10-09 17:51:36.883113: Step 3960: Cross entropy = 0.074623
INFO:tensorflow:2019-10-09 17:51:36.939544: Step 3960: Validation accuracy = 45.0% (N=100)
I1009 17:51:36.939591 4712924608 retrain.py:1100] 2019-10-09 17:51:36.939544: Step 3960: Validation accuracy = 45.0% (N=100)
INFO:tensorflow:2019-10-09 17:51:37.497849: Step 3970: Train accuracy = 100.0%
I1009 17:51:37.497893 4712924608 retrain.py:1082] 2019-10-09 17:51:37.497849: Step 3970: Train accuracy = 100.0%
INFO:tensorflow:2019-10-09 17:51:37.498002: Step 3970: Cross entropy = 0.083499
I1009 17:51:37.498013 4712924608 retrain.py:1084] 2019-10-09 17:51:37.498002: Step 3970: Cross entropy = 0.083499
INFO:tensorflow:2019-10-09 17:51:37.554244: Step 3970: Validation accuracy = 49.0% (N=100)
I1009 17:51:37.554288 4712924608 retrain.py:1100] 2019-10-09 17:51:37.554244: Step 3970: Validation accuracy = 49.0% (N=100)
INFO:tensorflow:2019-10-09 17:51:38.113548: Step 3980: Train accuracy = 100.0%
I1009 17:51:38.113592 4712924608 retrain.py:1082] 2019-10-09 17:51:38.113548: Step 3980: Train accuracy = 100.0%
INFO:tensorflow:2019-10-09 17:51:38.113701: Step 3980: Cross entropy = 0.091894
I1009 17:51:38.113712 4712924608 retrain.py:1084] 2019-10-09 17:51:38.113701: Step 3980: Cross entropy = 0.091894
INFO:tensorflow:2019-10-09 17:51:38.170099: Step 3980: Validation accuracy = 51.0% (N=100)
I1009 17:51:38.170145 4712924608 retrain.py:1100] 2019-10-09 17:51:38.170099: Step 3980: Validation accuracy = 51.0% (N=100)
INFO:tensorflow:2019-10-09 17:51:38.729169: Step 3990: Train accuracy = 100.0%
I1009 17:51:38.729210 4712924608 retrain.py:1082] 2019-10-09 17:51:38.729169: Step 3990: Train accuracy = 100.0%
INFO:tensorflow:2019-10-09 17:51:38.729317: Step 3990: Cross entropy = 0.082167
I1009 17:51:38.729328 4712924608 retrain.py:1084] 2019-10-09 17:51:38.729317: Step 3990: Cross entropy = 0.082167
INFO:tensorflow:2019-10-09 17:51:38.785828: Step 3990: Validation accuracy = 47.0% (N=100)
I1009 17:51:38.785874 4712924608 retrain.py:1100] 2019-10-09 17:51:38.785828: Step 3990: Validation accuracy = 47.0% (N=100)
INFO:tensorflow:2019-10-09 17:51:39.291059: Step 3999: Train accuracy = 100.0%
I1009 17:51:39.291104 4712924608 retrain.py:1082] 2019-10-09 17:51:39.291059: Step 3999: Train accuracy = 100.0%
INFO:tensorflow:2019-10-09 17:51:39.291214: Step 3999: Cross entropy = 0.071508
I1009 17:51:39.291226 4712924608 retrain.py:1084] 2019-10-09 17:51:39.291214: Step 3999: Cross entropy = 0.071508
INFO:tensorflow:2019-10-09 17:51:39.348318: Step 3999: Validation accuracy = 47.0% (N=100)
I1009 17:51:39.348364 4712924608 retrain.py:1100] 2019-10-09 17:51:39.348318: Step 3999: Validation accuracy = 47.0% (N=100)
INFO:tensorflow:Final test accuracy = 65.6% (N=32)
I1009 17:51:41.529302 4712924608 retrain.py:1126] Final test accuracy = 65.6% (N=32)
WARNING:tensorflow:From /Users/dbusaba2/affinity_2D/tensorflow-for-poets-2/scripts/retrain.py:827: convert_variables_to_constants (from tensorflow.python.framework.graph_util_impl) is deprecated and will be removed in a future version.
Instructions for updating:
Use `tf.compat.v1.graph_util.convert_variables_to_constants`
W1009 17:51:41.691112 4712924608 deprecation.py:323] From /Users/dbusaba2/affinity_2D/tensorflow-for-poets-2/scripts/retrain.py:827: convert_variables_to_constants (from tensorflow.python.framework.graph_util_impl) is deprecated and will be removed in a future version.
Instructions for updating:
Use `tf.compat.v1.graph_util.convert_variables_to_constants`
WARNING:tensorflow:From /Library/Frameworks/Python.framework/Versions/3.7/lib/python3.7/site-packages/tensorflow/python/framework/graph_util_impl.py:270: extract_sub_graph (from tensorflow.python.framework.graph_util_impl) is deprecated and will be removed in a future version.
Instructions for updating:
Use `tf.compat.v1.graph_util.extract_sub_graph`
W1009 17:51:41.691269 4712924608 deprecation.py:323] From /Library/Frameworks/Python.framework/Versions/3.7/lib/python3.7/site-packages/tensorflow/python/framework/graph_util_impl.py:270: extract_sub_graph (from tensorflow.python.framework.graph_util_impl) is deprecated and will be removed in a future version.
Instructions for updating:
Use `tf.compat.v1.graph_util.extract_sub_graph`
INFO:tensorflow:Froze 2 variables.
I1009 17:51:41.914668 4712924608 graph_util_impl.py:311] Froze 2 variables.
INFO:tensorflow:Converted 2 variables to const ops.
I1009 17:51:41.975399 4712924608 graph_util_impl.py:364] Converted 2 variables to const ops.
