/Library/Frameworks/Python.framework/Versions/3.7/lib/python3.7/site-packages/tensorflow/python/framework/dtypes.py:516: FutureWarning: Passing (type, 1) or '1type' as a synonym of type is deprecated; in a future version of numpy, it will be understood as (type, (1,)) / '(1,)type'.
  _np_qint8 = np.dtype([("qint8", np.int8, 1)])
/Library/Frameworks/Python.framework/Versions/3.7/lib/python3.7/site-packages/tensorflow/python/framework/dtypes.py:517: FutureWarning: Passing (type, 1) or '1type' as a synonym of type is deprecated; in a future version of numpy, it will be understood as (type, (1,)) / '(1,)type'.
  _np_quint8 = np.dtype([("quint8", np.uint8, 1)])
/Library/Frameworks/Python.framework/Versions/3.7/lib/python3.7/site-packages/tensorflow/python/framework/dtypes.py:518: FutureWarning: Passing (type, 1) or '1type' as a synonym of type is deprecated; in a future version of numpy, it will be understood as (type, (1,)) / '(1,)type'.
  _np_qint16 = np.dtype([("qint16", np.int16, 1)])
/Library/Frameworks/Python.framework/Versions/3.7/lib/python3.7/site-packages/tensorflow/python/framework/dtypes.py:519: FutureWarning: Passing (type, 1) or '1type' as a synonym of type is deprecated; in a future version of numpy, it will be understood as (type, (1,)) / '(1,)type'.
  _np_quint16 = np.dtype([("quint16", np.uint16, 1)])
/Library/Frameworks/Python.framework/Versions/3.7/lib/python3.7/site-packages/tensorflow/python/framework/dtypes.py:520: FutureWarning: Passing (type, 1) or '1type' as a synonym of type is deprecated; in a future version of numpy, it will be understood as (type, (1,)) / '(1,)type'.
  _np_qint32 = np.dtype([("qint32", np.int32, 1)])
/Library/Frameworks/Python.framework/Versions/3.7/lib/python3.7/site-packages/tensorflow/python/framework/dtypes.py:525: FutureWarning: Passing (type, 1) or '1type' as a synonym of type is deprecated; in a future version of numpy, it will be understood as (type, (1,)) / '(1,)type'.
  np_resource = np.dtype([("resource", np.ubyte, 1)])
/Library/Frameworks/Python.framework/Versions/3.7/lib/python3.7/site-packages/tensorboard/compat/tensorflow_stub/dtypes.py:541: FutureWarning: Passing (type, 1) or '1type' as a synonym of type is deprecated; in a future version of numpy, it will be understood as (type, (1,)) / '(1,)type'.
  _np_qint8 = np.dtype([("qint8", np.int8, 1)])
/Library/Frameworks/Python.framework/Versions/3.7/lib/python3.7/site-packages/tensorboard/compat/tensorflow_stub/dtypes.py:542: FutureWarning: Passing (type, 1) or '1type' as a synonym of type is deprecated; in a future version of numpy, it will be understood as (type, (1,)) / '(1,)type'.
  _np_quint8 = np.dtype([("quint8", np.uint8, 1)])
/Library/Frameworks/Python.framework/Versions/3.7/lib/python3.7/site-packages/tensorboard/compat/tensorflow_stub/dtypes.py:543: FutureWarning: Passing (type, 1) or '1type' as a synonym of type is deprecated; in a future version of numpy, it will be understood as (type, (1,)) / '(1,)type'.
  _np_qint16 = np.dtype([("qint16", np.int16, 1)])
/Library/Frameworks/Python.framework/Versions/3.7/lib/python3.7/site-packages/tensorboard/compat/tensorflow_stub/dtypes.py:544: FutureWarning: Passing (type, 1) or '1type' as a synonym of type is deprecated; in a future version of numpy, it will be understood as (type, (1,)) / '(1,)type'.
  _np_quint16 = np.dtype([("quint16", np.uint16, 1)])
/Library/Frameworks/Python.framework/Versions/3.7/lib/python3.7/site-packages/tensorboard/compat/tensorflow_stub/dtypes.py:545: FutureWarning: Passing (type, 1) or '1type' as a synonym of type is deprecated; in a future version of numpy, it will be understood as (type, (1,)) / '(1,)type'.
  _np_qint32 = np.dtype([("qint32", np.int32, 1)])
/Library/Frameworks/Python.framework/Versions/3.7/lib/python3.7/site-packages/tensorboard/compat/tensorflow_stub/dtypes.py:550: FutureWarning: Passing (type, 1) or '1type' as a synonym of type is deprecated; in a future version of numpy, it will be understood as (type, (1,)) / '(1,)type'.
  np_resource = np.dtype([("resource", np.ubyte, 1)])
WARNING:tensorflow:From /Users/dbusaba2/affinity_2D/tensorflow-for-poets-2/scripts/retrain.py:1326: The name tf.app.run is deprecated. Please use tf.compat.v1.app.run instead.

WARNING:tensorflow:From /Users/dbusaba2/affinity_2D/tensorflow-for-poets-2/scripts/retrain.py:970: The name tf.logging.set_verbosity is deprecated. Please use tf.compat.v1.logging.set_verbosity instead.

W1009 17:38:46.921181 4547376576 deprecation_wrapper.py:119] From /Users/dbusaba2/affinity_2D/tensorflow-for-poets-2/scripts/retrain.py:970: The name tf.logging.set_verbosity is deprecated. Please use tf.compat.v1.logging.set_verbosity instead.

WARNING:tensorflow:From /Users/dbusaba2/affinity_2D/tensorflow-for-poets-2/scripts/retrain.py:970: The name tf.logging.INFO is deprecated. Please use tf.compat.v1.logging.INFO instead.

W1009 17:38:46.921314 4547376576 deprecation_wrapper.py:119] From /Users/dbusaba2/affinity_2D/tensorflow-for-poets-2/scripts/retrain.py:970: The name tf.logging.INFO is deprecated. Please use tf.compat.v1.logging.INFO instead.

WARNING:tensorflow:From /Users/dbusaba2/affinity_2D/tensorflow-for-poets-2/scripts/retrain.py:835: The name tf.gfile.Exists is deprecated. Please use tf.io.gfile.exists instead.

W1009 17:38:46.921397 4547376576 deprecation_wrapper.py:119] From /Users/dbusaba2/affinity_2D/tensorflow-for-poets-2/scripts/retrain.py:835: The name tf.gfile.Exists is deprecated. Please use tf.io.gfile.exists instead.

WARNING:tensorflow:From /Users/dbusaba2/affinity_2D/tensorflow-for-poets-2/scripts/retrain.py:836: The name tf.gfile.DeleteRecursively is deprecated. Please use tf.io.gfile.rmtree instead.

W1009 17:38:46.921489 4547376576 deprecation_wrapper.py:119] From /Users/dbusaba2/affinity_2D/tensorflow-for-poets-2/scripts/retrain.py:836: The name tf.gfile.DeleteRecursively is deprecated. Please use tf.io.gfile.rmtree instead.

WARNING:tensorflow:From /Users/dbusaba2/affinity_2D/tensorflow-for-poets-2/scripts/retrain.py:837: The name tf.gfile.MakeDirs is deprecated. Please use tf.io.gfile.makedirs instead.

W1009 17:38:46.927568 4547376576 deprecation_wrapper.py:119] From /Users/dbusaba2/affinity_2D/tensorflow-for-poets-2/scripts/retrain.py:837: The name tf.gfile.MakeDirs is deprecated. Please use tf.io.gfile.makedirs instead.

WARNING:tensorflow:From /Users/dbusaba2/affinity_2D/tensorflow-for-poets-2/scripts/retrain.py:274: FastGFile.__init__ (from tensorflow.python.platform.gfile) is deprecated and will be removed in a future version.
Instructions for updating:
Use tf.gfile.GFile.
W1009 17:38:47.494952 4547376576 deprecation.py:323] From /Users/dbusaba2/affinity_2D/tensorflow-for-poets-2/scripts/retrain.py:274: FastGFile.__init__ (from tensorflow.python.platform.gfile) is deprecated and will be removed in a future version.
Instructions for updating:
Use tf.gfile.GFile.
WARNING:tensorflow:From /Users/dbusaba2/affinity_2D/tensorflow-for-poets-2/scripts/retrain.py:275: The name tf.GraphDef is deprecated. Please use tf.compat.v1.GraphDef instead.

W1009 17:38:47.495126 4547376576 deprecation_wrapper.py:119] From /Users/dbusaba2/affinity_2D/tensorflow-for-poets-2/scripts/retrain.py:275: The name tf.GraphDef is deprecated. Please use tf.compat.v1.GraphDef instead.

2019-10-09 17:38:47.757715: W tensorflow/core/framework/op_def_util.cc:357] Op BatchNormWithGlobalNormalization is deprecated. It will cease to work in GraphDef version 9. Use tf.nn.batch_normalization().
WARNING:tensorflow:From /Users/dbusaba2/affinity_2D/tensorflow-for-poets-2/scripts/retrain.py:156: The name tf.logging.info is deprecated. Please use tf.compat.v1.logging.info instead.

W1009 17:38:47.944698 4547376576 deprecation_wrapper.py:119] From /Users/dbusaba2/affinity_2D/tensorflow-for-poets-2/scripts/retrain.py:156: The name tf.logging.info is deprecated. Please use tf.compat.v1.logging.info instead.

INFO:tensorflow:Looking for images in 'Abnormal'
I1009 17:38:47.944832 4547376576 retrain.py:156] Looking for images in 'Abnormal'
INFO:tensorflow:Looking for images in 'Normal'
I1009 17:38:47.949306 4547376576 retrain.py:156] Looking for images in 'Normal'
WARNING:tensorflow:From /Users/dbusaba2/affinity_2D/tensorflow-for-poets-2/scripts/retrain.py:1004: The name tf.Session is deprecated. Please use tf.compat.v1.Session instead.

W1009 17:38:47.955144 4547376576 deprecation_wrapper.py:119] From /Users/dbusaba2/affinity_2D/tensorflow-for-poets-2/scripts/retrain.py:1004: The name tf.Session is deprecated. Please use tf.compat.v1.Session instead.

2019-10-09 17:38:47.955393: I tensorflow/core/platform/cpu_feature_guard.cc:142] Your CPU supports instructions that this TensorFlow binary was not compiled to use: AVX2 FMA
WARNING:tensorflow:From /Users/dbusaba2/affinity_2D/tensorflow-for-poets-2/scripts/retrain.py:954: The name tf.placeholder is deprecated. Please use tf.compat.v1.placeholder instead.

W1009 17:38:47.955717 4547376576 deprecation_wrapper.py:119] From /Users/dbusaba2/affinity_2D/tensorflow-for-poets-2/scripts/retrain.py:954: The name tf.placeholder is deprecated. Please use tf.compat.v1.placeholder instead.

WARNING:tensorflow:From /Users/dbusaba2/affinity_2D/tensorflow-for-poets-2/scripts/retrain.py:960: The name tf.image.resize_bilinear is deprecated. Please use tf.compat.v1.image.resize_bilinear instead.

W1009 17:38:47.958400 4547376576 deprecation_wrapper.py:119] From /Users/dbusaba2/affinity_2D/tensorflow-for-poets-2/scripts/retrain.py:960: The name tf.image.resize_bilinear is deprecated. Please use tf.compat.v1.image.resize_bilinear instead.

INFO:tensorflow:100 bottleneck files created.
I1009 17:38:48.007668 4547376576 retrain.py:481] 100 bottleneck files created.
INFO:tensorflow:200 bottleneck files created.
I1009 17:38:48.055042 4547376576 retrain.py:481] 200 bottleneck files created.
INFO:tensorflow:300 bottleneck files created.
I1009 17:38:48.101102 4547376576 retrain.py:481] 300 bottleneck files created.
WARNING:tensorflow:From /Users/dbusaba2/affinity_2D/tensorflow-for-poets-2/scripts/retrain.py:758: The name tf.placeholder_with_default is deprecated. Please use tf.compat.v1.placeholder_with_default instead.

W1009 17:38:48.112666 4547376576 deprecation_wrapper.py:119] From /Users/dbusaba2/affinity_2D/tensorflow-for-poets-2/scripts/retrain.py:758: The name tf.placeholder_with_default is deprecated. Please use tf.compat.v1.placeholder_with_default instead.

WARNING:tensorflow:From /Users/dbusaba2/affinity_2D/tensorflow-for-poets-2/scripts/retrain.py:772: The name tf.truncated_normal is deprecated. Please use tf.random.truncated_normal instead.

W1009 17:38:48.114194 4547376576 deprecation_wrapper.py:119] From /Users/dbusaba2/affinity_2D/tensorflow-for-poets-2/scripts/retrain.py:772: The name tf.truncated_normal is deprecated. Please use tf.random.truncated_normal instead.

WARNING:tensorflow:From /Users/dbusaba2/affinity_2D/tensorflow-for-poets-2/scripts/retrain.py:726: The name tf.summary.scalar is deprecated. Please use tf.compat.v1.summary.scalar instead.

W1009 17:38:48.120738 4547376576 deprecation_wrapper.py:119] From /Users/dbusaba2/affinity_2D/tensorflow-for-poets-2/scripts/retrain.py:726: The name tf.summary.scalar is deprecated. Please use tf.compat.v1.summary.scalar instead.

WARNING:tensorflow:From /Users/dbusaba2/affinity_2D/tensorflow-for-poets-2/scripts/retrain.py:732: The name tf.summary.histogram is deprecated. Please use tf.compat.v1.summary.histogram instead.

W1009 17:38:48.129611 4547376576 deprecation_wrapper.py:119] From /Users/dbusaba2/affinity_2D/tensorflow-for-poets-2/scripts/retrain.py:732: The name tf.summary.histogram is deprecated. Please use tf.compat.v1.summary.histogram instead.

WARNING:tensorflow:From /Users/dbusaba2/affinity_2D/tensorflow-for-poets-2/scripts/retrain.py:790: softmax_cross_entropy_with_logits (from tensorflow.python.ops.nn_ops) is deprecated and will be removed in a future version.
Instructions for updating:

Future major versions of TensorFlow will allow gradients to flow
into the labels input on backprop by default.

See `tf.nn.softmax_cross_entropy_with_logits_v2`.

W1009 17:38:48.146631 4547376576 deprecation.py:323] From /Users/dbusaba2/affinity_2D/tensorflow-for-poets-2/scripts/retrain.py:790: softmax_cross_entropy_with_logits (from tensorflow.python.ops.nn_ops) is deprecated and will be removed in a future version.
Instructions for updating:

Future major versions of TensorFlow will allow gradients to flow
into the labels input on backprop by default.

See `tf.nn.softmax_cross_entropy_with_logits_v2`.

WARNING:tensorflow:From /Users/dbusaba2/affinity_2D/tensorflow-for-poets-2/scripts/retrain.py:796: The name tf.train.GradientDescentOptimizer is deprecated. Please use tf.compat.v1.train.GradientDescentOptimizer instead.

W1009 17:38:48.160934 4547376576 deprecation_wrapper.py:119] From /Users/dbusaba2/affinity_2D/tensorflow-for-poets-2/scripts/retrain.py:796: The name tf.train.GradientDescentOptimizer is deprecated. Please use tf.compat.v1.train.GradientDescentOptimizer instead.

WARNING:tensorflow:From /Users/dbusaba2/affinity_2D/tensorflow-for-poets-2/scripts/retrain.py:1038: The name tf.summary.merge_all is deprecated. Please use tf.compat.v1.summary.merge_all instead.

W1009 17:38:48.191228 4547376576 deprecation_wrapper.py:119] From /Users/dbusaba2/affinity_2D/tensorflow-for-poets-2/scripts/retrain.py:1038: The name tf.summary.merge_all is deprecated. Please use tf.compat.v1.summary.merge_all instead.

WARNING:tensorflow:From /Users/dbusaba2/affinity_2D/tensorflow-for-poets-2/scripts/retrain.py:1039: The name tf.summary.FileWriter is deprecated. Please use tf.compat.v1.summary.FileWriter instead.

W1009 17:38:48.192016 4547376576 deprecation_wrapper.py:119] From /Users/dbusaba2/affinity_2D/tensorflow-for-poets-2/scripts/retrain.py:1039: The name tf.summary.FileWriter is deprecated. Please use tf.compat.v1.summary.FileWriter instead.

INFO:tensorflow:2019-10-09 17:38:54.641051: Step 0: Train accuracy = 74.0%
I1009 17:38:54.641113 4547376576 retrain.py:1082] 2019-10-09 17:38:54.641051: Step 0: Train accuracy = 74.0%
INFO:tensorflow:2019-10-09 17:38:54.641233: Step 0: Cross entropy = 0.673898
I1009 17:38:54.641244 4547376576 retrain.py:1084] 2019-10-09 17:38:54.641233: Step 0: Cross entropy = 0.673898
INFO:tensorflow:2019-10-09 17:38:57.067864: Step 0: Validation accuracy = 65.0% (N=100)
I1009 17:38:57.067913 4547376576 retrain.py:1100] 2019-10-09 17:38:57.067864: Step 0: Validation accuracy = 65.0% (N=100)
INFO:tensorflow:2019-10-09 17:38:57.622546: Step 10: Train accuracy = 66.0%
I1009 17:38:57.622592 4547376576 retrain.py:1082] 2019-10-09 17:38:57.622546: Step 10: Train accuracy = 66.0%
INFO:tensorflow:2019-10-09 17:38:57.622702: Step 10: Cross entropy = 0.612209
I1009 17:38:57.622714 4547376576 retrain.py:1084] 2019-10-09 17:38:57.622702: Step 10: Cross entropy = 0.612209
INFO:tensorflow:2019-10-09 17:38:57.678950: Step 10: Validation accuracy = 35.0% (N=100)
I1009 17:38:57.678996 4547376576 retrain.py:1100] 2019-10-09 17:38:57.678950: Step 10: Validation accuracy = 35.0% (N=100)
INFO:tensorflow:2019-10-09 17:38:58.228334: Step 20: Train accuracy = 73.0%
I1009 17:38:58.228378 4547376576 retrain.py:1082] 2019-10-09 17:38:58.228334: Step 20: Train accuracy = 73.0%
INFO:tensorflow:2019-10-09 17:38:58.228501: Step 20: Cross entropy = 0.595413
I1009 17:38:58.228529 4547376576 retrain.py:1084] 2019-10-09 17:38:58.228501: Step 20: Cross entropy = 0.595413
INFO:tensorflow:2019-10-09 17:38:58.284179: Step 20: Validation accuracy = 42.0% (N=100)
I1009 17:38:58.284227 4547376576 retrain.py:1100] 2019-10-09 17:38:58.284179: Step 20: Validation accuracy = 42.0% (N=100)
INFO:tensorflow:2019-10-09 17:38:58.834253: Step 30: Train accuracy = 68.0%
I1009 17:38:58.834298 4547376576 retrain.py:1082] 2019-10-09 17:38:58.834253: Step 30: Train accuracy = 68.0%
INFO:tensorflow:2019-10-09 17:38:58.834405: Step 30: Cross entropy = 0.576585
I1009 17:38:58.834416 4547376576 retrain.py:1084] 2019-10-09 17:38:58.834405: Step 30: Cross entropy = 0.576585
INFO:tensorflow:2019-10-09 17:38:58.889963: Step 30: Validation accuracy = 39.0% (N=100)
I1009 17:38:58.890013 4547376576 retrain.py:1100] 2019-10-09 17:38:58.889963: Step 30: Validation accuracy = 39.0% (N=100)
INFO:tensorflow:2019-10-09 17:38:59.440501: Step 40: Train accuracy = 71.0%
I1009 17:38:59.440545 4547376576 retrain.py:1082] 2019-10-09 17:38:59.440501: Step 40: Train accuracy = 71.0%
INFO:tensorflow:2019-10-09 17:38:59.440653: Step 40: Cross entropy = 0.578768
I1009 17:38:59.440666 4547376576 retrain.py:1084] 2019-10-09 17:38:59.440653: Step 40: Cross entropy = 0.578768
INFO:tensorflow:2019-10-09 17:38:59.496045: Step 40: Validation accuracy = 53.0% (N=100)
I1009 17:38:59.496093 4547376576 retrain.py:1100] 2019-10-09 17:38:59.496045: Step 40: Validation accuracy = 53.0% (N=100)
INFO:tensorflow:2019-10-09 17:39:00.045607: Step 50: Train accuracy = 68.0%
I1009 17:39:00.045650 4547376576 retrain.py:1082] 2019-10-09 17:39:00.045607: Step 50: Train accuracy = 68.0%
INFO:tensorflow:2019-10-09 17:39:00.045757: Step 50: Cross entropy = 0.565452
I1009 17:39:00.045768 4547376576 retrain.py:1084] 2019-10-09 17:39:00.045757: Step 50: Cross entropy = 0.565452
INFO:tensorflow:2019-10-09 17:39:00.101411: Step 50: Validation accuracy = 34.0% (N=100)
I1009 17:39:00.101460 4547376576 retrain.py:1100] 2019-10-09 17:39:00.101411: Step 50: Validation accuracy = 34.0% (N=100)
INFO:tensorflow:2019-10-09 17:39:00.650680: Step 60: Train accuracy = 68.0%
I1009 17:39:00.650724 4547376576 retrain.py:1082] 2019-10-09 17:39:00.650680: Step 60: Train accuracy = 68.0%
INFO:tensorflow:2019-10-09 17:39:00.650829: Step 60: Cross entropy = 0.594857
I1009 17:39:00.650840 4547376576 retrain.py:1084] 2019-10-09 17:39:00.650829: Step 60: Cross entropy = 0.594857
INFO:tensorflow:2019-10-09 17:39:00.706209: Step 60: Validation accuracy = 39.0% (N=100)
I1009 17:39:00.706257 4547376576 retrain.py:1100] 2019-10-09 17:39:00.706209: Step 60: Validation accuracy = 39.0% (N=100)
INFO:tensorflow:2019-10-09 17:39:01.255761: Step 70: Train accuracy = 75.0%
I1009 17:39:01.255806 4547376576 retrain.py:1082] 2019-10-09 17:39:01.255761: Step 70: Train accuracy = 75.0%
INFO:tensorflow:2019-10-09 17:39:01.255914: Step 70: Cross entropy = 0.508675
I1009 17:39:01.255926 4547376576 retrain.py:1084] 2019-10-09 17:39:01.255914: Step 70: Cross entropy = 0.508675
INFO:tensorflow:2019-10-09 17:39:01.311690: Step 70: Validation accuracy = 43.0% (N=100)
I1009 17:39:01.311738 4547376576 retrain.py:1100] 2019-10-09 17:39:01.311690: Step 70: Validation accuracy = 43.0% (N=100)
INFO:tensorflow:2019-10-09 17:39:01.862207: Step 80: Train accuracy = 76.0%
I1009 17:39:01.862252 4547376576 retrain.py:1082] 2019-10-09 17:39:01.862207: Step 80: Train accuracy = 76.0%
INFO:tensorflow:2019-10-09 17:39:01.862360: Step 80: Cross entropy = 0.493126
I1009 17:39:01.862370 4547376576 retrain.py:1084] 2019-10-09 17:39:01.862360: Step 80: Cross entropy = 0.493126
INFO:tensorflow:2019-10-09 17:39:01.917898: Step 80: Validation accuracy = 47.0% (N=100)
I1009 17:39:01.917948 4547376576 retrain.py:1100] 2019-10-09 17:39:01.917898: Step 80: Validation accuracy = 47.0% (N=100)
INFO:tensorflow:2019-10-09 17:39:02.469268: Step 90: Train accuracy = 74.0%
I1009 17:39:02.469314 4547376576 retrain.py:1082] 2019-10-09 17:39:02.469268: Step 90: Train accuracy = 74.0%
INFO:tensorflow:2019-10-09 17:39:02.469423: Step 90: Cross entropy = 0.517918
I1009 17:39:02.469434 4547376576 retrain.py:1084] 2019-10-09 17:39:02.469423: Step 90: Cross entropy = 0.517918
INFO:tensorflow:2019-10-09 17:39:02.525108: Step 90: Validation accuracy = 26.0% (N=100)
I1009 17:39:02.525157 4547376576 retrain.py:1100] 2019-10-09 17:39:02.525108: Step 90: Validation accuracy = 26.0% (N=100)
INFO:tensorflow:2019-10-09 17:39:03.075146: Step 100: Train accuracy = 79.0%
I1009 17:39:03.075191 4547376576 retrain.py:1082] 2019-10-09 17:39:03.075146: Step 100: Train accuracy = 79.0%
INFO:tensorflow:2019-10-09 17:39:03.075300: Step 100: Cross entropy = 0.487033
I1009 17:39:03.075311 4547376576 retrain.py:1084] 2019-10-09 17:39:03.075300: Step 100: Cross entropy = 0.487033
INFO:tensorflow:2019-10-09 17:39:03.131125: Step 100: Validation accuracy = 32.0% (N=100)
I1009 17:39:03.131173 4547376576 retrain.py:1100] 2019-10-09 17:39:03.131125: Step 100: Validation accuracy = 32.0% (N=100)
INFO:tensorflow:2019-10-09 17:39:03.681155: Step 110: Train accuracy = 78.0%
I1009 17:39:03.681199 4547376576 retrain.py:1082] 2019-10-09 17:39:03.681155: Step 110: Train accuracy = 78.0%
INFO:tensorflow:2019-10-09 17:39:03.681307: Step 110: Cross entropy = 0.491756
I1009 17:39:03.681317 4547376576 retrain.py:1084] 2019-10-09 17:39:03.681307: Step 110: Cross entropy = 0.491756
INFO:tensorflow:2019-10-09 17:39:03.736891: Step 110: Validation accuracy = 44.0% (N=100)
I1009 17:39:03.736940 4547376576 retrain.py:1100] 2019-10-09 17:39:03.736891: Step 110: Validation accuracy = 44.0% (N=100)
INFO:tensorflow:2019-10-09 17:39:04.287052: Step 120: Train accuracy = 76.0%
I1009 17:39:04.287096 4547376576 retrain.py:1082] 2019-10-09 17:39:04.287052: Step 120: Train accuracy = 76.0%
INFO:tensorflow:2019-10-09 17:39:04.287204: Step 120: Cross entropy = 0.476320
I1009 17:39:04.287214 4547376576 retrain.py:1084] 2019-10-09 17:39:04.287204: Step 120: Cross entropy = 0.476320
INFO:tensorflow:2019-10-09 17:39:04.343394: Step 120: Validation accuracy = 27.0% (N=100)
I1009 17:39:04.343443 4547376576 retrain.py:1100] 2019-10-09 17:39:04.343394: Step 120: Validation accuracy = 27.0% (N=100)
INFO:tensorflow:2019-10-09 17:39:04.893526: Step 130: Train accuracy = 84.0%
I1009 17:39:04.893571 4547376576 retrain.py:1082] 2019-10-09 17:39:04.893526: Step 130: Train accuracy = 84.0%
INFO:tensorflow:2019-10-09 17:39:04.893679: Step 130: Cross entropy = 0.436055
I1009 17:39:04.893690 4547376576 retrain.py:1084] 2019-10-09 17:39:04.893679: Step 130: Cross entropy = 0.436055
INFO:tensorflow:2019-10-09 17:39:04.949454: Step 130: Validation accuracy = 36.0% (N=100)
I1009 17:39:04.949501 4547376576 retrain.py:1100] 2019-10-09 17:39:04.949454: Step 130: Validation accuracy = 36.0% (N=100)
INFO:tensorflow:2019-10-09 17:39:05.499993: Step 140: Train accuracy = 84.0%
I1009 17:39:05.500038 4547376576 retrain.py:1082] 2019-10-09 17:39:05.499993: Step 140: Train accuracy = 84.0%
INFO:tensorflow:2019-10-09 17:39:05.500147: Step 140: Cross entropy = 0.448167
I1009 17:39:05.500157 4547376576 retrain.py:1084] 2019-10-09 17:39:05.500147: Step 140: Cross entropy = 0.448167
INFO:tensorflow:2019-10-09 17:39:05.555827: Step 140: Validation accuracy = 27.0% (N=100)
I1009 17:39:05.555875 4547376576 retrain.py:1100] 2019-10-09 17:39:05.555827: Step 140: Validation accuracy = 27.0% (N=100)
INFO:tensorflow:2019-10-09 17:39:06.105840: Step 150: Train accuracy = 81.0%
I1009 17:39:06.105885 4547376576 retrain.py:1082] 2019-10-09 17:39:06.105840: Step 150: Train accuracy = 81.0%
INFO:tensorflow:2019-10-09 17:39:06.105996: Step 150: Cross entropy = 0.447152
I1009 17:39:06.106008 4547376576 retrain.py:1084] 2019-10-09 17:39:06.105996: Step 150: Cross entropy = 0.447152
INFO:tensorflow:2019-10-09 17:39:06.161501: Step 150: Validation accuracy = 37.0% (N=100)
I1009 17:39:06.161548 4547376576 retrain.py:1100] 2019-10-09 17:39:06.161501: Step 150: Validation accuracy = 37.0% (N=100)
INFO:tensorflow:2019-10-09 17:39:06.712179: Step 160: Train accuracy = 79.0%
I1009 17:39:06.712224 4547376576 retrain.py:1082] 2019-10-09 17:39:06.712179: Step 160: Train accuracy = 79.0%
INFO:tensorflow:2019-10-09 17:39:06.712332: Step 160: Cross entropy = 0.473567
I1009 17:39:06.712358 4547376576 retrain.py:1084] 2019-10-09 17:39:06.712332: Step 160: Cross entropy = 0.473567
INFO:tensorflow:2019-10-09 17:39:06.767844: Step 160: Validation accuracy = 46.0% (N=100)
I1009 17:39:06.767894 4547376576 retrain.py:1100] 2019-10-09 17:39:06.767844: Step 160: Validation accuracy = 46.0% (N=100)
INFO:tensorflow:2019-10-09 17:39:07.319100: Step 170: Train accuracy = 81.0%
I1009 17:39:07.319147 4547376576 retrain.py:1082] 2019-10-09 17:39:07.319100: Step 170: Train accuracy = 81.0%
INFO:tensorflow:2019-10-09 17:39:07.319256: Step 170: Cross entropy = 0.426159
I1009 17:39:07.319267 4547376576 retrain.py:1084] 2019-10-09 17:39:07.319256: Step 170: Cross entropy = 0.426159
INFO:tensorflow:2019-10-09 17:39:07.375422: Step 170: Validation accuracy = 45.0% (N=100)
I1009 17:39:07.375471 4547376576 retrain.py:1100] 2019-10-09 17:39:07.375422: Step 170: Validation accuracy = 45.0% (N=100)
INFO:tensorflow:2019-10-09 17:39:07.926378: Step 180: Train accuracy = 80.0%
I1009 17:39:07.926424 4547376576 retrain.py:1082] 2019-10-09 17:39:07.926378: Step 180: Train accuracy = 80.0%
INFO:tensorflow:2019-10-09 17:39:07.926533: Step 180: Cross entropy = 0.469048
I1009 17:39:07.926542 4547376576 retrain.py:1084] 2019-10-09 17:39:07.926533: Step 180: Cross entropy = 0.469048
INFO:tensorflow:2019-10-09 17:39:07.982214: Step 180: Validation accuracy = 20.0% (N=100)
I1009 17:39:07.982264 4547376576 retrain.py:1100] 2019-10-09 17:39:07.982214: Step 180: Validation accuracy = 20.0% (N=100)
INFO:tensorflow:2019-10-09 17:39:08.532704: Step 190: Train accuracy = 78.0%
I1009 17:39:08.532748 4547376576 retrain.py:1082] 2019-10-09 17:39:08.532704: Step 190: Train accuracy = 78.0%
INFO:tensorflow:2019-10-09 17:39:08.532858: Step 190: Cross entropy = 0.481040
I1009 17:39:08.532869 4547376576 retrain.py:1084] 2019-10-09 17:39:08.532858: Step 190: Cross entropy = 0.481040
INFO:tensorflow:2019-10-09 17:39:08.588489: Step 190: Validation accuracy = 27.0% (N=100)
I1009 17:39:08.588536 4547376576 retrain.py:1100] 2019-10-09 17:39:08.588489: Step 190: Validation accuracy = 27.0% (N=100)
INFO:tensorflow:2019-10-09 17:39:09.140612: Step 200: Train accuracy = 82.0%
I1009 17:39:09.140656 4547376576 retrain.py:1082] 2019-10-09 17:39:09.140612: Step 200: Train accuracy = 82.0%
INFO:tensorflow:2019-10-09 17:39:09.140763: Step 200: Cross entropy = 0.419549
I1009 17:39:09.140773 4547376576 retrain.py:1084] 2019-10-09 17:39:09.140763: Step 200: Cross entropy = 0.419549
INFO:tensorflow:2019-10-09 17:39:09.196311: Step 200: Validation accuracy = 47.0% (N=100)
I1009 17:39:09.196361 4547376576 retrain.py:1100] 2019-10-09 17:39:09.196311: Step 200: Validation accuracy = 47.0% (N=100)
INFO:tensorflow:2019-10-09 17:39:09.754406: Step 210: Train accuracy = 85.0%
I1009 17:39:09.754452 4547376576 retrain.py:1082] 2019-10-09 17:39:09.754406: Step 210: Train accuracy = 85.0%
INFO:tensorflow:2019-10-09 17:39:09.754559: Step 210: Cross entropy = 0.443345
I1009 17:39:09.754569 4547376576 retrain.py:1084] 2019-10-09 17:39:09.754559: Step 210: Cross entropy = 0.443345
INFO:tensorflow:2019-10-09 17:39:09.810729: Step 210: Validation accuracy = 35.0% (N=100)
I1009 17:39:09.810778 4547376576 retrain.py:1100] 2019-10-09 17:39:09.810729: Step 210: Validation accuracy = 35.0% (N=100)
INFO:tensorflow:2019-10-09 17:39:10.366287: Step 220: Train accuracy = 88.0%
I1009 17:39:10.366334 4547376576 retrain.py:1082] 2019-10-09 17:39:10.366287: Step 220: Train accuracy = 88.0%
INFO:tensorflow:2019-10-09 17:39:10.366450: Step 220: Cross entropy = 0.374730
I1009 17:39:10.366462 4547376576 retrain.py:1084] 2019-10-09 17:39:10.366450: Step 220: Cross entropy = 0.374730
INFO:tensorflow:2019-10-09 17:39:10.422971: Step 220: Validation accuracy = 28.0% (N=100)
I1009 17:39:10.423022 4547376576 retrain.py:1100] 2019-10-09 17:39:10.422971: Step 220: Validation accuracy = 28.0% (N=100)
INFO:tensorflow:2019-10-09 17:39:10.978182: Step 230: Train accuracy = 90.0%
I1009 17:39:10.978226 4547376576 retrain.py:1082] 2019-10-09 17:39:10.978182: Step 230: Train accuracy = 90.0%
INFO:tensorflow:2019-10-09 17:39:10.978335: Step 230: Cross entropy = 0.362082
I1009 17:39:10.978345 4547376576 retrain.py:1084] 2019-10-09 17:39:10.978335: Step 230: Cross entropy = 0.362082
INFO:tensorflow:2019-10-09 17:39:11.034390: Step 230: Validation accuracy = 39.0% (N=100)
I1009 17:39:11.034440 4547376576 retrain.py:1100] 2019-10-09 17:39:11.034390: Step 230: Validation accuracy = 39.0% (N=100)
INFO:tensorflow:2019-10-09 17:39:11.589145: Step 240: Train accuracy = 88.0%
I1009 17:39:11.589191 4547376576 retrain.py:1082] 2019-10-09 17:39:11.589145: Step 240: Train accuracy = 88.0%
INFO:tensorflow:2019-10-09 17:39:11.589299: Step 240: Cross entropy = 0.360852
I1009 17:39:11.589310 4547376576 retrain.py:1084] 2019-10-09 17:39:11.589299: Step 240: Cross entropy = 0.360852
INFO:tensorflow:2019-10-09 17:39:11.645702: Step 240: Validation accuracy = 47.0% (N=100)
I1009 17:39:11.645794 4547376576 retrain.py:1100] 2019-10-09 17:39:11.645702: Step 240: Validation accuracy = 47.0% (N=100)
INFO:tensorflow:2019-10-09 17:39:12.200108: Step 250: Train accuracy = 86.0%
I1009 17:39:12.200163 4547376576 retrain.py:1082] 2019-10-09 17:39:12.200108: Step 250: Train accuracy = 86.0%
INFO:tensorflow:2019-10-09 17:39:12.200316: Step 250: Cross entropy = 0.386810
I1009 17:39:12.200333 4547376576 retrain.py:1084] 2019-10-09 17:39:12.200316: Step 250: Cross entropy = 0.386810
INFO:tensorflow:2019-10-09 17:39:12.256252: Step 250: Validation accuracy = 35.0% (N=100)
I1009 17:39:12.256302 4547376576 retrain.py:1100] 2019-10-09 17:39:12.256252: Step 250: Validation accuracy = 35.0% (N=100)
INFO:tensorflow:2019-10-09 17:39:12.810581: Step 260: Train accuracy = 87.0%
I1009 17:39:12.810626 4547376576 retrain.py:1082] 2019-10-09 17:39:12.810581: Step 260: Train accuracy = 87.0%
INFO:tensorflow:2019-10-09 17:39:12.810735: Step 260: Cross entropy = 0.410988
I1009 17:39:12.810746 4547376576 retrain.py:1084] 2019-10-09 17:39:12.810735: Step 260: Cross entropy = 0.410988
INFO:tensorflow:2019-10-09 17:39:12.868537: Step 260: Validation accuracy = 36.0% (N=100)
I1009 17:39:12.868587 4547376576 retrain.py:1100] 2019-10-09 17:39:12.868537: Step 260: Validation accuracy = 36.0% (N=100)
INFO:tensorflow:2019-10-09 17:39:13.421378: Step 270: Train accuracy = 85.0%
I1009 17:39:13.421423 4547376576 retrain.py:1082] 2019-10-09 17:39:13.421378: Step 270: Train accuracy = 85.0%
INFO:tensorflow:2019-10-09 17:39:13.421529: Step 270: Cross entropy = 0.369133
I1009 17:39:13.421540 4547376576 retrain.py:1084] 2019-10-09 17:39:13.421529: Step 270: Cross entropy = 0.369133
INFO:tensorflow:2019-10-09 17:39:13.477435: Step 270: Validation accuracy = 37.0% (N=100)
I1009 17:39:13.477483 4547376576 retrain.py:1100] 2019-10-09 17:39:13.477435: Step 270: Validation accuracy = 37.0% (N=100)
INFO:tensorflow:2019-10-09 17:39:14.030041: Step 280: Train accuracy = 88.0%
I1009 17:39:14.030085 4547376576 retrain.py:1082] 2019-10-09 17:39:14.030041: Step 280: Train accuracy = 88.0%
INFO:tensorflow:2019-10-09 17:39:14.030192: Step 280: Cross entropy = 0.376434
I1009 17:39:14.030202 4547376576 retrain.py:1084] 2019-10-09 17:39:14.030192: Step 280: Cross entropy = 0.376434
INFO:tensorflow:2019-10-09 17:39:14.086178: Step 280: Validation accuracy = 30.0% (N=100)
I1009 17:39:14.086227 4547376576 retrain.py:1100] 2019-10-09 17:39:14.086178: Step 280: Validation accuracy = 30.0% (N=100)
INFO:tensorflow:2019-10-09 17:39:14.639219: Step 290: Train accuracy = 89.0%
I1009 17:39:14.639264 4547376576 retrain.py:1082] 2019-10-09 17:39:14.639219: Step 290: Train accuracy = 89.0%
INFO:tensorflow:2019-10-09 17:39:14.639371: Step 290: Cross entropy = 0.413351
I1009 17:39:14.639383 4547376576 retrain.py:1084] 2019-10-09 17:39:14.639371: Step 290: Cross entropy = 0.413351
INFO:tensorflow:2019-10-09 17:39:14.695176: Step 290: Validation accuracy = 33.0% (N=100)
I1009 17:39:14.695226 4547376576 retrain.py:1100] 2019-10-09 17:39:14.695176: Step 290: Validation accuracy = 33.0% (N=100)
INFO:tensorflow:2019-10-09 17:39:15.247434: Step 300: Train accuracy = 84.0%
I1009 17:39:15.247480 4547376576 retrain.py:1082] 2019-10-09 17:39:15.247434: Step 300: Train accuracy = 84.0%
INFO:tensorflow:2019-10-09 17:39:15.247589: Step 300: Cross entropy = 0.405101
I1009 17:39:15.247600 4547376576 retrain.py:1084] 2019-10-09 17:39:15.247589: Step 300: Cross entropy = 0.405101
INFO:tensorflow:2019-10-09 17:39:15.303692: Step 300: Validation accuracy = 36.0% (N=100)
I1009 17:39:15.303742 4547376576 retrain.py:1100] 2019-10-09 17:39:15.303692: Step 300: Validation accuracy = 36.0% (N=100)
INFO:tensorflow:2019-10-09 17:39:15.859512: Step 310: Train accuracy = 86.0%
I1009 17:39:15.859557 4547376576 retrain.py:1082] 2019-10-09 17:39:15.859512: Step 310: Train accuracy = 86.0%
INFO:tensorflow:2019-10-09 17:39:15.859662: Step 310: Cross entropy = 0.359243
I1009 17:39:15.859673 4547376576 retrain.py:1084] 2019-10-09 17:39:15.859662: Step 310: Cross entropy = 0.359243
INFO:tensorflow:2019-10-09 17:39:15.915577: Step 310: Validation accuracy = 34.0% (N=100)
I1009 17:39:15.915629 4547376576 retrain.py:1100] 2019-10-09 17:39:15.915577: Step 310: Validation accuracy = 34.0% (N=100)
INFO:tensorflow:2019-10-09 17:39:16.469211: Step 320: Train accuracy = 82.0%
I1009 17:39:16.469255 4547376576 retrain.py:1082] 2019-10-09 17:39:16.469211: Step 320: Train accuracy = 82.0%
INFO:tensorflow:2019-10-09 17:39:16.469365: Step 320: Cross entropy = 0.415639
I1009 17:39:16.469376 4547376576 retrain.py:1084] 2019-10-09 17:39:16.469365: Step 320: Cross entropy = 0.415639
INFO:tensorflow:2019-10-09 17:39:16.525360: Step 320: Validation accuracy = 35.0% (N=100)
I1009 17:39:16.525407 4547376576 retrain.py:1100] 2019-10-09 17:39:16.525360: Step 320: Validation accuracy = 35.0% (N=100)
INFO:tensorflow:2019-10-09 17:39:17.078569: Step 330: Train accuracy = 95.0%
I1009 17:39:17.078614 4547376576 retrain.py:1082] 2019-10-09 17:39:17.078569: Step 330: Train accuracy = 95.0%
INFO:tensorflow:2019-10-09 17:39:17.078723: Step 330: Cross entropy = 0.299633
I1009 17:39:17.078734 4547376576 retrain.py:1084] 2019-10-09 17:39:17.078723: Step 330: Cross entropy = 0.299633
INFO:tensorflow:2019-10-09 17:39:17.134739: Step 330: Validation accuracy = 36.0% (N=100)
I1009 17:39:17.134787 4547376576 retrain.py:1100] 2019-10-09 17:39:17.134739: Step 330: Validation accuracy = 36.0% (N=100)
INFO:tensorflow:2019-10-09 17:39:17.686934: Step 340: Train accuracy = 88.0%
I1009 17:39:17.686980 4547376576 retrain.py:1082] 2019-10-09 17:39:17.686934: Step 340: Train accuracy = 88.0%
INFO:tensorflow:2019-10-09 17:39:17.687088: Step 340: Cross entropy = 0.331546
I1009 17:39:17.687098 4547376576 retrain.py:1084] 2019-10-09 17:39:17.687088: Step 340: Cross entropy = 0.331546
INFO:tensorflow:2019-10-09 17:39:17.742933: Step 340: Validation accuracy = 53.0% (N=100)
I1009 17:39:17.742979 4547376576 retrain.py:1100] 2019-10-09 17:39:17.742933: Step 340: Validation accuracy = 53.0% (N=100)
INFO:tensorflow:2019-10-09 17:39:18.296042: Step 350: Train accuracy = 83.0%
I1009 17:39:18.296090 4547376576 retrain.py:1082] 2019-10-09 17:39:18.296042: Step 350: Train accuracy = 83.0%
INFO:tensorflow:2019-10-09 17:39:18.296239: Step 350: Cross entropy = 0.371031
I1009 17:39:18.296260 4547376576 retrain.py:1084] 2019-10-09 17:39:18.296239: Step 350: Cross entropy = 0.371031
INFO:tensorflow:2019-10-09 17:39:18.352468: Step 350: Validation accuracy = 30.0% (N=100)
I1009 17:39:18.352528 4547376576 retrain.py:1100] 2019-10-09 17:39:18.352468: Step 350: Validation accuracy = 30.0% (N=100)
INFO:tensorflow:2019-10-09 17:39:18.904630: Step 360: Train accuracy = 80.0%
I1009 17:39:18.904674 4547376576 retrain.py:1082] 2019-10-09 17:39:18.904630: Step 360: Train accuracy = 80.0%
INFO:tensorflow:2019-10-09 17:39:18.904779: Step 360: Cross entropy = 0.396285
I1009 17:39:18.904791 4547376576 retrain.py:1084] 2019-10-09 17:39:18.904779: Step 360: Cross entropy = 0.396285
INFO:tensorflow:2019-10-09 17:39:18.960722: Step 360: Validation accuracy = 27.0% (N=100)
I1009 17:39:18.960773 4547376576 retrain.py:1100] 2019-10-09 17:39:18.960722: Step 360: Validation accuracy = 27.0% (N=100)
INFO:tensorflow:2019-10-09 17:39:19.513944: Step 370: Train accuracy = 90.0%
I1009 17:39:19.513988 4547376576 retrain.py:1082] 2019-10-09 17:39:19.513944: Step 370: Train accuracy = 90.0%
INFO:tensorflow:2019-10-09 17:39:19.514094: Step 370: Cross entropy = 0.350262
I1009 17:39:19.514105 4547376576 retrain.py:1084] 2019-10-09 17:39:19.514094: Step 370: Cross entropy = 0.350262
INFO:tensorflow:2019-10-09 17:39:19.570174: Step 370: Validation accuracy = 29.0% (N=100)
I1009 17:39:19.570222 4547376576 retrain.py:1100] 2019-10-09 17:39:19.570174: Step 370: Validation accuracy = 29.0% (N=100)
INFO:tensorflow:2019-10-09 17:39:20.122429: Step 380: Train accuracy = 91.0%
I1009 17:39:20.122473 4547376576 retrain.py:1082] 2019-10-09 17:39:20.122429: Step 380: Train accuracy = 91.0%
INFO:tensorflow:2019-10-09 17:39:20.122583: Step 380: Cross entropy = 0.295171
I1009 17:39:20.122595 4547376576 retrain.py:1084] 2019-10-09 17:39:20.122583: Step 380: Cross entropy = 0.295171
INFO:tensorflow:2019-10-09 17:39:20.178469: Step 380: Validation accuracy = 33.0% (N=100)
I1009 17:39:20.178519 4547376576 retrain.py:1100] 2019-10-09 17:39:20.178469: Step 380: Validation accuracy = 33.0% (N=100)
INFO:tensorflow:2019-10-09 17:39:20.731698: Step 390: Train accuracy = 92.0%
I1009 17:39:20.731742 4547376576 retrain.py:1082] 2019-10-09 17:39:20.731698: Step 390: Train accuracy = 92.0%
INFO:tensorflow:2019-10-09 17:39:20.731849: Step 390: Cross entropy = 0.307704
I1009 17:39:20.731859 4547376576 retrain.py:1084] 2019-10-09 17:39:20.731849: Step 390: Cross entropy = 0.307704
INFO:tensorflow:2019-10-09 17:39:20.787735: Step 390: Validation accuracy = 43.0% (N=100)
I1009 17:39:20.787785 4547376576 retrain.py:1100] 2019-10-09 17:39:20.787735: Step 390: Validation accuracy = 43.0% (N=100)
INFO:tensorflow:2019-10-09 17:39:21.340875: Step 400: Train accuracy = 89.0%
I1009 17:39:21.340919 4547376576 retrain.py:1082] 2019-10-09 17:39:21.340875: Step 400: Train accuracy = 89.0%
INFO:tensorflow:2019-10-09 17:39:21.341028: Step 400: Cross entropy = 0.336821
I1009 17:39:21.341037 4547376576 retrain.py:1084] 2019-10-09 17:39:21.341028: Step 400: Cross entropy = 0.336821
INFO:tensorflow:2019-10-09 17:39:21.397237: Step 400: Validation accuracy = 38.0% (N=100)
I1009 17:39:21.397287 4547376576 retrain.py:1100] 2019-10-09 17:39:21.397237: Step 400: Validation accuracy = 38.0% (N=100)
INFO:tensorflow:2019-10-09 17:39:21.949213: Step 410: Train accuracy = 89.0%
I1009 17:39:21.949256 4547376576 retrain.py:1082] 2019-10-09 17:39:21.949213: Step 410: Train accuracy = 89.0%
INFO:tensorflow:2019-10-09 17:39:21.949361: Step 410: Cross entropy = 0.317746
I1009 17:39:21.949373 4547376576 retrain.py:1084] 2019-10-09 17:39:21.949361: Step 410: Cross entropy = 0.317746
INFO:tensorflow:2019-10-09 17:39:22.004970: Step 410: Validation accuracy = 37.0% (N=100)
I1009 17:39:22.005019 4547376576 retrain.py:1100] 2019-10-09 17:39:22.004970: Step 410: Validation accuracy = 37.0% (N=100)
INFO:tensorflow:2019-10-09 17:39:22.556705: Step 420: Train accuracy = 86.0%
I1009 17:39:22.556751 4547376576 retrain.py:1082] 2019-10-09 17:39:22.556705: Step 420: Train accuracy = 86.0%
INFO:tensorflow:2019-10-09 17:39:22.556859: Step 420: Cross entropy = 0.386713
I1009 17:39:22.556869 4547376576 retrain.py:1084] 2019-10-09 17:39:22.556859: Step 420: Cross entropy = 0.386713
INFO:tensorflow:2019-10-09 17:39:22.612503: Step 420: Validation accuracy = 33.0% (N=100)
I1009 17:39:22.612551 4547376576 retrain.py:1100] 2019-10-09 17:39:22.612503: Step 420: Validation accuracy = 33.0% (N=100)
INFO:tensorflow:2019-10-09 17:39:23.167084: Step 430: Train accuracy = 91.0%
I1009 17:39:23.167128 4547376576 retrain.py:1082] 2019-10-09 17:39:23.167084: Step 430: Train accuracy = 91.0%
INFO:tensorflow:2019-10-09 17:39:23.167269: Step 430: Cross entropy = 0.358766
I1009 17:39:23.167287 4547376576 retrain.py:1084] 2019-10-09 17:39:23.167269: Step 430: Cross entropy = 0.358766
INFO:tensorflow:2019-10-09 17:39:23.223797: Step 430: Validation accuracy = 30.0% (N=100)
I1009 17:39:23.223844 4547376576 retrain.py:1100] 2019-10-09 17:39:23.223797: Step 430: Validation accuracy = 30.0% (N=100)
INFO:tensorflow:2019-10-09 17:39:23.779890: Step 440: Train accuracy = 86.0%
I1009 17:39:23.779936 4547376576 retrain.py:1082] 2019-10-09 17:39:23.779890: Step 440: Train accuracy = 86.0%
INFO:tensorflow:2019-10-09 17:39:23.780058: Step 440: Cross entropy = 0.389759
I1009 17:39:23.780072 4547376576 retrain.py:1084] 2019-10-09 17:39:23.780058: Step 440: Cross entropy = 0.389759
INFO:tensorflow:2019-10-09 17:39:23.836006: Step 440: Validation accuracy = 34.0% (N=100)
I1009 17:39:23.836055 4547376576 retrain.py:1100] 2019-10-09 17:39:23.836006: Step 440: Validation accuracy = 34.0% (N=100)
INFO:tensorflow:2019-10-09 17:39:24.392312: Step 450: Train accuracy = 94.0%
I1009 17:39:24.392357 4547376576 retrain.py:1082] 2019-10-09 17:39:24.392312: Step 450: Train accuracy = 94.0%
INFO:tensorflow:2019-10-09 17:39:24.392461: Step 450: Cross entropy = 0.310491
I1009 17:39:24.392472 4547376576 retrain.py:1084] 2019-10-09 17:39:24.392461: Step 450: Cross entropy = 0.310491
INFO:tensorflow:2019-10-09 17:39:24.448854: Step 450: Validation accuracy = 49.0% (N=100)
I1009 17:39:24.448905 4547376576 retrain.py:1100] 2019-10-09 17:39:24.448854: Step 450: Validation accuracy = 49.0% (N=100)
INFO:tensorflow:2019-10-09 17:39:25.007368: Step 460: Train accuracy = 86.0%
I1009 17:39:25.007412 4547376576 retrain.py:1082] 2019-10-09 17:39:25.007368: Step 460: Train accuracy = 86.0%
INFO:tensorflow:2019-10-09 17:39:25.007517: Step 460: Cross entropy = 0.361574
I1009 17:39:25.007526 4547376576 retrain.py:1084] 2019-10-09 17:39:25.007517: Step 460: Cross entropy = 0.361574
INFO:tensorflow:2019-10-09 17:39:25.064463: Step 460: Validation accuracy = 35.0% (N=100)
I1009 17:39:25.064509 4547376576 retrain.py:1100] 2019-10-09 17:39:25.064463: Step 460: Validation accuracy = 35.0% (N=100)
INFO:tensorflow:2019-10-09 17:39:25.623333: Step 470: Train accuracy = 85.0%
I1009 17:39:25.623404 4547376576 retrain.py:1082] 2019-10-09 17:39:25.623333: Step 470: Train accuracy = 85.0%
INFO:tensorflow:2019-10-09 17:39:25.623511: Step 470: Cross entropy = 0.354361
I1009 17:39:25.623522 4547376576 retrain.py:1084] 2019-10-09 17:39:25.623511: Step 470: Cross entropy = 0.354361
INFO:tensorflow:2019-10-09 17:39:25.679897: Step 470: Validation accuracy = 35.0% (N=100)
I1009 17:39:25.679944 4547376576 retrain.py:1100] 2019-10-09 17:39:25.679897: Step 470: Validation accuracy = 35.0% (N=100)
INFO:tensorflow:2019-10-09 17:39:26.237818: Step 480: Train accuracy = 85.0%
I1009 17:39:26.237862 4547376576 retrain.py:1082] 2019-10-09 17:39:26.237818: Step 480: Train accuracy = 85.0%
INFO:tensorflow:2019-10-09 17:39:26.237972: Step 480: Cross entropy = 0.350762
I1009 17:39:26.237982 4547376576 retrain.py:1084] 2019-10-09 17:39:26.237972: Step 480: Cross entropy = 0.350762
INFO:tensorflow:2019-10-09 17:39:26.294939: Step 480: Validation accuracy = 41.0% (N=100)
I1009 17:39:26.294983 4547376576 retrain.py:1100] 2019-10-09 17:39:26.294939: Step 480: Validation accuracy = 41.0% (N=100)
INFO:tensorflow:2019-10-09 17:39:26.850078: Step 490: Train accuracy = 83.0%
I1009 17:39:26.850121 4547376576 retrain.py:1082] 2019-10-09 17:39:26.850078: Step 490: Train accuracy = 83.0%
INFO:tensorflow:2019-10-09 17:39:26.850225: Step 490: Cross entropy = 0.333143
I1009 17:39:26.850234 4547376576 retrain.py:1084] 2019-10-09 17:39:26.850225: Step 490: Cross entropy = 0.333143
INFO:tensorflow:2019-10-09 17:39:26.906488: Step 490: Validation accuracy = 37.0% (N=100)
I1009 17:39:26.906535 4547376576 retrain.py:1100] 2019-10-09 17:39:26.906488: Step 490: Validation accuracy = 37.0% (N=100)
INFO:tensorflow:2019-10-09 17:39:27.463212: Step 500: Train accuracy = 92.0%
I1009 17:39:27.463256 4547376576 retrain.py:1082] 2019-10-09 17:39:27.463212: Step 500: Train accuracy = 92.0%
INFO:tensorflow:2019-10-09 17:39:27.463364: Step 500: Cross entropy = 0.295953
I1009 17:39:27.463374 4547376576 retrain.py:1084] 2019-10-09 17:39:27.463364: Step 500: Cross entropy = 0.295953
INFO:tensorflow:2019-10-09 17:39:27.520264: Step 500: Validation accuracy = 49.0% (N=100)
I1009 17:39:27.520314 4547376576 retrain.py:1100] 2019-10-09 17:39:27.520264: Step 500: Validation accuracy = 49.0% (N=100)
INFO:tensorflow:2019-10-09 17:39:28.075496: Step 510: Train accuracy = 80.0%
I1009 17:39:28.075542 4547376576 retrain.py:1082] 2019-10-09 17:39:28.075496: Step 510: Train accuracy = 80.0%
INFO:tensorflow:2019-10-09 17:39:28.075649: Step 510: Cross entropy = 0.412940
I1009 17:39:28.075659 4547376576 retrain.py:1084] 2019-10-09 17:39:28.075649: Step 510: Cross entropy = 0.412940
INFO:tensorflow:2019-10-09 17:39:28.132064: Step 510: Validation accuracy = 41.0% (N=100)
I1009 17:39:28.132111 4547376576 retrain.py:1100] 2019-10-09 17:39:28.132064: Step 510: Validation accuracy = 41.0% (N=100)
INFO:tensorflow:2019-10-09 17:39:28.688599: Step 520: Train accuracy = 92.0%
I1009 17:39:28.688644 4547376576 retrain.py:1082] 2019-10-09 17:39:28.688599: Step 520: Train accuracy = 92.0%
INFO:tensorflow:2019-10-09 17:39:28.688751: Step 520: Cross entropy = 0.302201
I1009 17:39:28.688762 4547376576 retrain.py:1084] 2019-10-09 17:39:28.688751: Step 520: Cross entropy = 0.302201
INFO:tensorflow:2019-10-09 17:39:28.745423: Step 520: Validation accuracy = 32.0% (N=100)
I1009 17:39:28.745468 4547376576 retrain.py:1100] 2019-10-09 17:39:28.745423: Step 520: Validation accuracy = 32.0% (N=100)
INFO:tensorflow:2019-10-09 17:39:29.301063: Step 530: Train accuracy = 90.0%
I1009 17:39:29.301109 4547376576 retrain.py:1082] 2019-10-09 17:39:29.301063: Step 530: Train accuracy = 90.0%
INFO:tensorflow:2019-10-09 17:39:29.301217: Step 530: Cross entropy = 0.312011
I1009 17:39:29.301229 4547376576 retrain.py:1084] 2019-10-09 17:39:29.301217: Step 530: Cross entropy = 0.312011
INFO:tensorflow:2019-10-09 17:39:29.357224: Step 530: Validation accuracy = 39.0% (N=100)
I1009 17:39:29.357274 4547376576 retrain.py:1100] 2019-10-09 17:39:29.357224: Step 530: Validation accuracy = 39.0% (N=100)
INFO:tensorflow:2019-10-09 17:39:29.912303: Step 540: Train accuracy = 93.0%
I1009 17:39:29.912348 4547376576 retrain.py:1082] 2019-10-09 17:39:29.912303: Step 540: Train accuracy = 93.0%
INFO:tensorflow:2019-10-09 17:39:29.912459: Step 540: Cross entropy = 0.268440
I1009 17:39:29.912468 4547376576 retrain.py:1084] 2019-10-09 17:39:29.912459: Step 540: Cross entropy = 0.268440
INFO:tensorflow:2019-10-09 17:39:29.968760: Step 540: Validation accuracy = 34.0% (N=100)
I1009 17:39:29.968805 4547376576 retrain.py:1100] 2019-10-09 17:39:29.968760: Step 540: Validation accuracy = 34.0% (N=100)
INFO:tensorflow:2019-10-09 17:39:30.524176: Step 550: Train accuracy = 91.0%
I1009 17:39:30.524224 4547376576 retrain.py:1082] 2019-10-09 17:39:30.524176: Step 550: Train accuracy = 91.0%
INFO:tensorflow:2019-10-09 17:39:30.524340: Step 550: Cross entropy = 0.310919
I1009 17:39:30.524355 4547376576 retrain.py:1084] 2019-10-09 17:39:30.524340: Step 550: Cross entropy = 0.310919
INFO:tensorflow:2019-10-09 17:39:30.580508: Step 550: Validation accuracy = 25.0% (N=100)
I1009 17:39:30.580557 4547376576 retrain.py:1100] 2019-10-09 17:39:30.580508: Step 550: Validation accuracy = 25.0% (N=100)
INFO:tensorflow:2019-10-09 17:39:31.136616: Step 560: Train accuracy = 93.0%
I1009 17:39:31.136661 4547376576 retrain.py:1082] 2019-10-09 17:39:31.136616: Step 560: Train accuracy = 93.0%
INFO:tensorflow:2019-10-09 17:39:31.136767: Step 560: Cross entropy = 0.331439
I1009 17:39:31.136777 4547376576 retrain.py:1084] 2019-10-09 17:39:31.136767: Step 560: Cross entropy = 0.331439
INFO:tensorflow:2019-10-09 17:39:31.193270: Step 560: Validation accuracy = 32.0% (N=100)
I1009 17:39:31.193320 4547376576 retrain.py:1100] 2019-10-09 17:39:31.193270: Step 560: Validation accuracy = 32.0% (N=100)
INFO:tensorflow:2019-10-09 17:39:31.750836: Step 570: Train accuracy = 92.0%
I1009 17:39:31.750883 4547376576 retrain.py:1082] 2019-10-09 17:39:31.750836: Step 570: Train accuracy = 92.0%
INFO:tensorflow:2019-10-09 17:39:31.751000: Step 570: Cross entropy = 0.299469
I1009 17:39:31.751013 4547376576 retrain.py:1084] 2019-10-09 17:39:31.751000: Step 570: Cross entropy = 0.299469
INFO:tensorflow:2019-10-09 17:39:31.807763: Step 570: Validation accuracy = 22.0% (N=100)
I1009 17:39:31.807812 4547376576 retrain.py:1100] 2019-10-09 17:39:31.807763: Step 570: Validation accuracy = 22.0% (N=100)
INFO:tensorflow:2019-10-09 17:39:32.363013: Step 580: Train accuracy = 89.0%
I1009 17:39:32.363057 4547376576 retrain.py:1082] 2019-10-09 17:39:32.363013: Step 580: Train accuracy = 89.0%
INFO:tensorflow:2019-10-09 17:39:32.363162: Step 580: Cross entropy = 0.303446
I1009 17:39:32.363173 4547376576 retrain.py:1084] 2019-10-09 17:39:32.363162: Step 580: Cross entropy = 0.303446
INFO:tensorflow:2019-10-09 17:39:32.420115: Step 580: Validation accuracy = 35.0% (N=100)
I1009 17:39:32.420164 4547376576 retrain.py:1100] 2019-10-09 17:39:32.420115: Step 580: Validation accuracy = 35.0% (N=100)
INFO:tensorflow:2019-10-09 17:39:32.977920: Step 590: Train accuracy = 92.0%
I1009 17:39:32.977966 4547376576 retrain.py:1082] 2019-10-09 17:39:32.977920: Step 590: Train accuracy = 92.0%
INFO:tensorflow:2019-10-09 17:39:32.978075: Step 590: Cross entropy = 0.272753
I1009 17:39:32.978086 4547376576 retrain.py:1084] 2019-10-09 17:39:32.978075: Step 590: Cross entropy = 0.272753
INFO:tensorflow:2019-10-09 17:39:33.034025: Step 590: Validation accuracy = 33.0% (N=100)
I1009 17:39:33.034072 4547376576 retrain.py:1100] 2019-10-09 17:39:33.034025: Step 590: Validation accuracy = 33.0% (N=100)
INFO:tensorflow:2019-10-09 17:39:33.595031: Step 600: Train accuracy = 92.0%
I1009 17:39:33.595075 4547376576 retrain.py:1082] 2019-10-09 17:39:33.595031: Step 600: Train accuracy = 92.0%
INFO:tensorflow:2019-10-09 17:39:33.595180: Step 600: Cross entropy = 0.274494
I1009 17:39:33.595190 4547376576 retrain.py:1084] 2019-10-09 17:39:33.595180: Step 600: Cross entropy = 0.274494
INFO:tensorflow:2019-10-09 17:39:33.651838: Step 600: Validation accuracy = 39.0% (N=100)
I1009 17:39:33.651895 4547376576 retrain.py:1100] 2019-10-09 17:39:33.651838: Step 600: Validation accuracy = 39.0% (N=100)
INFO:tensorflow:2019-10-09 17:39:34.210107: Step 610: Train accuracy = 93.0%
I1009 17:39:34.210151 4547376576 retrain.py:1082] 2019-10-09 17:39:34.210107: Step 610: Train accuracy = 93.0%
INFO:tensorflow:2019-10-09 17:39:34.210260: Step 610: Cross entropy = 0.290269
I1009 17:39:34.210272 4547376576 retrain.py:1084] 2019-10-09 17:39:34.210260: Step 610: Cross entropy = 0.290269
INFO:tensorflow:2019-10-09 17:39:34.266752: Step 610: Validation accuracy = 33.0% (N=100)
I1009 17:39:34.266800 4547376576 retrain.py:1100] 2019-10-09 17:39:34.266752: Step 610: Validation accuracy = 33.0% (N=100)
INFO:tensorflow:2019-10-09 17:39:34.824349: Step 620: Train accuracy = 94.0%
I1009 17:39:34.824405 4547376576 retrain.py:1082] 2019-10-09 17:39:34.824349: Step 620: Train accuracy = 94.0%
INFO:tensorflow:2019-10-09 17:39:34.824546: Step 620: Cross entropy = 0.277587
I1009 17:39:34.824587 4547376576 retrain.py:1084] 2019-10-09 17:39:34.824546: Step 620: Cross entropy = 0.277587
INFO:tensorflow:2019-10-09 17:39:34.880690: Step 620: Validation accuracy = 31.0% (N=100)
I1009 17:39:34.880734 4547376576 retrain.py:1100] 2019-10-09 17:39:34.880690: Step 620: Validation accuracy = 31.0% (N=100)
INFO:tensorflow:2019-10-09 17:39:35.437022: Step 630: Train accuracy = 93.0%
I1009 17:39:35.437067 4547376576 retrain.py:1082] 2019-10-09 17:39:35.437022: Step 630: Train accuracy = 93.0%
INFO:tensorflow:2019-10-09 17:39:35.437192: Step 630: Cross entropy = 0.302479
I1009 17:39:35.437203 4547376576 retrain.py:1084] 2019-10-09 17:39:35.437192: Step 630: Cross entropy = 0.302479
INFO:tensorflow:2019-10-09 17:39:35.494553: Step 630: Validation accuracy = 37.0% (N=100)
I1009 17:39:35.494602 4547376576 retrain.py:1100] 2019-10-09 17:39:35.494553: Step 630: Validation accuracy = 37.0% (N=100)
INFO:tensorflow:2019-10-09 17:39:36.062231: Step 640: Train accuracy = 92.0%
I1009 17:39:36.062276 4547376576 retrain.py:1082] 2019-10-09 17:39:36.062231: Step 640: Train accuracy = 92.0%
INFO:tensorflow:2019-10-09 17:39:36.062385: Step 640: Cross entropy = 0.262670
I1009 17:39:36.062397 4547376576 retrain.py:1084] 2019-10-09 17:39:36.062385: Step 640: Cross entropy = 0.262670
INFO:tensorflow:2019-10-09 17:39:36.119008: Step 640: Validation accuracy = 36.0% (N=100)
I1009 17:39:36.119057 4547376576 retrain.py:1100] 2019-10-09 17:39:36.119008: Step 640: Validation accuracy = 36.0% (N=100)
INFO:tensorflow:2019-10-09 17:39:36.676621: Step 650: Train accuracy = 96.0%
I1009 17:39:36.676666 4547376576 retrain.py:1082] 2019-10-09 17:39:36.676621: Step 650: Train accuracy = 96.0%
INFO:tensorflow:2019-10-09 17:39:36.676775: Step 650: Cross entropy = 0.297080
I1009 17:39:36.676786 4547376576 retrain.py:1084] 2019-10-09 17:39:36.676775: Step 650: Cross entropy = 0.297080
INFO:tensorflow:2019-10-09 17:39:36.733102: Step 650: Validation accuracy = 37.0% (N=100)
I1009 17:39:36.733150 4547376576 retrain.py:1100] 2019-10-09 17:39:36.733102: Step 650: Validation accuracy = 37.0% (N=100)
INFO:tensorflow:2019-10-09 17:39:37.291581: Step 660: Train accuracy = 95.0%
I1009 17:39:37.291626 4547376576 retrain.py:1082] 2019-10-09 17:39:37.291581: Step 660: Train accuracy = 95.0%
INFO:tensorflow:2019-10-09 17:39:37.291732: Step 660: Cross entropy = 0.243927
I1009 17:39:37.291743 4547376576 retrain.py:1084] 2019-10-09 17:39:37.291732: Step 660: Cross entropy = 0.243927
INFO:tensorflow:2019-10-09 17:39:37.348603: Step 660: Validation accuracy = 32.0% (N=100)
I1009 17:39:37.348653 4547376576 retrain.py:1100] 2019-10-09 17:39:37.348603: Step 660: Validation accuracy = 32.0% (N=100)
INFO:tensorflow:2019-10-09 17:39:37.905248: Step 670: Train accuracy = 91.0%
I1009 17:39:37.905292 4547376576 retrain.py:1082] 2019-10-09 17:39:37.905248: Step 670: Train accuracy = 91.0%
INFO:tensorflow:2019-10-09 17:39:37.905396: Step 670: Cross entropy = 0.301411
I1009 17:39:37.905407 4547376576 retrain.py:1084] 2019-10-09 17:39:37.905396: Step 670: Cross entropy = 0.301411
INFO:tensorflow:2019-10-09 17:39:37.961467: Step 670: Validation accuracy = 35.0% (N=100)
I1009 17:39:37.961516 4547376576 retrain.py:1100] 2019-10-09 17:39:37.961467: Step 670: Validation accuracy = 35.0% (N=100)
INFO:tensorflow:2019-10-09 17:39:38.518131: Step 680: Train accuracy = 91.0%
I1009 17:39:38.518177 4547376576 retrain.py:1082] 2019-10-09 17:39:38.518131: Step 680: Train accuracy = 91.0%
INFO:tensorflow:2019-10-09 17:39:38.518283: Step 680: Cross entropy = 0.295127
I1009 17:39:38.518294 4547376576 retrain.py:1084] 2019-10-09 17:39:38.518283: Step 680: Cross entropy = 0.295127
INFO:tensorflow:2019-10-09 17:39:38.574935: Step 680: Validation accuracy = 40.0% (N=100)
I1009 17:39:38.574981 4547376576 retrain.py:1100] 2019-10-09 17:39:38.574935: Step 680: Validation accuracy = 40.0% (N=100)
INFO:tensorflow:2019-10-09 17:39:39.134283: Step 690: Train accuracy = 91.0%
I1009 17:39:39.134328 4547376576 retrain.py:1082] 2019-10-09 17:39:39.134283: Step 690: Train accuracy = 91.0%
INFO:tensorflow:2019-10-09 17:39:39.134465: Step 690: Cross entropy = 0.310269
I1009 17:39:39.134482 4547376576 retrain.py:1084] 2019-10-09 17:39:39.134465: Step 690: Cross entropy = 0.310269
INFO:tensorflow:2019-10-09 17:39:39.191695: Step 690: Validation accuracy = 25.0% (N=100)
I1009 17:39:39.191739 4547376576 retrain.py:1100] 2019-10-09 17:39:39.191695: Step 690: Validation accuracy = 25.0% (N=100)
INFO:tensorflow:2019-10-09 17:39:39.753313: Step 700: Train accuracy = 93.0%
I1009 17:39:39.753359 4547376576 retrain.py:1082] 2019-10-09 17:39:39.753313: Step 700: Train accuracy = 93.0%
INFO:tensorflow:2019-10-09 17:39:39.753467: Step 700: Cross entropy = 0.257797
I1009 17:39:39.753477 4547376576 retrain.py:1084] 2019-10-09 17:39:39.753467: Step 700: Cross entropy = 0.257797
INFO:tensorflow:2019-10-09 17:39:39.810272: Step 700: Validation accuracy = 45.0% (N=100)
I1009 17:39:39.810320 4547376576 retrain.py:1100] 2019-10-09 17:39:39.810272: Step 700: Validation accuracy = 45.0% (N=100)
INFO:tensorflow:2019-10-09 17:39:40.369392: Step 710: Train accuracy = 95.0%
I1009 17:39:40.369437 4547376576 retrain.py:1082] 2019-10-09 17:39:40.369392: Step 710: Train accuracy = 95.0%
INFO:tensorflow:2019-10-09 17:39:40.369548: Step 710: Cross entropy = 0.254059
I1009 17:39:40.369560 4547376576 retrain.py:1084] 2019-10-09 17:39:40.369548: Step 710: Cross entropy = 0.254059
INFO:tensorflow:2019-10-09 17:39:40.425699: Step 710: Validation accuracy = 39.0% (N=100)
I1009 17:39:40.425743 4547376576 retrain.py:1100] 2019-10-09 17:39:40.425699: Step 710: Validation accuracy = 39.0% (N=100)
INFO:tensorflow:2019-10-09 17:39:40.986105: Step 720: Train accuracy = 88.0%
I1009 17:39:40.986150 4547376576 retrain.py:1082] 2019-10-09 17:39:40.986105: Step 720: Train accuracy = 88.0%
INFO:tensorflow:2019-10-09 17:39:40.986258: Step 720: Cross entropy = 0.344998
I1009 17:39:40.986268 4547376576 retrain.py:1084] 2019-10-09 17:39:40.986258: Step 720: Cross entropy = 0.344998
INFO:tensorflow:2019-10-09 17:39:41.043498: Step 720: Validation accuracy = 37.0% (N=100)
I1009 17:39:41.043544 4547376576 retrain.py:1100] 2019-10-09 17:39:41.043498: Step 720: Validation accuracy = 37.0% (N=100)
INFO:tensorflow:2019-10-09 17:39:41.600979: Step 730: Train accuracy = 94.0%
I1009 17:39:41.601025 4547376576 retrain.py:1082] 2019-10-09 17:39:41.600979: Step 730: Train accuracy = 94.0%
INFO:tensorflow:2019-10-09 17:39:41.601130: Step 730: Cross entropy = 0.317499
I1009 17:39:41.601140 4547376576 retrain.py:1084] 2019-10-09 17:39:41.601130: Step 730: Cross entropy = 0.317499
INFO:tensorflow:2019-10-09 17:39:41.657346: Step 730: Validation accuracy = 17.0% (N=100)
I1009 17:39:41.657393 4547376576 retrain.py:1100] 2019-10-09 17:39:41.657346: Step 730: Validation accuracy = 17.0% (N=100)
INFO:tensorflow:2019-10-09 17:39:42.219377: Step 740: Train accuracy = 94.0%
I1009 17:39:42.219424 4547376576 retrain.py:1082] 2019-10-09 17:39:42.219377: Step 740: Train accuracy = 94.0%
INFO:tensorflow:2019-10-09 17:39:42.219530: Step 740: Cross entropy = 0.255609
I1009 17:39:42.219542 4547376576 retrain.py:1084] 2019-10-09 17:39:42.219530: Step 740: Cross entropy = 0.255609
INFO:tensorflow:2019-10-09 17:39:42.275464: Step 740: Validation accuracy = 28.0% (N=100)
I1009 17:39:42.275513 4547376576 retrain.py:1100] 2019-10-09 17:39:42.275464: Step 740: Validation accuracy = 28.0% (N=100)
INFO:tensorflow:2019-10-09 17:39:42.839103: Step 750: Train accuracy = 95.0%
I1009 17:39:42.839147 4547376576 retrain.py:1082] 2019-10-09 17:39:42.839103: Step 750: Train accuracy = 95.0%
INFO:tensorflow:2019-10-09 17:39:42.839253: Step 750: Cross entropy = 0.249544
I1009 17:39:42.839265 4547376576 retrain.py:1084] 2019-10-09 17:39:42.839253: Step 750: Cross entropy = 0.249544
INFO:tensorflow:2019-10-09 17:39:42.897682: Step 750: Validation accuracy = 38.0% (N=100)
I1009 17:39:42.897727 4547376576 retrain.py:1100] 2019-10-09 17:39:42.897682: Step 750: Validation accuracy = 38.0% (N=100)
INFO:tensorflow:2019-10-09 17:39:43.457418: Step 760: Train accuracy = 95.0%
I1009 17:39:43.457463 4547376576 retrain.py:1082] 2019-10-09 17:39:43.457418: Step 760: Train accuracy = 95.0%
INFO:tensorflow:2019-10-09 17:39:43.457570: Step 760: Cross entropy = 0.274073
I1009 17:39:43.457581 4547376576 retrain.py:1084] 2019-10-09 17:39:43.457570: Step 760: Cross entropy = 0.274073
INFO:tensorflow:2019-10-09 17:39:43.513779: Step 760: Validation accuracy = 34.0% (N=100)
I1009 17:39:43.513829 4547376576 retrain.py:1100] 2019-10-09 17:39:43.513779: Step 760: Validation accuracy = 34.0% (N=100)
INFO:tensorflow:2019-10-09 17:39:44.071559: Step 770: Train accuracy = 92.0%
I1009 17:39:44.071604 4547376576 retrain.py:1082] 2019-10-09 17:39:44.071559: Step 770: Train accuracy = 92.0%
INFO:tensorflow:2019-10-09 17:39:44.071709: Step 770: Cross entropy = 0.242347
I1009 17:39:44.071733 4547376576 retrain.py:1084] 2019-10-09 17:39:44.071709: Step 770: Cross entropy = 0.242347
INFO:tensorflow:2019-10-09 17:39:44.127982: Step 770: Validation accuracy = 36.0% (N=100)
I1009 17:39:44.128027 4547376576 retrain.py:1100] 2019-10-09 17:39:44.127982: Step 770: Validation accuracy = 36.0% (N=100)
INFO:tensorflow:2019-10-09 17:39:44.686317: Step 780: Train accuracy = 94.0%
I1009 17:39:44.686361 4547376576 retrain.py:1082] 2019-10-09 17:39:44.686317: Step 780: Train accuracy = 94.0%
INFO:tensorflow:2019-10-09 17:39:44.686469: Step 780: Cross entropy = 0.247319
I1009 17:39:44.686479 4547376576 retrain.py:1084] 2019-10-09 17:39:44.686469: Step 780: Cross entropy = 0.247319
INFO:tensorflow:2019-10-09 17:39:44.742594: Step 780: Validation accuracy = 41.0% (N=100)
I1009 17:39:44.742641 4547376576 retrain.py:1100] 2019-10-09 17:39:44.742594: Step 780: Validation accuracy = 41.0% (N=100)
INFO:tensorflow:2019-10-09 17:39:45.301673: Step 790: Train accuracy = 97.0%
I1009 17:39:45.301717 4547376576 retrain.py:1082] 2019-10-09 17:39:45.301673: Step 790: Train accuracy = 97.0%
INFO:tensorflow:2019-10-09 17:39:45.301827: Step 790: Cross entropy = 0.236691
I1009 17:39:45.301852 4547376576 retrain.py:1084] 2019-10-09 17:39:45.301827: Step 790: Cross entropy = 0.236691
INFO:tensorflow:2019-10-09 17:39:45.359458: Step 790: Validation accuracy = 31.0% (N=100)
I1009 17:39:45.359508 4547376576 retrain.py:1100] 2019-10-09 17:39:45.359458: Step 790: Validation accuracy = 31.0% (N=100)
INFO:tensorflow:2019-10-09 17:39:45.917199: Step 800: Train accuracy = 94.0%
I1009 17:39:45.917243 4547376576 retrain.py:1082] 2019-10-09 17:39:45.917199: Step 800: Train accuracy = 94.0%
INFO:tensorflow:2019-10-09 17:39:45.917348: Step 800: Cross entropy = 0.232173
I1009 17:39:45.917358 4547376576 retrain.py:1084] 2019-10-09 17:39:45.917348: Step 800: Cross entropy = 0.232173
INFO:tensorflow:2019-10-09 17:39:45.974273: Step 800: Validation accuracy = 31.0% (N=100)
I1009 17:39:45.974320 4547376576 retrain.py:1100] 2019-10-09 17:39:45.974273: Step 800: Validation accuracy = 31.0% (N=100)
INFO:tensorflow:2019-10-09 17:39:46.534188: Step 810: Train accuracy = 96.0%
I1009 17:39:46.534232 4547376576 retrain.py:1082] 2019-10-09 17:39:46.534188: Step 810: Train accuracy = 96.0%
INFO:tensorflow:2019-10-09 17:39:46.534337: Step 810: Cross entropy = 0.285880
I1009 17:39:46.534348 4547376576 retrain.py:1084] 2019-10-09 17:39:46.534337: Step 810: Cross entropy = 0.285880
INFO:tensorflow:2019-10-09 17:39:46.590957: Step 810: Validation accuracy = 35.0% (N=100)
I1009 17:39:46.591006 4547376576 retrain.py:1100] 2019-10-09 17:39:46.590957: Step 810: Validation accuracy = 35.0% (N=100)
INFO:tensorflow:2019-10-09 17:39:47.149758: Step 820: Train accuracy = 97.0%
I1009 17:39:47.149801 4547376576 retrain.py:1082] 2019-10-09 17:39:47.149758: Step 820: Train accuracy = 97.0%
INFO:tensorflow:2019-10-09 17:39:47.149907: Step 820: Cross entropy = 0.248029
I1009 17:39:47.149916 4547376576 retrain.py:1084] 2019-10-09 17:39:47.149907: Step 820: Cross entropy = 0.248029
INFO:tensorflow:2019-10-09 17:39:47.206490: Step 820: Validation accuracy = 37.0% (N=100)
I1009 17:39:47.206543 4547376576 retrain.py:1100] 2019-10-09 17:39:47.206490: Step 820: Validation accuracy = 37.0% (N=100)
INFO:tensorflow:2019-10-09 17:39:47.763346: Step 830: Train accuracy = 97.0%
I1009 17:39:47.763390 4547376576 retrain.py:1082] 2019-10-09 17:39:47.763346: Step 830: Train accuracy = 97.0%
INFO:tensorflow:2019-10-09 17:39:47.763495: Step 830: Cross entropy = 0.221394
I1009 17:39:47.763505 4547376576 retrain.py:1084] 2019-10-09 17:39:47.763495: Step 830: Cross entropy = 0.221394
INFO:tensorflow:2019-10-09 17:39:47.819621: Step 830: Validation accuracy = 33.0% (N=100)
I1009 17:39:47.819671 4547376576 retrain.py:1100] 2019-10-09 17:39:47.819621: Step 830: Validation accuracy = 33.0% (N=100)
INFO:tensorflow:2019-10-09 17:39:48.377169: Step 840: Train accuracy = 91.0%
I1009 17:39:48.377213 4547376576 retrain.py:1082] 2019-10-09 17:39:48.377169: Step 840: Train accuracy = 91.0%
INFO:tensorflow:2019-10-09 17:39:48.377318: Step 840: Cross entropy = 0.276114
I1009 17:39:48.377328 4547376576 retrain.py:1084] 2019-10-09 17:39:48.377318: Step 840: Cross entropy = 0.276114
INFO:tensorflow:2019-10-09 17:39:48.433562: Step 840: Validation accuracy = 40.0% (N=100)
I1009 17:39:48.433610 4547376576 retrain.py:1100] 2019-10-09 17:39:48.433562: Step 840: Validation accuracy = 40.0% (N=100)
INFO:tensorflow:2019-10-09 17:39:48.991044: Step 850: Train accuracy = 95.0%
I1009 17:39:48.991088 4547376576 retrain.py:1082] 2019-10-09 17:39:48.991044: Step 850: Train accuracy = 95.0%
INFO:tensorflow:2019-10-09 17:39:48.991191: Step 850: Cross entropy = 0.247616
I1009 17:39:48.991202 4547376576 retrain.py:1084] 2019-10-09 17:39:48.991191: Step 850: Cross entropy = 0.247616
INFO:tensorflow:2019-10-09 17:39:49.049202: Step 850: Validation accuracy = 27.0% (N=100)
I1009 17:39:49.049248 4547376576 retrain.py:1100] 2019-10-09 17:39:49.049202: Step 850: Validation accuracy = 27.0% (N=100)
INFO:tensorflow:2019-10-09 17:39:49.607185: Step 860: Train accuracy = 88.0%
I1009 17:39:49.607229 4547376576 retrain.py:1082] 2019-10-09 17:39:49.607185: Step 860: Train accuracy = 88.0%
INFO:tensorflow:2019-10-09 17:39:49.607339: Step 860: Cross entropy = 0.316240
I1009 17:39:49.607351 4547376576 retrain.py:1084] 2019-10-09 17:39:49.607339: Step 860: Cross entropy = 0.316240
INFO:tensorflow:2019-10-09 17:39:49.681890: Step 860: Validation accuracy = 40.0% (N=100)
I1009 17:39:49.681938 4547376576 retrain.py:1100] 2019-10-09 17:39:49.681890: Step 860: Validation accuracy = 40.0% (N=100)
INFO:tensorflow:2019-10-09 17:39:50.238748: Step 870: Train accuracy = 93.0%
I1009 17:39:50.238792 4547376576 retrain.py:1082] 2019-10-09 17:39:50.238748: Step 870: Train accuracy = 93.0%
INFO:tensorflow:2019-10-09 17:39:50.238918: Step 870: Cross entropy = 0.283825
I1009 17:39:50.238930 4547376576 retrain.py:1084] 2019-10-09 17:39:50.238918: Step 870: Cross entropy = 0.283825
INFO:tensorflow:2019-10-09 17:39:50.295744: Step 870: Validation accuracy = 31.0% (N=100)
I1009 17:39:50.295789 4547376576 retrain.py:1100] 2019-10-09 17:39:50.295744: Step 870: Validation accuracy = 31.0% (N=100)
INFO:tensorflow:2019-10-09 17:39:50.858278: Step 880: Train accuracy = 93.0%
I1009 17:39:50.858322 4547376576 retrain.py:1082] 2019-10-09 17:39:50.858278: Step 880: Train accuracy = 93.0%
INFO:tensorflow:2019-10-09 17:39:50.858428: Step 880: Cross entropy = 0.270583
I1009 17:39:50.858438 4547376576 retrain.py:1084] 2019-10-09 17:39:50.858428: Step 880: Cross entropy = 0.270583
INFO:tensorflow:2019-10-09 17:39:50.914590: Step 880: Validation accuracy = 30.0% (N=100)
I1009 17:39:50.914638 4547376576 retrain.py:1100] 2019-10-09 17:39:50.914590: Step 880: Validation accuracy = 30.0% (N=100)
INFO:tensorflow:2019-10-09 17:39:51.471941: Step 890: Train accuracy = 93.0%
I1009 17:39:51.471985 4547376576 retrain.py:1082] 2019-10-09 17:39:51.471941: Step 890: Train accuracy = 93.0%
INFO:tensorflow:2019-10-09 17:39:51.472093: Step 890: Cross entropy = 0.275177
I1009 17:39:51.472105 4547376576 retrain.py:1084] 2019-10-09 17:39:51.472093: Step 890: Cross entropy = 0.275177
INFO:tensorflow:2019-10-09 17:39:51.528363: Step 890: Validation accuracy = 34.0% (N=100)
I1009 17:39:51.528412 4547376576 retrain.py:1100] 2019-10-09 17:39:51.528363: Step 890: Validation accuracy = 34.0% (N=100)
INFO:tensorflow:2019-10-09 17:39:52.086254: Step 900: Train accuracy = 93.0%
I1009 17:39:52.086298 4547376576 retrain.py:1082] 2019-10-09 17:39:52.086254: Step 900: Train accuracy = 93.0%
INFO:tensorflow:2019-10-09 17:39:52.086433: Step 900: Cross entropy = 0.257116
I1009 17:39:52.086446 4547376576 retrain.py:1084] 2019-10-09 17:39:52.086433: Step 900: Cross entropy = 0.257116
INFO:tensorflow:2019-10-09 17:39:52.142681: Step 900: Validation accuracy = 31.0% (N=100)
I1009 17:39:52.142730 4547376576 retrain.py:1100] 2019-10-09 17:39:52.142681: Step 900: Validation accuracy = 31.0% (N=100)
INFO:tensorflow:2019-10-09 17:39:52.700868: Step 910: Train accuracy = 92.0%
I1009 17:39:52.700912 4547376576 retrain.py:1082] 2019-10-09 17:39:52.700868: Step 910: Train accuracy = 92.0%
INFO:tensorflow:2019-10-09 17:39:52.701034: Step 910: Cross entropy = 0.264738
I1009 17:39:52.701046 4547376576 retrain.py:1084] 2019-10-09 17:39:52.701034: Step 910: Cross entropy = 0.264738
INFO:tensorflow:2019-10-09 17:39:52.757226: Step 910: Validation accuracy = 38.0% (N=100)
I1009 17:39:52.757274 4547376576 retrain.py:1100] 2019-10-09 17:39:52.757226: Step 910: Validation accuracy = 38.0% (N=100)
INFO:tensorflow:2019-10-09 17:39:53.311934: Step 920: Train accuracy = 95.0%
I1009 17:39:53.311980 4547376576 retrain.py:1082] 2019-10-09 17:39:53.311934: Step 920: Train accuracy = 95.0%
INFO:tensorflow:2019-10-09 17:39:53.312087: Step 920: Cross entropy = 0.244087
I1009 17:39:53.312097 4547376576 retrain.py:1084] 2019-10-09 17:39:53.312087: Step 920: Cross entropy = 0.244087
INFO:tensorflow:2019-10-09 17:39:53.369188: Step 920: Validation accuracy = 33.0% (N=100)
I1009 17:39:53.369237 4547376576 retrain.py:1100] 2019-10-09 17:39:53.369188: Step 920: Validation accuracy = 33.0% (N=100)
INFO:tensorflow:2019-10-09 17:39:53.929190: Step 930: Train accuracy = 96.0%
I1009 17:39:53.929235 4547376576 retrain.py:1082] 2019-10-09 17:39:53.929190: Step 930: Train accuracy = 96.0%
INFO:tensorflow:2019-10-09 17:39:53.929343: Step 930: Cross entropy = 0.242679
I1009 17:39:53.929353 4547376576 retrain.py:1084] 2019-10-09 17:39:53.929343: Step 930: Cross entropy = 0.242679
INFO:tensorflow:2019-10-09 17:39:53.985727: Step 930: Validation accuracy = 33.0% (N=100)
I1009 17:39:53.985776 4547376576 retrain.py:1100] 2019-10-09 17:39:53.985727: Step 930: Validation accuracy = 33.0% (N=100)
INFO:tensorflow:2019-10-09 17:39:54.541939: Step 940: Train accuracy = 97.0%
I1009 17:39:54.541984 4547376576 retrain.py:1082] 2019-10-09 17:39:54.541939: Step 940: Train accuracy = 97.0%
INFO:tensorflow:2019-10-09 17:39:54.542090: Step 940: Cross entropy = 0.233908
I1009 17:39:54.542099 4547376576 retrain.py:1084] 2019-10-09 17:39:54.542090: Step 940: Cross entropy = 0.233908
INFO:tensorflow:2019-10-09 17:39:54.598314: Step 940: Validation accuracy = 37.0% (N=100)
I1009 17:39:54.598362 4547376576 retrain.py:1100] 2019-10-09 17:39:54.598314: Step 940: Validation accuracy = 37.0% (N=100)
INFO:tensorflow:2019-10-09 17:39:55.153114: Step 950: Train accuracy = 94.0%
I1009 17:39:55.153157 4547376576 retrain.py:1082] 2019-10-09 17:39:55.153114: Step 950: Train accuracy = 94.0%
INFO:tensorflow:2019-10-09 17:39:55.153261: Step 950: Cross entropy = 0.254159
I1009 17:39:55.153272 4547376576 retrain.py:1084] 2019-10-09 17:39:55.153261: Step 950: Cross entropy = 0.254159
INFO:tensorflow:2019-10-09 17:39:55.209442: Step 950: Validation accuracy = 40.0% (N=100)
I1009 17:39:55.209491 4547376576 retrain.py:1100] 2019-10-09 17:39:55.209442: Step 950: Validation accuracy = 40.0% (N=100)
INFO:tensorflow:2019-10-09 17:39:55.767941: Step 960: Train accuracy = 97.0%
I1009 17:39:55.767984 4547376576 retrain.py:1082] 2019-10-09 17:39:55.767941: Step 960: Train accuracy = 97.0%
INFO:tensorflow:2019-10-09 17:39:55.768093: Step 960: Cross entropy = 0.234793
I1009 17:39:55.768102 4547376576 retrain.py:1084] 2019-10-09 17:39:55.768093: Step 960: Cross entropy = 0.234793
INFO:tensorflow:2019-10-09 17:39:55.825819: Step 960: Validation accuracy = 37.0% (N=100)
I1009 17:39:55.825870 4547376576 retrain.py:1100] 2019-10-09 17:39:55.825819: Step 960: Validation accuracy = 37.0% (N=100)
INFO:tensorflow:2019-10-09 17:39:56.384177: Step 970: Train accuracy = 94.0%
I1009 17:39:56.384225 4547376576 retrain.py:1082] 2019-10-09 17:39:56.384177: Step 970: Train accuracy = 94.0%
INFO:tensorflow:2019-10-09 17:39:56.384377: Step 970: Cross entropy = 0.234171
I1009 17:39:56.384393 4547376576 retrain.py:1084] 2019-10-09 17:39:56.384377: Step 970: Cross entropy = 0.234171
INFO:tensorflow:2019-10-09 17:39:56.440718: Step 970: Validation accuracy = 34.0% (N=100)
I1009 17:39:56.440771 4547376576 retrain.py:1100] 2019-10-09 17:39:56.440718: Step 970: Validation accuracy = 34.0% (N=100)
INFO:tensorflow:2019-10-09 17:39:56.996341: Step 980: Train accuracy = 94.0%
I1009 17:39:56.996385 4547376576 retrain.py:1082] 2019-10-09 17:39:56.996341: Step 980: Train accuracy = 94.0%
INFO:tensorflow:2019-10-09 17:39:56.996492: Step 980: Cross entropy = 0.241741
I1009 17:39:56.996503 4547376576 retrain.py:1084] 2019-10-09 17:39:56.996492: Step 980: Cross entropy = 0.241741
INFO:tensorflow:2019-10-09 17:39:57.052554: Step 980: Validation accuracy = 38.0% (N=100)
I1009 17:39:57.052604 4547376576 retrain.py:1100] 2019-10-09 17:39:57.052554: Step 980: Validation accuracy = 38.0% (N=100)
INFO:tensorflow:2019-10-09 17:39:57.607352: Step 990: Train accuracy = 94.0%
I1009 17:39:57.607397 4547376576 retrain.py:1082] 2019-10-09 17:39:57.607352: Step 990: Train accuracy = 94.0%
INFO:tensorflow:2019-10-09 17:39:57.607510: Step 990: Cross entropy = 0.214344
I1009 17:39:57.607522 4547376576 retrain.py:1084] 2019-10-09 17:39:57.607510: Step 990: Cross entropy = 0.214344
INFO:tensorflow:2019-10-09 17:39:57.664520: Step 990: Validation accuracy = 21.0% (N=100)
I1009 17:39:57.664570 4547376576 retrain.py:1100] 2019-10-09 17:39:57.664520: Step 990: Validation accuracy = 21.0% (N=100)
INFO:tensorflow:2019-10-09 17:39:58.220103: Step 1000: Train accuracy = 97.0%
I1009 17:39:58.220153 4547376576 retrain.py:1082] 2019-10-09 17:39:58.220103: Step 1000: Train accuracy = 97.0%
INFO:tensorflow:2019-10-09 17:39:58.220276: Step 1000: Cross entropy = 0.203183
I1009 17:39:58.220288 4547376576 retrain.py:1084] 2019-10-09 17:39:58.220276: Step 1000: Cross entropy = 0.203183
INFO:tensorflow:2019-10-09 17:39:58.276418: Step 1000: Validation accuracy = 28.0% (N=100)
I1009 17:39:58.276468 4547376576 retrain.py:1100] 2019-10-09 17:39:58.276418: Step 1000: Validation accuracy = 28.0% (N=100)
INFO:tensorflow:2019-10-09 17:39:58.832204: Step 1010: Train accuracy = 96.0%
I1009 17:39:58.832249 4547376576 retrain.py:1082] 2019-10-09 17:39:58.832204: Step 1010: Train accuracy = 96.0%
INFO:tensorflow:2019-10-09 17:39:58.832354: Step 1010: Cross entropy = 0.210271
I1009 17:39:58.832364 4547376576 retrain.py:1084] 2019-10-09 17:39:58.832354: Step 1010: Cross entropy = 0.210271
INFO:tensorflow:2019-10-09 17:39:58.888770: Step 1010: Validation accuracy = 41.0% (N=100)
I1009 17:39:58.888818 4547376576 retrain.py:1100] 2019-10-09 17:39:58.888770: Step 1010: Validation accuracy = 41.0% (N=100)
INFO:tensorflow:2019-10-09 17:39:59.444076: Step 1020: Train accuracy = 97.0%
I1009 17:39:59.444122 4547376576 retrain.py:1082] 2019-10-09 17:39:59.444076: Step 1020: Train accuracy = 97.0%
INFO:tensorflow:2019-10-09 17:39:59.444226: Step 1020: Cross entropy = 0.201416
I1009 17:39:59.444236 4547376576 retrain.py:1084] 2019-10-09 17:39:59.444226: Step 1020: Cross entropy = 0.201416
INFO:tensorflow:2019-10-09 17:39:59.500110: Step 1020: Validation accuracy = 38.0% (N=100)
I1009 17:39:59.500159 4547376576 retrain.py:1100] 2019-10-09 17:39:59.500110: Step 1020: Validation accuracy = 38.0% (N=100)
INFO:tensorflow:2019-10-09 17:40:00.055369: Step 1030: Train accuracy = 93.0%
I1009 17:40:00.055413 4547376576 retrain.py:1082] 2019-10-09 17:40:00.055369: Step 1030: Train accuracy = 93.0%
INFO:tensorflow:2019-10-09 17:40:00.055522: Step 1030: Cross entropy = 0.243729
I1009 17:40:00.055535 4547376576 retrain.py:1084] 2019-10-09 17:40:00.055522: Step 1030: Cross entropy = 0.243729
INFO:tensorflow:2019-10-09 17:40:00.111742: Step 1030: Validation accuracy = 39.0% (N=100)
I1009 17:40:00.111790 4547376576 retrain.py:1100] 2019-10-09 17:40:00.111742: Step 1030: Validation accuracy = 39.0% (N=100)
INFO:tensorflow:2019-10-09 17:40:00.665927: Step 1040: Train accuracy = 98.0%
I1009 17:40:00.665971 4547376576 retrain.py:1082] 2019-10-09 17:40:00.665927: Step 1040: Train accuracy = 98.0%
INFO:tensorflow:2019-10-09 17:40:00.666077: Step 1040: Cross entropy = 0.204603
I1009 17:40:00.666086 4547376576 retrain.py:1084] 2019-10-09 17:40:00.666077: Step 1040: Cross entropy = 0.204603
INFO:tensorflow:2019-10-09 17:40:00.722171: Step 1040: Validation accuracy = 24.0% (N=100)
I1009 17:40:00.722218 4547376576 retrain.py:1100] 2019-10-09 17:40:00.722171: Step 1040: Validation accuracy = 24.0% (N=100)
INFO:tensorflow:2019-10-09 17:40:01.276736: Step 1050: Train accuracy = 96.0%
I1009 17:40:01.276782 4547376576 retrain.py:1082] 2019-10-09 17:40:01.276736: Step 1050: Train accuracy = 96.0%
INFO:tensorflow:2019-10-09 17:40:01.276889: Step 1050: Cross entropy = 0.218379
I1009 17:40:01.276914 4547376576 retrain.py:1084] 2019-10-09 17:40:01.276889: Step 1050: Cross entropy = 0.218379
INFO:tensorflow:2019-10-09 17:40:01.334058: Step 1050: Validation accuracy = 36.0% (N=100)
I1009 17:40:01.334106 4547376576 retrain.py:1100] 2019-10-09 17:40:01.334058: Step 1050: Validation accuracy = 36.0% (N=100)
INFO:tensorflow:2019-10-09 17:40:01.888254: Step 1060: Train accuracy = 94.0%
I1009 17:40:01.888298 4547376576 retrain.py:1082] 2019-10-09 17:40:01.888254: Step 1060: Train accuracy = 94.0%
INFO:tensorflow:2019-10-09 17:40:01.888404: Step 1060: Cross entropy = 0.270391
I1009 17:40:01.888429 4547376576 retrain.py:1084] 2019-10-09 17:40:01.888404: Step 1060: Cross entropy = 0.270391
INFO:tensorflow:2019-10-09 17:40:01.944546: Step 1060: Validation accuracy = 45.0% (N=100)
I1009 17:40:01.944596 4547376576 retrain.py:1100] 2019-10-09 17:40:01.944546: Step 1060: Validation accuracy = 45.0% (N=100)
INFO:tensorflow:2019-10-09 17:40:02.499123: Step 1070: Train accuracy = 98.0%
I1009 17:40:02.499166 4547376576 retrain.py:1082] 2019-10-09 17:40:02.499123: Step 1070: Train accuracy = 98.0%
INFO:tensorflow:2019-10-09 17:40:02.499274: Step 1070: Cross entropy = 0.228318
I1009 17:40:02.499285 4547376576 retrain.py:1084] 2019-10-09 17:40:02.499274: Step 1070: Cross entropy = 0.228318
INFO:tensorflow:2019-10-09 17:40:02.555367: Step 1070: Validation accuracy = 30.0% (N=100)
I1009 17:40:02.555416 4547376576 retrain.py:1100] 2019-10-09 17:40:02.555367: Step 1070: Validation accuracy = 30.0% (N=100)
INFO:tensorflow:2019-10-09 17:40:03.108807: Step 1080: Train accuracy = 95.0%
I1009 17:40:03.108850 4547376576 retrain.py:1082] 2019-10-09 17:40:03.108807: Step 1080: Train accuracy = 95.0%
INFO:tensorflow:2019-10-09 17:40:03.108956: Step 1080: Cross entropy = 0.232694
I1009 17:40:03.108968 4547376576 retrain.py:1084] 2019-10-09 17:40:03.108956: Step 1080: Cross entropy = 0.232694
INFO:tensorflow:2019-10-09 17:40:03.164989: Step 1080: Validation accuracy = 30.0% (N=100)
I1009 17:40:03.165040 4547376576 retrain.py:1100] 2019-10-09 17:40:03.164989: Step 1080: Validation accuracy = 30.0% (N=100)
INFO:tensorflow:2019-10-09 17:40:03.720222: Step 1090: Train accuracy = 97.0%
I1009 17:40:03.720265 4547376576 retrain.py:1082] 2019-10-09 17:40:03.720222: Step 1090: Train accuracy = 97.0%
INFO:tensorflow:2019-10-09 17:40:03.720372: Step 1090: Cross entropy = 0.196796
I1009 17:40:03.720396 4547376576 retrain.py:1084] 2019-10-09 17:40:03.720372: Step 1090: Cross entropy = 0.196796
INFO:tensorflow:2019-10-09 17:40:03.776272: Step 1090: Validation accuracy = 33.0% (N=100)
I1009 17:40:03.776319 4547376576 retrain.py:1100] 2019-10-09 17:40:03.776272: Step 1090: Validation accuracy = 33.0% (N=100)
INFO:tensorflow:2019-10-09 17:40:04.331064: Step 1100: Train accuracy = 95.0%
I1009 17:40:04.331108 4547376576 retrain.py:1082] 2019-10-09 17:40:04.331064: Step 1100: Train accuracy = 95.0%
INFO:tensorflow:2019-10-09 17:40:04.331212: Step 1100: Cross entropy = 0.254837
I1009 17:40:04.331223 4547376576 retrain.py:1084] 2019-10-09 17:40:04.331212: Step 1100: Cross entropy = 0.254837
INFO:tensorflow:2019-10-09 17:40:04.387901: Step 1100: Validation accuracy = 28.0% (N=100)
I1009 17:40:04.387952 4547376576 retrain.py:1100] 2019-10-09 17:40:04.387901: Step 1100: Validation accuracy = 28.0% (N=100)
INFO:tensorflow:2019-10-09 17:40:04.941684: Step 1110: Train accuracy = 99.0%
I1009 17:40:04.941730 4547376576 retrain.py:1082] 2019-10-09 17:40:04.941684: Step 1110: Train accuracy = 99.0%
INFO:tensorflow:2019-10-09 17:40:04.941836: Step 1110: Cross entropy = 0.198738
I1009 17:40:04.941847 4547376576 retrain.py:1084] 2019-10-09 17:40:04.941836: Step 1110: Cross entropy = 0.198738
INFO:tensorflow:2019-10-09 17:40:04.997685: Step 1110: Validation accuracy = 32.0% (N=100)
I1009 17:40:04.997733 4547376576 retrain.py:1100] 2019-10-09 17:40:04.997685: Step 1110: Validation accuracy = 32.0% (N=100)
INFO:tensorflow:2019-10-09 17:40:05.551426: Step 1120: Train accuracy = 97.0%
I1009 17:40:05.551470 4547376576 retrain.py:1082] 2019-10-09 17:40:05.551426: Step 1120: Train accuracy = 97.0%
INFO:tensorflow:2019-10-09 17:40:05.551574: Step 1120: Cross entropy = 0.216628
I1009 17:40:05.551584 4547376576 retrain.py:1084] 2019-10-09 17:40:05.551574: Step 1120: Cross entropy = 0.216628
INFO:tensorflow:2019-10-09 17:40:05.607498: Step 1120: Validation accuracy = 33.0% (N=100)
I1009 17:40:05.607546 4547376576 retrain.py:1100] 2019-10-09 17:40:05.607498: Step 1120: Validation accuracy = 33.0% (N=100)
INFO:tensorflow:2019-10-09 17:40:06.161458: Step 1130: Train accuracy = 96.0%
I1009 17:40:06.161501 4547376576 retrain.py:1082] 2019-10-09 17:40:06.161458: Step 1130: Train accuracy = 96.0%
INFO:tensorflow:2019-10-09 17:40:06.161606: Step 1130: Cross entropy = 0.214917
I1009 17:40:06.161615 4547376576 retrain.py:1084] 2019-10-09 17:40:06.161606: Step 1130: Cross entropy = 0.214917
INFO:tensorflow:2019-10-09 17:40:06.217531: Step 1130: Validation accuracy = 42.0% (N=100)
I1009 17:40:06.217579 4547376576 retrain.py:1100] 2019-10-09 17:40:06.217531: Step 1130: Validation accuracy = 42.0% (N=100)
INFO:tensorflow:2019-10-09 17:40:06.770951: Step 1140: Train accuracy = 99.0%
I1009 17:40:06.770995 4547376576 retrain.py:1082] 2019-10-09 17:40:06.770951: Step 1140: Train accuracy = 99.0%
INFO:tensorflow:2019-10-09 17:40:06.771102: Step 1140: Cross entropy = 0.203281
I1009 17:40:06.771113 4547376576 retrain.py:1084] 2019-10-09 17:40:06.771102: Step 1140: Cross entropy = 0.203281
INFO:tensorflow:2019-10-09 17:40:06.827577: Step 1140: Validation accuracy = 26.0% (N=100)
I1009 17:40:06.827625 4547376576 retrain.py:1100] 2019-10-09 17:40:06.827577: Step 1140: Validation accuracy = 26.0% (N=100)
INFO:tensorflow:2019-10-09 17:40:07.382211: Step 1150: Train accuracy = 96.0%
I1009 17:40:07.382256 4547376576 retrain.py:1082] 2019-10-09 17:40:07.382211: Step 1150: Train accuracy = 96.0%
INFO:tensorflow:2019-10-09 17:40:07.382363: Step 1150: Cross entropy = 0.231853
I1009 17:40:07.382373 4547376576 retrain.py:1084] 2019-10-09 17:40:07.382363: Step 1150: Cross entropy = 0.231853
INFO:tensorflow:2019-10-09 17:40:07.438555: Step 1150: Validation accuracy = 37.0% (N=100)
I1009 17:40:07.438604 4547376576 retrain.py:1100] 2019-10-09 17:40:07.438555: Step 1150: Validation accuracy = 37.0% (N=100)
INFO:tensorflow:2019-10-09 17:40:07.992147: Step 1160: Train accuracy = 96.0%
I1009 17:40:07.992192 4547376576 retrain.py:1082] 2019-10-09 17:40:07.992147: Step 1160: Train accuracy = 96.0%
INFO:tensorflow:2019-10-09 17:40:07.992303: Step 1160: Cross entropy = 0.203852
I1009 17:40:07.992314 4547376576 retrain.py:1084] 2019-10-09 17:40:07.992303: Step 1160: Cross entropy = 0.203852
INFO:tensorflow:2019-10-09 17:40:08.048224: Step 1160: Validation accuracy = 39.0% (N=100)
I1009 17:40:08.048271 4547376576 retrain.py:1100] 2019-10-09 17:40:08.048224: Step 1160: Validation accuracy = 39.0% (N=100)
INFO:tensorflow:2019-10-09 17:40:08.602991: Step 1170: Train accuracy = 94.0%
I1009 17:40:08.603034 4547376576 retrain.py:1082] 2019-10-09 17:40:08.602991: Step 1170: Train accuracy = 94.0%
INFO:tensorflow:2019-10-09 17:40:08.603142: Step 1170: Cross entropy = 0.228818
I1009 17:40:08.603152 4547376576 retrain.py:1084] 2019-10-09 17:40:08.603142: Step 1170: Cross entropy = 0.228818
INFO:tensorflow:2019-10-09 17:40:08.659274: Step 1170: Validation accuracy = 37.0% (N=100)
I1009 17:40:08.659322 4547376576 retrain.py:1100] 2019-10-09 17:40:08.659274: Step 1170: Validation accuracy = 37.0% (N=100)
INFO:tensorflow:2019-10-09 17:40:09.214746: Step 1180: Train accuracy = 95.0%
I1009 17:40:09.214790 4547376576 retrain.py:1082] 2019-10-09 17:40:09.214746: Step 1180: Train accuracy = 95.0%
INFO:tensorflow:2019-10-09 17:40:09.214897: Step 1180: Cross entropy = 0.229289
I1009 17:40:09.214906 4547376576 retrain.py:1084] 2019-10-09 17:40:09.214897: Step 1180: Cross entropy = 0.229289
INFO:tensorflow:2019-10-09 17:40:09.271001: Step 1180: Validation accuracy = 28.0% (N=100)
I1009 17:40:09.271049 4547376576 retrain.py:1100] 2019-10-09 17:40:09.271001: Step 1180: Validation accuracy = 28.0% (N=100)
INFO:tensorflow:2019-10-09 17:40:09.825637: Step 1190: Train accuracy = 96.0%
I1009 17:40:09.825681 4547376576 retrain.py:1082] 2019-10-09 17:40:09.825637: Step 1190: Train accuracy = 96.0%
INFO:tensorflow:2019-10-09 17:40:09.825791: Step 1190: Cross entropy = 0.236658
I1009 17:40:09.825803 4547376576 retrain.py:1084] 2019-10-09 17:40:09.825791: Step 1190: Cross entropy = 0.236658
INFO:tensorflow:2019-10-09 17:40:09.882525: Step 1190: Validation accuracy = 34.0% (N=100)
I1009 17:40:09.882570 4547376576 retrain.py:1100] 2019-10-09 17:40:09.882525: Step 1190: Validation accuracy = 34.0% (N=100)
INFO:tensorflow:2019-10-09 17:40:10.437318: Step 1200: Train accuracy = 98.0%
I1009 17:40:10.437362 4547376576 retrain.py:1082] 2019-10-09 17:40:10.437318: Step 1200: Train accuracy = 98.0%
INFO:tensorflow:2019-10-09 17:40:10.437469: Step 1200: Cross entropy = 0.207481
I1009 17:40:10.437479 4547376576 retrain.py:1084] 2019-10-09 17:40:10.437469: Step 1200: Cross entropy = 0.207481
INFO:tensorflow:2019-10-09 17:40:10.493617: Step 1200: Validation accuracy = 24.0% (N=100)
I1009 17:40:10.493665 4547376576 retrain.py:1100] 2019-10-09 17:40:10.493617: Step 1200: Validation accuracy = 24.0% (N=100)
INFO:tensorflow:2019-10-09 17:40:11.048556: Step 1210: Train accuracy = 95.0%
I1009 17:40:11.048599 4547376576 retrain.py:1082] 2019-10-09 17:40:11.048556: Step 1210: Train accuracy = 95.0%
INFO:tensorflow:2019-10-09 17:40:11.048705: Step 1210: Cross entropy = 0.215246
I1009 17:40:11.048716 4547376576 retrain.py:1084] 2019-10-09 17:40:11.048705: Step 1210: Cross entropy = 0.215246
INFO:tensorflow:2019-10-09 17:40:11.104688: Step 1210: Validation accuracy = 39.0% (N=100)
I1009 17:40:11.104737 4547376576 retrain.py:1100] 2019-10-09 17:40:11.104688: Step 1210: Validation accuracy = 39.0% (N=100)
INFO:tensorflow:2019-10-09 17:40:11.658803: Step 1220: Train accuracy = 96.0%
I1009 17:40:11.658847 4547376576 retrain.py:1082] 2019-10-09 17:40:11.658803: Step 1220: Train accuracy = 96.0%
INFO:tensorflow:2019-10-09 17:40:11.658953: Step 1220: Cross entropy = 0.200417
I1009 17:40:11.658963 4547376576 retrain.py:1084] 2019-10-09 17:40:11.658953: Step 1220: Cross entropy = 0.200417
INFO:tensorflow:2019-10-09 17:40:11.715246: Step 1220: Validation accuracy = 40.0% (N=100)
I1009 17:40:11.715296 4547376576 retrain.py:1100] 2019-10-09 17:40:11.715246: Step 1220: Validation accuracy = 40.0% (N=100)
INFO:tensorflow:2019-10-09 17:40:12.269570: Step 1230: Train accuracy = 98.0%
I1009 17:40:12.269613 4547376576 retrain.py:1082] 2019-10-09 17:40:12.269570: Step 1230: Train accuracy = 98.0%
INFO:tensorflow:2019-10-09 17:40:12.269719: Step 1230: Cross entropy = 0.217312
I1009 17:40:12.269730 4547376576 retrain.py:1084] 2019-10-09 17:40:12.269719: Step 1230: Cross entropy = 0.217312
INFO:tensorflow:2019-10-09 17:40:12.326026: Step 1230: Validation accuracy = 29.0% (N=100)
I1009 17:40:12.326076 4547376576 retrain.py:1100] 2019-10-09 17:40:12.326026: Step 1230: Validation accuracy = 29.0% (N=100)
INFO:tensorflow:2019-10-09 17:40:12.888418: Step 1240: Train accuracy = 96.0%
I1009 17:40:12.888462 4547376576 retrain.py:1082] 2019-10-09 17:40:12.888418: Step 1240: Train accuracy = 96.0%
INFO:tensorflow:2019-10-09 17:40:12.888568: Step 1240: Cross entropy = 0.188240
I1009 17:40:12.888577 4547376576 retrain.py:1084] 2019-10-09 17:40:12.888568: Step 1240: Cross entropy = 0.188240
INFO:tensorflow:2019-10-09 17:40:12.944544: Step 1240: Validation accuracy = 37.0% (N=100)
I1009 17:40:12.944592 4547376576 retrain.py:1100] 2019-10-09 17:40:12.944544: Step 1240: Validation accuracy = 37.0% (N=100)
INFO:tensorflow:2019-10-09 17:40:13.498609: Step 1250: Train accuracy = 98.0%
I1009 17:40:13.498655 4547376576 retrain.py:1082] 2019-10-09 17:40:13.498609: Step 1250: Train accuracy = 98.0%
INFO:tensorflow:2019-10-09 17:40:13.498762: Step 1250: Cross entropy = 0.166898
I1009 17:40:13.498773 4547376576 retrain.py:1084] 2019-10-09 17:40:13.498762: Step 1250: Cross entropy = 0.166898
INFO:tensorflow:2019-10-09 17:40:13.554939: Step 1250: Validation accuracy = 51.0% (N=100)
I1009 17:40:13.554988 4547376576 retrain.py:1100] 2019-10-09 17:40:13.554939: Step 1250: Validation accuracy = 51.0% (N=100)
INFO:tensorflow:2019-10-09 17:40:14.108671: Step 1260: Train accuracy = 96.0%
I1009 17:40:14.108715 4547376576 retrain.py:1082] 2019-10-09 17:40:14.108671: Step 1260: Train accuracy = 96.0%
INFO:tensorflow:2019-10-09 17:40:14.108821: Step 1260: Cross entropy = 0.234768
I1009 17:40:14.108830 4547376576 retrain.py:1084] 2019-10-09 17:40:14.108821: Step 1260: Cross entropy = 0.234768
INFO:tensorflow:2019-10-09 17:40:14.164846: Step 1260: Validation accuracy = 33.0% (N=100)
I1009 17:40:14.164895 4547376576 retrain.py:1100] 2019-10-09 17:40:14.164846: Step 1260: Validation accuracy = 33.0% (N=100)
INFO:tensorflow:2019-10-09 17:40:14.720057: Step 1270: Train accuracy = 99.0%
I1009 17:40:14.720101 4547376576 retrain.py:1082] 2019-10-09 17:40:14.720057: Step 1270: Train accuracy = 99.0%
INFO:tensorflow:2019-10-09 17:40:14.720208: Step 1270: Cross entropy = 0.185979
I1009 17:40:14.720218 4547376576 retrain.py:1084] 2019-10-09 17:40:14.720208: Step 1270: Cross entropy = 0.185979
INFO:tensorflow:2019-10-09 17:40:14.776302: Step 1270: Validation accuracy = 37.0% (N=100)
I1009 17:40:14.776348 4547376576 retrain.py:1100] 2019-10-09 17:40:14.776302: Step 1270: Validation accuracy = 37.0% (N=100)
INFO:tensorflow:2019-10-09 17:40:15.331517: Step 1280: Train accuracy = 99.0%
I1009 17:40:15.331562 4547376576 retrain.py:1082] 2019-10-09 17:40:15.331517: Step 1280: Train accuracy = 99.0%
INFO:tensorflow:2019-10-09 17:40:15.331671: Step 1280: Cross entropy = 0.186600
I1009 17:40:15.331681 4547376576 retrain.py:1084] 2019-10-09 17:40:15.331671: Step 1280: Cross entropy = 0.186600
INFO:tensorflow:2019-10-09 17:40:15.388322: Step 1280: Validation accuracy = 44.0% (N=100)
I1009 17:40:15.388372 4547376576 retrain.py:1100] 2019-10-09 17:40:15.388322: Step 1280: Validation accuracy = 44.0% (N=100)
INFO:tensorflow:2019-10-09 17:40:15.942097: Step 1290: Train accuracy = 98.0%
I1009 17:40:15.942142 4547376576 retrain.py:1082] 2019-10-09 17:40:15.942097: Step 1290: Train accuracy = 98.0%
INFO:tensorflow:2019-10-09 17:40:15.942248: Step 1290: Cross entropy = 0.170990
I1009 17:40:15.942258 4547376576 retrain.py:1084] 2019-10-09 17:40:15.942248: Step 1290: Cross entropy = 0.170990
INFO:tensorflow:2019-10-09 17:40:15.998101: Step 1290: Validation accuracy = 32.0% (N=100)
I1009 17:40:15.998149 4547376576 retrain.py:1100] 2019-10-09 17:40:15.998101: Step 1290: Validation accuracy = 32.0% (N=100)
INFO:tensorflow:2019-10-09 17:40:16.551738: Step 1300: Train accuracy = 96.0%
I1009 17:40:16.551782 4547376576 retrain.py:1082] 2019-10-09 17:40:16.551738: Step 1300: Train accuracy = 96.0%
INFO:tensorflow:2019-10-09 17:40:16.551890: Step 1300: Cross entropy = 0.200815
I1009 17:40:16.551900 4547376576 retrain.py:1084] 2019-10-09 17:40:16.551890: Step 1300: Cross entropy = 0.200815
INFO:tensorflow:2019-10-09 17:40:16.608208: Step 1300: Validation accuracy = 34.0% (N=100)
I1009 17:40:16.608257 4547376576 retrain.py:1100] 2019-10-09 17:40:16.608208: Step 1300: Validation accuracy = 34.0% (N=100)
INFO:tensorflow:2019-10-09 17:40:17.163516: Step 1310: Train accuracy = 96.0%
I1009 17:40:17.163562 4547376576 retrain.py:1082] 2019-10-09 17:40:17.163516: Step 1310: Train accuracy = 96.0%
INFO:tensorflow:2019-10-09 17:40:17.163668: Step 1310: Cross entropy = 0.198274
I1009 17:40:17.163677 4547376576 retrain.py:1084] 2019-10-09 17:40:17.163668: Step 1310: Cross entropy = 0.198274
INFO:tensorflow:2019-10-09 17:40:17.219392: Step 1310: Validation accuracy = 42.0% (N=100)
I1009 17:40:17.219435 4547376576 retrain.py:1100] 2019-10-09 17:40:17.219392: Step 1310: Validation accuracy = 42.0% (N=100)
INFO:tensorflow:2019-10-09 17:40:17.774084: Step 1320: Train accuracy = 97.0%
I1009 17:40:17.774140 4547376576 retrain.py:1082] 2019-10-09 17:40:17.774084: Step 1320: Train accuracy = 97.0%
INFO:tensorflow:2019-10-09 17:40:17.774260: Step 1320: Cross entropy = 0.233692
I1009 17:40:17.774271 4547376576 retrain.py:1084] 2019-10-09 17:40:17.774260: Step 1320: Cross entropy = 0.233692
INFO:tensorflow:2019-10-09 17:40:17.830216: Step 1320: Validation accuracy = 28.0% (N=100)
I1009 17:40:17.830265 4547376576 retrain.py:1100] 2019-10-09 17:40:17.830216: Step 1320: Validation accuracy = 28.0% (N=100)
INFO:tensorflow:2019-10-09 17:40:18.385519: Step 1330: Train accuracy = 98.0%
I1009 17:40:18.385566 4547376576 retrain.py:1082] 2019-10-09 17:40:18.385519: Step 1330: Train accuracy = 98.0%
INFO:tensorflow:2019-10-09 17:40:18.385671: Step 1330: Cross entropy = 0.167041
I1009 17:40:18.385680 4547376576 retrain.py:1084] 2019-10-09 17:40:18.385671: Step 1330: Cross entropy = 0.167041
INFO:tensorflow:2019-10-09 17:40:18.441725: Step 1330: Validation accuracy = 28.0% (N=100)
I1009 17:40:18.441771 4547376576 retrain.py:1100] 2019-10-09 17:40:18.441725: Step 1330: Validation accuracy = 28.0% (N=100)
INFO:tensorflow:2019-10-09 17:40:18.995466: Step 1340: Train accuracy = 96.0%
I1009 17:40:18.995511 4547376576 retrain.py:1082] 2019-10-09 17:40:18.995466: Step 1340: Train accuracy = 96.0%
INFO:tensorflow:2019-10-09 17:40:18.995617: Step 1340: Cross entropy = 0.228571
I1009 17:40:18.995628 4547376576 retrain.py:1084] 2019-10-09 17:40:18.995617: Step 1340: Cross entropy = 0.228571
INFO:tensorflow:2019-10-09 17:40:19.051634: Step 1340: Validation accuracy = 33.0% (N=100)
I1009 17:40:19.051681 4547376576 retrain.py:1100] 2019-10-09 17:40:19.051634: Step 1340: Validation accuracy = 33.0% (N=100)
INFO:tensorflow:2019-10-09 17:40:19.605935: Step 1350: Train accuracy = 98.0%
I1009 17:40:19.605979 4547376576 retrain.py:1082] 2019-10-09 17:40:19.605935: Step 1350: Train accuracy = 98.0%
INFO:tensorflow:2019-10-09 17:40:19.606087: Step 1350: Cross entropy = 0.192634
I1009 17:40:19.606097 4547376576 retrain.py:1084] 2019-10-09 17:40:19.606087: Step 1350: Cross entropy = 0.192634
INFO:tensorflow:2019-10-09 17:40:19.661888: Step 1350: Validation accuracy = 32.0% (N=100)
I1009 17:40:19.661936 4547376576 retrain.py:1100] 2019-10-09 17:40:19.661888: Step 1350: Validation accuracy = 32.0% (N=100)
INFO:tensorflow:2019-10-09 17:40:20.215679: Step 1360: Train accuracy = 99.0%
I1009 17:40:20.215726 4547376576 retrain.py:1082] 2019-10-09 17:40:20.215679: Step 1360: Train accuracy = 99.0%
INFO:tensorflow:2019-10-09 17:40:20.215834: Step 1360: Cross entropy = 0.175488
I1009 17:40:20.215845 4547376576 retrain.py:1084] 2019-10-09 17:40:20.215834: Step 1360: Cross entropy = 0.175488
INFO:tensorflow:2019-10-09 17:40:20.271820: Step 1360: Validation accuracy = 32.0% (N=100)
I1009 17:40:20.271868 4547376576 retrain.py:1100] 2019-10-09 17:40:20.271820: Step 1360: Validation accuracy = 32.0% (N=100)
INFO:tensorflow:2019-10-09 17:40:20.825134: Step 1370: Train accuracy = 100.0%
I1009 17:40:20.825191 4547376576 retrain.py:1082] 2019-10-09 17:40:20.825134: Step 1370: Train accuracy = 100.0%
INFO:tensorflow:2019-10-09 17:40:20.825322: Step 1370: Cross entropy = 0.186576
I1009 17:40:20.825335 4547376576 retrain.py:1084] 2019-10-09 17:40:20.825322: Step 1370: Cross entropy = 0.186576
INFO:tensorflow:2019-10-09 17:40:20.881160: Step 1370: Validation accuracy = 32.0% (N=100)
I1009 17:40:20.881209 4547376576 retrain.py:1100] 2019-10-09 17:40:20.881160: Step 1370: Validation accuracy = 32.0% (N=100)
INFO:tensorflow:2019-10-09 17:40:21.435332: Step 1380: Train accuracy = 97.0%
I1009 17:40:21.435376 4547376576 retrain.py:1082] 2019-10-09 17:40:21.435332: Step 1380: Train accuracy = 97.0%
INFO:tensorflow:2019-10-09 17:40:21.435499: Step 1380: Cross entropy = 0.210130
I1009 17:40:21.435537 4547376576 retrain.py:1084] 2019-10-09 17:40:21.435499: Step 1380: Cross entropy = 0.210130
INFO:tensorflow:2019-10-09 17:40:21.491555: Step 1380: Validation accuracy = 31.0% (N=100)
I1009 17:40:21.491599 4547376576 retrain.py:1100] 2019-10-09 17:40:21.491555: Step 1380: Validation accuracy = 31.0% (N=100)
INFO:tensorflow:2019-10-09 17:40:22.045737: Step 1390: Train accuracy = 99.0%
I1009 17:40:22.045782 4547376576 retrain.py:1082] 2019-10-09 17:40:22.045737: Step 1390: Train accuracy = 99.0%
INFO:tensorflow:2019-10-09 17:40:22.045908: Step 1390: Cross entropy = 0.167949
I1009 17:40:22.045938 4547376576 retrain.py:1084] 2019-10-09 17:40:22.045908: Step 1390: Cross entropy = 0.167949
INFO:tensorflow:2019-10-09 17:40:22.101988: Step 1390: Validation accuracy = 34.0% (N=100)
I1009 17:40:22.102033 4547376576 retrain.py:1100] 2019-10-09 17:40:22.101988: Step 1390: Validation accuracy = 34.0% (N=100)
INFO:tensorflow:2019-10-09 17:40:22.655498: Step 1400: Train accuracy = 93.0%
I1009 17:40:22.655544 4547376576 retrain.py:1082] 2019-10-09 17:40:22.655498: Step 1400: Train accuracy = 93.0%
INFO:tensorflow:2019-10-09 17:40:22.655652: Step 1400: Cross entropy = 0.194007
I1009 17:40:22.655663 4547376576 retrain.py:1084] 2019-10-09 17:40:22.655652: Step 1400: Cross entropy = 0.194007
INFO:tensorflow:2019-10-09 17:40:22.711653: Step 1400: Validation accuracy = 38.0% (N=100)
I1009 17:40:22.711702 4547376576 retrain.py:1100] 2019-10-09 17:40:22.711653: Step 1400: Validation accuracy = 38.0% (N=100)
INFO:tensorflow:2019-10-09 17:40:23.265473: Step 1410: Train accuracy = 95.0%
I1009 17:40:23.265518 4547376576 retrain.py:1082] 2019-10-09 17:40:23.265473: Step 1410: Train accuracy = 95.0%
INFO:tensorflow:2019-10-09 17:40:23.265625: Step 1410: Cross entropy = 0.206048
I1009 17:40:23.265636 4547376576 retrain.py:1084] 2019-10-09 17:40:23.265625: Step 1410: Cross entropy = 0.206048
INFO:tensorflow:2019-10-09 17:40:23.322456: Step 1410: Validation accuracy = 28.0% (N=100)
I1009 17:40:23.322504 4547376576 retrain.py:1100] 2019-10-09 17:40:23.322456: Step 1410: Validation accuracy = 28.0% (N=100)
INFO:tensorflow:2019-10-09 17:40:23.875524: Step 1420: Train accuracy = 96.0%
I1009 17:40:23.875581 4547376576 retrain.py:1082] 2019-10-09 17:40:23.875524: Step 1420: Train accuracy = 96.0%
INFO:tensorflow:2019-10-09 17:40:23.875716: Step 1420: Cross entropy = 0.210393
I1009 17:40:23.875727 4547376576 retrain.py:1084] 2019-10-09 17:40:23.875716: Step 1420: Cross entropy = 0.210393
INFO:tensorflow:2019-10-09 17:40:23.931908: Step 1420: Validation accuracy = 34.0% (N=100)
I1009 17:40:23.931953 4547376576 retrain.py:1100] 2019-10-09 17:40:23.931908: Step 1420: Validation accuracy = 34.0% (N=100)
INFO:tensorflow:2019-10-09 17:40:24.485564: Step 1430: Train accuracy = 98.0%
I1009 17:40:24.485607 4547376576 retrain.py:1082] 2019-10-09 17:40:24.485564: Step 1430: Train accuracy = 98.0%
INFO:tensorflow:2019-10-09 17:40:24.485713: Step 1430: Cross entropy = 0.184053
I1009 17:40:24.485723 4547376576 retrain.py:1084] 2019-10-09 17:40:24.485713: Step 1430: Cross entropy = 0.184053
INFO:tensorflow:2019-10-09 17:40:24.541683: Step 1430: Validation accuracy = 28.0% (N=100)
I1009 17:40:24.541733 4547376576 retrain.py:1100] 2019-10-09 17:40:24.541683: Step 1430: Validation accuracy = 28.0% (N=100)
INFO:tensorflow:2019-10-09 17:40:25.095761: Step 1440: Train accuracy = 97.0%
I1009 17:40:25.095805 4547376576 retrain.py:1082] 2019-10-09 17:40:25.095761: Step 1440: Train accuracy = 97.0%
INFO:tensorflow:2019-10-09 17:40:25.095912: Step 1440: Cross entropy = 0.226090
I1009 17:40:25.095922 4547376576 retrain.py:1084] 2019-10-09 17:40:25.095912: Step 1440: Cross entropy = 0.226090
INFO:tensorflow:2019-10-09 17:40:25.152020: Step 1440: Validation accuracy = 38.0% (N=100)
I1009 17:40:25.152069 4547376576 retrain.py:1100] 2019-10-09 17:40:25.152020: Step 1440: Validation accuracy = 38.0% (N=100)
INFO:tensorflow:2019-10-09 17:40:25.706633: Step 1450: Train accuracy = 98.0%
I1009 17:40:25.706677 4547376576 retrain.py:1082] 2019-10-09 17:40:25.706633: Step 1450: Train accuracy = 98.0%
INFO:tensorflow:2019-10-09 17:40:25.706787: Step 1450: Cross entropy = 0.189882
I1009 17:40:25.706799 4547376576 retrain.py:1084] 2019-10-09 17:40:25.706787: Step 1450: Cross entropy = 0.189882
INFO:tensorflow:2019-10-09 17:40:25.762896: Step 1450: Validation accuracy = 33.0% (N=100)
I1009 17:40:25.762943 4547376576 retrain.py:1100] 2019-10-09 17:40:25.762896: Step 1450: Validation accuracy = 33.0% (N=100)
INFO:tensorflow:2019-10-09 17:40:26.318349: Step 1460: Train accuracy = 95.0%
I1009 17:40:26.318405 4547376576 retrain.py:1082] 2019-10-09 17:40:26.318349: Step 1460: Train accuracy = 95.0%
INFO:tensorflow:2019-10-09 17:40:26.318522: Step 1460: Cross entropy = 0.204136
I1009 17:40:26.318534 4547376576 retrain.py:1084] 2019-10-09 17:40:26.318522: Step 1460: Cross entropy = 0.204136
INFO:tensorflow:2019-10-09 17:40:26.374460: Step 1460: Validation accuracy = 46.0% (N=100)
I1009 17:40:26.374508 4547376576 retrain.py:1100] 2019-10-09 17:40:26.374460: Step 1460: Validation accuracy = 46.0% (N=100)
INFO:tensorflow:2019-10-09 17:40:26.927898: Step 1470: Train accuracy = 95.0%
I1009 17:40:26.927941 4547376576 retrain.py:1082] 2019-10-09 17:40:26.927898: Step 1470: Train accuracy = 95.0%
INFO:tensorflow:2019-10-09 17:40:26.928047: Step 1470: Cross entropy = 0.180712
I1009 17:40:26.928058 4547376576 retrain.py:1084] 2019-10-09 17:40:26.928047: Step 1470: Cross entropy = 0.180712
INFO:tensorflow:2019-10-09 17:40:26.983903: Step 1470: Validation accuracy = 36.0% (N=100)
I1009 17:40:26.983950 4547376576 retrain.py:1100] 2019-10-09 17:40:26.983903: Step 1470: Validation accuracy = 36.0% (N=100)
INFO:tensorflow:2019-10-09 17:40:27.538665: Step 1480: Train accuracy = 97.0%
I1009 17:40:27.538710 4547376576 retrain.py:1082] 2019-10-09 17:40:27.538665: Step 1480: Train accuracy = 97.0%
INFO:tensorflow:2019-10-09 17:40:27.538817: Step 1480: Cross entropy = 0.189914
I1009 17:40:27.538828 4547376576 retrain.py:1084] 2019-10-09 17:40:27.538817: Step 1480: Cross entropy = 0.189914
INFO:tensorflow:2019-10-09 17:40:27.594656: Step 1480: Validation accuracy = 25.0% (N=100)
I1009 17:40:27.594704 4547376576 retrain.py:1100] 2019-10-09 17:40:27.594656: Step 1480: Validation accuracy = 25.0% (N=100)
INFO:tensorflow:2019-10-09 17:40:28.148817: Step 1490: Train accuracy = 99.0%
I1009 17:40:28.148860 4547376576 retrain.py:1082] 2019-10-09 17:40:28.148817: Step 1490: Train accuracy = 99.0%
INFO:tensorflow:2019-10-09 17:40:28.148989: Step 1490: Cross entropy = 0.185410
I1009 17:40:28.149002 4547376576 retrain.py:1084] 2019-10-09 17:40:28.148989: Step 1490: Cross entropy = 0.185410
INFO:tensorflow:2019-10-09 17:40:28.205160: Step 1490: Validation accuracy = 33.0% (N=100)
I1009 17:40:28.205208 4547376576 retrain.py:1100] 2019-10-09 17:40:28.205160: Step 1490: Validation accuracy = 33.0% (N=100)
INFO:tensorflow:2019-10-09 17:40:28.760162: Step 1500: Train accuracy = 98.0%
I1009 17:40:28.760207 4547376576 retrain.py:1082] 2019-10-09 17:40:28.760162: Step 1500: Train accuracy = 98.0%
INFO:tensorflow:2019-10-09 17:40:28.760314: Step 1500: Cross entropy = 0.161422
I1009 17:40:28.760324 4547376576 retrain.py:1084] 2019-10-09 17:40:28.760314: Step 1500: Cross entropy = 0.161422
INFO:tensorflow:2019-10-09 17:40:28.816839: Step 1500: Validation accuracy = 30.0% (N=100)
I1009 17:40:28.816888 4547376576 retrain.py:1100] 2019-10-09 17:40:28.816839: Step 1500: Validation accuracy = 30.0% (N=100)
INFO:tensorflow:2019-10-09 17:40:29.371353: Step 1510: Train accuracy = 97.0%
I1009 17:40:29.371398 4547376576 retrain.py:1082] 2019-10-09 17:40:29.371353: Step 1510: Train accuracy = 97.0%
INFO:tensorflow:2019-10-09 17:40:29.371505: Step 1510: Cross entropy = 0.164037
I1009 17:40:29.371517 4547376576 retrain.py:1084] 2019-10-09 17:40:29.371505: Step 1510: Cross entropy = 0.164037
INFO:tensorflow:2019-10-09 17:40:29.427618: Step 1510: Validation accuracy = 37.0% (N=100)
I1009 17:40:29.427665 4547376576 retrain.py:1100] 2019-10-09 17:40:29.427618: Step 1510: Validation accuracy = 37.0% (N=100)
INFO:tensorflow:2019-10-09 17:40:29.981075: Step 1520: Train accuracy = 99.0%
I1009 17:40:29.981118 4547376576 retrain.py:1082] 2019-10-09 17:40:29.981075: Step 1520: Train accuracy = 99.0%
INFO:tensorflow:2019-10-09 17:40:29.981223: Step 1520: Cross entropy = 0.185686
I1009 17:40:29.981233 4547376576 retrain.py:1084] 2019-10-09 17:40:29.981223: Step 1520: Cross entropy = 0.185686
INFO:tensorflow:2019-10-09 17:40:30.037137: Step 1520: Validation accuracy = 37.0% (N=100)
I1009 17:40:30.037186 4547376576 retrain.py:1100] 2019-10-09 17:40:30.037137: Step 1520: Validation accuracy = 37.0% (N=100)
INFO:tensorflow:2019-10-09 17:40:30.590323: Step 1530: Train accuracy = 99.0%
I1009 17:40:30.590368 4547376576 retrain.py:1082] 2019-10-09 17:40:30.590323: Step 1530: Train accuracy = 99.0%
INFO:tensorflow:2019-10-09 17:40:30.590476: Step 1530: Cross entropy = 0.171441
I1009 17:40:30.590487 4547376576 retrain.py:1084] 2019-10-09 17:40:30.590476: Step 1530: Cross entropy = 0.171441
INFO:tensorflow:2019-10-09 17:40:30.646555: Step 1530: Validation accuracy = 32.0% (N=100)
I1009 17:40:30.646604 4547376576 retrain.py:1100] 2019-10-09 17:40:30.646555: Step 1530: Validation accuracy = 32.0% (N=100)
INFO:tensorflow:2019-10-09 17:40:31.200322: Step 1540: Train accuracy = 99.0%
I1009 17:40:31.200368 4547376576 retrain.py:1082] 2019-10-09 17:40:31.200322: Step 1540: Train accuracy = 99.0%
INFO:tensorflow:2019-10-09 17:40:31.200472: Step 1540: Cross entropy = 0.201459
I1009 17:40:31.200483 4547376576 retrain.py:1084] 2019-10-09 17:40:31.200472: Step 1540: Cross entropy = 0.201459
INFO:tensorflow:2019-10-09 17:40:31.256340: Step 1540: Validation accuracy = 29.0% (N=100)
I1009 17:40:31.256389 4547376576 retrain.py:1100] 2019-10-09 17:40:31.256340: Step 1540: Validation accuracy = 29.0% (N=100)
INFO:tensorflow:2019-10-09 17:40:31.810919: Step 1550: Train accuracy = 97.0%
I1009 17:40:31.810966 4547376576 retrain.py:1082] 2019-10-09 17:40:31.810919: Step 1550: Train accuracy = 97.0%
INFO:tensorflow:2019-10-09 17:40:31.811073: Step 1550: Cross entropy = 0.190021
I1009 17:40:31.811084 4547376576 retrain.py:1084] 2019-10-09 17:40:31.811073: Step 1550: Cross entropy = 0.190021
INFO:tensorflow:2019-10-09 17:40:31.866864: Step 1550: Validation accuracy = 29.0% (N=100)
I1009 17:40:31.866914 4547376576 retrain.py:1100] 2019-10-09 17:40:31.866864: Step 1550: Validation accuracy = 29.0% (N=100)
INFO:tensorflow:2019-10-09 17:40:32.420930: Step 1560: Train accuracy = 97.0%
I1009 17:40:32.420975 4547376576 retrain.py:1082] 2019-10-09 17:40:32.420930: Step 1560: Train accuracy = 97.0%
INFO:tensorflow:2019-10-09 17:40:32.421081: Step 1560: Cross entropy = 0.168780
I1009 17:40:32.421092 4547376576 retrain.py:1084] 2019-10-09 17:40:32.421081: Step 1560: Cross entropy = 0.168780
INFO:tensorflow:2019-10-09 17:40:32.477154: Step 1560: Validation accuracy = 22.0% (N=100)
I1009 17:40:32.477204 4547376576 retrain.py:1100] 2019-10-09 17:40:32.477154: Step 1560: Validation accuracy = 22.0% (N=100)
INFO:tensorflow:2019-10-09 17:40:33.032599: Step 1570: Train accuracy = 98.0%
I1009 17:40:33.032644 4547376576 retrain.py:1082] 2019-10-09 17:40:33.032599: Step 1570: Train accuracy = 98.0%
INFO:tensorflow:2019-10-09 17:40:33.032750: Step 1570: Cross entropy = 0.192487
I1009 17:40:33.032761 4547376576 retrain.py:1084] 2019-10-09 17:40:33.032750: Step 1570: Cross entropy = 0.192487
INFO:tensorflow:2019-10-09 17:40:33.088900: Step 1570: Validation accuracy = 41.0% (N=100)
I1009 17:40:33.088951 4547376576 retrain.py:1100] 2019-10-09 17:40:33.088900: Step 1570: Validation accuracy = 41.0% (N=100)
INFO:tensorflow:2019-10-09 17:40:33.643219: Step 1580: Train accuracy = 98.0%
I1009 17:40:33.643264 4547376576 retrain.py:1082] 2019-10-09 17:40:33.643219: Step 1580: Train accuracy = 98.0%
INFO:tensorflow:2019-10-09 17:40:33.643368: Step 1580: Cross entropy = 0.195669
I1009 17:40:33.643378 4547376576 retrain.py:1084] 2019-10-09 17:40:33.643368: Step 1580: Cross entropy = 0.195669
INFO:tensorflow:2019-10-09 17:40:33.699265: Step 1580: Validation accuracy = 45.0% (N=100)
I1009 17:40:33.699312 4547376576 retrain.py:1100] 2019-10-09 17:40:33.699265: Step 1580: Validation accuracy = 45.0% (N=100)
INFO:tensorflow:2019-10-09 17:40:34.254286: Step 1590: Train accuracy = 98.0%
I1009 17:40:34.254330 4547376576 retrain.py:1082] 2019-10-09 17:40:34.254286: Step 1590: Train accuracy = 98.0%
INFO:tensorflow:2019-10-09 17:40:34.254453: Step 1590: Cross entropy = 0.175774
I1009 17:40:34.254482 4547376576 retrain.py:1084] 2019-10-09 17:40:34.254453: Step 1590: Cross entropy = 0.175774
INFO:tensorflow:2019-10-09 17:40:34.310790: Step 1590: Validation accuracy = 36.0% (N=100)
I1009 17:40:34.310838 4547376576 retrain.py:1100] 2019-10-09 17:40:34.310790: Step 1590: Validation accuracy = 36.0% (N=100)
INFO:tensorflow:2019-10-09 17:40:34.865198: Step 1600: Train accuracy = 99.0%
I1009 17:40:34.865242 4547376576 retrain.py:1082] 2019-10-09 17:40:34.865198: Step 1600: Train accuracy = 99.0%
INFO:tensorflow:2019-10-09 17:40:34.865349: Step 1600: Cross entropy = 0.201180
I1009 17:40:34.865359 4547376576 retrain.py:1084] 2019-10-09 17:40:34.865349: Step 1600: Cross entropy = 0.201180
INFO:tensorflow:2019-10-09 17:40:34.921558: Step 1600: Validation accuracy = 31.0% (N=100)
I1009 17:40:34.921602 4547376576 retrain.py:1100] 2019-10-09 17:40:34.921558: Step 1600: Validation accuracy = 31.0% (N=100)
INFO:tensorflow:2019-10-09 17:40:35.476139: Step 1610: Train accuracy = 96.0%
I1009 17:40:35.476182 4547376576 retrain.py:1082] 2019-10-09 17:40:35.476139: Step 1610: Train accuracy = 96.0%
INFO:tensorflow:2019-10-09 17:40:35.476326: Step 1610: Cross entropy = 0.188957
I1009 17:40:35.476336 4547376576 retrain.py:1084] 2019-10-09 17:40:35.476326: Step 1610: Cross entropy = 0.188957
INFO:tensorflow:2019-10-09 17:40:35.532384: Step 1610: Validation accuracy = 36.0% (N=100)
I1009 17:40:35.532431 4547376576 retrain.py:1100] 2019-10-09 17:40:35.532384: Step 1610: Validation accuracy = 36.0% (N=100)
INFO:tensorflow:2019-10-09 17:40:36.087018: Step 1620: Train accuracy = 99.0%
I1009 17:40:36.087062 4547376576 retrain.py:1082] 2019-10-09 17:40:36.087018: Step 1620: Train accuracy = 99.0%
INFO:tensorflow:2019-10-09 17:40:36.087168: Step 1620: Cross entropy = 0.161121
I1009 17:40:36.087178 4547376576 retrain.py:1084] 2019-10-09 17:40:36.087168: Step 1620: Cross entropy = 0.161121
INFO:tensorflow:2019-10-09 17:40:36.143019: Step 1620: Validation accuracy = 27.0% (N=100)
I1009 17:40:36.143064 4547376576 retrain.py:1100] 2019-10-09 17:40:36.143019: Step 1620: Validation accuracy = 27.0% (N=100)
INFO:tensorflow:2019-10-09 17:40:36.697214: Step 1630: Train accuracy = 99.0%
I1009 17:40:36.697257 4547376576 retrain.py:1082] 2019-10-09 17:40:36.697214: Step 1630: Train accuracy = 99.0%
INFO:tensorflow:2019-10-09 17:40:36.697362: Step 1630: Cross entropy = 0.179782
I1009 17:40:36.697372 4547376576 retrain.py:1084] 2019-10-09 17:40:36.697362: Step 1630: Cross entropy = 0.179782
INFO:tensorflow:2019-10-09 17:40:36.753135: Step 1630: Validation accuracy = 27.0% (N=100)
I1009 17:40:36.753185 4547376576 retrain.py:1100] 2019-10-09 17:40:36.753135: Step 1630: Validation accuracy = 27.0% (N=100)
INFO:tensorflow:2019-10-09 17:40:37.306850: Step 1640: Train accuracy = 97.0%
I1009 17:40:37.306895 4547376576 retrain.py:1082] 2019-10-09 17:40:37.306850: Step 1640: Train accuracy = 97.0%
INFO:tensorflow:2019-10-09 17:40:37.306999: Step 1640: Cross entropy = 0.187886
I1009 17:40:37.307008 4547376576 retrain.py:1084] 2019-10-09 17:40:37.306999: Step 1640: Cross entropy = 0.187886
INFO:tensorflow:2019-10-09 17:40:37.363518: Step 1640: Validation accuracy = 37.0% (N=100)
I1009 17:40:37.363568 4547376576 retrain.py:1100] 2019-10-09 17:40:37.363518: Step 1640: Validation accuracy = 37.0% (N=100)
INFO:tensorflow:2019-10-09 17:40:37.918958: Step 1650: Train accuracy = 100.0%
I1009 17:40:37.919002 4547376576 retrain.py:1082] 2019-10-09 17:40:37.918958: Step 1650: Train accuracy = 100.0%
INFO:tensorflow:2019-10-09 17:40:37.919109: Step 1650: Cross entropy = 0.132747
I1009 17:40:37.919120 4547376576 retrain.py:1084] 2019-10-09 17:40:37.919109: Step 1650: Cross entropy = 0.132747
INFO:tensorflow:2019-10-09 17:40:37.975136: Step 1650: Validation accuracy = 34.0% (N=100)
I1009 17:40:37.975184 4547376576 retrain.py:1100] 2019-10-09 17:40:37.975136: Step 1650: Validation accuracy = 34.0% (N=100)
INFO:tensorflow:2019-10-09 17:40:38.529762: Step 1660: Train accuracy = 97.0%
I1009 17:40:38.529807 4547376576 retrain.py:1082] 2019-10-09 17:40:38.529762: Step 1660: Train accuracy = 97.0%
INFO:tensorflow:2019-10-09 17:40:38.529915: Step 1660: Cross entropy = 0.182825
I1009 17:40:38.529925 4547376576 retrain.py:1084] 2019-10-09 17:40:38.529915: Step 1660: Cross entropy = 0.182825
INFO:tensorflow:2019-10-09 17:40:38.585800: Step 1660: Validation accuracy = 39.0% (N=100)
I1009 17:40:38.585849 4547376576 retrain.py:1100] 2019-10-09 17:40:38.585800: Step 1660: Validation accuracy = 39.0% (N=100)
INFO:tensorflow:2019-10-09 17:40:39.140508: Step 1670: Train accuracy = 96.0%
I1009 17:40:39.140552 4547376576 retrain.py:1082] 2019-10-09 17:40:39.140508: Step 1670: Train accuracy = 96.0%
INFO:tensorflow:2019-10-09 17:40:39.140656: Step 1670: Cross entropy = 0.189928
I1009 17:40:39.140666 4547376576 retrain.py:1084] 2019-10-09 17:40:39.140656: Step 1670: Cross entropy = 0.189928
INFO:tensorflow:2019-10-09 17:40:39.197969: Step 1670: Validation accuracy = 36.0% (N=100)
I1009 17:40:39.198021 4547376576 retrain.py:1100] 2019-10-09 17:40:39.197969: Step 1670: Validation accuracy = 36.0% (N=100)
INFO:tensorflow:2019-10-09 17:40:39.754460: Step 1680: Train accuracy = 96.0%
I1009 17:40:39.754504 4547376576 retrain.py:1082] 2019-10-09 17:40:39.754460: Step 1680: Train accuracy = 96.0%
INFO:tensorflow:2019-10-09 17:40:39.754607: Step 1680: Cross entropy = 0.204601
I1009 17:40:39.754618 4547376576 retrain.py:1084] 2019-10-09 17:40:39.754607: Step 1680: Cross entropy = 0.204601
INFO:tensorflow:2019-10-09 17:40:39.811402: Step 1680: Validation accuracy = 33.0% (N=100)
I1009 17:40:39.811451 4547376576 retrain.py:1100] 2019-10-09 17:40:39.811402: Step 1680: Validation accuracy = 33.0% (N=100)
INFO:tensorflow:2019-10-09 17:40:40.366331: Step 1690: Train accuracy = 99.0%
I1009 17:40:40.366382 4547376576 retrain.py:1082] 2019-10-09 17:40:40.366331: Step 1690: Train accuracy = 99.0%
INFO:tensorflow:2019-10-09 17:40:40.366495: Step 1690: Cross entropy = 0.158637
I1009 17:40:40.366508 4547376576 retrain.py:1084] 2019-10-09 17:40:40.366495: Step 1690: Cross entropy = 0.158637
INFO:tensorflow:2019-10-09 17:40:40.423103: Step 1690: Validation accuracy = 40.0% (N=100)
I1009 17:40:40.423152 4547376576 retrain.py:1100] 2019-10-09 17:40:40.423103: Step 1690: Validation accuracy = 40.0% (N=100)
INFO:tensorflow:2019-10-09 17:40:40.977620: Step 1700: Train accuracy = 97.0%
I1009 17:40:40.977664 4547376576 retrain.py:1082] 2019-10-09 17:40:40.977620: Step 1700: Train accuracy = 97.0%
INFO:tensorflow:2019-10-09 17:40:40.977769: Step 1700: Cross entropy = 0.169352
I1009 17:40:40.977778 4547376576 retrain.py:1084] 2019-10-09 17:40:40.977769: Step 1700: Cross entropy = 0.169352
INFO:tensorflow:2019-10-09 17:40:41.033768: Step 1700: Validation accuracy = 35.0% (N=100)
I1009 17:40:41.033817 4547376576 retrain.py:1100] 2019-10-09 17:40:41.033768: Step 1700: Validation accuracy = 35.0% (N=100)
INFO:tensorflow:2019-10-09 17:40:41.588224: Step 1710: Train accuracy = 97.0%
I1009 17:40:41.588268 4547376576 retrain.py:1082] 2019-10-09 17:40:41.588224: Step 1710: Train accuracy = 97.0%
INFO:tensorflow:2019-10-09 17:40:41.588373: Step 1710: Cross entropy = 0.177416
I1009 17:40:41.588383 4547376576 retrain.py:1084] 2019-10-09 17:40:41.588373: Step 1710: Cross entropy = 0.177416
INFO:tensorflow:2019-10-09 17:40:41.644423: Step 1710: Validation accuracy = 37.0% (N=100)
I1009 17:40:41.644468 4547376576 retrain.py:1100] 2019-10-09 17:40:41.644423: Step 1710: Validation accuracy = 37.0% (N=100)
INFO:tensorflow:2019-10-09 17:40:42.199860: Step 1720: Train accuracy = 100.0%
I1009 17:40:42.199904 4547376576 retrain.py:1082] 2019-10-09 17:40:42.199860: Step 1720: Train accuracy = 100.0%
INFO:tensorflow:2019-10-09 17:40:42.200013: Step 1720: Cross entropy = 0.155378
I1009 17:40:42.200024 4547376576 retrain.py:1084] 2019-10-09 17:40:42.200013: Step 1720: Cross entropy = 0.155378
INFO:tensorflow:2019-10-09 17:40:42.255958: Step 1720: Validation accuracy = 32.0% (N=100)
I1009 17:40:42.256006 4547376576 retrain.py:1100] 2019-10-09 17:40:42.255958: Step 1720: Validation accuracy = 32.0% (N=100)
INFO:tensorflow:2019-10-09 17:40:42.813434: Step 1730: Train accuracy = 99.0%
I1009 17:40:42.813479 4547376576 retrain.py:1082] 2019-10-09 17:40:42.813434: Step 1730: Train accuracy = 99.0%
INFO:tensorflow:2019-10-09 17:40:42.813586: Step 1730: Cross entropy = 0.155293
I1009 17:40:42.813596 4547376576 retrain.py:1084] 2019-10-09 17:40:42.813586: Step 1730: Cross entropy = 0.155293
INFO:tensorflow:2019-10-09 17:40:42.869404: Step 1730: Validation accuracy = 32.0% (N=100)
I1009 17:40:42.869451 4547376576 retrain.py:1100] 2019-10-09 17:40:42.869404: Step 1730: Validation accuracy = 32.0% (N=100)
INFO:tensorflow:2019-10-09 17:40:43.425084: Step 1740: Train accuracy = 99.0%
I1009 17:40:43.425139 4547376576 retrain.py:1082] 2019-10-09 17:40:43.425084: Step 1740: Train accuracy = 99.0%
INFO:tensorflow:2019-10-09 17:40:43.425261: Step 1740: Cross entropy = 0.149541
I1009 17:40:43.425271 4547376576 retrain.py:1084] 2019-10-09 17:40:43.425261: Step 1740: Cross entropy = 0.149541
INFO:tensorflow:2019-10-09 17:40:43.481245: Step 1740: Validation accuracy = 35.0% (N=100)
I1009 17:40:43.481295 4547376576 retrain.py:1100] 2019-10-09 17:40:43.481245: Step 1740: Validation accuracy = 35.0% (N=100)
INFO:tensorflow:2019-10-09 17:40:44.036166: Step 1750: Train accuracy = 100.0%
I1009 17:40:44.036211 4547376576 retrain.py:1082] 2019-10-09 17:40:44.036166: Step 1750: Train accuracy = 100.0%
INFO:tensorflow:2019-10-09 17:40:44.036318: Step 1750: Cross entropy = 0.158146
I1009 17:40:44.036329 4547376576 retrain.py:1084] 2019-10-09 17:40:44.036318: Step 1750: Cross entropy = 0.158146
INFO:tensorflow:2019-10-09 17:40:44.092185: Step 1750: Validation accuracy = 29.0% (N=100)
I1009 17:40:44.092239 4547376576 retrain.py:1100] 2019-10-09 17:40:44.092185: Step 1750: Validation accuracy = 29.0% (N=100)
INFO:tensorflow:2019-10-09 17:40:44.646764: Step 1760: Train accuracy = 99.0%
I1009 17:40:44.646810 4547376576 retrain.py:1082] 2019-10-09 17:40:44.646764: Step 1760: Train accuracy = 99.0%
INFO:tensorflow:2019-10-09 17:40:44.646915: Step 1760: Cross entropy = 0.162490
I1009 17:40:44.646926 4547376576 retrain.py:1084] 2019-10-09 17:40:44.646915: Step 1760: Cross entropy = 0.162490
INFO:tensorflow:2019-10-09 17:40:44.702842: Step 1760: Validation accuracy = 34.0% (N=100)
I1009 17:40:44.702888 4547376576 retrain.py:1100] 2019-10-09 17:40:44.702842: Step 1760: Validation accuracy = 34.0% (N=100)
INFO:tensorflow:2019-10-09 17:40:45.257997: Step 1770: Train accuracy = 98.0%
I1009 17:40:45.258042 4547376576 retrain.py:1082] 2019-10-09 17:40:45.257997: Step 1770: Train accuracy = 98.0%
INFO:tensorflow:2019-10-09 17:40:45.258149: Step 1770: Cross entropy = 0.166091
I1009 17:40:45.258160 4547376576 retrain.py:1084] 2019-10-09 17:40:45.258149: Step 1770: Cross entropy = 0.166091
INFO:tensorflow:2019-10-09 17:40:45.314172: Step 1770: Validation accuracy = 29.0% (N=100)
I1009 17:40:45.314221 4547376576 retrain.py:1100] 2019-10-09 17:40:45.314172: Step 1770: Validation accuracy = 29.0% (N=100)
INFO:tensorflow:2019-10-09 17:40:45.869826: Step 1780: Train accuracy = 99.0%
I1009 17:40:45.869872 4547376576 retrain.py:1082] 2019-10-09 17:40:45.869826: Step 1780: Train accuracy = 99.0%
INFO:tensorflow:2019-10-09 17:40:45.869980: Step 1780: Cross entropy = 0.159684
I1009 17:40:45.869990 4547376576 retrain.py:1084] 2019-10-09 17:40:45.869980: Step 1780: Cross entropy = 0.159684
INFO:tensorflow:2019-10-09 17:40:45.926008: Step 1780: Validation accuracy = 30.0% (N=100)
I1009 17:40:45.926058 4547376576 retrain.py:1100] 2019-10-09 17:40:45.926008: Step 1780: Validation accuracy = 30.0% (N=100)
INFO:tensorflow:2019-10-09 17:40:46.480847: Step 1790: Train accuracy = 95.0%
I1009 17:40:46.480890 4547376576 retrain.py:1082] 2019-10-09 17:40:46.480847: Step 1790: Train accuracy = 95.0%
INFO:tensorflow:2019-10-09 17:40:46.480999: Step 1790: Cross entropy = 0.189723
I1009 17:40:46.481010 4547376576 retrain.py:1084] 2019-10-09 17:40:46.480999: Step 1790: Cross entropy = 0.189723
INFO:tensorflow:2019-10-09 17:40:46.537466: Step 1790: Validation accuracy = 35.0% (N=100)
I1009 17:40:46.537513 4547376576 retrain.py:1100] 2019-10-09 17:40:46.537466: Step 1790: Validation accuracy = 35.0% (N=100)
INFO:tensorflow:2019-10-09 17:40:47.092493: Step 1800: Train accuracy = 100.0%
I1009 17:40:47.092538 4547376576 retrain.py:1082] 2019-10-09 17:40:47.092493: Step 1800: Train accuracy = 100.0%
INFO:tensorflow:2019-10-09 17:40:47.092646: Step 1800: Cross entropy = 0.143148
I1009 17:40:47.092656 4547376576 retrain.py:1084] 2019-10-09 17:40:47.092646: Step 1800: Cross entropy = 0.143148
INFO:tensorflow:2019-10-09 17:40:47.149943: Step 1800: Validation accuracy = 33.0% (N=100)
I1009 17:40:47.149990 4547376576 retrain.py:1100] 2019-10-09 17:40:47.149943: Step 1800: Validation accuracy = 33.0% (N=100)
INFO:tensorflow:2019-10-09 17:40:47.704943: Step 1810: Train accuracy = 99.0%
I1009 17:40:47.704988 4547376576 retrain.py:1082] 2019-10-09 17:40:47.704943: Step 1810: Train accuracy = 99.0%
INFO:tensorflow:2019-10-09 17:40:47.705095: Step 1810: Cross entropy = 0.140471
I1009 17:40:47.705121 4547376576 retrain.py:1084] 2019-10-09 17:40:47.705095: Step 1810: Cross entropy = 0.140471
INFO:tensorflow:2019-10-09 17:40:47.761334: Step 1810: Validation accuracy = 39.0% (N=100)
I1009 17:40:47.761382 4547376576 retrain.py:1100] 2019-10-09 17:40:47.761334: Step 1810: Validation accuracy = 39.0% (N=100)
INFO:tensorflow:2019-10-09 17:40:48.317769: Step 1820: Train accuracy = 99.0%
I1009 17:40:48.317815 4547376576 retrain.py:1082] 2019-10-09 17:40:48.317769: Step 1820: Train accuracy = 99.0%
INFO:tensorflow:2019-10-09 17:40:48.317922: Step 1820: Cross entropy = 0.151328
I1009 17:40:48.317933 4547376576 retrain.py:1084] 2019-10-09 17:40:48.317922: Step 1820: Cross entropy = 0.151328
INFO:tensorflow:2019-10-09 17:40:48.374638: Step 1820: Validation accuracy = 36.0% (N=100)
I1009 17:40:48.374686 4547376576 retrain.py:1100] 2019-10-09 17:40:48.374638: Step 1820: Validation accuracy = 36.0% (N=100)
INFO:tensorflow:2019-10-09 17:40:48.929732: Step 1830: Train accuracy = 99.0%
I1009 17:40:48.929776 4547376576 retrain.py:1082] 2019-10-09 17:40:48.929732: Step 1830: Train accuracy = 99.0%
INFO:tensorflow:2019-10-09 17:40:48.929884: Step 1830: Cross entropy = 0.160914
I1009 17:40:48.929894 4547376576 retrain.py:1084] 2019-10-09 17:40:48.929884: Step 1830: Cross entropy = 0.160914
INFO:tensorflow:2019-10-09 17:40:48.986033: Step 1830: Validation accuracy = 32.0% (N=100)
I1009 17:40:48.986081 4547376576 retrain.py:1100] 2019-10-09 17:40:48.986033: Step 1830: Validation accuracy = 32.0% (N=100)
INFO:tensorflow:2019-10-09 17:40:49.540692: Step 1840: Train accuracy = 98.0%
I1009 17:40:49.540739 4547376576 retrain.py:1082] 2019-10-09 17:40:49.540692: Step 1840: Train accuracy = 98.0%
INFO:tensorflow:2019-10-09 17:40:49.540858: Step 1840: Cross entropy = 0.152080
I1009 17:40:49.540881 4547376576 retrain.py:1084] 2019-10-09 17:40:49.540858: Step 1840: Cross entropy = 0.152080
INFO:tensorflow:2019-10-09 17:40:49.596795: Step 1840: Validation accuracy = 27.0% (N=100)
I1009 17:40:49.596842 4547376576 retrain.py:1100] 2019-10-09 17:40:49.596795: Step 1840: Validation accuracy = 27.0% (N=100)
INFO:tensorflow:2019-10-09 17:40:50.151584: Step 1850: Train accuracy = 96.0%
I1009 17:40:50.151630 4547376576 retrain.py:1082] 2019-10-09 17:40:50.151584: Step 1850: Train accuracy = 96.0%
INFO:tensorflow:2019-10-09 17:40:50.151736: Step 1850: Cross entropy = 0.179639
I1009 17:40:50.151748 4547376576 retrain.py:1084] 2019-10-09 17:40:50.151736: Step 1850: Cross entropy = 0.179639
INFO:tensorflow:2019-10-09 17:40:50.207719: Step 1850: Validation accuracy = 34.0% (N=100)
I1009 17:40:50.207765 4547376576 retrain.py:1100] 2019-10-09 17:40:50.207719: Step 1850: Validation accuracy = 34.0% (N=100)
INFO:tensorflow:2019-10-09 17:40:50.762400: Step 1860: Train accuracy = 97.0%
I1009 17:40:50.762444 4547376576 retrain.py:1082] 2019-10-09 17:40:50.762400: Step 1860: Train accuracy = 97.0%
INFO:tensorflow:2019-10-09 17:40:50.762549: Step 1860: Cross entropy = 0.139615
I1009 17:40:50.762561 4547376576 retrain.py:1084] 2019-10-09 17:40:50.762549: Step 1860: Cross entropy = 0.139615
INFO:tensorflow:2019-10-09 17:40:50.818990: Step 1860: Validation accuracy = 27.0% (N=100)
I1009 17:40:50.819038 4547376576 retrain.py:1100] 2019-10-09 17:40:50.818990: Step 1860: Validation accuracy = 27.0% (N=100)
INFO:tensorflow:2019-10-09 17:40:51.373845: Step 1870: Train accuracy = 99.0%
I1009 17:40:51.373902 4547376576 retrain.py:1082] 2019-10-09 17:40:51.373845: Step 1870: Train accuracy = 99.0%
INFO:tensorflow:2019-10-09 17:40:51.374024: Step 1870: Cross entropy = 0.130879
I1009 17:40:51.374034 4547376576 retrain.py:1084] 2019-10-09 17:40:51.374024: Step 1870: Cross entropy = 0.130879
INFO:tensorflow:2019-10-09 17:40:51.430262: Step 1870: Validation accuracy = 33.0% (N=100)
I1009 17:40:51.430308 4547376576 retrain.py:1100] 2019-10-09 17:40:51.430262: Step 1870: Validation accuracy = 33.0% (N=100)
INFO:tensorflow:2019-10-09 17:40:51.985948: Step 1880: Train accuracy = 98.0%
I1009 17:40:51.985992 4547376576 retrain.py:1082] 2019-10-09 17:40:51.985948: Step 1880: Train accuracy = 98.0%
INFO:tensorflow:2019-10-09 17:40:51.986100: Step 1880: Cross entropy = 0.155892
I1009 17:40:51.986112 4547376576 retrain.py:1084] 2019-10-09 17:40:51.986100: Step 1880: Cross entropy = 0.155892
INFO:tensorflow:2019-10-09 17:40:52.042416: Step 1880: Validation accuracy = 34.0% (N=100)
I1009 17:40:52.042466 4547376576 retrain.py:1100] 2019-10-09 17:40:52.042416: Step 1880: Validation accuracy = 34.0% (N=100)
INFO:tensorflow:2019-10-09 17:40:52.597477: Step 1890: Train accuracy = 99.0%
I1009 17:40:52.597520 4547376576 retrain.py:1082] 2019-10-09 17:40:52.597477: Step 1890: Train accuracy = 99.0%
INFO:tensorflow:2019-10-09 17:40:52.597625: Step 1890: Cross entropy = 0.145713
I1009 17:40:52.597635 4547376576 retrain.py:1084] 2019-10-09 17:40:52.597625: Step 1890: Cross entropy = 0.145713
INFO:tensorflow:2019-10-09 17:40:52.653827: Step 1890: Validation accuracy = 33.0% (N=100)
I1009 17:40:52.653874 4547376576 retrain.py:1100] 2019-10-09 17:40:52.653827: Step 1890: Validation accuracy = 33.0% (N=100)
INFO:tensorflow:2019-10-09 17:40:53.208787: Step 1900: Train accuracy = 96.0%
I1009 17:40:53.208831 4547376576 retrain.py:1082] 2019-10-09 17:40:53.208787: Step 1900: Train accuracy = 96.0%
INFO:tensorflow:2019-10-09 17:40:53.208938: Step 1900: Cross entropy = 0.165406
I1009 17:40:53.208947 4547376576 retrain.py:1084] 2019-10-09 17:40:53.208938: Step 1900: Cross entropy = 0.165406
INFO:tensorflow:2019-10-09 17:40:53.264904: Step 1900: Validation accuracy = 30.0% (N=100)
I1009 17:40:53.264950 4547376576 retrain.py:1100] 2019-10-09 17:40:53.264904: Step 1900: Validation accuracy = 30.0% (N=100)
INFO:tensorflow:2019-10-09 17:40:53.820050: Step 1910: Train accuracy = 97.0%
I1009 17:40:53.820095 4547376576 retrain.py:1082] 2019-10-09 17:40:53.820050: Step 1910: Train accuracy = 97.0%
INFO:tensorflow:2019-10-09 17:40:53.820216: Step 1910: Cross entropy = 0.174254
I1009 17:40:53.820239 4547376576 retrain.py:1084] 2019-10-09 17:40:53.820216: Step 1910: Cross entropy = 0.174254
INFO:tensorflow:2019-10-09 17:40:53.876864: Step 1910: Validation accuracy = 34.0% (N=100)
I1009 17:40:53.876914 4547376576 retrain.py:1100] 2019-10-09 17:40:53.876864: Step 1910: Validation accuracy = 34.0% (N=100)
INFO:tensorflow:2019-10-09 17:40:54.431382: Step 1920: Train accuracy = 98.0%
I1009 17:40:54.431427 4547376576 retrain.py:1082] 2019-10-09 17:40:54.431382: Step 1920: Train accuracy = 98.0%
INFO:tensorflow:2019-10-09 17:40:54.431532: Step 1920: Cross entropy = 0.174448
I1009 17:40:54.431543 4547376576 retrain.py:1084] 2019-10-09 17:40:54.431532: Step 1920: Cross entropy = 0.174448
INFO:tensorflow:2019-10-09 17:40:54.487675: Step 1920: Validation accuracy = 41.0% (N=100)
I1009 17:40:54.487725 4547376576 retrain.py:1100] 2019-10-09 17:40:54.487675: Step 1920: Validation accuracy = 41.0% (N=100)
INFO:tensorflow:2019-10-09 17:40:55.041532: Step 1930: Train accuracy = 95.0%
I1009 17:40:55.041578 4547376576 retrain.py:1082] 2019-10-09 17:40:55.041532: Step 1930: Train accuracy = 95.0%
INFO:tensorflow:2019-10-09 17:40:55.041684: Step 1930: Cross entropy = 0.176148
I1009 17:40:55.041694 4547376576 retrain.py:1084] 2019-10-09 17:40:55.041684: Step 1930: Cross entropy = 0.176148
INFO:tensorflow:2019-10-09 17:40:55.097732: Step 1930: Validation accuracy = 43.0% (N=100)
I1009 17:40:55.097779 4547376576 retrain.py:1100] 2019-10-09 17:40:55.097732: Step 1930: Validation accuracy = 43.0% (N=100)
INFO:tensorflow:2019-10-09 17:40:55.652444: Step 1940: Train accuracy = 96.0%
I1009 17:40:55.652487 4547376576 retrain.py:1082] 2019-10-09 17:40:55.652444: Step 1940: Train accuracy = 96.0%
INFO:tensorflow:2019-10-09 17:40:55.652593: Step 1940: Cross entropy = 0.174192
I1009 17:40:55.652604 4547376576 retrain.py:1084] 2019-10-09 17:40:55.652593: Step 1940: Cross entropy = 0.174192
INFO:tensorflow:2019-10-09 17:40:55.708505: Step 1940: Validation accuracy = 32.0% (N=100)
I1009 17:40:55.708554 4547376576 retrain.py:1100] 2019-10-09 17:40:55.708505: Step 1940: Validation accuracy = 32.0% (N=100)
INFO:tensorflow:2019-10-09 17:40:56.263818: Step 1950: Train accuracy = 98.0%
I1009 17:40:56.263863 4547376576 retrain.py:1082] 2019-10-09 17:40:56.263818: Step 1950: Train accuracy = 98.0%
INFO:tensorflow:2019-10-09 17:40:56.263970: Step 1950: Cross entropy = 0.153033
I1009 17:40:56.263980 4547376576 retrain.py:1084] 2019-10-09 17:40:56.263970: Step 1950: Cross entropy = 0.153033
INFO:tensorflow:2019-10-09 17:40:56.320633: Step 1950: Validation accuracy = 31.0% (N=100)
I1009 17:40:56.320682 4547376576 retrain.py:1100] 2019-10-09 17:40:56.320633: Step 1950: Validation accuracy = 31.0% (N=100)
INFO:tensorflow:2019-10-09 17:40:56.877154: Step 1960: Train accuracy = 97.0%
I1009 17:40:56.877199 4547376576 retrain.py:1082] 2019-10-09 17:40:56.877154: Step 1960: Train accuracy = 97.0%
INFO:tensorflow:2019-10-09 17:40:56.877304: Step 1960: Cross entropy = 0.153988
I1009 17:40:56.877314 4547376576 retrain.py:1084] 2019-10-09 17:40:56.877304: Step 1960: Cross entropy = 0.153988
INFO:tensorflow:2019-10-09 17:40:56.933541: Step 1960: Validation accuracy = 42.0% (N=100)
I1009 17:40:56.933589 4547376576 retrain.py:1100] 2019-10-09 17:40:56.933541: Step 1960: Validation accuracy = 42.0% (N=100)
INFO:tensorflow:2019-10-09 17:40:57.488253: Step 1970: Train accuracy = 98.0%
I1009 17:40:57.488298 4547376576 retrain.py:1082] 2019-10-09 17:40:57.488253: Step 1970: Train accuracy = 98.0%
INFO:tensorflow:2019-10-09 17:40:57.488409: Step 1970: Cross entropy = 0.138366
I1009 17:40:57.488419 4547376576 retrain.py:1084] 2019-10-09 17:40:57.488409: Step 1970: Cross entropy = 0.138366
INFO:tensorflow:2019-10-09 17:40:57.544686: Step 1970: Validation accuracy = 36.0% (N=100)
I1009 17:40:57.544731 4547376576 retrain.py:1100] 2019-10-09 17:40:57.544686: Step 1970: Validation accuracy = 36.0% (N=100)
INFO:tensorflow:2019-10-09 17:40:58.099226: Step 1980: Train accuracy = 97.0%
I1009 17:40:58.099272 4547376576 retrain.py:1082] 2019-10-09 17:40:58.099226: Step 1980: Train accuracy = 97.0%
INFO:tensorflow:2019-10-09 17:40:58.099376: Step 1980: Cross entropy = 0.174947
I1009 17:40:58.099386 4547376576 retrain.py:1084] 2019-10-09 17:40:58.099376: Step 1980: Cross entropy = 0.174947
INFO:tensorflow:2019-10-09 17:40:58.155283: Step 1980: Validation accuracy = 33.0% (N=100)
I1009 17:40:58.155331 4547376576 retrain.py:1100] 2019-10-09 17:40:58.155283: Step 1980: Validation accuracy = 33.0% (N=100)
INFO:tensorflow:2019-10-09 17:40:58.710041: Step 1990: Train accuracy = 98.0%
I1009 17:40:58.710085 4547376576 retrain.py:1082] 2019-10-09 17:40:58.710041: Step 1990: Train accuracy = 98.0%
INFO:tensorflow:2019-10-09 17:40:58.710190: Step 1990: Cross entropy = 0.162833
I1009 17:40:58.710201 4547376576 retrain.py:1084] 2019-10-09 17:40:58.710190: Step 1990: Cross entropy = 0.162833
INFO:tensorflow:2019-10-09 17:40:58.765900: Step 1990: Validation accuracy = 37.0% (N=100)
I1009 17:40:58.765949 4547376576 retrain.py:1100] 2019-10-09 17:40:58.765900: Step 1990: Validation accuracy = 37.0% (N=100)
INFO:tensorflow:2019-10-09 17:40:59.320619: Step 2000: Train accuracy = 94.0%
I1009 17:40:59.320664 4547376576 retrain.py:1082] 2019-10-09 17:40:59.320619: Step 2000: Train accuracy = 94.0%
INFO:tensorflow:2019-10-09 17:40:59.320770: Step 2000: Cross entropy = 0.198500
I1009 17:40:59.320780 4547376576 retrain.py:1084] 2019-10-09 17:40:59.320770: Step 2000: Cross entropy = 0.198500
INFO:tensorflow:2019-10-09 17:40:59.377399: Step 2000: Validation accuracy = 28.0% (N=100)
I1009 17:40:59.377447 4547376576 retrain.py:1100] 2019-10-09 17:40:59.377399: Step 2000: Validation accuracy = 28.0% (N=100)
INFO:tensorflow:2019-10-09 17:40:59.932673: Step 2010: Train accuracy = 100.0%
I1009 17:40:59.932718 4547376576 retrain.py:1082] 2019-10-09 17:40:59.932673: Step 2010: Train accuracy = 100.0%
INFO:tensorflow:2019-10-09 17:40:59.932825: Step 2010: Cross entropy = 0.162797
I1009 17:40:59.932836 4547376576 retrain.py:1084] 2019-10-09 17:40:59.932825: Step 2010: Cross entropy = 0.162797
INFO:tensorflow:2019-10-09 17:40:59.988989: Step 2010: Validation accuracy = 29.0% (N=100)
I1009 17:40:59.989039 4547376576 retrain.py:1100] 2019-10-09 17:40:59.988989: Step 2010: Validation accuracy = 29.0% (N=100)
INFO:tensorflow:2019-10-09 17:41:00.543919: Step 2020: Train accuracy = 97.0%
I1009 17:41:00.543963 4547376576 retrain.py:1082] 2019-10-09 17:41:00.543919: Step 2020: Train accuracy = 97.0%
INFO:tensorflow:2019-10-09 17:41:00.544070: Step 2020: Cross entropy = 0.174459
I1009 17:41:00.544080 4547376576 retrain.py:1084] 2019-10-09 17:41:00.544070: Step 2020: Cross entropy = 0.174459
INFO:tensorflow:2019-10-09 17:41:00.600056: Step 2020: Validation accuracy = 36.0% (N=100)
I1009 17:41:00.600105 4547376576 retrain.py:1100] 2019-10-09 17:41:00.600056: Step 2020: Validation accuracy = 36.0% (N=100)
INFO:tensorflow:2019-10-09 17:41:01.155694: Step 2030: Train accuracy = 98.0%
I1009 17:41:01.155740 4547376576 retrain.py:1082] 2019-10-09 17:41:01.155694: Step 2030: Train accuracy = 98.0%
INFO:tensorflow:2019-10-09 17:41:01.155849: Step 2030: Cross entropy = 0.181569
I1009 17:41:01.155860 4547376576 retrain.py:1084] 2019-10-09 17:41:01.155849: Step 2030: Cross entropy = 0.181569
INFO:tensorflow:2019-10-09 17:41:01.211721: Step 2030: Validation accuracy = 33.0% (N=100)
I1009 17:41:01.211770 4547376576 retrain.py:1100] 2019-10-09 17:41:01.211721: Step 2030: Validation accuracy = 33.0% (N=100)
INFO:tensorflow:2019-10-09 17:41:01.766170: Step 2040: Train accuracy = 97.0%
I1009 17:41:01.766213 4547376576 retrain.py:1082] 2019-10-09 17:41:01.766170: Step 2040: Train accuracy = 97.0%
INFO:tensorflow:2019-10-09 17:41:01.766321: Step 2040: Cross entropy = 0.178991
I1009 17:41:01.766332 4547376576 retrain.py:1084] 2019-10-09 17:41:01.766321: Step 2040: Cross entropy = 0.178991
INFO:tensorflow:2019-10-09 17:41:01.822980: Step 2040: Validation accuracy = 40.0% (N=100)
I1009 17:41:01.823029 4547376576 retrain.py:1100] 2019-10-09 17:41:01.822980: Step 2040: Validation accuracy = 40.0% (N=100)
INFO:tensorflow:2019-10-09 17:41:02.379770: Step 2050: Train accuracy = 99.0%
I1009 17:41:02.379813 4547376576 retrain.py:1082] 2019-10-09 17:41:02.379770: Step 2050: Train accuracy = 99.0%
INFO:tensorflow:2019-10-09 17:41:02.379921: Step 2050: Cross entropy = 0.157161
I1009 17:41:02.379930 4547376576 retrain.py:1084] 2019-10-09 17:41:02.379921: Step 2050: Cross entropy = 0.157161
INFO:tensorflow:2019-10-09 17:41:02.436355: Step 2050: Validation accuracy = 43.0% (N=100)
I1009 17:41:02.436400 4547376576 retrain.py:1100] 2019-10-09 17:41:02.436355: Step 2050: Validation accuracy = 43.0% (N=100)
INFO:tensorflow:2019-10-09 17:41:02.991624: Step 2060: Train accuracy = 98.0%
I1009 17:41:02.991668 4547376576 retrain.py:1082] 2019-10-09 17:41:02.991624: Step 2060: Train accuracy = 98.0%
INFO:tensorflow:2019-10-09 17:41:02.991779: Step 2060: Cross entropy = 0.151032
I1009 17:41:02.991790 4547376576 retrain.py:1084] 2019-10-09 17:41:02.991779: Step 2060: Cross entropy = 0.151032
INFO:tensorflow:2019-10-09 17:41:03.047628: Step 2060: Validation accuracy = 33.0% (N=100)
I1009 17:41:03.047677 4547376576 retrain.py:1100] 2019-10-09 17:41:03.047628: Step 2060: Validation accuracy = 33.0% (N=100)
INFO:tensorflow:2019-10-09 17:41:03.602444: Step 2070: Train accuracy = 98.0%
I1009 17:41:03.602488 4547376576 retrain.py:1082] 2019-10-09 17:41:03.602444: Step 2070: Train accuracy = 98.0%
INFO:tensorflow:2019-10-09 17:41:03.602594: Step 2070: Cross entropy = 0.160685
I1009 17:41:03.602605 4547376576 retrain.py:1084] 2019-10-09 17:41:03.602594: Step 2070: Cross entropy = 0.160685
INFO:tensorflow:2019-10-09 17:41:03.658551: Step 2070: Validation accuracy = 44.0% (N=100)
I1009 17:41:03.658597 4547376576 retrain.py:1100] 2019-10-09 17:41:03.658551: Step 2070: Validation accuracy = 44.0% (N=100)
INFO:tensorflow:2019-10-09 17:41:04.212826: Step 2080: Train accuracy = 100.0%
I1009 17:41:04.212869 4547376576 retrain.py:1082] 2019-10-09 17:41:04.212826: Step 2080: Train accuracy = 100.0%
INFO:tensorflow:2019-10-09 17:41:04.212979: Step 2080: Cross entropy = 0.135004
I1009 17:41:04.212991 4547376576 retrain.py:1084] 2019-10-09 17:41:04.212979: Step 2080: Cross entropy = 0.135004
INFO:tensorflow:2019-10-09 17:41:04.269057: Step 2080: Validation accuracy = 33.0% (N=100)
I1009 17:41:04.269106 4547376576 retrain.py:1100] 2019-10-09 17:41:04.269057: Step 2080: Validation accuracy = 33.0% (N=100)
INFO:tensorflow:2019-10-09 17:41:04.824866: Step 2090: Train accuracy = 96.0%
I1009 17:41:04.824922 4547376576 retrain.py:1082] 2019-10-09 17:41:04.824866: Step 2090: Train accuracy = 96.0%
INFO:tensorflow:2019-10-09 17:41:04.825044: Step 2090: Cross entropy = 0.164160
I1009 17:41:04.825053 4547376576 retrain.py:1084] 2019-10-09 17:41:04.825044: Step 2090: Cross entropy = 0.164160
INFO:tensorflow:2019-10-09 17:41:04.881436: Step 2090: Validation accuracy = 29.0% (N=100)
I1009 17:41:04.881483 4547376576 retrain.py:1100] 2019-10-09 17:41:04.881436: Step 2090: Validation accuracy = 29.0% (N=100)
INFO:tensorflow:2019-10-09 17:41:05.436405: Step 2100: Train accuracy = 96.0%
I1009 17:41:05.436450 4547376576 retrain.py:1082] 2019-10-09 17:41:05.436405: Step 2100: Train accuracy = 96.0%
INFO:tensorflow:2019-10-09 17:41:05.436557: Step 2100: Cross entropy = 0.177816
I1009 17:41:05.436568 4547376576 retrain.py:1084] 2019-10-09 17:41:05.436557: Step 2100: Cross entropy = 0.177816
INFO:tensorflow:2019-10-09 17:41:05.492595: Step 2100: Validation accuracy = 31.0% (N=100)
I1009 17:41:05.492644 4547376576 retrain.py:1100] 2019-10-09 17:41:05.492595: Step 2100: Validation accuracy = 31.0% (N=100)
INFO:tensorflow:2019-10-09 17:41:06.047902: Step 2110: Train accuracy = 98.0%
I1009 17:41:06.047946 4547376576 retrain.py:1082] 2019-10-09 17:41:06.047902: Step 2110: Train accuracy = 98.0%
INFO:tensorflow:2019-10-09 17:41:06.048055: Step 2110: Cross entropy = 0.151724
I1009 17:41:06.048067 4547376576 retrain.py:1084] 2019-10-09 17:41:06.048055: Step 2110: Cross entropy = 0.151724
INFO:tensorflow:2019-10-09 17:41:06.104080: Step 2110: Validation accuracy = 34.0% (N=100)
I1009 17:41:06.104125 4547376576 retrain.py:1100] 2019-10-09 17:41:06.104080: Step 2110: Validation accuracy = 34.0% (N=100)
INFO:tensorflow:2019-10-09 17:41:06.659223: Step 2120: Train accuracy = 99.0%
I1009 17:41:06.659269 4547376576 retrain.py:1082] 2019-10-09 17:41:06.659223: Step 2120: Train accuracy = 99.0%
INFO:tensorflow:2019-10-09 17:41:06.659377: Step 2120: Cross entropy = 0.142049
I1009 17:41:06.659404 4547376576 retrain.py:1084] 2019-10-09 17:41:06.659377: Step 2120: Cross entropy = 0.142049
INFO:tensorflow:2019-10-09 17:41:06.715364: Step 2120: Validation accuracy = 33.0% (N=100)
I1009 17:41:06.715413 4547376576 retrain.py:1100] 2019-10-09 17:41:06.715364: Step 2120: Validation accuracy = 33.0% (N=100)
INFO:tensorflow:2019-10-09 17:41:07.270277: Step 2130: Train accuracy = 99.0%
I1009 17:41:07.270321 4547376576 retrain.py:1082] 2019-10-09 17:41:07.270277: Step 2130: Train accuracy = 99.0%
INFO:tensorflow:2019-10-09 17:41:07.270429: Step 2130: Cross entropy = 0.136685
I1009 17:41:07.270439 4547376576 retrain.py:1084] 2019-10-09 17:41:07.270429: Step 2130: Cross entropy = 0.136685
INFO:tensorflow:2019-10-09 17:41:07.326927: Step 2130: Validation accuracy = 30.0% (N=100)
I1009 17:41:07.326976 4547376576 retrain.py:1100] 2019-10-09 17:41:07.326927: Step 2130: Validation accuracy = 30.0% (N=100)
INFO:tensorflow:2019-10-09 17:41:07.882364: Step 2140: Train accuracy = 100.0%
I1009 17:41:07.882408 4547376576 retrain.py:1082] 2019-10-09 17:41:07.882364: Step 2140: Train accuracy = 100.0%
INFO:tensorflow:2019-10-09 17:41:07.882515: Step 2140: Cross entropy = 0.117497
I1009 17:41:07.882525 4547376576 retrain.py:1084] 2019-10-09 17:41:07.882515: Step 2140: Cross entropy = 0.117497
INFO:tensorflow:2019-10-09 17:41:07.938789: Step 2140: Validation accuracy = 30.0% (N=100)
I1009 17:41:07.938838 4547376576 retrain.py:1100] 2019-10-09 17:41:07.938789: Step 2140: Validation accuracy = 30.0% (N=100)
INFO:tensorflow:2019-10-09 17:41:08.494781: Step 2150: Train accuracy = 99.0%
I1009 17:41:08.494826 4547376576 retrain.py:1082] 2019-10-09 17:41:08.494781: Step 2150: Train accuracy = 99.0%
INFO:tensorflow:2019-10-09 17:41:08.494932: Step 2150: Cross entropy = 0.159258
I1009 17:41:08.494942 4547376576 retrain.py:1084] 2019-10-09 17:41:08.494932: Step 2150: Cross entropy = 0.159258
INFO:tensorflow:2019-10-09 17:41:08.551236: Step 2150: Validation accuracy = 25.0% (N=100)
I1009 17:41:08.551285 4547376576 retrain.py:1100] 2019-10-09 17:41:08.551236: Step 2150: Validation accuracy = 25.0% (N=100)
INFO:tensorflow:2019-10-09 17:41:09.106424: Step 2160: Train accuracy = 100.0%
I1009 17:41:09.106469 4547376576 retrain.py:1082] 2019-10-09 17:41:09.106424: Step 2160: Train accuracy = 100.0%
INFO:tensorflow:2019-10-09 17:41:09.106575: Step 2160: Cross entropy = 0.122829
I1009 17:41:09.106586 4547376576 retrain.py:1084] 2019-10-09 17:41:09.106575: Step 2160: Cross entropy = 0.122829
INFO:tensorflow:2019-10-09 17:41:09.162636: Step 2160: Validation accuracy = 33.0% (N=100)
I1009 17:41:09.162684 4547376576 retrain.py:1100] 2019-10-09 17:41:09.162636: Step 2160: Validation accuracy = 33.0% (N=100)
INFO:tensorflow:2019-10-09 17:41:09.718735: Step 2170: Train accuracy = 98.0%
I1009 17:41:09.718780 4547376576 retrain.py:1082] 2019-10-09 17:41:09.718735: Step 2170: Train accuracy = 98.0%
INFO:tensorflow:2019-10-09 17:41:09.718889: Step 2170: Cross entropy = 0.150484
I1009 17:41:09.718900 4547376576 retrain.py:1084] 2019-10-09 17:41:09.718889: Step 2170: Cross entropy = 0.150484
INFO:tensorflow:2019-10-09 17:41:09.775101: Step 2170: Validation accuracy = 37.0% (N=100)
I1009 17:41:09.775151 4547376576 retrain.py:1100] 2019-10-09 17:41:09.775101: Step 2170: Validation accuracy = 37.0% (N=100)
INFO:tensorflow:2019-10-09 17:41:10.337060: Step 2180: Train accuracy = 96.0%
I1009 17:41:10.337104 4547376576 retrain.py:1082] 2019-10-09 17:41:10.337060: Step 2180: Train accuracy = 96.0%
INFO:tensorflow:2019-10-09 17:41:10.337212: Step 2180: Cross entropy = 0.157936
I1009 17:41:10.337222 4547376576 retrain.py:1084] 2019-10-09 17:41:10.337212: Step 2180: Cross entropy = 0.157936
INFO:tensorflow:2019-10-09 17:41:10.393385: Step 2180: Validation accuracy = 47.0% (N=100)
I1009 17:41:10.393434 4547376576 retrain.py:1100] 2019-10-09 17:41:10.393385: Step 2180: Validation accuracy = 47.0% (N=100)
INFO:tensorflow:2019-10-09 17:41:10.948582: Step 2190: Train accuracy = 98.0%
I1009 17:41:10.948626 4547376576 retrain.py:1082] 2019-10-09 17:41:10.948582: Step 2190: Train accuracy = 98.0%
INFO:tensorflow:2019-10-09 17:41:10.948751: Step 2190: Cross entropy = 0.154390
I1009 17:41:10.948762 4547376576 retrain.py:1084] 2019-10-09 17:41:10.948751: Step 2190: Cross entropy = 0.154390
INFO:tensorflow:2019-10-09 17:41:11.005280: Step 2190: Validation accuracy = 41.0% (N=100)
I1009 17:41:11.005328 4547376576 retrain.py:1100] 2019-10-09 17:41:11.005280: Step 2190: Validation accuracy = 41.0% (N=100)
INFO:tensorflow:2019-10-09 17:41:11.560603: Step 2200: Train accuracy = 99.0%
I1009 17:41:11.560647 4547376576 retrain.py:1082] 2019-10-09 17:41:11.560603: Step 2200: Train accuracy = 99.0%
INFO:tensorflow:2019-10-09 17:41:11.560754: Step 2200: Cross entropy = 0.130849
I1009 17:41:11.560765 4547376576 retrain.py:1084] 2019-10-09 17:41:11.560754: Step 2200: Cross entropy = 0.130849
INFO:tensorflow:2019-10-09 17:41:11.616708: Step 2200: Validation accuracy = 24.0% (N=100)
I1009 17:41:11.616756 4547376576 retrain.py:1100] 2019-10-09 17:41:11.616708: Step 2200: Validation accuracy = 24.0% (N=100)
INFO:tensorflow:2019-10-09 17:41:12.172221: Step 2210: Train accuracy = 97.0%
I1009 17:41:12.172277 4547376576 retrain.py:1082] 2019-10-09 17:41:12.172221: Step 2210: Train accuracy = 97.0%
INFO:tensorflow:2019-10-09 17:41:12.172413: Step 2210: Cross entropy = 0.142168
I1009 17:41:12.172423 4547376576 retrain.py:1084] 2019-10-09 17:41:12.172413: Step 2210: Cross entropy = 0.142168
INFO:tensorflow:2019-10-09 17:41:12.228550: Step 2210: Validation accuracy = 33.0% (N=100)
I1009 17:41:12.228600 4547376576 retrain.py:1100] 2019-10-09 17:41:12.228550: Step 2210: Validation accuracy = 33.0% (N=100)
INFO:tensorflow:2019-10-09 17:41:12.787297: Step 2220: Train accuracy = 98.0%
I1009 17:41:12.787342 4547376576 retrain.py:1082] 2019-10-09 17:41:12.787297: Step 2220: Train accuracy = 98.0%
INFO:tensorflow:2019-10-09 17:41:12.787449: Step 2220: Cross entropy = 0.173781
I1009 17:41:12.787473 4547376576 retrain.py:1084] 2019-10-09 17:41:12.787449: Step 2220: Cross entropy = 0.173781
INFO:tensorflow:2019-10-09 17:41:12.843718: Step 2220: Validation accuracy = 39.0% (N=100)
I1009 17:41:12.843768 4547376576 retrain.py:1100] 2019-10-09 17:41:12.843718: Step 2220: Validation accuracy = 39.0% (N=100)
INFO:tensorflow:2019-10-09 17:41:13.398876: Step 2230: Train accuracy = 97.0%
I1009 17:41:13.398921 4547376576 retrain.py:1082] 2019-10-09 17:41:13.398876: Step 2230: Train accuracy = 97.0%
INFO:tensorflow:2019-10-09 17:41:13.399027: Step 2230: Cross entropy = 0.170399
I1009 17:41:13.399039 4547376576 retrain.py:1084] 2019-10-09 17:41:13.399027: Step 2230: Cross entropy = 0.170399
INFO:tensorflow:2019-10-09 17:41:13.455191: Step 2230: Validation accuracy = 40.0% (N=100)
I1009 17:41:13.455240 4547376576 retrain.py:1100] 2019-10-09 17:41:13.455191: Step 2230: Validation accuracy = 40.0% (N=100)
INFO:tensorflow:2019-10-09 17:41:14.010056: Step 2240: Train accuracy = 95.0%
I1009 17:41:14.010101 4547376576 retrain.py:1082] 2019-10-09 17:41:14.010056: Step 2240: Train accuracy = 95.0%
INFO:tensorflow:2019-10-09 17:41:14.010207: Step 2240: Cross entropy = 0.183581
I1009 17:41:14.010219 4547376576 retrain.py:1084] 2019-10-09 17:41:14.010207: Step 2240: Cross entropy = 0.183581
INFO:tensorflow:2019-10-09 17:41:14.066235: Step 2240: Validation accuracy = 34.0% (N=100)
I1009 17:41:14.066279 4547376576 retrain.py:1100] 2019-10-09 17:41:14.066235: Step 2240: Validation accuracy = 34.0% (N=100)
INFO:tensorflow:2019-10-09 17:41:14.622314: Step 2250: Train accuracy = 99.0%
I1009 17:41:14.622370 4547376576 retrain.py:1082] 2019-10-09 17:41:14.622314: Step 2250: Train accuracy = 99.0%
INFO:tensorflow:2019-10-09 17:41:14.622506: Step 2250: Cross entropy = 0.134135
I1009 17:41:14.622517 4547376576 retrain.py:1084] 2019-10-09 17:41:14.622506: Step 2250: Cross entropy = 0.134135
INFO:tensorflow:2019-10-09 17:41:14.678811: Step 2250: Validation accuracy = 32.0% (N=100)
I1009 17:41:14.678863 4547376576 retrain.py:1100] 2019-10-09 17:41:14.678811: Step 2250: Validation accuracy = 32.0% (N=100)
INFO:tensorflow:2019-10-09 17:41:15.233183: Step 2260: Train accuracy = 99.0%
I1009 17:41:15.233229 4547376576 retrain.py:1082] 2019-10-09 17:41:15.233183: Step 2260: Train accuracy = 99.0%
INFO:tensorflow:2019-10-09 17:41:15.233335: Step 2260: Cross entropy = 0.149809
I1009 17:41:15.233345 4547376576 retrain.py:1084] 2019-10-09 17:41:15.233335: Step 2260: Cross entropy = 0.149809
INFO:tensorflow:2019-10-09 17:41:15.289734: Step 2260: Validation accuracy = 31.0% (N=100)
I1009 17:41:15.289783 4547376576 retrain.py:1100] 2019-10-09 17:41:15.289734: Step 2260: Validation accuracy = 31.0% (N=100)
INFO:tensorflow:2019-10-09 17:41:15.845372: Step 2270: Train accuracy = 99.0%
I1009 17:41:15.845414 4547376576 retrain.py:1082] 2019-10-09 17:41:15.845372: Step 2270: Train accuracy = 99.0%
INFO:tensorflow:2019-10-09 17:41:15.845521: Step 2270: Cross entropy = 0.144751
I1009 17:41:15.845531 4547376576 retrain.py:1084] 2019-10-09 17:41:15.845521: Step 2270: Cross entropy = 0.144751
INFO:tensorflow:2019-10-09 17:41:15.901438: Step 2270: Validation accuracy = 29.0% (N=100)
I1009 17:41:15.901486 4547376576 retrain.py:1100] 2019-10-09 17:41:15.901438: Step 2270: Validation accuracy = 29.0% (N=100)
INFO:tensorflow:2019-10-09 17:41:16.457037: Step 2280: Train accuracy = 100.0%
I1009 17:41:16.457082 4547376576 retrain.py:1082] 2019-10-09 17:41:16.457037: Step 2280: Train accuracy = 100.0%
INFO:tensorflow:2019-10-09 17:41:16.457207: Step 2280: Cross entropy = 0.176460
I1009 17:41:16.457233 4547376576 retrain.py:1084] 2019-10-09 17:41:16.457207: Step 2280: Cross entropy = 0.176460
INFO:tensorflow:2019-10-09 17:41:16.513342: Step 2280: Validation accuracy = 29.0% (N=100)
I1009 17:41:16.513391 4547376576 retrain.py:1100] 2019-10-09 17:41:16.513342: Step 2280: Validation accuracy = 29.0% (N=100)
INFO:tensorflow:2019-10-09 17:41:17.068424: Step 2290: Train accuracy = 99.0%
I1009 17:41:17.068470 4547376576 retrain.py:1082] 2019-10-09 17:41:17.068424: Step 2290: Train accuracy = 99.0%
INFO:tensorflow:2019-10-09 17:41:17.068579: Step 2290: Cross entropy = 0.145237
I1009 17:41:17.068591 4547376576 retrain.py:1084] 2019-10-09 17:41:17.068579: Step 2290: Cross entropy = 0.145237
INFO:tensorflow:2019-10-09 17:41:17.126126: Step 2290: Validation accuracy = 31.0% (N=100)
I1009 17:41:17.126173 4547376576 retrain.py:1100] 2019-10-09 17:41:17.126126: Step 2290: Validation accuracy = 31.0% (N=100)
INFO:tensorflow:2019-10-09 17:41:17.681938: Step 2300: Train accuracy = 100.0%
I1009 17:41:17.681983 4547376576 retrain.py:1082] 2019-10-09 17:41:17.681938: Step 2300: Train accuracy = 100.0%
INFO:tensorflow:2019-10-09 17:41:17.682091: Step 2300: Cross entropy = 0.112667
I1009 17:41:17.682101 4547376576 retrain.py:1084] 2019-10-09 17:41:17.682091: Step 2300: Cross entropy = 0.112667
INFO:tensorflow:2019-10-09 17:41:17.738274: Step 2300: Validation accuracy = 27.0% (N=100)
I1009 17:41:17.738324 4547376576 retrain.py:1100] 2019-10-09 17:41:17.738274: Step 2300: Validation accuracy = 27.0% (N=100)
INFO:tensorflow:2019-10-09 17:41:18.293634: Step 2310: Train accuracy = 99.0%
I1009 17:41:18.293680 4547376576 retrain.py:1082] 2019-10-09 17:41:18.293634: Step 2310: Train accuracy = 99.0%
INFO:tensorflow:2019-10-09 17:41:18.293790: Step 2310: Cross entropy = 0.164087
I1009 17:41:18.293801 4547376576 retrain.py:1084] 2019-10-09 17:41:18.293790: Step 2310: Cross entropy = 0.164087
INFO:tensorflow:2019-10-09 17:41:18.350186: Step 2310: Validation accuracy = 38.0% (N=100)
I1009 17:41:18.350233 4547376576 retrain.py:1100] 2019-10-09 17:41:18.350186: Step 2310: Validation accuracy = 38.0% (N=100)
INFO:tensorflow:2019-10-09 17:41:18.904138: Step 2320: Train accuracy = 100.0%
I1009 17:41:18.904181 4547376576 retrain.py:1082] 2019-10-09 17:41:18.904138: Step 2320: Train accuracy = 100.0%
INFO:tensorflow:2019-10-09 17:41:18.904289: Step 2320: Cross entropy = 0.117727
I1009 17:41:18.904299 4547376576 retrain.py:1084] 2019-10-09 17:41:18.904289: Step 2320: Cross entropy = 0.117727
INFO:tensorflow:2019-10-09 17:41:18.960513: Step 2320: Validation accuracy = 34.0% (N=100)
I1009 17:41:18.960558 4547376576 retrain.py:1100] 2019-10-09 17:41:18.960513: Step 2320: Validation accuracy = 34.0% (N=100)
INFO:tensorflow:2019-10-09 17:41:19.515957: Step 2330: Train accuracy = 99.0%
I1009 17:41:19.516003 4547376576 retrain.py:1082] 2019-10-09 17:41:19.515957: Step 2330: Train accuracy = 99.0%
INFO:tensorflow:2019-10-09 17:41:19.516106: Step 2330: Cross entropy = 0.118828
I1009 17:41:19.516117 4547376576 retrain.py:1084] 2019-10-09 17:41:19.516106: Step 2330: Cross entropy = 0.118828
INFO:tensorflow:2019-10-09 17:41:19.571952: Step 2330: Validation accuracy = 29.0% (N=100)
I1009 17:41:19.572003 4547376576 retrain.py:1100] 2019-10-09 17:41:19.571952: Step 2330: Validation accuracy = 29.0% (N=100)
INFO:tensorflow:2019-10-09 17:41:20.126813: Step 2340: Train accuracy = 99.0%
I1009 17:41:20.126857 4547376576 retrain.py:1082] 2019-10-09 17:41:20.126813: Step 2340: Train accuracy = 99.0%
INFO:tensorflow:2019-10-09 17:41:20.126962: Step 2340: Cross entropy = 0.136006
I1009 17:41:20.126971 4547376576 retrain.py:1084] 2019-10-09 17:41:20.126962: Step 2340: Cross entropy = 0.136006
INFO:tensorflow:2019-10-09 17:41:20.183056: Step 2340: Validation accuracy = 44.0% (N=100)
I1009 17:41:20.183104 4547376576 retrain.py:1100] 2019-10-09 17:41:20.183056: Step 2340: Validation accuracy = 44.0% (N=100)
INFO:tensorflow:2019-10-09 17:41:20.738513: Step 2350: Train accuracy = 100.0%
I1009 17:41:20.738558 4547376576 retrain.py:1082] 2019-10-09 17:41:20.738513: Step 2350: Train accuracy = 100.0%
INFO:tensorflow:2019-10-09 17:41:20.738666: Step 2350: Cross entropy = 0.137845
I1009 17:41:20.738677 4547376576 retrain.py:1084] 2019-10-09 17:41:20.738666: Step 2350: Cross entropy = 0.137845
INFO:tensorflow:2019-10-09 17:41:20.794497: Step 2350: Validation accuracy = 32.0% (N=100)
I1009 17:41:20.794546 4547376576 retrain.py:1100] 2019-10-09 17:41:20.794497: Step 2350: Validation accuracy = 32.0% (N=100)
INFO:tensorflow:2019-10-09 17:41:21.349922: Step 2360: Train accuracy = 99.0%
I1009 17:41:21.349967 4547376576 retrain.py:1082] 2019-10-09 17:41:21.349922: Step 2360: Train accuracy = 99.0%
INFO:tensorflow:2019-10-09 17:41:21.350072: Step 2360: Cross entropy = 0.139137
I1009 17:41:21.350082 4547376576 retrain.py:1084] 2019-10-09 17:41:21.350072: Step 2360: Cross entropy = 0.139137
INFO:tensorflow:2019-10-09 17:41:21.406140: Step 2360: Validation accuracy = 36.0% (N=100)
I1009 17:41:21.406190 4547376576 retrain.py:1100] 2019-10-09 17:41:21.406140: Step 2360: Validation accuracy = 36.0% (N=100)
INFO:tensorflow:2019-10-09 17:41:21.962682: Step 2370: Train accuracy = 98.0%
I1009 17:41:21.962725 4547376576 retrain.py:1082] 2019-10-09 17:41:21.962682: Step 2370: Train accuracy = 98.0%
INFO:tensorflow:2019-10-09 17:41:21.962830: Step 2370: Cross entropy = 0.145503
I1009 17:41:21.962840 4547376576 retrain.py:1084] 2019-10-09 17:41:21.962830: Step 2370: Cross entropy = 0.145503
INFO:tensorflow:2019-10-09 17:41:22.018819: Step 2370: Validation accuracy = 40.0% (N=100)
I1009 17:41:22.018867 4547376576 retrain.py:1100] 2019-10-09 17:41:22.018819: Step 2370: Validation accuracy = 40.0% (N=100)
INFO:tensorflow:2019-10-09 17:41:22.574411: Step 2380: Train accuracy = 98.0%
I1009 17:41:22.574469 4547376576 retrain.py:1082] 2019-10-09 17:41:22.574411: Step 2380: Train accuracy = 98.0%
INFO:tensorflow:2019-10-09 17:41:22.574602: Step 2380: Cross entropy = 0.123619
I1009 17:41:22.574611 4547376576 retrain.py:1084] 2019-10-09 17:41:22.574602: Step 2380: Cross entropy = 0.123619
INFO:tensorflow:2019-10-09 17:41:22.630529: Step 2380: Validation accuracy = 39.0% (N=100)
I1009 17:41:22.630573 4547376576 retrain.py:1100] 2019-10-09 17:41:22.630529: Step 2380: Validation accuracy = 39.0% (N=100)
INFO:tensorflow:2019-10-09 17:41:23.187320: Step 2390: Train accuracy = 100.0%
I1009 17:41:23.187365 4547376576 retrain.py:1082] 2019-10-09 17:41:23.187320: Step 2390: Train accuracy = 100.0%
INFO:tensorflow:2019-10-09 17:41:23.187470: Step 2390: Cross entropy = 0.128366
I1009 17:41:23.187495 4547376576 retrain.py:1084] 2019-10-09 17:41:23.187470: Step 2390: Cross entropy = 0.128366
INFO:tensorflow:2019-10-09 17:41:23.243575: Step 2390: Validation accuracy = 29.0% (N=100)
I1009 17:41:23.243624 4547376576 retrain.py:1100] 2019-10-09 17:41:23.243575: Step 2390: Validation accuracy = 29.0% (N=100)
INFO:tensorflow:2019-10-09 17:41:23.798789: Step 2400: Train accuracy = 100.0%
I1009 17:41:23.798833 4547376576 retrain.py:1082] 2019-10-09 17:41:23.798789: Step 2400: Train accuracy = 100.0%
INFO:tensorflow:2019-10-09 17:41:23.798938: Step 2400: Cross entropy = 0.129177
I1009 17:41:23.798949 4547376576 retrain.py:1084] 2019-10-09 17:41:23.798938: Step 2400: Cross entropy = 0.129177
INFO:tensorflow:2019-10-09 17:41:23.855477: Step 2400: Validation accuracy = 36.0% (N=100)
I1009 17:41:23.855526 4547376576 retrain.py:1100] 2019-10-09 17:41:23.855477: Step 2400: Validation accuracy = 36.0% (N=100)
INFO:tensorflow:2019-10-09 17:41:24.410874: Step 2410: Train accuracy = 97.0%
I1009 17:41:24.410917 4547376576 retrain.py:1082] 2019-10-09 17:41:24.410874: Step 2410: Train accuracy = 97.0%
INFO:tensorflow:2019-10-09 17:41:24.411024: Step 2410: Cross entropy = 0.149992
I1009 17:41:24.411034 4547376576 retrain.py:1084] 2019-10-09 17:41:24.411024: Step 2410: Cross entropy = 0.149992
INFO:tensorflow:2019-10-09 17:41:24.467259: Step 2410: Validation accuracy = 33.0% (N=100)
I1009 17:41:24.467307 4547376576 retrain.py:1100] 2019-10-09 17:41:24.467259: Step 2410: Validation accuracy = 33.0% (N=100)
INFO:tensorflow:2019-10-09 17:41:25.023060: Step 2420: Train accuracy = 96.0%
I1009 17:41:25.023118 4547376576 retrain.py:1082] 2019-10-09 17:41:25.023060: Step 2420: Train accuracy = 96.0%
INFO:tensorflow:2019-10-09 17:41:25.023239: Step 2420: Cross entropy = 0.161446
I1009 17:41:25.023248 4547376576 retrain.py:1084] 2019-10-09 17:41:25.023239: Step 2420: Cross entropy = 0.161446
INFO:tensorflow:2019-10-09 17:41:25.079308: Step 2420: Validation accuracy = 31.0% (N=100)
I1009 17:41:25.079356 4547376576 retrain.py:1100] 2019-10-09 17:41:25.079308: Step 2420: Validation accuracy = 31.0% (N=100)
INFO:tensorflow:2019-10-09 17:41:25.635910: Step 2430: Train accuracy = 100.0%
I1009 17:41:25.635954 4547376576 retrain.py:1082] 2019-10-09 17:41:25.635910: Step 2430: Train accuracy = 100.0%
INFO:tensorflow:2019-10-09 17:41:25.636061: Step 2430: Cross entropy = 0.122615
I1009 17:41:25.636071 4547376576 retrain.py:1084] 2019-10-09 17:41:25.636061: Step 2430: Cross entropy = 0.122615
INFO:tensorflow:2019-10-09 17:41:25.692050: Step 2430: Validation accuracy = 31.0% (N=100)
I1009 17:41:25.692096 4547376576 retrain.py:1100] 2019-10-09 17:41:25.692050: Step 2430: Validation accuracy = 31.0% (N=100)
INFO:tensorflow:2019-10-09 17:41:26.247883: Step 2440: Train accuracy = 100.0%
I1009 17:41:26.247929 4547376576 retrain.py:1082] 2019-10-09 17:41:26.247883: Step 2440: Train accuracy = 100.0%
INFO:tensorflow:2019-10-09 17:41:26.248038: Step 2440: Cross entropy = 0.126160
I1009 17:41:26.248048 4547376576 retrain.py:1084] 2019-10-09 17:41:26.248038: Step 2440: Cross entropy = 0.126160
INFO:tensorflow:2019-10-09 17:41:26.304186: Step 2440: Validation accuracy = 50.0% (N=100)
I1009 17:41:26.304242 4547376576 retrain.py:1100] 2019-10-09 17:41:26.304186: Step 2440: Validation accuracy = 50.0% (N=100)
INFO:tensorflow:2019-10-09 17:41:26.860508: Step 2450: Train accuracy = 96.0%
I1009 17:41:26.860553 4547376576 retrain.py:1082] 2019-10-09 17:41:26.860508: Step 2450: Train accuracy = 96.0%
INFO:tensorflow:2019-10-09 17:41:26.860659: Step 2450: Cross entropy = 0.171981
I1009 17:41:26.860669 4547376576 retrain.py:1084] 2019-10-09 17:41:26.860659: Step 2450: Cross entropy = 0.171981
INFO:tensorflow:2019-10-09 17:41:26.917164: Step 2450: Validation accuracy = 30.0% (N=100)
I1009 17:41:26.917212 4547376576 retrain.py:1100] 2019-10-09 17:41:26.917164: Step 2450: Validation accuracy = 30.0% (N=100)
INFO:tensorflow:2019-10-09 17:41:27.472284: Step 2460: Train accuracy = 97.0%
I1009 17:41:27.472328 4547376576 retrain.py:1082] 2019-10-09 17:41:27.472284: Step 2460: Train accuracy = 97.0%
INFO:tensorflow:2019-10-09 17:41:27.472463: Step 2460: Cross entropy = 0.133670
I1009 17:41:27.472473 4547376576 retrain.py:1084] 2019-10-09 17:41:27.472463: Step 2460: Cross entropy = 0.133670
INFO:tensorflow:2019-10-09 17:41:27.528646: Step 2460: Validation accuracy = 40.0% (N=100)
I1009 17:41:27.528689 4547376576 retrain.py:1100] 2019-10-09 17:41:27.528646: Step 2460: Validation accuracy = 40.0% (N=100)
INFO:tensorflow:2019-10-09 17:41:28.084859: Step 2470: Train accuracy = 99.0%
I1009 17:41:28.084903 4547376576 retrain.py:1082] 2019-10-09 17:41:28.084859: Step 2470: Train accuracy = 99.0%
INFO:tensorflow:2019-10-09 17:41:28.085010: Step 2470: Cross entropy = 0.138867
I1009 17:41:28.085021 4547376576 retrain.py:1084] 2019-10-09 17:41:28.085010: Step 2470: Cross entropy = 0.138867
INFO:tensorflow:2019-10-09 17:41:28.141268: Step 2470: Validation accuracy = 32.0% (N=100)
I1009 17:41:28.141313 4547376576 retrain.py:1100] 2019-10-09 17:41:28.141268: Step 2470: Validation accuracy = 32.0% (N=100)
INFO:tensorflow:2019-10-09 17:41:28.696876: Step 2480: Train accuracy = 98.0%
I1009 17:41:28.696921 4547376576 retrain.py:1082] 2019-10-09 17:41:28.696876: Step 2480: Train accuracy = 98.0%
INFO:tensorflow:2019-10-09 17:41:28.697028: Step 2480: Cross entropy = 0.167464
I1009 17:41:28.697039 4547376576 retrain.py:1084] 2019-10-09 17:41:28.697028: Step 2480: Cross entropy = 0.167464
INFO:tensorflow:2019-10-09 17:41:28.753394: Step 2480: Validation accuracy = 34.0% (N=100)
I1009 17:41:28.753445 4547376576 retrain.py:1100] 2019-10-09 17:41:28.753394: Step 2480: Validation accuracy = 34.0% (N=100)
INFO:tensorflow:2019-10-09 17:41:29.309088: Step 2490: Train accuracy = 99.0%
I1009 17:41:29.309132 4547376576 retrain.py:1082] 2019-10-09 17:41:29.309088: Step 2490: Train accuracy = 99.0%
INFO:tensorflow:2019-10-09 17:41:29.309239: Step 2490: Cross entropy = 0.128295
I1009 17:41:29.309250 4547376576 retrain.py:1084] 2019-10-09 17:41:29.309239: Step 2490: Cross entropy = 0.128295
INFO:tensorflow:2019-10-09 17:41:29.365971: Step 2490: Validation accuracy = 34.0% (N=100)
I1009 17:41:29.366019 4547376576 retrain.py:1100] 2019-10-09 17:41:29.365971: Step 2490: Validation accuracy = 34.0% (N=100)
INFO:tensorflow:2019-10-09 17:41:29.922383: Step 2500: Train accuracy = 97.0%
I1009 17:41:29.922440 4547376576 retrain.py:1082] 2019-10-09 17:41:29.922383: Step 2500: Train accuracy = 97.0%
INFO:tensorflow:2019-10-09 17:41:29.922561: Step 2500: Cross entropy = 0.158284
I1009 17:41:29.922572 4547376576 retrain.py:1084] 2019-10-09 17:41:29.922561: Step 2500: Cross entropy = 0.158284
INFO:tensorflow:2019-10-09 17:41:29.978707: Step 2500: Validation accuracy = 32.0% (N=100)
I1009 17:41:29.978754 4547376576 retrain.py:1100] 2019-10-09 17:41:29.978707: Step 2500: Validation accuracy = 32.0% (N=100)
INFO:tensorflow:2019-10-09 17:41:30.535276: Step 2510: Train accuracy = 100.0%
I1009 17:41:30.535320 4547376576 retrain.py:1082] 2019-10-09 17:41:30.535276: Step 2510: Train accuracy = 100.0%
INFO:tensorflow:2019-10-09 17:41:30.535429: Step 2510: Cross entropy = 0.147204
I1009 17:41:30.535439 4547376576 retrain.py:1084] 2019-10-09 17:41:30.535429: Step 2510: Cross entropy = 0.147204
INFO:tensorflow:2019-10-09 17:41:30.591702: Step 2510: Validation accuracy = 32.0% (N=100)
I1009 17:41:30.591750 4547376576 retrain.py:1100] 2019-10-09 17:41:30.591702: Step 2510: Validation accuracy = 32.0% (N=100)
INFO:tensorflow:2019-10-09 17:41:31.147333: Step 2520: Train accuracy = 99.0%
I1009 17:41:31.147377 4547376576 retrain.py:1082] 2019-10-09 17:41:31.147333: Step 2520: Train accuracy = 99.0%
INFO:tensorflow:2019-10-09 17:41:31.147485: Step 2520: Cross entropy = 0.130321
I1009 17:41:31.147496 4547376576 retrain.py:1084] 2019-10-09 17:41:31.147485: Step 2520: Cross entropy = 0.130321
INFO:tensorflow:2019-10-09 17:41:31.203705: Step 2520: Validation accuracy = 30.0% (N=100)
I1009 17:41:31.203756 4547376576 retrain.py:1100] 2019-10-09 17:41:31.203705: Step 2520: Validation accuracy = 30.0% (N=100)
INFO:tensorflow:2019-10-09 17:41:31.759737: Step 2530: Train accuracy = 99.0%
I1009 17:41:31.759781 4547376576 retrain.py:1082] 2019-10-09 17:41:31.759737: Step 2530: Train accuracy = 99.0%
INFO:tensorflow:2019-10-09 17:41:31.759888: Step 2530: Cross entropy = 0.134332
I1009 17:41:31.759899 4547376576 retrain.py:1084] 2019-10-09 17:41:31.759888: Step 2530: Cross entropy = 0.134332
INFO:tensorflow:2019-10-09 17:41:31.816498: Step 2530: Validation accuracy = 32.0% (N=100)
I1009 17:41:31.816545 4547376576 retrain.py:1100] 2019-10-09 17:41:31.816498: Step 2530: Validation accuracy = 32.0% (N=100)
INFO:tensorflow:2019-10-09 17:41:32.371819: Step 2540: Train accuracy = 100.0%
I1009 17:41:32.371866 4547376576 retrain.py:1082] 2019-10-09 17:41:32.371819: Step 2540: Train accuracy = 100.0%
INFO:tensorflow:2019-10-09 17:41:32.371975: Step 2540: Cross entropy = 0.115665
I1009 17:41:32.371985 4547376576 retrain.py:1084] 2019-10-09 17:41:32.371975: Step 2540: Cross entropy = 0.115665
INFO:tensorflow:2019-10-09 17:41:32.428149: Step 2540: Validation accuracy = 41.0% (N=100)
I1009 17:41:32.428197 4547376576 retrain.py:1100] 2019-10-09 17:41:32.428149: Step 2540: Validation accuracy = 41.0% (N=100)
INFO:tensorflow:2019-10-09 17:41:32.984838: Step 2550: Train accuracy = 100.0%
I1009 17:41:32.984882 4547376576 retrain.py:1082] 2019-10-09 17:41:32.984838: Step 2550: Train accuracy = 100.0%
INFO:tensorflow:2019-10-09 17:41:32.984989: Step 2550: Cross entropy = 0.104678
I1009 17:41:32.984999 4547376576 retrain.py:1084] 2019-10-09 17:41:32.984989: Step 2550: Cross entropy = 0.104678
INFO:tensorflow:2019-10-09 17:41:33.041231: Step 2550: Validation accuracy = 37.0% (N=100)
I1009 17:41:33.041275 4547376576 retrain.py:1100] 2019-10-09 17:41:33.041231: Step 2550: Validation accuracy = 37.0% (N=100)
INFO:tensorflow:2019-10-09 17:41:33.597594: Step 2560: Train accuracy = 98.0%
I1009 17:41:33.597637 4547376576 retrain.py:1082] 2019-10-09 17:41:33.597594: Step 2560: Train accuracy = 98.0%
INFO:tensorflow:2019-10-09 17:41:33.597741: Step 2560: Cross entropy = 0.119910
I1009 17:41:33.597752 4547376576 retrain.py:1084] 2019-10-09 17:41:33.597741: Step 2560: Cross entropy = 0.119910
INFO:tensorflow:2019-10-09 17:41:33.653960: Step 2560: Validation accuracy = 32.0% (N=100)
I1009 17:41:33.654010 4547376576 retrain.py:1100] 2019-10-09 17:41:33.653960: Step 2560: Validation accuracy = 32.0% (N=100)
INFO:tensorflow:2019-10-09 17:41:34.210865: Step 2570: Train accuracy = 99.0%
I1009 17:41:34.210908 4547376576 retrain.py:1082] 2019-10-09 17:41:34.210865: Step 2570: Train accuracy = 99.0%
INFO:tensorflow:2019-10-09 17:41:34.211015: Step 2570: Cross entropy = 0.138250
I1009 17:41:34.211024 4547376576 retrain.py:1084] 2019-10-09 17:41:34.211015: Step 2570: Cross entropy = 0.138250
INFO:tensorflow:2019-10-09 17:41:34.266879: Step 2570: Validation accuracy = 31.0% (N=100)
I1009 17:41:34.266927 4547376576 retrain.py:1100] 2019-10-09 17:41:34.266879: Step 2570: Validation accuracy = 31.0% (N=100)
INFO:tensorflow:2019-10-09 17:41:34.823776: Step 2580: Train accuracy = 100.0%
I1009 17:41:34.823820 4547376576 retrain.py:1082] 2019-10-09 17:41:34.823776: Step 2580: Train accuracy = 100.0%
INFO:tensorflow:2019-10-09 17:41:34.823954: Step 2580: Cross entropy = 0.118053
I1009 17:41:34.823964 4547376576 retrain.py:1084] 2019-10-09 17:41:34.823954: Step 2580: Cross entropy = 0.118053
INFO:tensorflow:2019-10-09 17:41:34.880913: Step 2580: Validation accuracy = 26.0% (N=100)
I1009 17:41:34.880960 4547376576 retrain.py:1100] 2019-10-09 17:41:34.880913: Step 2580: Validation accuracy = 26.0% (N=100)
INFO:tensorflow:2019-10-09 17:41:35.437700: Step 2590: Train accuracy = 99.0%
I1009 17:41:35.437744 4547376576 retrain.py:1082] 2019-10-09 17:41:35.437700: Step 2590: Train accuracy = 99.0%
INFO:tensorflow:2019-10-09 17:41:35.437851: Step 2590: Cross entropy = 0.120812
I1009 17:41:35.437861 4547376576 retrain.py:1084] 2019-10-09 17:41:35.437851: Step 2590: Cross entropy = 0.120812
INFO:tensorflow:2019-10-09 17:41:35.494083: Step 2590: Validation accuracy = 33.0% (N=100)
I1009 17:41:35.494132 4547376576 retrain.py:1100] 2019-10-09 17:41:35.494083: Step 2590: Validation accuracy = 33.0% (N=100)
INFO:tensorflow:2019-10-09 17:41:36.050061: Step 2600: Train accuracy = 97.0%
I1009 17:41:36.050105 4547376576 retrain.py:1082] 2019-10-09 17:41:36.050061: Step 2600: Train accuracy = 97.0%
INFO:tensorflow:2019-10-09 17:41:36.050212: Step 2600: Cross entropy = 0.139850
I1009 17:41:36.050222 4547376576 retrain.py:1084] 2019-10-09 17:41:36.050212: Step 2600: Cross entropy = 0.139850
INFO:tensorflow:2019-10-09 17:41:36.106201: Step 2600: Validation accuracy = 29.0% (N=100)
I1009 17:41:36.106246 4547376576 retrain.py:1100] 2019-10-09 17:41:36.106201: Step 2600: Validation accuracy = 29.0% (N=100)
INFO:tensorflow:2019-10-09 17:41:36.661999: Step 2610: Train accuracy = 99.0%
I1009 17:41:36.662045 4547376576 retrain.py:1082] 2019-10-09 17:41:36.661999: Step 2610: Train accuracy = 99.0%
INFO:tensorflow:2019-10-09 17:41:36.662152: Step 2610: Cross entropy = 0.140856
I1009 17:41:36.662163 4547376576 retrain.py:1084] 2019-10-09 17:41:36.662152: Step 2610: Cross entropy = 0.140856
INFO:tensorflow:2019-10-09 17:41:36.718115: Step 2610: Validation accuracy = 28.0% (N=100)
I1009 17:41:36.718163 4547376576 retrain.py:1100] 2019-10-09 17:41:36.718115: Step 2610: Validation accuracy = 28.0% (N=100)
INFO:tensorflow:2019-10-09 17:41:37.275100: Step 2620: Train accuracy = 100.0%
I1009 17:41:37.275156 4547376576 retrain.py:1082] 2019-10-09 17:41:37.275100: Step 2620: Train accuracy = 100.0%
INFO:tensorflow:2019-10-09 17:41:37.275290: Step 2620: Cross entropy = 0.116025
I1009 17:41:37.275301 4547376576 retrain.py:1084] 2019-10-09 17:41:37.275290: Step 2620: Cross entropy = 0.116025
INFO:tensorflow:2019-10-09 17:41:37.332076: Step 2620: Validation accuracy = 35.0% (N=100)
I1009 17:41:37.332124 4547376576 retrain.py:1100] 2019-10-09 17:41:37.332076: Step 2620: Validation accuracy = 35.0% (N=100)
INFO:tensorflow:2019-10-09 17:41:37.887637: Step 2630: Train accuracy = 98.0%
I1009 17:41:37.887681 4547376576 retrain.py:1082] 2019-10-09 17:41:37.887637: Step 2630: Train accuracy = 98.0%
INFO:tensorflow:2019-10-09 17:41:37.887786: Step 2630: Cross entropy = 0.139080
I1009 17:41:37.887796 4547376576 retrain.py:1084] 2019-10-09 17:41:37.887786: Step 2630: Cross entropy = 0.139080
INFO:tensorflow:2019-10-09 17:41:37.944572: Step 2630: Validation accuracy = 27.0% (N=100)
I1009 17:41:37.944621 4547376576 retrain.py:1100] 2019-10-09 17:41:37.944572: Step 2630: Validation accuracy = 27.0% (N=100)
INFO:tensorflow:2019-10-09 17:41:38.502436: Step 2640: Train accuracy = 98.0%
I1009 17:41:38.502481 4547376576 retrain.py:1082] 2019-10-09 17:41:38.502436: Step 2640: Train accuracy = 98.0%
INFO:tensorflow:2019-10-09 17:41:38.502588: Step 2640: Cross entropy = 0.142311
I1009 17:41:38.502597 4547376576 retrain.py:1084] 2019-10-09 17:41:38.502588: Step 2640: Cross entropy = 0.142311
INFO:tensorflow:2019-10-09 17:41:38.558940: Step 2640: Validation accuracy = 43.0% (N=100)
I1009 17:41:38.558989 4547376576 retrain.py:1100] 2019-10-09 17:41:38.558940: Step 2640: Validation accuracy = 43.0% (N=100)
INFO:tensorflow:2019-10-09 17:41:39.116808: Step 2650: Train accuracy = 99.0%
I1009 17:41:39.116852 4547376576 retrain.py:1082] 2019-10-09 17:41:39.116808: Step 2650: Train accuracy = 99.0%
INFO:tensorflow:2019-10-09 17:41:39.116957: Step 2650: Cross entropy = 0.124075
I1009 17:41:39.116967 4547376576 retrain.py:1084] 2019-10-09 17:41:39.116957: Step 2650: Cross entropy = 0.124075
INFO:tensorflow:2019-10-09 17:41:39.172733: Step 2650: Validation accuracy = 38.0% (N=100)
I1009 17:41:39.172782 4547376576 retrain.py:1100] 2019-10-09 17:41:39.172733: Step 2650: Validation accuracy = 38.0% (N=100)
INFO:tensorflow:2019-10-09 17:41:39.730405: Step 2660: Train accuracy = 98.0%
I1009 17:41:39.730448 4547376576 retrain.py:1082] 2019-10-09 17:41:39.730405: Step 2660: Train accuracy = 98.0%
INFO:tensorflow:2019-10-09 17:41:39.730557: Step 2660: Cross entropy = 0.123155
I1009 17:41:39.730584 4547376576 retrain.py:1084] 2019-10-09 17:41:39.730557: Step 2660: Cross entropy = 0.123155
INFO:tensorflow:2019-10-09 17:41:39.786872: Step 2660: Validation accuracy = 27.0% (N=100)
I1009 17:41:39.786921 4547376576 retrain.py:1100] 2019-10-09 17:41:39.786872: Step 2660: Validation accuracy = 27.0% (N=100)
INFO:tensorflow:2019-10-09 17:41:40.344416: Step 2670: Train accuracy = 100.0%
I1009 17:41:40.344460 4547376576 retrain.py:1082] 2019-10-09 17:41:40.344416: Step 2670: Train accuracy = 100.0%
INFO:tensorflow:2019-10-09 17:41:40.344567: Step 2670: Cross entropy = 0.113233
I1009 17:41:40.344578 4547376576 retrain.py:1084] 2019-10-09 17:41:40.344567: Step 2670: Cross entropy = 0.113233
INFO:tensorflow:2019-10-09 17:41:40.400683: Step 2670: Validation accuracy = 33.0% (N=100)
I1009 17:41:40.400730 4547376576 retrain.py:1100] 2019-10-09 17:41:40.400683: Step 2670: Validation accuracy = 33.0% (N=100)
INFO:tensorflow:2019-10-09 17:41:40.955980: Step 2680: Train accuracy = 99.0%
I1009 17:41:40.956024 4547376576 retrain.py:1082] 2019-10-09 17:41:40.955980: Step 2680: Train accuracy = 99.0%
INFO:tensorflow:2019-10-09 17:41:40.956129: Step 2680: Cross entropy = 0.112613
I1009 17:41:40.956140 4547376576 retrain.py:1084] 2019-10-09 17:41:40.956129: Step 2680: Cross entropy = 0.112613
INFO:tensorflow:2019-10-09 17:41:41.012036: Step 2680: Validation accuracy = 33.0% (N=100)
I1009 17:41:41.012083 4547376576 retrain.py:1100] 2019-10-09 17:41:41.012036: Step 2680: Validation accuracy = 33.0% (N=100)
INFO:tensorflow:2019-10-09 17:41:41.568068: Step 2690: Train accuracy = 99.0%
I1009 17:41:41.568112 4547376576 retrain.py:1082] 2019-10-09 17:41:41.568068: Step 2690: Train accuracy = 99.0%
INFO:tensorflow:2019-10-09 17:41:41.568220: Step 2690: Cross entropy = 0.130127
I1009 17:41:41.568229 4547376576 retrain.py:1084] 2019-10-09 17:41:41.568220: Step 2690: Cross entropy = 0.130127
INFO:tensorflow:2019-10-09 17:41:41.624094: Step 2690: Validation accuracy = 28.0% (N=100)
I1009 17:41:41.624140 4547376576 retrain.py:1100] 2019-10-09 17:41:41.624094: Step 2690: Validation accuracy = 28.0% (N=100)
INFO:tensorflow:2019-10-09 17:41:42.179956: Step 2700: Train accuracy = 98.0%
I1009 17:41:42.180001 4547376576 retrain.py:1082] 2019-10-09 17:41:42.179956: Step 2700: Train accuracy = 98.0%
INFO:tensorflow:2019-10-09 17:41:42.180106: Step 2700: Cross entropy = 0.122151
I1009 17:41:42.180116 4547376576 retrain.py:1084] 2019-10-09 17:41:42.180106: Step 2700: Cross entropy = 0.122151
INFO:tensorflow:2019-10-09 17:41:42.236229: Step 2700: Validation accuracy = 37.0% (N=100)
I1009 17:41:42.236278 4547376576 retrain.py:1100] 2019-10-09 17:41:42.236229: Step 2700: Validation accuracy = 37.0% (N=100)
INFO:tensorflow:2019-10-09 17:41:42.794104: Step 2710: Train accuracy = 99.0%
I1009 17:41:42.794149 4547376576 retrain.py:1082] 2019-10-09 17:41:42.794104: Step 2710: Train accuracy = 99.0%
INFO:tensorflow:2019-10-09 17:41:42.794255: Step 2710: Cross entropy = 0.115594
I1009 17:41:42.794266 4547376576 retrain.py:1084] 2019-10-09 17:41:42.794255: Step 2710: Cross entropy = 0.115594
INFO:tensorflow:2019-10-09 17:41:42.850275: Step 2710: Validation accuracy = 34.0% (N=100)
I1009 17:41:42.850326 4547376576 retrain.py:1100] 2019-10-09 17:41:42.850275: Step 2710: Validation accuracy = 34.0% (N=100)
INFO:tensorflow:2019-10-09 17:41:43.406147: Step 2720: Train accuracy = 99.0%
I1009 17:41:43.406192 4547376576 retrain.py:1082] 2019-10-09 17:41:43.406147: Step 2720: Train accuracy = 99.0%
INFO:tensorflow:2019-10-09 17:41:43.406299: Step 2720: Cross entropy = 0.108781
I1009 17:41:43.406309 4547376576 retrain.py:1084] 2019-10-09 17:41:43.406299: Step 2720: Cross entropy = 0.108781
INFO:tensorflow:2019-10-09 17:41:43.462096: Step 2720: Validation accuracy = 35.0% (N=100)
I1009 17:41:43.462141 4547376576 retrain.py:1100] 2019-10-09 17:41:43.462096: Step 2720: Validation accuracy = 35.0% (N=100)
INFO:tensorflow:2019-10-09 17:41:44.017660: Step 2730: Train accuracy = 99.0%
I1009 17:41:44.017705 4547376576 retrain.py:1082] 2019-10-09 17:41:44.017660: Step 2730: Train accuracy = 99.0%
INFO:tensorflow:2019-10-09 17:41:44.017813: Step 2730: Cross entropy = 0.106718
I1009 17:41:44.017822 4547376576 retrain.py:1084] 2019-10-09 17:41:44.017813: Step 2730: Cross entropy = 0.106718
INFO:tensorflow:2019-10-09 17:41:44.073614: Step 2730: Validation accuracy = 33.0% (N=100)
I1009 17:41:44.073663 4547376576 retrain.py:1100] 2019-10-09 17:41:44.073614: Step 2730: Validation accuracy = 33.0% (N=100)
INFO:tensorflow:2019-10-09 17:41:44.629687: Step 2740: Train accuracy = 99.0%
I1009 17:41:44.629732 4547376576 retrain.py:1082] 2019-10-09 17:41:44.629687: Step 2740: Train accuracy = 99.0%
INFO:tensorflow:2019-10-09 17:41:44.629837: Step 2740: Cross entropy = 0.129395
I1009 17:41:44.629847 4547376576 retrain.py:1084] 2019-10-09 17:41:44.629837: Step 2740: Cross entropy = 0.129395
INFO:tensorflow:2019-10-09 17:41:44.685739: Step 2740: Validation accuracy = 36.0% (N=100)
I1009 17:41:44.685788 4547376576 retrain.py:1100] 2019-10-09 17:41:44.685739: Step 2740: Validation accuracy = 36.0% (N=100)
INFO:tensorflow:2019-10-09 17:41:45.240984: Step 2750: Train accuracy = 99.0%
I1009 17:41:45.241029 4547376576 retrain.py:1082] 2019-10-09 17:41:45.240984: Step 2750: Train accuracy = 99.0%
INFO:tensorflow:2019-10-09 17:41:45.241134: Step 2750: Cross entropy = 0.138772
I1009 17:41:45.241159 4547376576 retrain.py:1084] 2019-10-09 17:41:45.241134: Step 2750: Cross entropy = 0.138772
INFO:tensorflow:2019-10-09 17:41:45.297096: Step 2750: Validation accuracy = 31.0% (N=100)
I1009 17:41:45.297146 4547376576 retrain.py:1100] 2019-10-09 17:41:45.297096: Step 2750: Validation accuracy = 31.0% (N=100)
INFO:tensorflow:2019-10-09 17:41:45.852140: Step 2760: Train accuracy = 97.0%
I1009 17:41:45.852183 4547376576 retrain.py:1082] 2019-10-09 17:41:45.852140: Step 2760: Train accuracy = 97.0%
INFO:tensorflow:2019-10-09 17:41:45.852288: Step 2760: Cross entropy = 0.122764
I1009 17:41:45.852299 4547376576 retrain.py:1084] 2019-10-09 17:41:45.852288: Step 2760: Cross entropy = 0.122764
INFO:tensorflow:2019-10-09 17:41:45.908261: Step 2760: Validation accuracy = 30.0% (N=100)
I1009 17:41:45.908309 4547376576 retrain.py:1100] 2019-10-09 17:41:45.908261: Step 2760: Validation accuracy = 30.0% (N=100)
INFO:tensorflow:2019-10-09 17:41:46.463992: Step 2770: Train accuracy = 99.0%
I1009 17:41:46.464037 4547376576 retrain.py:1082] 2019-10-09 17:41:46.463992: Step 2770: Train accuracy = 99.0%
INFO:tensorflow:2019-10-09 17:41:46.464144: Step 2770: Cross entropy = 0.130340
I1009 17:41:46.464154 4547376576 retrain.py:1084] 2019-10-09 17:41:46.464144: Step 2770: Cross entropy = 0.130340
INFO:tensorflow:2019-10-09 17:41:46.520359: Step 2770: Validation accuracy = 35.0% (N=100)
I1009 17:41:46.520406 4547376576 retrain.py:1100] 2019-10-09 17:41:46.520359: Step 2770: Validation accuracy = 35.0% (N=100)
INFO:tensorflow:2019-10-09 17:41:47.075602: Step 2780: Train accuracy = 97.0%
I1009 17:41:47.075658 4547376576 retrain.py:1082] 2019-10-09 17:41:47.075602: Step 2780: Train accuracy = 97.0%
INFO:tensorflow:2019-10-09 17:41:47.075789: Step 2780: Cross entropy = 0.157663
I1009 17:41:47.075798 4547376576 retrain.py:1084] 2019-10-09 17:41:47.075789: Step 2780: Cross entropy = 0.157663
INFO:tensorflow:2019-10-09 17:41:47.131733: Step 2780: Validation accuracy = 28.0% (N=100)
I1009 17:41:47.131783 4547376576 retrain.py:1100] 2019-10-09 17:41:47.131733: Step 2780: Validation accuracy = 28.0% (N=100)
INFO:tensorflow:2019-10-09 17:41:47.687532: Step 2790: Train accuracy = 99.0%
I1009 17:41:47.687578 4547376576 retrain.py:1082] 2019-10-09 17:41:47.687532: Step 2790: Train accuracy = 99.0%
INFO:tensorflow:2019-10-09 17:41:47.687682: Step 2790: Cross entropy = 0.119969
I1009 17:41:47.687707 4547376576 retrain.py:1084] 2019-10-09 17:41:47.687682: Step 2790: Cross entropy = 0.119969
INFO:tensorflow:2019-10-09 17:41:47.744104: Step 2790: Validation accuracy = 38.0% (N=100)
I1009 17:41:47.744152 4547376576 retrain.py:1100] 2019-10-09 17:41:47.744104: Step 2790: Validation accuracy = 38.0% (N=100)
INFO:tensorflow:2019-10-09 17:41:48.300104: Step 2800: Train accuracy = 99.0%
I1009 17:41:48.300148 4547376576 retrain.py:1082] 2019-10-09 17:41:48.300104: Step 2800: Train accuracy = 99.0%
INFO:tensorflow:2019-10-09 17:41:48.300255: Step 2800: Cross entropy = 0.140857
I1009 17:41:48.300266 4547376576 retrain.py:1084] 2019-10-09 17:41:48.300255: Step 2800: Cross entropy = 0.140857
INFO:tensorflow:2019-10-09 17:41:48.356756: Step 2800: Validation accuracy = 28.0% (N=100)
I1009 17:41:48.356805 4547376576 retrain.py:1100] 2019-10-09 17:41:48.356756: Step 2800: Validation accuracy = 28.0% (N=100)
INFO:tensorflow:2019-10-09 17:41:48.911785: Step 2810: Train accuracy = 100.0%
I1009 17:41:48.911831 4547376576 retrain.py:1082] 2019-10-09 17:41:48.911785: Step 2810: Train accuracy = 100.0%
INFO:tensorflow:2019-10-09 17:41:48.911939: Step 2810: Cross entropy = 0.110085
I1009 17:41:48.911950 4547376576 retrain.py:1084] 2019-10-09 17:41:48.911939: Step 2810: Cross entropy = 0.110085
INFO:tensorflow:2019-10-09 17:41:48.968038: Step 2810: Validation accuracy = 36.0% (N=100)
I1009 17:41:48.968086 4547376576 retrain.py:1100] 2019-10-09 17:41:48.968038: Step 2810: Validation accuracy = 36.0% (N=100)
INFO:tensorflow:2019-10-09 17:41:49.523235: Step 2820: Train accuracy = 98.0%
I1009 17:41:49.523293 4547376576 retrain.py:1082] 2019-10-09 17:41:49.523235: Step 2820: Train accuracy = 98.0%
INFO:tensorflow:2019-10-09 17:41:49.523430: Step 2820: Cross entropy = 0.115369
I1009 17:41:49.523440 4547376576 retrain.py:1084] 2019-10-09 17:41:49.523430: Step 2820: Cross entropy = 0.115369
INFO:tensorflow:2019-10-09 17:41:49.579652: Step 2820: Validation accuracy = 36.0% (N=100)
I1009 17:41:49.579703 4547376576 retrain.py:1100] 2019-10-09 17:41:49.579652: Step 2820: Validation accuracy = 36.0% (N=100)
INFO:tensorflow:2019-10-09 17:41:50.135107: Step 2830: Train accuracy = 100.0%
I1009 17:41:50.135152 4547376576 retrain.py:1082] 2019-10-09 17:41:50.135107: Step 2830: Train accuracy = 100.0%
INFO:tensorflow:2019-10-09 17:41:50.135255: Step 2830: Cross entropy = 0.113503
I1009 17:41:50.135266 4547376576 retrain.py:1084] 2019-10-09 17:41:50.135255: Step 2830: Cross entropy = 0.113503
INFO:tensorflow:2019-10-09 17:41:50.191230: Step 2830: Validation accuracy = 23.0% (N=100)
I1009 17:41:50.191280 4547376576 retrain.py:1100] 2019-10-09 17:41:50.191230: Step 2830: Validation accuracy = 23.0% (N=100)
INFO:tensorflow:2019-10-09 17:41:50.746432: Step 2840: Train accuracy = 99.0%
I1009 17:41:50.746475 4547376576 retrain.py:1082] 2019-10-09 17:41:50.746432: Step 2840: Train accuracy = 99.0%
INFO:tensorflow:2019-10-09 17:41:50.746582: Step 2840: Cross entropy = 0.108940
I1009 17:41:50.746592 4547376576 retrain.py:1084] 2019-10-09 17:41:50.746582: Step 2840: Cross entropy = 0.108940
INFO:tensorflow:2019-10-09 17:41:50.802989: Step 2840: Validation accuracy = 38.0% (N=100)
I1009 17:41:50.803034 4547376576 retrain.py:1100] 2019-10-09 17:41:50.802989: Step 2840: Validation accuracy = 38.0% (N=100)
INFO:tensorflow:2019-10-09 17:41:51.359160: Step 2850: Train accuracy = 100.0%
I1009 17:41:51.359205 4547376576 retrain.py:1082] 2019-10-09 17:41:51.359160: Step 2850: Train accuracy = 100.0%
INFO:tensorflow:2019-10-09 17:41:51.359307: Step 2850: Cross entropy = 0.107642
I1009 17:41:51.359318 4547376576 retrain.py:1084] 2019-10-09 17:41:51.359307: Step 2850: Cross entropy = 0.107642
INFO:tensorflow:2019-10-09 17:41:51.415332: Step 2850: Validation accuracy = 37.0% (N=100)
I1009 17:41:51.415376 4547376576 retrain.py:1100] 2019-10-09 17:41:51.415332: Step 2850: Validation accuracy = 37.0% (N=100)
INFO:tensorflow:2019-10-09 17:41:51.970258: Step 2860: Train accuracy = 99.0%
I1009 17:41:51.970303 4547376576 retrain.py:1082] 2019-10-09 17:41:51.970258: Step 2860: Train accuracy = 99.0%
INFO:tensorflow:2019-10-09 17:41:51.970409: Step 2860: Cross entropy = 0.131431
I1009 17:41:51.970418 4547376576 retrain.py:1084] 2019-10-09 17:41:51.970409: Step 2860: Cross entropy = 0.131431
INFO:tensorflow:2019-10-09 17:41:52.026256: Step 2860: Validation accuracy = 41.0% (N=100)
I1009 17:41:52.026306 4547376576 retrain.py:1100] 2019-10-09 17:41:52.026256: Step 2860: Validation accuracy = 41.0% (N=100)
INFO:tensorflow:2019-10-09 17:41:52.581595: Step 2870: Train accuracy = 98.0%
I1009 17:41:52.581640 4547376576 retrain.py:1082] 2019-10-09 17:41:52.581595: Step 2870: Train accuracy = 98.0%
INFO:tensorflow:2019-10-09 17:41:52.581747: Step 2870: Cross entropy = 0.117073
I1009 17:41:52.581758 4547376576 retrain.py:1084] 2019-10-09 17:41:52.581747: Step 2870: Cross entropy = 0.117073
INFO:tensorflow:2019-10-09 17:41:52.637713: Step 2870: Validation accuracy = 47.0% (N=100)
I1009 17:41:52.637763 4547376576 retrain.py:1100] 2019-10-09 17:41:52.637713: Step 2870: Validation accuracy = 47.0% (N=100)
INFO:tensorflow:2019-10-09 17:41:53.194057: Step 2880: Train accuracy = 98.0%
I1009 17:41:53.194102 4547376576 retrain.py:1082] 2019-10-09 17:41:53.194057: Step 2880: Train accuracy = 98.0%
INFO:tensorflow:2019-10-09 17:41:53.194211: Step 2880: Cross entropy = 0.167724
I1009 17:41:53.194223 4547376576 retrain.py:1084] 2019-10-09 17:41:53.194211: Step 2880: Cross entropy = 0.167724
INFO:tensorflow:2019-10-09 17:41:53.250375: Step 2880: Validation accuracy = 33.0% (N=100)
I1009 17:41:53.250421 4547376576 retrain.py:1100] 2019-10-09 17:41:53.250375: Step 2880: Validation accuracy = 33.0% (N=100)
INFO:tensorflow:2019-10-09 17:41:53.805690: Step 2890: Train accuracy = 100.0%
I1009 17:41:53.805735 4547376576 retrain.py:1082] 2019-10-09 17:41:53.805690: Step 2890: Train accuracy = 100.0%
INFO:tensorflow:2019-10-09 17:41:53.805844: Step 2890: Cross entropy = 0.121161
I1009 17:41:53.805855 4547376576 retrain.py:1084] 2019-10-09 17:41:53.805844: Step 2890: Cross entropy = 0.121161
INFO:tensorflow:2019-10-09 17:41:53.862594: Step 2890: Validation accuracy = 29.0% (N=100)
I1009 17:41:53.862644 4547376576 retrain.py:1100] 2019-10-09 17:41:53.862594: Step 2890: Validation accuracy = 29.0% (N=100)
INFO:tensorflow:2019-10-09 17:41:54.417743: Step 2900: Train accuracy = 99.0%
I1009 17:41:54.417787 4547376576 retrain.py:1082] 2019-10-09 17:41:54.417743: Step 2900: Train accuracy = 99.0%
INFO:tensorflow:2019-10-09 17:41:54.417891: Step 2900: Cross entropy = 0.129070
I1009 17:41:54.417903 4547376576 retrain.py:1084] 2019-10-09 17:41:54.417891: Step 2900: Cross entropy = 0.129070
INFO:tensorflow:2019-10-09 17:41:54.473985: Step 2900: Validation accuracy = 36.0% (N=100)
I1009 17:41:54.474033 4547376576 retrain.py:1100] 2019-10-09 17:41:54.473985: Step 2900: Validation accuracy = 36.0% (N=100)
INFO:tensorflow:2019-10-09 17:41:55.029352: Step 2910: Train accuracy = 97.0%
I1009 17:41:55.029396 4547376576 retrain.py:1082] 2019-10-09 17:41:55.029352: Step 2910: Train accuracy = 97.0%
INFO:tensorflow:2019-10-09 17:41:55.029562: Step 2910: Cross entropy = 0.152217
I1009 17:41:55.029573 4547376576 retrain.py:1084] 2019-10-09 17:41:55.029562: Step 2910: Cross entropy = 0.152217
INFO:tensorflow:2019-10-09 17:41:55.085733: Step 2910: Validation accuracy = 33.0% (N=100)
I1009 17:41:55.085783 4547376576 retrain.py:1100] 2019-10-09 17:41:55.085733: Step 2910: Validation accuracy = 33.0% (N=100)
INFO:tensorflow:2019-10-09 17:41:55.642092: Step 2920: Train accuracy = 99.0%
I1009 17:41:55.642136 4547376576 retrain.py:1082] 2019-10-09 17:41:55.642092: Step 2920: Train accuracy = 99.0%
INFO:tensorflow:2019-10-09 17:41:55.642241: Step 2920: Cross entropy = 0.097384
I1009 17:41:55.642251 4547376576 retrain.py:1084] 2019-10-09 17:41:55.642241: Step 2920: Cross entropy = 0.097384
INFO:tensorflow:2019-10-09 17:41:55.698209: Step 2920: Validation accuracy = 33.0% (N=100)
I1009 17:41:55.698257 4547376576 retrain.py:1100] 2019-10-09 17:41:55.698209: Step 2920: Validation accuracy = 33.0% (N=100)
INFO:tensorflow:2019-10-09 17:41:56.253959: Step 2930: Train accuracy = 98.0%
I1009 17:41:56.254004 4547376576 retrain.py:1082] 2019-10-09 17:41:56.253959: Step 2930: Train accuracy = 98.0%
INFO:tensorflow:2019-10-09 17:41:56.254112: Step 2930: Cross entropy = 0.135555
I1009 17:41:56.254137 4547376576 retrain.py:1084] 2019-10-09 17:41:56.254112: Step 2930: Cross entropy = 0.135555
INFO:tensorflow:2019-10-09 17:41:56.310154: Step 2930: Validation accuracy = 27.0% (N=100)
I1009 17:41:56.310201 4547376576 retrain.py:1100] 2019-10-09 17:41:56.310154: Step 2930: Validation accuracy = 27.0% (N=100)
INFO:tensorflow:2019-10-09 17:41:56.865857: Step 2940: Train accuracy = 98.0%
I1009 17:41:56.865902 4547376576 retrain.py:1082] 2019-10-09 17:41:56.865857: Step 2940: Train accuracy = 98.0%
INFO:tensorflow:2019-10-09 17:41:56.866007: Step 2940: Cross entropy = 0.113985
I1009 17:41:56.866017 4547376576 retrain.py:1084] 2019-10-09 17:41:56.866007: Step 2940: Cross entropy = 0.113985
INFO:tensorflow:2019-10-09 17:41:56.922348: Step 2940: Validation accuracy = 44.0% (N=100)
I1009 17:41:56.922395 4547376576 retrain.py:1100] 2019-10-09 17:41:56.922348: Step 2940: Validation accuracy = 44.0% (N=100)
INFO:tensorflow:2019-10-09 17:41:57.479356: Step 2950: Train accuracy = 98.0%
I1009 17:41:57.479402 4547376576 retrain.py:1082] 2019-10-09 17:41:57.479356: Step 2950: Train accuracy = 98.0%
INFO:tensorflow:2019-10-09 17:41:57.479509: Step 2950: Cross entropy = 0.136675
I1009 17:41:57.479520 4547376576 retrain.py:1084] 2019-10-09 17:41:57.479509: Step 2950: Cross entropy = 0.136675
INFO:tensorflow:2019-10-09 17:41:57.535553: Step 2950: Validation accuracy = 37.0% (N=100)
I1009 17:41:57.535601 4547376576 retrain.py:1100] 2019-10-09 17:41:57.535553: Step 2950: Validation accuracy = 37.0% (N=100)
INFO:tensorflow:2019-10-09 17:41:58.090836: Step 2960: Train accuracy = 98.0%
I1009 17:41:58.090881 4547376576 retrain.py:1082] 2019-10-09 17:41:58.090836: Step 2960: Train accuracy = 98.0%
INFO:tensorflow:2019-10-09 17:41:58.090987: Step 2960: Cross entropy = 0.124861
I1009 17:41:58.090997 4547376576 retrain.py:1084] 2019-10-09 17:41:58.090987: Step 2960: Cross entropy = 0.124861
INFO:tensorflow:2019-10-09 17:41:58.147101: Step 2960: Validation accuracy = 40.0% (N=100)
I1009 17:41:58.147150 4547376576 retrain.py:1100] 2019-10-09 17:41:58.147101: Step 2960: Validation accuracy = 40.0% (N=100)
INFO:tensorflow:2019-10-09 17:41:58.702913: Step 2970: Train accuracy = 98.0%
I1009 17:41:58.702958 4547376576 retrain.py:1082] 2019-10-09 17:41:58.702913: Step 2970: Train accuracy = 98.0%
INFO:tensorflow:2019-10-09 17:41:58.703066: Step 2970: Cross entropy = 0.112144
I1009 17:41:58.703077 4547376576 retrain.py:1084] 2019-10-09 17:41:58.703066: Step 2970: Cross entropy = 0.112144
INFO:tensorflow:2019-10-09 17:41:58.759328: Step 2970: Validation accuracy = 34.0% (N=100)
I1009 17:41:58.759375 4547376576 retrain.py:1100] 2019-10-09 17:41:58.759328: Step 2970: Validation accuracy = 34.0% (N=100)
INFO:tensorflow:2019-10-09 17:41:59.315518: Step 2980: Train accuracy = 99.0%
I1009 17:41:59.315562 4547376576 retrain.py:1082] 2019-10-09 17:41:59.315518: Step 2980: Train accuracy = 99.0%
INFO:tensorflow:2019-10-09 17:41:59.315670: Step 2980: Cross entropy = 0.108089
I1009 17:41:59.315680 4547376576 retrain.py:1084] 2019-10-09 17:41:59.315670: Step 2980: Cross entropy = 0.108089
INFO:tensorflow:2019-10-09 17:41:59.372407: Step 2980: Validation accuracy = 37.0% (N=100)
I1009 17:41:59.372452 4547376576 retrain.py:1100] 2019-10-09 17:41:59.372407: Step 2980: Validation accuracy = 37.0% (N=100)
INFO:tensorflow:2019-10-09 17:41:59.927232: Step 2990: Train accuracy = 98.0%
I1009 17:41:59.927277 4547376576 retrain.py:1082] 2019-10-09 17:41:59.927232: Step 2990: Train accuracy = 98.0%
INFO:tensorflow:2019-10-09 17:41:59.927385: Step 2990: Cross entropy = 0.133882
I1009 17:41:59.927396 4547376576 retrain.py:1084] 2019-10-09 17:41:59.927385: Step 2990: Cross entropy = 0.133882
INFO:tensorflow:2019-10-09 17:41:59.983305: Step 2990: Validation accuracy = 36.0% (N=100)
I1009 17:41:59.983354 4547376576 retrain.py:1100] 2019-10-09 17:41:59.983305: Step 2990: Validation accuracy = 36.0% (N=100)
INFO:tensorflow:2019-10-09 17:42:00.538541: Step 3000: Train accuracy = 97.0%
I1009 17:42:00.538585 4547376576 retrain.py:1082] 2019-10-09 17:42:00.538541: Step 3000: Train accuracy = 97.0%
INFO:tensorflow:2019-10-09 17:42:00.538692: Step 3000: Cross entropy = 0.136101
I1009 17:42:00.538703 4547376576 retrain.py:1084] 2019-10-09 17:42:00.538692: Step 3000: Cross entropy = 0.136101
INFO:tensorflow:2019-10-09 17:42:00.594915: Step 3000: Validation accuracy = 31.0% (N=100)
I1009 17:42:00.594964 4547376576 retrain.py:1100] 2019-10-09 17:42:00.594915: Step 3000: Validation accuracy = 31.0% (N=100)
INFO:tensorflow:2019-10-09 17:42:01.150802: Step 3010: Train accuracy = 98.0%
I1009 17:42:01.150846 4547376576 retrain.py:1082] 2019-10-09 17:42:01.150802: Step 3010: Train accuracy = 98.0%
INFO:tensorflow:2019-10-09 17:42:01.150954: Step 3010: Cross entropy = 0.107884
I1009 17:42:01.150964 4547376576 retrain.py:1084] 2019-10-09 17:42:01.150954: Step 3010: Cross entropy = 0.107884
INFO:tensorflow:2019-10-09 17:42:01.206949: Step 3010: Validation accuracy = 43.0% (N=100)
I1009 17:42:01.206999 4547376576 retrain.py:1100] 2019-10-09 17:42:01.206949: Step 3010: Validation accuracy = 43.0% (N=100)
INFO:tensorflow:2019-10-09 17:42:01.762150: Step 3020: Train accuracy = 100.0%
I1009 17:42:01.762193 4547376576 retrain.py:1082] 2019-10-09 17:42:01.762150: Step 3020: Train accuracy = 100.0%
INFO:tensorflow:2019-10-09 17:42:01.762300: Step 3020: Cross entropy = 0.112286
I1009 17:42:01.762311 4547376576 retrain.py:1084] 2019-10-09 17:42:01.762300: Step 3020: Cross entropy = 0.112286
INFO:tensorflow:2019-10-09 17:42:01.819004: Step 3020: Validation accuracy = 37.0% (N=100)
I1009 17:42:01.819054 4547376576 retrain.py:1100] 2019-10-09 17:42:01.819004: Step 3020: Validation accuracy = 37.0% (N=100)
INFO:tensorflow:2019-10-09 17:42:02.374100: Step 3030: Train accuracy = 100.0%
I1009 17:42:02.374155 4547376576 retrain.py:1082] 2019-10-09 17:42:02.374100: Step 3030: Train accuracy = 100.0%
INFO:tensorflow:2019-10-09 17:42:02.374289: Step 3030: Cross entropy = 0.110903
I1009 17:42:02.374300 4547376576 retrain.py:1084] 2019-10-09 17:42:02.374289: Step 3030: Cross entropy = 0.110903
INFO:tensorflow:2019-10-09 17:42:02.430396: Step 3030: Validation accuracy = 30.0% (N=100)
I1009 17:42:02.430444 4547376576 retrain.py:1100] 2019-10-09 17:42:02.430396: Step 3030: Validation accuracy = 30.0% (N=100)
INFO:tensorflow:2019-10-09 17:42:02.986542: Step 3040: Train accuracy = 100.0%
I1009 17:42:02.986586 4547376576 retrain.py:1082] 2019-10-09 17:42:02.986542: Step 3040: Train accuracy = 100.0%
INFO:tensorflow:2019-10-09 17:42:02.986692: Step 3040: Cross entropy = 0.109391
I1009 17:42:02.986701 4547376576 retrain.py:1084] 2019-10-09 17:42:02.986692: Step 3040: Cross entropy = 0.109391
INFO:tensorflow:2019-10-09 17:42:03.042946: Step 3040: Validation accuracy = 29.0% (N=100)
I1009 17:42:03.042992 4547376576 retrain.py:1100] 2019-10-09 17:42:03.042946: Step 3040: Validation accuracy = 29.0% (N=100)
INFO:tensorflow:2019-10-09 17:42:03.597925: Step 3050: Train accuracy = 100.0%
I1009 17:42:03.597970 4547376576 retrain.py:1082] 2019-10-09 17:42:03.597925: Step 3050: Train accuracy = 100.0%
INFO:tensorflow:2019-10-09 17:42:03.598079: Step 3050: Cross entropy = 0.107324
I1009 17:42:03.598091 4547376576 retrain.py:1084] 2019-10-09 17:42:03.598079: Step 3050: Cross entropy = 0.107324
INFO:tensorflow:2019-10-09 17:42:03.654027: Step 3050: Validation accuracy = 41.0% (N=100)
I1009 17:42:03.654075 4547376576 retrain.py:1100] 2019-10-09 17:42:03.654027: Step 3050: Validation accuracy = 41.0% (N=100)
INFO:tensorflow:2019-10-09 17:42:04.209171: Step 3060: Train accuracy = 99.0%
I1009 17:42:04.209216 4547376576 retrain.py:1082] 2019-10-09 17:42:04.209171: Step 3060: Train accuracy = 99.0%
INFO:tensorflow:2019-10-09 17:42:04.209323: Step 3060: Cross entropy = 0.092599
I1009 17:42:04.209332 4547376576 retrain.py:1084] 2019-10-09 17:42:04.209323: Step 3060: Cross entropy = 0.092599
INFO:tensorflow:2019-10-09 17:42:04.265304: Step 3060: Validation accuracy = 41.0% (N=100)
I1009 17:42:04.265353 4547376576 retrain.py:1100] 2019-10-09 17:42:04.265304: Step 3060: Validation accuracy = 41.0% (N=100)
INFO:tensorflow:2019-10-09 17:42:04.820969: Step 3070: Train accuracy = 98.0%
I1009 17:42:04.821020 4547376576 retrain.py:1082] 2019-10-09 17:42:04.820969: Step 3070: Train accuracy = 98.0%
INFO:tensorflow:2019-10-09 17:42:04.821131: Step 3070: Cross entropy = 0.129974
I1009 17:42:04.821141 4547376576 retrain.py:1084] 2019-10-09 17:42:04.821131: Step 3070: Cross entropy = 0.129974
INFO:tensorflow:2019-10-09 17:42:04.877138: Step 3070: Validation accuracy = 38.0% (N=100)
I1009 17:42:04.877186 4547376576 retrain.py:1100] 2019-10-09 17:42:04.877138: Step 3070: Validation accuracy = 38.0% (N=100)
INFO:tensorflow:2019-10-09 17:42:05.431959: Step 3080: Train accuracy = 99.0%
I1009 17:42:05.432005 4547376576 retrain.py:1082] 2019-10-09 17:42:05.431959: Step 3080: Train accuracy = 99.0%
INFO:tensorflow:2019-10-09 17:42:05.432111: Step 3080: Cross entropy = 0.117675
I1009 17:42:05.432121 4547376576 retrain.py:1084] 2019-10-09 17:42:05.432111: Step 3080: Cross entropy = 0.117675
INFO:tensorflow:2019-10-09 17:42:05.488179: Step 3080: Validation accuracy = 31.0% (N=100)
I1009 17:42:05.488229 4547376576 retrain.py:1100] 2019-10-09 17:42:05.488179: Step 3080: Validation accuracy = 31.0% (N=100)
INFO:tensorflow:2019-10-09 17:42:06.043919: Step 3090: Train accuracy = 99.0%
I1009 17:42:06.043963 4547376576 retrain.py:1082] 2019-10-09 17:42:06.043919: Step 3090: Train accuracy = 99.0%
INFO:tensorflow:2019-10-09 17:42:06.044069: Step 3090: Cross entropy = 0.097536
I1009 17:42:06.044080 4547376576 retrain.py:1084] 2019-10-09 17:42:06.044069: Step 3090: Cross entropy = 0.097536
INFO:tensorflow:2019-10-09 17:42:06.100029: Step 3090: Validation accuracy = 39.0% (N=100)
I1009 17:42:06.100079 4547376576 retrain.py:1100] 2019-10-09 17:42:06.100029: Step 3090: Validation accuracy = 39.0% (N=100)
INFO:tensorflow:2019-10-09 17:42:06.655798: Step 3100: Train accuracy = 100.0%
I1009 17:42:06.655844 4547376576 retrain.py:1082] 2019-10-09 17:42:06.655798: Step 3100: Train accuracy = 100.0%
INFO:tensorflow:2019-10-09 17:42:06.655952: Step 3100: Cross entropy = 0.128387
I1009 17:42:06.655963 4547376576 retrain.py:1084] 2019-10-09 17:42:06.655952: Step 3100: Cross entropy = 0.128387
INFO:tensorflow:2019-10-09 17:42:06.712112: Step 3100: Validation accuracy = 39.0% (N=100)
I1009 17:42:06.712157 4547376576 retrain.py:1100] 2019-10-09 17:42:06.712112: Step 3100: Validation accuracy = 39.0% (N=100)
INFO:tensorflow:2019-10-09 17:42:07.267261: Step 3110: Train accuracy = 99.0%
I1009 17:42:07.267306 4547376576 retrain.py:1082] 2019-10-09 17:42:07.267261: Step 3110: Train accuracy = 99.0%
INFO:tensorflow:2019-10-09 17:42:07.267415: Step 3110: Cross entropy = 0.128069
I1009 17:42:07.267426 4547376576 retrain.py:1084] 2019-10-09 17:42:07.267415: Step 3110: Cross entropy = 0.128069
INFO:tensorflow:2019-10-09 17:42:07.324059: Step 3110: Validation accuracy = 31.0% (N=100)
I1009 17:42:07.324109 4547376576 retrain.py:1100] 2019-10-09 17:42:07.324059: Step 3110: Validation accuracy = 31.0% (N=100)
INFO:tensorflow:2019-10-09 17:42:07.879329: Step 3120: Train accuracy = 99.0%
I1009 17:42:07.879373 4547376576 retrain.py:1082] 2019-10-09 17:42:07.879329: Step 3120: Train accuracy = 99.0%
INFO:tensorflow:2019-10-09 17:42:07.879478: Step 3120: Cross entropy = 0.102250
I1009 17:42:07.879488 4547376576 retrain.py:1084] 2019-10-09 17:42:07.879478: Step 3120: Cross entropy = 0.102250
INFO:tensorflow:2019-10-09 17:42:07.936398: Step 3120: Validation accuracy = 38.0% (N=100)
I1009 17:42:07.936445 4547376576 retrain.py:1100] 2019-10-09 17:42:07.936398: Step 3120: Validation accuracy = 38.0% (N=100)
INFO:tensorflow:2019-10-09 17:42:08.492838: Step 3130: Train accuracy = 100.0%
I1009 17:42:08.492884 4547376576 retrain.py:1082] 2019-10-09 17:42:08.492838: Step 3130: Train accuracy = 100.0%
INFO:tensorflow:2019-10-09 17:42:08.492990: Step 3130: Cross entropy = 0.106292
I1009 17:42:08.493000 4547376576 retrain.py:1084] 2019-10-09 17:42:08.492990: Step 3130: Cross entropy = 0.106292
INFO:tensorflow:2019-10-09 17:42:08.549128: Step 3130: Validation accuracy = 32.0% (N=100)
I1009 17:42:08.549177 4547376576 retrain.py:1100] 2019-10-09 17:42:08.549128: Step 3130: Validation accuracy = 32.0% (N=100)
INFO:tensorflow:2019-10-09 17:42:09.105156: Step 3140: Train accuracy = 100.0%
I1009 17:42:09.105201 4547376576 retrain.py:1082] 2019-10-09 17:42:09.105156: Step 3140: Train accuracy = 100.0%
INFO:tensorflow:2019-10-09 17:42:09.105308: Step 3140: Cross entropy = 0.100762
I1009 17:42:09.105319 4547376576 retrain.py:1084] 2019-10-09 17:42:09.105308: Step 3140: Cross entropy = 0.100762
INFO:tensorflow:2019-10-09 17:42:09.161678: Step 3140: Validation accuracy = 37.0% (N=100)
I1009 17:42:09.161726 4547376576 retrain.py:1100] 2019-10-09 17:42:09.161678: Step 3140: Validation accuracy = 37.0% (N=100)
INFO:tensorflow:2019-10-09 17:42:09.717836: Step 3150: Train accuracy = 99.0%
I1009 17:42:09.717880 4547376576 retrain.py:1082] 2019-10-09 17:42:09.717836: Step 3150: Train accuracy = 99.0%
INFO:tensorflow:2019-10-09 17:42:09.717986: Step 3150: Cross entropy = 0.128524
I1009 17:42:09.717997 4547376576 retrain.py:1084] 2019-10-09 17:42:09.717986: Step 3150: Cross entropy = 0.128524
INFO:tensorflow:2019-10-09 17:42:09.774151: Step 3150: Validation accuracy = 39.0% (N=100)
I1009 17:42:09.774202 4547376576 retrain.py:1100] 2019-10-09 17:42:09.774151: Step 3150: Validation accuracy = 39.0% (N=100)
INFO:tensorflow:2019-10-09 17:42:10.330115: Step 3160: Train accuracy = 98.0%
I1009 17:42:10.330159 4547376576 retrain.py:1082] 2019-10-09 17:42:10.330115: Step 3160: Train accuracy = 98.0%
INFO:tensorflow:2019-10-09 17:42:10.330265: Step 3160: Cross entropy = 0.106717
I1009 17:42:10.330275 4547376576 retrain.py:1084] 2019-10-09 17:42:10.330265: Step 3160: Cross entropy = 0.106717
INFO:tensorflow:2019-10-09 17:42:10.386301: Step 3160: Validation accuracy = 40.0% (N=100)
I1009 17:42:10.386350 4547376576 retrain.py:1100] 2019-10-09 17:42:10.386301: Step 3160: Validation accuracy = 40.0% (N=100)
INFO:tensorflow:2019-10-09 17:42:10.942014: Step 3170: Train accuracy = 98.0%
I1009 17:42:10.942058 4547376576 retrain.py:1082] 2019-10-09 17:42:10.942014: Step 3170: Train accuracy = 98.0%
INFO:tensorflow:2019-10-09 17:42:10.942165: Step 3170: Cross entropy = 0.123654
I1009 17:42:10.942177 4547376576 retrain.py:1084] 2019-10-09 17:42:10.942165: Step 3170: Cross entropy = 0.123654
INFO:tensorflow:2019-10-09 17:42:10.998471: Step 3170: Validation accuracy = 30.0% (N=100)
I1009 17:42:10.998517 4547376576 retrain.py:1100] 2019-10-09 17:42:10.998471: Step 3170: Validation accuracy = 30.0% (N=100)
INFO:tensorflow:2019-10-09 17:42:11.554443: Step 3180: Train accuracy = 98.0%
I1009 17:42:11.554489 4547376576 retrain.py:1082] 2019-10-09 17:42:11.554443: Step 3180: Train accuracy = 98.0%
INFO:tensorflow:2019-10-09 17:42:11.554593: Step 3180: Cross entropy = 0.121092
I1009 17:42:11.554603 4547376576 retrain.py:1084] 2019-10-09 17:42:11.554593: Step 3180: Cross entropy = 0.121092
INFO:tensorflow:2019-10-09 17:42:11.610466: Step 3180: Validation accuracy = 34.0% (N=100)
I1009 17:42:11.610516 4547376576 retrain.py:1100] 2019-10-09 17:42:11.610466: Step 3180: Validation accuracy = 34.0% (N=100)
INFO:tensorflow:2019-10-09 17:42:12.166470: Step 3190: Train accuracy = 100.0%
I1009 17:42:12.166514 4547376576 retrain.py:1082] 2019-10-09 17:42:12.166470: Step 3190: Train accuracy = 100.0%
INFO:tensorflow:2019-10-09 17:42:12.166621: Step 3190: Cross entropy = 0.127579
I1009 17:42:12.166631 4547376576 retrain.py:1084] 2019-10-09 17:42:12.166621: Step 3190: Cross entropy = 0.127579
INFO:tensorflow:2019-10-09 17:42:12.222738: Step 3190: Validation accuracy = 39.0% (N=100)
I1009 17:42:12.222787 4547376576 retrain.py:1100] 2019-10-09 17:42:12.222738: Step 3190: Validation accuracy = 39.0% (N=100)
INFO:tensorflow:2019-10-09 17:42:12.792853: Step 3200: Train accuracy = 99.0%
I1009 17:42:12.792897 4547376576 retrain.py:1082] 2019-10-09 17:42:12.792853: Step 3200: Train accuracy = 99.0%
INFO:tensorflow:2019-10-09 17:42:12.793012: Step 3200: Cross entropy = 0.106377
I1009 17:42:12.793025 4547376576 retrain.py:1084] 2019-10-09 17:42:12.793012: Step 3200: Cross entropy = 0.106377
INFO:tensorflow:2019-10-09 17:42:12.849173: Step 3200: Validation accuracy = 39.0% (N=100)
I1009 17:42:12.849220 4547376576 retrain.py:1100] 2019-10-09 17:42:12.849173: Step 3200: Validation accuracy = 39.0% (N=100)
INFO:tensorflow:2019-10-09 17:42:13.406212: Step 3210: Train accuracy = 98.0%
I1009 17:42:13.406256 4547376576 retrain.py:1082] 2019-10-09 17:42:13.406212: Step 3210: Train accuracy = 98.0%
INFO:tensorflow:2019-10-09 17:42:13.406365: Step 3210: Cross entropy = 0.127986
I1009 17:42:13.406377 4547376576 retrain.py:1084] 2019-10-09 17:42:13.406365: Step 3210: Cross entropy = 0.127986
INFO:tensorflow:2019-10-09 17:42:13.462549: Step 3210: Validation accuracy = 29.0% (N=100)
I1009 17:42:13.462594 4547376576 retrain.py:1100] 2019-10-09 17:42:13.462549: Step 3210: Validation accuracy = 29.0% (N=100)
INFO:tensorflow:2019-10-09 17:42:14.018973: Step 3220: Train accuracy = 100.0%
I1009 17:42:14.019019 4547376576 retrain.py:1082] 2019-10-09 17:42:14.018973: Step 3220: Train accuracy = 100.0%
INFO:tensorflow:2019-10-09 17:42:14.019124: Step 3220: Cross entropy = 0.102648
I1009 17:42:14.019135 4547376576 retrain.py:1084] 2019-10-09 17:42:14.019124: Step 3220: Cross entropy = 0.102648
INFO:tensorflow:2019-10-09 17:42:14.074973: Step 3220: Validation accuracy = 32.0% (N=100)
I1009 17:42:14.075023 4547376576 retrain.py:1100] 2019-10-09 17:42:14.074973: Step 3220: Validation accuracy = 32.0% (N=100)
INFO:tensorflow:2019-10-09 17:42:14.630933: Step 3230: Train accuracy = 100.0%
I1009 17:42:14.630978 4547376576 retrain.py:1082] 2019-10-09 17:42:14.630933: Step 3230: Train accuracy = 100.0%
INFO:tensorflow:2019-10-09 17:42:14.631102: Step 3230: Cross entropy = 0.100796
I1009 17:42:14.631134 4547376576 retrain.py:1084] 2019-10-09 17:42:14.631102: Step 3230: Cross entropy = 0.100796
INFO:tensorflow:2019-10-09 17:42:14.687165: Step 3230: Validation accuracy = 34.0% (N=100)
I1009 17:42:14.687215 4547376576 retrain.py:1100] 2019-10-09 17:42:14.687165: Step 3230: Validation accuracy = 34.0% (N=100)
INFO:tensorflow:2019-10-09 17:42:15.242484: Step 3240: Train accuracy = 99.0%
I1009 17:42:15.242527 4547376576 retrain.py:1082] 2019-10-09 17:42:15.242484: Step 3240: Train accuracy = 99.0%
INFO:tensorflow:2019-10-09 17:42:15.242637: Step 3240: Cross entropy = 0.102630
I1009 17:42:15.242662 4547376576 retrain.py:1084] 2019-10-09 17:42:15.242637: Step 3240: Cross entropy = 0.102630
INFO:tensorflow:2019-10-09 17:42:15.298646: Step 3240: Validation accuracy = 37.0% (N=100)
I1009 17:42:15.298702 4547376576 retrain.py:1100] 2019-10-09 17:42:15.298646: Step 3240: Validation accuracy = 37.0% (N=100)
INFO:tensorflow:2019-10-09 17:42:15.855765: Step 3250: Train accuracy = 99.0%
I1009 17:42:15.855811 4547376576 retrain.py:1082] 2019-10-09 17:42:15.855765: Step 3250: Train accuracy = 99.0%
INFO:tensorflow:2019-10-09 17:42:15.855917: Step 3250: Cross entropy = 0.118606
I1009 17:42:15.855926 4547376576 retrain.py:1084] 2019-10-09 17:42:15.855917: Step 3250: Cross entropy = 0.118606
INFO:tensorflow:2019-10-09 17:42:15.911968: Step 3250: Validation accuracy = 36.0% (N=100)
I1009 17:42:15.912015 4547376576 retrain.py:1100] 2019-10-09 17:42:15.911968: Step 3250: Validation accuracy = 36.0% (N=100)
INFO:tensorflow:2019-10-09 17:42:16.468090: Step 3260: Train accuracy = 100.0%
I1009 17:42:16.468134 4547376576 retrain.py:1082] 2019-10-09 17:42:16.468090: Step 3260: Train accuracy = 100.0%
INFO:tensorflow:2019-10-09 17:42:16.468240: Step 3260: Cross entropy = 0.111741
I1009 17:42:16.468250 4547376576 retrain.py:1084] 2019-10-09 17:42:16.468240: Step 3260: Cross entropy = 0.111741
INFO:tensorflow:2019-10-09 17:42:16.524486: Step 3260: Validation accuracy = 30.0% (N=100)
I1009 17:42:16.524536 4547376576 retrain.py:1100] 2019-10-09 17:42:16.524486: Step 3260: Validation accuracy = 30.0% (N=100)
INFO:tensorflow:2019-10-09 17:42:17.093208: Step 3270: Train accuracy = 99.0%
I1009 17:42:17.093271 4547376576 retrain.py:1082] 2019-10-09 17:42:17.093208: Step 3270: Train accuracy = 99.0%
INFO:tensorflow:2019-10-09 17:42:17.093391: Step 3270: Cross entropy = 0.106323
I1009 17:42:17.093415 4547376576 retrain.py:1084] 2019-10-09 17:42:17.093391: Step 3270: Cross entropy = 0.106323
INFO:tensorflow:2019-10-09 17:42:17.149590: Step 3270: Validation accuracy = 38.0% (N=100)
I1009 17:42:17.149639 4547376576 retrain.py:1100] 2019-10-09 17:42:17.149590: Step 3270: Validation accuracy = 38.0% (N=100)
INFO:tensorflow:2019-10-09 17:42:17.707043: Step 3280: Train accuracy = 98.0%
I1009 17:42:17.707087 4547376576 retrain.py:1082] 2019-10-09 17:42:17.707043: Step 3280: Train accuracy = 98.0%
INFO:tensorflow:2019-10-09 17:42:17.707236: Step 3280: Cross entropy = 0.116692
I1009 17:42:17.707258 4547376576 retrain.py:1084] 2019-10-09 17:42:17.707236: Step 3280: Cross entropy = 0.116692
INFO:tensorflow:2019-10-09 17:42:17.764784: Step 3280: Validation accuracy = 29.0% (N=100)
I1009 17:42:17.764829 4547376576 retrain.py:1100] 2019-10-09 17:42:17.764784: Step 3280: Validation accuracy = 29.0% (N=100)
INFO:tensorflow:2019-10-09 17:42:18.324678: Step 3290: Train accuracy = 100.0%
I1009 17:42:18.324733 4547376576 retrain.py:1082] 2019-10-09 17:42:18.324678: Step 3290: Train accuracy = 100.0%
INFO:tensorflow:2019-10-09 17:42:18.324869: Step 3290: Cross entropy = 0.104024
I1009 17:42:18.324879 4547376576 retrain.py:1084] 2019-10-09 17:42:18.324869: Step 3290: Cross entropy = 0.104024
INFO:tensorflow:2019-10-09 17:42:18.381187: Step 3290: Validation accuracy = 36.0% (N=100)
I1009 17:42:18.381237 4547376576 retrain.py:1100] 2019-10-09 17:42:18.381187: Step 3290: Validation accuracy = 36.0% (N=100)
INFO:tensorflow:2019-10-09 17:42:18.939314: Step 3300: Train accuracy = 99.0%
I1009 17:42:18.939361 4547376576 retrain.py:1082] 2019-10-09 17:42:18.939314: Step 3300: Train accuracy = 99.0%
INFO:tensorflow:2019-10-09 17:42:18.939469: Step 3300: Cross entropy = 0.105432
I1009 17:42:18.939480 4547376576 retrain.py:1084] 2019-10-09 17:42:18.939469: Step 3300: Cross entropy = 0.105432
INFO:tensorflow:2019-10-09 17:42:18.995442: Step 3300: Validation accuracy = 37.0% (N=100)
I1009 17:42:18.995490 4547376576 retrain.py:1100] 2019-10-09 17:42:18.995442: Step 3300: Validation accuracy = 37.0% (N=100)
INFO:tensorflow:2019-10-09 17:42:19.551907: Step 3310: Train accuracy = 100.0%
I1009 17:42:19.551951 4547376576 retrain.py:1082] 2019-10-09 17:42:19.551907: Step 3310: Train accuracy = 100.0%
INFO:tensorflow:2019-10-09 17:42:19.552056: Step 3310: Cross entropy = 0.099411
I1009 17:42:19.552067 4547376576 retrain.py:1084] 2019-10-09 17:42:19.552056: Step 3310: Cross entropy = 0.099411
INFO:tensorflow:2019-10-09 17:42:19.608004: Step 3310: Validation accuracy = 29.0% (N=100)
I1009 17:42:19.608052 4547376576 retrain.py:1100] 2019-10-09 17:42:19.608004: Step 3310: Validation accuracy = 29.0% (N=100)
INFO:tensorflow:2019-10-09 17:42:20.163542: Step 3320: Train accuracy = 100.0%
I1009 17:42:20.163587 4547376576 retrain.py:1082] 2019-10-09 17:42:20.163542: Step 3320: Train accuracy = 100.0%
INFO:tensorflow:2019-10-09 17:42:20.163693: Step 3320: Cross entropy = 0.091069
I1009 17:42:20.163704 4547376576 retrain.py:1084] 2019-10-09 17:42:20.163693: Step 3320: Cross entropy = 0.091069
INFO:tensorflow:2019-10-09 17:42:20.219560: Step 3320: Validation accuracy = 31.0% (N=100)
I1009 17:42:20.219609 4547376576 retrain.py:1100] 2019-10-09 17:42:20.219560: Step 3320: Validation accuracy = 31.0% (N=100)
INFO:tensorflow:2019-10-09 17:42:20.774937: Step 3330: Train accuracy = 98.0%
I1009 17:42:20.775007 4547376576 retrain.py:1082] 2019-10-09 17:42:20.774937: Step 3330: Train accuracy = 98.0%
INFO:tensorflow:2019-10-09 17:42:20.775126: Step 3330: Cross entropy = 0.109730
I1009 17:42:20.775138 4547376576 retrain.py:1084] 2019-10-09 17:42:20.775126: Step 3330: Cross entropy = 0.109730
INFO:tensorflow:2019-10-09 17:42:20.831878: Step 3330: Validation accuracy = 40.0% (N=100)
I1009 17:42:20.831926 4547376576 retrain.py:1100] 2019-10-09 17:42:20.831878: Step 3330: Validation accuracy = 40.0% (N=100)
INFO:tensorflow:2019-10-09 17:42:21.386932: Step 3340: Train accuracy = 100.0%
I1009 17:42:21.386979 4547376576 retrain.py:1082] 2019-10-09 17:42:21.386932: Step 3340: Train accuracy = 100.0%
INFO:tensorflow:2019-10-09 17:42:21.387088: Step 3340: Cross entropy = 0.096393
I1009 17:42:21.387099 4547376576 retrain.py:1084] 2019-10-09 17:42:21.387088: Step 3340: Cross entropy = 0.096393
INFO:tensorflow:2019-10-09 17:42:21.443067: Step 3340: Validation accuracy = 42.0% (N=100)
I1009 17:42:21.443117 4547376576 retrain.py:1100] 2019-10-09 17:42:21.443067: Step 3340: Validation accuracy = 42.0% (N=100)
INFO:tensorflow:2019-10-09 17:42:21.999916: Step 3350: Train accuracy = 100.0%
I1009 17:42:21.999961 4547376576 retrain.py:1082] 2019-10-09 17:42:21.999916: Step 3350: Train accuracy = 100.0%
INFO:tensorflow:2019-10-09 17:42:22.000070: Step 3350: Cross entropy = 0.107788
I1009 17:42:22.000094 4547376576 retrain.py:1084] 2019-10-09 17:42:22.000070: Step 3350: Cross entropy = 0.107788
INFO:tensorflow:2019-10-09 17:42:22.056332: Step 3350: Validation accuracy = 33.0% (N=100)
I1009 17:42:22.056381 4547376576 retrain.py:1100] 2019-10-09 17:42:22.056332: Step 3350: Validation accuracy = 33.0% (N=100)
INFO:tensorflow:2019-10-09 17:42:22.613928: Step 3360: Train accuracy = 100.0%
I1009 17:42:22.613972 4547376576 retrain.py:1082] 2019-10-09 17:42:22.613928: Step 3360: Train accuracy = 100.0%
INFO:tensorflow:2019-10-09 17:42:22.614080: Step 3360: Cross entropy = 0.111954
I1009 17:42:22.614092 4547376576 retrain.py:1084] 2019-10-09 17:42:22.614080: Step 3360: Cross entropy = 0.111954
INFO:tensorflow:2019-10-09 17:42:22.669970: Step 3360: Validation accuracy = 35.0% (N=100)
I1009 17:42:22.670017 4547376576 retrain.py:1100] 2019-10-09 17:42:22.669970: Step 3360: Validation accuracy = 35.0% (N=100)
INFO:tensorflow:2019-10-09 17:42:23.226501: Step 3370: Train accuracy = 100.0%
I1009 17:42:23.226545 4547376576 retrain.py:1082] 2019-10-09 17:42:23.226501: Step 3370: Train accuracy = 100.0%
INFO:tensorflow:2019-10-09 17:42:23.226651: Step 3370: Cross entropy = 0.092479
I1009 17:42:23.226661 4547376576 retrain.py:1084] 2019-10-09 17:42:23.226651: Step 3370: Cross entropy = 0.092479
INFO:tensorflow:2019-10-09 17:42:23.282664: Step 3370: Validation accuracy = 32.0% (N=100)
I1009 17:42:23.282713 4547376576 retrain.py:1100] 2019-10-09 17:42:23.282664: Step 3370: Validation accuracy = 32.0% (N=100)
INFO:tensorflow:2019-10-09 17:42:23.840155: Step 3380: Train accuracy = 100.0%
I1009 17:42:23.840198 4547376576 retrain.py:1082] 2019-10-09 17:42:23.840155: Step 3380: Train accuracy = 100.0%
INFO:tensorflow:2019-10-09 17:42:23.840304: Step 3380: Cross entropy = 0.103666
I1009 17:42:23.840317 4547376576 retrain.py:1084] 2019-10-09 17:42:23.840304: Step 3380: Cross entropy = 0.103666
INFO:tensorflow:2019-10-09 17:42:23.896163: Step 3380: Validation accuracy = 50.0% (N=100)
I1009 17:42:23.896213 4547376576 retrain.py:1100] 2019-10-09 17:42:23.896163: Step 3380: Validation accuracy = 50.0% (N=100)
INFO:tensorflow:2019-10-09 17:42:24.452431: Step 3390: Train accuracy = 100.0%
I1009 17:42:24.452475 4547376576 retrain.py:1082] 2019-10-09 17:42:24.452431: Step 3390: Train accuracy = 100.0%
INFO:tensorflow:2019-10-09 17:42:24.452586: Step 3390: Cross entropy = 0.094421
I1009 17:42:24.452598 4547376576 retrain.py:1084] 2019-10-09 17:42:24.452586: Step 3390: Cross entropy = 0.094421
INFO:tensorflow:2019-10-09 17:42:24.508674: Step 3390: Validation accuracy = 33.0% (N=100)
I1009 17:42:24.508720 4547376576 retrain.py:1100] 2019-10-09 17:42:24.508674: Step 3390: Validation accuracy = 33.0% (N=100)
INFO:tensorflow:2019-10-09 17:42:25.064875: Step 3400: Train accuracy = 98.0%
I1009 17:42:25.064918 4547376576 retrain.py:1082] 2019-10-09 17:42:25.064875: Step 3400: Train accuracy = 98.0%
INFO:tensorflow:2019-10-09 17:42:25.065022: Step 3400: Cross entropy = 0.136222
I1009 17:42:25.065032 4547376576 retrain.py:1084] 2019-10-09 17:42:25.065022: Step 3400: Cross entropy = 0.136222
INFO:tensorflow:2019-10-09 17:42:25.121037: Step 3400: Validation accuracy = 36.0% (N=100)
I1009 17:42:25.121084 4547376576 retrain.py:1100] 2019-10-09 17:42:25.121037: Step 3400: Validation accuracy = 36.0% (N=100)
INFO:tensorflow:2019-10-09 17:42:25.678353: Step 3410: Train accuracy = 100.0%
I1009 17:42:25.678397 4547376576 retrain.py:1082] 2019-10-09 17:42:25.678353: Step 3410: Train accuracy = 100.0%
INFO:tensorflow:2019-10-09 17:42:25.678504: Step 3410: Cross entropy = 0.092879
I1009 17:42:25.678515 4547376576 retrain.py:1084] 2019-10-09 17:42:25.678504: Step 3410: Cross entropy = 0.092879
INFO:tensorflow:2019-10-09 17:42:25.734524: Step 3410: Validation accuracy = 28.0% (N=100)
I1009 17:42:25.734577 4547376576 retrain.py:1100] 2019-10-09 17:42:25.734524: Step 3410: Validation accuracy = 28.0% (N=100)
INFO:tensorflow:2019-10-09 17:42:26.290631: Step 3420: Train accuracy = 98.0%
I1009 17:42:26.290675 4547376576 retrain.py:1082] 2019-10-09 17:42:26.290631: Step 3420: Train accuracy = 98.0%
INFO:tensorflow:2019-10-09 17:42:26.290782: Step 3420: Cross entropy = 0.109892
I1009 17:42:26.290791 4547376576 retrain.py:1084] 2019-10-09 17:42:26.290782: Step 3420: Cross entropy = 0.109892
INFO:tensorflow:2019-10-09 17:42:26.348037: Step 3420: Validation accuracy = 30.0% (N=100)
I1009 17:42:26.348087 4547376576 retrain.py:1100] 2019-10-09 17:42:26.348037: Step 3420: Validation accuracy = 30.0% (N=100)
INFO:tensorflow:2019-10-09 17:42:26.904782: Step 3430: Train accuracy = 99.0%
I1009 17:42:26.904827 4547376576 retrain.py:1082] 2019-10-09 17:42:26.904782: Step 3430: Train accuracy = 99.0%
INFO:tensorflow:2019-10-09 17:42:26.904934: Step 3430: Cross entropy = 0.101672
I1009 17:42:26.904944 4547376576 retrain.py:1084] 2019-10-09 17:42:26.904934: Step 3430: Cross entropy = 0.101672
INFO:tensorflow:2019-10-09 17:42:26.961134: Step 3430: Validation accuracy = 34.0% (N=100)
I1009 17:42:26.961183 4547376576 retrain.py:1100] 2019-10-09 17:42:26.961134: Step 3430: Validation accuracy = 34.0% (N=100)
INFO:tensorflow:2019-10-09 17:42:27.517500: Step 3440: Train accuracy = 97.0%
I1009 17:42:27.517542 4547376576 retrain.py:1082] 2019-10-09 17:42:27.517500: Step 3440: Train accuracy = 97.0%
INFO:tensorflow:2019-10-09 17:42:27.517649: Step 3440: Cross entropy = 0.124615
I1009 17:42:27.517659 4547376576 retrain.py:1084] 2019-10-09 17:42:27.517649: Step 3440: Cross entropy = 0.124615
INFO:tensorflow:2019-10-09 17:42:27.573547: Step 3440: Validation accuracy = 32.0% (N=100)
I1009 17:42:27.573594 4547376576 retrain.py:1100] 2019-10-09 17:42:27.573547: Step 3440: Validation accuracy = 32.0% (N=100)
INFO:tensorflow:2019-10-09 17:42:28.130897: Step 3450: Train accuracy = 99.0%
I1009 17:42:28.130944 4547376576 retrain.py:1082] 2019-10-09 17:42:28.130897: Step 3450: Train accuracy = 99.0%
INFO:tensorflow:2019-10-09 17:42:28.131053: Step 3450: Cross entropy = 0.105062
I1009 17:42:28.131064 4547376576 retrain.py:1084] 2019-10-09 17:42:28.131053: Step 3450: Cross entropy = 0.105062
INFO:tensorflow:2019-10-09 17:42:28.187059: Step 3450: Validation accuracy = 34.0% (N=100)
I1009 17:42:28.187109 4547376576 retrain.py:1100] 2019-10-09 17:42:28.187059: Step 3450: Validation accuracy = 34.0% (N=100)
INFO:tensorflow:2019-10-09 17:42:28.743591: Step 3460: Train accuracy = 99.0%
I1009 17:42:28.743635 4547376576 retrain.py:1082] 2019-10-09 17:42:28.743591: Step 3460: Train accuracy = 99.0%
INFO:tensorflow:2019-10-09 17:42:28.743741: Step 3460: Cross entropy = 0.096510
I1009 17:42:28.743766 4547376576 retrain.py:1084] 2019-10-09 17:42:28.743741: Step 3460: Cross entropy = 0.096510
INFO:tensorflow:2019-10-09 17:42:28.800051: Step 3460: Validation accuracy = 44.0% (N=100)
I1009 17:42:28.800100 4547376576 retrain.py:1100] 2019-10-09 17:42:28.800051: Step 3460: Validation accuracy = 44.0% (N=100)
INFO:tensorflow:2019-10-09 17:42:29.356556: Step 3470: Train accuracy = 100.0%
I1009 17:42:29.356599 4547376576 retrain.py:1082] 2019-10-09 17:42:29.356556: Step 3470: Train accuracy = 100.0%
INFO:tensorflow:2019-10-09 17:42:29.356703: Step 3470: Cross entropy = 0.102490
I1009 17:42:29.356714 4547376576 retrain.py:1084] 2019-10-09 17:42:29.356703: Step 3470: Cross entropy = 0.102490
INFO:tensorflow:2019-10-09 17:42:29.412670: Step 3470: Validation accuracy = 29.0% (N=100)
I1009 17:42:29.412720 4547376576 retrain.py:1100] 2019-10-09 17:42:29.412670: Step 3470: Validation accuracy = 29.0% (N=100)
INFO:tensorflow:2019-10-09 17:42:29.968715: Step 3480: Train accuracy = 100.0%
I1009 17:42:29.968759 4547376576 retrain.py:1082] 2019-10-09 17:42:29.968715: Step 3480: Train accuracy = 100.0%
INFO:tensorflow:2019-10-09 17:42:29.968866: Step 3480: Cross entropy = 0.097686
I1009 17:42:29.968878 4547376576 retrain.py:1084] 2019-10-09 17:42:29.968866: Step 3480: Cross entropy = 0.097686
INFO:tensorflow:2019-10-09 17:42:30.024995: Step 3480: Validation accuracy = 27.0% (N=100)
I1009 17:42:30.025044 4547376576 retrain.py:1100] 2019-10-09 17:42:30.024995: Step 3480: Validation accuracy = 27.0% (N=100)
INFO:tensorflow:2019-10-09 17:42:30.581753: Step 3490: Train accuracy = 99.0%
I1009 17:42:30.581799 4547376576 retrain.py:1082] 2019-10-09 17:42:30.581753: Step 3490: Train accuracy = 99.0%
INFO:tensorflow:2019-10-09 17:42:30.581907: Step 3490: Cross entropy = 0.096196
I1009 17:42:30.581918 4547376576 retrain.py:1084] 2019-10-09 17:42:30.581907: Step 3490: Cross entropy = 0.096196
INFO:tensorflow:2019-10-09 17:42:30.638050: Step 3490: Validation accuracy = 34.0% (N=100)
I1009 17:42:30.638099 4547376576 retrain.py:1100] 2019-10-09 17:42:30.638050: Step 3490: Validation accuracy = 34.0% (N=100)
INFO:tensorflow:2019-10-09 17:42:31.193986: Step 3500: Train accuracy = 100.0%
I1009 17:42:31.194030 4547376576 retrain.py:1082] 2019-10-09 17:42:31.193986: Step 3500: Train accuracy = 100.0%
INFO:tensorflow:2019-10-09 17:42:31.194138: Step 3500: Cross entropy = 0.096417
I1009 17:42:31.194149 4547376576 retrain.py:1084] 2019-10-09 17:42:31.194138: Step 3500: Cross entropy = 0.096417
INFO:tensorflow:2019-10-09 17:42:31.250124: Step 3500: Validation accuracy = 32.0% (N=100)
I1009 17:42:31.250172 4547376576 retrain.py:1100] 2019-10-09 17:42:31.250124: Step 3500: Validation accuracy = 32.0% (N=100)
INFO:tensorflow:2019-10-09 17:42:31.805756: Step 3510: Train accuracy = 100.0%
I1009 17:42:31.805800 4547376576 retrain.py:1082] 2019-10-09 17:42:31.805756: Step 3510: Train accuracy = 100.0%
INFO:tensorflow:2019-10-09 17:42:31.805906: Step 3510: Cross entropy = 0.075612
I1009 17:42:31.805915 4547376576 retrain.py:1084] 2019-10-09 17:42:31.805906: Step 3510: Cross entropy = 0.075612
INFO:tensorflow:2019-10-09 17:42:31.862499: Step 3510: Validation accuracy = 32.0% (N=100)
I1009 17:42:31.862546 4547376576 retrain.py:1100] 2019-10-09 17:42:31.862499: Step 3510: Validation accuracy = 32.0% (N=100)
INFO:tensorflow:2019-10-09 17:42:32.418934: Step 3520: Train accuracy = 99.0%
I1009 17:42:32.418979 4547376576 retrain.py:1082] 2019-10-09 17:42:32.418934: Step 3520: Train accuracy = 99.0%
INFO:tensorflow:2019-10-09 17:42:32.419085: Step 3520: Cross entropy = 0.117314
I1009 17:42:32.419095 4547376576 retrain.py:1084] 2019-10-09 17:42:32.419085: Step 3520: Cross entropy = 0.117314
INFO:tensorflow:2019-10-09 17:42:32.475106: Step 3520: Validation accuracy = 36.0% (N=100)
I1009 17:42:32.475156 4547376576 retrain.py:1100] 2019-10-09 17:42:32.475106: Step 3520: Validation accuracy = 36.0% (N=100)
INFO:tensorflow:2019-10-09 17:42:33.032240: Step 3530: Train accuracy = 99.0%
I1009 17:42:33.032284 4547376576 retrain.py:1082] 2019-10-09 17:42:33.032240: Step 3530: Train accuracy = 99.0%
INFO:tensorflow:2019-10-09 17:42:33.032393: Step 3530: Cross entropy = 0.114638
I1009 17:42:33.032404 4547376576 retrain.py:1084] 2019-10-09 17:42:33.032393: Step 3530: Cross entropy = 0.114638
INFO:tensorflow:2019-10-09 17:42:33.088661: Step 3530: Validation accuracy = 29.0% (N=100)
I1009 17:42:33.088709 4547376576 retrain.py:1100] 2019-10-09 17:42:33.088661: Step 3530: Validation accuracy = 29.0% (N=100)
INFO:tensorflow:2019-10-09 17:42:33.645643: Step 3540: Train accuracy = 99.0%
I1009 17:42:33.645688 4547376576 retrain.py:1082] 2019-10-09 17:42:33.645643: Step 3540: Train accuracy = 99.0%
INFO:tensorflow:2019-10-09 17:42:33.645792: Step 3540: Cross entropy = 0.104153
I1009 17:42:33.645802 4547376576 retrain.py:1084] 2019-10-09 17:42:33.645792: Step 3540: Cross entropy = 0.104153
INFO:tensorflow:2019-10-09 17:42:33.701618: Step 3540: Validation accuracy = 35.0% (N=100)
I1009 17:42:33.701669 4547376576 retrain.py:1100] 2019-10-09 17:42:33.701618: Step 3540: Validation accuracy = 35.0% (N=100)
INFO:tensorflow:2019-10-09 17:42:34.258432: Step 3550: Train accuracy = 100.0%
I1009 17:42:34.258476 4547376576 retrain.py:1082] 2019-10-09 17:42:34.258432: Step 3550: Train accuracy = 100.0%
INFO:tensorflow:2019-10-09 17:42:34.258581: Step 3550: Cross entropy = 0.086940
I1009 17:42:34.258590 4547376576 retrain.py:1084] 2019-10-09 17:42:34.258581: Step 3550: Cross entropy = 0.086940
INFO:tensorflow:2019-10-09 17:42:34.315064: Step 3550: Validation accuracy = 31.0% (N=100)
I1009 17:42:34.315113 4547376576 retrain.py:1100] 2019-10-09 17:42:34.315064: Step 3550: Validation accuracy = 31.0% (N=100)
INFO:tensorflow:2019-10-09 17:42:34.871317: Step 3560: Train accuracy = 99.0%
I1009 17:42:34.871361 4547376576 retrain.py:1082] 2019-10-09 17:42:34.871317: Step 3560: Train accuracy = 99.0%
INFO:tensorflow:2019-10-09 17:42:34.871469: Step 3560: Cross entropy = 0.102385
I1009 17:42:34.871479 4547376576 retrain.py:1084] 2019-10-09 17:42:34.871469: Step 3560: Cross entropy = 0.102385
INFO:tensorflow:2019-10-09 17:42:34.927338: Step 3560: Validation accuracy = 25.0% (N=100)
I1009 17:42:34.927384 4547376576 retrain.py:1100] 2019-10-09 17:42:34.927338: Step 3560: Validation accuracy = 25.0% (N=100)
INFO:tensorflow:2019-10-09 17:42:35.484541: Step 3570: Train accuracy = 100.0%
I1009 17:42:35.484586 4547376576 retrain.py:1082] 2019-10-09 17:42:35.484541: Step 3570: Train accuracy = 100.0%
INFO:tensorflow:2019-10-09 17:42:35.484694: Step 3570: Cross entropy = 0.107844
I1009 17:42:35.484706 4547376576 retrain.py:1084] 2019-10-09 17:42:35.484694: Step 3570: Cross entropy = 0.107844
INFO:tensorflow:2019-10-09 17:42:35.540648: Step 3570: Validation accuracy = 36.0% (N=100)
I1009 17:42:35.540697 4547376576 retrain.py:1100] 2019-10-09 17:42:35.540648: Step 3570: Validation accuracy = 36.0% (N=100)
INFO:tensorflow:2019-10-09 17:42:36.096570: Step 3580: Train accuracy = 100.0%
I1009 17:42:36.096614 4547376576 retrain.py:1082] 2019-10-09 17:42:36.096570: Step 3580: Train accuracy = 100.0%
INFO:tensorflow:2019-10-09 17:42:36.096719: Step 3580: Cross entropy = 0.091798
I1009 17:42:36.096729 4547376576 retrain.py:1084] 2019-10-09 17:42:36.096719: Step 3580: Cross entropy = 0.091798
INFO:tensorflow:2019-10-09 17:42:36.152873: Step 3580: Validation accuracy = 25.0% (N=100)
I1009 17:42:36.152921 4547376576 retrain.py:1100] 2019-10-09 17:42:36.152873: Step 3580: Validation accuracy = 25.0% (N=100)
INFO:tensorflow:2019-10-09 17:42:36.709944: Step 3590: Train accuracy = 100.0%
I1009 17:42:36.709989 4547376576 retrain.py:1082] 2019-10-09 17:42:36.709944: Step 3590: Train accuracy = 100.0%
INFO:tensorflow:2019-10-09 17:42:36.710093: Step 3590: Cross entropy = 0.094703
I1009 17:42:36.710103 4547376576 retrain.py:1084] 2019-10-09 17:42:36.710093: Step 3590: Cross entropy = 0.094703
INFO:tensorflow:2019-10-09 17:42:36.765967: Step 3590: Validation accuracy = 25.0% (N=100)
I1009 17:42:36.766015 4547376576 retrain.py:1100] 2019-10-09 17:42:36.765967: Step 3590: Validation accuracy = 25.0% (N=100)
INFO:tensorflow:2019-10-09 17:42:37.321817: Step 3600: Train accuracy = 98.0%
I1009 17:42:37.321873 4547376576 retrain.py:1082] 2019-10-09 17:42:37.321817: Step 3600: Train accuracy = 98.0%
INFO:tensorflow:2019-10-09 17:42:37.321991: Step 3600: Cross entropy = 0.121219
I1009 17:42:37.322001 4547376576 retrain.py:1084] 2019-10-09 17:42:37.321991: Step 3600: Cross entropy = 0.121219
INFO:tensorflow:2019-10-09 17:42:37.378703: Step 3600: Validation accuracy = 34.0% (N=100)
I1009 17:42:37.378749 4547376576 retrain.py:1100] 2019-10-09 17:42:37.378703: Step 3600: Validation accuracy = 34.0% (N=100)
INFO:tensorflow:2019-10-09 17:42:37.935953: Step 3610: Train accuracy = 100.0%
I1009 17:42:37.935997 4547376576 retrain.py:1082] 2019-10-09 17:42:37.935953: Step 3610: Train accuracy = 100.0%
INFO:tensorflow:2019-10-09 17:42:37.936105: Step 3610: Cross entropy = 0.109026
I1009 17:42:37.936115 4547376576 retrain.py:1084] 2019-10-09 17:42:37.936105: Step 3610: Cross entropy = 0.109026
INFO:tensorflow:2019-10-09 17:42:37.992166: Step 3610: Validation accuracy = 34.0% (N=100)
I1009 17:42:37.992215 4547376576 retrain.py:1100] 2019-10-09 17:42:37.992166: Step 3610: Validation accuracy = 34.0% (N=100)
INFO:tensorflow:2019-10-09 17:42:38.547620: Step 3620: Train accuracy = 100.0%
I1009 17:42:38.547663 4547376576 retrain.py:1082] 2019-10-09 17:42:38.547620: Step 3620: Train accuracy = 100.0%
INFO:tensorflow:2019-10-09 17:42:38.547766: Step 3620: Cross entropy = 0.107859
I1009 17:42:38.547775 4547376576 retrain.py:1084] 2019-10-09 17:42:38.547766: Step 3620: Cross entropy = 0.107859
INFO:tensorflow:2019-10-09 17:42:38.603702: Step 3620: Validation accuracy = 28.0% (N=100)
I1009 17:42:38.603749 4547376576 retrain.py:1100] 2019-10-09 17:42:38.603702: Step 3620: Validation accuracy = 28.0% (N=100)
INFO:tensorflow:2019-10-09 17:42:39.160592: Step 3630: Train accuracy = 100.0%
I1009 17:42:39.160636 4547376576 retrain.py:1082] 2019-10-09 17:42:39.160592: Step 3630: Train accuracy = 100.0%
INFO:tensorflow:2019-10-09 17:42:39.160745: Step 3630: Cross entropy = 0.086894
I1009 17:42:39.160758 4547376576 retrain.py:1084] 2019-10-09 17:42:39.160745: Step 3630: Cross entropy = 0.086894
INFO:tensorflow:2019-10-09 17:42:39.216776: Step 3630: Validation accuracy = 38.0% (N=100)
I1009 17:42:39.216824 4547376576 retrain.py:1100] 2019-10-09 17:42:39.216776: Step 3630: Validation accuracy = 38.0% (N=100)
INFO:tensorflow:2019-10-09 17:42:39.772971: Step 3640: Train accuracy = 99.0%
I1009 17:42:39.773027 4547376576 retrain.py:1082] 2019-10-09 17:42:39.772971: Step 3640: Train accuracy = 99.0%
INFO:tensorflow:2019-10-09 17:42:39.773148: Step 3640: Cross entropy = 0.116768
I1009 17:42:39.773159 4547376576 retrain.py:1084] 2019-10-09 17:42:39.773148: Step 3640: Cross entropy = 0.116768
INFO:tensorflow:2019-10-09 17:42:39.829535: Step 3640: Validation accuracy = 28.0% (N=100)
I1009 17:42:39.829583 4547376576 retrain.py:1100] 2019-10-09 17:42:39.829535: Step 3640: Validation accuracy = 28.0% (N=100)
INFO:tensorflow:2019-10-09 17:42:40.386223: Step 3650: Train accuracy = 100.0%
I1009 17:42:40.386267 4547376576 retrain.py:1082] 2019-10-09 17:42:40.386223: Step 3650: Train accuracy = 100.0%
INFO:tensorflow:2019-10-09 17:42:40.386372: Step 3650: Cross entropy = 0.105280
I1009 17:42:40.386383 4547376576 retrain.py:1084] 2019-10-09 17:42:40.386372: Step 3650: Cross entropy = 0.105280
INFO:tensorflow:2019-10-09 17:42:40.442479: Step 3650: Validation accuracy = 32.0% (N=100)
I1009 17:42:40.442528 4547376576 retrain.py:1100] 2019-10-09 17:42:40.442479: Step 3650: Validation accuracy = 32.0% (N=100)
INFO:tensorflow:2019-10-09 17:42:40.997251: Step 3660: Train accuracy = 98.0%
I1009 17:42:40.997296 4547376576 retrain.py:1082] 2019-10-09 17:42:40.997251: Step 3660: Train accuracy = 98.0%
INFO:tensorflow:2019-10-09 17:42:40.997404: Step 3660: Cross entropy = 0.136497
I1009 17:42:40.997413 4547376576 retrain.py:1084] 2019-10-09 17:42:40.997404: Step 3660: Cross entropy = 0.136497
INFO:tensorflow:2019-10-09 17:42:41.053740: Step 3660: Validation accuracy = 35.0% (N=100)
I1009 17:42:41.053789 4547376576 retrain.py:1100] 2019-10-09 17:42:41.053740: Step 3660: Validation accuracy = 35.0% (N=100)
INFO:tensorflow:2019-10-09 17:42:41.610826: Step 3670: Train accuracy = 99.0%
I1009 17:42:41.610871 4547376576 retrain.py:1082] 2019-10-09 17:42:41.610826: Step 3670: Train accuracy = 99.0%
INFO:tensorflow:2019-10-09 17:42:41.610979: Step 3670: Cross entropy = 0.101539
I1009 17:42:41.610990 4547376576 retrain.py:1084] 2019-10-09 17:42:41.610979: Step 3670: Cross entropy = 0.101539
INFO:tensorflow:2019-10-09 17:42:41.666903: Step 3670: Validation accuracy = 40.0% (N=100)
I1009 17:42:41.666949 4547376576 retrain.py:1100] 2019-10-09 17:42:41.666903: Step 3670: Validation accuracy = 40.0% (N=100)
INFO:tensorflow:2019-10-09 17:42:42.222390: Step 3680: Train accuracy = 99.0%
I1009 17:42:42.222448 4547376576 retrain.py:1082] 2019-10-09 17:42:42.222390: Step 3680: Train accuracy = 99.0%
INFO:tensorflow:2019-10-09 17:42:42.222583: Step 3680: Cross entropy = 0.098704
I1009 17:42:42.222593 4547376576 retrain.py:1084] 2019-10-09 17:42:42.222583: Step 3680: Cross entropy = 0.098704
INFO:tensorflow:2019-10-09 17:42:42.278667: Step 3680: Validation accuracy = 26.0% (N=100)
I1009 17:42:42.278715 4547376576 retrain.py:1100] 2019-10-09 17:42:42.278667: Step 3680: Validation accuracy = 26.0% (N=100)
INFO:tensorflow:2019-10-09 17:42:42.847870: Step 3690: Train accuracy = 100.0%
I1009 17:42:42.847913 4547376576 retrain.py:1082] 2019-10-09 17:42:42.847870: Step 3690: Train accuracy = 100.0%
INFO:tensorflow:2019-10-09 17:42:42.848018: Step 3690: Cross entropy = 0.088129
I1009 17:42:42.848027 4547376576 retrain.py:1084] 2019-10-09 17:42:42.848018: Step 3690: Cross entropy = 0.088129
INFO:tensorflow:2019-10-09 17:42:42.905521: Step 3690: Validation accuracy = 26.0% (N=100)
I1009 17:42:42.905584 4547376576 retrain.py:1100] 2019-10-09 17:42:42.905521: Step 3690: Validation accuracy = 26.0% (N=100)
INFO:tensorflow:2019-10-09 17:42:43.462181: Step 3700: Train accuracy = 100.0%
I1009 17:42:43.462225 4547376576 retrain.py:1082] 2019-10-09 17:42:43.462181: Step 3700: Train accuracy = 100.0%
INFO:tensorflow:2019-10-09 17:42:43.462333: Step 3700: Cross entropy = 0.075584
I1009 17:42:43.462342 4547376576 retrain.py:1084] 2019-10-09 17:42:43.462333: Step 3700: Cross entropy = 0.075584
INFO:tensorflow:2019-10-09 17:42:43.518232: Step 3700: Validation accuracy = 31.0% (N=100)
I1009 17:42:43.518278 4547376576 retrain.py:1100] 2019-10-09 17:42:43.518232: Step 3700: Validation accuracy = 31.0% (N=100)
INFO:tensorflow:2019-10-09 17:42:44.073510: Step 3710: Train accuracy = 99.0%
I1009 17:42:44.073565 4547376576 retrain.py:1082] 2019-10-09 17:42:44.073510: Step 3710: Train accuracy = 99.0%
INFO:tensorflow:2019-10-09 17:42:44.073698: Step 3710: Cross entropy = 0.093935
I1009 17:42:44.073709 4547376576 retrain.py:1084] 2019-10-09 17:42:44.073698: Step 3710: Cross entropy = 0.093935
INFO:tensorflow:2019-10-09 17:42:44.129795: Step 3710: Validation accuracy = 32.0% (N=100)
I1009 17:42:44.129844 4547376576 retrain.py:1100] 2019-10-09 17:42:44.129795: Step 3710: Validation accuracy = 32.0% (N=100)
INFO:tensorflow:2019-10-09 17:42:44.686730: Step 3720: Train accuracy = 100.0%
I1009 17:42:44.686774 4547376576 retrain.py:1082] 2019-10-09 17:42:44.686730: Step 3720: Train accuracy = 100.0%
INFO:tensorflow:2019-10-09 17:42:44.686881: Step 3720: Cross entropy = 0.104642
I1009 17:42:44.686891 4547376576 retrain.py:1084] 2019-10-09 17:42:44.686881: Step 3720: Cross entropy = 0.104642
INFO:tensorflow:2019-10-09 17:42:44.742822: Step 3720: Validation accuracy = 28.0% (N=100)
I1009 17:42:44.742871 4547376576 retrain.py:1100] 2019-10-09 17:42:44.742822: Step 3720: Validation accuracy = 28.0% (N=100)
INFO:tensorflow:2019-10-09 17:42:45.298936: Step 3730: Train accuracy = 100.0%
I1009 17:42:45.298981 4547376576 retrain.py:1082] 2019-10-09 17:42:45.298936: Step 3730: Train accuracy = 100.0%
INFO:tensorflow:2019-10-09 17:42:45.299087: Step 3730: Cross entropy = 0.086382
I1009 17:42:45.299097 4547376576 retrain.py:1084] 2019-10-09 17:42:45.299087: Step 3730: Cross entropy = 0.086382
INFO:tensorflow:2019-10-09 17:42:45.355443: Step 3730: Validation accuracy = 44.0% (N=100)
I1009 17:42:45.355493 4547376576 retrain.py:1100] 2019-10-09 17:42:45.355443: Step 3730: Validation accuracy = 44.0% (N=100)
INFO:tensorflow:2019-10-09 17:42:45.911009: Step 3740: Train accuracy = 99.0%
I1009 17:42:45.911055 4547376576 retrain.py:1082] 2019-10-09 17:42:45.911009: Step 3740: Train accuracy = 99.0%
INFO:tensorflow:2019-10-09 17:42:45.911162: Step 3740: Cross entropy = 0.109477
I1009 17:42:45.911173 4547376576 retrain.py:1084] 2019-10-09 17:42:45.911162: Step 3740: Cross entropy = 0.109477
INFO:tensorflow:2019-10-09 17:42:45.967209: Step 3740: Validation accuracy = 26.0% (N=100)
I1009 17:42:45.967252 4547376576 retrain.py:1100] 2019-10-09 17:42:45.967209: Step 3740: Validation accuracy = 26.0% (N=100)
INFO:tensorflow:2019-10-09 17:42:46.523553: Step 3750: Train accuracy = 100.0%
I1009 17:42:46.523607 4547376576 retrain.py:1082] 2019-10-09 17:42:46.523553: Step 3750: Train accuracy = 100.0%
INFO:tensorflow:2019-10-09 17:42:46.523747: Step 3750: Cross entropy = 0.085567
I1009 17:42:46.523758 4547376576 retrain.py:1084] 2019-10-09 17:42:46.523747: Step 3750: Cross entropy = 0.085567
INFO:tensorflow:2019-10-09 17:42:46.580096: Step 3750: Validation accuracy = 32.0% (N=100)
I1009 17:42:46.580141 4547376576 retrain.py:1100] 2019-10-09 17:42:46.580096: Step 3750: Validation accuracy = 32.0% (N=100)
INFO:tensorflow:2019-10-09 17:42:47.135317: Step 3760: Train accuracy = 98.0%
I1009 17:42:47.135362 4547376576 retrain.py:1082] 2019-10-09 17:42:47.135317: Step 3760: Train accuracy = 98.0%
INFO:tensorflow:2019-10-09 17:42:47.135471: Step 3760: Cross entropy = 0.119758
I1009 17:42:47.135482 4547376576 retrain.py:1084] 2019-10-09 17:42:47.135471: Step 3760: Cross entropy = 0.119758
INFO:tensorflow:2019-10-09 17:42:47.192029: Step 3760: Validation accuracy = 34.0% (N=100)
I1009 17:42:47.192078 4547376576 retrain.py:1100] 2019-10-09 17:42:47.192029: Step 3760: Validation accuracy = 34.0% (N=100)
INFO:tensorflow:2019-10-09 17:42:47.748925: Step 3770: Train accuracy = 100.0%
I1009 17:42:47.748969 4547376576 retrain.py:1082] 2019-10-09 17:42:47.748925: Step 3770: Train accuracy = 100.0%
INFO:tensorflow:2019-10-09 17:42:47.749073: Step 3770: Cross entropy = 0.105250
I1009 17:42:47.749083 4547376576 retrain.py:1084] 2019-10-09 17:42:47.749073: Step 3770: Cross entropy = 0.105250
INFO:tensorflow:2019-10-09 17:42:47.805012: Step 3770: Validation accuracy = 33.0% (N=100)
I1009 17:42:47.805058 4547376576 retrain.py:1100] 2019-10-09 17:42:47.805012: Step 3770: Validation accuracy = 33.0% (N=100)
INFO:tensorflow:2019-10-09 17:42:48.364591: Step 3780: Train accuracy = 98.0%
I1009 17:42:48.364634 4547376576 retrain.py:1082] 2019-10-09 17:42:48.364591: Step 3780: Train accuracy = 98.0%
INFO:tensorflow:2019-10-09 17:42:48.364758: Step 3780: Cross entropy = 0.122580
I1009 17:42:48.364785 4547376576 retrain.py:1084] 2019-10-09 17:42:48.364758: Step 3780: Cross entropy = 0.122580
INFO:tensorflow:2019-10-09 17:42:48.420646: Step 3780: Validation accuracy = 25.0% (N=100)
I1009 17:42:48.420694 4547376576 retrain.py:1100] 2019-10-09 17:42:48.420646: Step 3780: Validation accuracy = 25.0% (N=100)
INFO:tensorflow:2019-10-09 17:42:48.976072: Step 3790: Train accuracy = 100.0%
I1009 17:42:48.976116 4547376576 retrain.py:1082] 2019-10-09 17:42:48.976072: Step 3790: Train accuracy = 100.0%
INFO:tensorflow:2019-10-09 17:42:48.976228: Step 3790: Cross entropy = 0.100967
I1009 17:42:48.976239 4547376576 retrain.py:1084] 2019-10-09 17:42:48.976228: Step 3790: Cross entropy = 0.100967
INFO:tensorflow:2019-10-09 17:42:49.031968: Step 3790: Validation accuracy = 28.0% (N=100)
I1009 17:42:49.032015 4547376576 retrain.py:1100] 2019-10-09 17:42:49.031968: Step 3790: Validation accuracy = 28.0% (N=100)
INFO:tensorflow:2019-10-09 17:42:49.587534: Step 3800: Train accuracy = 100.0%
I1009 17:42:49.587577 4547376576 retrain.py:1082] 2019-10-09 17:42:49.587534: Step 3800: Train accuracy = 100.0%
INFO:tensorflow:2019-10-09 17:42:49.587683: Step 3800: Cross entropy = 0.091114
I1009 17:42:49.587694 4547376576 retrain.py:1084] 2019-10-09 17:42:49.587683: Step 3800: Cross entropy = 0.091114
INFO:tensorflow:2019-10-09 17:42:49.643511: Step 3800: Validation accuracy = 24.0% (N=100)
I1009 17:42:49.643560 4547376576 retrain.py:1100] 2019-10-09 17:42:49.643511: Step 3800: Validation accuracy = 24.0% (N=100)
INFO:tensorflow:2019-10-09 17:42:50.198970: Step 3810: Train accuracy = 100.0%
I1009 17:42:50.199014 4547376576 retrain.py:1082] 2019-10-09 17:42:50.198970: Step 3810: Train accuracy = 100.0%
INFO:tensorflow:2019-10-09 17:42:50.199119: Step 3810: Cross entropy = 0.086577
I1009 17:42:50.199130 4547376576 retrain.py:1084] 2019-10-09 17:42:50.199119: Step 3810: Cross entropy = 0.086577
INFO:tensorflow:2019-10-09 17:42:50.255029: Step 3810: Validation accuracy = 29.0% (N=100)
I1009 17:42:50.255079 4547376576 retrain.py:1100] 2019-10-09 17:42:50.255029: Step 3810: Validation accuracy = 29.0% (N=100)
INFO:tensorflow:2019-10-09 17:42:50.811968: Step 3820: Train accuracy = 99.0%
I1009 17:42:50.812016 4547376576 retrain.py:1082] 2019-10-09 17:42:50.811968: Step 3820: Train accuracy = 99.0%
INFO:tensorflow:2019-10-09 17:42:50.812130: Step 3820: Cross entropy = 0.090170
I1009 17:42:50.812139 4547376576 retrain.py:1084] 2019-10-09 17:42:50.812130: Step 3820: Cross entropy = 0.090170
INFO:tensorflow:2019-10-09 17:42:50.868216: Step 3820: Validation accuracy = 31.0% (N=100)
I1009 17:42:50.868261 4547376576 retrain.py:1100] 2019-10-09 17:42:50.868216: Step 3820: Validation accuracy = 31.0% (N=100)
INFO:tensorflow:2019-10-09 17:42:51.424387: Step 3830: Train accuracy = 100.0%
I1009 17:42:51.424432 4547376576 retrain.py:1082] 2019-10-09 17:42:51.424387: Step 3830: Train accuracy = 100.0%
INFO:tensorflow:2019-10-09 17:42:51.424566: Step 3830: Cross entropy = 0.077085
I1009 17:42:51.424576 4547376576 retrain.py:1084] 2019-10-09 17:42:51.424566: Step 3830: Cross entropy = 0.077085
INFO:tensorflow:2019-10-09 17:42:51.480641: Step 3830: Validation accuracy = 33.0% (N=100)
I1009 17:42:51.480690 4547376576 retrain.py:1100] 2019-10-09 17:42:51.480641: Step 3830: Validation accuracy = 33.0% (N=100)
INFO:tensorflow:2019-10-09 17:42:52.035065: Step 3840: Train accuracy = 99.0%
I1009 17:42:52.035109 4547376576 retrain.py:1082] 2019-10-09 17:42:52.035065: Step 3840: Train accuracy = 99.0%
INFO:tensorflow:2019-10-09 17:42:52.035216: Step 3840: Cross entropy = 0.103505
I1009 17:42:52.035226 4547376576 retrain.py:1084] 2019-10-09 17:42:52.035216: Step 3840: Cross entropy = 0.103505
INFO:tensorflow:2019-10-09 17:42:52.091552: Step 3840: Validation accuracy = 34.0% (N=100)
I1009 17:42:52.091599 4547376576 retrain.py:1100] 2019-10-09 17:42:52.091552: Step 3840: Validation accuracy = 34.0% (N=100)
INFO:tensorflow:2019-10-09 17:42:52.646537: Step 3850: Train accuracy = 100.0%
I1009 17:42:52.646582 4547376576 retrain.py:1082] 2019-10-09 17:42:52.646537: Step 3850: Train accuracy = 100.0%
INFO:tensorflow:2019-10-09 17:42:52.646687: Step 3850: Cross entropy = 0.100300
I1009 17:42:52.646698 4547376576 retrain.py:1084] 2019-10-09 17:42:52.646687: Step 3850: Cross entropy = 0.100300
INFO:tensorflow:2019-10-09 17:42:52.702646: Step 3850: Validation accuracy = 27.0% (N=100)
I1009 17:42:52.702694 4547376576 retrain.py:1100] 2019-10-09 17:42:52.702646: Step 3850: Validation accuracy = 27.0% (N=100)
INFO:tensorflow:2019-10-09 17:42:53.258083: Step 3860: Train accuracy = 100.0%
I1009 17:42:53.258127 4547376576 retrain.py:1082] 2019-10-09 17:42:53.258083: Step 3860: Train accuracy = 100.0%
INFO:tensorflow:2019-10-09 17:42:53.258231: Step 3860: Cross entropy = 0.097146
I1009 17:42:53.258240 4547376576 retrain.py:1084] 2019-10-09 17:42:53.258231: Step 3860: Cross entropy = 0.097146
INFO:tensorflow:2019-10-09 17:42:53.314093: Step 3860: Validation accuracy = 31.0% (N=100)
I1009 17:42:53.314141 4547376576 retrain.py:1100] 2019-10-09 17:42:53.314093: Step 3860: Validation accuracy = 31.0% (N=100)
INFO:tensorflow:2019-10-09 17:42:53.870367: Step 3870: Train accuracy = 100.0%
I1009 17:42:53.870410 4547376576 retrain.py:1082] 2019-10-09 17:42:53.870367: Step 3870: Train accuracy = 100.0%
INFO:tensorflow:2019-10-09 17:42:53.870564: Step 3870: Cross entropy = 0.122342
I1009 17:42:53.870582 4547376576 retrain.py:1084] 2019-10-09 17:42:53.870564: Step 3870: Cross entropy = 0.122342
INFO:tensorflow:2019-10-09 17:42:53.926621: Step 3870: Validation accuracy = 22.0% (N=100)
I1009 17:42:53.926666 4547376576 retrain.py:1100] 2019-10-09 17:42:53.926621: Step 3870: Validation accuracy = 22.0% (N=100)
INFO:tensorflow:2019-10-09 17:42:54.482152: Step 3880: Train accuracy = 100.0%
I1009 17:42:54.482197 4547376576 retrain.py:1082] 2019-10-09 17:42:54.482152: Step 3880: Train accuracy = 100.0%
INFO:tensorflow:2019-10-09 17:42:54.482308: Step 3880: Cross entropy = 0.098302
I1009 17:42:54.482319 4547376576 retrain.py:1084] 2019-10-09 17:42:54.482308: Step 3880: Cross entropy = 0.098302
INFO:tensorflow:2019-10-09 17:42:54.538163: Step 3880: Validation accuracy = 21.0% (N=100)
I1009 17:42:54.538212 4547376576 retrain.py:1100] 2019-10-09 17:42:54.538163: Step 3880: Validation accuracy = 21.0% (N=100)
INFO:tensorflow:2019-10-09 17:42:55.093606: Step 3890: Train accuracy = 100.0%
I1009 17:42:55.093651 4547376576 retrain.py:1082] 2019-10-09 17:42:55.093606: Step 3890: Train accuracy = 100.0%
INFO:tensorflow:2019-10-09 17:42:55.093756: Step 3890: Cross entropy = 0.098788
I1009 17:42:55.093765 4547376576 retrain.py:1084] 2019-10-09 17:42:55.093756: Step 3890: Cross entropy = 0.098788
INFO:tensorflow:2019-10-09 17:42:55.149707: Step 3890: Validation accuracy = 30.0% (N=100)
I1009 17:42:55.149755 4547376576 retrain.py:1100] 2019-10-09 17:42:55.149707: Step 3890: Validation accuracy = 30.0% (N=100)
INFO:tensorflow:2019-10-09 17:42:55.705393: Step 3900: Train accuracy = 100.0%
I1009 17:42:55.705439 4547376576 retrain.py:1082] 2019-10-09 17:42:55.705393: Step 3900: Train accuracy = 100.0%
INFO:tensorflow:2019-10-09 17:42:55.705545: Step 3900: Cross entropy = 0.093447
I1009 17:42:55.705557 4547376576 retrain.py:1084] 2019-10-09 17:42:55.705545: Step 3900: Cross entropy = 0.093447
INFO:tensorflow:2019-10-09 17:42:55.761655: Step 3900: Validation accuracy = 25.0% (N=100)
I1009 17:42:55.761704 4547376576 retrain.py:1100] 2019-10-09 17:42:55.761655: Step 3900: Validation accuracy = 25.0% (N=100)
INFO:tensorflow:2019-10-09 17:42:56.318776: Step 3910: Train accuracy = 100.0%
I1009 17:42:56.318822 4547376576 retrain.py:1082] 2019-10-09 17:42:56.318776: Step 3910: Train accuracy = 100.0%
INFO:tensorflow:2019-10-09 17:42:56.318930: Step 3910: Cross entropy = 0.097344
I1009 17:42:56.318940 4547376576 retrain.py:1084] 2019-10-09 17:42:56.318930: Step 3910: Cross entropy = 0.097344
INFO:tensorflow:2019-10-09 17:42:56.375479: Step 3910: Validation accuracy = 40.0% (N=100)
I1009 17:42:56.375526 4547376576 retrain.py:1100] 2019-10-09 17:42:56.375479: Step 3910: Validation accuracy = 40.0% (N=100)
INFO:tensorflow:2019-10-09 17:42:56.931127: Step 3920: Train accuracy = 100.0%
I1009 17:42:56.931172 4547376576 retrain.py:1082] 2019-10-09 17:42:56.931127: Step 3920: Train accuracy = 100.0%
INFO:tensorflow:2019-10-09 17:42:56.931281: Step 3920: Cross entropy = 0.100067
I1009 17:42:56.931291 4547376576 retrain.py:1084] 2019-10-09 17:42:56.931281: Step 3920: Cross entropy = 0.100067
INFO:tensorflow:2019-10-09 17:42:56.987214: Step 3920: Validation accuracy = 35.0% (N=100)
I1009 17:42:56.987265 4547376576 retrain.py:1100] 2019-10-09 17:42:56.987214: Step 3920: Validation accuracy = 35.0% (N=100)
INFO:tensorflow:2019-10-09 17:42:57.542951: Step 3930: Train accuracy = 100.0%
I1009 17:42:57.542995 4547376576 retrain.py:1082] 2019-10-09 17:42:57.542951: Step 3930: Train accuracy = 100.0%
INFO:tensorflow:2019-10-09 17:42:57.543103: Step 3930: Cross entropy = 0.087726
I1009 17:42:57.543129 4547376576 retrain.py:1084] 2019-10-09 17:42:57.543103: Step 3930: Cross entropy = 0.087726
INFO:tensorflow:2019-10-09 17:42:57.599415: Step 3930: Validation accuracy = 25.0% (N=100)
I1009 17:42:57.599464 4547376576 retrain.py:1100] 2019-10-09 17:42:57.599415: Step 3930: Validation accuracy = 25.0% (N=100)
INFO:tensorflow:2019-10-09 17:42:58.155380: Step 3940: Train accuracy = 100.0%
I1009 17:42:58.155426 4547376576 retrain.py:1082] 2019-10-09 17:42:58.155380: Step 3940: Train accuracy = 100.0%
INFO:tensorflow:2019-10-09 17:42:58.155534: Step 3940: Cross entropy = 0.093375
I1009 17:42:58.155544 4547376576 retrain.py:1084] 2019-10-09 17:42:58.155534: Step 3940: Cross entropy = 0.093375
INFO:tensorflow:2019-10-09 17:42:58.211563: Step 3940: Validation accuracy = 30.0% (N=100)
I1009 17:42:58.211611 4547376576 retrain.py:1100] 2019-10-09 17:42:58.211563: Step 3940: Validation accuracy = 30.0% (N=100)
INFO:tensorflow:2019-10-09 17:42:58.767718: Step 3950: Train accuracy = 97.0%
I1009 17:42:58.767762 4547376576 retrain.py:1082] 2019-10-09 17:42:58.767718: Step 3950: Train accuracy = 97.0%
INFO:tensorflow:2019-10-09 17:42:58.767870: Step 3950: Cross entropy = 0.127428
I1009 17:42:58.767883 4547376576 retrain.py:1084] 2019-10-09 17:42:58.767870: Step 3950: Cross entropy = 0.127428
INFO:tensorflow:2019-10-09 17:42:58.824531: Step 3950: Validation accuracy = 36.0% (N=100)
I1009 17:42:58.824581 4547376576 retrain.py:1100] 2019-10-09 17:42:58.824531: Step 3950: Validation accuracy = 36.0% (N=100)
INFO:tensorflow:2019-10-09 17:42:59.380878: Step 3960: Train accuracy = 99.0%
I1009 17:42:59.380922 4547376576 retrain.py:1082] 2019-10-09 17:42:59.380878: Step 3960: Train accuracy = 99.0%
INFO:tensorflow:2019-10-09 17:42:59.381029: Step 3960: Cross entropy = 0.097202
I1009 17:42:59.381039 4547376576 retrain.py:1084] 2019-10-09 17:42:59.381029: Step 3960: Cross entropy = 0.097202
INFO:tensorflow:2019-10-09 17:42:59.437194: Step 3960: Validation accuracy = 34.0% (N=100)
I1009 17:42:59.437242 4547376576 retrain.py:1100] 2019-10-09 17:42:59.437194: Step 3960: Validation accuracy = 34.0% (N=100)
INFO:tensorflow:2019-10-09 17:42:59.992186: Step 3970: Train accuracy = 100.0%
I1009 17:42:59.992229 4547376576 retrain.py:1082] 2019-10-09 17:42:59.992186: Step 3970: Train accuracy = 100.0%
INFO:tensorflow:2019-10-09 17:42:59.992334: Step 3970: Cross entropy = 0.081822
I1009 17:42:59.992345 4547376576 retrain.py:1084] 2019-10-09 17:42:59.992334: Step 3970: Cross entropy = 0.081822
INFO:tensorflow:2019-10-09 17:43:00.048820: Step 3970: Validation accuracy = 31.0% (N=100)
I1009 17:43:00.048876 4547376576 retrain.py:1100] 2019-10-09 17:43:00.048820: Step 3970: Validation accuracy = 31.0% (N=100)
INFO:tensorflow:2019-10-09 17:43:00.604958: Step 3980: Train accuracy = 100.0%
I1009 17:43:00.605001 4547376576 retrain.py:1082] 2019-10-09 17:43:00.604958: Step 3980: Train accuracy = 100.0%
INFO:tensorflow:2019-10-09 17:43:00.605109: Step 3980: Cross entropy = 0.085778
I1009 17:43:00.605118 4547376576 retrain.py:1084] 2019-10-09 17:43:00.605109: Step 3980: Cross entropy = 0.085778
INFO:tensorflow:2019-10-09 17:43:00.661190: Step 3980: Validation accuracy = 35.0% (N=100)
I1009 17:43:00.661236 4547376576 retrain.py:1100] 2019-10-09 17:43:00.661190: Step 3980: Validation accuracy = 35.0% (N=100)
INFO:tensorflow:2019-10-09 17:43:01.216884: Step 3990: Train accuracy = 99.0%
I1009 17:43:01.216928 4547376576 retrain.py:1082] 2019-10-09 17:43:01.216884: Step 3990: Train accuracy = 99.0%
INFO:tensorflow:2019-10-09 17:43:01.217032: Step 3990: Cross entropy = 0.098579
I1009 17:43:01.217056 4547376576 retrain.py:1084] 2019-10-09 17:43:01.217032: Step 3990: Cross entropy = 0.098579
INFO:tensorflow:2019-10-09 17:43:01.273072: Step 3990: Validation accuracy = 29.0% (N=100)
I1009 17:43:01.273122 4547376576 retrain.py:1100] 2019-10-09 17:43:01.273072: Step 3990: Validation accuracy = 29.0% (N=100)
INFO:tensorflow:2019-10-09 17:43:01.774943: Step 3999: Train accuracy = 100.0%
I1009 17:43:01.774990 4547376576 retrain.py:1082] 2019-10-09 17:43:01.774943: Step 3999: Train accuracy = 100.0%
INFO:tensorflow:2019-10-09 17:43:01.775124: Step 3999: Cross entropy = 0.080286
I1009 17:43:01.775135 4547376576 retrain.py:1084] 2019-10-09 17:43:01.775124: Step 3999: Cross entropy = 0.080286
INFO:tensorflow:2019-10-09 17:43:01.832398: Step 3999: Validation accuracy = 37.0% (N=100)
I1009 17:43:01.832448 4547376576 retrain.py:1100] 2019-10-09 17:43:01.832398: Step 3999: Validation accuracy = 37.0% (N=100)
INFO:tensorflow:Final test accuracy = 47.1% (N=34)
I1009 17:43:04.021321 4547376576 retrain.py:1126] Final test accuracy = 47.1% (N=34)
WARNING:tensorflow:From /Users/dbusaba2/affinity_2D/tensorflow-for-poets-2/scripts/retrain.py:827: convert_variables_to_constants (from tensorflow.python.framework.graph_util_impl) is deprecated and will be removed in a future version.
Instructions for updating:
Use `tf.compat.v1.graph_util.convert_variables_to_constants`
W1009 17:43:04.180917 4547376576 deprecation.py:323] From /Users/dbusaba2/affinity_2D/tensorflow-for-poets-2/scripts/retrain.py:827: convert_variables_to_constants (from tensorflow.python.framework.graph_util_impl) is deprecated and will be removed in a future version.
Instructions for updating:
Use `tf.compat.v1.graph_util.convert_variables_to_constants`
WARNING:tensorflow:From /Library/Frameworks/Python.framework/Versions/3.7/lib/python3.7/site-packages/tensorflow/python/framework/graph_util_impl.py:270: extract_sub_graph (from tensorflow.python.framework.graph_util_impl) is deprecated and will be removed in a future version.
Instructions for updating:
Use `tf.compat.v1.graph_util.extract_sub_graph`
W1009 17:43:04.181069 4547376576 deprecation.py:323] From /Library/Frameworks/Python.framework/Versions/3.7/lib/python3.7/site-packages/tensorflow/python/framework/graph_util_impl.py:270: extract_sub_graph (from tensorflow.python.framework.graph_util_impl) is deprecated and will be removed in a future version.
Instructions for updating:
Use `tf.compat.v1.graph_util.extract_sub_graph`
INFO:tensorflow:Froze 2 variables.
I1009 17:43:04.404941 4547376576 graph_util_impl.py:311] Froze 2 variables.
INFO:tensorflow:Converted 2 variables to const ops.
I1009 17:43:04.465652 4547376576 graph_util_impl.py:364] Converted 2 variables to const ops.
