/Library/Frameworks/Python.framework/Versions/3.7/lib/python3.7/site-packages/tensorflow/python/framework/dtypes.py:516: FutureWarning: Passing (type, 1) or '1type' as a synonym of type is deprecated; in a future version of numpy, it will be understood as (type, (1,)) / '(1,)type'.
  _np_qint8 = np.dtype([("qint8", np.int8, 1)])
/Library/Frameworks/Python.framework/Versions/3.7/lib/python3.7/site-packages/tensorflow/python/framework/dtypes.py:517: FutureWarning: Passing (type, 1) or '1type' as a synonym of type is deprecated; in a future version of numpy, it will be understood as (type, (1,)) / '(1,)type'.
  _np_quint8 = np.dtype([("quint8", np.uint8, 1)])
/Library/Frameworks/Python.framework/Versions/3.7/lib/python3.7/site-packages/tensorflow/python/framework/dtypes.py:518: FutureWarning: Passing (type, 1) or '1type' as a synonym of type is deprecated; in a future version of numpy, it will be understood as (type, (1,)) / '(1,)type'.
  _np_qint16 = np.dtype([("qint16", np.int16, 1)])
/Library/Frameworks/Python.framework/Versions/3.7/lib/python3.7/site-packages/tensorflow/python/framework/dtypes.py:519: FutureWarning: Passing (type, 1) or '1type' as a synonym of type is deprecated; in a future version of numpy, it will be understood as (type, (1,)) / '(1,)type'.
  _np_quint16 = np.dtype([("quint16", np.uint16, 1)])
/Library/Frameworks/Python.framework/Versions/3.7/lib/python3.7/site-packages/tensorflow/python/framework/dtypes.py:520: FutureWarning: Passing (type, 1) or '1type' as a synonym of type is deprecated; in a future version of numpy, it will be understood as (type, (1,)) / '(1,)type'.
  _np_qint32 = np.dtype([("qint32", np.int32, 1)])
/Library/Frameworks/Python.framework/Versions/3.7/lib/python3.7/site-packages/tensorflow/python/framework/dtypes.py:525: FutureWarning: Passing (type, 1) or '1type' as a synonym of type is deprecated; in a future version of numpy, it will be understood as (type, (1,)) / '(1,)type'.
  np_resource = np.dtype([("resource", np.ubyte, 1)])
/Library/Frameworks/Python.framework/Versions/3.7/lib/python3.7/site-packages/tensorboard/compat/tensorflow_stub/dtypes.py:541: FutureWarning: Passing (type, 1) or '1type' as a synonym of type is deprecated; in a future version of numpy, it will be understood as (type, (1,)) / '(1,)type'.
  _np_qint8 = np.dtype([("qint8", np.int8, 1)])
/Library/Frameworks/Python.framework/Versions/3.7/lib/python3.7/site-packages/tensorboard/compat/tensorflow_stub/dtypes.py:542: FutureWarning: Passing (type, 1) or '1type' as a synonym of type is deprecated; in a future version of numpy, it will be understood as (type, (1,)) / '(1,)type'.
  _np_quint8 = np.dtype([("quint8", np.uint8, 1)])
/Library/Frameworks/Python.framework/Versions/3.7/lib/python3.7/site-packages/tensorboard/compat/tensorflow_stub/dtypes.py:543: FutureWarning: Passing (type, 1) or '1type' as a synonym of type is deprecated; in a future version of numpy, it will be understood as (type, (1,)) / '(1,)type'.
  _np_qint16 = np.dtype([("qint16", np.int16, 1)])
/Library/Frameworks/Python.framework/Versions/3.7/lib/python3.7/site-packages/tensorboard/compat/tensorflow_stub/dtypes.py:544: FutureWarning: Passing (type, 1) or '1type' as a synonym of type is deprecated; in a future version of numpy, it will be understood as (type, (1,)) / '(1,)type'.
  _np_quint16 = np.dtype([("quint16", np.uint16, 1)])
/Library/Frameworks/Python.framework/Versions/3.7/lib/python3.7/site-packages/tensorboard/compat/tensorflow_stub/dtypes.py:545: FutureWarning: Passing (type, 1) or '1type' as a synonym of type is deprecated; in a future version of numpy, it will be understood as (type, (1,)) / '(1,)type'.
  _np_qint32 = np.dtype([("qint32", np.int32, 1)])
/Library/Frameworks/Python.framework/Versions/3.7/lib/python3.7/site-packages/tensorboard/compat/tensorflow_stub/dtypes.py:550: FutureWarning: Passing (type, 1) or '1type' as a synonym of type is deprecated; in a future version of numpy, it will be understood as (type, (1,)) / '(1,)type'.
  np_resource = np.dtype([("resource", np.ubyte, 1)])
WARNING:tensorflow:From /Users/dbusaba2/affinity_2D/tensorflow-for-poets-2/scripts/retrain.py:1326: The name tf.app.run is deprecated. Please use tf.compat.v1.app.run instead.

WARNING:tensorflow:From /Users/dbusaba2/affinity_2D/tensorflow-for-poets-2/scripts/retrain.py:970: The name tf.logging.set_verbosity is deprecated. Please use tf.compat.v1.logging.set_verbosity instead.

W1009 18:00:17.495142 4519421376 deprecation_wrapper.py:119] From /Users/dbusaba2/affinity_2D/tensorflow-for-poets-2/scripts/retrain.py:970: The name tf.logging.set_verbosity is deprecated. Please use tf.compat.v1.logging.set_verbosity instead.

WARNING:tensorflow:From /Users/dbusaba2/affinity_2D/tensorflow-for-poets-2/scripts/retrain.py:970: The name tf.logging.INFO is deprecated. Please use tf.compat.v1.logging.INFO instead.

W1009 18:00:17.495270 4519421376 deprecation_wrapper.py:119] From /Users/dbusaba2/affinity_2D/tensorflow-for-poets-2/scripts/retrain.py:970: The name tf.logging.INFO is deprecated. Please use tf.compat.v1.logging.INFO instead.

WARNING:tensorflow:From /Users/dbusaba2/affinity_2D/tensorflow-for-poets-2/scripts/retrain.py:835: The name tf.gfile.Exists is deprecated. Please use tf.io.gfile.exists instead.

W1009 18:00:17.495355 4519421376 deprecation_wrapper.py:119] From /Users/dbusaba2/affinity_2D/tensorflow-for-poets-2/scripts/retrain.py:835: The name tf.gfile.Exists is deprecated. Please use tf.io.gfile.exists instead.

WARNING:tensorflow:From /Users/dbusaba2/affinity_2D/tensorflow-for-poets-2/scripts/retrain.py:836: The name tf.gfile.DeleteRecursively is deprecated. Please use tf.io.gfile.rmtree instead.

W1009 18:00:17.495503 4519421376 deprecation_wrapper.py:119] From /Users/dbusaba2/affinity_2D/tensorflow-for-poets-2/scripts/retrain.py:836: The name tf.gfile.DeleteRecursively is deprecated. Please use tf.io.gfile.rmtree instead.

WARNING:tensorflow:From /Users/dbusaba2/affinity_2D/tensorflow-for-poets-2/scripts/retrain.py:837: The name tf.gfile.MakeDirs is deprecated. Please use tf.io.gfile.makedirs instead.

W1009 18:00:17.501408 4519421376 deprecation_wrapper.py:119] From /Users/dbusaba2/affinity_2D/tensorflow-for-poets-2/scripts/retrain.py:837: The name tf.gfile.MakeDirs is deprecated. Please use tf.io.gfile.makedirs instead.

WARNING:tensorflow:From /Users/dbusaba2/affinity_2D/tensorflow-for-poets-2/scripts/retrain.py:274: FastGFile.__init__ (from tensorflow.python.platform.gfile) is deprecated and will be removed in a future version.
Instructions for updating:
Use tf.gfile.GFile.
W1009 18:00:18.063226 4519421376 deprecation.py:323] From /Users/dbusaba2/affinity_2D/tensorflow-for-poets-2/scripts/retrain.py:274: FastGFile.__init__ (from tensorflow.python.platform.gfile) is deprecated and will be removed in a future version.
Instructions for updating:
Use tf.gfile.GFile.
WARNING:tensorflow:From /Users/dbusaba2/affinity_2D/tensorflow-for-poets-2/scripts/retrain.py:275: The name tf.GraphDef is deprecated. Please use tf.compat.v1.GraphDef instead.

W1009 18:00:18.063397 4519421376 deprecation_wrapper.py:119] From /Users/dbusaba2/affinity_2D/tensorflow-for-poets-2/scripts/retrain.py:275: The name tf.GraphDef is deprecated. Please use tf.compat.v1.GraphDef instead.

2019-10-09 18:00:18.331209: W tensorflow/core/framework/op_def_util.cc:357] Op BatchNormWithGlobalNormalization is deprecated. It will cease to work in GraphDef version 9. Use tf.nn.batch_normalization().
WARNING:tensorflow:From /Users/dbusaba2/affinity_2D/tensorflow-for-poets-2/scripts/retrain.py:156: The name tf.logging.info is deprecated. Please use tf.compat.v1.logging.info instead.

W1009 18:00:18.518162 4519421376 deprecation_wrapper.py:119] From /Users/dbusaba2/affinity_2D/tensorflow-for-poets-2/scripts/retrain.py:156: The name tf.logging.info is deprecated. Please use tf.compat.v1.logging.info instead.

INFO:tensorflow:Looking for images in 'Abnormal'
I1009 18:00:18.518326 4519421376 retrain.py:156] Looking for images in 'Abnormal'
INFO:tensorflow:Looking for images in 'Normal'
I1009 18:00:18.523339 4519421376 retrain.py:156] Looking for images in 'Normal'
WARNING:tensorflow:From /Users/dbusaba2/affinity_2D/tensorflow-for-poets-2/scripts/retrain.py:1004: The name tf.Session is deprecated. Please use tf.compat.v1.Session instead.

W1009 18:00:18.528844 4519421376 deprecation_wrapper.py:119] From /Users/dbusaba2/affinity_2D/tensorflow-for-poets-2/scripts/retrain.py:1004: The name tf.Session is deprecated. Please use tf.compat.v1.Session instead.

2019-10-09 18:00:18.529091: I tensorflow/core/platform/cpu_feature_guard.cc:142] Your CPU supports instructions that this TensorFlow binary was not compiled to use: AVX2 FMA
WARNING:tensorflow:From /Users/dbusaba2/affinity_2D/tensorflow-for-poets-2/scripts/retrain.py:954: The name tf.placeholder is deprecated. Please use tf.compat.v1.placeholder instead.

W1009 18:00:18.529421 4519421376 deprecation_wrapper.py:119] From /Users/dbusaba2/affinity_2D/tensorflow-for-poets-2/scripts/retrain.py:954: The name tf.placeholder is deprecated. Please use tf.compat.v1.placeholder instead.

WARNING:tensorflow:From /Users/dbusaba2/affinity_2D/tensorflow-for-poets-2/scripts/retrain.py:960: The name tf.image.resize_bilinear is deprecated. Please use tf.compat.v1.image.resize_bilinear instead.

W1009 18:00:18.532100 4519421376 deprecation_wrapper.py:119] From /Users/dbusaba2/affinity_2D/tensorflow-for-poets-2/scripts/retrain.py:960: The name tf.image.resize_bilinear is deprecated. Please use tf.compat.v1.image.resize_bilinear instead.

INFO:tensorflow:100 bottleneck files created.
I1009 18:00:18.581616 4519421376 retrain.py:481] 100 bottleneck files created.
INFO:tensorflow:200 bottleneck files created.
I1009 18:00:18.629016 4519421376 retrain.py:481] 200 bottleneck files created.
INFO:tensorflow:300 bottleneck files created.
I1009 18:00:18.675245 4519421376 retrain.py:481] 300 bottleneck files created.
WARNING:tensorflow:From /Users/dbusaba2/affinity_2D/tensorflow-for-poets-2/scripts/retrain.py:758: The name tf.placeholder_with_default is deprecated. Please use tf.compat.v1.placeholder_with_default instead.

W1009 18:00:18.686052 4519421376 deprecation_wrapper.py:119] From /Users/dbusaba2/affinity_2D/tensorflow-for-poets-2/scripts/retrain.py:758: The name tf.placeholder_with_default is deprecated. Please use tf.compat.v1.placeholder_with_default instead.

WARNING:tensorflow:From /Users/dbusaba2/affinity_2D/tensorflow-for-poets-2/scripts/retrain.py:772: The name tf.truncated_normal is deprecated. Please use tf.random.truncated_normal instead.

W1009 18:00:18.688112 4519421376 deprecation_wrapper.py:119] From /Users/dbusaba2/affinity_2D/tensorflow-for-poets-2/scripts/retrain.py:772: The name tf.truncated_normal is deprecated. Please use tf.random.truncated_normal instead.

WARNING:tensorflow:From /Users/dbusaba2/affinity_2D/tensorflow-for-poets-2/scripts/retrain.py:726: The name tf.summary.scalar is deprecated. Please use tf.compat.v1.summary.scalar instead.

W1009 18:00:18.695312 4519421376 deprecation_wrapper.py:119] From /Users/dbusaba2/affinity_2D/tensorflow-for-poets-2/scripts/retrain.py:726: The name tf.summary.scalar is deprecated. Please use tf.compat.v1.summary.scalar instead.

WARNING:tensorflow:From /Users/dbusaba2/affinity_2D/tensorflow-for-poets-2/scripts/retrain.py:732: The name tf.summary.histogram is deprecated. Please use tf.compat.v1.summary.histogram instead.

W1009 18:00:18.704264 4519421376 deprecation_wrapper.py:119] From /Users/dbusaba2/affinity_2D/tensorflow-for-poets-2/scripts/retrain.py:732: The name tf.summary.histogram is deprecated. Please use tf.compat.v1.summary.histogram instead.

WARNING:tensorflow:From /Users/dbusaba2/affinity_2D/tensorflow-for-poets-2/scripts/retrain.py:790: softmax_cross_entropy_with_logits (from tensorflow.python.ops.nn_ops) is deprecated and will be removed in a future version.
Instructions for updating:

Future major versions of TensorFlow will allow gradients to flow
into the labels input on backprop by default.

See `tf.nn.softmax_cross_entropy_with_logits_v2`.

W1009 18:00:18.721239 4519421376 deprecation.py:323] From /Users/dbusaba2/affinity_2D/tensorflow-for-poets-2/scripts/retrain.py:790: softmax_cross_entropy_with_logits (from tensorflow.python.ops.nn_ops) is deprecated and will be removed in a future version.
Instructions for updating:

Future major versions of TensorFlow will allow gradients to flow
into the labels input on backprop by default.

See `tf.nn.softmax_cross_entropy_with_logits_v2`.

WARNING:tensorflow:From /Users/dbusaba2/affinity_2D/tensorflow-for-poets-2/scripts/retrain.py:796: The name tf.train.GradientDescentOptimizer is deprecated. Please use tf.compat.v1.train.GradientDescentOptimizer instead.

W1009 18:00:18.735455 4519421376 deprecation_wrapper.py:119] From /Users/dbusaba2/affinity_2D/tensorflow-for-poets-2/scripts/retrain.py:796: The name tf.train.GradientDescentOptimizer is deprecated. Please use tf.compat.v1.train.GradientDescentOptimizer instead.

WARNING:tensorflow:From /Users/dbusaba2/affinity_2D/tensorflow-for-poets-2/scripts/retrain.py:1038: The name tf.summary.merge_all is deprecated. Please use tf.compat.v1.summary.merge_all instead.

W1009 18:00:18.765573 4519421376 deprecation_wrapper.py:119] From /Users/dbusaba2/affinity_2D/tensorflow-for-poets-2/scripts/retrain.py:1038: The name tf.summary.merge_all is deprecated. Please use tf.compat.v1.summary.merge_all instead.

WARNING:tensorflow:From /Users/dbusaba2/affinity_2D/tensorflow-for-poets-2/scripts/retrain.py:1039: The name tf.summary.FileWriter is deprecated. Please use tf.compat.v1.summary.FileWriter instead.

W1009 18:00:18.766362 4519421376 deprecation_wrapper.py:119] From /Users/dbusaba2/affinity_2D/tensorflow-for-poets-2/scripts/retrain.py:1039: The name tf.summary.FileWriter is deprecated. Please use tf.compat.v1.summary.FileWriter instead.

INFO:tensorflow:2019-10-09 18:00:25.178025: Step 0: Train accuracy = 54.0%
I1009 18:00:25.178085 4519421376 retrain.py:1082] 2019-10-09 18:00:25.178025: Step 0: Train accuracy = 54.0%
INFO:tensorflow:2019-10-09 18:00:25.178204: Step 0: Cross entropy = 0.677551
I1009 18:00:25.178215 4519421376 retrain.py:1084] 2019-10-09 18:00:25.178204: Step 0: Cross entropy = 0.677551
INFO:tensorflow:2019-10-09 18:00:27.585715: Step 0: Validation accuracy = 47.0% (N=100)
I1009 18:00:27.585762 4519421376 retrain.py:1100] 2019-10-09 18:00:27.585715: Step 0: Validation accuracy = 47.0% (N=100)
INFO:tensorflow:2019-10-09 18:00:28.140727: Step 10: Train accuracy = 68.0%
I1009 18:00:28.140771 4519421376 retrain.py:1082] 2019-10-09 18:00:28.140727: Step 10: Train accuracy = 68.0%
INFO:tensorflow:2019-10-09 18:00:28.140878: Step 10: Cross entropy = 0.621176
I1009 18:00:28.140887 4519421376 retrain.py:1084] 2019-10-09 18:00:28.140878: Step 10: Cross entropy = 0.621176
INFO:tensorflow:2019-10-09 18:00:28.196943: Step 10: Validation accuracy = 62.0% (N=100)
I1009 18:00:28.196990 4519421376 retrain.py:1100] 2019-10-09 18:00:28.196943: Step 10: Validation accuracy = 62.0% (N=100)
INFO:tensorflow:2019-10-09 18:00:28.747583: Step 20: Train accuracy = 71.0%
I1009 18:00:28.747629 4519421376 retrain.py:1082] 2019-10-09 18:00:28.747583: Step 20: Train accuracy = 71.0%
INFO:tensorflow:2019-10-09 18:00:28.747743: Step 20: Cross entropy = 0.639143
I1009 18:00:28.747756 4519421376 retrain.py:1084] 2019-10-09 18:00:28.747743: Step 20: Cross entropy = 0.639143
INFO:tensorflow:2019-10-09 18:00:28.803028: Step 20: Validation accuracy = 63.0% (N=100)
I1009 18:00:28.803075 4519421376 retrain.py:1100] 2019-10-09 18:00:28.803028: Step 20: Validation accuracy = 63.0% (N=100)
INFO:tensorflow:2019-10-09 18:00:29.352948: Step 30: Train accuracy = 71.0%
I1009 18:00:29.352993 4519421376 retrain.py:1082] 2019-10-09 18:00:29.352948: Step 30: Train accuracy = 71.0%
INFO:tensorflow:2019-10-09 18:00:29.353103: Step 30: Cross entropy = 0.591602
I1009 18:00:29.353114 4519421376 retrain.py:1084] 2019-10-09 18:00:29.353103: Step 30: Cross entropy = 0.591602
INFO:tensorflow:2019-10-09 18:00:29.408489: Step 30: Validation accuracy = 59.0% (N=100)
I1009 18:00:29.408537 4519421376 retrain.py:1100] 2019-10-09 18:00:29.408489: Step 30: Validation accuracy = 59.0% (N=100)
INFO:tensorflow:2019-10-09 18:00:29.958749: Step 40: Train accuracy = 77.0%
I1009 18:00:29.958792 4519421376 retrain.py:1082] 2019-10-09 18:00:29.958749: Step 40: Train accuracy = 77.0%
INFO:tensorflow:2019-10-09 18:00:29.958901: Step 40: Cross entropy = 0.527630
I1009 18:00:29.958925 4519421376 retrain.py:1084] 2019-10-09 18:00:29.958901: Step 40: Cross entropy = 0.527630
INFO:tensorflow:2019-10-09 18:00:30.014238: Step 40: Validation accuracy = 63.0% (N=100)
I1009 18:00:30.014286 4519421376 retrain.py:1100] 2019-10-09 18:00:30.014238: Step 40: Validation accuracy = 63.0% (N=100)
INFO:tensorflow:2019-10-09 18:00:30.565537: Step 50: Train accuracy = 69.0%
I1009 18:00:30.565592 4519421376 retrain.py:1082] 2019-10-09 18:00:30.565537: Step 50: Train accuracy = 69.0%
INFO:tensorflow:2019-10-09 18:00:30.565726: Step 50: Cross entropy = 0.598026
I1009 18:00:30.565737 4519421376 retrain.py:1084] 2019-10-09 18:00:30.565726: Step 50: Cross entropy = 0.598026
INFO:tensorflow:2019-10-09 18:00:30.621504: Step 50: Validation accuracy = 49.0% (N=100)
I1009 18:00:30.621552 4519421376 retrain.py:1100] 2019-10-09 18:00:30.621504: Step 50: Validation accuracy = 49.0% (N=100)
INFO:tensorflow:2019-10-09 18:00:31.172634: Step 60: Train accuracy = 61.0%
I1009 18:00:31.172677 4519421376 retrain.py:1082] 2019-10-09 18:00:31.172634: Step 60: Train accuracy = 61.0%
INFO:tensorflow:2019-10-09 18:00:31.172784: Step 60: Cross entropy = 0.599591
I1009 18:00:31.172794 4519421376 retrain.py:1084] 2019-10-09 18:00:31.172784: Step 60: Cross entropy = 0.599591
INFO:tensorflow:2019-10-09 18:00:31.228571: Step 60: Validation accuracy = 54.0% (N=100)
I1009 18:00:31.228620 4519421376 retrain.py:1100] 2019-10-09 18:00:31.228571: Step 60: Validation accuracy = 54.0% (N=100)
INFO:tensorflow:2019-10-09 18:00:31.777628: Step 70: Train accuracy = 78.0%
I1009 18:00:31.777673 4519421376 retrain.py:1082] 2019-10-09 18:00:31.777628: Step 70: Train accuracy = 78.0%
INFO:tensorflow:2019-10-09 18:00:31.777780: Step 70: Cross entropy = 0.530447
I1009 18:00:31.777790 4519421376 retrain.py:1084] 2019-10-09 18:00:31.777780: Step 70: Cross entropy = 0.530447
INFO:tensorflow:2019-10-09 18:00:31.834329: Step 70: Validation accuracy = 48.0% (N=100)
I1009 18:00:31.834377 4519421376 retrain.py:1100] 2019-10-09 18:00:31.834329: Step 70: Validation accuracy = 48.0% (N=100)
INFO:tensorflow:2019-10-09 18:00:32.383115: Step 80: Train accuracy = 82.0%
I1009 18:00:32.383160 4519421376 retrain.py:1082] 2019-10-09 18:00:32.383115: Step 80: Train accuracy = 82.0%
INFO:tensorflow:2019-10-09 18:00:32.383268: Step 80: Cross entropy = 0.547105
I1009 18:00:32.383279 4519421376 retrain.py:1084] 2019-10-09 18:00:32.383268: Step 80: Cross entropy = 0.547105
INFO:tensorflow:2019-10-09 18:00:32.439357: Step 80: Validation accuracy = 54.0% (N=100)
I1009 18:00:32.439404 4519421376 retrain.py:1100] 2019-10-09 18:00:32.439357: Step 80: Validation accuracy = 54.0% (N=100)
INFO:tensorflow:2019-10-09 18:00:32.990319: Step 90: Train accuracy = 72.0%
I1009 18:00:32.990362 4519421376 retrain.py:1082] 2019-10-09 18:00:32.990319: Step 90: Train accuracy = 72.0%
INFO:tensorflow:2019-10-09 18:00:32.990473: Step 90: Cross entropy = 0.540439
I1009 18:00:32.990483 4519421376 retrain.py:1084] 2019-10-09 18:00:32.990473: Step 90: Cross entropy = 0.540439
INFO:tensorflow:2019-10-09 18:00:33.046309: Step 90: Validation accuracy = 53.0% (N=100)
I1009 18:00:33.046355 4519421376 retrain.py:1100] 2019-10-09 18:00:33.046309: Step 90: Validation accuracy = 53.0% (N=100)
INFO:tensorflow:2019-10-09 18:00:33.596653: Step 100: Train accuracy = 82.0%
I1009 18:00:33.596698 4519421376 retrain.py:1082] 2019-10-09 18:00:33.596653: Step 100: Train accuracy = 82.0%
INFO:tensorflow:2019-10-09 18:00:33.596805: Step 100: Cross entropy = 0.519961
I1009 18:00:33.596815 4519421376 retrain.py:1084] 2019-10-09 18:00:33.596805: Step 100: Cross entropy = 0.519961
INFO:tensorflow:2019-10-09 18:00:33.653171: Step 100: Validation accuracy = 56.0% (N=100)
I1009 18:00:33.653218 4519421376 retrain.py:1100] 2019-10-09 18:00:33.653171: Step 100: Validation accuracy = 56.0% (N=100)
INFO:tensorflow:2019-10-09 18:00:34.203880: Step 110: Train accuracy = 72.0%
I1009 18:00:34.203922 4519421376 retrain.py:1082] 2019-10-09 18:00:34.203880: Step 110: Train accuracy = 72.0%
INFO:tensorflow:2019-10-09 18:00:34.204027: Step 110: Cross entropy = 0.526456
I1009 18:00:34.204037 4519421376 retrain.py:1084] 2019-10-09 18:00:34.204027: Step 110: Cross entropy = 0.526456
INFO:tensorflow:2019-10-09 18:00:34.259637: Step 110: Validation accuracy = 64.0% (N=100)
I1009 18:00:34.259685 4519421376 retrain.py:1100] 2019-10-09 18:00:34.259637: Step 110: Validation accuracy = 64.0% (N=100)
INFO:tensorflow:2019-10-09 18:00:34.809678: Step 120: Train accuracy = 82.0%
I1009 18:00:34.809726 4519421376 retrain.py:1082] 2019-10-09 18:00:34.809678: Step 120: Train accuracy = 82.0%
INFO:tensorflow:2019-10-09 18:00:34.809840: Step 120: Cross entropy = 0.452995
I1009 18:00:34.809851 4519421376 retrain.py:1084] 2019-10-09 18:00:34.809840: Step 120: Cross entropy = 0.452995
INFO:tensorflow:2019-10-09 18:00:34.865623: Step 120: Validation accuracy = 60.0% (N=100)
I1009 18:00:34.865668 4519421376 retrain.py:1100] 2019-10-09 18:00:34.865623: Step 120: Validation accuracy = 60.0% (N=100)
INFO:tensorflow:2019-10-09 18:00:35.415928: Step 130: Train accuracy = 78.0%
I1009 18:00:35.415984 4519421376 retrain.py:1082] 2019-10-09 18:00:35.415928: Step 130: Train accuracy = 78.0%
INFO:tensorflow:2019-10-09 18:00:35.416108: Step 130: Cross entropy = 0.478923
I1009 18:00:35.416117 4519421376 retrain.py:1084] 2019-10-09 18:00:35.416108: Step 130: Cross entropy = 0.478923
INFO:tensorflow:2019-10-09 18:00:35.472246: Step 130: Validation accuracy = 63.0% (N=100)
I1009 18:00:35.472293 4519421376 retrain.py:1100] 2019-10-09 18:00:35.472246: Step 130: Validation accuracy = 63.0% (N=100)
INFO:tensorflow:2019-10-09 18:00:36.023022: Step 140: Train accuracy = 82.0%
I1009 18:00:36.023066 4519421376 retrain.py:1082] 2019-10-09 18:00:36.023022: Step 140: Train accuracy = 82.0%
INFO:tensorflow:2019-10-09 18:00:36.023177: Step 140: Cross entropy = 0.471158
I1009 18:00:36.023186 4519421376 retrain.py:1084] 2019-10-09 18:00:36.023177: Step 140: Cross entropy = 0.471158
INFO:tensorflow:2019-10-09 18:00:36.078676: Step 140: Validation accuracy = 68.0% (N=100)
I1009 18:00:36.078724 4519421376 retrain.py:1100] 2019-10-09 18:00:36.078676: Step 140: Validation accuracy = 68.0% (N=100)
INFO:tensorflow:2019-10-09 18:00:36.629230: Step 150: Train accuracy = 84.0%
I1009 18:00:36.629274 4519421376 retrain.py:1082] 2019-10-09 18:00:36.629230: Step 150: Train accuracy = 84.0%
INFO:tensorflow:2019-10-09 18:00:36.629384: Step 150: Cross entropy = 0.482169
I1009 18:00:36.629393 4519421376 retrain.py:1084] 2019-10-09 18:00:36.629384: Step 150: Cross entropy = 0.482169
INFO:tensorflow:2019-10-09 18:00:36.685294: Step 150: Validation accuracy = 51.0% (N=100)
I1009 18:00:36.685340 4519421376 retrain.py:1100] 2019-10-09 18:00:36.685294: Step 150: Validation accuracy = 51.0% (N=100)
INFO:tensorflow:2019-10-09 18:00:37.235821: Step 160: Train accuracy = 85.0%
I1009 18:00:37.235865 4519421376 retrain.py:1082] 2019-10-09 18:00:37.235821: Step 160: Train accuracy = 85.0%
INFO:tensorflow:2019-10-09 18:00:37.235973: Step 160: Cross entropy = 0.485560
I1009 18:00:37.235983 4519421376 retrain.py:1084] 2019-10-09 18:00:37.235973: Step 160: Cross entropy = 0.485560
INFO:tensorflow:2019-10-09 18:00:37.292072: Step 160: Validation accuracy = 55.0% (N=100)
I1009 18:00:37.292119 4519421376 retrain.py:1100] 2019-10-09 18:00:37.292072: Step 160: Validation accuracy = 55.0% (N=100)
INFO:tensorflow:2019-10-09 18:00:37.842593: Step 170: Train accuracy = 85.0%
I1009 18:00:37.842637 4519421376 retrain.py:1082] 2019-10-09 18:00:37.842593: Step 170: Train accuracy = 85.0%
INFO:tensorflow:2019-10-09 18:00:37.842746: Step 170: Cross entropy = 0.516635
I1009 18:00:37.842757 4519421376 retrain.py:1084] 2019-10-09 18:00:37.842746: Step 170: Cross entropy = 0.516635
INFO:tensorflow:2019-10-09 18:00:37.898698: Step 170: Validation accuracy = 50.0% (N=100)
I1009 18:00:37.898751 4519421376 retrain.py:1100] 2019-10-09 18:00:37.898698: Step 170: Validation accuracy = 50.0% (N=100)
INFO:tensorflow:2019-10-09 18:00:38.449599: Step 180: Train accuracy = 81.0%
I1009 18:00:38.449642 4519421376 retrain.py:1082] 2019-10-09 18:00:38.449599: Step 180: Train accuracy = 81.0%
INFO:tensorflow:2019-10-09 18:00:38.449750: Step 180: Cross entropy = 0.511968
I1009 18:00:38.449760 4519421376 retrain.py:1084] 2019-10-09 18:00:38.449750: Step 180: Cross entropy = 0.511968
INFO:tensorflow:2019-10-09 18:00:38.505252: Step 180: Validation accuracy = 56.0% (N=100)
I1009 18:00:38.505300 4519421376 retrain.py:1100] 2019-10-09 18:00:38.505252: Step 180: Validation accuracy = 56.0% (N=100)
INFO:tensorflow:2019-10-09 18:00:39.055385: Step 190: Train accuracy = 90.0%
I1009 18:00:39.055429 4519421376 retrain.py:1082] 2019-10-09 18:00:39.055385: Step 190: Train accuracy = 90.0%
INFO:tensorflow:2019-10-09 18:00:39.055539: Step 190: Cross entropy = 0.377563
I1009 18:00:39.055549 4519421376 retrain.py:1084] 2019-10-09 18:00:39.055539: Step 190: Cross entropy = 0.377563
INFO:tensorflow:2019-10-09 18:00:39.111557: Step 190: Validation accuracy = 57.0% (N=100)
I1009 18:00:39.111603 4519421376 retrain.py:1100] 2019-10-09 18:00:39.111557: Step 190: Validation accuracy = 57.0% (N=100)
INFO:tensorflow:2019-10-09 18:00:39.662939: Step 200: Train accuracy = 86.0%
I1009 18:00:39.662982 4519421376 retrain.py:1082] 2019-10-09 18:00:39.662939: Step 200: Train accuracy = 86.0%
INFO:tensorflow:2019-10-09 18:00:39.663095: Step 200: Cross entropy = 0.442658
I1009 18:00:39.663107 4519421376 retrain.py:1084] 2019-10-09 18:00:39.663095: Step 200: Cross entropy = 0.442658
INFO:tensorflow:2019-10-09 18:00:39.718883: Step 200: Validation accuracy = 43.0% (N=100)
I1009 18:00:39.718930 4519421376 retrain.py:1100] 2019-10-09 18:00:39.718883: Step 200: Validation accuracy = 43.0% (N=100)
INFO:tensorflow:2019-10-09 18:00:40.271000: Step 210: Train accuracy = 81.0%
I1009 18:00:40.271045 4519421376 retrain.py:1082] 2019-10-09 18:00:40.271000: Step 210: Train accuracy = 81.0%
INFO:tensorflow:2019-10-09 18:00:40.271150: Step 210: Cross entropy = 0.459028
I1009 18:00:40.271161 4519421376 retrain.py:1084] 2019-10-09 18:00:40.271150: Step 210: Cross entropy = 0.459028
INFO:tensorflow:2019-10-09 18:00:40.327332: Step 210: Validation accuracy = 56.0% (N=100)
I1009 18:00:40.327378 4519421376 retrain.py:1100] 2019-10-09 18:00:40.327332: Step 210: Validation accuracy = 56.0% (N=100)
INFO:tensorflow:2019-10-09 18:00:40.878376: Step 220: Train accuracy = 85.0%
I1009 18:00:40.878419 4519421376 retrain.py:1082] 2019-10-09 18:00:40.878376: Step 220: Train accuracy = 85.0%
INFO:tensorflow:2019-10-09 18:00:40.878526: Step 220: Cross entropy = 0.414865
I1009 18:00:40.878535 4519421376 retrain.py:1084] 2019-10-09 18:00:40.878526: Step 220: Cross entropy = 0.414865
INFO:tensorflow:2019-10-09 18:00:40.934298: Step 220: Validation accuracy = 38.0% (N=100)
I1009 18:00:40.934342 4519421376 retrain.py:1100] 2019-10-09 18:00:40.934298: Step 220: Validation accuracy = 38.0% (N=100)
INFO:tensorflow:2019-10-09 18:00:41.486958: Step 230: Train accuracy = 84.0%
I1009 18:00:41.487002 4519421376 retrain.py:1082] 2019-10-09 18:00:41.486958: Step 230: Train accuracy = 84.0%
INFO:tensorflow:2019-10-09 18:00:41.487110: Step 230: Cross entropy = 0.449670
I1009 18:00:41.487134 4519421376 retrain.py:1084] 2019-10-09 18:00:41.487110: Step 230: Cross entropy = 0.449670
INFO:tensorflow:2019-10-09 18:00:41.543003: Step 230: Validation accuracy = 53.0% (N=100)
I1009 18:00:41.543051 4519421376 retrain.py:1100] 2019-10-09 18:00:41.543003: Step 230: Validation accuracy = 53.0% (N=100)
INFO:tensorflow:2019-10-09 18:00:42.093142: Step 240: Train accuracy = 87.0%
I1009 18:00:42.093186 4519421376 retrain.py:1082] 2019-10-09 18:00:42.093142: Step 240: Train accuracy = 87.0%
INFO:tensorflow:2019-10-09 18:00:42.093294: Step 240: Cross entropy = 0.436987
I1009 18:00:42.093304 4519421376 retrain.py:1084] 2019-10-09 18:00:42.093294: Step 240: Cross entropy = 0.436987
INFO:tensorflow:2019-10-09 18:00:42.149113: Step 240: Validation accuracy = 49.0% (N=100)
I1009 18:00:42.149158 4519421376 retrain.py:1100] 2019-10-09 18:00:42.149113: Step 240: Validation accuracy = 49.0% (N=100)
INFO:tensorflow:2019-10-09 18:00:42.701725: Step 250: Train accuracy = 90.0%
I1009 18:00:42.701770 4519421376 retrain.py:1082] 2019-10-09 18:00:42.701725: Step 250: Train accuracy = 90.0%
INFO:tensorflow:2019-10-09 18:00:42.701876: Step 250: Cross entropy = 0.373546
I1009 18:00:42.701886 4519421376 retrain.py:1084] 2019-10-09 18:00:42.701876: Step 250: Cross entropy = 0.373546
INFO:tensorflow:2019-10-09 18:00:42.758082: Step 250: Validation accuracy = 55.0% (N=100)
I1009 18:00:42.758131 4519421376 retrain.py:1100] 2019-10-09 18:00:42.758082: Step 250: Validation accuracy = 55.0% (N=100)
INFO:tensorflow:2019-10-09 18:00:43.309662: Step 260: Train accuracy = 82.0%
I1009 18:00:43.309705 4519421376 retrain.py:1082] 2019-10-09 18:00:43.309662: Step 260: Train accuracy = 82.0%
INFO:tensorflow:2019-10-09 18:00:43.309811: Step 260: Cross entropy = 0.472496
I1009 18:00:43.309820 4519421376 retrain.py:1084] 2019-10-09 18:00:43.309811: Step 260: Cross entropy = 0.472496
INFO:tensorflow:2019-10-09 18:00:43.365930: Step 260: Validation accuracy = 51.0% (N=100)
I1009 18:00:43.365973 4519421376 retrain.py:1100] 2019-10-09 18:00:43.365930: Step 260: Validation accuracy = 51.0% (N=100)
INFO:tensorflow:2019-10-09 18:00:43.920266: Step 270: Train accuracy = 89.0%
I1009 18:00:43.920310 4519421376 retrain.py:1082] 2019-10-09 18:00:43.920266: Step 270: Train accuracy = 89.0%
INFO:tensorflow:2019-10-09 18:00:43.920419: Step 270: Cross entropy = 0.402002
I1009 18:00:43.920444 4519421376 retrain.py:1084] 2019-10-09 18:00:43.920419: Step 270: Cross entropy = 0.402002
INFO:tensorflow:2019-10-09 18:00:43.976241: Step 270: Validation accuracy = 37.0% (N=100)
I1009 18:00:43.976288 4519421376 retrain.py:1100] 2019-10-09 18:00:43.976241: Step 270: Validation accuracy = 37.0% (N=100)
INFO:tensorflow:2019-10-09 18:00:44.529421: Step 280: Train accuracy = 83.0%
I1009 18:00:44.529466 4519421376 retrain.py:1082] 2019-10-09 18:00:44.529421: Step 280: Train accuracy = 83.0%
INFO:tensorflow:2019-10-09 18:00:44.529578: Step 280: Cross entropy = 0.431657
I1009 18:00:44.529588 4519421376 retrain.py:1084] 2019-10-09 18:00:44.529578: Step 280: Cross entropy = 0.431657
INFO:tensorflow:2019-10-09 18:00:44.585436: Step 280: Validation accuracy = 39.0% (N=100)
I1009 18:00:44.585484 4519421376 retrain.py:1100] 2019-10-09 18:00:44.585436: Step 280: Validation accuracy = 39.0% (N=100)
INFO:tensorflow:2019-10-09 18:00:45.137531: Step 290: Train accuracy = 88.0%
I1009 18:00:45.137574 4519421376 retrain.py:1082] 2019-10-09 18:00:45.137531: Step 290: Train accuracy = 88.0%
INFO:tensorflow:2019-10-09 18:00:45.137685: Step 290: Cross entropy = 0.389908
I1009 18:00:45.137695 4519421376 retrain.py:1084] 2019-10-09 18:00:45.137685: Step 290: Cross entropy = 0.389908
INFO:tensorflow:2019-10-09 18:00:45.193303: Step 290: Validation accuracy = 57.0% (N=100)
I1009 18:00:45.193351 4519421376 retrain.py:1100] 2019-10-09 18:00:45.193303: Step 290: Validation accuracy = 57.0% (N=100)
INFO:tensorflow:2019-10-09 18:00:45.746562: Step 300: Train accuracy = 87.0%
I1009 18:00:45.746605 4519421376 retrain.py:1082] 2019-10-09 18:00:45.746562: Step 300: Train accuracy = 87.0%
INFO:tensorflow:2019-10-09 18:00:45.746713: Step 300: Cross entropy = 0.378957
I1009 18:00:45.746724 4519421376 retrain.py:1084] 2019-10-09 18:00:45.746713: Step 300: Cross entropy = 0.378957
INFO:tensorflow:2019-10-09 18:00:45.802238: Step 300: Validation accuracy = 46.0% (N=100)
I1009 18:00:45.802286 4519421376 retrain.py:1100] 2019-10-09 18:00:45.802238: Step 300: Validation accuracy = 46.0% (N=100)
INFO:tensorflow:2019-10-09 18:00:46.353995: Step 310: Train accuracy = 87.0%
I1009 18:00:46.354041 4519421376 retrain.py:1082] 2019-10-09 18:00:46.353995: Step 310: Train accuracy = 87.0%
INFO:tensorflow:2019-10-09 18:00:46.354149: Step 310: Cross entropy = 0.397701
I1009 18:00:46.354160 4519421376 retrain.py:1084] 2019-10-09 18:00:46.354149: Step 310: Cross entropy = 0.397701
INFO:tensorflow:2019-10-09 18:00:46.410203: Step 310: Validation accuracy = 48.0% (N=100)
I1009 18:00:46.410250 4519421376 retrain.py:1100] 2019-10-09 18:00:46.410203: Step 310: Validation accuracy = 48.0% (N=100)
INFO:tensorflow:2019-10-09 18:00:46.961141: Step 320: Train accuracy = 88.0%
I1009 18:00:46.961185 4519421376 retrain.py:1082] 2019-10-09 18:00:46.961141: Step 320: Train accuracy = 88.0%
INFO:tensorflow:2019-10-09 18:00:46.961293: Step 320: Cross entropy = 0.407294
I1009 18:00:46.961303 4519421376 retrain.py:1084] 2019-10-09 18:00:46.961293: Step 320: Cross entropy = 0.407294
INFO:tensorflow:2019-10-09 18:00:47.017532: Step 320: Validation accuracy = 47.0% (N=100)
I1009 18:00:47.017579 4519421376 retrain.py:1100] 2019-10-09 18:00:47.017532: Step 320: Validation accuracy = 47.0% (N=100)
INFO:tensorflow:2019-10-09 18:00:47.570707: Step 330: Train accuracy = 88.0%
I1009 18:00:47.570750 4519421376 retrain.py:1082] 2019-10-09 18:00:47.570707: Step 330: Train accuracy = 88.0%
INFO:tensorflow:2019-10-09 18:00:47.570860: Step 330: Cross entropy = 0.385721
I1009 18:00:47.570871 4519421376 retrain.py:1084] 2019-10-09 18:00:47.570860: Step 330: Cross entropy = 0.385721
INFO:tensorflow:2019-10-09 18:00:47.627200: Step 330: Validation accuracy = 56.0% (N=100)
I1009 18:00:47.627249 4519421376 retrain.py:1100] 2019-10-09 18:00:47.627200: Step 330: Validation accuracy = 56.0% (N=100)
INFO:tensorflow:2019-10-09 18:00:48.180324: Step 340: Train accuracy = 93.0%
I1009 18:00:48.180366 4519421376 retrain.py:1082] 2019-10-09 18:00:48.180324: Step 340: Train accuracy = 93.0%
INFO:tensorflow:2019-10-09 18:00:48.180474: Step 340: Cross entropy = 0.358992
I1009 18:00:48.180485 4519421376 retrain.py:1084] 2019-10-09 18:00:48.180474: Step 340: Cross entropy = 0.358992
INFO:tensorflow:2019-10-09 18:00:48.236668: Step 340: Validation accuracy = 54.0% (N=100)
I1009 18:00:48.236716 4519421376 retrain.py:1100] 2019-10-09 18:00:48.236668: Step 340: Validation accuracy = 54.0% (N=100)
INFO:tensorflow:2019-10-09 18:00:48.787383: Step 350: Train accuracy = 93.0%
I1009 18:00:48.787427 4519421376 retrain.py:1082] 2019-10-09 18:00:48.787383: Step 350: Train accuracy = 93.0%
INFO:tensorflow:2019-10-09 18:00:48.787533: Step 350: Cross entropy = 0.309390
I1009 18:00:48.787543 4519421376 retrain.py:1084] 2019-10-09 18:00:48.787533: Step 350: Cross entropy = 0.309390
INFO:tensorflow:2019-10-09 18:00:48.844348: Step 350: Validation accuracy = 39.0% (N=100)
I1009 18:00:48.844394 4519421376 retrain.py:1100] 2019-10-09 18:00:48.844348: Step 350: Validation accuracy = 39.0% (N=100)
INFO:tensorflow:2019-10-09 18:00:49.393451: Step 360: Train accuracy = 88.0%
I1009 18:00:49.393496 4519421376 retrain.py:1082] 2019-10-09 18:00:49.393451: Step 360: Train accuracy = 88.0%
INFO:tensorflow:2019-10-09 18:00:49.393605: Step 360: Cross entropy = 0.379351
I1009 18:00:49.393616 4519421376 retrain.py:1084] 2019-10-09 18:00:49.393605: Step 360: Cross entropy = 0.379351
INFO:tensorflow:2019-10-09 18:00:49.449551: Step 360: Validation accuracy = 42.0% (N=100)
I1009 18:00:49.449596 4519421376 retrain.py:1100] 2019-10-09 18:00:49.449551: Step 360: Validation accuracy = 42.0% (N=100)
INFO:tensorflow:2019-10-09 18:00:50.000651: Step 370: Train accuracy = 92.0%
I1009 18:00:50.000696 4519421376 retrain.py:1082] 2019-10-09 18:00:50.000651: Step 370: Train accuracy = 92.0%
INFO:tensorflow:2019-10-09 18:00:50.000804: Step 370: Cross entropy = 0.391408
I1009 18:00:50.000816 4519421376 retrain.py:1084] 2019-10-09 18:00:50.000804: Step 370: Cross entropy = 0.391408
INFO:tensorflow:2019-10-09 18:00:50.056669: Step 370: Validation accuracy = 42.0% (N=100)
I1009 18:00:50.056717 4519421376 retrain.py:1100] 2019-10-09 18:00:50.056669: Step 370: Validation accuracy = 42.0% (N=100)
INFO:tensorflow:2019-10-09 18:00:50.608523: Step 380: Train accuracy = 89.0%
I1009 18:00:50.608566 4519421376 retrain.py:1082] 2019-10-09 18:00:50.608523: Step 380: Train accuracy = 89.0%
INFO:tensorflow:2019-10-09 18:00:50.608695: Step 380: Cross entropy = 0.363256
I1009 18:00:50.608725 4519421376 retrain.py:1084] 2019-10-09 18:00:50.608695: Step 380: Cross entropy = 0.363256
INFO:tensorflow:2019-10-09 18:00:50.664579: Step 380: Validation accuracy = 60.0% (N=100)
I1009 18:00:50.664626 4519421376 retrain.py:1100] 2019-10-09 18:00:50.664579: Step 380: Validation accuracy = 60.0% (N=100)
INFO:tensorflow:2019-10-09 18:00:51.216161: Step 390: Train accuracy = 90.0%
I1009 18:00:51.216217 4519421376 retrain.py:1082] 2019-10-09 18:00:51.216161: Step 390: Train accuracy = 90.0%
INFO:tensorflow:2019-10-09 18:00:51.216339: Step 390: Cross entropy = 0.336510
I1009 18:00:51.216348 4519421376 retrain.py:1084] 2019-10-09 18:00:51.216339: Step 390: Cross entropy = 0.336510
INFO:tensorflow:2019-10-09 18:00:51.271969: Step 390: Validation accuracy = 64.0% (N=100)
I1009 18:00:51.272015 4519421376 retrain.py:1100] 2019-10-09 18:00:51.271969: Step 390: Validation accuracy = 64.0% (N=100)
INFO:tensorflow:2019-10-09 18:00:51.824380: Step 400: Train accuracy = 90.0%
I1009 18:00:51.824424 4519421376 retrain.py:1082] 2019-10-09 18:00:51.824380: Step 400: Train accuracy = 90.0%
INFO:tensorflow:2019-10-09 18:00:51.824531: Step 400: Cross entropy = 0.356503
I1009 18:00:51.824540 4519421376 retrain.py:1084] 2019-10-09 18:00:51.824531: Step 400: Cross entropy = 0.356503
INFO:tensorflow:2019-10-09 18:00:51.880043: Step 400: Validation accuracy = 44.0% (N=100)
I1009 18:00:51.880090 4519421376 retrain.py:1100] 2019-10-09 18:00:51.880043: Step 400: Validation accuracy = 44.0% (N=100)
INFO:tensorflow:2019-10-09 18:00:52.431770: Step 410: Train accuracy = 91.0%
I1009 18:00:52.431813 4519421376 retrain.py:1082] 2019-10-09 18:00:52.431770: Step 410: Train accuracy = 91.0%
INFO:tensorflow:2019-10-09 18:00:52.431922: Step 410: Cross entropy = 0.368793
I1009 18:00:52.431932 4519421376 retrain.py:1084] 2019-10-09 18:00:52.431922: Step 410: Cross entropy = 0.368793
INFO:tensorflow:2019-10-09 18:00:52.487880: Step 410: Validation accuracy = 53.0% (N=100)
I1009 18:00:52.487926 4519421376 retrain.py:1100] 2019-10-09 18:00:52.487880: Step 410: Validation accuracy = 53.0% (N=100)
INFO:tensorflow:2019-10-09 18:00:53.038974: Step 420: Train accuracy = 86.0%
I1009 18:00:53.039019 4519421376 retrain.py:1082] 2019-10-09 18:00:53.038974: Step 420: Train accuracy = 86.0%
INFO:tensorflow:2019-10-09 18:00:53.039129: Step 420: Cross entropy = 0.397161
I1009 18:00:53.039139 4519421376 retrain.py:1084] 2019-10-09 18:00:53.039129: Step 420: Cross entropy = 0.397161
INFO:tensorflow:2019-10-09 18:00:53.095223: Step 420: Validation accuracy = 40.0% (N=100)
I1009 18:00:53.095270 4519421376 retrain.py:1100] 2019-10-09 18:00:53.095223: Step 420: Validation accuracy = 40.0% (N=100)
INFO:tensorflow:2019-10-09 18:00:53.646072: Step 430: Train accuracy = 90.0%
I1009 18:00:53.646117 4519421376 retrain.py:1082] 2019-10-09 18:00:53.646072: Step 430: Train accuracy = 90.0%
INFO:tensorflow:2019-10-09 18:00:53.646235: Step 430: Cross entropy = 0.330793
I1009 18:00:53.646245 4519421376 retrain.py:1084] 2019-10-09 18:00:53.646235: Step 430: Cross entropy = 0.330793
INFO:tensorflow:2019-10-09 18:00:53.702388: Step 430: Validation accuracy = 54.0% (N=100)
I1009 18:00:53.702436 4519421376 retrain.py:1100] 2019-10-09 18:00:53.702388: Step 430: Validation accuracy = 54.0% (N=100)
INFO:tensorflow:2019-10-09 18:00:54.254217: Step 440: Train accuracy = 89.0%
I1009 18:00:54.254262 4519421376 retrain.py:1082] 2019-10-09 18:00:54.254217: Step 440: Train accuracy = 89.0%
INFO:tensorflow:2019-10-09 18:00:54.254381: Step 440: Cross entropy = 0.346648
I1009 18:00:54.254394 4519421376 retrain.py:1084] 2019-10-09 18:00:54.254381: Step 440: Cross entropy = 0.346648
INFO:tensorflow:2019-10-09 18:00:54.309779: Step 440: Validation accuracy = 58.0% (N=100)
I1009 18:00:54.309827 4519421376 retrain.py:1100] 2019-10-09 18:00:54.309779: Step 440: Validation accuracy = 58.0% (N=100)
INFO:tensorflow:2019-10-09 18:00:54.861641: Step 450: Train accuracy = 90.0%
I1009 18:00:54.861685 4519421376 retrain.py:1082] 2019-10-09 18:00:54.861641: Step 450: Train accuracy = 90.0%
INFO:tensorflow:2019-10-09 18:00:54.861795: Step 450: Cross entropy = 0.366700
I1009 18:00:54.861804 4519421376 retrain.py:1084] 2019-10-09 18:00:54.861795: Step 450: Cross entropy = 0.366700
INFO:tensorflow:2019-10-09 18:00:54.918039: Step 450: Validation accuracy = 38.0% (N=100)
I1009 18:00:54.918087 4519421376 retrain.py:1100] 2019-10-09 18:00:54.918039: Step 450: Validation accuracy = 38.0% (N=100)
INFO:tensorflow:2019-10-09 18:00:55.469278: Step 460: Train accuracy = 91.0%
I1009 18:00:55.469326 4519421376 retrain.py:1082] 2019-10-09 18:00:55.469278: Step 460: Train accuracy = 91.0%
INFO:tensorflow:2019-10-09 18:00:55.469435: Step 460: Cross entropy = 0.304948
I1009 18:00:55.469445 4519421376 retrain.py:1084] 2019-10-09 18:00:55.469435: Step 460: Cross entropy = 0.304948
INFO:tensorflow:2019-10-09 18:00:55.525546: Step 460: Validation accuracy = 48.0% (N=100)
I1009 18:00:55.525593 4519421376 retrain.py:1100] 2019-10-09 18:00:55.525546: Step 460: Validation accuracy = 48.0% (N=100)
INFO:tensorflow:2019-10-09 18:00:56.076977: Step 470: Train accuracy = 92.0%
I1009 18:00:56.077023 4519421376 retrain.py:1082] 2019-10-09 18:00:56.076977: Step 470: Train accuracy = 92.0%
INFO:tensorflow:2019-10-09 18:00:56.077133: Step 470: Cross entropy = 0.323806
I1009 18:00:56.077142 4519421376 retrain.py:1084] 2019-10-09 18:00:56.077133: Step 470: Cross entropy = 0.323806
INFO:tensorflow:2019-10-09 18:00:56.133434: Step 470: Validation accuracy = 45.0% (N=100)
I1009 18:00:56.133481 4519421376 retrain.py:1100] 2019-10-09 18:00:56.133434: Step 470: Validation accuracy = 45.0% (N=100)
INFO:tensorflow:2019-10-09 18:00:56.684483: Step 480: Train accuracy = 93.0%
I1009 18:00:56.684528 4519421376 retrain.py:1082] 2019-10-09 18:00:56.684483: Step 480: Train accuracy = 93.0%
INFO:tensorflow:2019-10-09 18:00:56.684636: Step 480: Cross entropy = 0.317235
I1009 18:00:56.684646 4519421376 retrain.py:1084] 2019-10-09 18:00:56.684636: Step 480: Cross entropy = 0.317235
INFO:tensorflow:2019-10-09 18:00:56.740513: Step 480: Validation accuracy = 28.0% (N=100)
I1009 18:00:56.740559 4519421376 retrain.py:1100] 2019-10-09 18:00:56.740513: Step 480: Validation accuracy = 28.0% (N=100)
INFO:tensorflow:2019-10-09 18:00:57.291733: Step 490: Train accuracy = 92.0%
I1009 18:00:57.291779 4519421376 retrain.py:1082] 2019-10-09 18:00:57.291733: Step 490: Train accuracy = 92.0%
INFO:tensorflow:2019-10-09 18:00:57.291888: Step 490: Cross entropy = 0.333235
I1009 18:00:57.291898 4519421376 retrain.py:1084] 2019-10-09 18:00:57.291888: Step 490: Cross entropy = 0.333235
INFO:tensorflow:2019-10-09 18:00:57.347839: Step 490: Validation accuracy = 43.0% (N=100)
I1009 18:00:57.347887 4519421376 retrain.py:1100] 2019-10-09 18:00:57.347839: Step 490: Validation accuracy = 43.0% (N=100)
INFO:tensorflow:2019-10-09 18:00:57.898985: Step 500: Train accuracy = 87.0%
I1009 18:00:57.899026 4519421376 retrain.py:1082] 2019-10-09 18:00:57.898985: Step 500: Train accuracy = 87.0%
INFO:tensorflow:2019-10-09 18:00:57.899132: Step 500: Cross entropy = 0.380924
I1009 18:00:57.899141 4519421376 retrain.py:1084] 2019-10-09 18:00:57.899132: Step 500: Cross entropy = 0.380924
INFO:tensorflow:2019-10-09 18:00:57.955112: Step 500: Validation accuracy = 40.0% (N=100)
I1009 18:00:57.955160 4519421376 retrain.py:1100] 2019-10-09 18:00:57.955112: Step 500: Validation accuracy = 40.0% (N=100)
INFO:tensorflow:2019-10-09 18:00:58.508412: Step 510: Train accuracy = 92.0%
I1009 18:00:58.508456 4519421376 retrain.py:1082] 2019-10-09 18:00:58.508412: Step 510: Train accuracy = 92.0%
INFO:tensorflow:2019-10-09 18:00:58.508566: Step 510: Cross entropy = 0.349512
I1009 18:00:58.508578 4519421376 retrain.py:1084] 2019-10-09 18:00:58.508566: Step 510: Cross entropy = 0.349512
INFO:tensorflow:2019-10-09 18:00:58.564006: Step 510: Validation accuracy = 43.0% (N=100)
I1009 18:00:58.564050 4519421376 retrain.py:1100] 2019-10-09 18:00:58.564006: Step 510: Validation accuracy = 43.0% (N=100)
INFO:tensorflow:2019-10-09 18:00:59.115076: Step 520: Train accuracy = 91.0%
I1009 18:00:59.115121 4519421376 retrain.py:1082] 2019-10-09 18:00:59.115076: Step 520: Train accuracy = 91.0%
INFO:tensorflow:2019-10-09 18:00:59.115231: Step 520: Cross entropy = 0.335613
I1009 18:00:59.115241 4519421376 retrain.py:1084] 2019-10-09 18:00:59.115231: Step 520: Cross entropy = 0.335613
INFO:tensorflow:2019-10-09 18:00:59.171025: Step 520: Validation accuracy = 37.0% (N=100)
I1009 18:00:59.171072 4519421376 retrain.py:1100] 2019-10-09 18:00:59.171025: Step 520: Validation accuracy = 37.0% (N=100)
INFO:tensorflow:2019-10-09 18:00:59.723677: Step 530: Train accuracy = 93.0%
I1009 18:00:59.723721 4519421376 retrain.py:1082] 2019-10-09 18:00:59.723677: Step 530: Train accuracy = 93.0%
INFO:tensorflow:2019-10-09 18:00:59.723829: Step 530: Cross entropy = 0.320140
I1009 18:00:59.723839 4519421376 retrain.py:1084] 2019-10-09 18:00:59.723829: Step 530: Cross entropy = 0.320140
INFO:tensorflow:2019-10-09 18:00:59.780009: Step 530: Validation accuracy = 40.0% (N=100)
I1009 18:00:59.780055 4519421376 retrain.py:1100] 2019-10-09 18:00:59.780009: Step 530: Validation accuracy = 40.0% (N=100)
INFO:tensorflow:2019-10-09 18:01:00.332885: Step 540: Train accuracy = 87.0%
I1009 18:01:00.332931 4519421376 retrain.py:1082] 2019-10-09 18:01:00.332885: Step 540: Train accuracy = 87.0%
INFO:tensorflow:2019-10-09 18:01:00.333039: Step 540: Cross entropy = 0.342228
I1009 18:01:00.333049 4519421376 retrain.py:1084] 2019-10-09 18:01:00.333039: Step 540: Cross entropy = 0.342228
INFO:tensorflow:2019-10-09 18:01:00.388985: Step 540: Validation accuracy = 49.0% (N=100)
I1009 18:01:00.389033 4519421376 retrain.py:1100] 2019-10-09 18:01:00.388985: Step 540: Validation accuracy = 49.0% (N=100)
INFO:tensorflow:2019-10-09 18:01:00.941357: Step 550: Train accuracy = 92.0%
I1009 18:01:00.941402 4519421376 retrain.py:1082] 2019-10-09 18:01:00.941357: Step 550: Train accuracy = 92.0%
INFO:tensorflow:2019-10-09 18:01:00.941511: Step 550: Cross entropy = 0.342972
I1009 18:01:00.941522 4519421376 retrain.py:1084] 2019-10-09 18:01:00.941511: Step 550: Cross entropy = 0.342972
INFO:tensorflow:2019-10-09 18:01:00.997088: Step 550: Validation accuracy = 42.0% (N=100)
I1009 18:01:00.997135 4519421376 retrain.py:1100] 2019-10-09 18:01:00.997088: Step 550: Validation accuracy = 42.0% (N=100)
INFO:tensorflow:2019-10-09 18:01:01.548733: Step 560: Train accuracy = 95.0%
I1009 18:01:01.548776 4519421376 retrain.py:1082] 2019-10-09 18:01:01.548733: Step 560: Train accuracy = 95.0%
INFO:tensorflow:2019-10-09 18:01:01.548886: Step 560: Cross entropy = 0.312409
I1009 18:01:01.548896 4519421376 retrain.py:1084] 2019-10-09 18:01:01.548886: Step 560: Cross entropy = 0.312409
INFO:tensorflow:2019-10-09 18:01:01.604853: Step 560: Validation accuracy = 39.0% (N=100)
I1009 18:01:01.604900 4519421376 retrain.py:1100] 2019-10-09 18:01:01.604853: Step 560: Validation accuracy = 39.0% (N=100)
INFO:tensorflow:2019-10-09 18:01:02.160092: Step 570: Train accuracy = 89.0%
I1009 18:01:02.160135 4519421376 retrain.py:1082] 2019-10-09 18:01:02.160092: Step 570: Train accuracy = 89.0%
INFO:tensorflow:2019-10-09 18:01:02.160246: Step 570: Cross entropy = 0.342057
I1009 18:01:02.160257 4519421376 retrain.py:1084] 2019-10-09 18:01:02.160246: Step 570: Cross entropy = 0.342057
INFO:tensorflow:2019-10-09 18:01:02.216892: Step 570: Validation accuracy = 58.0% (N=100)
I1009 18:01:02.216945 4519421376 retrain.py:1100] 2019-10-09 18:01:02.216892: Step 570: Validation accuracy = 58.0% (N=100)
INFO:tensorflow:2019-10-09 18:01:02.775040: Step 580: Train accuracy = 92.0%
I1009 18:01:02.775084 4519421376 retrain.py:1082] 2019-10-09 18:01:02.775040: Step 580: Train accuracy = 92.0%
INFO:tensorflow:2019-10-09 18:01:02.775195: Step 580: Cross entropy = 0.325802
I1009 18:01:02.775205 4519421376 retrain.py:1084] 2019-10-09 18:01:02.775195: Step 580: Cross entropy = 0.325802
INFO:tensorflow:2019-10-09 18:01:02.831932: Step 580: Validation accuracy = 41.0% (N=100)
I1009 18:01:02.831979 4519421376 retrain.py:1100] 2019-10-09 18:01:02.831932: Step 580: Validation accuracy = 41.0% (N=100)
INFO:tensorflow:2019-10-09 18:01:03.391374: Step 590: Train accuracy = 91.0%
I1009 18:01:03.391418 4519421376 retrain.py:1082] 2019-10-09 18:01:03.391374: Step 590: Train accuracy = 91.0%
INFO:tensorflow:2019-10-09 18:01:03.391528: Step 590: Cross entropy = 0.318141
I1009 18:01:03.391538 4519421376 retrain.py:1084] 2019-10-09 18:01:03.391528: Step 590: Cross entropy = 0.318141
INFO:tensorflow:2019-10-09 18:01:03.447682: Step 590: Validation accuracy = 41.0% (N=100)
I1009 18:01:03.447731 4519421376 retrain.py:1100] 2019-10-09 18:01:03.447682: Step 590: Validation accuracy = 41.0% (N=100)
INFO:tensorflow:2019-10-09 18:01:04.000980: Step 600: Train accuracy = 93.0%
I1009 18:01:04.001024 4519421376 retrain.py:1082] 2019-10-09 18:01:04.000980: Step 600: Train accuracy = 93.0%
INFO:tensorflow:2019-10-09 18:01:04.001132: Step 600: Cross entropy = 0.284845
I1009 18:01:04.001142 4519421376 retrain.py:1084] 2019-10-09 18:01:04.001132: Step 600: Cross entropy = 0.284845
INFO:tensorflow:2019-10-09 18:01:04.057138: Step 600: Validation accuracy = 40.0% (N=100)
I1009 18:01:04.057183 4519421376 retrain.py:1100] 2019-10-09 18:01:04.057138: Step 600: Validation accuracy = 40.0% (N=100)
INFO:tensorflow:2019-10-09 18:01:04.609736: Step 610: Train accuracy = 91.0%
I1009 18:01:04.609782 4519421376 retrain.py:1082] 2019-10-09 18:01:04.609736: Step 610: Train accuracy = 91.0%
INFO:tensorflow:2019-10-09 18:01:04.609893: Step 610: Cross entropy = 0.313875
I1009 18:01:04.609904 4519421376 retrain.py:1084] 2019-10-09 18:01:04.609893: Step 610: Cross entropy = 0.313875
INFO:tensorflow:2019-10-09 18:01:04.665847: Step 610: Validation accuracy = 38.0% (N=100)
I1009 18:01:04.665894 4519421376 retrain.py:1100] 2019-10-09 18:01:04.665847: Step 610: Validation accuracy = 38.0% (N=100)
INFO:tensorflow:2019-10-09 18:01:05.222571: Step 620: Train accuracy = 92.0%
I1009 18:01:05.222615 4519421376 retrain.py:1082] 2019-10-09 18:01:05.222571: Step 620: Train accuracy = 92.0%
INFO:tensorflow:2019-10-09 18:01:05.222724: Step 620: Cross entropy = 0.317614
I1009 18:01:05.222733 4519421376 retrain.py:1084] 2019-10-09 18:01:05.222724: Step 620: Cross entropy = 0.317614
INFO:tensorflow:2019-10-09 18:01:05.278762: Step 620: Validation accuracy = 38.0% (N=100)
I1009 18:01:05.278808 4519421376 retrain.py:1100] 2019-10-09 18:01:05.278762: Step 620: Validation accuracy = 38.0% (N=100)
INFO:tensorflow:2019-10-09 18:01:05.830897: Step 630: Train accuracy = 96.0%
I1009 18:01:05.830940 4519421376 retrain.py:1082] 2019-10-09 18:01:05.830897: Step 630: Train accuracy = 96.0%
INFO:tensorflow:2019-10-09 18:01:05.831058: Step 630: Cross entropy = 0.291271
I1009 18:01:05.831090 4519421376 retrain.py:1084] 2019-10-09 18:01:05.831058: Step 630: Cross entropy = 0.291271
INFO:tensorflow:2019-10-09 18:01:05.886989: Step 630: Validation accuracy = 42.0% (N=100)
I1009 18:01:05.887035 4519421376 retrain.py:1100] 2019-10-09 18:01:05.886989: Step 630: Validation accuracy = 42.0% (N=100)
INFO:tensorflow:2019-10-09 18:01:06.439337: Step 640: Train accuracy = 90.0%
I1009 18:01:06.439380 4519421376 retrain.py:1082] 2019-10-09 18:01:06.439337: Step 640: Train accuracy = 90.0%
INFO:tensorflow:2019-10-09 18:01:06.439490: Step 640: Cross entropy = 0.312975
I1009 18:01:06.439500 4519421376 retrain.py:1084] 2019-10-09 18:01:06.439490: Step 640: Cross entropy = 0.312975
INFO:tensorflow:2019-10-09 18:01:06.495560: Step 640: Validation accuracy = 43.0% (N=100)
I1009 18:01:06.495609 4519421376 retrain.py:1100] 2019-10-09 18:01:06.495560: Step 640: Validation accuracy = 43.0% (N=100)
INFO:tensorflow:2019-10-09 18:01:07.047747: Step 650: Train accuracy = 89.0%
I1009 18:01:07.047790 4519421376 retrain.py:1082] 2019-10-09 18:01:07.047747: Step 650: Train accuracy = 89.0%
INFO:tensorflow:2019-10-09 18:01:07.047898: Step 650: Cross entropy = 0.333456
I1009 18:01:07.047909 4519421376 retrain.py:1084] 2019-10-09 18:01:07.047898: Step 650: Cross entropy = 0.333456
INFO:tensorflow:2019-10-09 18:01:07.103482: Step 650: Validation accuracy = 39.0% (N=100)
I1009 18:01:07.103529 4519421376 retrain.py:1100] 2019-10-09 18:01:07.103482: Step 650: Validation accuracy = 39.0% (N=100)
INFO:tensorflow:2019-10-09 18:01:07.655176: Step 660: Train accuracy = 92.0%
I1009 18:01:07.655218 4519421376 retrain.py:1082] 2019-10-09 18:01:07.655176: Step 660: Train accuracy = 92.0%
INFO:tensorflow:2019-10-09 18:01:07.655327: Step 660: Cross entropy = 0.296710
I1009 18:01:07.655336 4519421376 retrain.py:1084] 2019-10-09 18:01:07.655327: Step 660: Cross entropy = 0.296710
INFO:tensorflow:2019-10-09 18:01:07.710973: Step 660: Validation accuracy = 43.0% (N=100)
I1009 18:01:07.711023 4519421376 retrain.py:1100] 2019-10-09 18:01:07.710973: Step 660: Validation accuracy = 43.0% (N=100)
INFO:tensorflow:2019-10-09 18:01:08.264068: Step 670: Train accuracy = 97.0%
I1009 18:01:08.264112 4519421376 retrain.py:1082] 2019-10-09 18:01:08.264068: Step 670: Train accuracy = 97.0%
INFO:tensorflow:2019-10-09 18:01:08.264220: Step 670: Cross entropy = 0.275844
I1009 18:01:08.264230 4519421376 retrain.py:1084] 2019-10-09 18:01:08.264220: Step 670: Cross entropy = 0.275844
INFO:tensorflow:2019-10-09 18:01:08.320381: Step 670: Validation accuracy = 28.0% (N=100)
I1009 18:01:08.320426 4519421376 retrain.py:1100] 2019-10-09 18:01:08.320381: Step 670: Validation accuracy = 28.0% (N=100)
INFO:tensorflow:2019-10-09 18:01:08.874449: Step 680: Train accuracy = 95.0%
I1009 18:01:08.874493 4519421376 retrain.py:1082] 2019-10-09 18:01:08.874449: Step 680: Train accuracy = 95.0%
INFO:tensorflow:2019-10-09 18:01:08.874604: Step 680: Cross entropy = 0.275668
I1009 18:01:08.874614 4519421376 retrain.py:1084] 2019-10-09 18:01:08.874604: Step 680: Cross entropy = 0.275668
INFO:tensorflow:2019-10-09 18:01:08.930627: Step 680: Validation accuracy = 49.0% (N=100)
I1009 18:01:08.930675 4519421376 retrain.py:1100] 2019-10-09 18:01:08.930627: Step 680: Validation accuracy = 49.0% (N=100)
INFO:tensorflow:2019-10-09 18:01:09.483206: Step 690: Train accuracy = 95.0%
I1009 18:01:09.483250 4519421376 retrain.py:1082] 2019-10-09 18:01:09.483206: Step 690: Train accuracy = 95.0%
INFO:tensorflow:2019-10-09 18:01:09.483357: Step 690: Cross entropy = 0.317528
I1009 18:01:09.483366 4519421376 retrain.py:1084] 2019-10-09 18:01:09.483357: Step 690: Cross entropy = 0.317528
INFO:tensorflow:2019-10-09 18:01:09.539439: Step 690: Validation accuracy = 36.0% (N=100)
I1009 18:01:09.539486 4519421376 retrain.py:1100] 2019-10-09 18:01:09.539439: Step 690: Validation accuracy = 36.0% (N=100)
INFO:tensorflow:2019-10-09 18:01:10.091612: Step 700: Train accuracy = 93.0%
I1009 18:01:10.091656 4519421376 retrain.py:1082] 2019-10-09 18:01:10.091612: Step 700: Train accuracy = 93.0%
INFO:tensorflow:2019-10-09 18:01:10.091766: Step 700: Cross entropy = 0.305410
I1009 18:01:10.091775 4519421376 retrain.py:1084] 2019-10-09 18:01:10.091766: Step 700: Cross entropy = 0.305410
INFO:tensorflow:2019-10-09 18:01:10.148048: Step 700: Validation accuracy = 45.0% (N=100)
I1009 18:01:10.148097 4519421376 retrain.py:1100] 2019-10-09 18:01:10.148048: Step 700: Validation accuracy = 45.0% (N=100)
INFO:tensorflow:2019-10-09 18:01:10.699740: Step 710: Train accuracy = 93.0%
I1009 18:01:10.699784 4519421376 retrain.py:1082] 2019-10-09 18:01:10.699740: Step 710: Train accuracy = 93.0%
INFO:tensorflow:2019-10-09 18:01:10.699892: Step 710: Cross entropy = 0.314728
I1009 18:01:10.699903 4519421376 retrain.py:1084] 2019-10-09 18:01:10.699892: Step 710: Cross entropy = 0.314728
INFO:tensorflow:2019-10-09 18:01:10.755826: Step 710: Validation accuracy = 42.0% (N=100)
I1009 18:01:10.755875 4519421376 retrain.py:1100] 2019-10-09 18:01:10.755826: Step 710: Validation accuracy = 42.0% (N=100)
INFO:tensorflow:2019-10-09 18:01:11.308050: Step 720: Train accuracy = 95.0%
I1009 18:01:11.308094 4519421376 retrain.py:1082] 2019-10-09 18:01:11.308050: Step 720: Train accuracy = 95.0%
INFO:tensorflow:2019-10-09 18:01:11.308203: Step 720: Cross entropy = 0.273639
I1009 18:01:11.308213 4519421376 retrain.py:1084] 2019-10-09 18:01:11.308203: Step 720: Cross entropy = 0.273639
INFO:tensorflow:2019-10-09 18:01:11.364441: Step 720: Validation accuracy = 44.0% (N=100)
I1009 18:01:11.364487 4519421376 retrain.py:1100] 2019-10-09 18:01:11.364441: Step 720: Validation accuracy = 44.0% (N=100)
INFO:tensorflow:2019-10-09 18:01:11.917302: Step 730: Train accuracy = 93.0%
I1009 18:01:11.917358 4519421376 retrain.py:1082] 2019-10-09 18:01:11.917302: Step 730: Train accuracy = 93.0%
INFO:tensorflow:2019-10-09 18:01:11.917492: Step 730: Cross entropy = 0.300910
I1009 18:01:11.917502 4519421376 retrain.py:1084] 2019-10-09 18:01:11.917492: Step 730: Cross entropy = 0.300910
INFO:tensorflow:2019-10-09 18:01:11.973123: Step 730: Validation accuracy = 49.0% (N=100)
I1009 18:01:11.973171 4519421376 retrain.py:1100] 2019-10-09 18:01:11.973123: Step 730: Validation accuracy = 49.0% (N=100)
INFO:tensorflow:2019-10-09 18:01:12.525741: Step 740: Train accuracy = 87.0%
I1009 18:01:12.525786 4519421376 retrain.py:1082] 2019-10-09 18:01:12.525741: Step 740: Train accuracy = 87.0%
INFO:tensorflow:2019-10-09 18:01:12.525892: Step 740: Cross entropy = 0.352509
I1009 18:01:12.525902 4519421376 retrain.py:1084] 2019-10-09 18:01:12.525892: Step 740: Cross entropy = 0.352509
INFO:tensorflow:2019-10-09 18:01:12.582664: Step 740: Validation accuracy = 40.0% (N=100)
I1009 18:01:12.582715 4519421376 retrain.py:1100] 2019-10-09 18:01:12.582664: Step 740: Validation accuracy = 40.0% (N=100)
INFO:tensorflow:2019-10-09 18:01:13.144847: Step 750: Train accuracy = 93.0%
I1009 18:01:13.144890 4519421376 retrain.py:1082] 2019-10-09 18:01:13.144847: Step 750: Train accuracy = 93.0%
INFO:tensorflow:2019-10-09 18:01:13.144997: Step 750: Cross entropy = 0.278513
I1009 18:01:13.145007 4519421376 retrain.py:1084] 2019-10-09 18:01:13.144997: Step 750: Cross entropy = 0.278513
INFO:tensorflow:2019-10-09 18:01:13.201020: Step 750: Validation accuracy = 38.0% (N=100)
I1009 18:01:13.201065 4519421376 retrain.py:1100] 2019-10-09 18:01:13.201020: Step 750: Validation accuracy = 38.0% (N=100)
INFO:tensorflow:2019-10-09 18:01:13.753047: Step 760: Train accuracy = 95.0%
I1009 18:01:13.753091 4519421376 retrain.py:1082] 2019-10-09 18:01:13.753047: Step 760: Train accuracy = 95.0%
INFO:tensorflow:2019-10-09 18:01:13.753196: Step 760: Cross entropy = 0.253773
I1009 18:01:13.753206 4519421376 retrain.py:1084] 2019-10-09 18:01:13.753196: Step 760: Cross entropy = 0.253773
INFO:tensorflow:2019-10-09 18:01:13.809329: Step 760: Validation accuracy = 46.0% (N=100)
I1009 18:01:13.809376 4519421376 retrain.py:1100] 2019-10-09 18:01:13.809329: Step 760: Validation accuracy = 46.0% (N=100)
INFO:tensorflow:2019-10-09 18:01:14.361575: Step 770: Train accuracy = 93.0%
I1009 18:01:14.361617 4519421376 retrain.py:1082] 2019-10-09 18:01:14.361575: Step 770: Train accuracy = 93.0%
INFO:tensorflow:2019-10-09 18:01:14.361724: Step 770: Cross entropy = 0.273382
I1009 18:01:14.361733 4519421376 retrain.py:1084] 2019-10-09 18:01:14.361724: Step 770: Cross entropy = 0.273382
INFO:tensorflow:2019-10-09 18:01:14.417774: Step 770: Validation accuracy = 42.0% (N=100)
I1009 18:01:14.417820 4519421376 retrain.py:1100] 2019-10-09 18:01:14.417774: Step 770: Validation accuracy = 42.0% (N=100)
INFO:tensorflow:2019-10-09 18:01:14.970780: Step 780: Train accuracy = 91.0%
I1009 18:01:14.970824 4519421376 retrain.py:1082] 2019-10-09 18:01:14.970780: Step 780: Train accuracy = 91.0%
INFO:tensorflow:2019-10-09 18:01:14.970935: Step 780: Cross entropy = 0.298292
I1009 18:01:14.970945 4519421376 retrain.py:1084] 2019-10-09 18:01:14.970935: Step 780: Cross entropy = 0.298292
INFO:tensorflow:2019-10-09 18:01:15.026949: Step 780: Validation accuracy = 39.0% (N=100)
I1009 18:01:15.026995 4519421376 retrain.py:1100] 2019-10-09 18:01:15.026949: Step 780: Validation accuracy = 39.0% (N=100)
INFO:tensorflow:2019-10-09 18:01:15.579228: Step 790: Train accuracy = 93.0%
I1009 18:01:15.579272 4519421376 retrain.py:1082] 2019-10-09 18:01:15.579228: Step 790: Train accuracy = 93.0%
INFO:tensorflow:2019-10-09 18:01:15.579379: Step 790: Cross entropy = 0.293078
I1009 18:01:15.579390 4519421376 retrain.py:1084] 2019-10-09 18:01:15.579379: Step 790: Cross entropy = 0.293078
INFO:tensorflow:2019-10-09 18:01:15.635490: Step 790: Validation accuracy = 31.0% (N=100)
I1009 18:01:15.635537 4519421376 retrain.py:1100] 2019-10-09 18:01:15.635490: Step 790: Validation accuracy = 31.0% (N=100)
INFO:tensorflow:2019-10-09 18:01:16.188014: Step 800: Train accuracy = 93.0%
I1009 18:01:16.188057 4519421376 retrain.py:1082] 2019-10-09 18:01:16.188014: Step 800: Train accuracy = 93.0%
INFO:tensorflow:2019-10-09 18:01:16.188163: Step 800: Cross entropy = 0.260601
I1009 18:01:16.188174 4519421376 retrain.py:1084] 2019-10-09 18:01:16.188163: Step 800: Cross entropy = 0.260601
INFO:tensorflow:2019-10-09 18:01:16.244062: Step 800: Validation accuracy = 40.0% (N=100)
I1009 18:01:16.244109 4519421376 retrain.py:1100] 2019-10-09 18:01:16.244062: Step 800: Validation accuracy = 40.0% (N=100)
INFO:tensorflow:2019-10-09 18:01:16.797673: Step 810: Train accuracy = 89.0%
I1009 18:01:16.797717 4519421376 retrain.py:1082] 2019-10-09 18:01:16.797673: Step 810: Train accuracy = 89.0%
INFO:tensorflow:2019-10-09 18:01:16.797825: Step 810: Cross entropy = 0.284245
I1009 18:01:16.797835 4519421376 retrain.py:1084] 2019-10-09 18:01:16.797825: Step 810: Cross entropy = 0.284245
INFO:tensorflow:2019-10-09 18:01:16.854062: Step 810: Validation accuracy = 32.0% (N=100)
I1009 18:01:16.854108 4519421376 retrain.py:1100] 2019-10-09 18:01:16.854062: Step 810: Validation accuracy = 32.0% (N=100)
INFO:tensorflow:2019-10-09 18:01:17.407100: Step 820: Train accuracy = 97.0%
I1009 18:01:17.407145 4519421376 retrain.py:1082] 2019-10-09 18:01:17.407100: Step 820: Train accuracy = 97.0%
INFO:tensorflow:2019-10-09 18:01:17.407253: Step 820: Cross entropy = 0.244863
I1009 18:01:17.407263 4519421376 retrain.py:1084] 2019-10-09 18:01:17.407253: Step 820: Cross entropy = 0.244863
INFO:tensorflow:2019-10-09 18:01:17.463298: Step 820: Validation accuracy = 39.0% (N=100)
I1009 18:01:17.463344 4519421376 retrain.py:1100] 2019-10-09 18:01:17.463298: Step 820: Validation accuracy = 39.0% (N=100)
INFO:tensorflow:2019-10-09 18:01:18.017260: Step 830: Train accuracy = 90.0%
I1009 18:01:18.017316 4519421376 retrain.py:1082] 2019-10-09 18:01:18.017260: Step 830: Train accuracy = 90.0%
INFO:tensorflow:2019-10-09 18:01:18.017450: Step 830: Cross entropy = 0.288863
I1009 18:01:18.017461 4519421376 retrain.py:1084] 2019-10-09 18:01:18.017450: Step 830: Cross entropy = 0.288863
INFO:tensorflow:2019-10-09 18:01:18.073205: Step 830: Validation accuracy = 32.0% (N=100)
I1009 18:01:18.073252 4519421376 retrain.py:1100] 2019-10-09 18:01:18.073205: Step 830: Validation accuracy = 32.0% (N=100)
INFO:tensorflow:2019-10-09 18:01:18.625055: Step 840: Train accuracy = 97.0%
I1009 18:01:18.625100 4519421376 retrain.py:1082] 2019-10-09 18:01:18.625055: Step 840: Train accuracy = 97.0%
INFO:tensorflow:2019-10-09 18:01:18.625208: Step 840: Cross entropy = 0.248873
I1009 18:01:18.625219 4519421376 retrain.py:1084] 2019-10-09 18:01:18.625208: Step 840: Cross entropy = 0.248873
INFO:tensorflow:2019-10-09 18:01:18.681330: Step 840: Validation accuracy = 28.0% (N=100)
I1009 18:01:18.681376 4519421376 retrain.py:1100] 2019-10-09 18:01:18.681330: Step 840: Validation accuracy = 28.0% (N=100)
INFO:tensorflow:2019-10-09 18:01:19.232628: Step 850: Train accuracy = 92.0%
I1009 18:01:19.232671 4519421376 retrain.py:1082] 2019-10-09 18:01:19.232628: Step 850: Train accuracy = 92.0%
INFO:tensorflow:2019-10-09 18:01:19.232776: Step 850: Cross entropy = 0.296764
I1009 18:01:19.232786 4519421376 retrain.py:1084] 2019-10-09 18:01:19.232776: Step 850: Cross entropy = 0.296764
INFO:tensorflow:2019-10-09 18:01:19.288883: Step 850: Validation accuracy = 36.0% (N=100)
I1009 18:01:19.288932 4519421376 retrain.py:1100] 2019-10-09 18:01:19.288883: Step 850: Validation accuracy = 36.0% (N=100)
INFO:tensorflow:2019-10-09 18:01:19.843826: Step 860: Train accuracy = 95.0%
I1009 18:01:19.843869 4519421376 retrain.py:1082] 2019-10-09 18:01:19.843826: Step 860: Train accuracy = 95.0%
INFO:tensorflow:2019-10-09 18:01:19.843977: Step 860: Cross entropy = 0.241759
I1009 18:01:19.843986 4519421376 retrain.py:1084] 2019-10-09 18:01:19.843977: Step 860: Cross entropy = 0.241759
INFO:tensorflow:2019-10-09 18:01:19.900211: Step 860: Validation accuracy = 38.0% (N=100)
I1009 18:01:19.900258 4519421376 retrain.py:1100] 2019-10-09 18:01:19.900211: Step 860: Validation accuracy = 38.0% (N=100)
INFO:tensorflow:2019-10-09 18:01:20.451677: Step 870: Train accuracy = 96.0%
I1009 18:01:20.451720 4519421376 retrain.py:1082] 2019-10-09 18:01:20.451677: Step 870: Train accuracy = 96.0%
INFO:tensorflow:2019-10-09 18:01:20.451829: Step 870: Cross entropy = 0.261007
I1009 18:01:20.451838 4519421376 retrain.py:1084] 2019-10-09 18:01:20.451829: Step 870: Cross entropy = 0.261007
INFO:tensorflow:2019-10-09 18:01:20.507910: Step 870: Validation accuracy = 45.0% (N=100)
I1009 18:01:20.507957 4519421376 retrain.py:1100] 2019-10-09 18:01:20.507910: Step 870: Validation accuracy = 45.0% (N=100)
INFO:tensorflow:2019-10-09 18:01:21.061130: Step 880: Train accuracy = 96.0%
I1009 18:01:21.061175 4519421376 retrain.py:1082] 2019-10-09 18:01:21.061130: Step 880: Train accuracy = 96.0%
INFO:tensorflow:2019-10-09 18:01:21.061282: Step 880: Cross entropy = 0.269829
I1009 18:01:21.061291 4519421376 retrain.py:1084] 2019-10-09 18:01:21.061282: Step 880: Cross entropy = 0.269829
INFO:tensorflow:2019-10-09 18:01:21.117389: Step 880: Validation accuracy = 50.0% (N=100)
I1009 18:01:21.117436 4519421376 retrain.py:1100] 2019-10-09 18:01:21.117389: Step 880: Validation accuracy = 50.0% (N=100)
INFO:tensorflow:2019-10-09 18:01:21.669892: Step 890: Train accuracy = 94.0%
I1009 18:01:21.669948 4519421376 retrain.py:1082] 2019-10-09 18:01:21.669892: Step 890: Train accuracy = 94.0%
INFO:tensorflow:2019-10-09 18:01:21.670074: Step 890: Cross entropy = 0.281130
I1009 18:01:21.670107 4519421376 retrain.py:1084] 2019-10-09 18:01:21.670074: Step 890: Cross entropy = 0.281130
INFO:tensorflow:2019-10-09 18:01:21.726125: Step 890: Validation accuracy = 42.0% (N=100)
I1009 18:01:21.726172 4519421376 retrain.py:1100] 2019-10-09 18:01:21.726125: Step 890: Validation accuracy = 42.0% (N=100)
INFO:tensorflow:2019-10-09 18:01:22.278435: Step 900: Train accuracy = 92.0%
I1009 18:01:22.278478 4519421376 retrain.py:1082] 2019-10-09 18:01:22.278435: Step 900: Train accuracy = 92.0%
INFO:tensorflow:2019-10-09 18:01:22.278584: Step 900: Cross entropy = 0.309704
I1009 18:01:22.278594 4519421376 retrain.py:1084] 2019-10-09 18:01:22.278584: Step 900: Cross entropy = 0.309704
INFO:tensorflow:2019-10-09 18:01:22.335424: Step 900: Validation accuracy = 43.0% (N=100)
I1009 18:01:22.335471 4519421376 retrain.py:1100] 2019-10-09 18:01:22.335424: Step 900: Validation accuracy = 43.0% (N=100)
INFO:tensorflow:2019-10-09 18:01:22.887528: Step 910: Train accuracy = 93.0%
I1009 18:01:22.887570 4519421376 retrain.py:1082] 2019-10-09 18:01:22.887528: Step 910: Train accuracy = 93.0%
INFO:tensorflow:2019-10-09 18:01:22.887679: Step 910: Cross entropy = 0.263356
I1009 18:01:22.887688 4519421376 retrain.py:1084] 2019-10-09 18:01:22.887679: Step 910: Cross entropy = 0.263356
INFO:tensorflow:2019-10-09 18:01:22.944031: Step 910: Validation accuracy = 39.0% (N=100)
I1009 18:01:22.944079 4519421376 retrain.py:1100] 2019-10-09 18:01:22.944031: Step 910: Validation accuracy = 39.0% (N=100)
INFO:tensorflow:2019-10-09 18:01:23.496992: Step 920: Train accuracy = 96.0%
I1009 18:01:23.497035 4519421376 retrain.py:1082] 2019-10-09 18:01:23.496992: Step 920: Train accuracy = 96.0%
INFO:tensorflow:2019-10-09 18:01:23.497190: Step 920: Cross entropy = 0.244103
I1009 18:01:23.497206 4519421376 retrain.py:1084] 2019-10-09 18:01:23.497190: Step 920: Cross entropy = 0.244103
INFO:tensorflow:2019-10-09 18:01:23.553137: Step 920: Validation accuracy = 44.0% (N=100)
I1009 18:01:23.553184 4519421376 retrain.py:1100] 2019-10-09 18:01:23.553137: Step 920: Validation accuracy = 44.0% (N=100)
INFO:tensorflow:2019-10-09 18:01:24.105981: Step 930: Train accuracy = 96.0%
I1009 18:01:24.106024 4519421376 retrain.py:1082] 2019-10-09 18:01:24.105981: Step 930: Train accuracy = 96.0%
INFO:tensorflow:2019-10-09 18:01:24.106133: Step 930: Cross entropy = 0.251417
I1009 18:01:24.106142 4519421376 retrain.py:1084] 2019-10-09 18:01:24.106133: Step 930: Cross entropy = 0.251417
INFO:tensorflow:2019-10-09 18:01:24.161707: Step 930: Validation accuracy = 38.0% (N=100)
I1009 18:01:24.161754 4519421376 retrain.py:1100] 2019-10-09 18:01:24.161707: Step 930: Validation accuracy = 38.0% (N=100)
INFO:tensorflow:2019-10-09 18:01:24.714539: Step 940: Train accuracy = 94.0%
I1009 18:01:24.714581 4519421376 retrain.py:1082] 2019-10-09 18:01:24.714539: Step 940: Train accuracy = 94.0%
INFO:tensorflow:2019-10-09 18:01:24.714717: Step 940: Cross entropy = 0.267511
I1009 18:01:24.714726 4519421376 retrain.py:1084] 2019-10-09 18:01:24.714717: Step 940: Cross entropy = 0.267511
INFO:tensorflow:2019-10-09 18:01:24.770720: Step 940: Validation accuracy = 46.0% (N=100)
I1009 18:01:24.770767 4519421376 retrain.py:1100] 2019-10-09 18:01:24.770720: Step 940: Validation accuracy = 46.0% (N=100)
INFO:tensorflow:2019-10-09 18:01:25.322452: Step 950: Train accuracy = 94.0%
I1009 18:01:25.322494 4519421376 retrain.py:1082] 2019-10-09 18:01:25.322452: Step 950: Train accuracy = 94.0%
INFO:tensorflow:2019-10-09 18:01:25.322602: Step 950: Cross entropy = 0.208835
I1009 18:01:25.322613 4519421376 retrain.py:1084] 2019-10-09 18:01:25.322602: Step 950: Cross entropy = 0.208835
INFO:tensorflow:2019-10-09 18:01:25.379442: Step 950: Validation accuracy = 35.0% (N=100)
I1009 18:01:25.379491 4519421376 retrain.py:1100] 2019-10-09 18:01:25.379442: Step 950: Validation accuracy = 35.0% (N=100)
INFO:tensorflow:2019-10-09 18:01:25.932189: Step 960: Train accuracy = 93.0%
I1009 18:01:25.932234 4519421376 retrain.py:1082] 2019-10-09 18:01:25.932189: Step 960: Train accuracy = 93.0%
INFO:tensorflow:2019-10-09 18:01:25.932346: Step 960: Cross entropy = 0.258160
I1009 18:01:25.932358 4519421376 retrain.py:1084] 2019-10-09 18:01:25.932346: Step 960: Cross entropy = 0.258160
INFO:tensorflow:2019-10-09 18:01:25.988294: Step 960: Validation accuracy = 41.0% (N=100)
I1009 18:01:25.988343 4519421376 retrain.py:1100] 2019-10-09 18:01:25.988294: Step 960: Validation accuracy = 41.0% (N=100)
INFO:tensorflow:2019-10-09 18:01:26.541382: Step 970: Train accuracy = 94.0%
I1009 18:01:26.541426 4519421376 retrain.py:1082] 2019-10-09 18:01:26.541382: Step 970: Train accuracy = 94.0%
INFO:tensorflow:2019-10-09 18:01:26.541535: Step 970: Cross entropy = 0.245072
I1009 18:01:26.541545 4519421376 retrain.py:1084] 2019-10-09 18:01:26.541535: Step 970: Cross entropy = 0.245072
INFO:tensorflow:2019-10-09 18:01:26.597598: Step 970: Validation accuracy = 41.0% (N=100)
I1009 18:01:26.597647 4519421376 retrain.py:1100] 2019-10-09 18:01:26.597598: Step 970: Validation accuracy = 41.0% (N=100)
INFO:tensorflow:2019-10-09 18:01:27.151031: Step 980: Train accuracy = 97.0%
I1009 18:01:27.151073 4519421376 retrain.py:1082] 2019-10-09 18:01:27.151031: Step 980: Train accuracy = 97.0%
INFO:tensorflow:2019-10-09 18:01:27.151184: Step 980: Cross entropy = 0.245503
I1009 18:01:27.151194 4519421376 retrain.py:1084] 2019-10-09 18:01:27.151184: Step 980: Cross entropy = 0.245503
INFO:tensorflow:2019-10-09 18:01:27.207369: Step 980: Validation accuracy = 44.0% (N=100)
I1009 18:01:27.207416 4519421376 retrain.py:1100] 2019-10-09 18:01:27.207369: Step 980: Validation accuracy = 44.0% (N=100)
INFO:tensorflow:2019-10-09 18:01:27.760403: Step 990: Train accuracy = 95.0%
I1009 18:01:27.760447 4519421376 retrain.py:1082] 2019-10-09 18:01:27.760403: Step 990: Train accuracy = 95.0%
INFO:tensorflow:2019-10-09 18:01:27.760556: Step 990: Cross entropy = 0.259228
I1009 18:01:27.760568 4519421376 retrain.py:1084] 2019-10-09 18:01:27.760556: Step 990: Cross entropy = 0.259228
INFO:tensorflow:2019-10-09 18:01:27.816838: Step 990: Validation accuracy = 39.0% (N=100)
I1009 18:01:27.816884 4519421376 retrain.py:1100] 2019-10-09 18:01:27.816838: Step 990: Validation accuracy = 39.0% (N=100)
INFO:tensorflow:2019-10-09 18:01:28.372263: Step 1000: Train accuracy = 93.0%
I1009 18:01:28.372308 4519421376 retrain.py:1082] 2019-10-09 18:01:28.372263: Step 1000: Train accuracy = 93.0%
INFO:tensorflow:2019-10-09 18:01:28.372419: Step 1000: Cross entropy = 0.263336
I1009 18:01:28.372429 4519421376 retrain.py:1084] 2019-10-09 18:01:28.372419: Step 1000: Cross entropy = 0.263336
INFO:tensorflow:2019-10-09 18:01:28.428468: Step 1000: Validation accuracy = 39.0% (N=100)
I1009 18:01:28.428517 4519421376 retrain.py:1100] 2019-10-09 18:01:28.428468: Step 1000: Validation accuracy = 39.0% (N=100)
INFO:tensorflow:2019-10-09 18:01:28.981520: Step 1010: Train accuracy = 96.0%
I1009 18:01:28.981564 4519421376 retrain.py:1082] 2019-10-09 18:01:28.981520: Step 1010: Train accuracy = 96.0%
INFO:tensorflow:2019-10-09 18:01:28.981673: Step 1010: Cross entropy = 0.195970
I1009 18:01:28.981683 4519421376 retrain.py:1084] 2019-10-09 18:01:28.981673: Step 1010: Cross entropy = 0.195970
INFO:tensorflow:2019-10-09 18:01:29.037762: Step 1010: Validation accuracy = 44.0% (N=100)
I1009 18:01:29.037809 4519421376 retrain.py:1100] 2019-10-09 18:01:29.037762: Step 1010: Validation accuracy = 44.0% (N=100)
INFO:tensorflow:2019-10-09 18:01:29.590026: Step 1020: Train accuracy = 90.0%
I1009 18:01:29.590070 4519421376 retrain.py:1082] 2019-10-09 18:01:29.590026: Step 1020: Train accuracy = 90.0%
INFO:tensorflow:2019-10-09 18:01:29.590180: Step 1020: Cross entropy = 0.252493
I1009 18:01:29.590190 4519421376 retrain.py:1084] 2019-10-09 18:01:29.590180: Step 1020: Cross entropy = 0.252493
INFO:tensorflow:2019-10-09 18:01:29.646307: Step 1020: Validation accuracy = 43.0% (N=100)
I1009 18:01:29.646353 4519421376 retrain.py:1100] 2019-10-09 18:01:29.646307: Step 1020: Validation accuracy = 43.0% (N=100)
INFO:tensorflow:2019-10-09 18:01:30.198887: Step 1030: Train accuracy = 94.0%
I1009 18:01:30.198931 4519421376 retrain.py:1082] 2019-10-09 18:01:30.198887: Step 1030: Train accuracy = 94.0%
INFO:tensorflow:2019-10-09 18:01:30.199039: Step 1030: Cross entropy = 0.264030
I1009 18:01:30.199049 4519421376 retrain.py:1084] 2019-10-09 18:01:30.199039: Step 1030: Cross entropy = 0.264030
INFO:tensorflow:2019-10-09 18:01:30.255144: Step 1030: Validation accuracy = 35.0% (N=100)
I1009 18:01:30.255194 4519421376 retrain.py:1100] 2019-10-09 18:01:30.255144: Step 1030: Validation accuracy = 35.0% (N=100)
INFO:tensorflow:2019-10-09 18:01:30.807531: Step 1040: Train accuracy = 96.0%
I1009 18:01:30.807576 4519421376 retrain.py:1082] 2019-10-09 18:01:30.807531: Step 1040: Train accuracy = 96.0%
INFO:tensorflow:2019-10-09 18:01:30.807683: Step 1040: Cross entropy = 0.236564
I1009 18:01:30.807693 4519421376 retrain.py:1084] 2019-10-09 18:01:30.807683: Step 1040: Cross entropy = 0.236564
INFO:tensorflow:2019-10-09 18:01:30.863736: Step 1040: Validation accuracy = 42.0% (N=100)
I1009 18:01:30.863785 4519421376 retrain.py:1100] 2019-10-09 18:01:30.863736: Step 1040: Validation accuracy = 42.0% (N=100)
INFO:tensorflow:2019-10-09 18:01:31.417438: Step 1050: Train accuracy = 99.0%
I1009 18:01:31.417493 4519421376 retrain.py:1082] 2019-10-09 18:01:31.417438: Step 1050: Train accuracy = 99.0%
INFO:tensorflow:2019-10-09 18:01:31.417627: Step 1050: Cross entropy = 0.206639
I1009 18:01:31.417637 4519421376 retrain.py:1084] 2019-10-09 18:01:31.417627: Step 1050: Cross entropy = 0.206639
INFO:tensorflow:2019-10-09 18:01:31.473766: Step 1050: Validation accuracy = 42.0% (N=100)
I1009 18:01:31.473816 4519421376 retrain.py:1100] 2019-10-09 18:01:31.473766: Step 1050: Validation accuracy = 42.0% (N=100)
INFO:tensorflow:2019-10-09 18:01:32.026029: Step 1060: Train accuracy = 96.0%
I1009 18:01:32.026072 4519421376 retrain.py:1082] 2019-10-09 18:01:32.026029: Step 1060: Train accuracy = 96.0%
INFO:tensorflow:2019-10-09 18:01:32.026181: Step 1060: Cross entropy = 0.235894
I1009 18:01:32.026204 4519421376 retrain.py:1084] 2019-10-09 18:01:32.026181: Step 1060: Cross entropy = 0.235894
INFO:tensorflow:2019-10-09 18:01:32.082315: Step 1060: Validation accuracy = 36.0% (N=100)
I1009 18:01:32.082363 4519421376 retrain.py:1100] 2019-10-09 18:01:32.082315: Step 1060: Validation accuracy = 36.0% (N=100)
INFO:tensorflow:2019-10-09 18:01:32.635529: Step 1070: Train accuracy = 91.0%
I1009 18:01:32.635572 4519421376 retrain.py:1082] 2019-10-09 18:01:32.635529: Step 1070: Train accuracy = 91.0%
INFO:tensorflow:2019-10-09 18:01:32.635680: Step 1070: Cross entropy = 0.259680
I1009 18:01:32.635689 4519421376 retrain.py:1084] 2019-10-09 18:01:32.635680: Step 1070: Cross entropy = 0.259680
INFO:tensorflow:2019-10-09 18:01:32.691179: Step 1070: Validation accuracy = 30.0% (N=100)
I1009 18:01:32.691226 4519421376 retrain.py:1100] 2019-10-09 18:01:32.691179: Step 1070: Validation accuracy = 30.0% (N=100)
INFO:tensorflow:2019-10-09 18:01:33.246091: Step 1080: Train accuracy = 96.0%
I1009 18:01:33.246134 4519421376 retrain.py:1082] 2019-10-09 18:01:33.246091: Step 1080: Train accuracy = 96.0%
INFO:tensorflow:2019-10-09 18:01:33.246244: Step 1080: Cross entropy = 0.240141
I1009 18:01:33.246253 4519421376 retrain.py:1084] 2019-10-09 18:01:33.246244: Step 1080: Cross entropy = 0.240141
INFO:tensorflow:2019-10-09 18:01:33.302890: Step 1080: Validation accuracy = 37.0% (N=100)
I1009 18:01:33.302938 4519421376 retrain.py:1100] 2019-10-09 18:01:33.302890: Step 1080: Validation accuracy = 37.0% (N=100)
INFO:tensorflow:2019-10-09 18:01:33.856699: Step 1090: Train accuracy = 96.0%
I1009 18:01:33.856742 4519421376 retrain.py:1082] 2019-10-09 18:01:33.856699: Step 1090: Train accuracy = 96.0%
INFO:tensorflow:2019-10-09 18:01:33.856888: Step 1090: Cross entropy = 0.217718
I1009 18:01:33.856904 4519421376 retrain.py:1084] 2019-10-09 18:01:33.856888: Step 1090: Cross entropy = 0.217718
INFO:tensorflow:2019-10-09 18:01:33.913222: Step 1090: Validation accuracy = 45.0% (N=100)
I1009 18:01:33.913270 4519421376 retrain.py:1100] 2019-10-09 18:01:33.913222: Step 1090: Validation accuracy = 45.0% (N=100)
INFO:tensorflow:2019-10-09 18:01:34.467974: Step 1100: Train accuracy = 94.0%
I1009 18:01:34.468043 4519421376 retrain.py:1082] 2019-10-09 18:01:34.467974: Step 1100: Train accuracy = 94.0%
INFO:tensorflow:2019-10-09 18:01:34.468166: Step 1100: Cross entropy = 0.254180
I1009 18:01:34.468175 4519421376 retrain.py:1084] 2019-10-09 18:01:34.468166: Step 1100: Cross entropy = 0.254180
INFO:tensorflow:2019-10-09 18:01:34.524929: Step 1100: Validation accuracy = 34.0% (N=100)
I1009 18:01:34.524976 4519421376 retrain.py:1100] 2019-10-09 18:01:34.524929: Step 1100: Validation accuracy = 34.0% (N=100)
INFO:tensorflow:2019-10-09 18:01:35.078454: Step 1110: Train accuracy = 98.0%
I1009 18:01:35.078498 4519421376 retrain.py:1082] 2019-10-09 18:01:35.078454: Step 1110: Train accuracy = 98.0%
INFO:tensorflow:2019-10-09 18:01:35.078606: Step 1110: Cross entropy = 0.215168
I1009 18:01:35.078617 4519421376 retrain.py:1084] 2019-10-09 18:01:35.078606: Step 1110: Cross entropy = 0.215168
INFO:tensorflow:2019-10-09 18:01:35.134770: Step 1110: Validation accuracy = 40.0% (N=100)
I1009 18:01:35.134818 4519421376 retrain.py:1100] 2019-10-09 18:01:35.134770: Step 1110: Validation accuracy = 40.0% (N=100)
INFO:tensorflow:2019-10-09 18:01:35.687150: Step 1120: Train accuracy = 99.0%
I1009 18:01:35.687193 4519421376 retrain.py:1082] 2019-10-09 18:01:35.687150: Step 1120: Train accuracy = 99.0%
INFO:tensorflow:2019-10-09 18:01:35.687302: Step 1120: Cross entropy = 0.201042
I1009 18:01:35.687311 4519421376 retrain.py:1084] 2019-10-09 18:01:35.687302: Step 1120: Cross entropy = 0.201042
INFO:tensorflow:2019-10-09 18:01:35.742821: Step 1120: Validation accuracy = 34.0% (N=100)
I1009 18:01:35.742870 4519421376 retrain.py:1100] 2019-10-09 18:01:35.742821: Step 1120: Validation accuracy = 34.0% (N=100)
INFO:tensorflow:2019-10-09 18:01:36.295423: Step 1130: Train accuracy = 96.0%
I1009 18:01:36.295472 4519421376 retrain.py:1082] 2019-10-09 18:01:36.295423: Step 1130: Train accuracy = 96.0%
INFO:tensorflow:2019-10-09 18:01:36.295590: Step 1130: Cross entropy = 0.266135
I1009 18:01:36.295603 4519421376 retrain.py:1084] 2019-10-09 18:01:36.295590: Step 1130: Cross entropy = 0.266135
INFO:tensorflow:2019-10-09 18:01:36.351379: Step 1130: Validation accuracy = 36.0% (N=100)
I1009 18:01:36.351427 4519421376 retrain.py:1100] 2019-10-09 18:01:36.351379: Step 1130: Validation accuracy = 36.0% (N=100)
INFO:tensorflow:2019-10-09 18:01:36.905624: Step 1140: Train accuracy = 94.0%
I1009 18:01:36.905669 4519421376 retrain.py:1082] 2019-10-09 18:01:36.905624: Step 1140: Train accuracy = 94.0%
INFO:tensorflow:2019-10-09 18:01:36.905778: Step 1140: Cross entropy = 0.222280
I1009 18:01:36.905787 4519421376 retrain.py:1084] 2019-10-09 18:01:36.905778: Step 1140: Cross entropy = 0.222280
INFO:tensorflow:2019-10-09 18:01:36.961490: Step 1140: Validation accuracy = 30.0% (N=100)
I1009 18:01:36.961535 4519421376 retrain.py:1100] 2019-10-09 18:01:36.961490: Step 1140: Validation accuracy = 30.0% (N=100)
INFO:tensorflow:2019-10-09 18:01:37.513685: Step 1150: Train accuracy = 98.0%
I1009 18:01:37.513730 4519421376 retrain.py:1082] 2019-10-09 18:01:37.513685: Step 1150: Train accuracy = 98.0%
INFO:tensorflow:2019-10-09 18:01:37.513841: Step 1150: Cross entropy = 0.214053
I1009 18:01:37.513851 4519421376 retrain.py:1084] 2019-10-09 18:01:37.513841: Step 1150: Cross entropy = 0.214053
INFO:tensorflow:2019-10-09 18:01:37.569567: Step 1150: Validation accuracy = 38.0% (N=100)
I1009 18:01:37.569615 4519421376 retrain.py:1100] 2019-10-09 18:01:37.569567: Step 1150: Validation accuracy = 38.0% (N=100)
INFO:tensorflow:2019-10-09 18:01:38.123563: Step 1160: Train accuracy = 95.0%
I1009 18:01:38.123608 4519421376 retrain.py:1082] 2019-10-09 18:01:38.123563: Step 1160: Train accuracy = 95.0%
INFO:tensorflow:2019-10-09 18:01:38.123716: Step 1160: Cross entropy = 0.203184
I1009 18:01:38.123726 4519421376 retrain.py:1084] 2019-10-09 18:01:38.123716: Step 1160: Cross entropy = 0.203184
INFO:tensorflow:2019-10-09 18:01:38.179800: Step 1160: Validation accuracy = 41.0% (N=100)
I1009 18:01:38.179847 4519421376 retrain.py:1100] 2019-10-09 18:01:38.179800: Step 1160: Validation accuracy = 41.0% (N=100)
INFO:tensorflow:2019-10-09 18:01:38.732741: Step 1170: Train accuracy = 98.0%
I1009 18:01:38.732784 4519421376 retrain.py:1082] 2019-10-09 18:01:38.732741: Step 1170: Train accuracy = 98.0%
INFO:tensorflow:2019-10-09 18:01:38.732890: Step 1170: Cross entropy = 0.227745
I1009 18:01:38.732901 4519421376 retrain.py:1084] 2019-10-09 18:01:38.732890: Step 1170: Cross entropy = 0.227745
INFO:tensorflow:2019-10-09 18:01:38.789276: Step 1170: Validation accuracy = 38.0% (N=100)
I1009 18:01:38.789323 4519421376 retrain.py:1100] 2019-10-09 18:01:38.789276: Step 1170: Validation accuracy = 38.0% (N=100)
INFO:tensorflow:2019-10-09 18:01:39.343780: Step 1180: Train accuracy = 94.0%
I1009 18:01:39.343823 4519421376 retrain.py:1082] 2019-10-09 18:01:39.343780: Step 1180: Train accuracy = 94.0%
INFO:tensorflow:2019-10-09 18:01:39.343930: Step 1180: Cross entropy = 0.233186
I1009 18:01:39.343940 4519421376 retrain.py:1084] 2019-10-09 18:01:39.343930: Step 1180: Cross entropy = 0.233186
INFO:tensorflow:2019-10-09 18:01:39.399793: Step 1180: Validation accuracy = 40.0% (N=100)
I1009 18:01:39.399837 4519421376 retrain.py:1100] 2019-10-09 18:01:39.399793: Step 1180: Validation accuracy = 40.0% (N=100)
INFO:tensorflow:2019-10-09 18:01:39.953740: Step 1190: Train accuracy = 97.0%
I1009 18:01:39.953783 4519421376 retrain.py:1082] 2019-10-09 18:01:39.953740: Step 1190: Train accuracy = 97.0%
INFO:tensorflow:2019-10-09 18:01:39.953895: Step 1190: Cross entropy = 0.199289
I1009 18:01:39.953904 4519421376 retrain.py:1084] 2019-10-09 18:01:39.953895: Step 1190: Cross entropy = 0.199289
INFO:tensorflow:2019-10-09 18:01:40.009531: Step 1190: Validation accuracy = 44.0% (N=100)
I1009 18:01:40.009580 4519421376 retrain.py:1100] 2019-10-09 18:01:40.009531: Step 1190: Validation accuracy = 44.0% (N=100)
INFO:tensorflow:2019-10-09 18:01:40.561259: Step 1200: Train accuracy = 95.0%
I1009 18:01:40.561301 4519421376 retrain.py:1082] 2019-10-09 18:01:40.561259: Step 1200: Train accuracy = 95.0%
INFO:tensorflow:2019-10-09 18:01:40.561426: Step 1200: Cross entropy = 0.234082
I1009 18:01:40.561436 4519421376 retrain.py:1084] 2019-10-09 18:01:40.561426: Step 1200: Cross entropy = 0.234082
INFO:tensorflow:2019-10-09 18:01:40.617588: Step 1200: Validation accuracy = 40.0% (N=100)
I1009 18:01:40.617637 4519421376 retrain.py:1100] 2019-10-09 18:01:40.617588: Step 1200: Validation accuracy = 40.0% (N=100)
INFO:tensorflow:2019-10-09 18:01:41.170161: Step 1210: Train accuracy = 94.0%
I1009 18:01:41.170204 4519421376 retrain.py:1082] 2019-10-09 18:01:41.170161: Step 1210: Train accuracy = 94.0%
INFO:tensorflow:2019-10-09 18:01:41.170312: Step 1210: Cross entropy = 0.227429
I1009 18:01:41.170321 4519421376 retrain.py:1084] 2019-10-09 18:01:41.170312: Step 1210: Cross entropy = 0.227429
INFO:tensorflow:2019-10-09 18:01:41.226420: Step 1210: Validation accuracy = 37.0% (N=100)
I1009 18:01:41.226464 4519421376 retrain.py:1100] 2019-10-09 18:01:41.226420: Step 1210: Validation accuracy = 37.0% (N=100)
INFO:tensorflow:2019-10-09 18:01:41.779905: Step 1220: Train accuracy = 97.0%
I1009 18:01:41.779948 4519421376 retrain.py:1082] 2019-10-09 18:01:41.779905: Step 1220: Train accuracy = 97.0%
INFO:tensorflow:2019-10-09 18:01:41.780055: Step 1220: Cross entropy = 0.237916
I1009 18:01:41.780066 4519421376 retrain.py:1084] 2019-10-09 18:01:41.780055: Step 1220: Cross entropy = 0.237916
INFO:tensorflow:2019-10-09 18:01:41.837045: Step 1220: Validation accuracy = 42.0% (N=100)
I1009 18:01:41.837093 4519421376 retrain.py:1100] 2019-10-09 18:01:41.837045: Step 1220: Validation accuracy = 42.0% (N=100)
INFO:tensorflow:2019-10-09 18:01:42.390477: Step 1230: Train accuracy = 96.0%
I1009 18:01:42.390522 4519421376 retrain.py:1082] 2019-10-09 18:01:42.390477: Step 1230: Train accuracy = 96.0%
INFO:tensorflow:2019-10-09 18:01:42.390630: Step 1230: Cross entropy = 0.188124
I1009 18:01:42.390640 4519421376 retrain.py:1084] 2019-10-09 18:01:42.390630: Step 1230: Cross entropy = 0.188124
INFO:tensorflow:2019-10-09 18:01:42.446965: Step 1230: Validation accuracy = 38.0% (N=100)
I1009 18:01:42.447013 4519421376 retrain.py:1100] 2019-10-09 18:01:42.446965: Step 1230: Validation accuracy = 38.0% (N=100)
INFO:tensorflow:2019-10-09 18:01:43.004746: Step 1240: Train accuracy = 95.0%
I1009 18:01:43.004788 4519421376 retrain.py:1082] 2019-10-09 18:01:43.004746: Step 1240: Train accuracy = 95.0%
INFO:tensorflow:2019-10-09 18:01:43.004896: Step 1240: Cross entropy = 0.225625
I1009 18:01:43.004905 4519421376 retrain.py:1084] 2019-10-09 18:01:43.004896: Step 1240: Cross entropy = 0.225625
INFO:tensorflow:2019-10-09 18:01:43.061256: Step 1240: Validation accuracy = 31.0% (N=100)
I1009 18:01:43.061303 4519421376 retrain.py:1100] 2019-10-09 18:01:43.061256: Step 1240: Validation accuracy = 31.0% (N=100)
INFO:tensorflow:2019-10-09 18:01:43.616062: Step 1250: Train accuracy = 98.0%
I1009 18:01:43.616117 4519421376 retrain.py:1082] 2019-10-09 18:01:43.616062: Step 1250: Train accuracy = 98.0%
INFO:tensorflow:2019-10-09 18:01:43.616237: Step 1250: Cross entropy = 0.185043
I1009 18:01:43.616246 4519421376 retrain.py:1084] 2019-10-09 18:01:43.616237: Step 1250: Cross entropy = 0.185043
INFO:tensorflow:2019-10-09 18:01:43.672582: Step 1250: Validation accuracy = 34.0% (N=100)
I1009 18:01:43.672630 4519421376 retrain.py:1100] 2019-10-09 18:01:43.672582: Step 1250: Validation accuracy = 34.0% (N=100)
INFO:tensorflow:2019-10-09 18:01:44.225243: Step 1260: Train accuracy = 97.0%
I1009 18:01:44.225287 4519421376 retrain.py:1082] 2019-10-09 18:01:44.225243: Step 1260: Train accuracy = 97.0%
INFO:tensorflow:2019-10-09 18:01:44.225393: Step 1260: Cross entropy = 0.173800
I1009 18:01:44.225403 4519421376 retrain.py:1084] 2019-10-09 18:01:44.225393: Step 1260: Cross entropy = 0.173800
INFO:tensorflow:2019-10-09 18:01:44.281462: Step 1260: Validation accuracy = 33.0% (N=100)
I1009 18:01:44.281507 4519421376 retrain.py:1100] 2019-10-09 18:01:44.281462: Step 1260: Validation accuracy = 33.0% (N=100)
INFO:tensorflow:2019-10-09 18:01:44.835886: Step 1270: Train accuracy = 98.0%
I1009 18:01:44.835930 4519421376 retrain.py:1082] 2019-10-09 18:01:44.835886: Step 1270: Train accuracy = 98.0%
INFO:tensorflow:2019-10-09 18:01:44.836039: Step 1270: Cross entropy = 0.201451
I1009 18:01:44.836048 4519421376 retrain.py:1084] 2019-10-09 18:01:44.836039: Step 1270: Cross entropy = 0.201451
INFO:tensorflow:2019-10-09 18:01:44.891683: Step 1270: Validation accuracy = 43.0% (N=100)
I1009 18:01:44.891734 4519421376 retrain.py:1100] 2019-10-09 18:01:44.891683: Step 1270: Validation accuracy = 43.0% (N=100)
INFO:tensorflow:2019-10-09 18:01:45.446240: Step 1280: Train accuracy = 92.0%
I1009 18:01:45.446290 4519421376 retrain.py:1082] 2019-10-09 18:01:45.446240: Step 1280: Train accuracy = 92.0%
INFO:tensorflow:2019-10-09 18:01:45.446397: Step 1280: Cross entropy = 0.245307
I1009 18:01:45.446408 4519421376 retrain.py:1084] 2019-10-09 18:01:45.446397: Step 1280: Cross entropy = 0.245307
INFO:tensorflow:2019-10-09 18:01:45.502160: Step 1280: Validation accuracy = 35.0% (N=100)
I1009 18:01:45.502207 4519421376 retrain.py:1100] 2019-10-09 18:01:45.502160: Step 1280: Validation accuracy = 35.0% (N=100)
INFO:tensorflow:2019-10-09 18:01:46.057906: Step 1290: Train accuracy = 93.0%
I1009 18:01:46.057950 4519421376 retrain.py:1082] 2019-10-09 18:01:46.057906: Step 1290: Train accuracy = 93.0%
INFO:tensorflow:2019-10-09 18:01:46.058056: Step 1290: Cross entropy = 0.259628
I1009 18:01:46.058065 4519421376 retrain.py:1084] 2019-10-09 18:01:46.058056: Step 1290: Cross entropy = 0.259628
INFO:tensorflow:2019-10-09 18:01:46.114145: Step 1290: Validation accuracy = 40.0% (N=100)
I1009 18:01:46.114193 4519421376 retrain.py:1100] 2019-10-09 18:01:46.114145: Step 1290: Validation accuracy = 40.0% (N=100)
INFO:tensorflow:2019-10-09 18:01:46.667311: Step 1300: Train accuracy = 97.0%
I1009 18:01:46.667365 4519421376 retrain.py:1082] 2019-10-09 18:01:46.667311: Step 1300: Train accuracy = 97.0%
INFO:tensorflow:2019-10-09 18:01:46.667503: Step 1300: Cross entropy = 0.180794
I1009 18:01:46.667513 4519421376 retrain.py:1084] 2019-10-09 18:01:46.667503: Step 1300: Cross entropy = 0.180794
INFO:tensorflow:2019-10-09 18:01:46.723883: Step 1300: Validation accuracy = 41.0% (N=100)
I1009 18:01:46.723930 4519421376 retrain.py:1100] 2019-10-09 18:01:46.723883: Step 1300: Validation accuracy = 41.0% (N=100)
INFO:tensorflow:2019-10-09 18:01:47.276401: Step 1310: Train accuracy = 95.0%
I1009 18:01:47.276445 4519421376 retrain.py:1082] 2019-10-09 18:01:47.276401: Step 1310: Train accuracy = 95.0%
INFO:tensorflow:2019-10-09 18:01:47.276555: Step 1310: Cross entropy = 0.201231
I1009 18:01:47.276566 4519421376 retrain.py:1084] 2019-10-09 18:01:47.276555: Step 1310: Cross entropy = 0.201231
INFO:tensorflow:2019-10-09 18:01:47.333449: Step 1310: Validation accuracy = 34.0% (N=100)
I1009 18:01:47.333498 4519421376 retrain.py:1100] 2019-10-09 18:01:47.333449: Step 1310: Validation accuracy = 34.0% (N=100)
INFO:tensorflow:2019-10-09 18:01:47.888631: Step 1320: Train accuracy = 98.0%
I1009 18:01:47.888676 4519421376 retrain.py:1082] 2019-10-09 18:01:47.888631: Step 1320: Train accuracy = 98.0%
INFO:tensorflow:2019-10-09 18:01:47.888784: Step 1320: Cross entropy = 0.201385
I1009 18:01:47.888794 4519421376 retrain.py:1084] 2019-10-09 18:01:47.888784: Step 1320: Cross entropy = 0.201385
INFO:tensorflow:2019-10-09 18:01:47.944917: Step 1320: Validation accuracy = 32.0% (N=100)
I1009 18:01:47.944964 4519421376 retrain.py:1100] 2019-10-09 18:01:47.944917: Step 1320: Validation accuracy = 32.0% (N=100)
INFO:tensorflow:2019-10-09 18:01:48.498475: Step 1330: Train accuracy = 93.0%
I1009 18:01:48.498520 4519421376 retrain.py:1082] 2019-10-09 18:01:48.498475: Step 1330: Train accuracy = 93.0%
INFO:tensorflow:2019-10-09 18:01:48.498628: Step 1330: Cross entropy = 0.247959
I1009 18:01:48.498639 4519421376 retrain.py:1084] 2019-10-09 18:01:48.498628: Step 1330: Cross entropy = 0.247959
INFO:tensorflow:2019-10-09 18:01:48.554808: Step 1330: Validation accuracy = 41.0% (N=100)
I1009 18:01:48.554857 4519421376 retrain.py:1100] 2019-10-09 18:01:48.554808: Step 1330: Validation accuracy = 41.0% (N=100)
INFO:tensorflow:2019-10-09 18:01:49.110007: Step 1340: Train accuracy = 96.0%
I1009 18:01:49.110051 4519421376 retrain.py:1082] 2019-10-09 18:01:49.110007: Step 1340: Train accuracy = 96.0%
INFO:tensorflow:2019-10-09 18:01:49.110158: Step 1340: Cross entropy = 0.227067
I1009 18:01:49.110167 4519421376 retrain.py:1084] 2019-10-09 18:01:49.110158: Step 1340: Cross entropy = 0.227067
INFO:tensorflow:2019-10-09 18:01:49.165814: Step 1340: Validation accuracy = 37.0% (N=100)
I1009 18:01:49.165861 4519421376 retrain.py:1100] 2019-10-09 18:01:49.165814: Step 1340: Validation accuracy = 37.0% (N=100)
INFO:tensorflow:2019-10-09 18:01:49.719529: Step 1350: Train accuracy = 96.0%
I1009 18:01:49.719584 4519421376 retrain.py:1082] 2019-10-09 18:01:49.719529: Step 1350: Train accuracy = 96.0%
INFO:tensorflow:2019-10-09 18:01:49.719705: Step 1350: Cross entropy = 0.197246
I1009 18:01:49.719715 4519421376 retrain.py:1084] 2019-10-09 18:01:49.719705: Step 1350: Cross entropy = 0.197246
INFO:tensorflow:2019-10-09 18:01:49.776015: Step 1350: Validation accuracy = 33.0% (N=100)
I1009 18:01:49.776062 4519421376 retrain.py:1100] 2019-10-09 18:01:49.776015: Step 1350: Validation accuracy = 33.0% (N=100)
INFO:tensorflow:2019-10-09 18:01:50.329973: Step 1360: Train accuracy = 96.0%
I1009 18:01:50.330018 4519421376 retrain.py:1082] 2019-10-09 18:01:50.329973: Step 1360: Train accuracy = 96.0%
INFO:tensorflow:2019-10-09 18:01:50.330124: Step 1360: Cross entropy = 0.213204
I1009 18:01:50.330133 4519421376 retrain.py:1084] 2019-10-09 18:01:50.330124: Step 1360: Cross entropy = 0.213204
INFO:tensorflow:2019-10-09 18:01:50.386613: Step 1360: Validation accuracy = 44.0% (N=100)
I1009 18:01:50.386667 4519421376 retrain.py:1100] 2019-10-09 18:01:50.386613: Step 1360: Validation accuracy = 44.0% (N=100)
INFO:tensorflow:2019-10-09 18:01:50.940621: Step 1370: Train accuracy = 94.0%
I1009 18:01:50.940666 4519421376 retrain.py:1082] 2019-10-09 18:01:50.940621: Step 1370: Train accuracy = 94.0%
INFO:tensorflow:2019-10-09 18:01:50.940774: Step 1370: Cross entropy = 0.228603
I1009 18:01:50.940784 4519421376 retrain.py:1084] 2019-10-09 18:01:50.940774: Step 1370: Cross entropy = 0.228603
INFO:tensorflow:2019-10-09 18:01:50.996708: Step 1370: Validation accuracy = 51.0% (N=100)
I1009 18:01:50.996757 4519421376 retrain.py:1100] 2019-10-09 18:01:50.996708: Step 1370: Validation accuracy = 51.0% (N=100)
INFO:tensorflow:2019-10-09 18:01:51.551555: Step 1380: Train accuracy = 94.0%
I1009 18:01:51.551600 4519421376 retrain.py:1082] 2019-10-09 18:01:51.551555: Step 1380: Train accuracy = 94.0%
INFO:tensorflow:2019-10-09 18:01:51.551709: Step 1380: Cross entropy = 0.216216
I1009 18:01:51.551720 4519421376 retrain.py:1084] 2019-10-09 18:01:51.551709: Step 1380: Cross entropy = 0.216216
INFO:tensorflow:2019-10-09 18:01:51.607853: Step 1380: Validation accuracy = 36.0% (N=100)
I1009 18:01:51.607902 4519421376 retrain.py:1100] 2019-10-09 18:01:51.607853: Step 1380: Validation accuracy = 36.0% (N=100)
INFO:tensorflow:2019-10-09 18:01:52.160702: Step 1390: Train accuracy = 93.0%
I1009 18:01:52.160748 4519421376 retrain.py:1082] 2019-10-09 18:01:52.160702: Step 1390: Train accuracy = 93.0%
INFO:tensorflow:2019-10-09 18:01:52.160858: Step 1390: Cross entropy = 0.236519
I1009 18:01:52.160869 4519421376 retrain.py:1084] 2019-10-09 18:01:52.160858: Step 1390: Cross entropy = 0.236519
INFO:tensorflow:2019-10-09 18:01:52.216995: Step 1390: Validation accuracy = 38.0% (N=100)
I1009 18:01:52.217041 4519421376 retrain.py:1100] 2019-10-09 18:01:52.216995: Step 1390: Validation accuracy = 38.0% (N=100)
INFO:tensorflow:2019-10-09 18:01:52.770926: Step 1400: Train accuracy = 95.0%
I1009 18:01:52.770970 4519421376 retrain.py:1082] 2019-10-09 18:01:52.770926: Step 1400: Train accuracy = 95.0%
INFO:tensorflow:2019-10-09 18:01:52.771080: Step 1400: Cross entropy = 0.221022
I1009 18:01:52.771091 4519421376 retrain.py:1084] 2019-10-09 18:01:52.771080: Step 1400: Cross entropy = 0.221022
INFO:tensorflow:2019-10-09 18:01:52.827333: Step 1400: Validation accuracy = 41.0% (N=100)
I1009 18:01:52.827380 4519421376 retrain.py:1100] 2019-10-09 18:01:52.827333: Step 1400: Validation accuracy = 41.0% (N=100)
INFO:tensorflow:2019-10-09 18:01:53.381693: Step 1410: Train accuracy = 96.0%
I1009 18:01:53.381738 4519421376 retrain.py:1082] 2019-10-09 18:01:53.381693: Step 1410: Train accuracy = 96.0%
INFO:tensorflow:2019-10-09 18:01:53.381847: Step 1410: Cross entropy = 0.213074
I1009 18:01:53.381856 4519421376 retrain.py:1084] 2019-10-09 18:01:53.381847: Step 1410: Cross entropy = 0.213074
INFO:tensorflow:2019-10-09 18:01:53.437972: Step 1410: Validation accuracy = 35.0% (N=100)
I1009 18:01:53.438021 4519421376 retrain.py:1100] 2019-10-09 18:01:53.437972: Step 1410: Validation accuracy = 35.0% (N=100)
INFO:tensorflow:2019-10-09 18:01:53.990893: Step 1420: Train accuracy = 96.0%
I1009 18:01:53.990938 4519421376 retrain.py:1082] 2019-10-09 18:01:53.990893: Step 1420: Train accuracy = 96.0%
INFO:tensorflow:2019-10-09 18:01:53.991048: Step 1420: Cross entropy = 0.168886
I1009 18:01:53.991060 4519421376 retrain.py:1084] 2019-10-09 18:01:53.991048: Step 1420: Cross entropy = 0.168886
INFO:tensorflow:2019-10-09 18:01:54.047118: Step 1420: Validation accuracy = 30.0% (N=100)
I1009 18:01:54.047163 4519421376 retrain.py:1100] 2019-10-09 18:01:54.047118: Step 1420: Validation accuracy = 30.0% (N=100)
INFO:tensorflow:2019-10-09 18:01:54.601523: Step 1430: Train accuracy = 95.0%
I1009 18:01:54.601567 4519421376 retrain.py:1082] 2019-10-09 18:01:54.601523: Step 1430: Train accuracy = 95.0%
INFO:tensorflow:2019-10-09 18:01:54.601674: Step 1430: Cross entropy = 0.217682
I1009 18:01:54.601685 4519421376 retrain.py:1084] 2019-10-09 18:01:54.601674: Step 1430: Cross entropy = 0.217682
INFO:tensorflow:2019-10-09 18:01:54.657938: Step 1430: Validation accuracy = 40.0% (N=100)
I1009 18:01:54.657986 4519421376 retrain.py:1100] 2019-10-09 18:01:54.657938: Step 1430: Validation accuracy = 40.0% (N=100)
INFO:tensorflow:2019-10-09 18:01:55.211509: Step 1440: Train accuracy = 94.0%
I1009 18:01:55.211553 4519421376 retrain.py:1082] 2019-10-09 18:01:55.211509: Step 1440: Train accuracy = 94.0%
INFO:tensorflow:2019-10-09 18:01:55.211661: Step 1440: Cross entropy = 0.208886
I1009 18:01:55.211671 4519421376 retrain.py:1084] 2019-10-09 18:01:55.211661: Step 1440: Cross entropy = 0.208886
INFO:tensorflow:2019-10-09 18:01:55.267850: Step 1440: Validation accuracy = 37.0% (N=100)
I1009 18:01:55.267898 4519421376 retrain.py:1100] 2019-10-09 18:01:55.267850: Step 1440: Validation accuracy = 37.0% (N=100)
INFO:tensorflow:2019-10-09 18:01:55.823326: Step 1450: Train accuracy = 97.0%
I1009 18:01:55.823379 4519421376 retrain.py:1082] 2019-10-09 18:01:55.823326: Step 1450: Train accuracy = 97.0%
INFO:tensorflow:2019-10-09 18:01:55.823492: Step 1450: Cross entropy = 0.172380
I1009 18:01:55.823502 4519421376 retrain.py:1084] 2019-10-09 18:01:55.823492: Step 1450: Cross entropy = 0.172380
INFO:tensorflow:2019-10-09 18:01:55.879651: Step 1450: Validation accuracy = 34.0% (N=100)
I1009 18:01:55.879698 4519421376 retrain.py:1100] 2019-10-09 18:01:55.879651: Step 1450: Validation accuracy = 34.0% (N=100)
INFO:tensorflow:2019-10-09 18:01:56.432978: Step 1460: Train accuracy = 100.0%
I1009 18:01:56.433022 4519421376 retrain.py:1082] 2019-10-09 18:01:56.432978: Step 1460: Train accuracy = 100.0%
INFO:tensorflow:2019-10-09 18:01:56.433134: Step 1460: Cross entropy = 0.178512
I1009 18:01:56.433144 4519421376 retrain.py:1084] 2019-10-09 18:01:56.433134: Step 1460: Cross entropy = 0.178512
INFO:tensorflow:2019-10-09 18:01:56.489330: Step 1460: Validation accuracy = 45.0% (N=100)
I1009 18:01:56.489376 4519421376 retrain.py:1100] 2019-10-09 18:01:56.489330: Step 1460: Validation accuracy = 45.0% (N=100)
INFO:tensorflow:2019-10-09 18:01:57.043332: Step 1470: Train accuracy = 96.0%
I1009 18:01:57.043375 4519421376 retrain.py:1082] 2019-10-09 18:01:57.043332: Step 1470: Train accuracy = 96.0%
INFO:tensorflow:2019-10-09 18:01:57.043481: Step 1470: Cross entropy = 0.185369
I1009 18:01:57.043492 4519421376 retrain.py:1084] 2019-10-09 18:01:57.043481: Step 1470: Cross entropy = 0.185369
INFO:tensorflow:2019-10-09 18:01:57.099667: Step 1470: Validation accuracy = 33.0% (N=100)
I1009 18:01:57.099714 4519421376 retrain.py:1100] 2019-10-09 18:01:57.099667: Step 1470: Validation accuracy = 33.0% (N=100)
INFO:tensorflow:2019-10-09 18:01:57.654078: Step 1480: Train accuracy = 97.0%
I1009 18:01:57.654123 4519421376 retrain.py:1082] 2019-10-09 18:01:57.654078: Step 1480: Train accuracy = 97.0%
INFO:tensorflow:2019-10-09 18:01:57.654234: Step 1480: Cross entropy = 0.199791
I1009 18:01:57.654244 4519421376 retrain.py:1084] 2019-10-09 18:01:57.654234: Step 1480: Cross entropy = 0.199791
INFO:tensorflow:2019-10-09 18:01:57.710407: Step 1480: Validation accuracy = 33.0% (N=100)
I1009 18:01:57.710454 4519421376 retrain.py:1100] 2019-10-09 18:01:57.710407: Step 1480: Validation accuracy = 33.0% (N=100)
INFO:tensorflow:2019-10-09 18:01:58.265403: Step 1490: Train accuracy = 97.0%
I1009 18:01:58.265460 4519421376 retrain.py:1082] 2019-10-09 18:01:58.265403: Step 1490: Train accuracy = 97.0%
INFO:tensorflow:2019-10-09 18:01:58.265595: Step 1490: Cross entropy = 0.200255
I1009 18:01:58.265605 4519421376 retrain.py:1084] 2019-10-09 18:01:58.265595: Step 1490: Cross entropy = 0.200255
INFO:tensorflow:2019-10-09 18:01:58.322224: Step 1490: Validation accuracy = 42.0% (N=100)
I1009 18:01:58.322272 4519421376 retrain.py:1100] 2019-10-09 18:01:58.322224: Step 1490: Validation accuracy = 42.0% (N=100)
INFO:tensorflow:2019-10-09 18:01:58.876962: Step 1500: Train accuracy = 93.0%
I1009 18:01:58.877006 4519421376 retrain.py:1082] 2019-10-09 18:01:58.876962: Step 1500: Train accuracy = 93.0%
INFO:tensorflow:2019-10-09 18:01:58.877114: Step 1500: Cross entropy = 0.211670
I1009 18:01:58.877124 4519421376 retrain.py:1084] 2019-10-09 18:01:58.877114: Step 1500: Cross entropy = 0.211670
INFO:tensorflow:2019-10-09 18:01:58.933593: Step 1500: Validation accuracy = 53.0% (N=100)
I1009 18:01:58.933641 4519421376 retrain.py:1100] 2019-10-09 18:01:58.933593: Step 1500: Validation accuracy = 53.0% (N=100)
INFO:tensorflow:2019-10-09 18:01:59.486710: Step 1510: Train accuracy = 96.0%
I1009 18:01:59.486753 4519421376 retrain.py:1082] 2019-10-09 18:01:59.486710: Step 1510: Train accuracy = 96.0%
INFO:tensorflow:2019-10-09 18:01:59.486862: Step 1510: Cross entropy = 0.219096
I1009 18:01:59.486871 4519421376 retrain.py:1084] 2019-10-09 18:01:59.486862: Step 1510: Cross entropy = 0.219096
INFO:tensorflow:2019-10-09 18:01:59.542572: Step 1510: Validation accuracy = 39.0% (N=100)
I1009 18:01:59.542620 4519421376 retrain.py:1100] 2019-10-09 18:01:59.542572: Step 1510: Validation accuracy = 39.0% (N=100)
INFO:tensorflow:2019-10-09 18:02:00.097066: Step 1520: Train accuracy = 96.0%
I1009 18:02:00.097110 4519421376 retrain.py:1082] 2019-10-09 18:02:00.097066: Step 1520: Train accuracy = 96.0%
INFO:tensorflow:2019-10-09 18:02:00.097218: Step 1520: Cross entropy = 0.198431
I1009 18:02:00.097228 4519421376 retrain.py:1084] 2019-10-09 18:02:00.097218: Step 1520: Cross entropy = 0.198431
INFO:tensorflow:2019-10-09 18:02:00.153448: Step 1520: Validation accuracy = 30.0% (N=100)
I1009 18:02:00.153496 4519421376 retrain.py:1100] 2019-10-09 18:02:00.153448: Step 1520: Validation accuracy = 30.0% (N=100)
INFO:tensorflow:2019-10-09 18:02:00.707282: Step 1530: Train accuracy = 95.0%
I1009 18:02:00.707324 4519421376 retrain.py:1082] 2019-10-09 18:02:00.707282: Step 1530: Train accuracy = 95.0%
INFO:tensorflow:2019-10-09 18:02:00.707431: Step 1530: Cross entropy = 0.216764
I1009 18:02:00.707441 4519421376 retrain.py:1084] 2019-10-09 18:02:00.707431: Step 1530: Cross entropy = 0.216764
INFO:tensorflow:2019-10-09 18:02:00.763793: Step 1530: Validation accuracy = 47.0% (N=100)
I1009 18:02:00.763843 4519421376 retrain.py:1100] 2019-10-09 18:02:00.763793: Step 1530: Validation accuracy = 47.0% (N=100)
INFO:tensorflow:2019-10-09 18:02:01.318306: Step 1540: Train accuracy = 99.0%
I1009 18:02:01.318351 4519421376 retrain.py:1082] 2019-10-09 18:02:01.318306: Step 1540: Train accuracy = 99.0%
INFO:tensorflow:2019-10-09 18:02:01.318484: Step 1540: Cross entropy = 0.199522
I1009 18:02:01.318493 4519421376 retrain.py:1084] 2019-10-09 18:02:01.318484: Step 1540: Cross entropy = 0.199522
INFO:tensorflow:2019-10-09 18:02:01.374196: Step 1540: Validation accuracy = 35.0% (N=100)
I1009 18:02:01.374244 4519421376 retrain.py:1100] 2019-10-09 18:02:01.374196: Step 1540: Validation accuracy = 35.0% (N=100)
INFO:tensorflow:2019-10-09 18:02:01.928891: Step 1550: Train accuracy = 99.0%
I1009 18:02:01.928936 4519421376 retrain.py:1082] 2019-10-09 18:02:01.928891: Step 1550: Train accuracy = 99.0%
INFO:tensorflow:2019-10-09 18:02:01.929046: Step 1550: Cross entropy = 0.191494
I1009 18:02:01.929058 4519421376 retrain.py:1084] 2019-10-09 18:02:01.929046: Step 1550: Cross entropy = 0.191494
INFO:tensorflow:2019-10-09 18:02:01.985014: Step 1550: Validation accuracy = 36.0% (N=100)
I1009 18:02:01.985061 4519421376 retrain.py:1100] 2019-10-09 18:02:01.985014: Step 1550: Validation accuracy = 36.0% (N=100)
INFO:tensorflow:2019-10-09 18:02:02.537946: Step 1560: Train accuracy = 94.0%
I1009 18:02:02.537989 4519421376 retrain.py:1082] 2019-10-09 18:02:02.537946: Step 1560: Train accuracy = 94.0%
INFO:tensorflow:2019-10-09 18:02:02.538096: Step 1560: Cross entropy = 0.193508
I1009 18:02:02.538106 4519421376 retrain.py:1084] 2019-10-09 18:02:02.538096: Step 1560: Cross entropy = 0.193508
INFO:tensorflow:2019-10-09 18:02:02.594073: Step 1560: Validation accuracy = 37.0% (N=100)
I1009 18:02:02.594121 4519421376 retrain.py:1100] 2019-10-09 18:02:02.594073: Step 1560: Validation accuracy = 37.0% (N=100)
INFO:tensorflow:2019-10-09 18:02:03.148119: Step 1570: Train accuracy = 93.0%
I1009 18:02:03.148164 4519421376 retrain.py:1082] 2019-10-09 18:02:03.148119: Step 1570: Train accuracy = 93.0%
INFO:tensorflow:2019-10-09 18:02:03.148272: Step 1570: Cross entropy = 0.225558
I1009 18:02:03.148283 4519421376 retrain.py:1084] 2019-10-09 18:02:03.148272: Step 1570: Cross entropy = 0.225558
INFO:tensorflow:2019-10-09 18:02:03.203685: Step 1570: Validation accuracy = 33.0% (N=100)
I1009 18:02:03.203732 4519421376 retrain.py:1100] 2019-10-09 18:02:03.203685: Step 1570: Validation accuracy = 33.0% (N=100)
INFO:tensorflow:2019-10-09 18:02:03.757279: Step 1580: Train accuracy = 97.0%
I1009 18:02:03.757323 4519421376 retrain.py:1082] 2019-10-09 18:02:03.757279: Step 1580: Train accuracy = 97.0%
INFO:tensorflow:2019-10-09 18:02:03.757433: Step 1580: Cross entropy = 0.172982
I1009 18:02:03.757443 4519421376 retrain.py:1084] 2019-10-09 18:02:03.757433: Step 1580: Cross entropy = 0.172982
INFO:tensorflow:2019-10-09 18:02:03.813648: Step 1580: Validation accuracy = 36.0% (N=100)
I1009 18:02:03.813695 4519421376 retrain.py:1100] 2019-10-09 18:02:03.813648: Step 1580: Validation accuracy = 36.0% (N=100)
INFO:tensorflow:2019-10-09 18:02:04.367302: Step 1590: Train accuracy = 95.0%
I1009 18:02:04.367345 4519421376 retrain.py:1082] 2019-10-09 18:02:04.367302: Step 1590: Train accuracy = 95.0%
INFO:tensorflow:2019-10-09 18:02:04.367480: Step 1590: Cross entropy = 0.173492
I1009 18:02:04.367491 4519421376 retrain.py:1084] 2019-10-09 18:02:04.367480: Step 1590: Cross entropy = 0.173492
INFO:tensorflow:2019-10-09 18:02:04.423667: Step 1590: Validation accuracy = 30.0% (N=100)
I1009 18:02:04.423715 4519421376 retrain.py:1100] 2019-10-09 18:02:04.423667: Step 1590: Validation accuracy = 30.0% (N=100)
INFO:tensorflow:2019-10-09 18:02:04.976717: Step 1600: Train accuracy = 93.0%
I1009 18:02:04.976762 4519421376 retrain.py:1082] 2019-10-09 18:02:04.976717: Step 1600: Train accuracy = 93.0%
INFO:tensorflow:2019-10-09 18:02:04.976870: Step 1600: Cross entropy = 0.218846
I1009 18:02:04.976880 4519421376 retrain.py:1084] 2019-10-09 18:02:04.976870: Step 1600: Cross entropy = 0.218846
INFO:tensorflow:2019-10-09 18:02:05.033116: Step 1600: Validation accuracy = 37.0% (N=100)
I1009 18:02:05.033163 4519421376 retrain.py:1100] 2019-10-09 18:02:05.033116: Step 1600: Validation accuracy = 37.0% (N=100)
INFO:tensorflow:2019-10-09 18:02:05.586597: Step 1610: Train accuracy = 94.0%
I1009 18:02:05.586640 4519421376 retrain.py:1082] 2019-10-09 18:02:05.586597: Step 1610: Train accuracy = 94.0%
INFO:tensorflow:2019-10-09 18:02:05.586747: Step 1610: Cross entropy = 0.208159
I1009 18:02:05.586757 4519421376 retrain.py:1084] 2019-10-09 18:02:05.586747: Step 1610: Cross entropy = 0.208159
INFO:tensorflow:2019-10-09 18:02:05.642566: Step 1610: Validation accuracy = 36.0% (N=100)
I1009 18:02:05.642614 4519421376 retrain.py:1100] 2019-10-09 18:02:05.642566: Step 1610: Validation accuracy = 36.0% (N=100)
INFO:tensorflow:2019-10-09 18:02:06.195424: Step 1620: Train accuracy = 96.0%
I1009 18:02:06.195470 4519421376 retrain.py:1082] 2019-10-09 18:02:06.195424: Step 1620: Train accuracy = 96.0%
INFO:tensorflow:2019-10-09 18:02:06.195575: Step 1620: Cross entropy = 0.190808
I1009 18:02:06.195585 4519421376 retrain.py:1084] 2019-10-09 18:02:06.195575: Step 1620: Cross entropy = 0.190808
INFO:tensorflow:2019-10-09 18:02:06.251786: Step 1620: Validation accuracy = 36.0% (N=100)
I1009 18:02:06.251834 4519421376 retrain.py:1100] 2019-10-09 18:02:06.251786: Step 1620: Validation accuracy = 36.0% (N=100)
INFO:tensorflow:2019-10-09 18:02:06.806705: Step 1630: Train accuracy = 98.0%
I1009 18:02:06.806750 4519421376 retrain.py:1082] 2019-10-09 18:02:06.806705: Step 1630: Train accuracy = 98.0%
INFO:tensorflow:2019-10-09 18:02:06.806870: Step 1630: Cross entropy = 0.193297
I1009 18:02:06.806880 4519421376 retrain.py:1084] 2019-10-09 18:02:06.806870: Step 1630: Cross entropy = 0.193297
INFO:tensorflow:2019-10-09 18:02:06.862858: Step 1630: Validation accuracy = 40.0% (N=100)
I1009 18:02:06.862903 4519421376 retrain.py:1100] 2019-10-09 18:02:06.862858: Step 1630: Validation accuracy = 40.0% (N=100)
INFO:tensorflow:2019-10-09 18:02:07.416968: Step 1640: Train accuracy = 96.0%
I1009 18:02:07.417025 4519421376 retrain.py:1082] 2019-10-09 18:02:07.416968: Step 1640: Train accuracy = 96.0%
INFO:tensorflow:2019-10-09 18:02:07.417168: Step 1640: Cross entropy = 0.192708
I1009 18:02:07.417178 4519421376 retrain.py:1084] 2019-10-09 18:02:07.417168: Step 1640: Cross entropy = 0.192708
INFO:tensorflow:2019-10-09 18:02:07.473738: Step 1640: Validation accuracy = 36.0% (N=100)
I1009 18:02:07.473786 4519421376 retrain.py:1100] 2019-10-09 18:02:07.473738: Step 1640: Validation accuracy = 36.0% (N=100)
INFO:tensorflow:2019-10-09 18:02:08.028967: Step 1650: Train accuracy = 97.0%
I1009 18:02:08.029014 4519421376 retrain.py:1082] 2019-10-09 18:02:08.028967: Step 1650: Train accuracy = 97.0%
INFO:tensorflow:2019-10-09 18:02:08.029127: Step 1650: Cross entropy = 0.213389
I1009 18:02:08.029137 4519421376 retrain.py:1084] 2019-10-09 18:02:08.029127: Step 1650: Cross entropy = 0.213389
INFO:tensorflow:2019-10-09 18:02:08.085572: Step 1650: Validation accuracy = 30.0% (N=100)
I1009 18:02:08.085619 4519421376 retrain.py:1100] 2019-10-09 18:02:08.085572: Step 1650: Validation accuracy = 30.0% (N=100)
INFO:tensorflow:2019-10-09 18:02:08.640573: Step 1660: Train accuracy = 97.0%
I1009 18:02:08.640616 4519421376 retrain.py:1082] 2019-10-09 18:02:08.640573: Step 1660: Train accuracy = 97.0%
INFO:tensorflow:2019-10-09 18:02:08.640724: Step 1660: Cross entropy = 0.167519
I1009 18:02:08.640748 4519421376 retrain.py:1084] 2019-10-09 18:02:08.640724: Step 1660: Cross entropy = 0.167519
INFO:tensorflow:2019-10-09 18:02:08.696242: Step 1660: Validation accuracy = 38.0% (N=100)
I1009 18:02:08.696292 4519421376 retrain.py:1100] 2019-10-09 18:02:08.696242: Step 1660: Validation accuracy = 38.0% (N=100)
INFO:tensorflow:2019-10-09 18:02:09.252231: Step 1670: Train accuracy = 95.0%
I1009 18:02:09.252275 4519421376 retrain.py:1082] 2019-10-09 18:02:09.252231: Step 1670: Train accuracy = 95.0%
INFO:tensorflow:2019-10-09 18:02:09.252385: Step 1670: Cross entropy = 0.186388
I1009 18:02:09.252396 4519421376 retrain.py:1084] 2019-10-09 18:02:09.252385: Step 1670: Cross entropy = 0.186388
INFO:tensorflow:2019-10-09 18:02:09.308780: Step 1670: Validation accuracy = 35.0% (N=100)
I1009 18:02:09.308834 4519421376 retrain.py:1100] 2019-10-09 18:02:09.308780: Step 1670: Validation accuracy = 35.0% (N=100)
INFO:tensorflow:2019-10-09 18:02:09.862952: Step 1680: Train accuracy = 95.0%
I1009 18:02:09.862997 4519421376 retrain.py:1082] 2019-10-09 18:02:09.862952: Step 1680: Train accuracy = 95.0%
INFO:tensorflow:2019-10-09 18:02:09.863105: Step 1680: Cross entropy = 0.214571
I1009 18:02:09.863115 4519421376 retrain.py:1084] 2019-10-09 18:02:09.863105: Step 1680: Cross entropy = 0.214571
INFO:tensorflow:2019-10-09 18:02:09.919530: Step 1680: Validation accuracy = 35.0% (N=100)
I1009 18:02:09.919578 4519421376 retrain.py:1100] 2019-10-09 18:02:09.919530: Step 1680: Validation accuracy = 35.0% (N=100)
INFO:tensorflow:2019-10-09 18:02:10.474182: Step 1690: Train accuracy = 100.0%
I1009 18:02:10.474226 4519421376 retrain.py:1082] 2019-10-09 18:02:10.474182: Step 1690: Train accuracy = 100.0%
INFO:tensorflow:2019-10-09 18:02:10.474334: Step 1690: Cross entropy = 0.154000
I1009 18:02:10.474344 4519421376 retrain.py:1084] 2019-10-09 18:02:10.474334: Step 1690: Cross entropy = 0.154000
INFO:tensorflow:2019-10-09 18:02:10.530505: Step 1690: Validation accuracy = 41.0% (N=100)
I1009 18:02:10.530550 4519421376 retrain.py:1100] 2019-10-09 18:02:10.530505: Step 1690: Validation accuracy = 41.0% (N=100)
INFO:tensorflow:2019-10-09 18:02:11.083108: Step 1700: Train accuracy = 98.0%
I1009 18:02:11.083151 4519421376 retrain.py:1082] 2019-10-09 18:02:11.083108: Step 1700: Train accuracy = 98.0%
INFO:tensorflow:2019-10-09 18:02:11.083266: Step 1700: Cross entropy = 0.166954
I1009 18:02:11.083279 4519421376 retrain.py:1084] 2019-10-09 18:02:11.083266: Step 1700: Cross entropy = 0.166954
INFO:tensorflow:2019-10-09 18:02:11.139404: Step 1700: Validation accuracy = 30.0% (N=100)
I1009 18:02:11.139450 4519421376 retrain.py:1100] 2019-10-09 18:02:11.139404: Step 1700: Validation accuracy = 30.0% (N=100)
INFO:tensorflow:2019-10-09 18:02:11.694189: Step 1710: Train accuracy = 97.0%
I1009 18:02:11.694234 4519421376 retrain.py:1082] 2019-10-09 18:02:11.694189: Step 1710: Train accuracy = 97.0%
INFO:tensorflow:2019-10-09 18:02:11.694343: Step 1710: Cross entropy = 0.185395
I1009 18:02:11.694353 4519421376 retrain.py:1084] 2019-10-09 18:02:11.694343: Step 1710: Cross entropy = 0.185395
INFO:tensorflow:2019-10-09 18:02:11.750462: Step 1710: Validation accuracy = 45.0% (N=100)
I1009 18:02:11.750509 4519421376 retrain.py:1100] 2019-10-09 18:02:11.750462: Step 1710: Validation accuracy = 45.0% (N=100)
INFO:tensorflow:2019-10-09 18:02:12.304279: Step 1720: Train accuracy = 96.0%
I1009 18:02:12.304324 4519421376 retrain.py:1082] 2019-10-09 18:02:12.304279: Step 1720: Train accuracy = 96.0%
INFO:tensorflow:2019-10-09 18:02:12.304431: Step 1720: Cross entropy = 0.203499
I1009 18:02:12.304440 4519421376 retrain.py:1084] 2019-10-09 18:02:12.304431: Step 1720: Cross entropy = 0.203499
INFO:tensorflow:2019-10-09 18:02:12.360763: Step 1720: Validation accuracy = 41.0% (N=100)
I1009 18:02:12.360808 4519421376 retrain.py:1100] 2019-10-09 18:02:12.360763: Step 1720: Validation accuracy = 41.0% (N=100)
INFO:tensorflow:2019-10-09 18:02:12.928682: Step 1730: Train accuracy = 100.0%
I1009 18:02:12.928727 4519421376 retrain.py:1082] 2019-10-09 18:02:12.928682: Step 1730: Train accuracy = 100.0%
INFO:tensorflow:2019-10-09 18:02:12.928834: Step 1730: Cross entropy = 0.151339
I1009 18:02:12.928843 4519421376 retrain.py:1084] 2019-10-09 18:02:12.928834: Step 1730: Cross entropy = 0.151339
INFO:tensorflow:2019-10-09 18:02:12.985024: Step 1730: Validation accuracy = 43.0% (N=100)
I1009 18:02:12.985072 4519421376 retrain.py:1100] 2019-10-09 18:02:12.985024: Step 1730: Validation accuracy = 43.0% (N=100)
INFO:tensorflow:2019-10-09 18:02:13.537846: Step 1740: Train accuracy = 97.0%
I1009 18:02:13.537891 4519421376 retrain.py:1082] 2019-10-09 18:02:13.537846: Step 1740: Train accuracy = 97.0%
INFO:tensorflow:2019-10-09 18:02:13.537998: Step 1740: Cross entropy = 0.191117
I1009 18:02:13.538009 4519421376 retrain.py:1084] 2019-10-09 18:02:13.537998: Step 1740: Cross entropy = 0.191117
INFO:tensorflow:2019-10-09 18:02:13.593994: Step 1740: Validation accuracy = 47.0% (N=100)
I1009 18:02:13.594042 4519421376 retrain.py:1100] 2019-10-09 18:02:13.593994: Step 1740: Validation accuracy = 47.0% (N=100)
INFO:tensorflow:2019-10-09 18:02:14.148092: Step 1750: Train accuracy = 96.0%
I1009 18:02:14.148136 4519421376 retrain.py:1082] 2019-10-09 18:02:14.148092: Step 1750: Train accuracy = 96.0%
INFO:tensorflow:2019-10-09 18:02:14.148245: Step 1750: Cross entropy = 0.171374
I1009 18:02:14.148254 4519421376 retrain.py:1084] 2019-10-09 18:02:14.148245: Step 1750: Cross entropy = 0.171374
INFO:tensorflow:2019-10-09 18:02:14.204409: Step 1750: Validation accuracy = 37.0% (N=100)
I1009 18:02:14.204455 4519421376 retrain.py:1100] 2019-10-09 18:02:14.204409: Step 1750: Validation accuracy = 37.0% (N=100)
INFO:tensorflow:2019-10-09 18:02:14.757556: Step 1760: Train accuracy = 96.0%
I1009 18:02:14.757601 4519421376 retrain.py:1082] 2019-10-09 18:02:14.757556: Step 1760: Train accuracy = 96.0%
INFO:tensorflow:2019-10-09 18:02:14.757707: Step 1760: Cross entropy = 0.167738
I1009 18:02:14.757719 4519421376 retrain.py:1084] 2019-10-09 18:02:14.757707: Step 1760: Cross entropy = 0.167738
INFO:tensorflow:2019-10-09 18:02:14.814576: Step 1760: Validation accuracy = 34.0% (N=100)
I1009 18:02:14.814624 4519421376 retrain.py:1100] 2019-10-09 18:02:14.814576: Step 1760: Validation accuracy = 34.0% (N=100)
INFO:tensorflow:2019-10-09 18:02:15.370021: Step 1770: Train accuracy = 97.0%
I1009 18:02:15.370076 4519421376 retrain.py:1082] 2019-10-09 18:02:15.370021: Step 1770: Train accuracy = 97.0%
INFO:tensorflow:2019-10-09 18:02:15.370210: Step 1770: Cross entropy = 0.174238
I1009 18:02:15.370219 4519421376 retrain.py:1084] 2019-10-09 18:02:15.370210: Step 1770: Cross entropy = 0.174238
INFO:tensorflow:2019-10-09 18:02:15.426676: Step 1770: Validation accuracy = 36.0% (N=100)
I1009 18:02:15.426725 4519421376 retrain.py:1100] 2019-10-09 18:02:15.426676: Step 1770: Validation accuracy = 36.0% (N=100)
INFO:tensorflow:2019-10-09 18:02:15.979567: Step 1780: Train accuracy = 99.0%
I1009 18:02:15.979610 4519421376 retrain.py:1082] 2019-10-09 18:02:15.979567: Step 1780: Train accuracy = 99.0%
INFO:tensorflow:2019-10-09 18:02:15.979718: Step 1780: Cross entropy = 0.174934
I1009 18:02:15.979727 4519421376 retrain.py:1084] 2019-10-09 18:02:15.979718: Step 1780: Cross entropy = 0.174934
INFO:tensorflow:2019-10-09 18:02:16.035912: Step 1780: Validation accuracy = 46.0% (N=100)
I1009 18:02:16.035959 4519421376 retrain.py:1100] 2019-10-09 18:02:16.035912: Step 1780: Validation accuracy = 46.0% (N=100)
INFO:tensorflow:2019-10-09 18:02:16.590093: Step 1790: Train accuracy = 97.0%
I1009 18:02:16.590137 4519421376 retrain.py:1082] 2019-10-09 18:02:16.590093: Step 1790: Train accuracy = 97.0%
INFO:tensorflow:2019-10-09 18:02:16.590241: Step 1790: Cross entropy = 0.159613
I1009 18:02:16.590251 4519421376 retrain.py:1084] 2019-10-09 18:02:16.590241: Step 1790: Cross entropy = 0.159613
INFO:tensorflow:2019-10-09 18:02:16.646554: Step 1790: Validation accuracy = 38.0% (N=100)
I1009 18:02:16.646600 4519421376 retrain.py:1100] 2019-10-09 18:02:16.646554: Step 1790: Validation accuracy = 38.0% (N=100)
INFO:tensorflow:2019-10-09 18:02:17.199890: Step 1800: Train accuracy = 99.0%
I1009 18:02:17.199934 4519421376 retrain.py:1082] 2019-10-09 18:02:17.199890: Step 1800: Train accuracy = 99.0%
INFO:tensorflow:2019-10-09 18:02:17.200042: Step 1800: Cross entropy = 0.155607
I1009 18:02:17.200052 4519421376 retrain.py:1084] 2019-10-09 18:02:17.200042: Step 1800: Cross entropy = 0.155607
INFO:tensorflow:2019-10-09 18:02:17.256109: Step 1800: Validation accuracy = 37.0% (N=100)
I1009 18:02:17.256155 4519421376 retrain.py:1100] 2019-10-09 18:02:17.256109: Step 1800: Validation accuracy = 37.0% (N=100)
INFO:tensorflow:2019-10-09 18:02:17.810811: Step 1810: Train accuracy = 97.0%
I1009 18:02:17.810854 4519421376 retrain.py:1082] 2019-10-09 18:02:17.810811: Step 1810: Train accuracy = 97.0%
INFO:tensorflow:2019-10-09 18:02:17.810962: Step 1810: Cross entropy = 0.152693
I1009 18:02:17.810971 4519421376 retrain.py:1084] 2019-10-09 18:02:17.810962: Step 1810: Cross entropy = 0.152693
INFO:tensorflow:2019-10-09 18:02:17.867149: Step 1810: Validation accuracy = 44.0% (N=100)
I1009 18:02:17.867197 4519421376 retrain.py:1100] 2019-10-09 18:02:17.867149: Step 1810: Validation accuracy = 44.0% (N=100)
INFO:tensorflow:2019-10-09 18:02:18.421270: Step 1820: Train accuracy = 94.0%
I1009 18:02:18.421314 4519421376 retrain.py:1082] 2019-10-09 18:02:18.421270: Step 1820: Train accuracy = 94.0%
INFO:tensorflow:2019-10-09 18:02:18.421422: Step 1820: Cross entropy = 0.200851
I1009 18:02:18.421432 4519421376 retrain.py:1084] 2019-10-09 18:02:18.421422: Step 1820: Cross entropy = 0.200851
INFO:tensorflow:2019-10-09 18:02:18.477729: Step 1820: Validation accuracy = 38.0% (N=100)
I1009 18:02:18.477775 4519421376 retrain.py:1100] 2019-10-09 18:02:18.477729: Step 1820: Validation accuracy = 38.0% (N=100)
INFO:tensorflow:2019-10-09 18:02:19.030864: Step 1830: Train accuracy = 93.0%
I1009 18:02:19.030906 4519421376 retrain.py:1082] 2019-10-09 18:02:19.030864: Step 1830: Train accuracy = 93.0%
INFO:tensorflow:2019-10-09 18:02:19.031012: Step 1830: Cross entropy = 0.211068
I1009 18:02:19.031023 4519421376 retrain.py:1084] 2019-10-09 18:02:19.031012: Step 1830: Cross entropy = 0.211068
INFO:tensorflow:2019-10-09 18:02:19.087416: Step 1830: Validation accuracy = 40.0% (N=100)
I1009 18:02:19.087462 4519421376 retrain.py:1100] 2019-10-09 18:02:19.087416: Step 1830: Validation accuracy = 40.0% (N=100)
INFO:tensorflow:2019-10-09 18:02:19.641747: Step 1840: Train accuracy = 95.0%
I1009 18:02:19.641792 4519421376 retrain.py:1082] 2019-10-09 18:02:19.641747: Step 1840: Train accuracy = 95.0%
INFO:tensorflow:2019-10-09 18:02:19.641899: Step 1840: Cross entropy = 0.171251
I1009 18:02:19.641908 4519421376 retrain.py:1084] 2019-10-09 18:02:19.641899: Step 1840: Cross entropy = 0.171251
INFO:tensorflow:2019-10-09 18:02:19.697936: Step 1840: Validation accuracy = 36.0% (N=100)
I1009 18:02:19.697983 4519421376 retrain.py:1100] 2019-10-09 18:02:19.697936: Step 1840: Validation accuracy = 36.0% (N=100)
INFO:tensorflow:2019-10-09 18:02:20.252694: Step 1850: Train accuracy = 96.0%
I1009 18:02:20.252737 4519421376 retrain.py:1082] 2019-10-09 18:02:20.252694: Step 1850: Train accuracy = 96.0%
INFO:tensorflow:2019-10-09 18:02:20.252844: Step 1850: Cross entropy = 0.188910
I1009 18:02:20.252854 4519421376 retrain.py:1084] 2019-10-09 18:02:20.252844: Step 1850: Cross entropy = 0.188910
INFO:tensorflow:2019-10-09 18:02:20.310023: Step 1850: Validation accuracy = 32.0% (N=100)
I1009 18:02:20.310070 4519421376 retrain.py:1100] 2019-10-09 18:02:20.310023: Step 1850: Validation accuracy = 32.0% (N=100)
INFO:tensorflow:2019-10-09 18:02:20.863799: Step 1860: Train accuracy = 99.0%
I1009 18:02:20.863842 4519421376 retrain.py:1082] 2019-10-09 18:02:20.863799: Step 1860: Train accuracy = 99.0%
INFO:tensorflow:2019-10-09 18:02:20.863947: Step 1860: Cross entropy = 0.137892
I1009 18:02:20.863956 4519421376 retrain.py:1084] 2019-10-09 18:02:20.863947: Step 1860: Cross entropy = 0.137892
INFO:tensorflow:2019-10-09 18:02:20.920222: Step 1860: Validation accuracy = 33.0% (N=100)
I1009 18:02:20.920269 4519421376 retrain.py:1100] 2019-10-09 18:02:20.920222: Step 1860: Validation accuracy = 33.0% (N=100)
INFO:tensorflow:2019-10-09 18:02:21.473662: Step 1870: Train accuracy = 99.0%
I1009 18:02:21.473707 4519421376 retrain.py:1082] 2019-10-09 18:02:21.473662: Step 1870: Train accuracy = 99.0%
INFO:tensorflow:2019-10-09 18:02:21.473817: Step 1870: Cross entropy = 0.162774
I1009 18:02:21.473828 4519421376 retrain.py:1084] 2019-10-09 18:02:21.473817: Step 1870: Cross entropy = 0.162774
INFO:tensorflow:2019-10-09 18:02:21.530202: Step 1870: Validation accuracy = 44.0% (N=100)
I1009 18:02:21.530250 4519421376 retrain.py:1100] 2019-10-09 18:02:21.530202: Step 1870: Validation accuracy = 44.0% (N=100)
INFO:tensorflow:2019-10-09 18:02:22.084824: Step 1880: Train accuracy = 95.0%
I1009 18:02:22.084868 4519421376 retrain.py:1082] 2019-10-09 18:02:22.084824: Step 1880: Train accuracy = 95.0%
INFO:tensorflow:2019-10-09 18:02:22.084975: Step 1880: Cross entropy = 0.186820
I1009 18:02:22.084986 4519421376 retrain.py:1084] 2019-10-09 18:02:22.084975: Step 1880: Cross entropy = 0.186820
INFO:tensorflow:2019-10-09 18:02:22.141339: Step 1880: Validation accuracy = 36.0% (N=100)
I1009 18:02:22.141386 4519421376 retrain.py:1100] 2019-10-09 18:02:22.141339: Step 1880: Validation accuracy = 36.0% (N=100)
INFO:tensorflow:2019-10-09 18:02:22.693874: Step 1890: Train accuracy = 99.0%
I1009 18:02:22.693917 4519421376 retrain.py:1082] 2019-10-09 18:02:22.693874: Step 1890: Train accuracy = 99.0%
INFO:tensorflow:2019-10-09 18:02:22.694025: Step 1890: Cross entropy = 0.128852
I1009 18:02:22.694035 4519421376 retrain.py:1084] 2019-10-09 18:02:22.694025: Step 1890: Cross entropy = 0.128852
INFO:tensorflow:2019-10-09 18:02:22.750326: Step 1890: Validation accuracy = 40.0% (N=100)
I1009 18:02:22.750373 4519421376 retrain.py:1100] 2019-10-09 18:02:22.750326: Step 1890: Validation accuracy = 40.0% (N=100)
INFO:tensorflow:2019-10-09 18:02:23.305726: Step 1900: Train accuracy = 96.0%
I1009 18:02:23.305771 4519421376 retrain.py:1082] 2019-10-09 18:02:23.305726: Step 1900: Train accuracy = 96.0%
INFO:tensorflow:2019-10-09 18:02:23.305881: Step 1900: Cross entropy = 0.169386
I1009 18:02:23.305893 4519421376 retrain.py:1084] 2019-10-09 18:02:23.305881: Step 1900: Cross entropy = 0.169386
INFO:tensorflow:2019-10-09 18:02:23.362078: Step 1900: Validation accuracy = 26.0% (N=100)
I1009 18:02:23.362125 4519421376 retrain.py:1100] 2019-10-09 18:02:23.362078: Step 1900: Validation accuracy = 26.0% (N=100)
INFO:tensorflow:2019-10-09 18:02:23.917243: Step 1910: Train accuracy = 98.0%
I1009 18:02:23.917299 4519421376 retrain.py:1082] 2019-10-09 18:02:23.917243: Step 1910: Train accuracy = 98.0%
INFO:tensorflow:2019-10-09 18:02:23.917438: Step 1910: Cross entropy = 0.154524
I1009 18:02:23.917448 4519421376 retrain.py:1084] 2019-10-09 18:02:23.917438: Step 1910: Cross entropy = 0.154524
INFO:tensorflow:2019-10-09 18:02:23.973638: Step 1910: Validation accuracy = 41.0% (N=100)
I1009 18:02:23.973685 4519421376 retrain.py:1100] 2019-10-09 18:02:23.973638: Step 1910: Validation accuracy = 41.0% (N=100)
INFO:tensorflow:2019-10-09 18:02:24.526925: Step 1920: Train accuracy = 99.0%
I1009 18:02:24.526970 4519421376 retrain.py:1082] 2019-10-09 18:02:24.526925: Step 1920: Train accuracy = 99.0%
INFO:tensorflow:2019-10-09 18:02:24.527078: Step 1920: Cross entropy = 0.151559
I1009 18:02:24.527088 4519421376 retrain.py:1084] 2019-10-09 18:02:24.527078: Step 1920: Cross entropy = 0.151559
INFO:tensorflow:2019-10-09 18:02:24.583494: Step 1920: Validation accuracy = 40.0% (N=100)
I1009 18:02:24.583542 4519421376 retrain.py:1100] 2019-10-09 18:02:24.583494: Step 1920: Validation accuracy = 40.0% (N=100)
INFO:tensorflow:2019-10-09 18:02:25.138606: Step 1930: Train accuracy = 96.0%
I1009 18:02:25.138650 4519421376 retrain.py:1082] 2019-10-09 18:02:25.138606: Step 1930: Train accuracy = 96.0%
INFO:tensorflow:2019-10-09 18:02:25.138759: Step 1930: Cross entropy = 0.161180
I1009 18:02:25.138769 4519421376 retrain.py:1084] 2019-10-09 18:02:25.138759: Step 1930: Cross entropy = 0.161180
INFO:tensorflow:2019-10-09 18:02:25.195083: Step 1930: Validation accuracy = 42.0% (N=100)
I1009 18:02:25.195130 4519421376 retrain.py:1100] 2019-10-09 18:02:25.195083: Step 1930: Validation accuracy = 42.0% (N=100)
INFO:tensorflow:2019-10-09 18:02:25.749485: Step 1940: Train accuracy = 98.0%
I1009 18:02:25.749530 4519421376 retrain.py:1082] 2019-10-09 18:02:25.749485: Step 1940: Train accuracy = 98.0%
INFO:tensorflow:2019-10-09 18:02:25.749641: Step 1940: Cross entropy = 0.147560
I1009 18:02:25.749651 4519421376 retrain.py:1084] 2019-10-09 18:02:25.749641: Step 1940: Cross entropy = 0.147560
INFO:tensorflow:2019-10-09 18:02:25.805279: Step 1940: Validation accuracy = 30.0% (N=100)
I1009 18:02:25.805327 4519421376 retrain.py:1100] 2019-10-09 18:02:25.805279: Step 1940: Validation accuracy = 30.0% (N=100)
INFO:tensorflow:2019-10-09 18:02:26.360191: Step 1950: Train accuracy = 97.0%
I1009 18:02:26.360237 4519421376 retrain.py:1082] 2019-10-09 18:02:26.360191: Step 1950: Train accuracy = 97.0%
INFO:tensorflow:2019-10-09 18:02:26.360352: Step 1950: Cross entropy = 0.167925
I1009 18:02:26.360363 4519421376 retrain.py:1084] 2019-10-09 18:02:26.360352: Step 1950: Cross entropy = 0.167925
INFO:tensorflow:2019-10-09 18:02:26.416089: Step 1950: Validation accuracy = 47.0% (N=100)
I1009 18:02:26.416133 4519421376 retrain.py:1100] 2019-10-09 18:02:26.416089: Step 1950: Validation accuracy = 47.0% (N=100)
INFO:tensorflow:2019-10-09 18:02:26.970072: Step 1960: Train accuracy = 94.0%
I1009 18:02:26.970127 4519421376 retrain.py:1082] 2019-10-09 18:02:26.970072: Step 1960: Train accuracy = 94.0%
INFO:tensorflow:2019-10-09 18:02:26.970250: Step 1960: Cross entropy = 0.237273
I1009 18:02:26.970259 4519421376 retrain.py:1084] 2019-10-09 18:02:26.970250: Step 1960: Cross entropy = 0.237273
INFO:tensorflow:2019-10-09 18:02:27.026497: Step 1960: Validation accuracy = 38.0% (N=100)
I1009 18:02:27.026544 4519421376 retrain.py:1100] 2019-10-09 18:02:27.026497: Step 1960: Validation accuracy = 38.0% (N=100)
INFO:tensorflow:2019-10-09 18:02:27.581015: Step 1970: Train accuracy = 96.0%
I1009 18:02:27.581058 4519421376 retrain.py:1082] 2019-10-09 18:02:27.581015: Step 1970: Train accuracy = 96.0%
INFO:tensorflow:2019-10-09 18:02:27.581171: Step 1970: Cross entropy = 0.172653
I1009 18:02:27.581182 4519421376 retrain.py:1084] 2019-10-09 18:02:27.581171: Step 1970: Cross entropy = 0.172653
INFO:tensorflow:2019-10-09 18:02:27.637644: Step 1970: Validation accuracy = 42.0% (N=100)
I1009 18:02:27.637691 4519421376 retrain.py:1100] 2019-10-09 18:02:27.637644: Step 1970: Validation accuracy = 42.0% (N=100)
INFO:tensorflow:2019-10-09 18:02:28.192283: Step 1980: Train accuracy = 99.0%
I1009 18:02:28.192327 4519421376 retrain.py:1082] 2019-10-09 18:02:28.192283: Step 1980: Train accuracy = 99.0%
INFO:tensorflow:2019-10-09 18:02:28.192435: Step 1980: Cross entropy = 0.161151
I1009 18:02:28.192445 4519421376 retrain.py:1084] 2019-10-09 18:02:28.192435: Step 1980: Cross entropy = 0.161151
INFO:tensorflow:2019-10-09 18:02:28.248707: Step 1980: Validation accuracy = 31.0% (N=100)
I1009 18:02:28.248754 4519421376 retrain.py:1100] 2019-10-09 18:02:28.248707: Step 1980: Validation accuracy = 31.0% (N=100)
INFO:tensorflow:2019-10-09 18:02:28.803450: Step 1990: Train accuracy = 96.0%
I1009 18:02:28.803494 4519421376 retrain.py:1082] 2019-10-09 18:02:28.803450: Step 1990: Train accuracy = 96.0%
INFO:tensorflow:2019-10-09 18:02:28.803606: Step 1990: Cross entropy = 0.186544
I1009 18:02:28.803616 4519421376 retrain.py:1084] 2019-10-09 18:02:28.803606: Step 1990: Cross entropy = 0.186544
INFO:tensorflow:2019-10-09 18:02:28.859891: Step 1990: Validation accuracy = 39.0% (N=100)
I1009 18:02:28.859940 4519421376 retrain.py:1100] 2019-10-09 18:02:28.859891: Step 1990: Validation accuracy = 39.0% (N=100)
INFO:tensorflow:2019-10-09 18:02:29.413732: Step 2000: Train accuracy = 96.0%
I1009 18:02:29.413775 4519421376 retrain.py:1082] 2019-10-09 18:02:29.413732: Step 2000: Train accuracy = 96.0%
INFO:tensorflow:2019-10-09 18:02:29.413886: Step 2000: Cross entropy = 0.175258
I1009 18:02:29.413897 4519421376 retrain.py:1084] 2019-10-09 18:02:29.413886: Step 2000: Cross entropy = 0.175258
INFO:tensorflow:2019-10-09 18:02:29.470295: Step 2000: Validation accuracy = 28.0% (N=100)
I1009 18:02:29.470342 4519421376 retrain.py:1100] 2019-10-09 18:02:29.470295: Step 2000: Validation accuracy = 28.0% (N=100)
INFO:tensorflow:2019-10-09 18:02:30.024396: Step 2010: Train accuracy = 97.0%
I1009 18:02:30.024440 4519421376 retrain.py:1082] 2019-10-09 18:02:30.024396: Step 2010: Train accuracy = 97.0%
INFO:tensorflow:2019-10-09 18:02:30.024548: Step 2010: Cross entropy = 0.162110
I1009 18:02:30.024558 4519421376 retrain.py:1084] 2019-10-09 18:02:30.024548: Step 2010: Cross entropy = 0.162110
INFO:tensorflow:2019-10-09 18:02:30.080728: Step 2010: Validation accuracy = 28.0% (N=100)
I1009 18:02:30.080776 4519421376 retrain.py:1100] 2019-10-09 18:02:30.080728: Step 2010: Validation accuracy = 28.0% (N=100)
INFO:tensorflow:2019-10-09 18:02:30.635624: Step 2020: Train accuracy = 99.0%
I1009 18:02:30.635668 4519421376 retrain.py:1082] 2019-10-09 18:02:30.635624: Step 2020: Train accuracy = 99.0%
INFO:tensorflow:2019-10-09 18:02:30.635775: Step 2020: Cross entropy = 0.146209
I1009 18:02:30.635786 4519421376 retrain.py:1084] 2019-10-09 18:02:30.635775: Step 2020: Cross entropy = 0.146209
INFO:tensorflow:2019-10-09 18:02:30.691636: Step 2020: Validation accuracy = 44.0% (N=100)
I1009 18:02:30.691684 4519421376 retrain.py:1100] 2019-10-09 18:02:30.691636: Step 2020: Validation accuracy = 44.0% (N=100)
INFO:tensorflow:2019-10-09 18:02:31.246679: Step 2030: Train accuracy = 93.0%
I1009 18:02:31.246724 4519421376 retrain.py:1082] 2019-10-09 18:02:31.246679: Step 2030: Train accuracy = 93.0%
INFO:tensorflow:2019-10-09 18:02:31.246834: Step 2030: Cross entropy = 0.172200
I1009 18:02:31.246845 4519421376 retrain.py:1084] 2019-10-09 18:02:31.246834: Step 2030: Cross entropy = 0.172200
INFO:tensorflow:2019-10-09 18:02:31.303127: Step 2030: Validation accuracy = 40.0% (N=100)
I1009 18:02:31.303173 4519421376 retrain.py:1100] 2019-10-09 18:02:31.303127: Step 2030: Validation accuracy = 40.0% (N=100)
INFO:tensorflow:2019-10-09 18:02:31.857823: Step 2040: Train accuracy = 98.0%
I1009 18:02:31.857867 4519421376 retrain.py:1082] 2019-10-09 18:02:31.857823: Step 2040: Train accuracy = 98.0%
INFO:tensorflow:2019-10-09 18:02:31.857974: Step 2040: Cross entropy = 0.183751
I1009 18:02:31.857984 4519421376 retrain.py:1084] 2019-10-09 18:02:31.857974: Step 2040: Cross entropy = 0.183751
INFO:tensorflow:2019-10-09 18:02:31.914302: Step 2040: Validation accuracy = 39.0% (N=100)
I1009 18:02:31.914349 4519421376 retrain.py:1100] 2019-10-09 18:02:31.914302: Step 2040: Validation accuracy = 39.0% (N=100)
INFO:tensorflow:2019-10-09 18:02:32.469537: Step 2050: Train accuracy = 99.0%
I1009 18:02:32.469593 4519421376 retrain.py:1082] 2019-10-09 18:02:32.469537: Step 2050: Train accuracy = 99.0%
INFO:tensorflow:2019-10-09 18:02:32.469728: Step 2050: Cross entropy = 0.178608
I1009 18:02:32.469737 4519421376 retrain.py:1084] 2019-10-09 18:02:32.469728: Step 2050: Cross entropy = 0.178608
INFO:tensorflow:2019-10-09 18:02:32.525921: Step 2050: Validation accuracy = 39.0% (N=100)
I1009 18:02:32.525967 4519421376 retrain.py:1100] 2019-10-09 18:02:32.525921: Step 2050: Validation accuracy = 39.0% (N=100)
INFO:tensorflow:2019-10-09 18:02:33.080225: Step 2060: Train accuracy = 96.0%
I1009 18:02:33.080270 4519421376 retrain.py:1082] 2019-10-09 18:02:33.080225: Step 2060: Train accuracy = 96.0%
INFO:tensorflow:2019-10-09 18:02:33.080378: Step 2060: Cross entropy = 0.177105
I1009 18:02:33.080389 4519421376 retrain.py:1084] 2019-10-09 18:02:33.080378: Step 2060: Cross entropy = 0.177105
INFO:tensorflow:2019-10-09 18:02:33.136917: Step 2060: Validation accuracy = 35.0% (N=100)
I1009 18:02:33.136964 4519421376 retrain.py:1100] 2019-10-09 18:02:33.136917: Step 2060: Validation accuracy = 35.0% (N=100)
INFO:tensorflow:2019-10-09 18:02:33.691086: Step 2070: Train accuracy = 99.0%
I1009 18:02:33.691130 4519421376 retrain.py:1082] 2019-10-09 18:02:33.691086: Step 2070: Train accuracy = 99.0%
INFO:tensorflow:2019-10-09 18:02:33.691236: Step 2070: Cross entropy = 0.147494
I1009 18:02:33.691246 4519421376 retrain.py:1084] 2019-10-09 18:02:33.691236: Step 2070: Cross entropy = 0.147494
INFO:tensorflow:2019-10-09 18:02:33.747624: Step 2070: Validation accuracy = 35.0% (N=100)
I1009 18:02:33.747671 4519421376 retrain.py:1100] 2019-10-09 18:02:33.747624: Step 2070: Validation accuracy = 35.0% (N=100)
INFO:tensorflow:2019-10-09 18:02:34.302377: Step 2080: Train accuracy = 96.0%
I1009 18:02:34.302421 4519421376 retrain.py:1082] 2019-10-09 18:02:34.302377: Step 2080: Train accuracy = 96.0%
INFO:tensorflow:2019-10-09 18:02:34.302524: Step 2080: Cross entropy = 0.193845
I1009 18:02:34.302533 4519421376 retrain.py:1084] 2019-10-09 18:02:34.302524: Step 2080: Cross entropy = 0.193845
INFO:tensorflow:2019-10-09 18:02:34.358801: Step 2080: Validation accuracy = 35.0% (N=100)
I1009 18:02:34.358849 4519421376 retrain.py:1100] 2019-10-09 18:02:34.358801: Step 2080: Validation accuracy = 35.0% (N=100)
INFO:tensorflow:2019-10-09 18:02:34.912733: Step 2090: Train accuracy = 97.0%
I1009 18:02:34.912777 4519421376 retrain.py:1082] 2019-10-09 18:02:34.912733: Step 2090: Train accuracy = 97.0%
INFO:tensorflow:2019-10-09 18:02:34.912886: Step 2090: Cross entropy = 0.144948
I1009 18:02:34.912911 4519421376 retrain.py:1084] 2019-10-09 18:02:34.912886: Step 2090: Cross entropy = 0.144948
INFO:tensorflow:2019-10-09 18:02:34.968939: Step 2090: Validation accuracy = 45.0% (N=100)
I1009 18:02:34.968986 4519421376 retrain.py:1100] 2019-10-09 18:02:34.968939: Step 2090: Validation accuracy = 45.0% (N=100)
INFO:tensorflow:2019-10-09 18:02:35.523629: Step 2100: Train accuracy = 98.0%
I1009 18:02:35.523674 4519421376 retrain.py:1082] 2019-10-09 18:02:35.523629: Step 2100: Train accuracy = 98.0%
INFO:tensorflow:2019-10-09 18:02:35.523781: Step 2100: Cross entropy = 0.138363
I1009 18:02:35.523791 4519421376 retrain.py:1084] 2019-10-09 18:02:35.523781: Step 2100: Cross entropy = 0.138363
INFO:tensorflow:2019-10-09 18:02:35.580033: Step 2100: Validation accuracy = 43.0% (N=100)
I1009 18:02:35.580081 4519421376 retrain.py:1100] 2019-10-09 18:02:35.580033: Step 2100: Validation accuracy = 43.0% (N=100)
INFO:tensorflow:2019-10-09 18:02:36.136184: Step 2110: Train accuracy = 99.0%
I1009 18:02:36.136231 4519421376 retrain.py:1082] 2019-10-09 18:02:36.136184: Step 2110: Train accuracy = 99.0%
INFO:tensorflow:2019-10-09 18:02:36.136357: Step 2110: Cross entropy = 0.163421
I1009 18:02:36.136370 4519421376 retrain.py:1084] 2019-10-09 18:02:36.136357: Step 2110: Cross entropy = 0.163421
INFO:tensorflow:2019-10-09 18:02:36.192741: Step 2110: Validation accuracy = 35.0% (N=100)
I1009 18:02:36.192783 4519421376 retrain.py:1100] 2019-10-09 18:02:36.192741: Step 2110: Validation accuracy = 35.0% (N=100)
INFO:tensorflow:2019-10-09 18:02:36.747690: Step 2120: Train accuracy = 94.0%
I1009 18:02:36.747734 4519421376 retrain.py:1082] 2019-10-09 18:02:36.747690: Step 2120: Train accuracy = 94.0%
INFO:tensorflow:2019-10-09 18:02:36.747843: Step 2120: Cross entropy = 0.185653
I1009 18:02:36.747853 4519421376 retrain.py:1084] 2019-10-09 18:02:36.747843: Step 2120: Cross entropy = 0.185653
INFO:tensorflow:2019-10-09 18:02:36.804063: Step 2120: Validation accuracy = 38.0% (N=100)
I1009 18:02:36.804112 4519421376 retrain.py:1100] 2019-10-09 18:02:36.804063: Step 2120: Validation accuracy = 38.0% (N=100)
INFO:tensorflow:2019-10-09 18:02:37.357891: Step 2130: Train accuracy = 97.0%
I1009 18:02:37.357933 4519421376 retrain.py:1082] 2019-10-09 18:02:37.357891: Step 2130: Train accuracy = 97.0%
INFO:tensorflow:2019-10-09 18:02:37.358045: Step 2130: Cross entropy = 0.150337
I1009 18:02:37.358055 4519421376 retrain.py:1084] 2019-10-09 18:02:37.358045: Step 2130: Cross entropy = 0.150337
INFO:tensorflow:2019-10-09 18:02:37.414021: Step 2130: Validation accuracy = 35.0% (N=100)
I1009 18:02:37.414067 4519421376 retrain.py:1100] 2019-10-09 18:02:37.414021: Step 2130: Validation accuracy = 35.0% (N=100)
INFO:tensorflow:2019-10-09 18:02:37.968557: Step 2140: Train accuracy = 98.0%
I1009 18:02:37.968613 4519421376 retrain.py:1082] 2019-10-09 18:02:37.968557: Step 2140: Train accuracy = 98.0%
INFO:tensorflow:2019-10-09 18:02:37.968737: Step 2140: Cross entropy = 0.156742
I1009 18:02:37.968748 4519421376 retrain.py:1084] 2019-10-09 18:02:37.968737: Step 2140: Cross entropy = 0.156742
INFO:tensorflow:2019-10-09 18:02:38.025108: Step 2140: Validation accuracy = 38.0% (N=100)
I1009 18:02:38.025156 4519421376 retrain.py:1100] 2019-10-09 18:02:38.025108: Step 2140: Validation accuracy = 38.0% (N=100)
INFO:tensorflow:2019-10-09 18:02:38.578900: Step 2150: Train accuracy = 99.0%
I1009 18:02:38.578944 4519421376 retrain.py:1082] 2019-10-09 18:02:38.578900: Step 2150: Train accuracy = 99.0%
INFO:tensorflow:2019-10-09 18:02:38.579050: Step 2150: Cross entropy = 0.169019
I1009 18:02:38.579061 4519421376 retrain.py:1084] 2019-10-09 18:02:38.579050: Step 2150: Cross entropy = 0.169019
INFO:tensorflow:2019-10-09 18:02:38.635671: Step 2150: Validation accuracy = 48.0% (N=100)
I1009 18:02:38.635718 4519421376 retrain.py:1100] 2019-10-09 18:02:38.635671: Step 2150: Validation accuracy = 48.0% (N=100)
INFO:tensorflow:2019-10-09 18:02:39.190215: Step 2160: Train accuracy = 100.0%
I1009 18:02:39.190259 4519421376 retrain.py:1082] 2019-10-09 18:02:39.190215: Step 2160: Train accuracy = 100.0%
INFO:tensorflow:2019-10-09 18:02:39.190384: Step 2160: Cross entropy = 0.127134
I1009 18:02:39.190412 4519421376 retrain.py:1084] 2019-10-09 18:02:39.190384: Step 2160: Cross entropy = 0.127134
INFO:tensorflow:2019-10-09 18:02:39.246703: Step 2160: Validation accuracy = 37.0% (N=100)
I1009 18:02:39.246753 4519421376 retrain.py:1100] 2019-10-09 18:02:39.246703: Step 2160: Validation accuracy = 37.0% (N=100)
INFO:tensorflow:2019-10-09 18:02:39.802222: Step 2170: Train accuracy = 98.0%
I1009 18:02:39.802265 4519421376 retrain.py:1082] 2019-10-09 18:02:39.802222: Step 2170: Train accuracy = 98.0%
INFO:tensorflow:2019-10-09 18:02:39.802373: Step 2170: Cross entropy = 0.173997
I1009 18:02:39.802383 4519421376 retrain.py:1084] 2019-10-09 18:02:39.802373: Step 2170: Cross entropy = 0.173997
INFO:tensorflow:2019-10-09 18:02:39.858692: Step 2170: Validation accuracy = 37.0% (N=100)
I1009 18:02:39.858741 4519421376 retrain.py:1100] 2019-10-09 18:02:39.858692: Step 2170: Validation accuracy = 37.0% (N=100)
INFO:tensorflow:2019-10-09 18:02:40.413048: Step 2180: Train accuracy = 98.0%
I1009 18:02:40.413093 4519421376 retrain.py:1082] 2019-10-09 18:02:40.413048: Step 2180: Train accuracy = 98.0%
INFO:tensorflow:2019-10-09 18:02:40.413201: Step 2180: Cross entropy = 0.140612
I1009 18:02:40.413213 4519421376 retrain.py:1084] 2019-10-09 18:02:40.413201: Step 2180: Cross entropy = 0.140612
INFO:tensorflow:2019-10-09 18:02:40.469395: Step 2180: Validation accuracy = 43.0% (N=100)
I1009 18:02:40.469442 4519421376 retrain.py:1100] 2019-10-09 18:02:40.469395: Step 2180: Validation accuracy = 43.0% (N=100)
INFO:tensorflow:2019-10-09 18:02:41.024103: Step 2190: Train accuracy = 95.0%
I1009 18:02:41.024147 4519421376 retrain.py:1082] 2019-10-09 18:02:41.024103: Step 2190: Train accuracy = 95.0%
INFO:tensorflow:2019-10-09 18:02:41.024255: Step 2190: Cross entropy = 0.165507
I1009 18:02:41.024265 4519421376 retrain.py:1084] 2019-10-09 18:02:41.024255: Step 2190: Cross entropy = 0.165507
INFO:tensorflow:2019-10-09 18:02:41.080526: Step 2190: Validation accuracy = 44.0% (N=100)
I1009 18:02:41.080574 4519421376 retrain.py:1100] 2019-10-09 18:02:41.080526: Step 2190: Validation accuracy = 44.0% (N=100)
INFO:tensorflow:2019-10-09 18:02:41.634889: Step 2200: Train accuracy = 97.0%
I1009 18:02:41.634930 4519421376 retrain.py:1082] 2019-10-09 18:02:41.634889: Step 2200: Train accuracy = 97.0%
INFO:tensorflow:2019-10-09 18:02:41.635038: Step 2200: Cross entropy = 0.176638
I1009 18:02:41.635048 4519421376 retrain.py:1084] 2019-10-09 18:02:41.635038: Step 2200: Cross entropy = 0.176638
INFO:tensorflow:2019-10-09 18:02:41.691163: Step 2200: Validation accuracy = 43.0% (N=100)
I1009 18:02:41.691210 4519421376 retrain.py:1100] 2019-10-09 18:02:41.691163: Step 2200: Validation accuracy = 43.0% (N=100)
INFO:tensorflow:2019-10-09 18:02:42.247094: Step 2210: Train accuracy = 97.0%
I1009 18:02:42.247138 4519421376 retrain.py:1082] 2019-10-09 18:02:42.247094: Step 2210: Train accuracy = 97.0%
INFO:tensorflow:2019-10-09 18:02:42.247249: Step 2210: Cross entropy = 0.131304
I1009 18:02:42.247259 4519421376 retrain.py:1084] 2019-10-09 18:02:42.247249: Step 2210: Cross entropy = 0.131304
INFO:tensorflow:2019-10-09 18:02:42.304020: Step 2210: Validation accuracy = 38.0% (N=100)
I1009 18:02:42.304069 4519421376 retrain.py:1100] 2019-10-09 18:02:42.304020: Step 2210: Validation accuracy = 38.0% (N=100)
INFO:tensorflow:2019-10-09 18:02:42.874358: Step 2220: Train accuracy = 100.0%
I1009 18:02:42.874405 4519421376 retrain.py:1082] 2019-10-09 18:02:42.874358: Step 2220: Train accuracy = 100.0%
INFO:tensorflow:2019-10-09 18:02:42.874514: Step 2220: Cross entropy = 0.147262
I1009 18:02:42.874524 4519421376 retrain.py:1084] 2019-10-09 18:02:42.874514: Step 2220: Cross entropy = 0.147262
INFO:tensorflow:2019-10-09 18:02:42.930839: Step 2220: Validation accuracy = 37.0% (N=100)
I1009 18:02:42.930886 4519421376 retrain.py:1100] 2019-10-09 18:02:42.930839: Step 2220: Validation accuracy = 37.0% (N=100)
INFO:tensorflow:2019-10-09 18:02:43.485712: Step 2230: Train accuracy = 97.0%
I1009 18:02:43.485756 4519421376 retrain.py:1082] 2019-10-09 18:02:43.485712: Step 2230: Train accuracy = 97.0%
INFO:tensorflow:2019-10-09 18:02:43.485884: Step 2230: Cross entropy = 0.174760
I1009 18:02:43.485912 4519421376 retrain.py:1084] 2019-10-09 18:02:43.485884: Step 2230: Cross entropy = 0.174760
INFO:tensorflow:2019-10-09 18:02:43.542136: Step 2230: Validation accuracy = 39.0% (N=100)
I1009 18:02:43.542183 4519421376 retrain.py:1100] 2019-10-09 18:02:43.542136: Step 2230: Validation accuracy = 39.0% (N=100)
INFO:tensorflow:2019-10-09 18:02:44.097732: Step 2240: Train accuracy = 95.0%
I1009 18:02:44.097777 4519421376 retrain.py:1082] 2019-10-09 18:02:44.097732: Step 2240: Train accuracy = 95.0%
INFO:tensorflow:2019-10-09 18:02:44.097885: Step 2240: Cross entropy = 0.171473
I1009 18:02:44.097895 4519421376 retrain.py:1084] 2019-10-09 18:02:44.097885: Step 2240: Cross entropy = 0.171473
INFO:tensorflow:2019-10-09 18:02:44.155188: Step 2240: Validation accuracy = 26.0% (N=100)
I1009 18:02:44.155231 4519421376 retrain.py:1100] 2019-10-09 18:02:44.155188: Step 2240: Validation accuracy = 26.0% (N=100)
INFO:tensorflow:2019-10-09 18:02:44.711721: Step 2250: Train accuracy = 99.0%
I1009 18:02:44.711765 4519421376 retrain.py:1082] 2019-10-09 18:02:44.711721: Step 2250: Train accuracy = 99.0%
INFO:tensorflow:2019-10-09 18:02:44.711872: Step 2250: Cross entropy = 0.135302
I1009 18:02:44.711881 4519421376 retrain.py:1084] 2019-10-09 18:02:44.711872: Step 2250: Cross entropy = 0.135302
INFO:tensorflow:2019-10-09 18:02:44.768166: Step 2250: Validation accuracy = 35.0% (N=100)
I1009 18:02:44.768213 4519421376 retrain.py:1100] 2019-10-09 18:02:44.768166: Step 2250: Validation accuracy = 35.0% (N=100)
INFO:tensorflow:2019-10-09 18:02:45.323718: Step 2260: Train accuracy = 100.0%
I1009 18:02:45.323761 4519421376 retrain.py:1082] 2019-10-09 18:02:45.323718: Step 2260: Train accuracy = 100.0%
INFO:tensorflow:2019-10-09 18:02:45.323871: Step 2260: Cross entropy = 0.147162
I1009 18:02:45.323880 4519421376 retrain.py:1084] 2019-10-09 18:02:45.323871: Step 2260: Cross entropy = 0.147162
INFO:tensorflow:2019-10-09 18:02:45.380971: Step 2260: Validation accuracy = 33.0% (N=100)
I1009 18:02:45.381019 4519421376 retrain.py:1100] 2019-10-09 18:02:45.380971: Step 2260: Validation accuracy = 33.0% (N=100)
INFO:tensorflow:2019-10-09 18:02:45.935635: Step 2270: Train accuracy = 97.0%
I1009 18:02:45.935678 4519421376 retrain.py:1082] 2019-10-09 18:02:45.935635: Step 2270: Train accuracy = 97.0%
INFO:tensorflow:2019-10-09 18:02:45.935789: Step 2270: Cross entropy = 0.147004
I1009 18:02:45.935801 4519421376 retrain.py:1084] 2019-10-09 18:02:45.935789: Step 2270: Cross entropy = 0.147004
INFO:tensorflow:2019-10-09 18:02:45.991979: Step 2270: Validation accuracy = 47.0% (N=100)
I1009 18:02:45.992027 4519421376 retrain.py:1100] 2019-10-09 18:02:45.991979: Step 2270: Validation accuracy = 47.0% (N=100)
INFO:tensorflow:2019-10-09 18:02:46.545444: Step 2280: Train accuracy = 98.0%
I1009 18:02:46.545487 4519421376 retrain.py:1082] 2019-10-09 18:02:46.545444: Step 2280: Train accuracy = 98.0%
INFO:tensorflow:2019-10-09 18:02:46.545595: Step 2280: Cross entropy = 0.166416
I1009 18:02:46.545605 4519421376 retrain.py:1084] 2019-10-09 18:02:46.545595: Step 2280: Cross entropy = 0.166416
INFO:tensorflow:2019-10-09 18:02:46.602077: Step 2280: Validation accuracy = 51.0% (N=100)
I1009 18:02:46.602125 4519421376 retrain.py:1100] 2019-10-09 18:02:46.602077: Step 2280: Validation accuracy = 51.0% (N=100)
INFO:tensorflow:2019-10-09 18:02:47.157804: Step 2290: Train accuracy = 99.0%
I1009 18:02:47.157848 4519421376 retrain.py:1082] 2019-10-09 18:02:47.157804: Step 2290: Train accuracy = 99.0%
INFO:tensorflow:2019-10-09 18:02:47.157957: Step 2290: Cross entropy = 0.139327
I1009 18:02:47.157967 4519421376 retrain.py:1084] 2019-10-09 18:02:47.157957: Step 2290: Cross entropy = 0.139327
INFO:tensorflow:2019-10-09 18:02:47.214279: Step 2290: Validation accuracy = 36.0% (N=100)
I1009 18:02:47.214330 4519421376 retrain.py:1100] 2019-10-09 18:02:47.214279: Step 2290: Validation accuracy = 36.0% (N=100)
INFO:tensorflow:2019-10-09 18:02:47.770952: Step 2300: Train accuracy = 99.0%
I1009 18:02:47.770995 4519421376 retrain.py:1082] 2019-10-09 18:02:47.770952: Step 2300: Train accuracy = 99.0%
INFO:tensorflow:2019-10-09 18:02:47.771101: Step 2300: Cross entropy = 0.126793
I1009 18:02:47.771111 4519421376 retrain.py:1084] 2019-10-09 18:02:47.771101: Step 2300: Cross entropy = 0.126793
INFO:tensorflow:2019-10-09 18:02:47.828125: Step 2300: Validation accuracy = 49.0% (N=100)
I1009 18:02:47.828171 4519421376 retrain.py:1100] 2019-10-09 18:02:47.828125: Step 2300: Validation accuracy = 49.0% (N=100)
INFO:tensorflow:2019-10-09 18:02:48.383031: Step 2310: Train accuracy = 95.0%
I1009 18:02:48.383074 4519421376 retrain.py:1082] 2019-10-09 18:02:48.383031: Step 2310: Train accuracy = 95.0%
INFO:tensorflow:2019-10-09 18:02:48.383181: Step 2310: Cross entropy = 0.160079
I1009 18:02:48.383191 4519421376 retrain.py:1084] 2019-10-09 18:02:48.383181: Step 2310: Cross entropy = 0.160079
INFO:tensorflow:2019-10-09 18:02:48.439552: Step 2310: Validation accuracy = 42.0% (N=100)
I1009 18:02:48.439600 4519421376 retrain.py:1100] 2019-10-09 18:02:48.439552: Step 2310: Validation accuracy = 42.0% (N=100)
INFO:tensorflow:2019-10-09 18:02:48.995149: Step 2320: Train accuracy = 98.0%
I1009 18:02:48.995192 4519421376 retrain.py:1082] 2019-10-09 18:02:48.995149: Step 2320: Train accuracy = 98.0%
INFO:tensorflow:2019-10-09 18:02:48.995300: Step 2320: Cross entropy = 0.135417
I1009 18:02:48.995312 4519421376 retrain.py:1084] 2019-10-09 18:02:48.995300: Step 2320: Cross entropy = 0.135417
INFO:tensorflow:2019-10-09 18:02:49.051583: Step 2320: Validation accuracy = 41.0% (N=100)
I1009 18:02:49.051631 4519421376 retrain.py:1100] 2019-10-09 18:02:49.051583: Step 2320: Validation accuracy = 41.0% (N=100)
INFO:tensorflow:2019-10-09 18:02:49.606357: Step 2330: Train accuracy = 97.0%
I1009 18:02:49.606400 4519421376 retrain.py:1082] 2019-10-09 18:02:49.606357: Step 2330: Train accuracy = 97.0%
INFO:tensorflow:2019-10-09 18:02:49.606509: Step 2330: Cross entropy = 0.151510
I1009 18:02:49.606521 4519421376 retrain.py:1084] 2019-10-09 18:02:49.606509: Step 2330: Cross entropy = 0.151510
INFO:tensorflow:2019-10-09 18:02:49.662390: Step 2330: Validation accuracy = 51.0% (N=100)
I1009 18:02:49.662434 4519421376 retrain.py:1100] 2019-10-09 18:02:49.662390: Step 2330: Validation accuracy = 51.0% (N=100)
INFO:tensorflow:2019-10-09 18:02:50.219855: Step 2340: Train accuracy = 100.0%
I1009 18:02:50.219913 4519421376 retrain.py:1082] 2019-10-09 18:02:50.219855: Step 2340: Train accuracy = 100.0%
INFO:tensorflow:2019-10-09 18:02:50.220037: Step 2340: Cross entropy = 0.108285
I1009 18:02:50.220046 4519421376 retrain.py:1084] 2019-10-09 18:02:50.220037: Step 2340: Cross entropy = 0.108285
INFO:tensorflow:2019-10-09 18:02:50.276483: Step 2340: Validation accuracy = 42.0% (N=100)
I1009 18:02:50.276530 4519421376 retrain.py:1100] 2019-10-09 18:02:50.276483: Step 2340: Validation accuracy = 42.0% (N=100)
INFO:tensorflow:2019-10-09 18:02:50.832154: Step 2350: Train accuracy = 97.0%
I1009 18:02:50.832198 4519421376 retrain.py:1082] 2019-10-09 18:02:50.832154: Step 2350: Train accuracy = 97.0%
INFO:tensorflow:2019-10-09 18:02:50.832307: Step 2350: Cross entropy = 0.160789
I1009 18:02:50.832318 4519421376 retrain.py:1084] 2019-10-09 18:02:50.832307: Step 2350: Cross entropy = 0.160789
INFO:tensorflow:2019-10-09 18:02:50.889319: Step 2350: Validation accuracy = 52.0% (N=100)
I1009 18:02:50.889367 4519421376 retrain.py:1100] 2019-10-09 18:02:50.889319: Step 2350: Validation accuracy = 52.0% (N=100)
INFO:tensorflow:2019-10-09 18:02:51.445298: Step 2360: Train accuracy = 100.0%
I1009 18:02:51.445342 4519421376 retrain.py:1082] 2019-10-09 18:02:51.445298: Step 2360: Train accuracy = 100.0%
INFO:tensorflow:2019-10-09 18:02:51.445453: Step 2360: Cross entropy = 0.123076
I1009 18:02:51.445462 4519421376 retrain.py:1084] 2019-10-09 18:02:51.445453: Step 2360: Cross entropy = 0.123076
INFO:tensorflow:2019-10-09 18:02:51.501750: Step 2360: Validation accuracy = 44.0% (N=100)
I1009 18:02:51.501797 4519421376 retrain.py:1100] 2019-10-09 18:02:51.501750: Step 2360: Validation accuracy = 44.0% (N=100)
INFO:tensorflow:2019-10-09 18:02:52.056874: Step 2370: Train accuracy = 95.0%
I1009 18:02:52.056920 4519421376 retrain.py:1082] 2019-10-09 18:02:52.056874: Step 2370: Train accuracy = 95.0%
INFO:tensorflow:2019-10-09 18:02:52.057029: Step 2370: Cross entropy = 0.170753
I1009 18:02:52.057039 4519421376 retrain.py:1084] 2019-10-09 18:02:52.057029: Step 2370: Cross entropy = 0.170753
INFO:tensorflow:2019-10-09 18:02:52.113185: Step 2370: Validation accuracy = 42.0% (N=100)
I1009 18:02:52.113233 4519421376 retrain.py:1100] 2019-10-09 18:02:52.113185: Step 2370: Validation accuracy = 42.0% (N=100)
INFO:tensorflow:2019-10-09 18:02:52.668981: Step 2380: Train accuracy = 97.0%
I1009 18:02:52.669037 4519421376 retrain.py:1082] 2019-10-09 18:02:52.668981: Step 2380: Train accuracy = 97.0%
INFO:tensorflow:2019-10-09 18:02:52.669158: Step 2380: Cross entropy = 0.137076
I1009 18:02:52.669168 4519421376 retrain.py:1084] 2019-10-09 18:02:52.669158: Step 2380: Cross entropy = 0.137076
INFO:tensorflow:2019-10-09 18:02:52.725721: Step 2380: Validation accuracy = 38.0% (N=100)
I1009 18:02:52.725769 4519421376 retrain.py:1100] 2019-10-09 18:02:52.725721: Step 2380: Validation accuracy = 38.0% (N=100)
INFO:tensorflow:2019-10-09 18:02:53.282050: Step 2390: Train accuracy = 97.0%
I1009 18:02:53.282093 4519421376 retrain.py:1082] 2019-10-09 18:02:53.282050: Step 2390: Train accuracy = 97.0%
INFO:tensorflow:2019-10-09 18:02:53.282201: Step 2390: Cross entropy = 0.162984
I1009 18:02:53.282212 4519421376 retrain.py:1084] 2019-10-09 18:02:53.282201: Step 2390: Cross entropy = 0.162984
INFO:tensorflow:2019-10-09 18:02:53.339224: Step 2390: Validation accuracy = 43.0% (N=100)
I1009 18:02:53.339272 4519421376 retrain.py:1100] 2019-10-09 18:02:53.339224: Step 2390: Validation accuracy = 43.0% (N=100)
INFO:tensorflow:2019-10-09 18:02:53.894324: Step 2400: Train accuracy = 99.0%
I1009 18:02:53.894367 4519421376 retrain.py:1082] 2019-10-09 18:02:53.894324: Step 2400: Train accuracy = 99.0%
INFO:tensorflow:2019-10-09 18:02:53.894476: Step 2400: Cross entropy = 0.126659
I1009 18:02:53.894485 4519421376 retrain.py:1084] 2019-10-09 18:02:53.894476: Step 2400: Cross entropy = 0.126659
INFO:tensorflow:2019-10-09 18:02:53.950823: Step 2400: Validation accuracy = 48.0% (N=100)
I1009 18:02:53.950870 4519421376 retrain.py:1100] 2019-10-09 18:02:53.950823: Step 2400: Validation accuracy = 48.0% (N=100)
INFO:tensorflow:2019-10-09 18:02:54.505197: Step 2410: Train accuracy = 99.0%
I1009 18:02:54.505242 4519421376 retrain.py:1082] 2019-10-09 18:02:54.505197: Step 2410: Train accuracy = 99.0%
INFO:tensorflow:2019-10-09 18:02:54.505354: Step 2410: Cross entropy = 0.161467
I1009 18:02:54.505364 4519421376 retrain.py:1084] 2019-10-09 18:02:54.505354: Step 2410: Cross entropy = 0.161467
INFO:tensorflow:2019-10-09 18:02:54.561699: Step 2410: Validation accuracy = 42.0% (N=100)
I1009 18:02:54.561746 4519421376 retrain.py:1100] 2019-10-09 18:02:54.561699: Step 2410: Validation accuracy = 42.0% (N=100)
INFO:tensorflow:2019-10-09 18:02:55.117593: Step 2420: Train accuracy = 98.0%
I1009 18:02:55.117650 4519421376 retrain.py:1082] 2019-10-09 18:02:55.117593: Step 2420: Train accuracy = 98.0%
INFO:tensorflow:2019-10-09 18:02:55.117784: Step 2420: Cross entropy = 0.137469
I1009 18:02:55.117794 4519421376 retrain.py:1084] 2019-10-09 18:02:55.117784: Step 2420: Cross entropy = 0.137469
INFO:tensorflow:2019-10-09 18:02:55.174074: Step 2420: Validation accuracy = 49.0% (N=100)
I1009 18:02:55.174124 4519421376 retrain.py:1100] 2019-10-09 18:02:55.174074: Step 2420: Validation accuracy = 49.0% (N=100)
INFO:tensorflow:2019-10-09 18:02:55.729821: Step 2430: Train accuracy = 99.0%
I1009 18:02:55.729863 4519421376 retrain.py:1082] 2019-10-09 18:02:55.729821: Step 2430: Train accuracy = 99.0%
INFO:tensorflow:2019-10-09 18:02:55.729971: Step 2430: Cross entropy = 0.128547
I1009 18:02:55.729980 4519421376 retrain.py:1084] 2019-10-09 18:02:55.729971: Step 2430: Cross entropy = 0.128547
INFO:tensorflow:2019-10-09 18:02:55.786399: Step 2430: Validation accuracy = 42.0% (N=100)
I1009 18:02:55.786446 4519421376 retrain.py:1100] 2019-10-09 18:02:55.786399: Step 2430: Validation accuracy = 42.0% (N=100)
INFO:tensorflow:2019-10-09 18:02:56.341698: Step 2440: Train accuracy = 96.0%
I1009 18:02:56.341744 4519421376 retrain.py:1082] 2019-10-09 18:02:56.341698: Step 2440: Train accuracy = 96.0%
INFO:tensorflow:2019-10-09 18:02:56.341854: Step 2440: Cross entropy = 0.162199
I1009 18:02:56.341865 4519421376 retrain.py:1084] 2019-10-09 18:02:56.341854: Step 2440: Cross entropy = 0.162199
INFO:tensorflow:2019-10-09 18:02:56.398982: Step 2440: Validation accuracy = 43.0% (N=100)
I1009 18:02:56.399030 4519421376 retrain.py:1100] 2019-10-09 18:02:56.398982: Step 2440: Validation accuracy = 43.0% (N=100)
INFO:tensorflow:2019-10-09 18:02:56.955623: Step 2450: Train accuracy = 99.0%
I1009 18:02:56.955667 4519421376 retrain.py:1082] 2019-10-09 18:02:56.955623: Step 2450: Train accuracy = 99.0%
INFO:tensorflow:2019-10-09 18:02:56.955775: Step 2450: Cross entropy = 0.169170
I1009 18:02:56.955785 4519421376 retrain.py:1084] 2019-10-09 18:02:56.955775: Step 2450: Cross entropy = 0.169170
INFO:tensorflow:2019-10-09 18:02:57.012106: Step 2450: Validation accuracy = 37.0% (N=100)
I1009 18:02:57.012154 4519421376 retrain.py:1100] 2019-10-09 18:02:57.012106: Step 2450: Validation accuracy = 37.0% (N=100)
INFO:tensorflow:2019-10-09 18:02:57.567719: Step 2460: Train accuracy = 99.0%
I1009 18:02:57.567775 4519421376 retrain.py:1082] 2019-10-09 18:02:57.567719: Step 2460: Train accuracy = 99.0%
INFO:tensorflow:2019-10-09 18:02:57.567911: Step 2460: Cross entropy = 0.123053
I1009 18:02:57.567920 4519421376 retrain.py:1084] 2019-10-09 18:02:57.567911: Step 2460: Cross entropy = 0.123053
INFO:tensorflow:2019-10-09 18:02:57.623777: Step 2460: Validation accuracy = 38.0% (N=100)
I1009 18:02:57.623819 4519421376 retrain.py:1100] 2019-10-09 18:02:57.623777: Step 2460: Validation accuracy = 38.0% (N=100)
INFO:tensorflow:2019-10-09 18:02:58.181062: Step 2470: Train accuracy = 97.0%
I1009 18:02:58.181105 4519421376 retrain.py:1082] 2019-10-09 18:02:58.181062: Step 2470: Train accuracy = 97.0%
INFO:tensorflow:2019-10-09 18:02:58.181212: Step 2470: Cross entropy = 0.159394
I1009 18:02:58.181222 4519421376 retrain.py:1084] 2019-10-09 18:02:58.181212: Step 2470: Cross entropy = 0.159394
INFO:tensorflow:2019-10-09 18:02:58.237665: Step 2470: Validation accuracy = 32.0% (N=100)
I1009 18:02:58.237712 4519421376 retrain.py:1100] 2019-10-09 18:02:58.237665: Step 2470: Validation accuracy = 32.0% (N=100)
INFO:tensorflow:2019-10-09 18:02:58.793323: Step 2480: Train accuracy = 99.0%
I1009 18:02:58.793367 4519421376 retrain.py:1082] 2019-10-09 18:02:58.793323: Step 2480: Train accuracy = 99.0%
INFO:tensorflow:2019-10-09 18:02:58.793491: Step 2480: Cross entropy = 0.136582
I1009 18:02:58.793503 4519421376 retrain.py:1084] 2019-10-09 18:02:58.793491: Step 2480: Cross entropy = 0.136582
INFO:tensorflow:2019-10-09 18:02:58.850582: Step 2480: Validation accuracy = 41.0% (N=100)
I1009 18:02:58.850629 4519421376 retrain.py:1100] 2019-10-09 18:02:58.850582: Step 2480: Validation accuracy = 41.0% (N=100)
INFO:tensorflow:2019-10-09 18:02:59.406274: Step 2490: Train accuracy = 100.0%
I1009 18:02:59.406318 4519421376 retrain.py:1082] 2019-10-09 18:02:59.406274: Step 2490: Train accuracy = 100.0%
INFO:tensorflow:2019-10-09 18:02:59.406424: Step 2490: Cross entropy = 0.108119
I1009 18:02:59.406448 4519421376 retrain.py:1084] 2019-10-09 18:02:59.406424: Step 2490: Cross entropy = 0.108119
INFO:tensorflow:2019-10-09 18:02:59.462415: Step 2490: Validation accuracy = 34.0% (N=100)
I1009 18:02:59.462465 4519421376 retrain.py:1100] 2019-10-09 18:02:59.462415: Step 2490: Validation accuracy = 34.0% (N=100)
INFO:tensorflow:2019-10-09 18:03:00.017254: Step 2500: Train accuracy = 99.0%
I1009 18:03:00.017298 4519421376 retrain.py:1082] 2019-10-09 18:03:00.017254: Step 2500: Train accuracy = 99.0%
INFO:tensorflow:2019-10-09 18:03:00.017406: Step 2500: Cross entropy = 0.144818
I1009 18:03:00.017416 4519421376 retrain.py:1084] 2019-10-09 18:03:00.017406: Step 2500: Cross entropy = 0.144818
INFO:tensorflow:2019-10-09 18:03:00.073814: Step 2500: Validation accuracy = 39.0% (N=100)
I1009 18:03:00.073861 4519421376 retrain.py:1100] 2019-10-09 18:03:00.073814: Step 2500: Validation accuracy = 39.0% (N=100)
INFO:tensorflow:2019-10-09 18:03:00.628908: Step 2510: Train accuracy = 98.0%
I1009 18:03:00.628952 4519421376 retrain.py:1082] 2019-10-09 18:03:00.628908: Step 2510: Train accuracy = 98.0%
INFO:tensorflow:2019-10-09 18:03:00.629059: Step 2510: Cross entropy = 0.140013
I1009 18:03:00.629070 4519421376 retrain.py:1084] 2019-10-09 18:03:00.629059: Step 2510: Cross entropy = 0.140013
INFO:tensorflow:2019-10-09 18:03:00.684987: Step 2510: Validation accuracy = 43.0% (N=100)
I1009 18:03:00.685031 4519421376 retrain.py:1100] 2019-10-09 18:03:00.684987: Step 2510: Validation accuracy = 43.0% (N=100)
INFO:tensorflow:2019-10-09 18:03:01.240140: Step 2520: Train accuracy = 100.0%
I1009 18:03:01.240185 4519421376 retrain.py:1082] 2019-10-09 18:03:01.240140: Step 2520: Train accuracy = 100.0%
INFO:tensorflow:2019-10-09 18:03:01.240295: Step 2520: Cross entropy = 0.124755
I1009 18:03:01.240305 4519421376 retrain.py:1084] 2019-10-09 18:03:01.240295: Step 2520: Cross entropy = 0.124755
INFO:tensorflow:2019-10-09 18:03:01.296549: Step 2520: Validation accuracy = 34.0% (N=100)
I1009 18:03:01.296597 4519421376 retrain.py:1100] 2019-10-09 18:03:01.296549: Step 2520: Validation accuracy = 34.0% (N=100)
INFO:tensorflow:2019-10-09 18:03:01.852246: Step 2530: Train accuracy = 98.0%
I1009 18:03:01.852291 4519421376 retrain.py:1082] 2019-10-09 18:03:01.852246: Step 2530: Train accuracy = 98.0%
INFO:tensorflow:2019-10-09 18:03:01.852396: Step 2530: Cross entropy = 0.130737
I1009 18:03:01.852406 4519421376 retrain.py:1084] 2019-10-09 18:03:01.852396: Step 2530: Cross entropy = 0.130737
INFO:tensorflow:2019-10-09 18:03:01.908898: Step 2530: Validation accuracy = 37.0% (N=100)
I1009 18:03:01.908944 4519421376 retrain.py:1100] 2019-10-09 18:03:01.908898: Step 2530: Validation accuracy = 37.0% (N=100)
INFO:tensorflow:2019-10-09 18:03:02.464227: Step 2540: Train accuracy = 100.0%
I1009 18:03:02.464282 4519421376 retrain.py:1082] 2019-10-09 18:03:02.464227: Step 2540: Train accuracy = 100.0%
INFO:tensorflow:2019-10-09 18:03:02.464403: Step 2540: Cross entropy = 0.123059
I1009 18:03:02.464413 4519421376 retrain.py:1084] 2019-10-09 18:03:02.464403: Step 2540: Cross entropy = 0.123059
INFO:tensorflow:2019-10-09 18:03:02.520732: Step 2540: Validation accuracy = 31.0% (N=100)
I1009 18:03:02.520776 4519421376 retrain.py:1100] 2019-10-09 18:03:02.520732: Step 2540: Validation accuracy = 31.0% (N=100)
INFO:tensorflow:2019-10-09 18:03:03.077987: Step 2550: Train accuracy = 98.0%
I1009 18:03:03.078031 4519421376 retrain.py:1082] 2019-10-09 18:03:03.077987: Step 2550: Train accuracy = 98.0%
INFO:tensorflow:2019-10-09 18:03:03.078139: Step 2550: Cross entropy = 0.154497
I1009 18:03:03.078149 4519421376 retrain.py:1084] 2019-10-09 18:03:03.078139: Step 2550: Cross entropy = 0.154497
INFO:tensorflow:2019-10-09 18:03:03.134387: Step 2550: Validation accuracy = 46.0% (N=100)
I1009 18:03:03.134436 4519421376 retrain.py:1100] 2019-10-09 18:03:03.134387: Step 2550: Validation accuracy = 46.0% (N=100)
INFO:tensorflow:2019-10-09 18:03:03.690977: Step 2560: Train accuracy = 99.0%
I1009 18:03:03.691020 4519421376 retrain.py:1082] 2019-10-09 18:03:03.690977: Step 2560: Train accuracy = 99.0%
INFO:tensorflow:2019-10-09 18:03:03.691129: Step 2560: Cross entropy = 0.125360
I1009 18:03:03.691138 4519421376 retrain.py:1084] 2019-10-09 18:03:03.691129: Step 2560: Cross entropy = 0.125360
INFO:tensorflow:2019-10-09 18:03:03.746805: Step 2560: Validation accuracy = 33.0% (N=100)
I1009 18:03:03.746852 4519421376 retrain.py:1100] 2019-10-09 18:03:03.746805: Step 2560: Validation accuracy = 33.0% (N=100)
INFO:tensorflow:2019-10-09 18:03:04.301663: Step 2570: Train accuracy = 96.0%
I1009 18:03:04.301709 4519421376 retrain.py:1082] 2019-10-09 18:03:04.301663: Step 2570: Train accuracy = 96.0%
INFO:tensorflow:2019-10-09 18:03:04.301816: Step 2570: Cross entropy = 0.157736
I1009 18:03:04.301826 4519421376 retrain.py:1084] 2019-10-09 18:03:04.301816: Step 2570: Cross entropy = 0.157736
INFO:tensorflow:2019-10-09 18:03:04.358738: Step 2570: Validation accuracy = 43.0% (N=100)
I1009 18:03:04.358783 4519421376 retrain.py:1100] 2019-10-09 18:03:04.358738: Step 2570: Validation accuracy = 43.0% (N=100)
INFO:tensorflow:2019-10-09 18:03:04.913493: Step 2580: Train accuracy = 97.0%
I1009 18:03:04.913537 4519421376 retrain.py:1082] 2019-10-09 18:03:04.913493: Step 2580: Train accuracy = 97.0%
INFO:tensorflow:2019-10-09 18:03:04.913646: Step 2580: Cross entropy = 0.146410
I1009 18:03:04.913657 4519421376 retrain.py:1084] 2019-10-09 18:03:04.913646: Step 2580: Cross entropy = 0.146410
INFO:tensorflow:2019-10-09 18:03:04.969284: Step 2580: Validation accuracy = 41.0% (N=100)
I1009 18:03:04.969331 4519421376 retrain.py:1100] 2019-10-09 18:03:04.969284: Step 2580: Validation accuracy = 41.0% (N=100)
INFO:tensorflow:2019-10-09 18:03:05.523638: Step 2590: Train accuracy = 96.0%
I1009 18:03:05.523682 4519421376 retrain.py:1082] 2019-10-09 18:03:05.523638: Step 2590: Train accuracy = 96.0%
INFO:tensorflow:2019-10-09 18:03:05.523791: Step 2590: Cross entropy = 0.137105
I1009 18:03:05.523802 4519421376 retrain.py:1084] 2019-10-09 18:03:05.523791: Step 2590: Cross entropy = 0.137105
INFO:tensorflow:2019-10-09 18:03:05.580101: Step 2590: Validation accuracy = 31.0% (N=100)
I1009 18:03:05.580147 4519421376 retrain.py:1100] 2019-10-09 18:03:05.580101: Step 2590: Validation accuracy = 31.0% (N=100)
INFO:tensorflow:2019-10-09 18:03:06.135642: Step 2600: Train accuracy = 100.0%
I1009 18:03:06.135686 4519421376 retrain.py:1082] 2019-10-09 18:03:06.135642: Step 2600: Train accuracy = 100.0%
INFO:tensorflow:2019-10-09 18:03:06.135812: Step 2600: Cross entropy = 0.116062
I1009 18:03:06.135841 4519421376 retrain.py:1084] 2019-10-09 18:03:06.135812: Step 2600: Cross entropy = 0.116062
INFO:tensorflow:2019-10-09 18:03:06.192143: Step 2600: Validation accuracy = 41.0% (N=100)
I1009 18:03:06.192192 4519421376 retrain.py:1100] 2019-10-09 18:03:06.192143: Step 2600: Validation accuracy = 41.0% (N=100)
INFO:tensorflow:2019-10-09 18:03:06.747987: Step 2610: Train accuracy = 97.0%
I1009 18:03:06.748030 4519421376 retrain.py:1082] 2019-10-09 18:03:06.747987: Step 2610: Train accuracy = 97.0%
INFO:tensorflow:2019-10-09 18:03:06.748139: Step 2610: Cross entropy = 0.140493
I1009 18:03:06.748148 4519421376 retrain.py:1084] 2019-10-09 18:03:06.748139: Step 2610: Cross entropy = 0.140493
INFO:tensorflow:2019-10-09 18:03:06.804451: Step 2610: Validation accuracy = 36.0% (N=100)
I1009 18:03:06.804508 4519421376 retrain.py:1100] 2019-10-09 18:03:06.804451: Step 2610: Validation accuracy = 36.0% (N=100)
INFO:tensorflow:2019-10-09 18:03:07.359233: Step 2620: Train accuracy = 96.0%
I1009 18:03:07.359275 4519421376 retrain.py:1082] 2019-10-09 18:03:07.359233: Step 2620: Train accuracy = 96.0%
INFO:tensorflow:2019-10-09 18:03:07.359382: Step 2620: Cross entropy = 0.152142
I1009 18:03:07.359391 4519421376 retrain.py:1084] 2019-10-09 18:03:07.359382: Step 2620: Cross entropy = 0.152142
INFO:tensorflow:2019-10-09 18:03:07.415167: Step 2620: Validation accuracy = 36.0% (N=100)
I1009 18:03:07.415214 4519421376 retrain.py:1100] 2019-10-09 18:03:07.415167: Step 2620: Validation accuracy = 36.0% (N=100)
INFO:tensorflow:2019-10-09 18:03:07.970741: Step 2630: Train accuracy = 99.0%
I1009 18:03:07.970786 4519421376 retrain.py:1082] 2019-10-09 18:03:07.970741: Step 2630: Train accuracy = 99.0%
INFO:tensorflow:2019-10-09 18:03:07.970894: Step 2630: Cross entropy = 0.123878
I1009 18:03:07.970905 4519421376 retrain.py:1084] 2019-10-09 18:03:07.970894: Step 2630: Cross entropy = 0.123878
INFO:tensorflow:2019-10-09 18:03:08.027236: Step 2630: Validation accuracy = 39.0% (N=100)
I1009 18:03:08.027283 4519421376 retrain.py:1100] 2019-10-09 18:03:08.027236: Step 2630: Validation accuracy = 39.0% (N=100)
INFO:tensorflow:2019-10-09 18:03:08.581431: Step 2640: Train accuracy = 98.0%
I1009 18:03:08.581475 4519421376 retrain.py:1082] 2019-10-09 18:03:08.581431: Step 2640: Train accuracy = 98.0%
INFO:tensorflow:2019-10-09 18:03:08.581584: Step 2640: Cross entropy = 0.128040
I1009 18:03:08.581594 4519421376 retrain.py:1084] 2019-10-09 18:03:08.581584: Step 2640: Cross entropy = 0.128040
INFO:tensorflow:2019-10-09 18:03:08.637868: Step 2640: Validation accuracy = 45.0% (N=100)
I1009 18:03:08.637914 4519421376 retrain.py:1100] 2019-10-09 18:03:08.637868: Step 2640: Validation accuracy = 45.0% (N=100)
INFO:tensorflow:2019-10-09 18:03:09.191820: Step 2650: Train accuracy = 98.0%
I1009 18:03:09.191864 4519421376 retrain.py:1082] 2019-10-09 18:03:09.191820: Step 2650: Train accuracy = 98.0%
INFO:tensorflow:2019-10-09 18:03:09.191971: Step 2650: Cross entropy = 0.143160
I1009 18:03:09.191994 4519421376 retrain.py:1084] 2019-10-09 18:03:09.191971: Step 2650: Cross entropy = 0.143160
INFO:tensorflow:2019-10-09 18:03:09.247868: Step 2650: Validation accuracy = 35.0% (N=100)
I1009 18:03:09.247918 4519421376 retrain.py:1100] 2019-10-09 18:03:09.247868: Step 2650: Validation accuracy = 35.0% (N=100)
INFO:tensorflow:2019-10-09 18:03:09.802151: Step 2660: Train accuracy = 100.0%
I1009 18:03:09.802194 4519421376 retrain.py:1082] 2019-10-09 18:03:09.802151: Step 2660: Train accuracy = 100.0%
INFO:tensorflow:2019-10-09 18:03:09.802301: Step 2660: Cross entropy = 0.120902
I1009 18:03:09.802310 4519421376 retrain.py:1084] 2019-10-09 18:03:09.802301: Step 2660: Cross entropy = 0.120902
INFO:tensorflow:2019-10-09 18:03:09.858477: Step 2660: Validation accuracy = 34.0% (N=100)
I1009 18:03:09.858523 4519421376 retrain.py:1100] 2019-10-09 18:03:09.858477: Step 2660: Validation accuracy = 34.0% (N=100)
INFO:tensorflow:2019-10-09 18:03:10.412269: Step 2670: Train accuracy = 98.0%
I1009 18:03:10.412312 4519421376 retrain.py:1082] 2019-10-09 18:03:10.412269: Step 2670: Train accuracy = 98.0%
INFO:tensorflow:2019-10-09 18:03:10.412439: Step 2670: Cross entropy = 0.137201
I1009 18:03:10.412468 4519421376 retrain.py:1084] 2019-10-09 18:03:10.412439: Step 2670: Cross entropy = 0.137201
INFO:tensorflow:2019-10-09 18:03:10.468804: Step 2670: Validation accuracy = 47.0% (N=100)
I1009 18:03:10.468850 4519421376 retrain.py:1100] 2019-10-09 18:03:10.468804: Step 2670: Validation accuracy = 47.0% (N=100)
INFO:tensorflow:2019-10-09 18:03:11.024236: Step 2680: Train accuracy = 97.0%
I1009 18:03:11.024280 4519421376 retrain.py:1082] 2019-10-09 18:03:11.024236: Step 2680: Train accuracy = 97.0%
INFO:tensorflow:2019-10-09 18:03:11.024387: Step 2680: Cross entropy = 0.129036
I1009 18:03:11.024397 4519421376 retrain.py:1084] 2019-10-09 18:03:11.024387: Step 2680: Cross entropy = 0.129036
INFO:tensorflow:2019-10-09 18:03:11.080702: Step 2680: Validation accuracy = 43.0% (N=100)
I1009 18:03:11.080751 4519421376 retrain.py:1100] 2019-10-09 18:03:11.080702: Step 2680: Validation accuracy = 43.0% (N=100)
INFO:tensorflow:2019-10-09 18:03:11.635594: Step 2690: Train accuracy = 100.0%
I1009 18:03:11.635638 4519421376 retrain.py:1082] 2019-10-09 18:03:11.635594: Step 2690: Train accuracy = 100.0%
INFO:tensorflow:2019-10-09 18:03:11.635746: Step 2690: Cross entropy = 0.104005
I1009 18:03:11.635766 4519421376 retrain.py:1084] 2019-10-09 18:03:11.635746: Step 2690: Cross entropy = 0.104005
INFO:tensorflow:2019-10-09 18:03:11.691485: Step 2690: Validation accuracy = 34.0% (N=100)
I1009 18:03:11.691533 4519421376 retrain.py:1100] 2019-10-09 18:03:11.691485: Step 2690: Validation accuracy = 34.0% (N=100)
INFO:tensorflow:2019-10-09 18:03:12.245830: Step 2700: Train accuracy = 100.0%
I1009 18:03:12.245873 4519421376 retrain.py:1082] 2019-10-09 18:03:12.245830: Step 2700: Train accuracy = 100.0%
INFO:tensorflow:2019-10-09 18:03:12.245981: Step 2700: Cross entropy = 0.140332
I1009 18:03:12.245990 4519421376 retrain.py:1084] 2019-10-09 18:03:12.245981: Step 2700: Cross entropy = 0.140332
INFO:tensorflow:2019-10-09 18:03:12.302301: Step 2700: Validation accuracy = 37.0% (N=100)
I1009 18:03:12.302346 4519421376 retrain.py:1100] 2019-10-09 18:03:12.302301: Step 2700: Validation accuracy = 37.0% (N=100)
INFO:tensorflow:2019-10-09 18:03:12.867324: Step 2710: Train accuracy = 99.0%
I1009 18:03:12.867382 4519421376 retrain.py:1082] 2019-10-09 18:03:12.867324: Step 2710: Train accuracy = 99.0%
INFO:tensorflow:2019-10-09 18:03:12.867516: Step 2710: Cross entropy = 0.117235
I1009 18:03:12.867527 4519421376 retrain.py:1084] 2019-10-09 18:03:12.867516: Step 2710: Cross entropy = 0.117235
INFO:tensorflow:2019-10-09 18:03:12.923352: Step 2710: Validation accuracy = 35.0% (N=100)
I1009 18:03:12.923396 4519421376 retrain.py:1100] 2019-10-09 18:03:12.923352: Step 2710: Validation accuracy = 35.0% (N=100)
INFO:tensorflow:2019-10-09 18:03:13.477788: Step 2720: Train accuracy = 100.0%
I1009 18:03:13.477833 4519421376 retrain.py:1082] 2019-10-09 18:03:13.477788: Step 2720: Train accuracy = 100.0%
INFO:tensorflow:2019-10-09 18:03:13.477943: Step 2720: Cross entropy = 0.110165
I1009 18:03:13.477952 4519421376 retrain.py:1084] 2019-10-09 18:03:13.477943: Step 2720: Cross entropy = 0.110165
INFO:tensorflow:2019-10-09 18:03:13.533653: Step 2720: Validation accuracy = 50.0% (N=100)
I1009 18:03:13.533701 4519421376 retrain.py:1100] 2019-10-09 18:03:13.533653: Step 2720: Validation accuracy = 50.0% (N=100)
INFO:tensorflow:2019-10-09 18:03:14.090550: Step 2730: Train accuracy = 99.0%
I1009 18:03:14.090594 4519421376 retrain.py:1082] 2019-10-09 18:03:14.090550: Step 2730: Train accuracy = 99.0%
INFO:tensorflow:2019-10-09 18:03:14.090700: Step 2730: Cross entropy = 0.111287
I1009 18:03:14.090711 4519421376 retrain.py:1084] 2019-10-09 18:03:14.090700: Step 2730: Cross entropy = 0.111287
INFO:tensorflow:2019-10-09 18:03:14.147106: Step 2730: Validation accuracy = 42.0% (N=100)
I1009 18:03:14.147155 4519421376 retrain.py:1100] 2019-10-09 18:03:14.147106: Step 2730: Validation accuracy = 42.0% (N=100)
INFO:tensorflow:2019-10-09 18:03:14.701742: Step 2740: Train accuracy = 97.0%
I1009 18:03:14.701786 4519421376 retrain.py:1082] 2019-10-09 18:03:14.701742: Step 2740: Train accuracy = 97.0%
INFO:tensorflow:2019-10-09 18:03:14.701895: Step 2740: Cross entropy = 0.142719
I1009 18:03:14.701905 4519421376 retrain.py:1084] 2019-10-09 18:03:14.701895: Step 2740: Cross entropy = 0.142719
INFO:tensorflow:2019-10-09 18:03:14.758045: Step 2740: Validation accuracy = 35.0% (N=100)
I1009 18:03:14.758093 4519421376 retrain.py:1100] 2019-10-09 18:03:14.758045: Step 2740: Validation accuracy = 35.0% (N=100)
INFO:tensorflow:2019-10-09 18:03:15.313544: Step 2750: Train accuracy = 98.0%
I1009 18:03:15.313589 4519421376 retrain.py:1082] 2019-10-09 18:03:15.313544: Step 2750: Train accuracy = 98.0%
INFO:tensorflow:2019-10-09 18:03:15.313696: Step 2750: Cross entropy = 0.125753
I1009 18:03:15.313705 4519421376 retrain.py:1084] 2019-10-09 18:03:15.313696: Step 2750: Cross entropy = 0.125753
INFO:tensorflow:2019-10-09 18:03:15.370220: Step 2750: Validation accuracy = 31.0% (N=100)
I1009 18:03:15.370267 4519421376 retrain.py:1100] 2019-10-09 18:03:15.370220: Step 2750: Validation accuracy = 31.0% (N=100)
INFO:tensorflow:2019-10-09 18:03:15.924243: Step 2760: Train accuracy = 99.0%
I1009 18:03:15.924296 4519421376 retrain.py:1082] 2019-10-09 18:03:15.924243: Step 2760: Train accuracy = 99.0%
INFO:tensorflow:2019-10-09 18:03:15.924405: Step 2760: Cross entropy = 0.121921
I1009 18:03:15.924413 4519421376 retrain.py:1084] 2019-10-09 18:03:15.924405: Step 2760: Cross entropy = 0.121921
INFO:tensorflow:2019-10-09 18:03:15.980771: Step 2760: Validation accuracy = 36.0% (N=100)
I1009 18:03:15.980815 4519421376 retrain.py:1100] 2019-10-09 18:03:15.980771: Step 2760: Validation accuracy = 36.0% (N=100)
INFO:tensorflow:2019-10-09 18:03:16.535254: Step 2770: Train accuracy = 98.0%
I1009 18:03:16.535299 4519421376 retrain.py:1082] 2019-10-09 18:03:16.535254: Step 2770: Train accuracy = 98.0%
INFO:tensorflow:2019-10-09 18:03:16.535408: Step 2770: Cross entropy = 0.132010
I1009 18:03:16.535418 4519421376 retrain.py:1084] 2019-10-09 18:03:16.535408: Step 2770: Cross entropy = 0.132010
INFO:tensorflow:2019-10-09 18:03:16.591463: Step 2770: Validation accuracy = 45.0% (N=100)
I1009 18:03:16.591510 4519421376 retrain.py:1100] 2019-10-09 18:03:16.591463: Step 2770: Validation accuracy = 45.0% (N=100)
INFO:tensorflow:2019-10-09 18:03:17.146274: Step 2780: Train accuracy = 97.0%
I1009 18:03:17.146317 4519421376 retrain.py:1082] 2019-10-09 18:03:17.146274: Step 2780: Train accuracy = 97.0%
INFO:tensorflow:2019-10-09 18:03:17.146423: Step 2780: Cross entropy = 0.133709
I1009 18:03:17.146434 4519421376 retrain.py:1084] 2019-10-09 18:03:17.146423: Step 2780: Cross entropy = 0.133709
INFO:tensorflow:2019-10-09 18:03:17.202093: Step 2780: Validation accuracy = 39.0% (N=100)
I1009 18:03:17.202139 4519421376 retrain.py:1100] 2019-10-09 18:03:17.202093: Step 2780: Validation accuracy = 39.0% (N=100)
INFO:tensorflow:2019-10-09 18:03:17.758691: Step 2790: Train accuracy = 98.0%
I1009 18:03:17.758733 4519421376 retrain.py:1082] 2019-10-09 18:03:17.758691: Step 2790: Train accuracy = 98.0%
INFO:tensorflow:2019-10-09 18:03:17.758843: Step 2790: Cross entropy = 0.141861
I1009 18:03:17.758875 4519421376 retrain.py:1084] 2019-10-09 18:03:17.758843: Step 2790: Cross entropy = 0.141861
INFO:tensorflow:2019-10-09 18:03:17.815908: Step 2790: Validation accuracy = 45.0% (N=100)
I1009 18:03:17.815957 4519421376 retrain.py:1100] 2019-10-09 18:03:17.815908: Step 2790: Validation accuracy = 45.0% (N=100)
INFO:tensorflow:2019-10-09 18:03:18.370521: Step 2800: Train accuracy = 99.0%
I1009 18:03:18.370565 4519421376 retrain.py:1082] 2019-10-09 18:03:18.370521: Step 2800: Train accuracy = 99.0%
INFO:tensorflow:2019-10-09 18:03:18.370674: Step 2800: Cross entropy = 0.124478
I1009 18:03:18.370683 4519421376 retrain.py:1084] 2019-10-09 18:03:18.370674: Step 2800: Cross entropy = 0.124478
INFO:tensorflow:2019-10-09 18:03:18.428933: Step 2800: Validation accuracy = 46.0% (N=100)
I1009 18:03:18.428979 4519421376 retrain.py:1100] 2019-10-09 18:03:18.428933: Step 2800: Validation accuracy = 46.0% (N=100)
INFO:tensorflow:2019-10-09 18:03:18.983255: Step 2810: Train accuracy = 99.0%
I1009 18:03:18.983300 4519421376 retrain.py:1082] 2019-10-09 18:03:18.983255: Step 2810: Train accuracy = 99.0%
INFO:tensorflow:2019-10-09 18:03:18.983408: Step 2810: Cross entropy = 0.137990
I1009 18:03:18.983418 4519421376 retrain.py:1084] 2019-10-09 18:03:18.983408: Step 2810: Cross entropy = 0.137990
INFO:tensorflow:2019-10-09 18:03:19.039743: Step 2810: Validation accuracy = 50.0% (N=100)
I1009 18:03:19.039791 4519421376 retrain.py:1100] 2019-10-09 18:03:19.039743: Step 2810: Validation accuracy = 50.0% (N=100)
INFO:tensorflow:2019-10-09 18:03:19.595407: Step 2820: Train accuracy = 100.0%
I1009 18:03:19.595451 4519421376 retrain.py:1082] 2019-10-09 18:03:19.595407: Step 2820: Train accuracy = 100.0%
INFO:tensorflow:2019-10-09 18:03:19.595577: Step 2820: Cross entropy = 0.107666
I1009 18:03:19.595603 4519421376 retrain.py:1084] 2019-10-09 18:03:19.595577: Step 2820: Cross entropy = 0.107666
INFO:tensorflow:2019-10-09 18:03:19.652011: Step 2820: Validation accuracy = 40.0% (N=100)
I1009 18:03:19.652059 4519421376 retrain.py:1100] 2019-10-09 18:03:19.652011: Step 2820: Validation accuracy = 40.0% (N=100)
INFO:tensorflow:2019-10-09 18:03:20.206945: Step 2830: Train accuracy = 99.0%
I1009 18:03:20.206990 4519421376 retrain.py:1082] 2019-10-09 18:03:20.206945: Step 2830: Train accuracy = 99.0%
INFO:tensorflow:2019-10-09 18:03:20.207100: Step 2830: Cross entropy = 0.125916
I1009 18:03:20.207111 4519421376 retrain.py:1084] 2019-10-09 18:03:20.207100: Step 2830: Cross entropy = 0.125916
INFO:tensorflow:2019-10-09 18:03:20.263243: Step 2830: Validation accuracy = 43.0% (N=100)
I1009 18:03:20.263290 4519421376 retrain.py:1100] 2019-10-09 18:03:20.263243: Step 2830: Validation accuracy = 43.0% (N=100)
INFO:tensorflow:2019-10-09 18:03:20.817544: Step 2840: Train accuracy = 98.0%
I1009 18:03:20.817600 4519421376 retrain.py:1082] 2019-10-09 18:03:20.817544: Step 2840: Train accuracy = 98.0%
INFO:tensorflow:2019-10-09 18:03:20.817723: Step 2840: Cross entropy = 0.137761
I1009 18:03:20.817733 4519421376 retrain.py:1084] 2019-10-09 18:03:20.817723: Step 2840: Cross entropy = 0.137761
INFO:tensorflow:2019-10-09 18:03:20.873957: Step 2840: Validation accuracy = 37.0% (N=100)
I1009 18:03:20.874006 4519421376 retrain.py:1100] 2019-10-09 18:03:20.873957: Step 2840: Validation accuracy = 37.0% (N=100)
INFO:tensorflow:2019-10-09 18:03:21.429518: Step 2850: Train accuracy = 98.0%
I1009 18:03:21.429569 4519421376 retrain.py:1082] 2019-10-09 18:03:21.429518: Step 2850: Train accuracy = 98.0%
INFO:tensorflow:2019-10-09 18:03:21.429687: Step 2850: Cross entropy = 0.136593
I1009 18:03:21.429699 4519421376 retrain.py:1084] 2019-10-09 18:03:21.429687: Step 2850: Cross entropy = 0.136593
INFO:tensorflow:2019-10-09 18:03:21.486217: Step 2850: Validation accuracy = 32.0% (N=100)
I1009 18:03:21.486265 4519421376 retrain.py:1100] 2019-10-09 18:03:21.486217: Step 2850: Validation accuracy = 32.0% (N=100)
INFO:tensorflow:2019-10-09 18:03:22.040047: Step 2860: Train accuracy = 98.0%
I1009 18:03:22.040091 4519421376 retrain.py:1082] 2019-10-09 18:03:22.040047: Step 2860: Train accuracy = 98.0%
INFO:tensorflow:2019-10-09 18:03:22.040198: Step 2860: Cross entropy = 0.121250
I1009 18:03:22.040207 4519421376 retrain.py:1084] 2019-10-09 18:03:22.040198: Step 2860: Cross entropy = 0.121250
INFO:tensorflow:2019-10-09 18:03:22.096447: Step 2860: Validation accuracy = 35.0% (N=100)
I1009 18:03:22.096493 4519421376 retrain.py:1100] 2019-10-09 18:03:22.096447: Step 2860: Validation accuracy = 35.0% (N=100)
INFO:tensorflow:2019-10-09 18:03:22.650979: Step 2870: Train accuracy = 99.0%
I1009 18:03:22.651024 4519421376 retrain.py:1082] 2019-10-09 18:03:22.650979: Step 2870: Train accuracy = 99.0%
INFO:tensorflow:2019-10-09 18:03:22.651141: Step 2870: Cross entropy = 0.112229
I1009 18:03:22.651151 4519421376 retrain.py:1084] 2019-10-09 18:03:22.651141: Step 2870: Cross entropy = 0.112229
INFO:tensorflow:2019-10-09 18:03:22.707446: Step 2870: Validation accuracy = 32.0% (N=100)
I1009 18:03:22.707493 4519421376 retrain.py:1100] 2019-10-09 18:03:22.707446: Step 2870: Validation accuracy = 32.0% (N=100)
INFO:tensorflow:2019-10-09 18:03:23.263672: Step 2880: Train accuracy = 98.0%
I1009 18:03:23.263720 4519421376 retrain.py:1082] 2019-10-09 18:03:23.263672: Step 2880: Train accuracy = 98.0%
INFO:tensorflow:2019-10-09 18:03:23.263829: Step 2880: Cross entropy = 0.130697
I1009 18:03:23.263840 4519421376 retrain.py:1084] 2019-10-09 18:03:23.263829: Step 2880: Cross entropy = 0.130697
INFO:tensorflow:2019-10-09 18:03:23.320510: Step 2880: Validation accuracy = 49.0% (N=100)
I1009 18:03:23.320555 4519421376 retrain.py:1100] 2019-10-09 18:03:23.320510: Step 2880: Validation accuracy = 49.0% (N=100)
INFO:tensorflow:2019-10-09 18:03:23.875482: Step 2890: Train accuracy = 99.0%
I1009 18:03:23.875526 4519421376 retrain.py:1082] 2019-10-09 18:03:23.875482: Step 2890: Train accuracy = 99.0%
INFO:tensorflow:2019-10-09 18:03:23.875636: Step 2890: Cross entropy = 0.123404
I1009 18:03:23.875647 4519421376 retrain.py:1084] 2019-10-09 18:03:23.875636: Step 2890: Cross entropy = 0.123404
INFO:tensorflow:2019-10-09 18:03:23.932010: Step 2890: Validation accuracy = 43.0% (N=100)
I1009 18:03:23.932058 4519421376 retrain.py:1100] 2019-10-09 18:03:23.932010: Step 2890: Validation accuracy = 43.0% (N=100)
INFO:tensorflow:2019-10-09 18:03:24.487451: Step 2900: Train accuracy = 99.0%
I1009 18:03:24.487494 4519421376 retrain.py:1082] 2019-10-09 18:03:24.487451: Step 2900: Train accuracy = 99.0%
INFO:tensorflow:2019-10-09 18:03:24.487619: Step 2900: Cross entropy = 0.135280
I1009 18:03:24.487648 4519421376 retrain.py:1084] 2019-10-09 18:03:24.487619: Step 2900: Cross entropy = 0.135280
INFO:tensorflow:2019-10-09 18:03:24.543927: Step 2900: Validation accuracy = 38.0% (N=100)
I1009 18:03:24.543974 4519421376 retrain.py:1100] 2019-10-09 18:03:24.543927: Step 2900: Validation accuracy = 38.0% (N=100)
INFO:tensorflow:2019-10-09 18:03:25.098177: Step 2910: Train accuracy = 98.0%
I1009 18:03:25.098220 4519421376 retrain.py:1082] 2019-10-09 18:03:25.098177: Step 2910: Train accuracy = 98.0%
INFO:tensorflow:2019-10-09 18:03:25.098328: Step 2910: Cross entropy = 0.120410
I1009 18:03:25.098339 4519421376 retrain.py:1084] 2019-10-09 18:03:25.098328: Step 2910: Cross entropy = 0.120410
INFO:tensorflow:2019-10-09 18:03:25.154066: Step 2910: Validation accuracy = 39.0% (N=100)
I1009 18:03:25.154113 4519421376 retrain.py:1100] 2019-10-09 18:03:25.154066: Step 2910: Validation accuracy = 39.0% (N=100)
INFO:tensorflow:2019-10-09 18:03:25.708570: Step 2920: Train accuracy = 98.0%
I1009 18:03:25.708614 4519421376 retrain.py:1082] 2019-10-09 18:03:25.708570: Step 2920: Train accuracy = 98.0%
INFO:tensorflow:2019-10-09 18:03:25.708723: Step 2920: Cross entropy = 0.127837
I1009 18:03:25.708734 4519421376 retrain.py:1084] 2019-10-09 18:03:25.708723: Step 2920: Cross entropy = 0.127837
INFO:tensorflow:2019-10-09 18:03:25.764925: Step 2920: Validation accuracy = 42.0% (N=100)
I1009 18:03:25.764973 4519421376 retrain.py:1100] 2019-10-09 18:03:25.764925: Step 2920: Validation accuracy = 42.0% (N=100)
INFO:tensorflow:2019-10-09 18:03:26.320189: Step 2930: Train accuracy = 99.0%
I1009 18:03:26.320234 4519421376 retrain.py:1082] 2019-10-09 18:03:26.320189: Step 2930: Train accuracy = 99.0%
INFO:tensorflow:2019-10-09 18:03:26.320341: Step 2930: Cross entropy = 0.103878
I1009 18:03:26.320350 4519421376 retrain.py:1084] 2019-10-09 18:03:26.320341: Step 2930: Cross entropy = 0.103878
INFO:tensorflow:2019-10-09 18:03:26.376714: Step 2930: Validation accuracy = 51.0% (N=100)
I1009 18:03:26.376762 4519421376 retrain.py:1100] 2019-10-09 18:03:26.376714: Step 2930: Validation accuracy = 51.0% (N=100)
INFO:tensorflow:2019-10-09 18:03:26.932423: Step 2940: Train accuracy = 98.0%
I1009 18:03:26.932468 4519421376 retrain.py:1082] 2019-10-09 18:03:26.932423: Step 2940: Train accuracy = 98.0%
INFO:tensorflow:2019-10-09 18:03:26.932576: Step 2940: Cross entropy = 0.120439
I1009 18:03:26.932586 4519421376 retrain.py:1084] 2019-10-09 18:03:26.932576: Step 2940: Cross entropy = 0.120439
INFO:tensorflow:2019-10-09 18:03:26.989080: Step 2940: Validation accuracy = 36.0% (N=100)
I1009 18:03:26.989126 4519421376 retrain.py:1100] 2019-10-09 18:03:26.989080: Step 2940: Validation accuracy = 36.0% (N=100)
INFO:tensorflow:2019-10-09 18:03:27.543440: Step 2950: Train accuracy = 98.0%
I1009 18:03:27.543483 4519421376 retrain.py:1082] 2019-10-09 18:03:27.543440: Step 2950: Train accuracy = 98.0%
INFO:tensorflow:2019-10-09 18:03:27.543591: Step 2950: Cross entropy = 0.154682
I1009 18:03:27.543600 4519421376 retrain.py:1084] 2019-10-09 18:03:27.543591: Step 2950: Cross entropy = 0.154682
INFO:tensorflow:2019-10-09 18:03:27.599903: Step 2950: Validation accuracy = 35.0% (N=100)
I1009 18:03:27.599951 4519421376 retrain.py:1100] 2019-10-09 18:03:27.599903: Step 2950: Validation accuracy = 35.0% (N=100)
INFO:tensorflow:2019-10-09 18:03:28.155933: Step 2960: Train accuracy = 96.0%
I1009 18:03:28.155977 4519421376 retrain.py:1082] 2019-10-09 18:03:28.155933: Step 2960: Train accuracy = 96.0%
INFO:tensorflow:2019-10-09 18:03:28.156086: Step 2960: Cross entropy = 0.143998
I1009 18:03:28.156096 4519421376 retrain.py:1084] 2019-10-09 18:03:28.156086: Step 2960: Cross entropy = 0.143998
INFO:tensorflow:2019-10-09 18:03:28.212390: Step 2960: Validation accuracy = 47.0% (N=100)
I1009 18:03:28.212439 4519421376 retrain.py:1100] 2019-10-09 18:03:28.212390: Step 2960: Validation accuracy = 47.0% (N=100)
INFO:tensorflow:2019-10-09 18:03:28.767662: Step 2970: Train accuracy = 99.0%
I1009 18:03:28.767706 4519421376 retrain.py:1082] 2019-10-09 18:03:28.767662: Step 2970: Train accuracy = 99.0%
INFO:tensorflow:2019-10-09 18:03:28.767828: Step 2970: Cross entropy = 0.106965
I1009 18:03:28.767838 4519421376 retrain.py:1084] 2019-10-09 18:03:28.767828: Step 2970: Cross entropy = 0.106965
INFO:tensorflow:2019-10-09 18:03:28.824658: Step 2970: Validation accuracy = 43.0% (N=100)
I1009 18:03:28.824706 4519421376 retrain.py:1100] 2019-10-09 18:03:28.824658: Step 2970: Validation accuracy = 43.0% (N=100)
INFO:tensorflow:2019-10-09 18:03:29.379546: Step 2980: Train accuracy = 99.0%
I1009 18:03:29.379589 4519421376 retrain.py:1082] 2019-10-09 18:03:29.379546: Step 2980: Train accuracy = 99.0%
INFO:tensorflow:2019-10-09 18:03:29.379700: Step 2980: Cross entropy = 0.133788
I1009 18:03:29.379710 4519421376 retrain.py:1084] 2019-10-09 18:03:29.379700: Step 2980: Cross entropy = 0.133788
INFO:tensorflow:2019-10-09 18:03:29.435380: Step 2980: Validation accuracy = 41.0% (N=100)
I1009 18:03:29.435427 4519421376 retrain.py:1100] 2019-10-09 18:03:29.435380: Step 2980: Validation accuracy = 41.0% (N=100)
INFO:tensorflow:2019-10-09 18:03:29.989602: Step 2990: Train accuracy = 99.0%
I1009 18:03:29.989647 4519421376 retrain.py:1082] 2019-10-09 18:03:29.989602: Step 2990: Train accuracy = 99.0%
INFO:tensorflow:2019-10-09 18:03:29.989756: Step 2990: Cross entropy = 0.119875
I1009 18:03:29.989768 4519421376 retrain.py:1084] 2019-10-09 18:03:29.989756: Step 2990: Cross entropy = 0.119875
INFO:tensorflow:2019-10-09 18:03:30.045520: Step 2990: Validation accuracy = 51.0% (N=100)
I1009 18:03:30.045567 4519421376 retrain.py:1100] 2019-10-09 18:03:30.045520: Step 2990: Validation accuracy = 51.0% (N=100)
INFO:tensorflow:2019-10-09 18:03:30.600947: Step 3000: Train accuracy = 99.0%
I1009 18:03:30.600992 4519421376 retrain.py:1082] 2019-10-09 18:03:30.600947: Step 3000: Train accuracy = 99.0%
INFO:tensorflow:2019-10-09 18:03:30.601103: Step 3000: Cross entropy = 0.131455
I1009 18:03:30.601114 4519421376 retrain.py:1084] 2019-10-09 18:03:30.601103: Step 3000: Cross entropy = 0.131455
INFO:tensorflow:2019-10-09 18:03:30.657370: Step 3000: Validation accuracy = 38.0% (N=100)
I1009 18:03:30.657418 4519421376 retrain.py:1100] 2019-10-09 18:03:30.657370: Step 3000: Validation accuracy = 38.0% (N=100)
INFO:tensorflow:2019-10-09 18:03:31.213360: Step 3010: Train accuracy = 96.0%
I1009 18:03:31.213402 4519421376 retrain.py:1082] 2019-10-09 18:03:31.213360: Step 3010: Train accuracy = 96.0%
INFO:tensorflow:2019-10-09 18:03:31.213508: Step 3010: Cross entropy = 0.157401
I1009 18:03:31.213518 4519421376 retrain.py:1084] 2019-10-09 18:03:31.213508: Step 3010: Cross entropy = 0.157401
INFO:tensorflow:2019-10-09 18:03:31.269766: Step 3010: Validation accuracy = 45.0% (N=100)
I1009 18:03:31.269814 4519421376 retrain.py:1100] 2019-10-09 18:03:31.269766: Step 3010: Validation accuracy = 45.0% (N=100)
INFO:tensorflow:2019-10-09 18:03:31.824789: Step 3020: Train accuracy = 99.0%
I1009 18:03:31.824834 4519421376 retrain.py:1082] 2019-10-09 18:03:31.824789: Step 3020: Train accuracy = 99.0%
INFO:tensorflow:2019-10-09 18:03:31.824939: Step 3020: Cross entropy = 0.114294
I1009 18:03:31.824949 4519421376 retrain.py:1084] 2019-10-09 18:03:31.824939: Step 3020: Cross entropy = 0.114294
INFO:tensorflow:2019-10-09 18:03:31.882028: Step 3020: Validation accuracy = 39.0% (N=100)
I1009 18:03:31.882076 4519421376 retrain.py:1100] 2019-10-09 18:03:31.882028: Step 3020: Validation accuracy = 39.0% (N=100)
INFO:tensorflow:2019-10-09 18:03:32.437778: Step 3030: Train accuracy = 100.0%
I1009 18:03:32.437820 4519421376 retrain.py:1082] 2019-10-09 18:03:32.437778: Step 3030: Train accuracy = 100.0%
INFO:tensorflow:2019-10-09 18:03:32.437927: Step 3030: Cross entropy = 0.115134
I1009 18:03:32.437936 4519421376 retrain.py:1084] 2019-10-09 18:03:32.437927: Step 3030: Cross entropy = 0.115134
INFO:tensorflow:2019-10-09 18:03:32.494413: Step 3030: Validation accuracy = 35.0% (N=100)
I1009 18:03:32.494460 4519421376 retrain.py:1100] 2019-10-09 18:03:32.494413: Step 3030: Validation accuracy = 35.0% (N=100)
INFO:tensorflow:2019-10-09 18:03:33.051045: Step 3040: Train accuracy = 98.0%
I1009 18:03:33.051088 4519421376 retrain.py:1082] 2019-10-09 18:03:33.051045: Step 3040: Train accuracy = 98.0%
INFO:tensorflow:2019-10-09 18:03:33.051197: Step 3040: Cross entropy = 0.119644
I1009 18:03:33.051208 4519421376 retrain.py:1084] 2019-10-09 18:03:33.051197: Step 3040: Cross entropy = 0.119644
INFO:tensorflow:2019-10-09 18:03:33.107659: Step 3040: Validation accuracy = 41.0% (N=100)
I1009 18:03:33.107707 4519421376 retrain.py:1100] 2019-10-09 18:03:33.107659: Step 3040: Validation accuracy = 41.0% (N=100)
INFO:tensorflow:2019-10-09 18:03:33.662084: Step 3050: Train accuracy = 98.0%
I1009 18:03:33.662128 4519421376 retrain.py:1082] 2019-10-09 18:03:33.662084: Step 3050: Train accuracy = 98.0%
INFO:tensorflow:2019-10-09 18:03:33.662239: Step 3050: Cross entropy = 0.130154
I1009 18:03:33.662250 4519421376 retrain.py:1084] 2019-10-09 18:03:33.662239: Step 3050: Cross entropy = 0.130154
INFO:tensorflow:2019-10-09 18:03:33.718087: Step 3050: Validation accuracy = 36.0% (N=100)
I1009 18:03:33.718133 4519421376 retrain.py:1100] 2019-10-09 18:03:33.718087: Step 3050: Validation accuracy = 36.0% (N=100)
INFO:tensorflow:2019-10-09 18:03:34.272921: Step 3060: Train accuracy = 100.0%
I1009 18:03:34.272965 4519421376 retrain.py:1082] 2019-10-09 18:03:34.272921: Step 3060: Train accuracy = 100.0%
INFO:tensorflow:2019-10-09 18:03:34.273070: Step 3060: Cross entropy = 0.120148
I1009 18:03:34.273080 4519421376 retrain.py:1084] 2019-10-09 18:03:34.273070: Step 3060: Cross entropy = 0.120148
INFO:tensorflow:2019-10-09 18:03:34.330371: Step 3060: Validation accuracy = 42.0% (N=100)
I1009 18:03:34.330425 4519421376 retrain.py:1100] 2019-10-09 18:03:34.330371: Step 3060: Validation accuracy = 42.0% (N=100)
INFO:tensorflow:2019-10-09 18:03:34.885053: Step 3070: Train accuracy = 98.0%
I1009 18:03:34.885097 4519421376 retrain.py:1082] 2019-10-09 18:03:34.885053: Step 3070: Train accuracy = 98.0%
INFO:tensorflow:2019-10-09 18:03:34.885208: Step 3070: Cross entropy = 0.147035
I1009 18:03:34.885219 4519421376 retrain.py:1084] 2019-10-09 18:03:34.885208: Step 3070: Cross entropy = 0.147035
INFO:tensorflow:2019-10-09 18:03:34.941637: Step 3070: Validation accuracy = 43.0% (N=100)
I1009 18:03:34.941681 4519421376 retrain.py:1100] 2019-10-09 18:03:34.941637: Step 3070: Validation accuracy = 43.0% (N=100)
INFO:tensorflow:2019-10-09 18:03:35.496973: Step 3080: Train accuracy = 99.0%
I1009 18:03:35.497017 4519421376 retrain.py:1082] 2019-10-09 18:03:35.496973: Step 3080: Train accuracy = 99.0%
INFO:tensorflow:2019-10-09 18:03:35.497128: Step 3080: Cross entropy = 0.115895
I1009 18:03:35.497139 4519421376 retrain.py:1084] 2019-10-09 18:03:35.497128: Step 3080: Cross entropy = 0.115895
INFO:tensorflow:2019-10-09 18:03:35.553320: Step 3080: Validation accuracy = 32.0% (N=100)
I1009 18:03:35.553367 4519421376 retrain.py:1100] 2019-10-09 18:03:35.553320: Step 3080: Validation accuracy = 32.0% (N=100)
INFO:tensorflow:2019-10-09 18:03:36.109861: Step 3090: Train accuracy = 99.0%
I1009 18:03:36.109903 4519421376 retrain.py:1082] 2019-10-09 18:03:36.109861: Step 3090: Train accuracy = 99.0%
INFO:tensorflow:2019-10-09 18:03:36.110010: Step 3090: Cross entropy = 0.124433
I1009 18:03:36.110021 4519421376 retrain.py:1084] 2019-10-09 18:03:36.110010: Step 3090: Cross entropy = 0.124433
INFO:tensorflow:2019-10-09 18:03:36.166386: Step 3090: Validation accuracy = 36.0% (N=100)
I1009 18:03:36.166433 4519421376 retrain.py:1100] 2019-10-09 18:03:36.166386: Step 3090: Validation accuracy = 36.0% (N=100)
INFO:tensorflow:2019-10-09 18:03:36.721454: Step 3100: Train accuracy = 100.0%
I1009 18:03:36.721498 4519421376 retrain.py:1082] 2019-10-09 18:03:36.721454: Step 3100: Train accuracy = 100.0%
INFO:tensorflow:2019-10-09 18:03:36.721606: Step 3100: Cross entropy = 0.109012
I1009 18:03:36.721616 4519421376 retrain.py:1084] 2019-10-09 18:03:36.721606: Step 3100: Cross entropy = 0.109012
INFO:tensorflow:2019-10-09 18:03:36.778497: Step 3100: Validation accuracy = 42.0% (N=100)
I1009 18:03:36.778544 4519421376 retrain.py:1100] 2019-10-09 18:03:36.778497: Step 3100: Validation accuracy = 42.0% (N=100)
INFO:tensorflow:2019-10-09 18:03:37.333960: Step 3110: Train accuracy = 100.0%
I1009 18:03:37.334002 4519421376 retrain.py:1082] 2019-10-09 18:03:37.333960: Step 3110: Train accuracy = 100.0%
INFO:tensorflow:2019-10-09 18:03:37.334111: Step 3110: Cross entropy = 0.110668
I1009 18:03:37.334121 4519421376 retrain.py:1084] 2019-10-09 18:03:37.334111: Step 3110: Cross entropy = 0.110668
INFO:tensorflow:2019-10-09 18:03:37.390509: Step 3110: Validation accuracy = 43.0% (N=100)
I1009 18:03:37.390555 4519421376 retrain.py:1100] 2019-10-09 18:03:37.390509: Step 3110: Validation accuracy = 43.0% (N=100)
INFO:tensorflow:2019-10-09 18:03:37.946395: Step 3120: Train accuracy = 95.0%
I1009 18:03:37.946439 4519421376 retrain.py:1082] 2019-10-09 18:03:37.946395: Step 3120: Train accuracy = 95.0%
INFO:tensorflow:2019-10-09 18:03:37.946549: Step 3120: Cross entropy = 0.158149
I1009 18:03:37.946559 4519421376 retrain.py:1084] 2019-10-09 18:03:37.946549: Step 3120: Cross entropy = 0.158149
INFO:tensorflow:2019-10-09 18:03:38.002537: Step 3120: Validation accuracy = 40.0% (N=100)
I1009 18:03:38.002579 4519421376 retrain.py:1100] 2019-10-09 18:03:38.002537: Step 3120: Validation accuracy = 40.0% (N=100)
INFO:tensorflow:2019-10-09 18:03:38.558878: Step 3130: Train accuracy = 98.0%
I1009 18:03:38.558925 4519421376 retrain.py:1082] 2019-10-09 18:03:38.558878: Step 3130: Train accuracy = 98.0%
INFO:tensorflow:2019-10-09 18:03:38.559035: Step 3130: Cross entropy = 0.135049
I1009 18:03:38.559047 4519421376 retrain.py:1084] 2019-10-09 18:03:38.559035: Step 3130: Cross entropy = 0.135049
INFO:tensorflow:2019-10-09 18:03:38.614998: Step 3130: Validation accuracy = 47.0% (N=100)
I1009 18:03:38.615045 4519421376 retrain.py:1100] 2019-10-09 18:03:38.614998: Step 3130: Validation accuracy = 47.0% (N=100)
INFO:tensorflow:2019-10-09 18:03:39.169921: Step 3140: Train accuracy = 99.0%
I1009 18:03:39.169965 4519421376 retrain.py:1082] 2019-10-09 18:03:39.169921: Step 3140: Train accuracy = 99.0%
INFO:tensorflow:2019-10-09 18:03:39.170073: Step 3140: Cross entropy = 0.134155
I1009 18:03:39.170083 4519421376 retrain.py:1084] 2019-10-09 18:03:39.170073: Step 3140: Cross entropy = 0.134155
INFO:tensorflow:2019-10-09 18:03:39.226397: Step 3140: Validation accuracy = 45.0% (N=100)
I1009 18:03:39.226444 4519421376 retrain.py:1100] 2019-10-09 18:03:39.226397: Step 3140: Validation accuracy = 45.0% (N=100)
INFO:tensorflow:2019-10-09 18:03:39.781836: Step 3150: Train accuracy = 97.0%
I1009 18:03:39.781880 4519421376 retrain.py:1082] 2019-10-09 18:03:39.781836: Step 3150: Train accuracy = 97.0%
INFO:tensorflow:2019-10-09 18:03:39.781984: Step 3150: Cross entropy = 0.123042
I1009 18:03:39.781993 4519421376 retrain.py:1084] 2019-10-09 18:03:39.781984: Step 3150: Cross entropy = 0.123042
INFO:tensorflow:2019-10-09 18:03:39.839069: Step 3150: Validation accuracy = 37.0% (N=100)
I1009 18:03:39.839116 4519421376 retrain.py:1100] 2019-10-09 18:03:39.839069: Step 3150: Validation accuracy = 37.0% (N=100)
INFO:tensorflow:2019-10-09 18:03:40.395543: Step 3160: Train accuracy = 98.0%
I1009 18:03:40.395588 4519421376 retrain.py:1082] 2019-10-09 18:03:40.395543: Step 3160: Train accuracy = 98.0%
INFO:tensorflow:2019-10-09 18:03:40.395696: Step 3160: Cross entropy = 0.119032
I1009 18:03:40.395706 4519421376 retrain.py:1084] 2019-10-09 18:03:40.395696: Step 3160: Cross entropy = 0.119032
INFO:tensorflow:2019-10-09 18:03:40.451542: Step 3160: Validation accuracy = 36.0% (N=100)
I1009 18:03:40.451589 4519421376 retrain.py:1100] 2019-10-09 18:03:40.451542: Step 3160: Validation accuracy = 36.0% (N=100)
INFO:tensorflow:2019-10-09 18:03:41.007240: Step 3170: Train accuracy = 99.0%
I1009 18:03:41.007284 4519421376 retrain.py:1082] 2019-10-09 18:03:41.007240: Step 3170: Train accuracy = 99.0%
INFO:tensorflow:2019-10-09 18:03:41.007394: Step 3170: Cross entropy = 0.093100
I1009 18:03:41.007405 4519421376 retrain.py:1084] 2019-10-09 18:03:41.007394: Step 3170: Cross entropy = 0.093100
INFO:tensorflow:2019-10-09 18:03:41.063898: Step 3170: Validation accuracy = 40.0% (N=100)
I1009 18:03:41.063946 4519421376 retrain.py:1100] 2019-10-09 18:03:41.063898: Step 3170: Validation accuracy = 40.0% (N=100)
INFO:tensorflow:2019-10-09 18:03:41.618956: Step 3180: Train accuracy = 100.0%
I1009 18:03:41.618999 4519421376 retrain.py:1082] 2019-10-09 18:03:41.618956: Step 3180: Train accuracy = 100.0%
INFO:tensorflow:2019-10-09 18:03:41.619133: Step 3180: Cross entropy = 0.113367
I1009 18:03:41.619143 4519421376 retrain.py:1084] 2019-10-09 18:03:41.619133: Step 3180: Cross entropy = 0.113367
INFO:tensorflow:2019-10-09 18:03:41.675426: Step 3180: Validation accuracy = 38.0% (N=100)
I1009 18:03:41.675473 4519421376 retrain.py:1100] 2019-10-09 18:03:41.675426: Step 3180: Validation accuracy = 38.0% (N=100)
INFO:tensorflow:2019-10-09 18:03:42.230585: Step 3190: Train accuracy = 98.0%
I1009 18:03:42.230628 4519421376 retrain.py:1082] 2019-10-09 18:03:42.230585: Step 3190: Train accuracy = 98.0%
INFO:tensorflow:2019-10-09 18:03:42.230734: Step 3190: Cross entropy = 0.126962
I1009 18:03:42.230745 4519421376 retrain.py:1084] 2019-10-09 18:03:42.230734: Step 3190: Cross entropy = 0.126962
INFO:tensorflow:2019-10-09 18:03:42.287131: Step 3190: Validation accuracy = 38.0% (N=100)
I1009 18:03:42.287179 4519421376 retrain.py:1100] 2019-10-09 18:03:42.287131: Step 3190: Validation accuracy = 38.0% (N=100)
INFO:tensorflow:2019-10-09 18:03:42.845648: Step 3200: Train accuracy = 99.0%
I1009 18:03:42.845692 4519421376 retrain.py:1082] 2019-10-09 18:03:42.845648: Step 3200: Train accuracy = 99.0%
INFO:tensorflow:2019-10-09 18:03:42.845802: Step 3200: Cross entropy = 0.123889
I1009 18:03:42.845812 4519421376 retrain.py:1084] 2019-10-09 18:03:42.845802: Step 3200: Cross entropy = 0.123889
INFO:tensorflow:2019-10-09 18:03:42.902213: Step 3200: Validation accuracy = 38.0% (N=100)
I1009 18:03:42.902261 4519421376 retrain.py:1100] 2019-10-09 18:03:42.902213: Step 3200: Validation accuracy = 38.0% (N=100)
INFO:tensorflow:2019-10-09 18:03:43.458593: Step 3210: Train accuracy = 100.0%
I1009 18:03:43.458636 4519421376 retrain.py:1082] 2019-10-09 18:03:43.458593: Step 3210: Train accuracy = 100.0%
INFO:tensorflow:2019-10-09 18:03:43.458743: Step 3210: Cross entropy = 0.110840
I1009 18:03:43.458754 4519421376 retrain.py:1084] 2019-10-09 18:03:43.458743: Step 3210: Cross entropy = 0.110840
INFO:tensorflow:2019-10-09 18:03:43.515234: Step 3210: Validation accuracy = 46.0% (N=100)
I1009 18:03:43.515282 4519421376 retrain.py:1100] 2019-10-09 18:03:43.515234: Step 3210: Validation accuracy = 46.0% (N=100)
INFO:tensorflow:2019-10-09 18:03:44.070978: Step 3220: Train accuracy = 99.0%
I1009 18:03:44.071022 4519421376 retrain.py:1082] 2019-10-09 18:03:44.070978: Step 3220: Train accuracy = 99.0%
INFO:tensorflow:2019-10-09 18:03:44.071133: Step 3220: Cross entropy = 0.126097
I1009 18:03:44.071142 4519421376 retrain.py:1084] 2019-10-09 18:03:44.071133: Step 3220: Cross entropy = 0.126097
INFO:tensorflow:2019-10-09 18:03:44.127487: Step 3220: Validation accuracy = 41.0% (N=100)
I1009 18:03:44.127535 4519421376 retrain.py:1100] 2019-10-09 18:03:44.127487: Step 3220: Validation accuracy = 41.0% (N=100)
INFO:tensorflow:2019-10-09 18:03:44.683054: Step 3230: Train accuracy = 98.0%
I1009 18:03:44.683097 4519421376 retrain.py:1082] 2019-10-09 18:03:44.683054: Step 3230: Train accuracy = 98.0%
INFO:tensorflow:2019-10-09 18:03:44.683201: Step 3230: Cross entropy = 0.152902
I1009 18:03:44.683212 4519421376 retrain.py:1084] 2019-10-09 18:03:44.683201: Step 3230: Cross entropy = 0.152902
INFO:tensorflow:2019-10-09 18:03:44.739583: Step 3230: Validation accuracy = 41.0% (N=100)
I1009 18:03:44.739631 4519421376 retrain.py:1100] 2019-10-09 18:03:44.739583: Step 3230: Validation accuracy = 41.0% (N=100)
INFO:tensorflow:2019-10-09 18:03:45.296682: Step 3240: Train accuracy = 99.0%
I1009 18:03:45.296730 4519421376 retrain.py:1082] 2019-10-09 18:03:45.296682: Step 3240: Train accuracy = 99.0%
INFO:tensorflow:2019-10-09 18:03:45.296851: Step 3240: Cross entropy = 0.126583
I1009 18:03:45.296863 4519421376 retrain.py:1084] 2019-10-09 18:03:45.296851: Step 3240: Cross entropy = 0.126583
INFO:tensorflow:2019-10-09 18:03:45.353167: Step 3240: Validation accuracy = 43.0% (N=100)
I1009 18:03:45.353214 4519421376 retrain.py:1100] 2019-10-09 18:03:45.353167: Step 3240: Validation accuracy = 43.0% (N=100)
INFO:tensorflow:2019-10-09 18:03:45.908655: Step 3250: Train accuracy = 98.0%
I1009 18:03:45.908699 4519421376 retrain.py:1082] 2019-10-09 18:03:45.908655: Step 3250: Train accuracy = 98.0%
INFO:tensorflow:2019-10-09 18:03:45.908809: Step 3250: Cross entropy = 0.116151
I1009 18:03:45.908819 4519421376 retrain.py:1084] 2019-10-09 18:03:45.908809: Step 3250: Cross entropy = 0.116151
INFO:tensorflow:2019-10-09 18:03:45.965121: Step 3250: Validation accuracy = 43.0% (N=100)
I1009 18:03:45.965168 4519421376 retrain.py:1100] 2019-10-09 18:03:45.965121: Step 3250: Validation accuracy = 43.0% (N=100)
INFO:tensorflow:2019-10-09 18:03:46.520769: Step 3260: Train accuracy = 100.0%
I1009 18:03:46.520812 4519421376 retrain.py:1082] 2019-10-09 18:03:46.520769: Step 3260: Train accuracy = 100.0%
INFO:tensorflow:2019-10-09 18:03:46.520924: Step 3260: Cross entropy = 0.128926
I1009 18:03:46.520934 4519421376 retrain.py:1084] 2019-10-09 18:03:46.520924: Step 3260: Cross entropy = 0.128926
INFO:tensorflow:2019-10-09 18:03:46.577589: Step 3260: Validation accuracy = 37.0% (N=100)
I1009 18:03:46.577636 4519421376 retrain.py:1100] 2019-10-09 18:03:46.577589: Step 3260: Validation accuracy = 37.0% (N=100)
INFO:tensorflow:2019-10-09 18:03:47.132874: Step 3270: Train accuracy = 99.0%
I1009 18:03:47.132919 4519421376 retrain.py:1082] 2019-10-09 18:03:47.132874: Step 3270: Train accuracy = 99.0%
INFO:tensorflow:2019-10-09 18:03:47.133028: Step 3270: Cross entropy = 0.136900
I1009 18:03:47.133038 4519421376 retrain.py:1084] 2019-10-09 18:03:47.133028: Step 3270: Cross entropy = 0.136900
INFO:tensorflow:2019-10-09 18:03:47.189274: Step 3270: Validation accuracy = 41.0% (N=100)
I1009 18:03:47.189321 4519421376 retrain.py:1100] 2019-10-09 18:03:47.189274: Step 3270: Validation accuracy = 41.0% (N=100)
INFO:tensorflow:2019-10-09 18:03:47.744751: Step 3280: Train accuracy = 100.0%
I1009 18:03:47.744794 4519421376 retrain.py:1082] 2019-10-09 18:03:47.744751: Step 3280: Train accuracy = 100.0%
INFO:tensorflow:2019-10-09 18:03:47.744901: Step 3280: Cross entropy = 0.097594
I1009 18:03:47.744911 4519421376 retrain.py:1084] 2019-10-09 18:03:47.744901: Step 3280: Cross entropy = 0.097594
INFO:tensorflow:2019-10-09 18:03:47.800676: Step 3280: Validation accuracy = 41.0% (N=100)
I1009 18:03:47.800724 4519421376 retrain.py:1100] 2019-10-09 18:03:47.800676: Step 3280: Validation accuracy = 41.0% (N=100)
INFO:tensorflow:2019-10-09 18:03:48.355881: Step 3290: Train accuracy = 100.0%
I1009 18:03:48.355923 4519421376 retrain.py:1082] 2019-10-09 18:03:48.355881: Step 3290: Train accuracy = 100.0%
INFO:tensorflow:2019-10-09 18:03:48.356029: Step 3290: Cross entropy = 0.126357
I1009 18:03:48.356040 4519421376 retrain.py:1084] 2019-10-09 18:03:48.356029: Step 3290: Cross entropy = 0.126357
INFO:tensorflow:2019-10-09 18:03:48.412381: Step 3290: Validation accuracy = 32.0% (N=100)
I1009 18:03:48.412428 4519421376 retrain.py:1100] 2019-10-09 18:03:48.412381: Step 3290: Validation accuracy = 32.0% (N=100)
INFO:tensorflow:2019-10-09 18:03:48.968853: Step 3300: Train accuracy = 97.0%
I1009 18:03:48.968909 4519421376 retrain.py:1082] 2019-10-09 18:03:48.968853: Step 3300: Train accuracy = 97.0%
INFO:tensorflow:2019-10-09 18:03:48.969042: Step 3300: Cross entropy = 0.144684
I1009 18:03:48.969053 4519421376 retrain.py:1084] 2019-10-09 18:03:48.969042: Step 3300: Cross entropy = 0.144684
INFO:tensorflow:2019-10-09 18:03:49.025617: Step 3300: Validation accuracy = 43.0% (N=100)
I1009 18:03:49.025665 4519421376 retrain.py:1100] 2019-10-09 18:03:49.025617: Step 3300: Validation accuracy = 43.0% (N=100)
INFO:tensorflow:2019-10-09 18:03:49.581244: Step 3310: Train accuracy = 99.0%
I1009 18:03:49.581289 4519421376 retrain.py:1082] 2019-10-09 18:03:49.581244: Step 3310: Train accuracy = 99.0%
INFO:tensorflow:2019-10-09 18:03:49.581397: Step 3310: Cross entropy = 0.125835
I1009 18:03:49.581408 4519421376 retrain.py:1084] 2019-10-09 18:03:49.581397: Step 3310: Cross entropy = 0.125835
INFO:tensorflow:2019-10-09 18:03:49.637706: Step 3310: Validation accuracy = 40.0% (N=100)
I1009 18:03:49.637753 4519421376 retrain.py:1100] 2019-10-09 18:03:49.637706: Step 3310: Validation accuracy = 40.0% (N=100)
INFO:tensorflow:2019-10-09 18:03:50.193327: Step 3320: Train accuracy = 100.0%
I1009 18:03:50.193370 4519421376 retrain.py:1082] 2019-10-09 18:03:50.193327: Step 3320: Train accuracy = 100.0%
INFO:tensorflow:2019-10-09 18:03:50.193481: Step 3320: Cross entropy = 0.124221
I1009 18:03:50.193491 4519421376 retrain.py:1084] 2019-10-09 18:03:50.193481: Step 3320: Cross entropy = 0.124221
INFO:tensorflow:2019-10-09 18:03:50.249280: Step 3320: Validation accuracy = 39.0% (N=100)
I1009 18:03:50.249329 4519421376 retrain.py:1100] 2019-10-09 18:03:50.249280: Step 3320: Validation accuracy = 39.0% (N=100)
INFO:tensorflow:2019-10-09 18:03:50.804851: Step 3330: Train accuracy = 100.0%
I1009 18:03:50.804894 4519421376 retrain.py:1082] 2019-10-09 18:03:50.804851: Step 3330: Train accuracy = 100.0%
INFO:tensorflow:2019-10-09 18:03:50.805002: Step 3330: Cross entropy = 0.098341
I1009 18:03:50.805012 4519421376 retrain.py:1084] 2019-10-09 18:03:50.805002: Step 3330: Cross entropy = 0.098341
INFO:tensorflow:2019-10-09 18:03:50.861491: Step 3330: Validation accuracy = 43.0% (N=100)
I1009 18:03:50.861536 4519421376 retrain.py:1100] 2019-10-09 18:03:50.861491: Step 3330: Validation accuracy = 43.0% (N=100)
INFO:tensorflow:2019-10-09 18:03:51.416365: Step 3340: Train accuracy = 99.0%
I1009 18:03:51.416421 4519421376 retrain.py:1082] 2019-10-09 18:03:51.416365: Step 3340: Train accuracy = 99.0%
INFO:tensorflow:2019-10-09 18:03:51.416543: Step 3340: Cross entropy = 0.119209
I1009 18:03:51.416553 4519421376 retrain.py:1084] 2019-10-09 18:03:51.416543: Step 3340: Cross entropy = 0.119209
INFO:tensorflow:2019-10-09 18:03:51.472585: Step 3340: Validation accuracy = 41.0% (N=100)
I1009 18:03:51.472632 4519421376 retrain.py:1100] 2019-10-09 18:03:51.472585: Step 3340: Validation accuracy = 41.0% (N=100)
INFO:tensorflow:2019-10-09 18:03:52.027109: Step 3350: Train accuracy = 99.0%
I1009 18:03:52.027153 4519421376 retrain.py:1082] 2019-10-09 18:03:52.027109: Step 3350: Train accuracy = 99.0%
INFO:tensorflow:2019-10-09 18:03:52.027262: Step 3350: Cross entropy = 0.109543
I1009 18:03:52.027272 4519421376 retrain.py:1084] 2019-10-09 18:03:52.027262: Step 3350: Cross entropy = 0.109543
INFO:tensorflow:2019-10-09 18:03:52.083560: Step 3350: Validation accuracy = 53.0% (N=100)
I1009 18:03:52.083609 4519421376 retrain.py:1100] 2019-10-09 18:03:52.083560: Step 3350: Validation accuracy = 53.0% (N=100)
INFO:tensorflow:2019-10-09 18:03:52.638524: Step 3360: Train accuracy = 98.0%
I1009 18:03:52.638567 4519421376 retrain.py:1082] 2019-10-09 18:03:52.638524: Step 3360: Train accuracy = 98.0%
INFO:tensorflow:2019-10-09 18:03:52.638676: Step 3360: Cross entropy = 0.113894
I1009 18:03:52.638686 4519421376 retrain.py:1084] 2019-10-09 18:03:52.638676: Step 3360: Cross entropy = 0.113894
INFO:tensorflow:2019-10-09 18:03:52.695263: Step 3360: Validation accuracy = 44.0% (N=100)
I1009 18:03:52.695311 4519421376 retrain.py:1100] 2019-10-09 18:03:52.695263: Step 3360: Validation accuracy = 44.0% (N=100)
INFO:tensorflow:2019-10-09 18:03:53.252129: Step 3370: Train accuracy = 100.0%
I1009 18:03:53.252171 4519421376 retrain.py:1082] 2019-10-09 18:03:53.252129: Step 3370: Train accuracy = 100.0%
INFO:tensorflow:2019-10-09 18:03:53.252278: Step 3370: Cross entropy = 0.108415
I1009 18:03:53.252289 4519421376 retrain.py:1084] 2019-10-09 18:03:53.252278: Step 3370: Cross entropy = 0.108415
INFO:tensorflow:2019-10-09 18:03:53.308700: Step 3370: Validation accuracy = 45.0% (N=100)
I1009 18:03:53.308748 4519421376 retrain.py:1100] 2019-10-09 18:03:53.308700: Step 3370: Validation accuracy = 45.0% (N=100)
INFO:tensorflow:2019-10-09 18:03:53.864217: Step 3380: Train accuracy = 97.0%
I1009 18:03:53.864274 4519421376 retrain.py:1082] 2019-10-09 18:03:53.864217: Step 3380: Train accuracy = 97.0%
INFO:tensorflow:2019-10-09 18:03:53.864410: Step 3380: Cross entropy = 0.120361
I1009 18:03:53.864420 4519421376 retrain.py:1084] 2019-10-09 18:03:53.864410: Step 3380: Cross entropy = 0.120361
INFO:tensorflow:2019-10-09 18:03:53.920346: Step 3380: Validation accuracy = 42.0% (N=100)
I1009 18:03:53.920394 4519421376 retrain.py:1100] 2019-10-09 18:03:53.920346: Step 3380: Validation accuracy = 42.0% (N=100)
INFO:tensorflow:2019-10-09 18:03:54.475466: Step 3390: Train accuracy = 100.0%
I1009 18:03:54.475511 4519421376 retrain.py:1082] 2019-10-09 18:03:54.475466: Step 3390: Train accuracy = 100.0%
INFO:tensorflow:2019-10-09 18:03:54.475617: Step 3390: Cross entropy = 0.108921
I1009 18:03:54.475628 4519421376 retrain.py:1084] 2019-10-09 18:03:54.475617: Step 3390: Cross entropy = 0.108921
INFO:tensorflow:2019-10-09 18:03:54.532033: Step 3390: Validation accuracy = 46.0% (N=100)
I1009 18:03:54.532080 4519421376 retrain.py:1100] 2019-10-09 18:03:54.532033: Step 3390: Validation accuracy = 46.0% (N=100)
INFO:tensorflow:2019-10-09 18:03:55.085248: Step 3400: Train accuracy = 99.0%
I1009 18:03:55.085292 4519421376 retrain.py:1082] 2019-10-09 18:03:55.085248: Step 3400: Train accuracy = 99.0%
INFO:tensorflow:2019-10-09 18:03:55.085400: Step 3400: Cross entropy = 0.110883
I1009 18:03:55.085410 4519421376 retrain.py:1084] 2019-10-09 18:03:55.085400: Step 3400: Cross entropy = 0.110883
INFO:tensorflow:2019-10-09 18:03:55.141513: Step 3400: Validation accuracy = 39.0% (N=100)
I1009 18:03:55.141560 4519421376 retrain.py:1100] 2019-10-09 18:03:55.141513: Step 3400: Validation accuracy = 39.0% (N=100)
INFO:tensorflow:2019-10-09 18:03:55.697610: Step 3410: Train accuracy = 100.0%
I1009 18:03:55.697654 4519421376 retrain.py:1082] 2019-10-09 18:03:55.697610: Step 3410: Train accuracy = 100.0%
INFO:tensorflow:2019-10-09 18:03:55.697761: Step 3410: Cross entropy = 0.102331
I1009 18:03:55.697772 4519421376 retrain.py:1084] 2019-10-09 18:03:55.697761: Step 3410: Cross entropy = 0.102331
INFO:tensorflow:2019-10-09 18:03:55.753669: Step 3410: Validation accuracy = 36.0% (N=100)
I1009 18:03:55.753716 4519421376 retrain.py:1100] 2019-10-09 18:03:55.753669: Step 3410: Validation accuracy = 36.0% (N=100)
INFO:tensorflow:2019-10-09 18:03:56.309119: Step 3420: Train accuracy = 100.0%
I1009 18:03:56.309164 4519421376 retrain.py:1082] 2019-10-09 18:03:56.309119: Step 3420: Train accuracy = 100.0%
INFO:tensorflow:2019-10-09 18:03:56.309273: Step 3420: Cross entropy = 0.110787
I1009 18:03:56.309283 4519421376 retrain.py:1084] 2019-10-09 18:03:56.309273: Step 3420: Cross entropy = 0.110787
INFO:tensorflow:2019-10-09 18:03:56.365484: Step 3420: Validation accuracy = 48.0% (N=100)
I1009 18:03:56.365530 4519421376 retrain.py:1100] 2019-10-09 18:03:56.365484: Step 3420: Validation accuracy = 48.0% (N=100)
INFO:tensorflow:2019-10-09 18:03:56.920991: Step 3430: Train accuracy = 99.0%
I1009 18:03:56.921036 4519421376 retrain.py:1082] 2019-10-09 18:03:56.920991: Step 3430: Train accuracy = 99.0%
INFO:tensorflow:2019-10-09 18:03:56.921142: Step 3430: Cross entropy = 0.111787
I1009 18:03:56.921152 4519421376 retrain.py:1084] 2019-10-09 18:03:56.921142: Step 3430: Cross entropy = 0.111787
INFO:tensorflow:2019-10-09 18:03:56.977605: Step 3430: Validation accuracy = 43.0% (N=100)
I1009 18:03:56.977653 4519421376 retrain.py:1100] 2019-10-09 18:03:56.977605: Step 3430: Validation accuracy = 43.0% (N=100)
INFO:tensorflow:2019-10-09 18:03:57.535210: Step 3440: Train accuracy = 100.0%
I1009 18:03:57.535256 4519421376 retrain.py:1082] 2019-10-09 18:03:57.535210: Step 3440: Train accuracy = 100.0%
INFO:tensorflow:2019-10-09 18:03:57.535370: Step 3440: Cross entropy = 0.103228
I1009 18:03:57.535381 4519421376 retrain.py:1084] 2019-10-09 18:03:57.535370: Step 3440: Cross entropy = 0.103228
INFO:tensorflow:2019-10-09 18:03:57.591932: Step 3440: Validation accuracy = 43.0% (N=100)
I1009 18:03:57.591979 4519421376 retrain.py:1100] 2019-10-09 18:03:57.591932: Step 3440: Validation accuracy = 43.0% (N=100)
INFO:tensorflow:2019-10-09 18:03:58.146758: Step 3450: Train accuracy = 99.0%
I1009 18:03:58.146800 4519421376 retrain.py:1082] 2019-10-09 18:03:58.146758: Step 3450: Train accuracy = 99.0%
INFO:tensorflow:2019-10-09 18:03:58.146905: Step 3450: Cross entropy = 0.119485
I1009 18:03:58.146914 4519421376 retrain.py:1084] 2019-10-09 18:03:58.146905: Step 3450: Cross entropy = 0.119485
INFO:tensorflow:2019-10-09 18:03:58.203306: Step 3450: Validation accuracy = 51.0% (N=100)
I1009 18:03:58.203354 4519421376 retrain.py:1100] 2019-10-09 18:03:58.203306: Step 3450: Validation accuracy = 51.0% (N=100)
INFO:tensorflow:2019-10-09 18:03:58.758732: Step 3460: Train accuracy = 100.0%
I1009 18:03:58.758777 4519421376 retrain.py:1082] 2019-10-09 18:03:58.758732: Step 3460: Train accuracy = 100.0%
INFO:tensorflow:2019-10-09 18:03:58.758885: Step 3460: Cross entropy = 0.116570
I1009 18:03:58.758896 4519421376 retrain.py:1084] 2019-10-09 18:03:58.758885: Step 3460: Cross entropy = 0.116570
INFO:tensorflow:2019-10-09 18:03:58.814842: Step 3460: Validation accuracy = 41.0% (N=100)
I1009 18:03:58.814889 4519421376 retrain.py:1100] 2019-10-09 18:03:58.814842: Step 3460: Validation accuracy = 41.0% (N=100)
INFO:tensorflow:2019-10-09 18:03:59.369693: Step 3470: Train accuracy = 99.0%
I1009 18:03:59.369736 4519421376 retrain.py:1082] 2019-10-09 18:03:59.369693: Step 3470: Train accuracy = 99.0%
INFO:tensorflow:2019-10-09 18:03:59.369842: Step 3470: Cross entropy = 0.113238
I1009 18:03:59.369853 4519421376 retrain.py:1084] 2019-10-09 18:03:59.369842: Step 3470: Cross entropy = 0.113238
INFO:tensorflow:2019-10-09 18:03:59.426392: Step 3470: Validation accuracy = 42.0% (N=100)
I1009 18:03:59.426438 4519421376 retrain.py:1100] 2019-10-09 18:03:59.426392: Step 3470: Validation accuracy = 42.0% (N=100)
INFO:tensorflow:2019-10-09 18:03:59.983869: Step 3480: Train accuracy = 99.0%
I1009 18:03:59.983912 4519421376 retrain.py:1082] 2019-10-09 18:03:59.983869: Step 3480: Train accuracy = 99.0%
INFO:tensorflow:2019-10-09 18:03:59.984024: Step 3480: Cross entropy = 0.122658
I1009 18:03:59.984035 4519421376 retrain.py:1084] 2019-10-09 18:03:59.984024: Step 3480: Cross entropy = 0.122658
INFO:tensorflow:2019-10-09 18:04:00.040379: Step 3480: Validation accuracy = 43.0% (N=100)
I1009 18:04:00.040426 4519421376 retrain.py:1100] 2019-10-09 18:04:00.040379: Step 3480: Validation accuracy = 43.0% (N=100)
INFO:tensorflow:2019-10-09 18:04:00.597033: Step 3490: Train accuracy = 100.0%
I1009 18:04:00.597078 4519421376 retrain.py:1082] 2019-10-09 18:04:00.597033: Step 3490: Train accuracy = 100.0%
INFO:tensorflow:2019-10-09 18:04:00.597186: Step 3490: Cross entropy = 0.084541
I1009 18:04:00.597198 4519421376 retrain.py:1084] 2019-10-09 18:04:00.597186: Step 3490: Cross entropy = 0.084541
INFO:tensorflow:2019-10-09 18:04:00.653495: Step 3490: Validation accuracy = 40.0% (N=100)
I1009 18:04:00.653541 4519421376 retrain.py:1100] 2019-10-09 18:04:00.653495: Step 3490: Validation accuracy = 40.0% (N=100)
INFO:tensorflow:2019-10-09 18:04:01.209471: Step 3500: Train accuracy = 100.0%
I1009 18:04:01.209516 4519421376 retrain.py:1082] 2019-10-09 18:04:01.209471: Step 3500: Train accuracy = 100.0%
INFO:tensorflow:2019-10-09 18:04:01.209626: Step 3500: Cross entropy = 0.104757
I1009 18:04:01.209637 4519421376 retrain.py:1084] 2019-10-09 18:04:01.209626: Step 3500: Cross entropy = 0.104757
INFO:tensorflow:2019-10-09 18:04:01.265902: Step 3500: Validation accuracy = 41.0% (N=100)
I1009 18:04:01.265950 4519421376 retrain.py:1100] 2019-10-09 18:04:01.265902: Step 3500: Validation accuracy = 41.0% (N=100)
INFO:tensorflow:2019-10-09 18:04:01.822175: Step 3510: Train accuracy = 100.0%
I1009 18:04:01.822220 4519421376 retrain.py:1082] 2019-10-09 18:04:01.822175: Step 3510: Train accuracy = 100.0%
INFO:tensorflow:2019-10-09 18:04:01.822347: Step 3510: Cross entropy = 0.122090
I1009 18:04:01.822377 4519421376 retrain.py:1084] 2019-10-09 18:04:01.822347: Step 3510: Cross entropy = 0.122090
INFO:tensorflow:2019-10-09 18:04:01.879008: Step 3510: Validation accuracy = 41.0% (N=100)
I1009 18:04:01.879056 4519421376 retrain.py:1100] 2019-10-09 18:04:01.879008: Step 3510: Validation accuracy = 41.0% (N=100)
INFO:tensorflow:2019-10-09 18:04:02.436018: Step 3520: Train accuracy = 100.0%
I1009 18:04:02.436061 4519421376 retrain.py:1082] 2019-10-09 18:04:02.436018: Step 3520: Train accuracy = 100.0%
INFO:tensorflow:2019-10-09 18:04:02.436170: Step 3520: Cross entropy = 0.095837
I1009 18:04:02.436179 4519421376 retrain.py:1084] 2019-10-09 18:04:02.436170: Step 3520: Cross entropy = 0.095837
INFO:tensorflow:2019-10-09 18:04:02.492781: Step 3520: Validation accuracy = 47.0% (N=100)
I1009 18:04:02.492830 4519421376 retrain.py:1100] 2019-10-09 18:04:02.492781: Step 3520: Validation accuracy = 47.0% (N=100)
INFO:tensorflow:2019-10-09 18:04:03.048036: Step 3530: Train accuracy = 99.0%
I1009 18:04:03.048079 4519421376 retrain.py:1082] 2019-10-09 18:04:03.048036: Step 3530: Train accuracy = 99.0%
INFO:tensorflow:2019-10-09 18:04:03.048185: Step 3530: Cross entropy = 0.104751
I1009 18:04:03.048196 4519421376 retrain.py:1084] 2019-10-09 18:04:03.048185: Step 3530: Cross entropy = 0.104751
INFO:tensorflow:2019-10-09 18:04:03.104585: Step 3530: Validation accuracy = 47.0% (N=100)
I1009 18:04:03.104632 4519421376 retrain.py:1100] 2019-10-09 18:04:03.104585: Step 3530: Validation accuracy = 47.0% (N=100)
INFO:tensorflow:2019-10-09 18:04:03.660034: Step 3540: Train accuracy = 99.0%
I1009 18:04:03.660077 4519421376 retrain.py:1082] 2019-10-09 18:04:03.660034: Step 3540: Train accuracy = 99.0%
INFO:tensorflow:2019-10-09 18:04:03.660183: Step 3540: Cross entropy = 0.126666
I1009 18:04:03.660195 4519421376 retrain.py:1084] 2019-10-09 18:04:03.660183: Step 3540: Cross entropy = 0.126666
INFO:tensorflow:2019-10-09 18:04:03.716576: Step 3540: Validation accuracy = 38.0% (N=100)
I1009 18:04:03.716624 4519421376 retrain.py:1100] 2019-10-09 18:04:03.716576: Step 3540: Validation accuracy = 38.0% (N=100)
INFO:tensorflow:2019-10-09 18:04:04.272457: Step 3550: Train accuracy = 98.0%
I1009 18:04:04.272501 4519421376 retrain.py:1082] 2019-10-09 18:04:04.272457: Step 3550: Train accuracy = 98.0%
INFO:tensorflow:2019-10-09 18:04:04.272612: Step 3550: Cross entropy = 0.111679
I1009 18:04:04.272623 4519421376 retrain.py:1084] 2019-10-09 18:04:04.272612: Step 3550: Cross entropy = 0.111679
INFO:tensorflow:2019-10-09 18:04:04.328453: Step 3550: Validation accuracy = 43.0% (N=100)
I1009 18:04:04.328501 4519421376 retrain.py:1100] 2019-10-09 18:04:04.328453: Step 3550: Validation accuracy = 43.0% (N=100)
INFO:tensorflow:2019-10-09 18:04:04.884586: Step 3560: Train accuracy = 98.0%
I1009 18:04:04.884632 4519421376 retrain.py:1082] 2019-10-09 18:04:04.884586: Step 3560: Train accuracy = 98.0%
INFO:tensorflow:2019-10-09 18:04:04.884740: Step 3560: Cross entropy = 0.110730
I1009 18:04:04.884751 4519421376 retrain.py:1084] 2019-10-09 18:04:04.884740: Step 3560: Cross entropy = 0.110730
INFO:tensorflow:2019-10-09 18:04:04.940435: Step 3560: Validation accuracy = 45.0% (N=100)
I1009 18:04:04.940484 4519421376 retrain.py:1100] 2019-10-09 18:04:04.940435: Step 3560: Validation accuracy = 45.0% (N=100)
INFO:tensorflow:2019-10-09 18:04:05.496074: Step 3570: Train accuracy = 98.0%
I1009 18:04:05.496118 4519421376 retrain.py:1082] 2019-10-09 18:04:05.496074: Step 3570: Train accuracy = 98.0%
INFO:tensorflow:2019-10-09 18:04:05.496226: Step 3570: Cross entropy = 0.118882
I1009 18:04:05.496237 4519421376 retrain.py:1084] 2019-10-09 18:04:05.496226: Step 3570: Cross entropy = 0.118882
INFO:tensorflow:2019-10-09 18:04:05.551905: Step 3570: Validation accuracy = 33.0% (N=100)
I1009 18:04:05.551949 4519421376 retrain.py:1100] 2019-10-09 18:04:05.551905: Step 3570: Validation accuracy = 33.0% (N=100)
INFO:tensorflow:2019-10-09 18:04:06.105934: Step 3580: Train accuracy = 98.0%
I1009 18:04:06.105977 4519421376 retrain.py:1082] 2019-10-09 18:04:06.105934: Step 3580: Train accuracy = 98.0%
INFO:tensorflow:2019-10-09 18:04:06.106084: Step 3580: Cross entropy = 0.113692
I1009 18:04:06.106095 4519421376 retrain.py:1084] 2019-10-09 18:04:06.106084: Step 3580: Cross entropy = 0.113692
INFO:tensorflow:2019-10-09 18:04:06.162428: Step 3580: Validation accuracy = 49.0% (N=100)
I1009 18:04:06.162476 4519421376 retrain.py:1100] 2019-10-09 18:04:06.162428: Step 3580: Validation accuracy = 49.0% (N=100)
INFO:tensorflow:2019-10-09 18:04:06.717700: Step 3590: Train accuracy = 98.0%
I1009 18:04:06.717768 4519421376 retrain.py:1082] 2019-10-09 18:04:06.717700: Step 3590: Train accuracy = 98.0%
INFO:tensorflow:2019-10-09 18:04:06.717901: Step 3590: Cross entropy = 0.116778
I1009 18:04:06.717911 4519421376 retrain.py:1084] 2019-10-09 18:04:06.717901: Step 3590: Cross entropy = 0.116778
INFO:tensorflow:2019-10-09 18:04:06.774489: Step 3590: Validation accuracy = 49.0% (N=100)
I1009 18:04:06.774536 4519421376 retrain.py:1100] 2019-10-09 18:04:06.774489: Step 3590: Validation accuracy = 49.0% (N=100)
INFO:tensorflow:2019-10-09 18:04:07.329618: Step 3600: Train accuracy = 100.0%
I1009 18:04:07.329660 4519421376 retrain.py:1082] 2019-10-09 18:04:07.329618: Step 3600: Train accuracy = 100.0%
INFO:tensorflow:2019-10-09 18:04:07.329769: Step 3600: Cross entropy = 0.100128
I1009 18:04:07.329779 4519421376 retrain.py:1084] 2019-10-09 18:04:07.329769: Step 3600: Cross entropy = 0.100128
INFO:tensorflow:2019-10-09 18:04:07.386199: Step 3600: Validation accuracy = 31.0% (N=100)
I1009 18:04:07.386247 4519421376 retrain.py:1100] 2019-10-09 18:04:07.386199: Step 3600: Validation accuracy = 31.0% (N=100)
INFO:tensorflow:2019-10-09 18:04:07.942773: Step 3610: Train accuracy = 99.0%
I1009 18:04:07.942819 4519421376 retrain.py:1082] 2019-10-09 18:04:07.942773: Step 3610: Train accuracy = 99.0%
INFO:tensorflow:2019-10-09 18:04:07.942927: Step 3610: Cross entropy = 0.105023
I1009 18:04:07.942937 4519421376 retrain.py:1084] 2019-10-09 18:04:07.942927: Step 3610: Cross entropy = 0.105023
INFO:tensorflow:2019-10-09 18:04:07.999248: Step 3610: Validation accuracy = 47.0% (N=100)
I1009 18:04:07.999295 4519421376 retrain.py:1100] 2019-10-09 18:04:07.999248: Step 3610: Validation accuracy = 47.0% (N=100)
INFO:tensorflow:2019-10-09 18:04:08.554079: Step 3620: Train accuracy = 99.0%
I1009 18:04:08.554122 4519421376 retrain.py:1082] 2019-10-09 18:04:08.554079: Step 3620: Train accuracy = 99.0%
INFO:tensorflow:2019-10-09 18:04:08.554234: Step 3620: Cross entropy = 0.115551
I1009 18:04:08.554245 4519421376 retrain.py:1084] 2019-10-09 18:04:08.554234: Step 3620: Cross entropy = 0.115551
INFO:tensorflow:2019-10-09 18:04:08.610657: Step 3620: Validation accuracy = 42.0% (N=100)
I1009 18:04:08.610704 4519421376 retrain.py:1100] 2019-10-09 18:04:08.610657: Step 3620: Validation accuracy = 42.0% (N=100)
INFO:tensorflow:2019-10-09 18:04:09.167920: Step 3630: Train accuracy = 99.0%
I1009 18:04:09.167976 4519421376 retrain.py:1082] 2019-10-09 18:04:09.167920: Step 3630: Train accuracy = 99.0%
INFO:tensorflow:2019-10-09 18:04:09.168101: Step 3630: Cross entropy = 0.111504
I1009 18:04:09.168112 4519421376 retrain.py:1084] 2019-10-09 18:04:09.168101: Step 3630: Cross entropy = 0.111504
INFO:tensorflow:2019-10-09 18:04:09.224415: Step 3630: Validation accuracy = 47.0% (N=100)
I1009 18:04:09.224461 4519421376 retrain.py:1100] 2019-10-09 18:04:09.224415: Step 3630: Validation accuracy = 47.0% (N=100)
INFO:tensorflow:2019-10-09 18:04:09.778704: Step 3640: Train accuracy = 100.0%
I1009 18:04:09.778748 4519421376 retrain.py:1082] 2019-10-09 18:04:09.778704: Step 3640: Train accuracy = 100.0%
INFO:tensorflow:2019-10-09 18:04:09.778858: Step 3640: Cross entropy = 0.095960
I1009 18:04:09.778867 4519421376 retrain.py:1084] 2019-10-09 18:04:09.778858: Step 3640: Cross entropy = 0.095960
INFO:tensorflow:2019-10-09 18:04:09.834655: Step 3640: Validation accuracy = 41.0% (N=100)
I1009 18:04:09.834701 4519421376 retrain.py:1100] 2019-10-09 18:04:09.834655: Step 3640: Validation accuracy = 41.0% (N=100)
INFO:tensorflow:2019-10-09 18:04:10.393003: Step 3650: Train accuracy = 99.0%
I1009 18:04:10.393047 4519421376 retrain.py:1082] 2019-10-09 18:04:10.393003: Step 3650: Train accuracy = 99.0%
INFO:tensorflow:2019-10-09 18:04:10.393152: Step 3650: Cross entropy = 0.108635
I1009 18:04:10.393162 4519421376 retrain.py:1084] 2019-10-09 18:04:10.393152: Step 3650: Cross entropy = 0.108635
INFO:tensorflow:2019-10-09 18:04:10.449670: Step 3650: Validation accuracy = 41.0% (N=100)
I1009 18:04:10.449717 4519421376 retrain.py:1100] 2019-10-09 18:04:10.449670: Step 3650: Validation accuracy = 41.0% (N=100)
INFO:tensorflow:2019-10-09 18:04:11.004871: Step 3660: Train accuracy = 99.0%
I1009 18:04:11.004913 4519421376 retrain.py:1082] 2019-10-09 18:04:11.004871: Step 3660: Train accuracy = 99.0%
INFO:tensorflow:2019-10-09 18:04:11.005022: Step 3660: Cross entropy = 0.107792
I1009 18:04:11.005033 4519421376 retrain.py:1084] 2019-10-09 18:04:11.005022: Step 3660: Cross entropy = 0.107792
INFO:tensorflow:2019-10-09 18:04:11.060979: Step 3660: Validation accuracy = 39.0% (N=100)
I1009 18:04:11.061022 4519421376 retrain.py:1100] 2019-10-09 18:04:11.060979: Step 3660: Validation accuracy = 39.0% (N=100)
INFO:tensorflow:2019-10-09 18:04:11.615922: Step 3670: Train accuracy = 100.0%
I1009 18:04:11.615978 4519421376 retrain.py:1082] 2019-10-09 18:04:11.615922: Step 3670: Train accuracy = 100.0%
INFO:tensorflow:2019-10-09 18:04:11.616111: Step 3670: Cross entropy = 0.100647
I1009 18:04:11.616121 4519421376 retrain.py:1084] 2019-10-09 18:04:11.616111: Step 3670: Cross entropy = 0.100647
INFO:tensorflow:2019-10-09 18:04:11.672469: Step 3670: Validation accuracy = 33.0% (N=100)
I1009 18:04:11.672517 4519421376 retrain.py:1100] 2019-10-09 18:04:11.672469: Step 3670: Validation accuracy = 33.0% (N=100)
INFO:tensorflow:2019-10-09 18:04:12.228448: Step 3680: Train accuracy = 100.0%
I1009 18:04:12.228492 4519421376 retrain.py:1082] 2019-10-09 18:04:12.228448: Step 3680: Train accuracy = 100.0%
INFO:tensorflow:2019-10-09 18:04:12.228603: Step 3680: Cross entropy = 0.088945
I1009 18:04:12.228613 4519421376 retrain.py:1084] 2019-10-09 18:04:12.228603: Step 3680: Cross entropy = 0.088945
INFO:tensorflow:2019-10-09 18:04:12.284600: Step 3680: Validation accuracy = 42.0% (N=100)
I1009 18:04:12.284646 4519421376 retrain.py:1100] 2019-10-09 18:04:12.284600: Step 3680: Validation accuracy = 42.0% (N=100)
INFO:tensorflow:2019-10-09 18:04:12.843523: Step 3690: Train accuracy = 100.0%
I1009 18:04:12.843568 4519421376 retrain.py:1082] 2019-10-09 18:04:12.843523: Step 3690: Train accuracy = 100.0%
INFO:tensorflow:2019-10-09 18:04:12.843676: Step 3690: Cross entropy = 0.084809
I1009 18:04:12.843686 4519421376 retrain.py:1084] 2019-10-09 18:04:12.843676: Step 3690: Cross entropy = 0.084809
INFO:tensorflow:2019-10-09 18:04:12.900105: Step 3690: Validation accuracy = 42.0% (N=100)
I1009 18:04:12.900151 4519421376 retrain.py:1100] 2019-10-09 18:04:12.900105: Step 3690: Validation accuracy = 42.0% (N=100)
INFO:tensorflow:2019-10-09 18:04:13.454895: Step 3700: Train accuracy = 100.0%
I1009 18:04:13.454938 4519421376 retrain.py:1082] 2019-10-09 18:04:13.454895: Step 3700: Train accuracy = 100.0%
INFO:tensorflow:2019-10-09 18:04:13.455045: Step 3700: Cross entropy = 0.105050
I1009 18:04:13.455055 4519421376 retrain.py:1084] 2019-10-09 18:04:13.455045: Step 3700: Cross entropy = 0.105050
INFO:tensorflow:2019-10-09 18:04:13.511593: Step 3700: Validation accuracy = 41.0% (N=100)
I1009 18:04:13.511639 4519421376 retrain.py:1100] 2019-10-09 18:04:13.511593: Step 3700: Validation accuracy = 41.0% (N=100)
INFO:tensorflow:2019-10-09 18:04:14.066515: Step 3710: Train accuracy = 100.0%
I1009 18:04:14.066570 4519421376 retrain.py:1082] 2019-10-09 18:04:14.066515: Step 3710: Train accuracy = 100.0%
INFO:tensorflow:2019-10-09 18:04:14.066706: Step 3710: Cross entropy = 0.097962
I1009 18:04:14.066715 4519421376 retrain.py:1084] 2019-10-09 18:04:14.066706: Step 3710: Cross entropy = 0.097962
INFO:tensorflow:2019-10-09 18:04:14.123295: Step 3710: Validation accuracy = 45.0% (N=100)
I1009 18:04:14.123342 4519421376 retrain.py:1100] 2019-10-09 18:04:14.123295: Step 3710: Validation accuracy = 45.0% (N=100)
INFO:tensorflow:2019-10-09 18:04:14.678117: Step 3720: Train accuracy = 99.0%
I1009 18:04:14.678160 4519421376 retrain.py:1082] 2019-10-09 18:04:14.678117: Step 3720: Train accuracy = 99.0%
INFO:tensorflow:2019-10-09 18:04:14.678268: Step 3720: Cross entropy = 0.093333
I1009 18:04:14.678277 4519421376 retrain.py:1084] 2019-10-09 18:04:14.678268: Step 3720: Cross entropy = 0.093333
INFO:tensorflow:2019-10-09 18:04:14.734469: Step 3720: Validation accuracy = 36.0% (N=100)
I1009 18:04:14.734514 4519421376 retrain.py:1100] 2019-10-09 18:04:14.734469: Step 3720: Validation accuracy = 36.0% (N=100)
INFO:tensorflow:2019-10-09 18:04:15.290825: Step 3730: Train accuracy = 100.0%
I1009 18:04:15.290869 4519421376 retrain.py:1082] 2019-10-09 18:04:15.290825: Step 3730: Train accuracy = 100.0%
INFO:tensorflow:2019-10-09 18:04:15.290976: Step 3730: Cross entropy = 0.113768
I1009 18:04:15.290987 4519421376 retrain.py:1084] 2019-10-09 18:04:15.290976: Step 3730: Cross entropy = 0.113768
INFO:tensorflow:2019-10-09 18:04:15.347219: Step 3730: Validation accuracy = 44.0% (N=100)
I1009 18:04:15.347269 4519421376 retrain.py:1100] 2019-10-09 18:04:15.347219: Step 3730: Validation accuracy = 44.0% (N=100)
INFO:tensorflow:2019-10-09 18:04:15.902858: Step 3740: Train accuracy = 97.0%
I1009 18:04:15.902904 4519421376 retrain.py:1082] 2019-10-09 18:04:15.902858: Step 3740: Train accuracy = 97.0%
INFO:tensorflow:2019-10-09 18:04:15.903011: Step 3740: Cross entropy = 0.137199
I1009 18:04:15.903021 4519421376 retrain.py:1084] 2019-10-09 18:04:15.903011: Step 3740: Cross entropy = 0.137199
INFO:tensorflow:2019-10-09 18:04:15.958958: Step 3740: Validation accuracy = 46.0% (N=100)
I1009 18:04:15.959001 4519421376 retrain.py:1100] 2019-10-09 18:04:15.958958: Step 3740: Validation accuracy = 46.0% (N=100)
INFO:tensorflow:2019-10-09 18:04:16.513096: Step 3750: Train accuracy = 100.0%
I1009 18:04:16.513140 4519421376 retrain.py:1082] 2019-10-09 18:04:16.513096: Step 3750: Train accuracy = 100.0%
INFO:tensorflow:2019-10-09 18:04:16.513253: Step 3750: Cross entropy = 0.094634
I1009 18:04:16.513262 4519421376 retrain.py:1084] 2019-10-09 18:04:16.513253: Step 3750: Cross entropy = 0.094634
INFO:tensorflow:2019-10-09 18:04:16.569047: Step 3750: Validation accuracy = 41.0% (N=100)
I1009 18:04:16.569093 4519421376 retrain.py:1100] 2019-10-09 18:04:16.569047: Step 3750: Validation accuracy = 41.0% (N=100)
INFO:tensorflow:2019-10-09 18:04:17.125764: Step 3760: Train accuracy = 99.0%
I1009 18:04:17.125808 4519421376 retrain.py:1082] 2019-10-09 18:04:17.125764: Step 3760: Train accuracy = 99.0%
INFO:tensorflow:2019-10-09 18:04:17.125917: Step 3760: Cross entropy = 0.100335
I1009 18:04:17.125926 4519421376 retrain.py:1084] 2019-10-09 18:04:17.125917: Step 3760: Cross entropy = 0.100335
INFO:tensorflow:2019-10-09 18:04:17.182305: Step 3760: Validation accuracy = 31.0% (N=100)
I1009 18:04:17.182353 4519421376 retrain.py:1100] 2019-10-09 18:04:17.182305: Step 3760: Validation accuracy = 31.0% (N=100)
INFO:tensorflow:2019-10-09 18:04:17.738758: Step 3770: Train accuracy = 99.0%
I1009 18:04:17.738802 4519421376 retrain.py:1082] 2019-10-09 18:04:17.738758: Step 3770: Train accuracy = 99.0%
INFO:tensorflow:2019-10-09 18:04:17.738918: Step 3770: Cross entropy = 0.109769
I1009 18:04:17.738929 4519421376 retrain.py:1084] 2019-10-09 18:04:17.738918: Step 3770: Cross entropy = 0.109769
INFO:tensorflow:2019-10-09 18:04:17.794879: Step 3770: Validation accuracy = 37.0% (N=100)
I1009 18:04:17.794923 4519421376 retrain.py:1100] 2019-10-09 18:04:17.794879: Step 3770: Validation accuracy = 37.0% (N=100)
INFO:tensorflow:2019-10-09 18:04:18.352632: Step 3780: Train accuracy = 99.0%
I1009 18:04:18.352677 4519421376 retrain.py:1082] 2019-10-09 18:04:18.352632: Step 3780: Train accuracy = 99.0%
INFO:tensorflow:2019-10-09 18:04:18.352785: Step 3780: Cross entropy = 0.105716
I1009 18:04:18.352795 4519421376 retrain.py:1084] 2019-10-09 18:04:18.352785: Step 3780: Cross entropy = 0.105716
INFO:tensorflow:2019-10-09 18:04:18.408600: Step 3780: Validation accuracy = 51.0% (N=100)
I1009 18:04:18.408645 4519421376 retrain.py:1100] 2019-10-09 18:04:18.408600: Step 3780: Validation accuracy = 51.0% (N=100)
INFO:tensorflow:2019-10-09 18:04:18.964302: Step 3790: Train accuracy = 99.0%
I1009 18:04:18.964357 4519421376 retrain.py:1082] 2019-10-09 18:04:18.964302: Step 3790: Train accuracy = 99.0%
INFO:tensorflow:2019-10-09 18:04:18.964479: Step 3790: Cross entropy = 0.094023
I1009 18:04:18.964489 4519421376 retrain.py:1084] 2019-10-09 18:04:18.964479: Step 3790: Cross entropy = 0.094023
INFO:tensorflow:2019-10-09 18:04:19.020538: Step 3790: Validation accuracy = 36.0% (N=100)
I1009 18:04:19.020585 4519421376 retrain.py:1100] 2019-10-09 18:04:19.020538: Step 3790: Validation accuracy = 36.0% (N=100)
INFO:tensorflow:2019-10-09 18:04:19.575223: Step 3800: Train accuracy = 97.0%
I1009 18:04:19.575268 4519421376 retrain.py:1082] 2019-10-09 18:04:19.575223: Step 3800: Train accuracy = 97.0%
INFO:tensorflow:2019-10-09 18:04:19.575377: Step 3800: Cross entropy = 0.113186
I1009 18:04:19.575386 4519421376 retrain.py:1084] 2019-10-09 18:04:19.575377: Step 3800: Cross entropy = 0.113186
INFO:tensorflow:2019-10-09 18:04:19.631686: Step 3800: Validation accuracy = 40.0% (N=100)
I1009 18:04:19.631732 4519421376 retrain.py:1100] 2019-10-09 18:04:19.631686: Step 3800: Validation accuracy = 40.0% (N=100)
INFO:tensorflow:2019-10-09 18:04:20.187929: Step 3810: Train accuracy = 100.0%
I1009 18:04:20.187973 4519421376 retrain.py:1082] 2019-10-09 18:04:20.187929: Step 3810: Train accuracy = 100.0%
INFO:tensorflow:2019-10-09 18:04:20.188085: Step 3810: Cross entropy = 0.095229
I1009 18:04:20.188095 4519421376 retrain.py:1084] 2019-10-09 18:04:20.188085: Step 3810: Cross entropy = 0.095229
INFO:tensorflow:2019-10-09 18:04:20.244040: Step 3810: Validation accuracy = 37.0% (N=100)
I1009 18:04:20.244083 4519421376 retrain.py:1100] 2019-10-09 18:04:20.244040: Step 3810: Validation accuracy = 37.0% (N=100)
INFO:tensorflow:2019-10-09 18:04:20.801476: Step 3820: Train accuracy = 100.0%
I1009 18:04:20.801520 4519421376 retrain.py:1082] 2019-10-09 18:04:20.801476: Step 3820: Train accuracy = 100.0%
INFO:tensorflow:2019-10-09 18:04:20.801627: Step 3820: Cross entropy = 0.083385
I1009 18:04:20.801651 4519421376 retrain.py:1084] 2019-10-09 18:04:20.801627: Step 3820: Cross entropy = 0.083385
INFO:tensorflow:2019-10-09 18:04:20.858170: Step 3820: Validation accuracy = 37.0% (N=100)
I1009 18:04:20.858218 4519421376 retrain.py:1100] 2019-10-09 18:04:20.858170: Step 3820: Validation accuracy = 37.0% (N=100)
INFO:tensorflow:2019-10-09 18:04:21.414229: Step 3830: Train accuracy = 99.0%
I1009 18:04:21.414273 4519421376 retrain.py:1082] 2019-10-09 18:04:21.414229: Step 3830: Train accuracy = 99.0%
INFO:tensorflow:2019-10-09 18:04:21.414396: Step 3830: Cross entropy = 0.097332
I1009 18:04:21.414407 4519421376 retrain.py:1084] 2019-10-09 18:04:21.414396: Step 3830: Cross entropy = 0.097332
INFO:tensorflow:2019-10-09 18:04:21.470424: Step 3830: Validation accuracy = 37.0% (N=100)
I1009 18:04:21.470470 4519421376 retrain.py:1100] 2019-10-09 18:04:21.470424: Step 3830: Validation accuracy = 37.0% (N=100)
INFO:tensorflow:2019-10-09 18:04:22.027405: Step 3840: Train accuracy = 100.0%
I1009 18:04:22.027449 4519421376 retrain.py:1082] 2019-10-09 18:04:22.027405: Step 3840: Train accuracy = 100.0%
INFO:tensorflow:2019-10-09 18:04:22.027576: Step 3840: Cross entropy = 0.103833
I1009 18:04:22.027601 4519421376 retrain.py:1084] 2019-10-09 18:04:22.027576: Step 3840: Cross entropy = 0.103833
INFO:tensorflow:2019-10-09 18:04:22.083892: Step 3840: Validation accuracy = 45.0% (N=100)
I1009 18:04:22.083940 4519421376 retrain.py:1100] 2019-10-09 18:04:22.083892: Step 3840: Validation accuracy = 45.0% (N=100)
INFO:tensorflow:2019-10-09 18:04:22.641214: Step 3850: Train accuracy = 100.0%
I1009 18:04:22.641258 4519421376 retrain.py:1082] 2019-10-09 18:04:22.641214: Step 3850: Train accuracy = 100.0%
INFO:tensorflow:2019-10-09 18:04:22.641367: Step 3850: Cross entropy = 0.075276
I1009 18:04:22.641378 4519421376 retrain.py:1084] 2019-10-09 18:04:22.641367: Step 3850: Cross entropy = 0.075276
INFO:tensorflow:2019-10-09 18:04:22.697707: Step 3850: Validation accuracy = 32.0% (N=100)
I1009 18:04:22.697754 4519421376 retrain.py:1100] 2019-10-09 18:04:22.697707: Step 3850: Validation accuracy = 32.0% (N=100)
INFO:tensorflow:2019-10-09 18:04:23.255665: Step 3860: Train accuracy = 97.0%
I1009 18:04:23.255709 4519421376 retrain.py:1082] 2019-10-09 18:04:23.255665: Step 3860: Train accuracy = 97.0%
INFO:tensorflow:2019-10-09 18:04:23.255817: Step 3860: Cross entropy = 0.134315
I1009 18:04:23.255826 4519421376 retrain.py:1084] 2019-10-09 18:04:23.255817: Step 3860: Cross entropy = 0.134315
INFO:tensorflow:2019-10-09 18:04:23.312929: Step 3860: Validation accuracy = 39.0% (N=100)
I1009 18:04:23.312986 4519421376 retrain.py:1100] 2019-10-09 18:04:23.312929: Step 3860: Validation accuracy = 39.0% (N=100)
INFO:tensorflow:2019-10-09 18:04:23.868342: Step 3870: Train accuracy = 100.0%
I1009 18:04:23.868398 4519421376 retrain.py:1082] 2019-10-09 18:04:23.868342: Step 3870: Train accuracy = 100.0%
INFO:tensorflow:2019-10-09 18:04:23.868530: Step 3870: Cross entropy = 0.075558
I1009 18:04:23.868541 4519421376 retrain.py:1084] 2019-10-09 18:04:23.868530: Step 3870: Cross entropy = 0.075558
INFO:tensorflow:2019-10-09 18:04:23.924858: Step 3870: Validation accuracy = 44.0% (N=100)
I1009 18:04:23.924906 4519421376 retrain.py:1100] 2019-10-09 18:04:23.924858: Step 3870: Validation accuracy = 44.0% (N=100)
INFO:tensorflow:2019-10-09 18:04:24.480899: Step 3880: Train accuracy = 98.0%
I1009 18:04:24.480943 4519421376 retrain.py:1082] 2019-10-09 18:04:24.480899: Step 3880: Train accuracy = 98.0%
INFO:tensorflow:2019-10-09 18:04:24.481047: Step 3880: Cross entropy = 0.111540
I1009 18:04:24.481056 4519421376 retrain.py:1084] 2019-10-09 18:04:24.481047: Step 3880: Cross entropy = 0.111540
INFO:tensorflow:2019-10-09 18:04:24.537518: Step 3880: Validation accuracy = 45.0% (N=100)
I1009 18:04:24.537564 4519421376 retrain.py:1100] 2019-10-09 18:04:24.537518: Step 3880: Validation accuracy = 45.0% (N=100)
INFO:tensorflow:2019-10-09 18:04:25.095570: Step 3890: Train accuracy = 99.0%
I1009 18:04:25.095613 4519421376 retrain.py:1082] 2019-10-09 18:04:25.095570: Step 3890: Train accuracy = 99.0%
INFO:tensorflow:2019-10-09 18:04:25.095721: Step 3890: Cross entropy = 0.110419
I1009 18:04:25.095731 4519421376 retrain.py:1084] 2019-10-09 18:04:25.095721: Step 3890: Cross entropy = 0.110419
INFO:tensorflow:2019-10-09 18:04:25.151893: Step 3890: Validation accuracy = 35.0% (N=100)
I1009 18:04:25.151937 4519421376 retrain.py:1100] 2019-10-09 18:04:25.151893: Step 3890: Validation accuracy = 35.0% (N=100)
INFO:tensorflow:2019-10-09 18:04:25.707891: Step 3900: Train accuracy = 99.0%
I1009 18:04:25.707936 4519421376 retrain.py:1082] 2019-10-09 18:04:25.707891: Step 3900: Train accuracy = 99.0%
INFO:tensorflow:2019-10-09 18:04:25.708044: Step 3900: Cross entropy = 0.098613
I1009 18:04:25.708054 4519421376 retrain.py:1084] 2019-10-09 18:04:25.708044: Step 3900: Cross entropy = 0.098613
INFO:tensorflow:2019-10-09 18:04:25.764680: Step 3900: Validation accuracy = 37.0% (N=100)
I1009 18:04:25.764728 4519421376 retrain.py:1100] 2019-10-09 18:04:25.764680: Step 3900: Validation accuracy = 37.0% (N=100)
INFO:tensorflow:2019-10-09 18:04:26.321795: Step 3910: Train accuracy = 100.0%
I1009 18:04:26.321840 4519421376 retrain.py:1082] 2019-10-09 18:04:26.321795: Step 3910: Train accuracy = 100.0%
INFO:tensorflow:2019-10-09 18:04:26.321950: Step 3910: Cross entropy = 0.098542
I1009 18:04:26.321960 4519421376 retrain.py:1084] 2019-10-09 18:04:26.321950: Step 3910: Cross entropy = 0.098542
INFO:tensorflow:2019-10-09 18:04:26.378378: Step 3910: Validation accuracy = 37.0% (N=100)
I1009 18:04:26.378426 4519421376 retrain.py:1100] 2019-10-09 18:04:26.378378: Step 3910: Validation accuracy = 37.0% (N=100)
INFO:tensorflow:2019-10-09 18:04:26.934600: Step 3920: Train accuracy = 99.0%
I1009 18:04:26.934644 4519421376 retrain.py:1082] 2019-10-09 18:04:26.934600: Step 3920: Train accuracy = 99.0%
INFO:tensorflow:2019-10-09 18:04:26.934752: Step 3920: Cross entropy = 0.104691
I1009 18:04:26.934762 4519421376 retrain.py:1084] 2019-10-09 18:04:26.934752: Step 3920: Cross entropy = 0.104691
INFO:tensorflow:2019-10-09 18:04:26.990618: Step 3920: Validation accuracy = 32.0% (N=100)
I1009 18:04:26.990665 4519421376 retrain.py:1100] 2019-10-09 18:04:26.990618: Step 3920: Validation accuracy = 32.0% (N=100)
INFO:tensorflow:2019-10-09 18:04:27.548149: Step 3930: Train accuracy = 99.0%
I1009 18:04:27.548193 4519421376 retrain.py:1082] 2019-10-09 18:04:27.548149: Step 3930: Train accuracy = 99.0%
INFO:tensorflow:2019-10-09 18:04:27.548301: Step 3930: Cross entropy = 0.082481
I1009 18:04:27.548313 4519421376 retrain.py:1084] 2019-10-09 18:04:27.548301: Step 3930: Cross entropy = 0.082481
INFO:tensorflow:2019-10-09 18:04:27.604734: Step 3930: Validation accuracy = 41.0% (N=100)
I1009 18:04:27.604782 4519421376 retrain.py:1100] 2019-10-09 18:04:27.604734: Step 3930: Validation accuracy = 41.0% (N=100)
INFO:tensorflow:2019-10-09 18:04:28.160620: Step 3940: Train accuracy = 100.0%
I1009 18:04:28.160665 4519421376 retrain.py:1082] 2019-10-09 18:04:28.160620: Step 3940: Train accuracy = 100.0%
INFO:tensorflow:2019-10-09 18:04:28.160773: Step 3940: Cross entropy = 0.091399
I1009 18:04:28.160783 4519421376 retrain.py:1084] 2019-10-09 18:04:28.160773: Step 3940: Cross entropy = 0.091399
INFO:tensorflow:2019-10-09 18:04:28.217156: Step 3940: Validation accuracy = 38.0% (N=100)
I1009 18:04:28.217203 4519421376 retrain.py:1100] 2019-10-09 18:04:28.217156: Step 3940: Validation accuracy = 38.0% (N=100)
INFO:tensorflow:2019-10-09 18:04:28.774526: Step 3950: Train accuracy = 100.0%
I1009 18:04:28.774570 4519421376 retrain.py:1082] 2019-10-09 18:04:28.774526: Step 3950: Train accuracy = 100.0%
INFO:tensorflow:2019-10-09 18:04:28.774679: Step 3950: Cross entropy = 0.087043
I1009 18:04:28.774690 4519421376 retrain.py:1084] 2019-10-09 18:04:28.774679: Step 3950: Cross entropy = 0.087043
INFO:tensorflow:2019-10-09 18:04:28.831703: Step 3950: Validation accuracy = 42.0% (N=100)
I1009 18:04:28.831751 4519421376 retrain.py:1100] 2019-10-09 18:04:28.831703: Step 3950: Validation accuracy = 42.0% (N=100)
INFO:tensorflow:2019-10-09 18:04:29.388248: Step 3960: Train accuracy = 99.0%
I1009 18:04:29.388291 4519421376 retrain.py:1082] 2019-10-09 18:04:29.388248: Step 3960: Train accuracy = 99.0%
INFO:tensorflow:2019-10-09 18:04:29.388397: Step 3960: Cross entropy = 0.116942
I1009 18:04:29.388407 4519421376 retrain.py:1084] 2019-10-09 18:04:29.388397: Step 3960: Cross entropy = 0.116942
INFO:tensorflow:2019-10-09 18:04:29.444473: Step 3960: Validation accuracy = 41.0% (N=100)
I1009 18:04:29.444517 4519421376 retrain.py:1100] 2019-10-09 18:04:29.444473: Step 3960: Validation accuracy = 41.0% (N=100)
INFO:tensorflow:2019-10-09 18:04:29.999878: Step 3970: Train accuracy = 99.0%
I1009 18:04:29.999922 4519421376 retrain.py:1082] 2019-10-09 18:04:29.999878: Step 3970: Train accuracy = 99.0%
INFO:tensorflow:2019-10-09 18:04:30.000026: Step 3970: Cross entropy = 0.093803
I1009 18:04:30.000037 4519421376 retrain.py:1084] 2019-10-09 18:04:30.000026: Step 3970: Cross entropy = 0.093803
INFO:tensorflow:2019-10-09 18:04:30.056432: Step 3970: Validation accuracy = 41.0% (N=100)
I1009 18:04:30.056486 4519421376 retrain.py:1100] 2019-10-09 18:04:30.056432: Step 3970: Validation accuracy = 41.0% (N=100)
INFO:tensorflow:2019-10-09 18:04:30.613217: Step 3980: Train accuracy = 99.0%
I1009 18:04:30.613260 4519421376 retrain.py:1082] 2019-10-09 18:04:30.613217: Step 3980: Train accuracy = 99.0%
INFO:tensorflow:2019-10-09 18:04:30.613395: Step 3980: Cross entropy = 0.093038
I1009 18:04:30.613405 4519421376 retrain.py:1084] 2019-10-09 18:04:30.613395: Step 3980: Cross entropy = 0.093038
INFO:tensorflow:2019-10-09 18:04:30.669276: Step 3980: Validation accuracy = 37.0% (N=100)
I1009 18:04:30.669321 4519421376 retrain.py:1100] 2019-10-09 18:04:30.669276: Step 3980: Validation accuracy = 37.0% (N=100)
INFO:tensorflow:2019-10-09 18:04:31.225313: Step 3990: Train accuracy = 99.0%
I1009 18:04:31.225358 4519421376 retrain.py:1082] 2019-10-09 18:04:31.225313: Step 3990: Train accuracy = 99.0%
INFO:tensorflow:2019-10-09 18:04:31.225465: Step 3990: Cross entropy = 0.091207
I1009 18:04:31.225475 4519421376 retrain.py:1084] 2019-10-09 18:04:31.225465: Step 3990: Cross entropy = 0.091207
INFO:tensorflow:2019-10-09 18:04:31.281844: Step 3990: Validation accuracy = 47.0% (N=100)
I1009 18:04:31.281892 4519421376 retrain.py:1100] 2019-10-09 18:04:31.281844: Step 3990: Validation accuracy = 47.0% (N=100)
INFO:tensorflow:2019-10-09 18:04:31.783624: Step 3999: Train accuracy = 99.0%
I1009 18:04:31.783668 4519421376 retrain.py:1082] 2019-10-09 18:04:31.783624: Step 3999: Train accuracy = 99.0%
INFO:tensorflow:2019-10-09 18:04:31.783772: Step 3999: Cross entropy = 0.099991
I1009 18:04:31.783782 4519421376 retrain.py:1084] 2019-10-09 18:04:31.783772: Step 3999: Cross entropy = 0.099991
INFO:tensorflow:2019-10-09 18:04:31.840528: Step 3999: Validation accuracy = 41.0% (N=100)
I1009 18:04:31.840575 4519421376 retrain.py:1100] 2019-10-09 18:04:31.840528: Step 3999: Validation accuracy = 41.0% (N=100)
INFO:tensorflow:Final test accuracy = 74.2% (N=31)
I1009 18:04:33.981210 4519421376 retrain.py:1126] Final test accuracy = 74.2% (N=31)
WARNING:tensorflow:From /Users/dbusaba2/affinity_2D/tensorflow-for-poets-2/scripts/retrain.py:827: convert_variables_to_constants (from tensorflow.python.framework.graph_util_impl) is deprecated and will be removed in a future version.
Instructions for updating:
Use `tf.compat.v1.graph_util.convert_variables_to_constants`
W1009 18:04:34.141682 4519421376 deprecation.py:323] From /Users/dbusaba2/affinity_2D/tensorflow-for-poets-2/scripts/retrain.py:827: convert_variables_to_constants (from tensorflow.python.framework.graph_util_impl) is deprecated and will be removed in a future version.
Instructions for updating:
Use `tf.compat.v1.graph_util.convert_variables_to_constants`
WARNING:tensorflow:From /Library/Frameworks/Python.framework/Versions/3.7/lib/python3.7/site-packages/tensorflow/python/framework/graph_util_impl.py:270: extract_sub_graph (from tensorflow.python.framework.graph_util_impl) is deprecated and will be removed in a future version.
Instructions for updating:
Use `tf.compat.v1.graph_util.extract_sub_graph`
W1009 18:04:34.141834 4519421376 deprecation.py:323] From /Library/Frameworks/Python.framework/Versions/3.7/lib/python3.7/site-packages/tensorflow/python/framework/graph_util_impl.py:270: extract_sub_graph (from tensorflow.python.framework.graph_util_impl) is deprecated and will be removed in a future version.
Instructions for updating:
Use `tf.compat.v1.graph_util.extract_sub_graph`
INFO:tensorflow:Froze 2 variables.
I1009 18:04:34.356395 4519421376 graph_util_impl.py:311] Froze 2 variables.
INFO:tensorflow:Converted 2 variables to const ops.
I1009 18:04:34.417856 4519421376 graph_util_impl.py:364] Converted 2 variables to const ops.
