/Library/Frameworks/Python.framework/Versions/3.7/lib/python3.7/site-packages/tensorflow/python/framework/dtypes.py:516: FutureWarning: Passing (type, 1) or '1type' as a synonym of type is deprecated; in a future version of numpy, it will be understood as (type, (1,)) / '(1,)type'.
  _np_qint8 = np.dtype([("qint8", np.int8, 1)])
/Library/Frameworks/Python.framework/Versions/3.7/lib/python3.7/site-packages/tensorflow/python/framework/dtypes.py:517: FutureWarning: Passing (type, 1) or '1type' as a synonym of type is deprecated; in a future version of numpy, it will be understood as (type, (1,)) / '(1,)type'.
  _np_quint8 = np.dtype([("quint8", np.uint8, 1)])
/Library/Frameworks/Python.framework/Versions/3.7/lib/python3.7/site-packages/tensorflow/python/framework/dtypes.py:518: FutureWarning: Passing (type, 1) or '1type' as a synonym of type is deprecated; in a future version of numpy, it will be understood as (type, (1,)) / '(1,)type'.
  _np_qint16 = np.dtype([("qint16", np.int16, 1)])
/Library/Frameworks/Python.framework/Versions/3.7/lib/python3.7/site-packages/tensorflow/python/framework/dtypes.py:519: FutureWarning: Passing (type, 1) or '1type' as a synonym of type is deprecated; in a future version of numpy, it will be understood as (type, (1,)) / '(1,)type'.
  _np_quint16 = np.dtype([("quint16", np.uint16, 1)])
/Library/Frameworks/Python.framework/Versions/3.7/lib/python3.7/site-packages/tensorflow/python/framework/dtypes.py:520: FutureWarning: Passing (type, 1) or '1type' as a synonym of type is deprecated; in a future version of numpy, it will be understood as (type, (1,)) / '(1,)type'.
  _np_qint32 = np.dtype([("qint32", np.int32, 1)])
/Library/Frameworks/Python.framework/Versions/3.7/lib/python3.7/site-packages/tensorflow/python/framework/dtypes.py:525: FutureWarning: Passing (type, 1) or '1type' as a synonym of type is deprecated; in a future version of numpy, it will be understood as (type, (1,)) / '(1,)type'.
  np_resource = np.dtype([("resource", np.ubyte, 1)])
/Library/Frameworks/Python.framework/Versions/3.7/lib/python3.7/site-packages/tensorboard/compat/tensorflow_stub/dtypes.py:541: FutureWarning: Passing (type, 1) or '1type' as a synonym of type is deprecated; in a future version of numpy, it will be understood as (type, (1,)) / '(1,)type'.
  _np_qint8 = np.dtype([("qint8", np.int8, 1)])
/Library/Frameworks/Python.framework/Versions/3.7/lib/python3.7/site-packages/tensorboard/compat/tensorflow_stub/dtypes.py:542: FutureWarning: Passing (type, 1) or '1type' as a synonym of type is deprecated; in a future version of numpy, it will be understood as (type, (1,)) / '(1,)type'.
  _np_quint8 = np.dtype([("quint8", np.uint8, 1)])
/Library/Frameworks/Python.framework/Versions/3.7/lib/python3.7/site-packages/tensorboard/compat/tensorflow_stub/dtypes.py:543: FutureWarning: Passing (type, 1) or '1type' as a synonym of type is deprecated; in a future version of numpy, it will be understood as (type, (1,)) / '(1,)type'.
  _np_qint16 = np.dtype([("qint16", np.int16, 1)])
/Library/Frameworks/Python.framework/Versions/3.7/lib/python3.7/site-packages/tensorboard/compat/tensorflow_stub/dtypes.py:544: FutureWarning: Passing (type, 1) or '1type' as a synonym of type is deprecated; in a future version of numpy, it will be understood as (type, (1,)) / '(1,)type'.
  _np_quint16 = np.dtype([("quint16", np.uint16, 1)])
/Library/Frameworks/Python.framework/Versions/3.7/lib/python3.7/site-packages/tensorboard/compat/tensorflow_stub/dtypes.py:545: FutureWarning: Passing (type, 1) or '1type' as a synonym of type is deprecated; in a future version of numpy, it will be understood as (type, (1,)) / '(1,)type'.
  _np_qint32 = np.dtype([("qint32", np.int32, 1)])
/Library/Frameworks/Python.framework/Versions/3.7/lib/python3.7/site-packages/tensorboard/compat/tensorflow_stub/dtypes.py:550: FutureWarning: Passing (type, 1) or '1type' as a synonym of type is deprecated; in a future version of numpy, it will be understood as (type, (1,)) / '(1,)type'.
  np_resource = np.dtype([("resource", np.ubyte, 1)])
WARNING:tensorflow:From /Users/dbusaba2/affinity_2D/tensorflow-for-poets-2/scripts/retrain.py:1326: The name tf.app.run is deprecated. Please use tf.compat.v1.app.run instead.

WARNING:tensorflow:From /Users/dbusaba2/affinity_2D/tensorflow-for-poets-2/scripts/retrain.py:970: The name tf.logging.set_verbosity is deprecated. Please use tf.compat.v1.logging.set_verbosity instead.

W1009 18:21:47.974414 4564243904 deprecation_wrapper.py:119] From /Users/dbusaba2/affinity_2D/tensorflow-for-poets-2/scripts/retrain.py:970: The name tf.logging.set_verbosity is deprecated. Please use tf.compat.v1.logging.set_verbosity instead.

WARNING:tensorflow:From /Users/dbusaba2/affinity_2D/tensorflow-for-poets-2/scripts/retrain.py:970: The name tf.logging.INFO is deprecated. Please use tf.compat.v1.logging.INFO instead.

W1009 18:21:47.974547 4564243904 deprecation_wrapper.py:119] From /Users/dbusaba2/affinity_2D/tensorflow-for-poets-2/scripts/retrain.py:970: The name tf.logging.INFO is deprecated. Please use tf.compat.v1.logging.INFO instead.

WARNING:tensorflow:From /Users/dbusaba2/affinity_2D/tensorflow-for-poets-2/scripts/retrain.py:835: The name tf.gfile.Exists is deprecated. Please use tf.io.gfile.exists instead.

W1009 18:21:47.974640 4564243904 deprecation_wrapper.py:119] From /Users/dbusaba2/affinity_2D/tensorflow-for-poets-2/scripts/retrain.py:835: The name tf.gfile.Exists is deprecated. Please use tf.io.gfile.exists instead.

WARNING:tensorflow:From /Users/dbusaba2/affinity_2D/tensorflow-for-poets-2/scripts/retrain.py:836: The name tf.gfile.DeleteRecursively is deprecated. Please use tf.io.gfile.rmtree instead.

W1009 18:21:47.974731 4564243904 deprecation_wrapper.py:119] From /Users/dbusaba2/affinity_2D/tensorflow-for-poets-2/scripts/retrain.py:836: The name tf.gfile.DeleteRecursively is deprecated. Please use tf.io.gfile.rmtree instead.

WARNING:tensorflow:From /Users/dbusaba2/affinity_2D/tensorflow-for-poets-2/scripts/retrain.py:837: The name tf.gfile.MakeDirs is deprecated. Please use tf.io.gfile.makedirs instead.

W1009 18:21:47.980700 4564243904 deprecation_wrapper.py:119] From /Users/dbusaba2/affinity_2D/tensorflow-for-poets-2/scripts/retrain.py:837: The name tf.gfile.MakeDirs is deprecated. Please use tf.io.gfile.makedirs instead.

WARNING:tensorflow:From /Users/dbusaba2/affinity_2D/tensorflow-for-poets-2/scripts/retrain.py:274: FastGFile.__init__ (from tensorflow.python.platform.gfile) is deprecated and will be removed in a future version.
Instructions for updating:
Use tf.gfile.GFile.
W1009 18:21:48.544762 4564243904 deprecation.py:323] From /Users/dbusaba2/affinity_2D/tensorflow-for-poets-2/scripts/retrain.py:274: FastGFile.__init__ (from tensorflow.python.platform.gfile) is deprecated and will be removed in a future version.
Instructions for updating:
Use tf.gfile.GFile.
WARNING:tensorflow:From /Users/dbusaba2/affinity_2D/tensorflow-for-poets-2/scripts/retrain.py:275: The name tf.GraphDef is deprecated. Please use tf.compat.v1.GraphDef instead.

W1009 18:21:48.544929 4564243904 deprecation_wrapper.py:119] From /Users/dbusaba2/affinity_2D/tensorflow-for-poets-2/scripts/retrain.py:275: The name tf.GraphDef is deprecated. Please use tf.compat.v1.GraphDef instead.

2019-10-09 18:21:48.808585: W tensorflow/core/framework/op_def_util.cc:357] Op BatchNormWithGlobalNormalization is deprecated. It will cease to work in GraphDef version 9. Use tf.nn.batch_normalization().
WARNING:tensorflow:From /Users/dbusaba2/affinity_2D/tensorflow-for-poets-2/scripts/retrain.py:156: The name tf.logging.info is deprecated. Please use tf.compat.v1.logging.info instead.

W1009 18:21:48.998799 4564243904 deprecation_wrapper.py:119] From /Users/dbusaba2/affinity_2D/tensorflow-for-poets-2/scripts/retrain.py:156: The name tf.logging.info is deprecated. Please use tf.compat.v1.logging.info instead.

INFO:tensorflow:Looking for images in 'Abnormal'
I1009 18:21:48.998931 4564243904 retrain.py:156] Looking for images in 'Abnormal'
INFO:tensorflow:Looking for images in 'Normal'
I1009 18:21:49.004158 4564243904 retrain.py:156] Looking for images in 'Normal'
WARNING:tensorflow:From /Users/dbusaba2/affinity_2D/tensorflow-for-poets-2/scripts/retrain.py:1004: The name tf.Session is deprecated. Please use tf.compat.v1.Session instead.

W1009 18:21:49.009773 4564243904 deprecation_wrapper.py:119] From /Users/dbusaba2/affinity_2D/tensorflow-for-poets-2/scripts/retrain.py:1004: The name tf.Session is deprecated. Please use tf.compat.v1.Session instead.

2019-10-09 18:21:49.010016: I tensorflow/core/platform/cpu_feature_guard.cc:142] Your CPU supports instructions that this TensorFlow binary was not compiled to use: AVX2 FMA
WARNING:tensorflow:From /Users/dbusaba2/affinity_2D/tensorflow-for-poets-2/scripts/retrain.py:954: The name tf.placeholder is deprecated. Please use tf.compat.v1.placeholder instead.

W1009 18:21:49.010331 4564243904 deprecation_wrapper.py:119] From /Users/dbusaba2/affinity_2D/tensorflow-for-poets-2/scripts/retrain.py:954: The name tf.placeholder is deprecated. Please use tf.compat.v1.placeholder instead.

WARNING:tensorflow:From /Users/dbusaba2/affinity_2D/tensorflow-for-poets-2/scripts/retrain.py:960: The name tf.image.resize_bilinear is deprecated. Please use tf.compat.v1.image.resize_bilinear instead.

W1009 18:21:49.013010 4564243904 deprecation_wrapper.py:119] From /Users/dbusaba2/affinity_2D/tensorflow-for-poets-2/scripts/retrain.py:960: The name tf.image.resize_bilinear is deprecated. Please use tf.compat.v1.image.resize_bilinear instead.

INFO:tensorflow:100 bottleneck files created.
I1009 18:21:49.062192 4564243904 retrain.py:481] 100 bottleneck files created.
INFO:tensorflow:200 bottleneck files created.
I1009 18:21:49.109419 4564243904 retrain.py:481] 200 bottleneck files created.
INFO:tensorflow:300 bottleneck files created.
I1009 18:21:49.155176 4564243904 retrain.py:481] 300 bottleneck files created.
WARNING:tensorflow:From /Users/dbusaba2/affinity_2D/tensorflow-for-poets-2/scripts/retrain.py:758: The name tf.placeholder_with_default is deprecated. Please use tf.compat.v1.placeholder_with_default instead.

W1009 18:21:49.166354 4564243904 deprecation_wrapper.py:119] From /Users/dbusaba2/affinity_2D/tensorflow-for-poets-2/scripts/retrain.py:758: The name tf.placeholder_with_default is deprecated. Please use tf.compat.v1.placeholder_with_default instead.

WARNING:tensorflow:From /Users/dbusaba2/affinity_2D/tensorflow-for-poets-2/scripts/retrain.py:772: The name tf.truncated_normal is deprecated. Please use tf.random.truncated_normal instead.

W1009 18:21:49.168264 4564243904 deprecation_wrapper.py:119] From /Users/dbusaba2/affinity_2D/tensorflow-for-poets-2/scripts/retrain.py:772: The name tf.truncated_normal is deprecated. Please use tf.random.truncated_normal instead.

WARNING:tensorflow:From /Users/dbusaba2/affinity_2D/tensorflow-for-poets-2/scripts/retrain.py:726: The name tf.summary.scalar is deprecated. Please use tf.compat.v1.summary.scalar instead.

W1009 18:21:49.175034 4564243904 deprecation_wrapper.py:119] From /Users/dbusaba2/affinity_2D/tensorflow-for-poets-2/scripts/retrain.py:726: The name tf.summary.scalar is deprecated. Please use tf.compat.v1.summary.scalar instead.

WARNING:tensorflow:From /Users/dbusaba2/affinity_2D/tensorflow-for-poets-2/scripts/retrain.py:732: The name tf.summary.histogram is deprecated. Please use tf.compat.v1.summary.histogram instead.

W1009 18:21:49.183855 4564243904 deprecation_wrapper.py:119] From /Users/dbusaba2/affinity_2D/tensorflow-for-poets-2/scripts/retrain.py:732: The name tf.summary.histogram is deprecated. Please use tf.compat.v1.summary.histogram instead.

WARNING:tensorflow:From /Users/dbusaba2/affinity_2D/tensorflow-for-poets-2/scripts/retrain.py:790: softmax_cross_entropy_with_logits (from tensorflow.python.ops.nn_ops) is deprecated and will be removed in a future version.
Instructions for updating:

Future major versions of TensorFlow will allow gradients to flow
into the labels input on backprop by default.

See `tf.nn.softmax_cross_entropy_with_logits_v2`.

W1009 18:21:49.200645 4564243904 deprecation.py:323] From /Users/dbusaba2/affinity_2D/tensorflow-for-poets-2/scripts/retrain.py:790: softmax_cross_entropy_with_logits (from tensorflow.python.ops.nn_ops) is deprecated and will be removed in a future version.
Instructions for updating:

Future major versions of TensorFlow will allow gradients to flow
into the labels input on backprop by default.

See `tf.nn.softmax_cross_entropy_with_logits_v2`.

WARNING:tensorflow:From /Users/dbusaba2/affinity_2D/tensorflow-for-poets-2/scripts/retrain.py:796: The name tf.train.GradientDescentOptimizer is deprecated. Please use tf.compat.v1.train.GradientDescentOptimizer instead.

W1009 18:21:49.214762 4564243904 deprecation_wrapper.py:119] From /Users/dbusaba2/affinity_2D/tensorflow-for-poets-2/scripts/retrain.py:796: The name tf.train.GradientDescentOptimizer is deprecated. Please use tf.compat.v1.train.GradientDescentOptimizer instead.

WARNING:tensorflow:From /Users/dbusaba2/affinity_2D/tensorflow-for-poets-2/scripts/retrain.py:1038: The name tf.summary.merge_all is deprecated. Please use tf.compat.v1.summary.merge_all instead.

W1009 18:21:49.244781 4564243904 deprecation_wrapper.py:119] From /Users/dbusaba2/affinity_2D/tensorflow-for-poets-2/scripts/retrain.py:1038: The name tf.summary.merge_all is deprecated. Please use tf.compat.v1.summary.merge_all instead.

WARNING:tensorflow:From /Users/dbusaba2/affinity_2D/tensorflow-for-poets-2/scripts/retrain.py:1039: The name tf.summary.FileWriter is deprecated. Please use tf.compat.v1.summary.FileWriter instead.

W1009 18:21:49.245565 4564243904 deprecation_wrapper.py:119] From /Users/dbusaba2/affinity_2D/tensorflow-for-poets-2/scripts/retrain.py:1039: The name tf.summary.FileWriter is deprecated. Please use tf.compat.v1.summary.FileWriter instead.

INFO:tensorflow:2019-10-09 18:21:55.801140: Step 0: Train accuracy = 66.0%
I1009 18:21:55.801206 4564243904 retrain.py:1082] 2019-10-09 18:21:55.801140: Step 0: Train accuracy = 66.0%
INFO:tensorflow:2019-10-09 18:21:55.801332: Step 0: Cross entropy = 0.669191
I1009 18:21:55.801342 4564243904 retrain.py:1084] 2019-10-09 18:21:55.801332: Step 0: Cross entropy = 0.669191
INFO:tensorflow:2019-10-09 18:21:58.278821: Step 0: Validation accuracy = 60.0% (N=100)
I1009 18:21:58.278868 4564243904 retrain.py:1100] 2019-10-09 18:21:58.278821: Step 0: Validation accuracy = 60.0% (N=100)
INFO:tensorflow:2019-10-09 18:21:58.832415: Step 10: Train accuracy = 64.0%
I1009 18:21:58.832461 4564243904 retrain.py:1082] 2019-10-09 18:21:58.832415: Step 10: Train accuracy = 64.0%
INFO:tensorflow:2019-10-09 18:21:58.832576: Step 10: Cross entropy = 0.628276
I1009 18:21:58.832589 4564243904 retrain.py:1084] 2019-10-09 18:21:58.832576: Step 10: Cross entropy = 0.628276
INFO:tensorflow:2019-10-09 18:21:58.888150: Step 10: Validation accuracy = 64.0% (N=100)
I1009 18:21:58.888198 4564243904 retrain.py:1100] 2019-10-09 18:21:58.888150: Step 10: Validation accuracy = 64.0% (N=100)
INFO:tensorflow:2019-10-09 18:21:59.436067: Step 20: Train accuracy = 67.0%
I1009 18:21:59.436111 4564243904 retrain.py:1082] 2019-10-09 18:21:59.436067: Step 20: Train accuracy = 67.0%
INFO:tensorflow:2019-10-09 18:21:59.436227: Step 20: Cross entropy = 0.594746
I1009 18:21:59.436239 4564243904 retrain.py:1084] 2019-10-09 18:21:59.436227: Step 20: Cross entropy = 0.594746
INFO:tensorflow:2019-10-09 18:21:59.491824: Step 20: Validation accuracy = 79.0% (N=100)
I1009 18:21:59.491873 4564243904 retrain.py:1100] 2019-10-09 18:21:59.491824: Step 20: Validation accuracy = 79.0% (N=100)
INFO:tensorflow:2019-10-09 18:22:00.039962: Step 30: Train accuracy = 71.0%
I1009 18:22:00.040005 4564243904 retrain.py:1082] 2019-10-09 18:22:00.039962: Step 30: Train accuracy = 71.0%
INFO:tensorflow:2019-10-09 18:22:00.040114: Step 30: Cross entropy = 0.559818
I1009 18:22:00.040124 4564243904 retrain.py:1084] 2019-10-09 18:22:00.040114: Step 30: Cross entropy = 0.559818
INFO:tensorflow:2019-10-09 18:22:00.095516: Step 30: Validation accuracy = 69.0% (N=100)
I1009 18:22:00.095562 4564243904 retrain.py:1100] 2019-10-09 18:22:00.095516: Step 30: Validation accuracy = 69.0% (N=100)
INFO:tensorflow:2019-10-09 18:22:00.642952: Step 40: Train accuracy = 68.0%
I1009 18:22:00.642997 4564243904 retrain.py:1082] 2019-10-09 18:22:00.642952: Step 40: Train accuracy = 68.0%
INFO:tensorflow:2019-10-09 18:22:00.643105: Step 40: Cross entropy = 0.603712
I1009 18:22:00.643116 4564243904 retrain.py:1084] 2019-10-09 18:22:00.643105: Step 40: Cross entropy = 0.603712
INFO:tensorflow:2019-10-09 18:22:00.698427: Step 40: Validation accuracy = 57.0% (N=100)
I1009 18:22:00.698470 4564243904 retrain.py:1100] 2019-10-09 18:22:00.698427: Step 40: Validation accuracy = 57.0% (N=100)
INFO:tensorflow:2019-10-09 18:22:01.246409: Step 50: Train accuracy = 73.0%
I1009 18:22:01.246454 4564243904 retrain.py:1082] 2019-10-09 18:22:01.246409: Step 50: Train accuracy = 73.0%
INFO:tensorflow:2019-10-09 18:22:01.246567: Step 50: Cross entropy = 0.538663
I1009 18:22:01.246577 4564243904 retrain.py:1084] 2019-10-09 18:22:01.246567: Step 50: Cross entropy = 0.538663
INFO:tensorflow:2019-10-09 18:22:01.301701: Step 50: Validation accuracy = 49.0% (N=100)
I1009 18:22:01.301746 4564243904 retrain.py:1100] 2019-10-09 18:22:01.301701: Step 50: Validation accuracy = 49.0% (N=100)
INFO:tensorflow:2019-10-09 18:22:01.849449: Step 60: Train accuracy = 77.0%
I1009 18:22:01.849493 4564243904 retrain.py:1082] 2019-10-09 18:22:01.849449: Step 60: Train accuracy = 77.0%
INFO:tensorflow:2019-10-09 18:22:01.849600: Step 60: Cross entropy = 0.539009
I1009 18:22:01.849611 4564243904 retrain.py:1084] 2019-10-09 18:22:01.849600: Step 60: Cross entropy = 0.539009
INFO:tensorflow:2019-10-09 18:22:01.905513: Step 60: Validation accuracy = 54.0% (N=100)
I1009 18:22:01.905562 4564243904 retrain.py:1100] 2019-10-09 18:22:01.905513: Step 60: Validation accuracy = 54.0% (N=100)
INFO:tensorflow:2019-10-09 18:22:02.453583: Step 70: Train accuracy = 75.0%
I1009 18:22:02.453627 4564243904 retrain.py:1082] 2019-10-09 18:22:02.453583: Step 70: Train accuracy = 75.0%
INFO:tensorflow:2019-10-09 18:22:02.453737: Step 70: Cross entropy = 0.579189
I1009 18:22:02.453748 4564243904 retrain.py:1084] 2019-10-09 18:22:02.453737: Step 70: Cross entropy = 0.579189
INFO:tensorflow:2019-10-09 18:22:02.509453: Step 70: Validation accuracy = 56.0% (N=100)
I1009 18:22:02.509500 4564243904 retrain.py:1100] 2019-10-09 18:22:02.509453: Step 70: Validation accuracy = 56.0% (N=100)
INFO:tensorflow:2019-10-09 18:22:03.058462: Step 80: Train accuracy = 76.0%
I1009 18:22:03.058519 4564243904 retrain.py:1082] 2019-10-09 18:22:03.058462: Step 80: Train accuracy = 76.0%
INFO:tensorflow:2019-10-09 18:22:03.058642: Step 80: Cross entropy = 0.530693
I1009 18:22:03.058652 4564243904 retrain.py:1084] 2019-10-09 18:22:03.058642: Step 80: Cross entropy = 0.530693
INFO:tensorflow:2019-10-09 18:22:03.114917: Step 80: Validation accuracy = 64.0% (N=100)
I1009 18:22:03.114967 4564243904 retrain.py:1100] 2019-10-09 18:22:03.114917: Step 80: Validation accuracy = 64.0% (N=100)
INFO:tensorflow:2019-10-09 18:22:03.662583: Step 90: Train accuracy = 70.0%
I1009 18:22:03.662626 4564243904 retrain.py:1082] 2019-10-09 18:22:03.662583: Step 90: Train accuracy = 70.0%
INFO:tensorflow:2019-10-09 18:22:03.662736: Step 90: Cross entropy = 0.552846
I1009 18:22:03.662746 4564243904 retrain.py:1084] 2019-10-09 18:22:03.662736: Step 90: Cross entropy = 0.552846
INFO:tensorflow:2019-10-09 18:22:03.718419: Step 90: Validation accuracy = 62.0% (N=100)
I1009 18:22:03.718468 4564243904 retrain.py:1100] 2019-10-09 18:22:03.718419: Step 90: Validation accuracy = 62.0% (N=100)
INFO:tensorflow:2019-10-09 18:22:04.267218: Step 100: Train accuracy = 76.0%
I1009 18:22:04.267261 4564243904 retrain.py:1082] 2019-10-09 18:22:04.267218: Step 100: Train accuracy = 76.0%
INFO:tensorflow:2019-10-09 18:22:04.267373: Step 100: Cross entropy = 0.523412
I1009 18:22:04.267385 4564243904 retrain.py:1084] 2019-10-09 18:22:04.267373: Step 100: Cross entropy = 0.523412
INFO:tensorflow:2019-10-09 18:22:04.323564: Step 100: Validation accuracy = 56.0% (N=100)
I1009 18:22:04.323612 4564243904 retrain.py:1100] 2019-10-09 18:22:04.323564: Step 100: Validation accuracy = 56.0% (N=100)
INFO:tensorflow:2019-10-09 18:22:04.871579: Step 110: Train accuracy = 83.0%
I1009 18:22:04.871622 4564243904 retrain.py:1082] 2019-10-09 18:22:04.871579: Step 110: Train accuracy = 83.0%
INFO:tensorflow:2019-10-09 18:22:04.871732: Step 110: Cross entropy = 0.480549
I1009 18:22:04.871742 4564243904 retrain.py:1084] 2019-10-09 18:22:04.871732: Step 110: Cross entropy = 0.480549
INFO:tensorflow:2019-10-09 18:22:04.927536: Step 110: Validation accuracy = 59.0% (N=100)
I1009 18:22:04.927586 4564243904 retrain.py:1100] 2019-10-09 18:22:04.927536: Step 110: Validation accuracy = 59.0% (N=100)
INFO:tensorflow:2019-10-09 18:22:05.476179: Step 120: Train accuracy = 80.0%
I1009 18:22:05.476223 4564243904 retrain.py:1082] 2019-10-09 18:22:05.476179: Step 120: Train accuracy = 80.0%
INFO:tensorflow:2019-10-09 18:22:05.476335: Step 120: Cross entropy = 0.455490
I1009 18:22:05.476387 4564243904 retrain.py:1084] 2019-10-09 18:22:05.476335: Step 120: Cross entropy = 0.455490
INFO:tensorflow:2019-10-09 18:22:05.531787: Step 120: Validation accuracy = 65.0% (N=100)
I1009 18:22:05.531834 4564243904 retrain.py:1100] 2019-10-09 18:22:05.531787: Step 120: Validation accuracy = 65.0% (N=100)
INFO:tensorflow:2019-10-09 18:22:06.080226: Step 130: Train accuracy = 78.0%
I1009 18:22:06.080271 4564243904 retrain.py:1082] 2019-10-09 18:22:06.080226: Step 130: Train accuracy = 78.0%
INFO:tensorflow:2019-10-09 18:22:06.080382: Step 130: Cross entropy = 0.448471
I1009 18:22:06.080394 4564243904 retrain.py:1084] 2019-10-09 18:22:06.080382: Step 130: Cross entropy = 0.448471
INFO:tensorflow:2019-10-09 18:22:06.136080: Step 130: Validation accuracy = 67.0% (N=100)
I1009 18:22:06.136129 4564243904 retrain.py:1100] 2019-10-09 18:22:06.136080: Step 130: Validation accuracy = 67.0% (N=100)
INFO:tensorflow:2019-10-09 18:22:06.684272: Step 140: Train accuracy = 85.0%
I1009 18:22:06.684316 4564243904 retrain.py:1082] 2019-10-09 18:22:06.684272: Step 140: Train accuracy = 85.0%
INFO:tensorflow:2019-10-09 18:22:06.684427: Step 140: Cross entropy = 0.467167
I1009 18:22:06.684437 4564243904 retrain.py:1084] 2019-10-09 18:22:06.684427: Step 140: Cross entropy = 0.467167
INFO:tensorflow:2019-10-09 18:22:06.740109: Step 140: Validation accuracy = 53.0% (N=100)
I1009 18:22:06.740157 4564243904 retrain.py:1100] 2019-10-09 18:22:06.740109: Step 140: Validation accuracy = 53.0% (N=100)
INFO:tensorflow:2019-10-09 18:22:07.288709: Step 150: Train accuracy = 86.0%
I1009 18:22:07.288752 4564243904 retrain.py:1082] 2019-10-09 18:22:07.288709: Step 150: Train accuracy = 86.0%
INFO:tensorflow:2019-10-09 18:22:07.288866: Step 150: Cross entropy = 0.454274
I1009 18:22:07.288877 4564243904 retrain.py:1084] 2019-10-09 18:22:07.288866: Step 150: Cross entropy = 0.454274
INFO:tensorflow:2019-10-09 18:22:07.345994: Step 150: Validation accuracy = 50.0% (N=100)
I1009 18:22:07.346041 4564243904 retrain.py:1100] 2019-10-09 18:22:07.345994: Step 150: Validation accuracy = 50.0% (N=100)
INFO:tensorflow:2019-10-09 18:22:07.894439: Step 160: Train accuracy = 77.0%
I1009 18:22:07.894484 4564243904 retrain.py:1082] 2019-10-09 18:22:07.894439: Step 160: Train accuracy = 77.0%
INFO:tensorflow:2019-10-09 18:22:07.894590: Step 160: Cross entropy = 0.460112
I1009 18:22:07.894600 4564243904 retrain.py:1084] 2019-10-09 18:22:07.894590: Step 160: Cross entropy = 0.460112
INFO:tensorflow:2019-10-09 18:22:07.950087: Step 160: Validation accuracy = 64.0% (N=100)
I1009 18:22:07.950134 4564243904 retrain.py:1100] 2019-10-09 18:22:07.950087: Step 160: Validation accuracy = 64.0% (N=100)
INFO:tensorflow:2019-10-09 18:22:08.499177: Step 170: Train accuracy = 90.0%
I1009 18:22:08.499222 4564243904 retrain.py:1082] 2019-10-09 18:22:08.499177: Step 170: Train accuracy = 90.0%
INFO:tensorflow:2019-10-09 18:22:08.499331: Step 170: Cross entropy = 0.399990
I1009 18:22:08.499341 4564243904 retrain.py:1084] 2019-10-09 18:22:08.499331: Step 170: Cross entropy = 0.399990
INFO:tensorflow:2019-10-09 18:22:08.554701: Step 170: Validation accuracy = 51.0% (N=100)
I1009 18:22:08.554749 4564243904 retrain.py:1100] 2019-10-09 18:22:08.554701: Step 170: Validation accuracy = 51.0% (N=100)
INFO:tensorflow:2019-10-09 18:22:09.104652: Step 180: Train accuracy = 76.0%
I1009 18:22:09.104696 4564243904 retrain.py:1082] 2019-10-09 18:22:09.104652: Step 180: Train accuracy = 76.0%
INFO:tensorflow:2019-10-09 18:22:09.104805: Step 180: Cross entropy = 0.493973
I1009 18:22:09.104816 4564243904 retrain.py:1084] 2019-10-09 18:22:09.104805: Step 180: Cross entropy = 0.493973
INFO:tensorflow:2019-10-09 18:22:09.160690: Step 180: Validation accuracy = 55.0% (N=100)
I1009 18:22:09.160737 4564243904 retrain.py:1100] 2019-10-09 18:22:09.160690: Step 180: Validation accuracy = 55.0% (N=100)
INFO:tensorflow:2019-10-09 18:22:09.710742: Step 190: Train accuracy = 83.0%
I1009 18:22:09.710787 4564243904 retrain.py:1082] 2019-10-09 18:22:09.710742: Step 190: Train accuracy = 83.0%
INFO:tensorflow:2019-10-09 18:22:09.710895: Step 190: Cross entropy = 0.427465
I1009 18:22:09.710906 4564243904 retrain.py:1084] 2019-10-09 18:22:09.710895: Step 190: Cross entropy = 0.427465
INFO:tensorflow:2019-10-09 18:22:09.766761: Step 190: Validation accuracy = 56.0% (N=100)
I1009 18:22:09.766808 4564243904 retrain.py:1100] 2019-10-09 18:22:09.766761: Step 190: Validation accuracy = 56.0% (N=100)
INFO:tensorflow:2019-10-09 18:22:10.315875: Step 200: Train accuracy = 81.0%
I1009 18:22:10.315923 4564243904 retrain.py:1082] 2019-10-09 18:22:10.315875: Step 200: Train accuracy = 81.0%
INFO:tensorflow:2019-10-09 18:22:10.316069: Step 200: Cross entropy = 0.482086
I1009 18:22:10.316083 4564243904 retrain.py:1084] 2019-10-09 18:22:10.316069: Step 200: Cross entropy = 0.482086
INFO:tensorflow:2019-10-09 18:22:10.371684: Step 200: Validation accuracy = 60.0% (N=100)
I1009 18:22:10.371735 4564243904 retrain.py:1100] 2019-10-09 18:22:10.371684: Step 200: Validation accuracy = 60.0% (N=100)
INFO:tensorflow:2019-10-09 18:22:10.921320: Step 210: Train accuracy = 84.0%
I1009 18:22:10.921364 4564243904 retrain.py:1082] 2019-10-09 18:22:10.921320: Step 210: Train accuracy = 84.0%
INFO:tensorflow:2019-10-09 18:22:10.921473: Step 210: Cross entropy = 0.416841
I1009 18:22:10.921483 4564243904 retrain.py:1084] 2019-10-09 18:22:10.921473: Step 210: Cross entropy = 0.416841
INFO:tensorflow:2019-10-09 18:22:10.977447: Step 210: Validation accuracy = 63.0% (N=100)
I1009 18:22:10.977494 4564243904 retrain.py:1100] 2019-10-09 18:22:10.977447: Step 210: Validation accuracy = 63.0% (N=100)
INFO:tensorflow:2019-10-09 18:22:11.526494: Step 220: Train accuracy = 87.0%
I1009 18:22:11.526537 4564243904 retrain.py:1082] 2019-10-09 18:22:11.526494: Step 220: Train accuracy = 87.0%
INFO:tensorflow:2019-10-09 18:22:11.526648: Step 220: Cross entropy = 0.429014
I1009 18:22:11.526660 4564243904 retrain.py:1084] 2019-10-09 18:22:11.526648: Step 220: Cross entropy = 0.429014
INFO:tensorflow:2019-10-09 18:22:11.582025: Step 220: Validation accuracy = 52.0% (N=100)
I1009 18:22:11.582072 4564243904 retrain.py:1100] 2019-10-09 18:22:11.582025: Step 220: Validation accuracy = 52.0% (N=100)
INFO:tensorflow:2019-10-09 18:22:12.131505: Step 230: Train accuracy = 76.0%
I1009 18:22:12.131549 4564243904 retrain.py:1082] 2019-10-09 18:22:12.131505: Step 230: Train accuracy = 76.0%
INFO:tensorflow:2019-10-09 18:22:12.131657: Step 230: Cross entropy = 0.451256
I1009 18:22:12.131669 4564243904 retrain.py:1084] 2019-10-09 18:22:12.131657: Step 230: Cross entropy = 0.451256
INFO:tensorflow:2019-10-09 18:22:12.187261: Step 230: Validation accuracy = 65.0% (N=100)
I1009 18:22:12.187309 4564243904 retrain.py:1100] 2019-10-09 18:22:12.187261: Step 230: Validation accuracy = 65.0% (N=100)
INFO:tensorflow:2019-10-09 18:22:12.742154: Step 240: Train accuracy = 91.0%
I1009 18:22:12.742197 4564243904 retrain.py:1082] 2019-10-09 18:22:12.742154: Step 240: Train accuracy = 91.0%
INFO:tensorflow:2019-10-09 18:22:12.742309: Step 240: Cross entropy = 0.424222
I1009 18:22:12.742321 4564243904 retrain.py:1084] 2019-10-09 18:22:12.742309: Step 240: Cross entropy = 0.424222
INFO:tensorflow:2019-10-09 18:22:12.798320: Step 240: Validation accuracy = 56.0% (N=100)
I1009 18:22:12.798367 4564243904 retrain.py:1100] 2019-10-09 18:22:12.798320: Step 240: Validation accuracy = 56.0% (N=100)
INFO:tensorflow:2019-10-09 18:22:13.347935: Step 250: Train accuracy = 86.0%
I1009 18:22:13.347980 4564243904 retrain.py:1082] 2019-10-09 18:22:13.347935: Step 250: Train accuracy = 86.0%
INFO:tensorflow:2019-10-09 18:22:13.348093: Step 250: Cross entropy = 0.435515
I1009 18:22:13.348104 4564243904 retrain.py:1084] 2019-10-09 18:22:13.348093: Step 250: Cross entropy = 0.435515
INFO:tensorflow:2019-10-09 18:22:13.403930: Step 250: Validation accuracy = 52.0% (N=100)
I1009 18:22:13.403977 4564243904 retrain.py:1100] 2019-10-09 18:22:13.403930: Step 250: Validation accuracy = 52.0% (N=100)
INFO:tensorflow:2019-10-09 18:22:13.953608: Step 260: Train accuracy = 84.0%
I1009 18:22:13.953651 4564243904 retrain.py:1082] 2019-10-09 18:22:13.953608: Step 260: Train accuracy = 84.0%
INFO:tensorflow:2019-10-09 18:22:13.953762: Step 260: Cross entropy = 0.422047
I1009 18:22:13.953772 4564243904 retrain.py:1084] 2019-10-09 18:22:13.953762: Step 260: Cross entropy = 0.422047
INFO:tensorflow:2019-10-09 18:22:14.009398: Step 260: Validation accuracy = 52.0% (N=100)
I1009 18:22:14.009445 4564243904 retrain.py:1100] 2019-10-09 18:22:14.009398: Step 260: Validation accuracy = 52.0% (N=100)
INFO:tensorflow:2019-10-09 18:22:14.580852: Step 270: Train accuracy = 83.0%
I1009 18:22:14.580897 4564243904 retrain.py:1082] 2019-10-09 18:22:14.580852: Step 270: Train accuracy = 83.0%
INFO:tensorflow:2019-10-09 18:22:14.581005: Step 270: Cross entropy = 0.416910
I1009 18:22:14.581017 4564243904 retrain.py:1084] 2019-10-09 18:22:14.581005: Step 270: Cross entropy = 0.416910
INFO:tensorflow:2019-10-09 18:22:14.636388: Step 270: Validation accuracy = 59.0% (N=100)
I1009 18:22:14.636435 4564243904 retrain.py:1100] 2019-10-09 18:22:14.636388: Step 270: Validation accuracy = 59.0% (N=100)
INFO:tensorflow:2019-10-09 18:22:15.185780: Step 280: Train accuracy = 89.0%
I1009 18:22:15.185826 4564243904 retrain.py:1082] 2019-10-09 18:22:15.185780: Step 280: Train accuracy = 89.0%
INFO:tensorflow:2019-10-09 18:22:15.185968: Step 280: Cross entropy = 0.330827
I1009 18:22:15.185986 4564243904 retrain.py:1084] 2019-10-09 18:22:15.185968: Step 280: Cross entropy = 0.330827
INFO:tensorflow:2019-10-09 18:22:15.241627: Step 280: Validation accuracy = 59.0% (N=100)
I1009 18:22:15.241672 4564243904 retrain.py:1100] 2019-10-09 18:22:15.241627: Step 280: Validation accuracy = 59.0% (N=100)
INFO:tensorflow:2019-10-09 18:22:15.791060: Step 290: Train accuracy = 87.0%
I1009 18:22:15.791104 4564243904 retrain.py:1082] 2019-10-09 18:22:15.791060: Step 290: Train accuracy = 87.0%
INFO:tensorflow:2019-10-09 18:22:15.791218: Step 290: Cross entropy = 0.406824
I1009 18:22:15.791229 4564243904 retrain.py:1084] 2019-10-09 18:22:15.791218: Step 290: Cross entropy = 0.406824
INFO:tensorflow:2019-10-09 18:22:15.847244: Step 290: Validation accuracy = 58.0% (N=100)
I1009 18:22:15.847290 4564243904 retrain.py:1100] 2019-10-09 18:22:15.847244: Step 290: Validation accuracy = 58.0% (N=100)
INFO:tensorflow:2019-10-09 18:22:16.397200: Step 300: Train accuracy = 93.0%
I1009 18:22:16.397243 4564243904 retrain.py:1082] 2019-10-09 18:22:16.397200: Step 300: Train accuracy = 93.0%
INFO:tensorflow:2019-10-09 18:22:16.397354: Step 300: Cross entropy = 0.373771
I1009 18:22:16.397365 4564243904 retrain.py:1084] 2019-10-09 18:22:16.397354: Step 300: Cross entropy = 0.373771
INFO:tensorflow:2019-10-09 18:22:16.454028: Step 300: Validation accuracy = 62.0% (N=100)
I1009 18:22:16.454075 4564243904 retrain.py:1100] 2019-10-09 18:22:16.454028: Step 300: Validation accuracy = 62.0% (N=100)
INFO:tensorflow:2019-10-09 18:22:17.003242: Step 310: Train accuracy = 86.0%
I1009 18:22:17.003287 4564243904 retrain.py:1082] 2019-10-09 18:22:17.003242: Step 310: Train accuracy = 86.0%
INFO:tensorflow:2019-10-09 18:22:17.003398: Step 310: Cross entropy = 0.414112
I1009 18:22:17.003408 4564243904 retrain.py:1084] 2019-10-09 18:22:17.003398: Step 310: Cross entropy = 0.414112
INFO:tensorflow:2019-10-09 18:22:17.059323: Step 310: Validation accuracy = 55.0% (N=100)
I1009 18:22:17.059371 4564243904 retrain.py:1100] 2019-10-09 18:22:17.059323: Step 310: Validation accuracy = 55.0% (N=100)
INFO:tensorflow:2019-10-09 18:22:17.609686: Step 320: Train accuracy = 89.0%
I1009 18:22:17.609729 4564243904 retrain.py:1082] 2019-10-09 18:22:17.609686: Step 320: Train accuracy = 89.0%
INFO:tensorflow:2019-10-09 18:22:17.609851: Step 320: Cross entropy = 0.382400
I1009 18:22:17.609861 4564243904 retrain.py:1084] 2019-10-09 18:22:17.609851: Step 320: Cross entropy = 0.382400
INFO:tensorflow:2019-10-09 18:22:17.666150: Step 320: Validation accuracy = 58.0% (N=100)
I1009 18:22:17.666200 4564243904 retrain.py:1100] 2019-10-09 18:22:17.666150: Step 320: Validation accuracy = 58.0% (N=100)
INFO:tensorflow:2019-10-09 18:22:18.216153: Step 330: Train accuracy = 85.0%
I1009 18:22:18.216197 4564243904 retrain.py:1082] 2019-10-09 18:22:18.216153: Step 330: Train accuracy = 85.0%
INFO:tensorflow:2019-10-09 18:22:18.216306: Step 330: Cross entropy = 0.398701
I1009 18:22:18.216316 4564243904 retrain.py:1084] 2019-10-09 18:22:18.216306: Step 330: Cross entropy = 0.398701
INFO:tensorflow:2019-10-09 18:22:18.271730: Step 330: Validation accuracy = 50.0% (N=100)
I1009 18:22:18.271779 4564243904 retrain.py:1100] 2019-10-09 18:22:18.271730: Step 330: Validation accuracy = 50.0% (N=100)
INFO:tensorflow:2019-10-09 18:22:18.821709: Step 340: Train accuracy = 96.0%
I1009 18:22:18.821754 4564243904 retrain.py:1082] 2019-10-09 18:22:18.821709: Step 340: Train accuracy = 96.0%
INFO:tensorflow:2019-10-09 18:22:18.821862: Step 340: Cross entropy = 0.339681
I1009 18:22:18.821873 4564243904 retrain.py:1084] 2019-10-09 18:22:18.821862: Step 340: Cross entropy = 0.339681
INFO:tensorflow:2019-10-09 18:22:18.877781: Step 340: Validation accuracy = 59.0% (N=100)
I1009 18:22:18.877829 4564243904 retrain.py:1100] 2019-10-09 18:22:18.877781: Step 340: Validation accuracy = 59.0% (N=100)
INFO:tensorflow:2019-10-09 18:22:19.426620: Step 350: Train accuracy = 85.0%
I1009 18:22:19.426666 4564243904 retrain.py:1082] 2019-10-09 18:22:19.426620: Step 350: Train accuracy = 85.0%
INFO:tensorflow:2019-10-09 18:22:19.426779: Step 350: Cross entropy = 0.390207
I1009 18:22:19.426790 4564243904 retrain.py:1084] 2019-10-09 18:22:19.426779: Step 350: Cross entropy = 0.390207
INFO:tensorflow:2019-10-09 18:22:19.483638: Step 350: Validation accuracy = 54.0% (N=100)
I1009 18:22:19.483684 4564243904 retrain.py:1100] 2019-10-09 18:22:19.483638: Step 350: Validation accuracy = 54.0% (N=100)
INFO:tensorflow:2019-10-09 18:22:20.034259: Step 360: Train accuracy = 87.0%
I1009 18:22:20.034303 4564243904 retrain.py:1082] 2019-10-09 18:22:20.034259: Step 360: Train accuracy = 87.0%
INFO:tensorflow:2019-10-09 18:22:20.034419: Step 360: Cross entropy = 0.376084
I1009 18:22:20.034430 4564243904 retrain.py:1084] 2019-10-09 18:22:20.034419: Step 360: Cross entropy = 0.376084
INFO:tensorflow:2019-10-09 18:22:20.090263: Step 360: Validation accuracy = 67.0% (N=100)
I1009 18:22:20.090310 4564243904 retrain.py:1100] 2019-10-09 18:22:20.090263: Step 360: Validation accuracy = 67.0% (N=100)
INFO:tensorflow:2019-10-09 18:22:20.640347: Step 370: Train accuracy = 87.0%
I1009 18:22:20.640389 4564243904 retrain.py:1082] 2019-10-09 18:22:20.640347: Step 370: Train accuracy = 87.0%
INFO:tensorflow:2019-10-09 18:22:20.640501: Step 370: Cross entropy = 0.384346
I1009 18:22:20.640514 4564243904 retrain.py:1084] 2019-10-09 18:22:20.640501: Step 370: Cross entropy = 0.384346
INFO:tensorflow:2019-10-09 18:22:20.696263: Step 370: Validation accuracy = 48.0% (N=100)
I1009 18:22:20.696310 4564243904 retrain.py:1100] 2019-10-09 18:22:20.696263: Step 370: Validation accuracy = 48.0% (N=100)
INFO:tensorflow:2019-10-09 18:22:21.244680: Step 380: Train accuracy = 90.0%
I1009 18:22:21.244724 4564243904 retrain.py:1082] 2019-10-09 18:22:21.244680: Step 380: Train accuracy = 90.0%
INFO:tensorflow:2019-10-09 18:22:21.244831: Step 380: Cross entropy = 0.368687
I1009 18:22:21.244840 4564243904 retrain.py:1084] 2019-10-09 18:22:21.244831: Step 380: Cross entropy = 0.368687
INFO:tensorflow:2019-10-09 18:22:21.300649: Step 380: Validation accuracy = 63.0% (N=100)
I1009 18:22:21.300720 4564243904 retrain.py:1100] 2019-10-09 18:22:21.300649: Step 380: Validation accuracy = 63.0% (N=100)
INFO:tensorflow:2019-10-09 18:22:21.850374: Step 390: Train accuracy = 86.0%
I1009 18:22:21.850419 4564243904 retrain.py:1082] 2019-10-09 18:22:21.850374: Step 390: Train accuracy = 86.0%
INFO:tensorflow:2019-10-09 18:22:21.850526: Step 390: Cross entropy = 0.386212
I1009 18:22:21.850535 4564243904 retrain.py:1084] 2019-10-09 18:22:21.850526: Step 390: Cross entropy = 0.386212
INFO:tensorflow:2019-10-09 18:22:21.906045: Step 390: Validation accuracy = 50.0% (N=100)
I1009 18:22:21.906091 4564243904 retrain.py:1100] 2019-10-09 18:22:21.906045: Step 390: Validation accuracy = 50.0% (N=100)
INFO:tensorflow:2019-10-09 18:22:22.454948: Step 400: Train accuracy = 89.0%
I1009 18:22:22.454991 4564243904 retrain.py:1082] 2019-10-09 18:22:22.454948: Step 400: Train accuracy = 89.0%
INFO:tensorflow:2019-10-09 18:22:22.455100: Step 400: Cross entropy = 0.336981
I1009 18:22:22.455111 4564243904 retrain.py:1084] 2019-10-09 18:22:22.455100: Step 400: Cross entropy = 0.336981
INFO:tensorflow:2019-10-09 18:22:22.510769: Step 400: Validation accuracy = 62.0% (N=100)
I1009 18:22:22.510814 4564243904 retrain.py:1100] 2019-10-09 18:22:22.510769: Step 400: Validation accuracy = 62.0% (N=100)
INFO:tensorflow:2019-10-09 18:22:23.061096: Step 410: Train accuracy = 88.0%
I1009 18:22:23.061141 4564243904 retrain.py:1082] 2019-10-09 18:22:23.061096: Step 410: Train accuracy = 88.0%
INFO:tensorflow:2019-10-09 18:22:23.061251: Step 410: Cross entropy = 0.393493
I1009 18:22:23.061260 4564243904 retrain.py:1084] 2019-10-09 18:22:23.061251: Step 410: Cross entropy = 0.393493
INFO:tensorflow:2019-10-09 18:22:23.116760: Step 410: Validation accuracy = 37.0% (N=100)
I1009 18:22:23.116806 4564243904 retrain.py:1100] 2019-10-09 18:22:23.116760: Step 410: Validation accuracy = 37.0% (N=100)
INFO:tensorflow:2019-10-09 18:22:23.666492: Step 420: Train accuracy = 89.0%
I1009 18:22:23.666535 4564243904 retrain.py:1082] 2019-10-09 18:22:23.666492: Step 420: Train accuracy = 89.0%
INFO:tensorflow:2019-10-09 18:22:23.666648: Step 420: Cross entropy = 0.367891
I1009 18:22:23.666659 4564243904 retrain.py:1084] 2019-10-09 18:22:23.666648: Step 420: Cross entropy = 0.367891
INFO:tensorflow:2019-10-09 18:22:23.722180: Step 420: Validation accuracy = 48.0% (N=100)
I1009 18:22:23.722228 4564243904 retrain.py:1100] 2019-10-09 18:22:23.722180: Step 420: Validation accuracy = 48.0% (N=100)
INFO:tensorflow:2019-10-09 18:22:24.271369: Step 430: Train accuracy = 94.0%
I1009 18:22:24.271413 4564243904 retrain.py:1082] 2019-10-09 18:22:24.271369: Step 430: Train accuracy = 94.0%
INFO:tensorflow:2019-10-09 18:22:24.271521: Step 430: Cross entropy = 0.282930
I1009 18:22:24.271548 4564243904 retrain.py:1084] 2019-10-09 18:22:24.271521: Step 430: Cross entropy = 0.282930
INFO:tensorflow:2019-10-09 18:22:24.327198: Step 430: Validation accuracy = 59.0% (N=100)
I1009 18:22:24.327247 4564243904 retrain.py:1100] 2019-10-09 18:22:24.327198: Step 430: Validation accuracy = 59.0% (N=100)
INFO:tensorflow:2019-10-09 18:22:24.876205: Step 440: Train accuracy = 94.0%
I1009 18:22:24.876250 4564243904 retrain.py:1082] 2019-10-09 18:22:24.876205: Step 440: Train accuracy = 94.0%
INFO:tensorflow:2019-10-09 18:22:24.876361: Step 440: Cross entropy = 0.301096
I1009 18:22:24.876371 4564243904 retrain.py:1084] 2019-10-09 18:22:24.876361: Step 440: Cross entropy = 0.301096
INFO:tensorflow:2019-10-09 18:22:24.932354: Step 440: Validation accuracy = 58.0% (N=100)
I1009 18:22:24.932401 4564243904 retrain.py:1100] 2019-10-09 18:22:24.932354: Step 440: Validation accuracy = 58.0% (N=100)
INFO:tensorflow:2019-10-09 18:22:25.482430: Step 450: Train accuracy = 91.0%
I1009 18:22:25.482474 4564243904 retrain.py:1082] 2019-10-09 18:22:25.482430: Step 450: Train accuracy = 91.0%
INFO:tensorflow:2019-10-09 18:22:25.482582: Step 450: Cross entropy = 0.337800
I1009 18:22:25.482592 4564243904 retrain.py:1084] 2019-10-09 18:22:25.482582: Step 450: Cross entropy = 0.337800
INFO:tensorflow:2019-10-09 18:22:25.538046: Step 450: Validation accuracy = 45.0% (N=100)
I1009 18:22:25.538094 4564243904 retrain.py:1100] 2019-10-09 18:22:25.538046: Step 450: Validation accuracy = 45.0% (N=100)
INFO:tensorflow:2019-10-09 18:22:26.088008: Step 460: Train accuracy = 96.0%
I1009 18:22:26.088052 4564243904 retrain.py:1082] 2019-10-09 18:22:26.088008: Step 460: Train accuracy = 96.0%
INFO:tensorflow:2019-10-09 18:22:26.088162: Step 460: Cross entropy = 0.336553
I1009 18:22:26.088173 4564243904 retrain.py:1084] 2019-10-09 18:22:26.088162: Step 460: Cross entropy = 0.336553
INFO:tensorflow:2019-10-09 18:22:26.143737: Step 460: Validation accuracy = 47.0% (N=100)
I1009 18:22:26.143782 4564243904 retrain.py:1100] 2019-10-09 18:22:26.143737: Step 460: Validation accuracy = 47.0% (N=100)
INFO:tensorflow:2019-10-09 18:22:26.693690: Step 470: Train accuracy = 94.0%
I1009 18:22:26.693733 4564243904 retrain.py:1082] 2019-10-09 18:22:26.693690: Step 470: Train accuracy = 94.0%
INFO:tensorflow:2019-10-09 18:22:26.693845: Step 470: Cross entropy = 0.300116
I1009 18:22:26.693856 4564243904 retrain.py:1084] 2019-10-09 18:22:26.693845: Step 470: Cross entropy = 0.300116
INFO:tensorflow:2019-10-09 18:22:26.749130: Step 470: Validation accuracy = 55.0% (N=100)
I1009 18:22:26.749178 4564243904 retrain.py:1100] 2019-10-09 18:22:26.749130: Step 470: Validation accuracy = 55.0% (N=100)
INFO:tensorflow:2019-10-09 18:22:27.299430: Step 480: Train accuracy = 89.0%
I1009 18:22:27.299474 4564243904 retrain.py:1082] 2019-10-09 18:22:27.299430: Step 480: Train accuracy = 89.0%
INFO:tensorflow:2019-10-09 18:22:27.299582: Step 480: Cross entropy = 0.345857
I1009 18:22:27.299592 4564243904 retrain.py:1084] 2019-10-09 18:22:27.299582: Step 480: Cross entropy = 0.345857
INFO:tensorflow:2019-10-09 18:22:27.355474: Step 480: Validation accuracy = 52.0% (N=100)
I1009 18:22:27.355520 4564243904 retrain.py:1100] 2019-10-09 18:22:27.355474: Step 480: Validation accuracy = 52.0% (N=100)
INFO:tensorflow:2019-10-09 18:22:27.905959: Step 490: Train accuracy = 96.0%
I1009 18:22:27.906004 4564243904 retrain.py:1082] 2019-10-09 18:22:27.905959: Step 490: Train accuracy = 96.0%
INFO:tensorflow:2019-10-09 18:22:27.906114: Step 490: Cross entropy = 0.302868
I1009 18:22:27.906125 4564243904 retrain.py:1084] 2019-10-09 18:22:27.906114: Step 490: Cross entropy = 0.302868
INFO:tensorflow:2019-10-09 18:22:27.962113: Step 490: Validation accuracy = 61.0% (N=100)
I1009 18:22:27.962182 4564243904 retrain.py:1100] 2019-10-09 18:22:27.962113: Step 490: Validation accuracy = 61.0% (N=100)
INFO:tensorflow:2019-10-09 18:22:28.512720: Step 500: Train accuracy = 93.0%
I1009 18:22:28.512764 4564243904 retrain.py:1082] 2019-10-09 18:22:28.512720: Step 500: Train accuracy = 93.0%
INFO:tensorflow:2019-10-09 18:22:28.512877: Step 500: Cross entropy = 0.341829
I1009 18:22:28.512889 4564243904 retrain.py:1084] 2019-10-09 18:22:28.512877: Step 500: Cross entropy = 0.341829
INFO:tensorflow:2019-10-09 18:22:28.568779: Step 500: Validation accuracy = 46.0% (N=100)
I1009 18:22:28.568826 4564243904 retrain.py:1100] 2019-10-09 18:22:28.568779: Step 500: Validation accuracy = 46.0% (N=100)
INFO:tensorflow:2019-10-09 18:22:29.118536: Step 510: Train accuracy = 92.0%
I1009 18:22:29.118579 4564243904 retrain.py:1082] 2019-10-09 18:22:29.118536: Step 510: Train accuracy = 92.0%
INFO:tensorflow:2019-10-09 18:22:29.118691: Step 510: Cross entropy = 0.344837
I1009 18:22:29.118702 4564243904 retrain.py:1084] 2019-10-09 18:22:29.118691: Step 510: Cross entropy = 0.344837
INFO:tensorflow:2019-10-09 18:22:29.174390: Step 510: Validation accuracy = 61.0% (N=100)
I1009 18:22:29.174437 4564243904 retrain.py:1100] 2019-10-09 18:22:29.174390: Step 510: Validation accuracy = 61.0% (N=100)
INFO:tensorflow:2019-10-09 18:22:29.724618: Step 520: Train accuracy = 95.0%
I1009 18:22:29.724662 4564243904 retrain.py:1082] 2019-10-09 18:22:29.724618: Step 520: Train accuracy = 95.0%
INFO:tensorflow:2019-10-09 18:22:29.724770: Step 520: Cross entropy = 0.284965
I1009 18:22:29.724781 4564243904 retrain.py:1084] 2019-10-09 18:22:29.724770: Step 520: Cross entropy = 0.284965
INFO:tensorflow:2019-10-09 18:22:29.780546: Step 520: Validation accuracy = 53.0% (N=100)
I1009 18:22:29.780594 4564243904 retrain.py:1100] 2019-10-09 18:22:29.780546: Step 520: Validation accuracy = 53.0% (N=100)
INFO:tensorflow:2019-10-09 18:22:30.330217: Step 530: Train accuracy = 92.0%
I1009 18:22:30.330260 4564243904 retrain.py:1082] 2019-10-09 18:22:30.330217: Step 530: Train accuracy = 92.0%
INFO:tensorflow:2019-10-09 18:22:30.330371: Step 530: Cross entropy = 0.327112
I1009 18:22:30.330383 4564243904 retrain.py:1084] 2019-10-09 18:22:30.330371: Step 530: Cross entropy = 0.327112
INFO:tensorflow:2019-10-09 18:22:30.386207: Step 530: Validation accuracy = 48.0% (N=100)
I1009 18:22:30.386251 4564243904 retrain.py:1100] 2019-10-09 18:22:30.386207: Step 530: Validation accuracy = 48.0% (N=100)
INFO:tensorflow:2019-10-09 18:22:30.934892: Step 540: Train accuracy = 97.0%
I1009 18:22:30.934936 4564243904 retrain.py:1082] 2019-10-09 18:22:30.934892: Step 540: Train accuracy = 97.0%
INFO:tensorflow:2019-10-09 18:22:30.935047: Step 540: Cross entropy = 0.279354
I1009 18:22:30.935057 4564243904 retrain.py:1084] 2019-10-09 18:22:30.935047: Step 540: Cross entropy = 0.279354
INFO:tensorflow:2019-10-09 18:22:30.990520: Step 540: Validation accuracy = 58.0% (N=100)
I1009 18:22:30.990565 4564243904 retrain.py:1100] 2019-10-09 18:22:30.990520: Step 540: Validation accuracy = 58.0% (N=100)
INFO:tensorflow:2019-10-09 18:22:31.540862: Step 550: Train accuracy = 93.0%
I1009 18:22:31.540906 4564243904 retrain.py:1082] 2019-10-09 18:22:31.540862: Step 550: Train accuracy = 93.0%
INFO:tensorflow:2019-10-09 18:22:31.541015: Step 550: Cross entropy = 0.307041
I1009 18:22:31.541026 4564243904 retrain.py:1084] 2019-10-09 18:22:31.541015: Step 550: Cross entropy = 0.307041
INFO:tensorflow:2019-10-09 18:22:31.596773: Step 550: Validation accuracy = 53.0% (N=100)
I1009 18:22:31.596822 4564243904 retrain.py:1100] 2019-10-09 18:22:31.596773: Step 550: Validation accuracy = 53.0% (N=100)
INFO:tensorflow:2019-10-09 18:22:32.145923: Step 560: Train accuracy = 90.0%
I1009 18:22:32.145968 4564243904 retrain.py:1082] 2019-10-09 18:22:32.145923: Step 560: Train accuracy = 90.0%
INFO:tensorflow:2019-10-09 18:22:32.146080: Step 560: Cross entropy = 0.345851
I1009 18:22:32.146091 4564243904 retrain.py:1084] 2019-10-09 18:22:32.146080: Step 560: Cross entropy = 0.345851
INFO:tensorflow:2019-10-09 18:22:32.202050: Step 560: Validation accuracy = 54.0% (N=100)
I1009 18:22:32.202096 4564243904 retrain.py:1100] 2019-10-09 18:22:32.202050: Step 560: Validation accuracy = 54.0% (N=100)
INFO:tensorflow:2019-10-09 18:22:32.751766: Step 570: Train accuracy = 94.0%
I1009 18:22:32.751811 4564243904 retrain.py:1082] 2019-10-09 18:22:32.751766: Step 570: Train accuracy = 94.0%
INFO:tensorflow:2019-10-09 18:22:32.751920: Step 570: Cross entropy = 0.290933
I1009 18:22:32.751930 4564243904 retrain.py:1084] 2019-10-09 18:22:32.751920: Step 570: Cross entropy = 0.290933
INFO:tensorflow:2019-10-09 18:22:32.807969: Step 570: Validation accuracy = 43.0% (N=100)
I1009 18:22:32.808016 4564243904 retrain.py:1100] 2019-10-09 18:22:32.807969: Step 570: Validation accuracy = 43.0% (N=100)
INFO:tensorflow:2019-10-09 18:22:33.358435: Step 580: Train accuracy = 93.0%
I1009 18:22:33.358491 4564243904 retrain.py:1082] 2019-10-09 18:22:33.358435: Step 580: Train accuracy = 93.0%
INFO:tensorflow:2019-10-09 18:22:33.358627: Step 580: Cross entropy = 0.328928
I1009 18:22:33.358638 4564243904 retrain.py:1084] 2019-10-09 18:22:33.358627: Step 580: Cross entropy = 0.328928
INFO:tensorflow:2019-10-09 18:22:33.414128: Step 580: Validation accuracy = 54.0% (N=100)
I1009 18:22:33.414172 4564243904 retrain.py:1100] 2019-10-09 18:22:33.414128: Step 580: Validation accuracy = 54.0% (N=100)
INFO:tensorflow:2019-10-09 18:22:33.964430: Step 590: Train accuracy = 96.0%
I1009 18:22:33.964474 4564243904 retrain.py:1082] 2019-10-09 18:22:33.964430: Step 590: Train accuracy = 96.0%
INFO:tensorflow:2019-10-09 18:22:33.964583: Step 590: Cross entropy = 0.275651
I1009 18:22:33.964593 4564243904 retrain.py:1084] 2019-10-09 18:22:33.964583: Step 590: Cross entropy = 0.275651
INFO:tensorflow:2019-10-09 18:22:34.020337: Step 590: Validation accuracy = 46.0% (N=100)
I1009 18:22:34.020385 4564243904 retrain.py:1100] 2019-10-09 18:22:34.020337: Step 590: Validation accuracy = 46.0% (N=100)
INFO:tensorflow:2019-10-09 18:22:34.570565: Step 600: Train accuracy = 92.0%
I1009 18:22:34.570609 4564243904 retrain.py:1082] 2019-10-09 18:22:34.570565: Step 600: Train accuracy = 92.0%
INFO:tensorflow:2019-10-09 18:22:34.570719: Step 600: Cross entropy = 0.340598
I1009 18:22:34.570729 4564243904 retrain.py:1084] 2019-10-09 18:22:34.570719: Step 600: Cross entropy = 0.340598
INFO:tensorflow:2019-10-09 18:22:34.626267: Step 600: Validation accuracy = 49.0% (N=100)
I1009 18:22:34.626313 4564243904 retrain.py:1100] 2019-10-09 18:22:34.626267: Step 600: Validation accuracy = 49.0% (N=100)
INFO:tensorflow:2019-10-09 18:22:35.175574: Step 610: Train accuracy = 96.0%
I1009 18:22:35.175617 4564243904 retrain.py:1082] 2019-10-09 18:22:35.175574: Step 610: Train accuracy = 96.0%
INFO:tensorflow:2019-10-09 18:22:35.175725: Step 610: Cross entropy = 0.273132
I1009 18:22:35.175735 4564243904 retrain.py:1084] 2019-10-09 18:22:35.175725: Step 610: Cross entropy = 0.273132
INFO:tensorflow:2019-10-09 18:22:35.231189: Step 610: Validation accuracy = 58.0% (N=100)
I1009 18:22:35.231237 4564243904 retrain.py:1100] 2019-10-09 18:22:35.231189: Step 610: Validation accuracy = 58.0% (N=100)
INFO:tensorflow:2019-10-09 18:22:35.780944: Step 620: Train accuracy = 95.0%
I1009 18:22:35.780988 4564243904 retrain.py:1082] 2019-10-09 18:22:35.780944: Step 620: Train accuracy = 95.0%
INFO:tensorflow:2019-10-09 18:22:35.781097: Step 620: Cross entropy = 0.307054
I1009 18:22:35.781109 4564243904 retrain.py:1084] 2019-10-09 18:22:35.781097: Step 620: Cross entropy = 0.307054
INFO:tensorflow:2019-10-09 18:22:35.837508: Step 620: Validation accuracy = 42.0% (N=100)
I1009 18:22:35.837553 4564243904 retrain.py:1100] 2019-10-09 18:22:35.837508: Step 620: Validation accuracy = 42.0% (N=100)
INFO:tensorflow:2019-10-09 18:22:36.388144: Step 630: Train accuracy = 92.0%
I1009 18:22:36.388188 4564243904 retrain.py:1082] 2019-10-09 18:22:36.388144: Step 630: Train accuracy = 92.0%
INFO:tensorflow:2019-10-09 18:22:36.388298: Step 630: Cross entropy = 0.295556
I1009 18:22:36.388308 4564243904 retrain.py:1084] 2019-10-09 18:22:36.388298: Step 630: Cross entropy = 0.295556
INFO:tensorflow:2019-10-09 18:22:36.443940: Step 630: Validation accuracy = 51.0% (N=100)
I1009 18:22:36.443989 4564243904 retrain.py:1100] 2019-10-09 18:22:36.443940: Step 630: Validation accuracy = 51.0% (N=100)
INFO:tensorflow:2019-10-09 18:22:36.993376: Step 640: Train accuracy = 95.0%
I1009 18:22:36.993421 4564243904 retrain.py:1082] 2019-10-09 18:22:36.993376: Step 640: Train accuracy = 95.0%
INFO:tensorflow:2019-10-09 18:22:36.993531: Step 640: Cross entropy = 0.285409
I1009 18:22:36.993541 4564243904 retrain.py:1084] 2019-10-09 18:22:36.993531: Step 640: Cross entropy = 0.285409
INFO:tensorflow:2019-10-09 18:22:37.048921: Step 640: Validation accuracy = 34.0% (N=100)
I1009 18:22:37.048969 4564243904 retrain.py:1100] 2019-10-09 18:22:37.048921: Step 640: Validation accuracy = 34.0% (N=100)
INFO:tensorflow:2019-10-09 18:22:37.598912: Step 650: Train accuracy = 96.0%
I1009 18:22:37.598958 4564243904 retrain.py:1082] 2019-10-09 18:22:37.598912: Step 650: Train accuracy = 96.0%
INFO:tensorflow:2019-10-09 18:22:37.599067: Step 650: Cross entropy = 0.236991
I1009 18:22:37.599077 4564243904 retrain.py:1084] 2019-10-09 18:22:37.599067: Step 650: Cross entropy = 0.236991
INFO:tensorflow:2019-10-09 18:22:37.654739: Step 650: Validation accuracy = 49.0% (N=100)
I1009 18:22:37.654787 4564243904 retrain.py:1100] 2019-10-09 18:22:37.654739: Step 650: Validation accuracy = 49.0% (N=100)
INFO:tensorflow:2019-10-09 18:22:38.205226: Step 660: Train accuracy = 92.0%
I1009 18:22:38.205271 4564243904 retrain.py:1082] 2019-10-09 18:22:38.205226: Step 660: Train accuracy = 92.0%
INFO:tensorflow:2019-10-09 18:22:38.205381: Step 660: Cross entropy = 0.304227
I1009 18:22:38.205392 4564243904 retrain.py:1084] 2019-10-09 18:22:38.205381: Step 660: Cross entropy = 0.304227
INFO:tensorflow:2019-10-09 18:22:38.260973: Step 660: Validation accuracy = 40.0% (N=100)
I1009 18:22:38.261019 4564243904 retrain.py:1100] 2019-10-09 18:22:38.260973: Step 660: Validation accuracy = 40.0% (N=100)
INFO:tensorflow:2019-10-09 18:22:38.810492: Step 670: Train accuracy = 93.0%
I1009 18:22:38.810548 4564243904 retrain.py:1082] 2019-10-09 18:22:38.810492: Step 670: Train accuracy = 93.0%
INFO:tensorflow:2019-10-09 18:22:38.810685: Step 670: Cross entropy = 0.254898
I1009 18:22:38.810697 4564243904 retrain.py:1084] 2019-10-09 18:22:38.810685: Step 670: Cross entropy = 0.254898
INFO:tensorflow:2019-10-09 18:22:38.866703: Step 670: Validation accuracy = 44.0% (N=100)
I1009 18:22:38.866750 4564243904 retrain.py:1100] 2019-10-09 18:22:38.866703: Step 670: Validation accuracy = 44.0% (N=100)
INFO:tensorflow:2019-10-09 18:22:39.418813: Step 680: Train accuracy = 93.0%
I1009 18:22:39.418858 4564243904 retrain.py:1082] 2019-10-09 18:22:39.418813: Step 680: Train accuracy = 93.0%
INFO:tensorflow:2019-10-09 18:22:39.418965: Step 680: Cross entropy = 0.258501
I1009 18:22:39.418976 4564243904 retrain.py:1084] 2019-10-09 18:22:39.418965: Step 680: Cross entropy = 0.258501
INFO:tensorflow:2019-10-09 18:22:39.475116: Step 680: Validation accuracy = 50.0% (N=100)
I1009 18:22:39.475163 4564243904 retrain.py:1100] 2019-10-09 18:22:39.475116: Step 680: Validation accuracy = 50.0% (N=100)
INFO:tensorflow:2019-10-09 18:22:40.025260: Step 690: Train accuracy = 92.0%
I1009 18:22:40.025306 4564243904 retrain.py:1082] 2019-10-09 18:22:40.025260: Step 690: Train accuracy = 92.0%
INFO:tensorflow:2019-10-09 18:22:40.025414: Step 690: Cross entropy = 0.304619
I1009 18:22:40.025425 4564243904 retrain.py:1084] 2019-10-09 18:22:40.025414: Step 690: Cross entropy = 0.304619
INFO:tensorflow:2019-10-09 18:22:40.081026: Step 690: Validation accuracy = 53.0% (N=100)
I1009 18:22:40.081073 4564243904 retrain.py:1100] 2019-10-09 18:22:40.081026: Step 690: Validation accuracy = 53.0% (N=100)
INFO:tensorflow:2019-10-09 18:22:40.630736: Step 700: Train accuracy = 95.0%
I1009 18:22:40.630780 4564243904 retrain.py:1082] 2019-10-09 18:22:40.630736: Step 700: Train accuracy = 95.0%
INFO:tensorflow:2019-10-09 18:22:40.630889: Step 700: Cross entropy = 0.275281
I1009 18:22:40.630901 4564243904 retrain.py:1084] 2019-10-09 18:22:40.630889: Step 700: Cross entropy = 0.275281
INFO:tensorflow:2019-10-09 18:22:40.686750: Step 700: Validation accuracy = 54.0% (N=100)
I1009 18:22:40.686799 4564243904 retrain.py:1100] 2019-10-09 18:22:40.686750: Step 700: Validation accuracy = 54.0% (N=100)
INFO:tensorflow:2019-10-09 18:22:41.236532: Step 710: Train accuracy = 93.0%
I1009 18:22:41.236577 4564243904 retrain.py:1082] 2019-10-09 18:22:41.236532: Step 710: Train accuracy = 93.0%
INFO:tensorflow:2019-10-09 18:22:41.236687: Step 710: Cross entropy = 0.244012
I1009 18:22:41.236699 4564243904 retrain.py:1084] 2019-10-09 18:22:41.236687: Step 710: Cross entropy = 0.244012
INFO:tensorflow:2019-10-09 18:22:41.292892: Step 710: Validation accuracy = 39.0% (N=100)
I1009 18:22:41.292938 4564243904 retrain.py:1100] 2019-10-09 18:22:41.292892: Step 710: Validation accuracy = 39.0% (N=100)
INFO:tensorflow:2019-10-09 18:22:41.844302: Step 720: Train accuracy = 94.0%
I1009 18:22:41.844347 4564243904 retrain.py:1082] 2019-10-09 18:22:41.844302: Step 720: Train accuracy = 94.0%
INFO:tensorflow:2019-10-09 18:22:41.844493: Step 720: Cross entropy = 0.293751
I1009 18:22:41.844511 4564243904 retrain.py:1084] 2019-10-09 18:22:41.844493: Step 720: Cross entropy = 0.293751
INFO:tensorflow:2019-10-09 18:22:41.900571: Step 720: Validation accuracy = 50.0% (N=100)
I1009 18:22:41.900619 4564243904 retrain.py:1100] 2019-10-09 18:22:41.900571: Step 720: Validation accuracy = 50.0% (N=100)
INFO:tensorflow:2019-10-09 18:22:42.450452: Step 730: Train accuracy = 96.0%
I1009 18:22:42.450495 4564243904 retrain.py:1082] 2019-10-09 18:22:42.450452: Step 730: Train accuracy = 96.0%
INFO:tensorflow:2019-10-09 18:22:42.450603: Step 730: Cross entropy = 0.269181
I1009 18:22:42.450613 4564243904 retrain.py:1084] 2019-10-09 18:22:42.450603: Step 730: Cross entropy = 0.269181
INFO:tensorflow:2019-10-09 18:22:42.506196: Step 730: Validation accuracy = 53.0% (N=100)
I1009 18:22:42.506244 4564243904 retrain.py:1100] 2019-10-09 18:22:42.506196: Step 730: Validation accuracy = 53.0% (N=100)
INFO:tensorflow:2019-10-09 18:22:43.069450: Step 740: Train accuracy = 93.0%
I1009 18:22:43.069494 4564243904 retrain.py:1082] 2019-10-09 18:22:43.069450: Step 740: Train accuracy = 93.0%
INFO:tensorflow:2019-10-09 18:22:43.069602: Step 740: Cross entropy = 0.272676
I1009 18:22:43.069612 4564243904 retrain.py:1084] 2019-10-09 18:22:43.069602: Step 740: Cross entropy = 0.272676
INFO:tensorflow:2019-10-09 18:22:43.125121: Step 740: Validation accuracy = 49.0% (N=100)
I1009 18:22:43.125170 4564243904 retrain.py:1100] 2019-10-09 18:22:43.125121: Step 740: Validation accuracy = 49.0% (N=100)
INFO:tensorflow:2019-10-09 18:22:43.674393: Step 750: Train accuracy = 93.0%
I1009 18:22:43.674437 4564243904 retrain.py:1082] 2019-10-09 18:22:43.674393: Step 750: Train accuracy = 93.0%
INFO:tensorflow:2019-10-09 18:22:43.674549: Step 750: Cross entropy = 0.258509
I1009 18:22:43.674561 4564243904 retrain.py:1084] 2019-10-09 18:22:43.674549: Step 750: Cross entropy = 0.258509
INFO:tensorflow:2019-10-09 18:22:43.730054: Step 750: Validation accuracy = 48.0% (N=100)
I1009 18:22:43.730101 4564243904 retrain.py:1100] 2019-10-09 18:22:43.730054: Step 750: Validation accuracy = 48.0% (N=100)
INFO:tensorflow:2019-10-09 18:22:44.280600: Step 760: Train accuracy = 91.0%
I1009 18:22:44.280645 4564243904 retrain.py:1082] 2019-10-09 18:22:44.280600: Step 760: Train accuracy = 91.0%
INFO:tensorflow:2019-10-09 18:22:44.280752: Step 760: Cross entropy = 0.320476
I1009 18:22:44.280762 4564243904 retrain.py:1084] 2019-10-09 18:22:44.280752: Step 760: Cross entropy = 0.320476
INFO:tensorflow:2019-10-09 18:22:44.336973: Step 760: Validation accuracy = 46.0% (N=100)
I1009 18:22:44.337022 4564243904 retrain.py:1100] 2019-10-09 18:22:44.336973: Step 760: Validation accuracy = 46.0% (N=100)
INFO:tensorflow:2019-10-09 18:22:44.887522: Step 770: Train accuracy = 90.0%
I1009 18:22:44.887569 4564243904 retrain.py:1082] 2019-10-09 18:22:44.887522: Step 770: Train accuracy = 90.0%
INFO:tensorflow:2019-10-09 18:22:44.887683: Step 770: Cross entropy = 0.302009
I1009 18:22:44.887695 4564243904 retrain.py:1084] 2019-10-09 18:22:44.887683: Step 770: Cross entropy = 0.302009
INFO:tensorflow:2019-10-09 18:22:44.943143: Step 770: Validation accuracy = 52.0% (N=100)
I1009 18:22:44.943190 4564243904 retrain.py:1100] 2019-10-09 18:22:44.943143: Step 770: Validation accuracy = 52.0% (N=100)
INFO:tensorflow:2019-10-09 18:22:45.493040: Step 780: Train accuracy = 97.0%
I1009 18:22:45.493082 4564243904 retrain.py:1082] 2019-10-09 18:22:45.493040: Step 780: Train accuracy = 97.0%
INFO:tensorflow:2019-10-09 18:22:45.493191: Step 780: Cross entropy = 0.270182
I1009 18:22:45.493201 4564243904 retrain.py:1084] 2019-10-09 18:22:45.493191: Step 780: Cross entropy = 0.270182
INFO:tensorflow:2019-10-09 18:22:45.548673: Step 780: Validation accuracy = 45.0% (N=100)
I1009 18:22:45.548719 4564243904 retrain.py:1100] 2019-10-09 18:22:45.548673: Step 780: Validation accuracy = 45.0% (N=100)
INFO:tensorflow:2019-10-09 18:22:46.098405: Step 790: Train accuracy = 94.0%
I1009 18:22:46.098449 4564243904 retrain.py:1082] 2019-10-09 18:22:46.098405: Step 790: Train accuracy = 94.0%
INFO:tensorflow:2019-10-09 18:22:46.098563: Step 790: Cross entropy = 0.250187
I1009 18:22:46.098575 4564243904 retrain.py:1084] 2019-10-09 18:22:46.098563: Step 790: Cross entropy = 0.250187
INFO:tensorflow:2019-10-09 18:22:46.154560: Step 790: Validation accuracy = 46.0% (N=100)
I1009 18:22:46.154608 4564243904 retrain.py:1100] 2019-10-09 18:22:46.154560: Step 790: Validation accuracy = 46.0% (N=100)
INFO:tensorflow:2019-10-09 18:22:46.704922: Step 800: Train accuracy = 98.0%
I1009 18:22:46.704965 4564243904 retrain.py:1082] 2019-10-09 18:22:46.704922: Step 800: Train accuracy = 98.0%
INFO:tensorflow:2019-10-09 18:22:46.705072: Step 800: Cross entropy = 0.241302
I1009 18:22:46.705082 4564243904 retrain.py:1084] 2019-10-09 18:22:46.705072: Step 800: Cross entropy = 0.241302
INFO:tensorflow:2019-10-09 18:22:46.760756: Step 800: Validation accuracy = 40.0% (N=100)
I1009 18:22:46.760802 4564243904 retrain.py:1100] 2019-10-09 18:22:46.760756: Step 800: Validation accuracy = 40.0% (N=100)
INFO:tensorflow:2019-10-09 18:22:47.312276: Step 810: Train accuracy = 96.0%
I1009 18:22:47.312319 4564243904 retrain.py:1082] 2019-10-09 18:22:47.312276: Step 810: Train accuracy = 96.0%
INFO:tensorflow:2019-10-09 18:22:47.312429: Step 810: Cross entropy = 0.244500
I1009 18:22:47.312440 4564243904 retrain.py:1084] 2019-10-09 18:22:47.312429: Step 810: Cross entropy = 0.244500
INFO:tensorflow:2019-10-09 18:22:47.368849: Step 810: Validation accuracy = 49.0% (N=100)
I1009 18:22:47.368896 4564243904 retrain.py:1100] 2019-10-09 18:22:47.368849: Step 810: Validation accuracy = 49.0% (N=100)
INFO:tensorflow:2019-10-09 18:22:47.918703: Step 820: Train accuracy = 96.0%
I1009 18:22:47.918746 4564243904 retrain.py:1082] 2019-10-09 18:22:47.918703: Step 820: Train accuracy = 96.0%
INFO:tensorflow:2019-10-09 18:22:47.918858: Step 820: Cross entropy = 0.248843
I1009 18:22:47.918869 4564243904 retrain.py:1084] 2019-10-09 18:22:47.918858: Step 820: Cross entropy = 0.248843
INFO:tensorflow:2019-10-09 18:22:47.974610: Step 820: Validation accuracy = 52.0% (N=100)
I1009 18:22:47.974658 4564243904 retrain.py:1100] 2019-10-09 18:22:47.974610: Step 820: Validation accuracy = 52.0% (N=100)
INFO:tensorflow:2019-10-09 18:22:48.526475: Step 830: Train accuracy = 94.0%
I1009 18:22:48.526519 4564243904 retrain.py:1082] 2019-10-09 18:22:48.526475: Step 830: Train accuracy = 94.0%
INFO:tensorflow:2019-10-09 18:22:48.526627: Step 830: Cross entropy = 0.249822
I1009 18:22:48.526637 4564243904 retrain.py:1084] 2019-10-09 18:22:48.526627: Step 830: Cross entropy = 0.249822
INFO:tensorflow:2019-10-09 18:22:48.582166: Step 830: Validation accuracy = 44.0% (N=100)
I1009 18:22:48.582214 4564243904 retrain.py:1100] 2019-10-09 18:22:48.582166: Step 830: Validation accuracy = 44.0% (N=100)
INFO:tensorflow:2019-10-09 18:22:49.132416: Step 840: Train accuracy = 97.0%
I1009 18:22:49.132462 4564243904 retrain.py:1082] 2019-10-09 18:22:49.132416: Step 840: Train accuracy = 97.0%
INFO:tensorflow:2019-10-09 18:22:49.132571: Step 840: Cross entropy = 0.231175
I1009 18:22:49.132581 4564243904 retrain.py:1084] 2019-10-09 18:22:49.132571: Step 840: Cross entropy = 0.231175
INFO:tensorflow:2019-10-09 18:22:49.188280: Step 840: Validation accuracy = 40.0% (N=100)
I1009 18:22:49.188326 4564243904 retrain.py:1100] 2019-10-09 18:22:49.188280: Step 840: Validation accuracy = 40.0% (N=100)
INFO:tensorflow:2019-10-09 18:22:49.739084: Step 850: Train accuracy = 100.0%
I1009 18:22:49.739128 4564243904 retrain.py:1082] 2019-10-09 18:22:49.739084: Step 850: Train accuracy = 100.0%
INFO:tensorflow:2019-10-09 18:22:49.739235: Step 850: Cross entropy = 0.213734
I1009 18:22:49.739246 4564243904 retrain.py:1084] 2019-10-09 18:22:49.739235: Step 850: Cross entropy = 0.213734
INFO:tensorflow:2019-10-09 18:22:49.795443: Step 850: Validation accuracy = 58.0% (N=100)
I1009 18:22:49.795490 4564243904 retrain.py:1100] 2019-10-09 18:22:49.795443: Step 850: Validation accuracy = 58.0% (N=100)
INFO:tensorflow:2019-10-09 18:22:50.345580: Step 860: Train accuracy = 94.0%
I1009 18:22:50.345626 4564243904 retrain.py:1082] 2019-10-09 18:22:50.345580: Step 860: Train accuracy = 94.0%
INFO:tensorflow:2019-10-09 18:22:50.345732: Step 860: Cross entropy = 0.248088
I1009 18:22:50.345743 4564243904 retrain.py:1084] 2019-10-09 18:22:50.345732: Step 860: Cross entropy = 0.248088
INFO:tensorflow:2019-10-09 18:22:50.401335: Step 860: Validation accuracy = 52.0% (N=100)
I1009 18:22:50.401382 4564243904 retrain.py:1100] 2019-10-09 18:22:50.401335: Step 860: Validation accuracy = 52.0% (N=100)
INFO:tensorflow:2019-10-09 18:22:50.952141: Step 870: Train accuracy = 98.0%
I1009 18:22:50.952186 4564243904 retrain.py:1082] 2019-10-09 18:22:50.952141: Step 870: Train accuracy = 98.0%
INFO:tensorflow:2019-10-09 18:22:50.952297: Step 870: Cross entropy = 0.225104
I1009 18:22:50.952308 4564243904 retrain.py:1084] 2019-10-09 18:22:50.952297: Step 870: Cross entropy = 0.225104
INFO:tensorflow:2019-10-09 18:22:51.008279: Step 870: Validation accuracy = 44.0% (N=100)
I1009 18:22:51.008324 4564243904 retrain.py:1100] 2019-10-09 18:22:51.008279: Step 870: Validation accuracy = 44.0% (N=100)
INFO:tensorflow:2019-10-09 18:22:51.557592: Step 880: Train accuracy = 97.0%
I1009 18:22:51.557647 4564243904 retrain.py:1082] 2019-10-09 18:22:51.557592: Step 880: Train accuracy = 97.0%
INFO:tensorflow:2019-10-09 18:22:51.557773: Step 880: Cross entropy = 0.228021
I1009 18:22:51.557785 4564243904 retrain.py:1084] 2019-10-09 18:22:51.557773: Step 880: Cross entropy = 0.228021
INFO:tensorflow:2019-10-09 18:22:51.613792: Step 880: Validation accuracy = 53.0% (N=100)
I1009 18:22:51.613839 4564243904 retrain.py:1100] 2019-10-09 18:22:51.613792: Step 880: Validation accuracy = 53.0% (N=100)
INFO:tensorflow:2019-10-09 18:22:52.165397: Step 890: Train accuracy = 94.0%
I1009 18:22:52.165441 4564243904 retrain.py:1082] 2019-10-09 18:22:52.165397: Step 890: Train accuracy = 94.0%
INFO:tensorflow:2019-10-09 18:22:52.165548: Step 890: Cross entropy = 0.243222
I1009 18:22:52.165559 4564243904 retrain.py:1084] 2019-10-09 18:22:52.165548: Step 890: Cross entropy = 0.243222
INFO:tensorflow:2019-10-09 18:22:52.221656: Step 890: Validation accuracy = 47.0% (N=100)
I1009 18:22:52.221704 4564243904 retrain.py:1100] 2019-10-09 18:22:52.221656: Step 890: Validation accuracy = 47.0% (N=100)
INFO:tensorflow:2019-10-09 18:22:52.772498: Step 900: Train accuracy = 96.0%
I1009 18:22:52.772541 4564243904 retrain.py:1082] 2019-10-09 18:22:52.772498: Step 900: Train accuracy = 96.0%
INFO:tensorflow:2019-10-09 18:22:52.772652: Step 900: Cross entropy = 0.252453
I1009 18:22:52.772663 4564243904 retrain.py:1084] 2019-10-09 18:22:52.772652: Step 900: Cross entropy = 0.252453
INFO:tensorflow:2019-10-09 18:22:52.829365: Step 900: Validation accuracy = 55.0% (N=100)
I1009 18:22:52.829411 4564243904 retrain.py:1100] 2019-10-09 18:22:52.829365: Step 900: Validation accuracy = 55.0% (N=100)
INFO:tensorflow:2019-10-09 18:22:53.380556: Step 910: Train accuracy = 99.0%
I1009 18:22:53.380602 4564243904 retrain.py:1082] 2019-10-09 18:22:53.380556: Step 910: Train accuracy = 99.0%
INFO:tensorflow:2019-10-09 18:22:53.380720: Step 910: Cross entropy = 0.242447
I1009 18:22:53.380733 4564243904 retrain.py:1084] 2019-10-09 18:22:53.380720: Step 910: Cross entropy = 0.242447
INFO:tensorflow:2019-10-09 18:22:53.436339: Step 910: Validation accuracy = 50.0% (N=100)
I1009 18:22:53.436386 4564243904 retrain.py:1100] 2019-10-09 18:22:53.436339: Step 910: Validation accuracy = 50.0% (N=100)
INFO:tensorflow:2019-10-09 18:22:53.986458: Step 920: Train accuracy = 97.0%
I1009 18:22:53.986505 4564243904 retrain.py:1082] 2019-10-09 18:22:53.986458: Step 920: Train accuracy = 97.0%
INFO:tensorflow:2019-10-09 18:22:53.986617: Step 920: Cross entropy = 0.217652
I1009 18:22:53.986628 4564243904 retrain.py:1084] 2019-10-09 18:22:53.986617: Step 920: Cross entropy = 0.217652
INFO:tensorflow:2019-10-09 18:22:54.042655: Step 920: Validation accuracy = 52.0% (N=100)
I1009 18:22:54.042700 4564243904 retrain.py:1100] 2019-10-09 18:22:54.042655: Step 920: Validation accuracy = 52.0% (N=100)
INFO:tensorflow:2019-10-09 18:22:54.591765: Step 930: Train accuracy = 93.0%
I1009 18:22:54.591811 4564243904 retrain.py:1082] 2019-10-09 18:22:54.591765: Step 930: Train accuracy = 93.0%
INFO:tensorflow:2019-10-09 18:22:54.591920: Step 930: Cross entropy = 0.247086
I1009 18:22:54.591931 4564243904 retrain.py:1084] 2019-10-09 18:22:54.591920: Step 930: Cross entropy = 0.247086
INFO:tensorflow:2019-10-09 18:22:54.647565: Step 930: Validation accuracy = 46.0% (N=100)
I1009 18:22:54.647612 4564243904 retrain.py:1100] 2019-10-09 18:22:54.647565: Step 930: Validation accuracy = 46.0% (N=100)
INFO:tensorflow:2019-10-09 18:22:55.199117: Step 940: Train accuracy = 98.0%
I1009 18:22:55.199161 4564243904 retrain.py:1082] 2019-10-09 18:22:55.199117: Step 940: Train accuracy = 98.0%
INFO:tensorflow:2019-10-09 18:22:55.199270: Step 940: Cross entropy = 0.237907
I1009 18:22:55.199295 4564243904 retrain.py:1084] 2019-10-09 18:22:55.199270: Step 940: Cross entropy = 0.237907
INFO:tensorflow:2019-10-09 18:22:55.254891: Step 940: Validation accuracy = 51.0% (N=100)
I1009 18:22:55.254938 4564243904 retrain.py:1100] 2019-10-09 18:22:55.254891: Step 940: Validation accuracy = 51.0% (N=100)
INFO:tensorflow:2019-10-09 18:22:55.805055: Step 950: Train accuracy = 93.0%
I1009 18:22:55.805099 4564243904 retrain.py:1082] 2019-10-09 18:22:55.805055: Step 950: Train accuracy = 93.0%
INFO:tensorflow:2019-10-09 18:22:55.805207: Step 950: Cross entropy = 0.261309
I1009 18:22:55.805217 4564243904 retrain.py:1084] 2019-10-09 18:22:55.805207: Step 950: Cross entropy = 0.261309
INFO:tensorflow:2019-10-09 18:22:55.861361: Step 950: Validation accuracy = 52.0% (N=100)
I1009 18:22:55.861411 4564243904 retrain.py:1100] 2019-10-09 18:22:55.861361: Step 950: Validation accuracy = 52.0% (N=100)
INFO:tensorflow:2019-10-09 18:22:56.412002: Step 960: Train accuracy = 92.0%
I1009 18:22:56.412079 4564243904 retrain.py:1082] 2019-10-09 18:22:56.412002: Step 960: Train accuracy = 92.0%
INFO:tensorflow:2019-10-09 18:22:56.412214: Step 960: Cross entropy = 0.280136
I1009 18:22:56.412225 4564243904 retrain.py:1084] 2019-10-09 18:22:56.412214: Step 960: Cross entropy = 0.280136
INFO:tensorflow:2019-10-09 18:22:56.467842: Step 960: Validation accuracy = 47.0% (N=100)
I1009 18:22:56.467888 4564243904 retrain.py:1100] 2019-10-09 18:22:56.467842: Step 960: Validation accuracy = 47.0% (N=100)
INFO:tensorflow:2019-10-09 18:22:57.019525: Step 970: Train accuracy = 93.0%
I1009 18:22:57.019568 4564243904 retrain.py:1082] 2019-10-09 18:22:57.019525: Step 970: Train accuracy = 93.0%
INFO:tensorflow:2019-10-09 18:22:57.019680: Step 970: Cross entropy = 0.254372
I1009 18:22:57.019691 4564243904 retrain.py:1084] 2019-10-09 18:22:57.019680: Step 970: Cross entropy = 0.254372
INFO:tensorflow:2019-10-09 18:22:57.075910: Step 970: Validation accuracy = 51.0% (N=100)
I1009 18:22:57.075953 4564243904 retrain.py:1100] 2019-10-09 18:22:57.075910: Step 970: Validation accuracy = 51.0% (N=100)
INFO:tensorflow:2019-10-09 18:22:57.627636: Step 980: Train accuracy = 93.0%
I1009 18:22:57.627680 4564243904 retrain.py:1082] 2019-10-09 18:22:57.627636: Step 980: Train accuracy = 93.0%
INFO:tensorflow:2019-10-09 18:22:57.627789: Step 980: Cross entropy = 0.245209
I1009 18:22:57.627801 4564243904 retrain.py:1084] 2019-10-09 18:22:57.627789: Step 980: Cross entropy = 0.245209
INFO:tensorflow:2019-10-09 18:22:57.683771: Step 980: Validation accuracy = 54.0% (N=100)
I1009 18:22:57.683818 4564243904 retrain.py:1100] 2019-10-09 18:22:57.683771: Step 980: Validation accuracy = 54.0% (N=100)
INFO:tensorflow:2019-10-09 18:22:58.234597: Step 990: Train accuracy = 97.0%
I1009 18:22:58.234640 4564243904 retrain.py:1082] 2019-10-09 18:22:58.234597: Step 990: Train accuracy = 97.0%
INFO:tensorflow:2019-10-09 18:22:58.234751: Step 990: Cross entropy = 0.232798
I1009 18:22:58.234761 4564243904 retrain.py:1084] 2019-10-09 18:22:58.234751: Step 990: Cross entropy = 0.232798
INFO:tensorflow:2019-10-09 18:22:58.290286: Step 990: Validation accuracy = 61.0% (N=100)
I1009 18:22:58.290334 4564243904 retrain.py:1100] 2019-10-09 18:22:58.290286: Step 990: Validation accuracy = 61.0% (N=100)
INFO:tensorflow:2019-10-09 18:22:58.842874: Step 1000: Train accuracy = 96.0%
I1009 18:22:58.842917 4564243904 retrain.py:1082] 2019-10-09 18:22:58.842874: Step 1000: Train accuracy = 96.0%
INFO:tensorflow:2019-10-09 18:22:58.843026: Step 1000: Cross entropy = 0.234281
I1009 18:22:58.843035 4564243904 retrain.py:1084] 2019-10-09 18:22:58.843026: Step 1000: Cross entropy = 0.234281
INFO:tensorflow:2019-10-09 18:22:58.898549: Step 1000: Validation accuracy = 54.0% (N=100)
I1009 18:22:58.898596 4564243904 retrain.py:1100] 2019-10-09 18:22:58.898549: Step 1000: Validation accuracy = 54.0% (N=100)
INFO:tensorflow:2019-10-09 18:22:59.449471: Step 1010: Train accuracy = 94.0%
I1009 18:22:59.449513 4564243904 retrain.py:1082] 2019-10-09 18:22:59.449471: Step 1010: Train accuracy = 94.0%
INFO:tensorflow:2019-10-09 18:22:59.449622: Step 1010: Cross entropy = 0.260655
I1009 18:22:59.449631 4564243904 retrain.py:1084] 2019-10-09 18:22:59.449622: Step 1010: Cross entropy = 0.260655
INFO:tensorflow:2019-10-09 18:22:59.505157: Step 1010: Validation accuracy = 45.0% (N=100)
I1009 18:22:59.505203 4564243904 retrain.py:1100] 2019-10-09 18:22:59.505157: Step 1010: Validation accuracy = 45.0% (N=100)
INFO:tensorflow:2019-10-09 18:23:00.056300: Step 1020: Train accuracy = 95.0%
I1009 18:23:00.056344 4564243904 retrain.py:1082] 2019-10-09 18:23:00.056300: Step 1020: Train accuracy = 95.0%
INFO:tensorflow:2019-10-09 18:23:00.056456: Step 1020: Cross entropy = 0.225605
I1009 18:23:00.056467 4564243904 retrain.py:1084] 2019-10-09 18:23:00.056456: Step 1020: Cross entropy = 0.225605
INFO:tensorflow:2019-10-09 18:23:00.112314: Step 1020: Validation accuracy = 51.0% (N=100)
I1009 18:23:00.112361 4564243904 retrain.py:1100] 2019-10-09 18:23:00.112314: Step 1020: Validation accuracy = 51.0% (N=100)
INFO:tensorflow:2019-10-09 18:23:00.663178: Step 1030: Train accuracy = 97.0%
I1009 18:23:00.663222 4564243904 retrain.py:1082] 2019-10-09 18:23:00.663178: Step 1030: Train accuracy = 97.0%
INFO:tensorflow:2019-10-09 18:23:00.663330: Step 1030: Cross entropy = 0.217003
I1009 18:23:00.663341 4564243904 retrain.py:1084] 2019-10-09 18:23:00.663330: Step 1030: Cross entropy = 0.217003
INFO:tensorflow:2019-10-09 18:23:00.719070: Step 1030: Validation accuracy = 51.0% (N=100)
I1009 18:23:00.719117 4564243904 retrain.py:1100] 2019-10-09 18:23:00.719070: Step 1030: Validation accuracy = 51.0% (N=100)
INFO:tensorflow:2019-10-09 18:23:01.269515: Step 1040: Train accuracy = 96.0%
I1009 18:23:01.269560 4564243904 retrain.py:1082] 2019-10-09 18:23:01.269515: Step 1040: Train accuracy = 96.0%
INFO:tensorflow:2019-10-09 18:23:01.269669: Step 1040: Cross entropy = 0.266578
I1009 18:23:01.269679 4564243904 retrain.py:1084] 2019-10-09 18:23:01.269669: Step 1040: Cross entropy = 0.266578
INFO:tensorflow:2019-10-09 18:23:01.326016: Step 1040: Validation accuracy = 44.0% (N=100)
I1009 18:23:01.326067 4564243904 retrain.py:1100] 2019-10-09 18:23:01.326016: Step 1040: Validation accuracy = 44.0% (N=100)
INFO:tensorflow:2019-10-09 18:23:01.877911: Step 1050: Train accuracy = 95.0%
I1009 18:23:01.877954 4564243904 retrain.py:1082] 2019-10-09 18:23:01.877911: Step 1050: Train accuracy = 95.0%
INFO:tensorflow:2019-10-09 18:23:01.878065: Step 1050: Cross entropy = 0.225178
I1009 18:23:01.878074 4564243904 retrain.py:1084] 2019-10-09 18:23:01.878065: Step 1050: Cross entropy = 0.225178
INFO:tensorflow:2019-10-09 18:23:01.933859: Step 1050: Validation accuracy = 41.0% (N=100)
I1009 18:23:01.933907 4564243904 retrain.py:1100] 2019-10-09 18:23:01.933859: Step 1050: Validation accuracy = 41.0% (N=100)
INFO:tensorflow:2019-10-09 18:23:02.485841: Step 1060: Train accuracy = 93.0%
I1009 18:23:02.485887 4564243904 retrain.py:1082] 2019-10-09 18:23:02.485841: Step 1060: Train accuracy = 93.0%
INFO:tensorflow:2019-10-09 18:23:02.486012: Step 1060: Cross entropy = 0.258556
I1009 18:23:02.486027 4564243904 retrain.py:1084] 2019-10-09 18:23:02.486012: Step 1060: Cross entropy = 0.258556
INFO:tensorflow:2019-10-09 18:23:02.541796: Step 1060: Validation accuracy = 46.0% (N=100)
I1009 18:23:02.541839 4564243904 retrain.py:1100] 2019-10-09 18:23:02.541796: Step 1060: Validation accuracy = 46.0% (N=100)
INFO:tensorflow:2019-10-09 18:23:03.093126: Step 1070: Train accuracy = 95.0%
I1009 18:23:03.093169 4564243904 retrain.py:1082] 2019-10-09 18:23:03.093126: Step 1070: Train accuracy = 95.0%
INFO:tensorflow:2019-10-09 18:23:03.093280: Step 1070: Cross entropy = 0.226589
I1009 18:23:03.093291 4564243904 retrain.py:1084] 2019-10-09 18:23:03.093280: Step 1070: Cross entropy = 0.226589
INFO:tensorflow:2019-10-09 18:23:03.149104: Step 1070: Validation accuracy = 44.0% (N=100)
I1009 18:23:03.149152 4564243904 retrain.py:1100] 2019-10-09 18:23:03.149104: Step 1070: Validation accuracy = 44.0% (N=100)
INFO:tensorflow:2019-10-09 18:23:03.700555: Step 1080: Train accuracy = 96.0%
I1009 18:23:03.700598 4564243904 retrain.py:1082] 2019-10-09 18:23:03.700555: Step 1080: Train accuracy = 96.0%
INFO:tensorflow:2019-10-09 18:23:03.700706: Step 1080: Cross entropy = 0.212651
I1009 18:23:03.700716 4564243904 retrain.py:1084] 2019-10-09 18:23:03.700706: Step 1080: Cross entropy = 0.212651
INFO:tensorflow:2019-10-09 18:23:03.756513: Step 1080: Validation accuracy = 45.0% (N=100)
I1009 18:23:03.756559 4564243904 retrain.py:1100] 2019-10-09 18:23:03.756513: Step 1080: Validation accuracy = 45.0% (N=100)
INFO:tensorflow:2019-10-09 18:23:04.309252: Step 1090: Train accuracy = 97.0%
I1009 18:23:04.309309 4564243904 retrain.py:1082] 2019-10-09 18:23:04.309252: Step 1090: Train accuracy = 97.0%
INFO:tensorflow:2019-10-09 18:23:04.309432: Step 1090: Cross entropy = 0.215356
I1009 18:23:04.309442 4564243904 retrain.py:1084] 2019-10-09 18:23:04.309432: Step 1090: Cross entropy = 0.215356
INFO:tensorflow:2019-10-09 18:23:04.365752: Step 1090: Validation accuracy = 56.0% (N=100)
I1009 18:23:04.365799 4564243904 retrain.py:1100] 2019-10-09 18:23:04.365752: Step 1090: Validation accuracy = 56.0% (N=100)
INFO:tensorflow:2019-10-09 18:23:04.916693: Step 1100: Train accuracy = 96.0%
I1009 18:23:04.916738 4564243904 retrain.py:1082] 2019-10-09 18:23:04.916693: Step 1100: Train accuracy = 96.0%
INFO:tensorflow:2019-10-09 18:23:04.916845: Step 1100: Cross entropy = 0.208453
I1009 18:23:04.916856 4564243904 retrain.py:1084] 2019-10-09 18:23:04.916845: Step 1100: Cross entropy = 0.208453
INFO:tensorflow:2019-10-09 18:23:04.972510: Step 1100: Validation accuracy = 55.0% (N=100)
I1009 18:23:04.972558 4564243904 retrain.py:1100] 2019-10-09 18:23:04.972510: Step 1100: Validation accuracy = 55.0% (N=100)
INFO:tensorflow:2019-10-09 18:23:05.523957: Step 1110: Train accuracy = 96.0%
I1009 18:23:05.524002 4564243904 retrain.py:1082] 2019-10-09 18:23:05.523957: Step 1110: Train accuracy = 96.0%
INFO:tensorflow:2019-10-09 18:23:05.524106: Step 1110: Cross entropy = 0.217301
I1009 18:23:05.524116 4564243904 retrain.py:1084] 2019-10-09 18:23:05.524106: Step 1110: Cross entropy = 0.217301
INFO:tensorflow:2019-10-09 18:23:05.580021: Step 1110: Validation accuracy = 47.0% (N=100)
I1009 18:23:05.580069 4564243904 retrain.py:1100] 2019-10-09 18:23:05.580021: Step 1110: Validation accuracy = 47.0% (N=100)
INFO:tensorflow:2019-10-09 18:23:06.131630: Step 1120: Train accuracy = 97.0%
I1009 18:23:06.131674 4564243904 retrain.py:1082] 2019-10-09 18:23:06.131630: Step 1120: Train accuracy = 97.0%
INFO:tensorflow:2019-10-09 18:23:06.131818: Step 1120: Cross entropy = 0.197669
I1009 18:23:06.131836 4564243904 retrain.py:1084] 2019-10-09 18:23:06.131818: Step 1120: Cross entropy = 0.197669
INFO:tensorflow:2019-10-09 18:23:06.187460: Step 1120: Validation accuracy = 49.0% (N=100)
I1009 18:23:06.187509 4564243904 retrain.py:1100] 2019-10-09 18:23:06.187460: Step 1120: Validation accuracy = 49.0% (N=100)
INFO:tensorflow:2019-10-09 18:23:06.739052: Step 1130: Train accuracy = 96.0%
I1009 18:23:06.739097 4564243904 retrain.py:1082] 2019-10-09 18:23:06.739052: Step 1130: Train accuracy = 96.0%
INFO:tensorflow:2019-10-09 18:23:06.739205: Step 1130: Cross entropy = 0.190523
I1009 18:23:06.739215 4564243904 retrain.py:1084] 2019-10-09 18:23:06.739205: Step 1130: Cross entropy = 0.190523
INFO:tensorflow:2019-10-09 18:23:06.794849: Step 1130: Validation accuracy = 50.0% (N=100)
I1009 18:23:06.794905 4564243904 retrain.py:1100] 2019-10-09 18:23:06.794849: Step 1130: Validation accuracy = 50.0% (N=100)
INFO:tensorflow:2019-10-09 18:23:07.346503: Step 1140: Train accuracy = 97.0%
I1009 18:23:07.346546 4564243904 retrain.py:1082] 2019-10-09 18:23:07.346503: Step 1140: Train accuracy = 97.0%
INFO:tensorflow:2019-10-09 18:23:07.346654: Step 1140: Cross entropy = 0.203074
I1009 18:23:07.346663 4564243904 retrain.py:1084] 2019-10-09 18:23:07.346654: Step 1140: Cross entropy = 0.203074
INFO:tensorflow:2019-10-09 18:23:07.402637: Step 1140: Validation accuracy = 41.0% (N=100)
I1009 18:23:07.402681 4564243904 retrain.py:1100] 2019-10-09 18:23:07.402637: Step 1140: Validation accuracy = 41.0% (N=100)
INFO:tensorflow:2019-10-09 18:23:07.953966: Step 1150: Train accuracy = 94.0%
I1009 18:23:07.954010 4564243904 retrain.py:1082] 2019-10-09 18:23:07.953966: Step 1150: Train accuracy = 94.0%
INFO:tensorflow:2019-10-09 18:23:07.954119: Step 1150: Cross entropy = 0.225826
I1009 18:23:07.954130 4564243904 retrain.py:1084] 2019-10-09 18:23:07.954119: Step 1150: Cross entropy = 0.225826
INFO:tensorflow:2019-10-09 18:23:08.009732: Step 1150: Validation accuracy = 55.0% (N=100)
I1009 18:23:08.009778 4564243904 retrain.py:1100] 2019-10-09 18:23:08.009732: Step 1150: Validation accuracy = 55.0% (N=100)
INFO:tensorflow:2019-10-09 18:23:08.561990: Step 1160: Train accuracy = 97.0%
I1009 18:23:08.562046 4564243904 retrain.py:1082] 2019-10-09 18:23:08.561990: Step 1160: Train accuracy = 97.0%
INFO:tensorflow:2019-10-09 18:23:08.562218: Step 1160: Cross entropy = 0.196371
I1009 18:23:08.562255 4564243904 retrain.py:1084] 2019-10-09 18:23:08.562218: Step 1160: Cross entropy = 0.196371
INFO:tensorflow:2019-10-09 18:23:08.618215: Step 1160: Validation accuracy = 39.0% (N=100)
I1009 18:23:08.618262 4564243904 retrain.py:1100] 2019-10-09 18:23:08.618215: Step 1160: Validation accuracy = 39.0% (N=100)
INFO:tensorflow:2019-10-09 18:23:09.169691: Step 1170: Train accuracy = 95.0%
I1009 18:23:09.169733 4564243904 retrain.py:1082] 2019-10-09 18:23:09.169691: Step 1170: Train accuracy = 95.0%
INFO:tensorflow:2019-10-09 18:23:09.169840: Step 1170: Cross entropy = 0.230389
I1009 18:23:09.169850 4564243904 retrain.py:1084] 2019-10-09 18:23:09.169840: Step 1170: Cross entropy = 0.230389
INFO:tensorflow:2019-10-09 18:23:09.225432: Step 1170: Validation accuracy = 42.0% (N=100)
I1009 18:23:09.225478 4564243904 retrain.py:1100] 2019-10-09 18:23:09.225432: Step 1170: Validation accuracy = 42.0% (N=100)
INFO:tensorflow:2019-10-09 18:23:09.776739: Step 1180: Train accuracy = 97.0%
I1009 18:23:09.776783 4564243904 retrain.py:1082] 2019-10-09 18:23:09.776739: Step 1180: Train accuracy = 97.0%
INFO:tensorflow:2019-10-09 18:23:09.776893: Step 1180: Cross entropy = 0.206910
I1009 18:23:09.776905 4564243904 retrain.py:1084] 2019-10-09 18:23:09.776893: Step 1180: Cross entropy = 0.206910
INFO:tensorflow:2019-10-09 18:23:09.833171: Step 1180: Validation accuracy = 51.0% (N=100)
I1009 18:23:09.833220 4564243904 retrain.py:1100] 2019-10-09 18:23:09.833171: Step 1180: Validation accuracy = 51.0% (N=100)
INFO:tensorflow:2019-10-09 18:23:10.384139: Step 1190: Train accuracy = 97.0%
I1009 18:23:10.384184 4564243904 retrain.py:1082] 2019-10-09 18:23:10.384139: Step 1190: Train accuracy = 97.0%
INFO:tensorflow:2019-10-09 18:23:10.384292: Step 1190: Cross entropy = 0.204205
I1009 18:23:10.384303 4564243904 retrain.py:1084] 2019-10-09 18:23:10.384292: Step 1190: Cross entropy = 0.204205
INFO:tensorflow:2019-10-09 18:23:10.440223: Step 1190: Validation accuracy = 49.0% (N=100)
I1009 18:23:10.440271 4564243904 retrain.py:1100] 2019-10-09 18:23:10.440223: Step 1190: Validation accuracy = 49.0% (N=100)
INFO:tensorflow:2019-10-09 18:23:10.990677: Step 1200: Train accuracy = 94.0%
I1009 18:23:10.990720 4564243904 retrain.py:1082] 2019-10-09 18:23:10.990677: Step 1200: Train accuracy = 94.0%
INFO:tensorflow:2019-10-09 18:23:10.990828: Step 1200: Cross entropy = 0.206726
I1009 18:23:10.990839 4564243904 retrain.py:1084] 2019-10-09 18:23:10.990828: Step 1200: Cross entropy = 0.206726
INFO:tensorflow:2019-10-09 18:23:11.046953: Step 1200: Validation accuracy = 52.0% (N=100)
I1009 18:23:11.047001 4564243904 retrain.py:1100] 2019-10-09 18:23:11.046953: Step 1200: Validation accuracy = 52.0% (N=100)
INFO:tensorflow:2019-10-09 18:23:11.599403: Step 1210: Train accuracy = 98.0%
I1009 18:23:11.599447 4564243904 retrain.py:1082] 2019-10-09 18:23:11.599403: Step 1210: Train accuracy = 98.0%
INFO:tensorflow:2019-10-09 18:23:11.599555: Step 1210: Cross entropy = 0.192356
I1009 18:23:11.599565 4564243904 retrain.py:1084] 2019-10-09 18:23:11.599555: Step 1210: Cross entropy = 0.192356
INFO:tensorflow:2019-10-09 18:23:11.655625: Step 1210: Validation accuracy = 47.0% (N=100)
I1009 18:23:11.655674 4564243904 retrain.py:1100] 2019-10-09 18:23:11.655625: Step 1210: Validation accuracy = 47.0% (N=100)
INFO:tensorflow:2019-10-09 18:23:12.206755: Step 1220: Train accuracy = 96.0%
I1009 18:23:12.206810 4564243904 retrain.py:1082] 2019-10-09 18:23:12.206755: Step 1220: Train accuracy = 96.0%
INFO:tensorflow:2019-10-09 18:23:12.206934: Step 1220: Cross entropy = 0.197924
I1009 18:23:12.206964 4564243904 retrain.py:1084] 2019-10-09 18:23:12.206934: Step 1220: Cross entropy = 0.197924
INFO:tensorflow:2019-10-09 18:23:12.262926: Step 1220: Validation accuracy = 48.0% (N=100)
I1009 18:23:12.262974 4564243904 retrain.py:1100] 2019-10-09 18:23:12.262926: Step 1220: Validation accuracy = 48.0% (N=100)
INFO:tensorflow:2019-10-09 18:23:12.818131: Step 1230: Train accuracy = 97.0%
I1009 18:23:12.818176 4564243904 retrain.py:1082] 2019-10-09 18:23:12.818131: Step 1230: Train accuracy = 97.0%
INFO:tensorflow:2019-10-09 18:23:12.818284: Step 1230: Cross entropy = 0.194654
I1009 18:23:12.818295 4564243904 retrain.py:1084] 2019-10-09 18:23:12.818284: Step 1230: Cross entropy = 0.194654
INFO:tensorflow:2019-10-09 18:23:12.875802: Step 1230: Validation accuracy = 49.0% (N=100)
I1009 18:23:12.875849 4564243904 retrain.py:1100] 2019-10-09 18:23:12.875802: Step 1230: Validation accuracy = 49.0% (N=100)
INFO:tensorflow:2019-10-09 18:23:13.428290: Step 1240: Train accuracy = 93.0%
I1009 18:23:13.428335 4564243904 retrain.py:1082] 2019-10-09 18:23:13.428290: Step 1240: Train accuracy = 93.0%
INFO:tensorflow:2019-10-09 18:23:13.428441: Step 1240: Cross entropy = 0.232177
I1009 18:23:13.428452 4564243904 retrain.py:1084] 2019-10-09 18:23:13.428441: Step 1240: Cross entropy = 0.232177
INFO:tensorflow:2019-10-09 18:23:13.484113: Step 1240: Validation accuracy = 55.0% (N=100)
I1009 18:23:13.484161 4564243904 retrain.py:1100] 2019-10-09 18:23:13.484113: Step 1240: Validation accuracy = 55.0% (N=100)
INFO:tensorflow:2019-10-09 18:23:14.035905: Step 1250: Train accuracy = 99.0%
I1009 18:23:14.035948 4564243904 retrain.py:1082] 2019-10-09 18:23:14.035905: Step 1250: Train accuracy = 99.0%
INFO:tensorflow:2019-10-09 18:23:14.036114: Step 1250: Cross entropy = 0.195461
I1009 18:23:14.036144 4564243904 retrain.py:1084] 2019-10-09 18:23:14.036114: Step 1250: Cross entropy = 0.195461
INFO:tensorflow:2019-10-09 18:23:14.092470: Step 1250: Validation accuracy = 51.0% (N=100)
I1009 18:23:14.092517 4564243904 retrain.py:1100] 2019-10-09 18:23:14.092470: Step 1250: Validation accuracy = 51.0% (N=100)
INFO:tensorflow:2019-10-09 18:23:14.644537: Step 1260: Train accuracy = 96.0%
I1009 18:23:14.644581 4564243904 retrain.py:1082] 2019-10-09 18:23:14.644537: Step 1260: Train accuracy = 96.0%
INFO:tensorflow:2019-10-09 18:23:14.644691: Step 1260: Cross entropy = 0.178683
I1009 18:23:14.644701 4564243904 retrain.py:1084] 2019-10-09 18:23:14.644691: Step 1260: Cross entropy = 0.178683
INFO:tensorflow:2019-10-09 18:23:14.700515: Step 1260: Validation accuracy = 50.0% (N=100)
I1009 18:23:14.700562 4564243904 retrain.py:1100] 2019-10-09 18:23:14.700515: Step 1260: Validation accuracy = 50.0% (N=100)
INFO:tensorflow:2019-10-09 18:23:15.253071: Step 1270: Train accuracy = 96.0%
I1009 18:23:15.253115 4564243904 retrain.py:1082] 2019-10-09 18:23:15.253071: Step 1270: Train accuracy = 96.0%
INFO:tensorflow:2019-10-09 18:23:15.253224: Step 1270: Cross entropy = 0.203573
I1009 18:23:15.253234 4564243904 retrain.py:1084] 2019-10-09 18:23:15.253224: Step 1270: Cross entropy = 0.203573
INFO:tensorflow:2019-10-09 18:23:15.309562: Step 1270: Validation accuracy = 48.0% (N=100)
I1009 18:23:15.309609 4564243904 retrain.py:1100] 2019-10-09 18:23:15.309562: Step 1270: Validation accuracy = 48.0% (N=100)
INFO:tensorflow:2019-10-09 18:23:15.861804: Step 1280: Train accuracy = 99.0%
I1009 18:23:15.861848 4564243904 retrain.py:1082] 2019-10-09 18:23:15.861804: Step 1280: Train accuracy = 99.0%
INFO:tensorflow:2019-10-09 18:23:15.861973: Step 1280: Cross entropy = 0.190079
I1009 18:23:15.861983 4564243904 retrain.py:1084] 2019-10-09 18:23:15.861973: Step 1280: Cross entropy = 0.190079
INFO:tensorflow:2019-10-09 18:23:15.917714: Step 1280: Validation accuracy = 49.0% (N=100)
I1009 18:23:15.917764 4564243904 retrain.py:1100] 2019-10-09 18:23:15.917714: Step 1280: Validation accuracy = 49.0% (N=100)
INFO:tensorflow:2019-10-09 18:23:16.469072: Step 1290: Train accuracy = 97.0%
I1009 18:23:16.469115 4564243904 retrain.py:1082] 2019-10-09 18:23:16.469072: Step 1290: Train accuracy = 97.0%
INFO:tensorflow:2019-10-09 18:23:16.469225: Step 1290: Cross entropy = 0.211020
I1009 18:23:16.469237 4564243904 retrain.py:1084] 2019-10-09 18:23:16.469225: Step 1290: Cross entropy = 0.211020
INFO:tensorflow:2019-10-09 18:23:16.524857: Step 1290: Validation accuracy = 45.0% (N=100)
I1009 18:23:16.524904 4564243904 retrain.py:1100] 2019-10-09 18:23:16.524857: Step 1290: Validation accuracy = 45.0% (N=100)
INFO:tensorflow:2019-10-09 18:23:17.076718: Step 1300: Train accuracy = 100.0%
I1009 18:23:17.076762 4564243904 retrain.py:1082] 2019-10-09 18:23:17.076718: Step 1300: Train accuracy = 100.0%
INFO:tensorflow:2019-10-09 18:23:17.076872: Step 1300: Cross entropy = 0.177673
I1009 18:23:17.076881 4564243904 retrain.py:1084] 2019-10-09 18:23:17.076872: Step 1300: Cross entropy = 0.177673
INFO:tensorflow:2019-10-09 18:23:17.132842: Step 1300: Validation accuracy = 56.0% (N=100)
I1009 18:23:17.132889 4564243904 retrain.py:1100] 2019-10-09 18:23:17.132842: Step 1300: Validation accuracy = 56.0% (N=100)
INFO:tensorflow:2019-10-09 18:23:17.683621: Step 1310: Train accuracy = 95.0%
I1009 18:23:17.683664 4564243904 retrain.py:1082] 2019-10-09 18:23:17.683621: Step 1310: Train accuracy = 95.0%
INFO:tensorflow:2019-10-09 18:23:17.683775: Step 1310: Cross entropy = 0.221578
I1009 18:23:17.683785 4564243904 retrain.py:1084] 2019-10-09 18:23:17.683775: Step 1310: Cross entropy = 0.221578
INFO:tensorflow:2019-10-09 18:23:17.739484: Step 1310: Validation accuracy = 55.0% (N=100)
I1009 18:23:17.739531 4564243904 retrain.py:1100] 2019-10-09 18:23:17.739484: Step 1310: Validation accuracy = 55.0% (N=100)
INFO:tensorflow:2019-10-09 18:23:18.290731: Step 1320: Train accuracy = 94.0%
I1009 18:23:18.290778 4564243904 retrain.py:1082] 2019-10-09 18:23:18.290731: Step 1320: Train accuracy = 94.0%
INFO:tensorflow:2019-10-09 18:23:18.290897: Step 1320: Cross entropy = 0.220301
I1009 18:23:18.290907 4564243904 retrain.py:1084] 2019-10-09 18:23:18.290897: Step 1320: Cross entropy = 0.220301
INFO:tensorflow:2019-10-09 18:23:18.346498: Step 1320: Validation accuracy = 44.0% (N=100)
I1009 18:23:18.346548 4564243904 retrain.py:1100] 2019-10-09 18:23:18.346498: Step 1320: Validation accuracy = 44.0% (N=100)
INFO:tensorflow:2019-10-09 18:23:18.897299: Step 1330: Train accuracy = 99.0%
I1009 18:23:18.897344 4564243904 retrain.py:1082] 2019-10-09 18:23:18.897299: Step 1330: Train accuracy = 99.0%
INFO:tensorflow:2019-10-09 18:23:18.897454: Step 1330: Cross entropy = 0.181587
I1009 18:23:18.897466 4564243904 retrain.py:1084] 2019-10-09 18:23:18.897454: Step 1330: Cross entropy = 0.181587
INFO:tensorflow:2019-10-09 18:23:18.953063: Step 1330: Validation accuracy = 47.0% (N=100)
I1009 18:23:18.953109 4564243904 retrain.py:1100] 2019-10-09 18:23:18.953063: Step 1330: Validation accuracy = 47.0% (N=100)
INFO:tensorflow:2019-10-09 18:23:19.504528: Step 1340: Train accuracy = 97.0%
I1009 18:23:19.504572 4564243904 retrain.py:1082] 2019-10-09 18:23:19.504528: Step 1340: Train accuracy = 97.0%
INFO:tensorflow:2019-10-09 18:23:19.504683: Step 1340: Cross entropy = 0.195704
I1009 18:23:19.504693 4564243904 retrain.py:1084] 2019-10-09 18:23:19.504683: Step 1340: Cross entropy = 0.195704
INFO:tensorflow:2019-10-09 18:23:19.560917: Step 1340: Validation accuracy = 55.0% (N=100)
I1009 18:23:19.560964 4564243904 retrain.py:1100] 2019-10-09 18:23:19.560917: Step 1340: Validation accuracy = 55.0% (N=100)
INFO:tensorflow:2019-10-09 18:23:20.114510: Step 1350: Train accuracy = 96.0%
I1009 18:23:20.114554 4564243904 retrain.py:1082] 2019-10-09 18:23:20.114510: Step 1350: Train accuracy = 96.0%
INFO:tensorflow:2019-10-09 18:23:20.114662: Step 1350: Cross entropy = 0.193392
I1009 18:23:20.114672 4564243904 retrain.py:1084] 2019-10-09 18:23:20.114662: Step 1350: Cross entropy = 0.193392
INFO:tensorflow:2019-10-09 18:23:20.170433: Step 1350: Validation accuracy = 42.0% (N=100)
I1009 18:23:20.170480 4564243904 retrain.py:1100] 2019-10-09 18:23:20.170433: Step 1350: Validation accuracy = 42.0% (N=100)
INFO:tensorflow:2019-10-09 18:23:20.722495: Step 1360: Train accuracy = 97.0%
I1009 18:23:20.722537 4564243904 retrain.py:1082] 2019-10-09 18:23:20.722495: Step 1360: Train accuracy = 97.0%
INFO:tensorflow:2019-10-09 18:23:20.722645: Step 1360: Cross entropy = 0.187011
I1009 18:23:20.722656 4564243904 retrain.py:1084] 2019-10-09 18:23:20.722645: Step 1360: Cross entropy = 0.187011
INFO:tensorflow:2019-10-09 18:23:20.778240: Step 1360: Validation accuracy = 40.0% (N=100)
I1009 18:23:20.778288 4564243904 retrain.py:1100] 2019-10-09 18:23:20.778240: Step 1360: Validation accuracy = 40.0% (N=100)
INFO:tensorflow:2019-10-09 18:23:21.330051: Step 1370: Train accuracy = 95.0%
I1009 18:23:21.330095 4564243904 retrain.py:1082] 2019-10-09 18:23:21.330051: Step 1370: Train accuracy = 95.0%
INFO:tensorflow:2019-10-09 18:23:21.330202: Step 1370: Cross entropy = 0.217967
I1009 18:23:21.330213 4564243904 retrain.py:1084] 2019-10-09 18:23:21.330202: Step 1370: Cross entropy = 0.217967
INFO:tensorflow:2019-10-09 18:23:21.386027: Step 1370: Validation accuracy = 42.0% (N=100)
I1009 18:23:21.386074 4564243904 retrain.py:1100] 2019-10-09 18:23:21.386027: Step 1370: Validation accuracy = 42.0% (N=100)
INFO:tensorflow:2019-10-09 18:23:21.938286: Step 1380: Train accuracy = 99.0%
I1009 18:23:21.938331 4564243904 retrain.py:1082] 2019-10-09 18:23:21.938286: Step 1380: Train accuracy = 99.0%
INFO:tensorflow:2019-10-09 18:23:21.938441: Step 1380: Cross entropy = 0.167511
I1009 18:23:21.938452 4564243904 retrain.py:1084] 2019-10-09 18:23:21.938441: Step 1380: Cross entropy = 0.167511
INFO:tensorflow:2019-10-09 18:23:21.994105: Step 1380: Validation accuracy = 53.0% (N=100)
I1009 18:23:21.994153 4564243904 retrain.py:1100] 2019-10-09 18:23:21.994105: Step 1380: Validation accuracy = 53.0% (N=100)
INFO:tensorflow:2019-10-09 18:23:22.545809: Step 1390: Train accuracy = 98.0%
I1009 18:23:22.545852 4564243904 retrain.py:1082] 2019-10-09 18:23:22.545809: Step 1390: Train accuracy = 98.0%
INFO:tensorflow:2019-10-09 18:23:22.545964: Step 1390: Cross entropy = 0.160343
I1009 18:23:22.545974 4564243904 retrain.py:1084] 2019-10-09 18:23:22.545964: Step 1390: Cross entropy = 0.160343
INFO:tensorflow:2019-10-09 18:23:22.602033: Step 1390: Validation accuracy = 40.0% (N=100)
I1009 18:23:22.602077 4564243904 retrain.py:1100] 2019-10-09 18:23:22.602033: Step 1390: Validation accuracy = 40.0% (N=100)
INFO:tensorflow:2019-10-09 18:23:23.154226: Step 1400: Train accuracy = 99.0%
I1009 18:23:23.154270 4564243904 retrain.py:1082] 2019-10-09 18:23:23.154226: Step 1400: Train accuracy = 99.0%
INFO:tensorflow:2019-10-09 18:23:23.154382: Step 1400: Cross entropy = 0.203391
I1009 18:23:23.154394 4564243904 retrain.py:1084] 2019-10-09 18:23:23.154382: Step 1400: Cross entropy = 0.203391
INFO:tensorflow:2019-10-09 18:23:23.210007: Step 1400: Validation accuracy = 44.0% (N=100)
I1009 18:23:23.210054 4564243904 retrain.py:1100] 2019-10-09 18:23:23.210007: Step 1400: Validation accuracy = 44.0% (N=100)
INFO:tensorflow:2019-10-09 18:23:23.761901: Step 1410: Train accuracy = 99.0%
I1009 18:23:23.761957 4564243904 retrain.py:1082] 2019-10-09 18:23:23.761901: Step 1410: Train accuracy = 99.0%
INFO:tensorflow:2019-10-09 18:23:23.762077: Step 1410: Cross entropy = 0.151319
I1009 18:23:23.762107 4564243904 retrain.py:1084] 2019-10-09 18:23:23.762077: Step 1410: Cross entropy = 0.151319
INFO:tensorflow:2019-10-09 18:23:23.818324: Step 1410: Validation accuracy = 46.0% (N=100)
I1009 18:23:23.818373 4564243904 retrain.py:1100] 2019-10-09 18:23:23.818324: Step 1410: Validation accuracy = 46.0% (N=100)
INFO:tensorflow:2019-10-09 18:23:24.369706: Step 1420: Train accuracy = 99.0%
I1009 18:23:24.369753 4564243904 retrain.py:1082] 2019-10-09 18:23:24.369706: Step 1420: Train accuracy = 99.0%
INFO:tensorflow:2019-10-09 18:23:24.369864: Step 1420: Cross entropy = 0.169204
I1009 18:23:24.369874 4564243904 retrain.py:1084] 2019-10-09 18:23:24.369864: Step 1420: Cross entropy = 0.169204
INFO:tensorflow:2019-10-09 18:23:24.425824: Step 1420: Validation accuracy = 52.0% (N=100)
I1009 18:23:24.425871 4564243904 retrain.py:1100] 2019-10-09 18:23:24.425824: Step 1420: Validation accuracy = 52.0% (N=100)
INFO:tensorflow:2019-10-09 18:23:24.978614: Step 1430: Train accuracy = 97.0%
I1009 18:23:24.978657 4564243904 retrain.py:1082] 2019-10-09 18:23:24.978614: Step 1430: Train accuracy = 97.0%
INFO:tensorflow:2019-10-09 18:23:24.978767: Step 1430: Cross entropy = 0.187901
I1009 18:23:24.978778 4564243904 retrain.py:1084] 2019-10-09 18:23:24.978767: Step 1430: Cross entropy = 0.187901
INFO:tensorflow:2019-10-09 18:23:25.034687: Step 1430: Validation accuracy = 42.0% (N=100)
I1009 18:23:25.034733 4564243904 retrain.py:1100] 2019-10-09 18:23:25.034687: Step 1430: Validation accuracy = 42.0% (N=100)
INFO:tensorflow:2019-10-09 18:23:25.586350: Step 1440: Train accuracy = 98.0%
I1009 18:23:25.586394 4564243904 retrain.py:1082] 2019-10-09 18:23:25.586350: Step 1440: Train accuracy = 98.0%
INFO:tensorflow:2019-10-09 18:23:25.586503: Step 1440: Cross entropy = 0.200332
I1009 18:23:25.586514 4564243904 retrain.py:1084] 2019-10-09 18:23:25.586503: Step 1440: Cross entropy = 0.200332
INFO:tensorflow:2019-10-09 18:23:25.642496: Step 1440: Validation accuracy = 49.0% (N=100)
I1009 18:23:25.642544 4564243904 retrain.py:1100] 2019-10-09 18:23:25.642496: Step 1440: Validation accuracy = 49.0% (N=100)
INFO:tensorflow:2019-10-09 18:23:26.193741: Step 1450: Train accuracy = 96.0%
I1009 18:23:26.193786 4564243904 retrain.py:1082] 2019-10-09 18:23:26.193741: Step 1450: Train accuracy = 96.0%
INFO:tensorflow:2019-10-09 18:23:26.193892: Step 1450: Cross entropy = 0.196801
I1009 18:23:26.193917 4564243904 retrain.py:1084] 2019-10-09 18:23:26.193892: Step 1450: Cross entropy = 0.196801
INFO:tensorflow:2019-10-09 18:23:26.249755: Step 1450: Validation accuracy = 59.0% (N=100)
I1009 18:23:26.249801 4564243904 retrain.py:1100] 2019-10-09 18:23:26.249755: Step 1450: Validation accuracy = 59.0% (N=100)
INFO:tensorflow:2019-10-09 18:23:26.801846: Step 1460: Train accuracy = 100.0%
I1009 18:23:26.801888 4564243904 retrain.py:1082] 2019-10-09 18:23:26.801846: Step 1460: Train accuracy = 100.0%
INFO:tensorflow:2019-10-09 18:23:26.802000: Step 1460: Cross entropy = 0.155850
I1009 18:23:26.802010 4564243904 retrain.py:1084] 2019-10-09 18:23:26.802000: Step 1460: Cross entropy = 0.155850
INFO:tensorflow:2019-10-09 18:23:26.857728: Step 1460: Validation accuracy = 46.0% (N=100)
I1009 18:23:26.857776 4564243904 retrain.py:1100] 2019-10-09 18:23:26.857728: Step 1460: Validation accuracy = 46.0% (N=100)
INFO:tensorflow:2019-10-09 18:23:27.409594: Step 1470: Train accuracy = 97.0%
I1009 18:23:27.409649 4564243904 retrain.py:1082] 2019-10-09 18:23:27.409594: Step 1470: Train accuracy = 97.0%
INFO:tensorflow:2019-10-09 18:23:27.409773: Step 1470: Cross entropy = 0.193923
I1009 18:23:27.409783 4564243904 retrain.py:1084] 2019-10-09 18:23:27.409773: Step 1470: Cross entropy = 0.193923
INFO:tensorflow:2019-10-09 18:23:27.465619: Step 1470: Validation accuracy = 48.0% (N=100)
I1009 18:23:27.465667 4564243904 retrain.py:1100] 2019-10-09 18:23:27.465619: Step 1470: Validation accuracy = 48.0% (N=100)
INFO:tensorflow:2019-10-09 18:23:28.017373: Step 1480: Train accuracy = 94.0%
I1009 18:23:28.017417 4564243904 retrain.py:1082] 2019-10-09 18:23:28.017373: Step 1480: Train accuracy = 94.0%
INFO:tensorflow:2019-10-09 18:23:28.017532: Step 1480: Cross entropy = 0.197756
I1009 18:23:28.017544 4564243904 retrain.py:1084] 2019-10-09 18:23:28.017532: Step 1480: Cross entropy = 0.197756
INFO:tensorflow:2019-10-09 18:23:28.073719: Step 1480: Validation accuracy = 45.0% (N=100)
I1009 18:23:28.073765 4564243904 retrain.py:1100] 2019-10-09 18:23:28.073719: Step 1480: Validation accuracy = 45.0% (N=100)
INFO:tensorflow:2019-10-09 18:23:28.626835: Step 1490: Train accuracy = 97.0%
I1009 18:23:28.626879 4564243904 retrain.py:1082] 2019-10-09 18:23:28.626835: Step 1490: Train accuracy = 97.0%
INFO:tensorflow:2019-10-09 18:23:28.626988: Step 1490: Cross entropy = 0.208396
I1009 18:23:28.626999 4564243904 retrain.py:1084] 2019-10-09 18:23:28.626988: Step 1490: Cross entropy = 0.208396
INFO:tensorflow:2019-10-09 18:23:28.683118: Step 1490: Validation accuracy = 51.0% (N=100)
I1009 18:23:28.683164 4564243904 retrain.py:1100] 2019-10-09 18:23:28.683118: Step 1490: Validation accuracy = 51.0% (N=100)
INFO:tensorflow:2019-10-09 18:23:29.235076: Step 1500: Train accuracy = 96.0%
I1009 18:23:29.235120 4564243904 retrain.py:1082] 2019-10-09 18:23:29.235076: Step 1500: Train accuracy = 96.0%
INFO:tensorflow:2019-10-09 18:23:29.235230: Step 1500: Cross entropy = 0.175533
I1009 18:23:29.235239 4564243904 retrain.py:1084] 2019-10-09 18:23:29.235230: Step 1500: Cross entropy = 0.175533
INFO:tensorflow:2019-10-09 18:23:29.290781: Step 1500: Validation accuracy = 44.0% (N=100)
I1009 18:23:29.290828 4564243904 retrain.py:1100] 2019-10-09 18:23:29.290781: Step 1500: Validation accuracy = 44.0% (N=100)
INFO:tensorflow:2019-10-09 18:23:29.843737: Step 1510: Train accuracy = 97.0%
I1009 18:23:29.843781 4564243904 retrain.py:1082] 2019-10-09 18:23:29.843737: Step 1510: Train accuracy = 97.0%
INFO:tensorflow:2019-10-09 18:23:29.843891: Step 1510: Cross entropy = 0.158929
I1009 18:23:29.843903 4564243904 retrain.py:1084] 2019-10-09 18:23:29.843891: Step 1510: Cross entropy = 0.158929
INFO:tensorflow:2019-10-09 18:23:29.899645: Step 1510: Validation accuracy = 50.0% (N=100)
I1009 18:23:29.899693 4564243904 retrain.py:1100] 2019-10-09 18:23:29.899645: Step 1510: Validation accuracy = 50.0% (N=100)
INFO:tensorflow:2019-10-09 18:23:30.451238: Step 1520: Train accuracy = 99.0%
I1009 18:23:30.451282 4564243904 retrain.py:1082] 2019-10-09 18:23:30.451238: Step 1520: Train accuracy = 99.0%
INFO:tensorflow:2019-10-09 18:23:30.451391: Step 1520: Cross entropy = 0.153820
I1009 18:23:30.451402 4564243904 retrain.py:1084] 2019-10-09 18:23:30.451391: Step 1520: Cross entropy = 0.153820
INFO:tensorflow:2019-10-09 18:23:30.507396: Step 1520: Validation accuracy = 52.0% (N=100)
I1009 18:23:30.507445 4564243904 retrain.py:1100] 2019-10-09 18:23:30.507396: Step 1520: Validation accuracy = 52.0% (N=100)
INFO:tensorflow:2019-10-09 18:23:31.059855: Step 1530: Train accuracy = 93.0%
I1009 18:23:31.059911 4564243904 retrain.py:1082] 2019-10-09 18:23:31.059855: Step 1530: Train accuracy = 93.0%
INFO:tensorflow:2019-10-09 18:23:31.060031: Step 1530: Cross entropy = 0.231380
I1009 18:23:31.060043 4564243904 retrain.py:1084] 2019-10-09 18:23:31.060031: Step 1530: Cross entropy = 0.231380
INFO:tensorflow:2019-10-09 18:23:31.115759: Step 1530: Validation accuracy = 39.0% (N=100)
I1009 18:23:31.115804 4564243904 retrain.py:1100] 2019-10-09 18:23:31.115759: Step 1530: Validation accuracy = 39.0% (N=100)
INFO:tensorflow:2019-10-09 18:23:31.668462: Step 1540: Train accuracy = 99.0%
I1009 18:23:31.668506 4564243904 retrain.py:1082] 2019-10-09 18:23:31.668462: Step 1540: Train accuracy = 99.0%
INFO:tensorflow:2019-10-09 18:23:31.668615: Step 1540: Cross entropy = 0.151608
I1009 18:23:31.668625 4564243904 retrain.py:1084] 2019-10-09 18:23:31.668615: Step 1540: Cross entropy = 0.151608
INFO:tensorflow:2019-10-09 18:23:31.724303: Step 1540: Validation accuracy = 47.0% (N=100)
I1009 18:23:31.724350 4564243904 retrain.py:1100] 2019-10-09 18:23:31.724303: Step 1540: Validation accuracy = 47.0% (N=100)
INFO:tensorflow:2019-10-09 18:23:32.276565: Step 1550: Train accuracy = 99.0%
I1009 18:23:32.276608 4564243904 retrain.py:1082] 2019-10-09 18:23:32.276565: Step 1550: Train accuracy = 99.0%
INFO:tensorflow:2019-10-09 18:23:32.276718: Step 1550: Cross entropy = 0.186550
I1009 18:23:32.276729 4564243904 retrain.py:1084] 2019-10-09 18:23:32.276718: Step 1550: Cross entropy = 0.186550
INFO:tensorflow:2019-10-09 18:23:32.333206: Step 1550: Validation accuracy = 48.0% (N=100)
I1009 18:23:32.333254 4564243904 retrain.py:1100] 2019-10-09 18:23:32.333206: Step 1550: Validation accuracy = 48.0% (N=100)
INFO:tensorflow:2019-10-09 18:23:32.885725: Step 1560: Train accuracy = 97.0%
I1009 18:23:32.885768 4564243904 retrain.py:1082] 2019-10-09 18:23:32.885725: Step 1560: Train accuracy = 97.0%
INFO:tensorflow:2019-10-09 18:23:32.885884: Step 1560: Cross entropy = 0.184197
I1009 18:23:32.885896 4564243904 retrain.py:1084] 2019-10-09 18:23:32.885884: Step 1560: Cross entropy = 0.184197
INFO:tensorflow:2019-10-09 18:23:32.941465: Step 1560: Validation accuracy = 50.0% (N=100)
I1009 18:23:32.941513 4564243904 retrain.py:1100] 2019-10-09 18:23:32.941465: Step 1560: Validation accuracy = 50.0% (N=100)
INFO:tensorflow:2019-10-09 18:23:33.492602: Step 1570: Train accuracy = 96.0%
I1009 18:23:33.492646 4564243904 retrain.py:1082] 2019-10-09 18:23:33.492602: Step 1570: Train accuracy = 96.0%
INFO:tensorflow:2019-10-09 18:23:33.492755: Step 1570: Cross entropy = 0.186895
I1009 18:23:33.492766 4564243904 retrain.py:1084] 2019-10-09 18:23:33.492755: Step 1570: Cross entropy = 0.186895
INFO:tensorflow:2019-10-09 18:23:33.548514: Step 1570: Validation accuracy = 51.0% (N=100)
I1009 18:23:33.548563 4564243904 retrain.py:1100] 2019-10-09 18:23:33.548514: Step 1570: Validation accuracy = 51.0% (N=100)
INFO:tensorflow:2019-10-09 18:23:34.100052: Step 1580: Train accuracy = 98.0%
I1009 18:23:34.100096 4564243904 retrain.py:1082] 2019-10-09 18:23:34.100052: Step 1580: Train accuracy = 98.0%
INFO:tensorflow:2019-10-09 18:23:34.100220: Step 1580: Cross entropy = 0.167511
I1009 18:23:34.100242 4564243904 retrain.py:1084] 2019-10-09 18:23:34.100220: Step 1580: Cross entropy = 0.167511
INFO:tensorflow:2019-10-09 18:23:34.155913: Step 1580: Validation accuracy = 39.0% (N=100)
I1009 18:23:34.155960 4564243904 retrain.py:1100] 2019-10-09 18:23:34.155913: Step 1580: Validation accuracy = 39.0% (N=100)
INFO:tensorflow:2019-10-09 18:23:34.707504: Step 1590: Train accuracy = 96.0%
I1009 18:23:34.707559 4564243904 retrain.py:1082] 2019-10-09 18:23:34.707504: Step 1590: Train accuracy = 96.0%
INFO:tensorflow:2019-10-09 18:23:34.707684: Step 1590: Cross entropy = 0.171957
I1009 18:23:34.707696 4564243904 retrain.py:1084] 2019-10-09 18:23:34.707684: Step 1590: Cross entropy = 0.171957
INFO:tensorflow:2019-10-09 18:23:34.763340: Step 1590: Validation accuracy = 45.0% (N=100)
I1009 18:23:34.763387 4564243904 retrain.py:1100] 2019-10-09 18:23:34.763340: Step 1590: Validation accuracy = 45.0% (N=100)
INFO:tensorflow:2019-10-09 18:23:35.314779: Step 1600: Train accuracy = 98.0%
I1009 18:23:35.314822 4564243904 retrain.py:1082] 2019-10-09 18:23:35.314779: Step 1600: Train accuracy = 98.0%
INFO:tensorflow:2019-10-09 18:23:35.314931: Step 1600: Cross entropy = 0.175149
I1009 18:23:35.314941 4564243904 retrain.py:1084] 2019-10-09 18:23:35.314931: Step 1600: Cross entropy = 0.175149
INFO:tensorflow:2019-10-09 18:23:35.371268: Step 1600: Validation accuracy = 46.0% (N=100)
I1009 18:23:35.371316 4564243904 retrain.py:1100] 2019-10-09 18:23:35.371268: Step 1600: Validation accuracy = 46.0% (N=100)
INFO:tensorflow:2019-10-09 18:23:35.922511: Step 1610: Train accuracy = 96.0%
I1009 18:23:35.922554 4564243904 retrain.py:1082] 2019-10-09 18:23:35.922511: Step 1610: Train accuracy = 96.0%
INFO:tensorflow:2019-10-09 18:23:35.922664: Step 1610: Cross entropy = 0.192986
I1009 18:23:35.922673 4564243904 retrain.py:1084] 2019-10-09 18:23:35.922664: Step 1610: Cross entropy = 0.192986
INFO:tensorflow:2019-10-09 18:23:35.978711: Step 1610: Validation accuracy = 51.0% (N=100)
I1009 18:23:35.978756 4564243904 retrain.py:1100] 2019-10-09 18:23:35.978711: Step 1610: Validation accuracy = 51.0% (N=100)
INFO:tensorflow:2019-10-09 18:23:36.531297: Step 1620: Train accuracy = 98.0%
I1009 18:23:36.531340 4564243904 retrain.py:1082] 2019-10-09 18:23:36.531297: Step 1620: Train accuracy = 98.0%
INFO:tensorflow:2019-10-09 18:23:36.531446: Step 1620: Cross entropy = 0.181647
I1009 18:23:36.531455 4564243904 retrain.py:1084] 2019-10-09 18:23:36.531446: Step 1620: Cross entropy = 0.181647
INFO:tensorflow:2019-10-09 18:23:36.587195: Step 1620: Validation accuracy = 40.0% (N=100)
I1009 18:23:36.587243 4564243904 retrain.py:1100] 2019-10-09 18:23:36.587195: Step 1620: Validation accuracy = 40.0% (N=100)
INFO:tensorflow:2019-10-09 18:23:37.139567: Step 1630: Train accuracy = 94.0%
I1009 18:23:37.139611 4564243904 retrain.py:1082] 2019-10-09 18:23:37.139567: Step 1630: Train accuracy = 94.0%
INFO:tensorflow:2019-10-09 18:23:37.139719: Step 1630: Cross entropy = 0.165723
I1009 18:23:37.139729 4564243904 retrain.py:1084] 2019-10-09 18:23:37.139719: Step 1630: Cross entropy = 0.165723
INFO:tensorflow:2019-10-09 18:23:37.195428: Step 1630: Validation accuracy = 46.0% (N=100)
I1009 18:23:37.195473 4564243904 retrain.py:1100] 2019-10-09 18:23:37.195428: Step 1630: Validation accuracy = 46.0% (N=100)
INFO:tensorflow:2019-10-09 18:23:37.747095: Step 1640: Train accuracy = 99.0%
I1009 18:23:37.747138 4564243904 retrain.py:1082] 2019-10-09 18:23:37.747095: Step 1640: Train accuracy = 99.0%
INFO:tensorflow:2019-10-09 18:23:37.747267: Step 1640: Cross entropy = 0.163487
I1009 18:23:37.747294 4564243904 retrain.py:1084] 2019-10-09 18:23:37.747267: Step 1640: Cross entropy = 0.163487
INFO:tensorflow:2019-10-09 18:23:37.803590: Step 1640: Validation accuracy = 45.0% (N=100)
I1009 18:23:37.803637 4564243904 retrain.py:1100] 2019-10-09 18:23:37.803590: Step 1640: Validation accuracy = 45.0% (N=100)
INFO:tensorflow:2019-10-09 18:23:38.354624: Step 1650: Train accuracy = 95.0%
I1009 18:23:38.354675 4564243904 retrain.py:1082] 2019-10-09 18:23:38.354624: Step 1650: Train accuracy = 95.0%
INFO:tensorflow:2019-10-09 18:23:38.354799: Step 1650: Cross entropy = 0.192124
I1009 18:23:38.354811 4564243904 retrain.py:1084] 2019-10-09 18:23:38.354799: Step 1650: Cross entropy = 0.192124
INFO:tensorflow:2019-10-09 18:23:38.411033: Step 1650: Validation accuracy = 42.0% (N=100)
I1009 18:23:38.411081 4564243904 retrain.py:1100] 2019-10-09 18:23:38.411033: Step 1650: Validation accuracy = 42.0% (N=100)
INFO:tensorflow:2019-10-09 18:23:38.962505: Step 1660: Train accuracy = 97.0%
I1009 18:23:38.962548 4564243904 retrain.py:1082] 2019-10-09 18:23:38.962505: Step 1660: Train accuracy = 97.0%
INFO:tensorflow:2019-10-09 18:23:38.962655: Step 1660: Cross entropy = 0.175617
I1009 18:23:38.962664 4564243904 retrain.py:1084] 2019-10-09 18:23:38.962655: Step 1660: Cross entropy = 0.175617
INFO:tensorflow:2019-10-09 18:23:39.018851: Step 1660: Validation accuracy = 44.0% (N=100)
I1009 18:23:39.018896 4564243904 retrain.py:1100] 2019-10-09 18:23:39.018851: Step 1660: Validation accuracy = 44.0% (N=100)
INFO:tensorflow:2019-10-09 18:23:39.570572: Step 1670: Train accuracy = 98.0%
I1009 18:23:39.570617 4564243904 retrain.py:1082] 2019-10-09 18:23:39.570572: Step 1670: Train accuracy = 98.0%
INFO:tensorflow:2019-10-09 18:23:39.570726: Step 1670: Cross entropy = 0.191057
I1009 18:23:39.570736 4564243904 retrain.py:1084] 2019-10-09 18:23:39.570726: Step 1670: Cross entropy = 0.191057
INFO:tensorflow:2019-10-09 18:23:39.627070: Step 1670: Validation accuracy = 49.0% (N=100)
I1009 18:23:39.627118 4564243904 retrain.py:1100] 2019-10-09 18:23:39.627070: Step 1670: Validation accuracy = 49.0% (N=100)
INFO:tensorflow:2019-10-09 18:23:40.179315: Step 1680: Train accuracy = 98.0%
I1009 18:23:40.179358 4564243904 retrain.py:1082] 2019-10-09 18:23:40.179315: Step 1680: Train accuracy = 98.0%
INFO:tensorflow:2019-10-09 18:23:40.179467: Step 1680: Cross entropy = 0.155761
I1009 18:23:40.179476 4564243904 retrain.py:1084] 2019-10-09 18:23:40.179467: Step 1680: Cross entropy = 0.155761
INFO:tensorflow:2019-10-09 18:23:40.235119: Step 1680: Validation accuracy = 52.0% (N=100)
I1009 18:23:40.235164 4564243904 retrain.py:1100] 2019-10-09 18:23:40.235119: Step 1680: Validation accuracy = 52.0% (N=100)
INFO:tensorflow:2019-10-09 18:23:40.786203: Step 1690: Train accuracy = 98.0%
I1009 18:23:40.786247 4564243904 retrain.py:1082] 2019-10-09 18:23:40.786203: Step 1690: Train accuracy = 98.0%
INFO:tensorflow:2019-10-09 18:23:40.786361: Step 1690: Cross entropy = 0.178846
I1009 18:23:40.786373 4564243904 retrain.py:1084] 2019-10-09 18:23:40.786361: Step 1690: Cross entropy = 0.178846
INFO:tensorflow:2019-10-09 18:23:40.842892: Step 1690: Validation accuracy = 53.0% (N=100)
I1009 18:23:40.842936 4564243904 retrain.py:1100] 2019-10-09 18:23:40.842892: Step 1690: Validation accuracy = 53.0% (N=100)
INFO:tensorflow:2019-10-09 18:23:41.394182: Step 1700: Train accuracy = 96.0%
I1009 18:23:41.394227 4564243904 retrain.py:1082] 2019-10-09 18:23:41.394182: Step 1700: Train accuracy = 96.0%
INFO:tensorflow:2019-10-09 18:23:41.394335: Step 1700: Cross entropy = 0.179173
I1009 18:23:41.394345 4564243904 retrain.py:1084] 2019-10-09 18:23:41.394335: Step 1700: Cross entropy = 0.179173
INFO:tensorflow:2019-10-09 18:23:41.449983: Step 1700: Validation accuracy = 40.0% (N=100)
I1009 18:23:41.450032 4564243904 retrain.py:1100] 2019-10-09 18:23:41.449983: Step 1700: Validation accuracy = 40.0% (N=100)
INFO:tensorflow:2019-10-09 18:23:42.003515: Step 1710: Train accuracy = 97.0%
I1009 18:23:42.003557 4564243904 retrain.py:1082] 2019-10-09 18:23:42.003515: Step 1710: Train accuracy = 97.0%
INFO:tensorflow:2019-10-09 18:23:42.003664: Step 1710: Cross entropy = 0.160540
I1009 18:23:42.003674 4564243904 retrain.py:1084] 2019-10-09 18:23:42.003664: Step 1710: Cross entropy = 0.160540
INFO:tensorflow:2019-10-09 18:23:42.059649: Step 1710: Validation accuracy = 44.0% (N=100)
I1009 18:23:42.059693 4564243904 retrain.py:1100] 2019-10-09 18:23:42.059649: Step 1710: Validation accuracy = 44.0% (N=100)
INFO:tensorflow:2019-10-09 18:23:42.612221: Step 1720: Train accuracy = 97.0%
I1009 18:23:42.612266 4564243904 retrain.py:1082] 2019-10-09 18:23:42.612221: Step 1720: Train accuracy = 97.0%
INFO:tensorflow:2019-10-09 18:23:42.612376: Step 1720: Cross entropy = 0.201613
I1009 18:23:42.612385 4564243904 retrain.py:1084] 2019-10-09 18:23:42.612376: Step 1720: Cross entropy = 0.201613
INFO:tensorflow:2019-10-09 18:23:42.668976: Step 1720: Validation accuracy = 52.0% (N=100)
I1009 18:23:42.669024 4564243904 retrain.py:1100] 2019-10-09 18:23:42.668976: Step 1720: Validation accuracy = 52.0% (N=100)
INFO:tensorflow:2019-10-09 18:23:43.221036: Step 1730: Train accuracy = 97.0%
I1009 18:23:43.221081 4564243904 retrain.py:1082] 2019-10-09 18:23:43.221036: Step 1730: Train accuracy = 97.0%
INFO:tensorflow:2019-10-09 18:23:43.221192: Step 1730: Cross entropy = 0.197597
I1009 18:23:43.221202 4564243904 retrain.py:1084] 2019-10-09 18:23:43.221192: Step 1730: Cross entropy = 0.197597
INFO:tensorflow:2019-10-09 18:23:43.276963: Step 1730: Validation accuracy = 42.0% (N=100)
I1009 18:23:43.277011 4564243904 retrain.py:1100] 2019-10-09 18:23:43.276963: Step 1730: Validation accuracy = 42.0% (N=100)
INFO:tensorflow:2019-10-09 18:23:43.829036: Step 1740: Train accuracy = 98.0%
I1009 18:23:43.829080 4564243904 retrain.py:1082] 2019-10-09 18:23:43.829036: Step 1740: Train accuracy = 98.0%
INFO:tensorflow:2019-10-09 18:23:43.829188: Step 1740: Cross entropy = 0.170327
I1009 18:23:43.829200 4564243904 retrain.py:1084] 2019-10-09 18:23:43.829188: Step 1740: Cross entropy = 0.170327
INFO:tensorflow:2019-10-09 18:23:43.885189: Step 1740: Validation accuracy = 40.0% (N=100)
I1009 18:23:43.885237 4564243904 retrain.py:1100] 2019-10-09 18:23:43.885189: Step 1740: Validation accuracy = 40.0% (N=100)
INFO:tensorflow:2019-10-09 18:23:44.435936: Step 1750: Train accuracy = 99.0%
I1009 18:23:44.435980 4564243904 retrain.py:1082] 2019-10-09 18:23:44.435936: Step 1750: Train accuracy = 99.0%
INFO:tensorflow:2019-10-09 18:23:44.436088: Step 1750: Cross entropy = 0.151986
I1009 18:23:44.436099 4564243904 retrain.py:1084] 2019-10-09 18:23:44.436088: Step 1750: Cross entropy = 0.151986
INFO:tensorflow:2019-10-09 18:23:44.491808: Step 1750: Validation accuracy = 44.0% (N=100)
I1009 18:23:44.491855 4564243904 retrain.py:1100] 2019-10-09 18:23:44.491808: Step 1750: Validation accuracy = 44.0% (N=100)
INFO:tensorflow:2019-10-09 18:23:45.043442: Step 1760: Train accuracy = 96.0%
I1009 18:23:45.043485 4564243904 retrain.py:1082] 2019-10-09 18:23:45.043442: Step 1760: Train accuracy = 96.0%
INFO:tensorflow:2019-10-09 18:23:45.043596: Step 1760: Cross entropy = 0.191813
I1009 18:23:45.043607 4564243904 retrain.py:1084] 2019-10-09 18:23:45.043596: Step 1760: Cross entropy = 0.191813
INFO:tensorflow:2019-10-09 18:23:45.099544: Step 1760: Validation accuracy = 48.0% (N=100)
I1009 18:23:45.099591 4564243904 retrain.py:1100] 2019-10-09 18:23:45.099544: Step 1760: Validation accuracy = 48.0% (N=100)
INFO:tensorflow:2019-10-09 18:23:45.651253: Step 1770: Train accuracy = 98.0%
I1009 18:23:45.651298 4564243904 retrain.py:1082] 2019-10-09 18:23:45.651253: Step 1770: Train accuracy = 98.0%
INFO:tensorflow:2019-10-09 18:23:45.651407: Step 1770: Cross entropy = 0.153604
I1009 18:23:45.651419 4564243904 retrain.py:1084] 2019-10-09 18:23:45.651407: Step 1770: Cross entropy = 0.153604
INFO:tensorflow:2019-10-09 18:23:45.707137: Step 1770: Validation accuracy = 53.0% (N=100)
I1009 18:23:45.707185 4564243904 retrain.py:1100] 2019-10-09 18:23:45.707137: Step 1770: Validation accuracy = 53.0% (N=100)
INFO:tensorflow:2019-10-09 18:23:46.258545: Step 1780: Train accuracy = 98.0%
I1009 18:23:46.258587 4564243904 retrain.py:1082] 2019-10-09 18:23:46.258545: Step 1780: Train accuracy = 98.0%
INFO:tensorflow:2019-10-09 18:23:46.258722: Step 1780: Cross entropy = 0.171415
I1009 18:23:46.258733 4564243904 retrain.py:1084] 2019-10-09 18:23:46.258722: Step 1780: Cross entropy = 0.171415
INFO:tensorflow:2019-10-09 18:23:46.314723: Step 1780: Validation accuracy = 46.0% (N=100)
I1009 18:23:46.314767 4564243904 retrain.py:1100] 2019-10-09 18:23:46.314723: Step 1780: Validation accuracy = 46.0% (N=100)
INFO:tensorflow:2019-10-09 18:23:46.866011: Step 1790: Train accuracy = 99.0%
I1009 18:23:46.866055 4564243904 retrain.py:1082] 2019-10-09 18:23:46.866011: Step 1790: Train accuracy = 99.0%
INFO:tensorflow:2019-10-09 18:23:46.866165: Step 1790: Cross entropy = 0.146979
I1009 18:23:46.866175 4564243904 retrain.py:1084] 2019-10-09 18:23:46.866165: Step 1790: Cross entropy = 0.146979
INFO:tensorflow:2019-10-09 18:23:46.921842: Step 1790: Validation accuracy = 38.0% (N=100)
I1009 18:23:46.921890 4564243904 retrain.py:1100] 2019-10-09 18:23:46.921842: Step 1790: Validation accuracy = 38.0% (N=100)
INFO:tensorflow:2019-10-09 18:23:47.474465: Step 1800: Train accuracy = 98.0%
I1009 18:23:47.474509 4564243904 retrain.py:1082] 2019-10-09 18:23:47.474465: Step 1800: Train accuracy = 98.0%
INFO:tensorflow:2019-10-09 18:23:47.474617: Step 1800: Cross entropy = 0.166545
I1009 18:23:47.474628 4564243904 retrain.py:1084] 2019-10-09 18:23:47.474617: Step 1800: Cross entropy = 0.166545
INFO:tensorflow:2019-10-09 18:23:47.530318: Step 1800: Validation accuracy = 44.0% (N=100)
I1009 18:23:47.530365 4564243904 retrain.py:1100] 2019-10-09 18:23:47.530318: Step 1800: Validation accuracy = 44.0% (N=100)
INFO:tensorflow:2019-10-09 18:23:48.082888: Step 1810: Train accuracy = 98.0%
I1009 18:23:48.082933 4564243904 retrain.py:1082] 2019-10-09 18:23:48.082888: Step 1810: Train accuracy = 98.0%
INFO:tensorflow:2019-10-09 18:23:48.083043: Step 1810: Cross entropy = 0.169222
I1009 18:23:48.083054 4564243904 retrain.py:1084] 2019-10-09 18:23:48.083043: Step 1810: Cross entropy = 0.169222
INFO:tensorflow:2019-10-09 18:23:48.138582: Step 1810: Validation accuracy = 48.0% (N=100)
I1009 18:23:48.138629 4564243904 retrain.py:1100] 2019-10-09 18:23:48.138582: Step 1810: Validation accuracy = 48.0% (N=100)
INFO:tensorflow:2019-10-09 18:23:48.690059: Step 1820: Train accuracy = 100.0%
I1009 18:23:48.690104 4564243904 retrain.py:1082] 2019-10-09 18:23:48.690059: Step 1820: Train accuracy = 100.0%
INFO:tensorflow:2019-10-09 18:23:48.690213: Step 1820: Cross entropy = 0.141424
I1009 18:23:48.690238 4564243904 retrain.py:1084] 2019-10-09 18:23:48.690213: Step 1820: Cross entropy = 0.141424
INFO:tensorflow:2019-10-09 18:23:48.745809: Step 1820: Validation accuracy = 43.0% (N=100)
I1009 18:23:48.745855 4564243904 retrain.py:1100] 2019-10-09 18:23:48.745809: Step 1820: Validation accuracy = 43.0% (N=100)
INFO:tensorflow:2019-10-09 18:23:49.297514: Step 1830: Train accuracy = 97.0%
I1009 18:23:49.297558 4564243904 retrain.py:1082] 2019-10-09 18:23:49.297514: Step 1830: Train accuracy = 97.0%
INFO:tensorflow:2019-10-09 18:23:49.297667: Step 1830: Cross entropy = 0.137519
I1009 18:23:49.297677 4564243904 retrain.py:1084] 2019-10-09 18:23:49.297667: Step 1830: Cross entropy = 0.137519
INFO:tensorflow:2019-10-09 18:23:49.353585: Step 1830: Validation accuracy = 45.0% (N=100)
I1009 18:23:49.353631 4564243904 retrain.py:1100] 2019-10-09 18:23:49.353585: Step 1830: Validation accuracy = 45.0% (N=100)
INFO:tensorflow:2019-10-09 18:23:49.907538: Step 1840: Train accuracy = 99.0%
I1009 18:23:49.907582 4564243904 retrain.py:1082] 2019-10-09 18:23:49.907538: Step 1840: Train accuracy = 99.0%
INFO:tensorflow:2019-10-09 18:23:49.907708: Step 1840: Cross entropy = 0.142418
I1009 18:23:49.907740 4564243904 retrain.py:1084] 2019-10-09 18:23:49.907708: Step 1840: Cross entropy = 0.142418
INFO:tensorflow:2019-10-09 18:23:49.963452: Step 1840: Validation accuracy = 51.0% (N=100)
I1009 18:23:49.963499 4564243904 retrain.py:1100] 2019-10-09 18:23:49.963452: Step 1840: Validation accuracy = 51.0% (N=100)
INFO:tensorflow:2019-10-09 18:23:50.515539: Step 1850: Train accuracy = 99.0%
I1009 18:23:50.515583 4564243904 retrain.py:1082] 2019-10-09 18:23:50.515539: Step 1850: Train accuracy = 99.0%
INFO:tensorflow:2019-10-09 18:23:50.515694: Step 1850: Cross entropy = 0.145656
I1009 18:23:50.515706 4564243904 retrain.py:1084] 2019-10-09 18:23:50.515694: Step 1850: Cross entropy = 0.145656
INFO:tensorflow:2019-10-09 18:23:50.571384: Step 1850: Validation accuracy = 51.0% (N=100)
I1009 18:23:50.571429 4564243904 retrain.py:1100] 2019-10-09 18:23:50.571384: Step 1850: Validation accuracy = 51.0% (N=100)
INFO:tensorflow:2019-10-09 18:23:51.124118: Step 1860: Train accuracy = 97.0%
I1009 18:23:51.124163 4564243904 retrain.py:1082] 2019-10-09 18:23:51.124118: Step 1860: Train accuracy = 97.0%
INFO:tensorflow:2019-10-09 18:23:51.124274: Step 1860: Cross entropy = 0.163773
I1009 18:23:51.124286 4564243904 retrain.py:1084] 2019-10-09 18:23:51.124274: Step 1860: Cross entropy = 0.163773
INFO:tensorflow:2019-10-09 18:23:51.180511: Step 1860: Validation accuracy = 50.0% (N=100)
I1009 18:23:51.180559 4564243904 retrain.py:1100] 2019-10-09 18:23:51.180511: Step 1860: Validation accuracy = 50.0% (N=100)
INFO:tensorflow:2019-10-09 18:23:51.732695: Step 1870: Train accuracy = 98.0%
I1009 18:23:51.732740 4564243904 retrain.py:1082] 2019-10-09 18:23:51.732695: Step 1870: Train accuracy = 98.0%
INFO:tensorflow:2019-10-09 18:23:51.732845: Step 1870: Cross entropy = 0.151329
I1009 18:23:51.732855 4564243904 retrain.py:1084] 2019-10-09 18:23:51.732845: Step 1870: Cross entropy = 0.151329
INFO:tensorflow:2019-10-09 18:23:51.788808: Step 1870: Validation accuracy = 41.0% (N=100)
I1009 18:23:51.788856 4564243904 retrain.py:1100] 2019-10-09 18:23:51.788808: Step 1870: Validation accuracy = 41.0% (N=100)
INFO:tensorflow:2019-10-09 18:23:52.342069: Step 1880: Train accuracy = 98.0%
I1009 18:23:52.342113 4564243904 retrain.py:1082] 2019-10-09 18:23:52.342069: Step 1880: Train accuracy = 98.0%
INFO:tensorflow:2019-10-09 18:23:52.342220: Step 1880: Cross entropy = 0.154696
I1009 18:23:52.342230 4564243904 retrain.py:1084] 2019-10-09 18:23:52.342220: Step 1880: Cross entropy = 0.154696
INFO:tensorflow:2019-10-09 18:23:52.398039: Step 1880: Validation accuracy = 52.0% (N=100)
I1009 18:23:52.398085 4564243904 retrain.py:1100] 2019-10-09 18:23:52.398039: Step 1880: Validation accuracy = 52.0% (N=100)
INFO:tensorflow:2019-10-09 18:23:52.951883: Step 1890: Train accuracy = 98.0%
I1009 18:23:52.951928 4564243904 retrain.py:1082] 2019-10-09 18:23:52.951883: Step 1890: Train accuracy = 98.0%
INFO:tensorflow:2019-10-09 18:23:52.952036: Step 1890: Cross entropy = 0.178605
I1009 18:23:52.952060 4564243904 retrain.py:1084] 2019-10-09 18:23:52.952036: Step 1890: Cross entropy = 0.178605
INFO:tensorflow:2019-10-09 18:23:53.008154: Step 1890: Validation accuracy = 65.0% (N=100)
I1009 18:23:53.008199 4564243904 retrain.py:1100] 2019-10-09 18:23:53.008154: Step 1890: Validation accuracy = 65.0% (N=100)
INFO:tensorflow:2019-10-09 18:23:53.560867: Step 1900: Train accuracy = 98.0%
I1009 18:23:53.560923 4564243904 retrain.py:1082] 2019-10-09 18:23:53.560867: Step 1900: Train accuracy = 98.0%
INFO:tensorflow:2019-10-09 18:23:53.561046: Step 1900: Cross entropy = 0.172439
I1009 18:23:53.561057 4564243904 retrain.py:1084] 2019-10-09 18:23:53.561046: Step 1900: Cross entropy = 0.172439
INFO:tensorflow:2019-10-09 18:23:53.617124: Step 1900: Validation accuracy = 46.0% (N=100)
I1009 18:23:53.617168 4564243904 retrain.py:1100] 2019-10-09 18:23:53.617124: Step 1900: Validation accuracy = 46.0% (N=100)
INFO:tensorflow:2019-10-09 18:23:54.168791: Step 1910: Train accuracy = 100.0%
I1009 18:23:54.168837 4564243904 retrain.py:1082] 2019-10-09 18:23:54.168791: Step 1910: Train accuracy = 100.0%
INFO:tensorflow:2019-10-09 18:23:54.168946: Step 1910: Cross entropy = 0.149932
I1009 18:23:54.168956 4564243904 retrain.py:1084] 2019-10-09 18:23:54.168946: Step 1910: Cross entropy = 0.149932
INFO:tensorflow:2019-10-09 18:23:54.225160: Step 1910: Validation accuracy = 43.0% (N=100)
I1009 18:23:54.225208 4564243904 retrain.py:1100] 2019-10-09 18:23:54.225160: Step 1910: Validation accuracy = 43.0% (N=100)
INFO:tensorflow:2019-10-09 18:23:54.777906: Step 1920: Train accuracy = 97.0%
I1009 18:23:54.777950 4564243904 retrain.py:1082] 2019-10-09 18:23:54.777906: Step 1920: Train accuracy = 97.0%
INFO:tensorflow:2019-10-09 18:23:54.778055: Step 1920: Cross entropy = 0.147898
I1009 18:23:54.778064 4564243904 retrain.py:1084] 2019-10-09 18:23:54.778055: Step 1920: Cross entropy = 0.147898
INFO:tensorflow:2019-10-09 18:23:54.834653: Step 1920: Validation accuracy = 43.0% (N=100)
I1009 18:23:54.834702 4564243904 retrain.py:1100] 2019-10-09 18:23:54.834653: Step 1920: Validation accuracy = 43.0% (N=100)
INFO:tensorflow:2019-10-09 18:23:55.386693: Step 1930: Train accuracy = 98.0%
I1009 18:23:55.386736 4564243904 retrain.py:1082] 2019-10-09 18:23:55.386693: Step 1930: Train accuracy = 98.0%
INFO:tensorflow:2019-10-09 18:23:55.386846: Step 1930: Cross entropy = 0.152857
I1009 18:23:55.386857 4564243904 retrain.py:1084] 2019-10-09 18:23:55.386846: Step 1930: Cross entropy = 0.152857
INFO:tensorflow:2019-10-09 18:23:55.442536: Step 1930: Validation accuracy = 46.0% (N=100)
I1009 18:23:55.442583 4564243904 retrain.py:1100] 2019-10-09 18:23:55.442536: Step 1930: Validation accuracy = 46.0% (N=100)
INFO:tensorflow:2019-10-09 18:23:55.995084: Step 1940: Train accuracy = 100.0%
I1009 18:23:55.995128 4564243904 retrain.py:1082] 2019-10-09 18:23:55.995084: Step 1940: Train accuracy = 100.0%
INFO:tensorflow:2019-10-09 18:23:55.995236: Step 1940: Cross entropy = 0.149016
I1009 18:23:55.995247 4564243904 retrain.py:1084] 2019-10-09 18:23:55.995236: Step 1940: Cross entropy = 0.149016
INFO:tensorflow:2019-10-09 18:23:56.051109: Step 1940: Validation accuracy = 53.0% (N=100)
I1009 18:23:56.051156 4564243904 retrain.py:1100] 2019-10-09 18:23:56.051109: Step 1940: Validation accuracy = 53.0% (N=100)
INFO:tensorflow:2019-10-09 18:23:56.604833: Step 1950: Train accuracy = 97.0%
I1009 18:23:56.604878 4564243904 retrain.py:1082] 2019-10-09 18:23:56.604833: Step 1950: Train accuracy = 97.0%
INFO:tensorflow:2019-10-09 18:23:56.604983: Step 1950: Cross entropy = 0.181708
I1009 18:23:56.604994 4564243904 retrain.py:1084] 2019-10-09 18:23:56.604983: Step 1950: Cross entropy = 0.181708
INFO:tensorflow:2019-10-09 18:23:56.661110: Step 1950: Validation accuracy = 54.0% (N=100)
I1009 18:23:56.661158 4564243904 retrain.py:1100] 2019-10-09 18:23:56.661110: Step 1950: Validation accuracy = 54.0% (N=100)
INFO:tensorflow:2019-10-09 18:23:57.214251: Step 1960: Train accuracy = 99.0%
I1009 18:23:57.214296 4564243904 retrain.py:1082] 2019-10-09 18:23:57.214251: Step 1960: Train accuracy = 99.0%
INFO:tensorflow:2019-10-09 18:23:57.214404: Step 1960: Cross entropy = 0.140940
I1009 18:23:57.214414 4564243904 retrain.py:1084] 2019-10-09 18:23:57.214404: Step 1960: Cross entropy = 0.140940
INFO:tensorflow:2019-10-09 18:23:57.270436: Step 1960: Validation accuracy = 38.0% (N=100)
I1009 18:23:57.270480 4564243904 retrain.py:1100] 2019-10-09 18:23:57.270436: Step 1960: Validation accuracy = 38.0% (N=100)
INFO:tensorflow:2019-10-09 18:23:57.824206: Step 1970: Train accuracy = 97.0%
I1009 18:23:57.824250 4564243904 retrain.py:1082] 2019-10-09 18:23:57.824206: Step 1970: Train accuracy = 97.0%
INFO:tensorflow:2019-10-09 18:23:57.824356: Step 1970: Cross entropy = 0.143458
I1009 18:23:57.824366 4564243904 retrain.py:1084] 2019-10-09 18:23:57.824356: Step 1970: Cross entropy = 0.143458
INFO:tensorflow:2019-10-09 18:23:57.880113: Step 1970: Validation accuracy = 36.0% (N=100)
I1009 18:23:57.880160 4564243904 retrain.py:1100] 2019-10-09 18:23:57.880113: Step 1970: Validation accuracy = 36.0% (N=100)
INFO:tensorflow:2019-10-09 18:23:58.434067: Step 1980: Train accuracy = 98.0%
I1009 18:23:58.434110 4564243904 retrain.py:1082] 2019-10-09 18:23:58.434067: Step 1980: Train accuracy = 98.0%
INFO:tensorflow:2019-10-09 18:23:58.434218: Step 1980: Cross entropy = 0.164627
I1009 18:23:58.434228 4564243904 retrain.py:1084] 2019-10-09 18:23:58.434218: Step 1980: Cross entropy = 0.164627
INFO:tensorflow:2019-10-09 18:23:58.490035: Step 1980: Validation accuracy = 44.0% (N=100)
I1009 18:23:58.490082 4564243904 retrain.py:1100] 2019-10-09 18:23:58.490035: Step 1980: Validation accuracy = 44.0% (N=100)
INFO:tensorflow:2019-10-09 18:23:59.041945: Step 1990: Train accuracy = 99.0%
I1009 18:23:59.041989 4564243904 retrain.py:1082] 2019-10-09 18:23:59.041945: Step 1990: Train accuracy = 99.0%
INFO:tensorflow:2019-10-09 18:23:59.042100: Step 1990: Cross entropy = 0.140035
I1009 18:23:59.042109 4564243904 retrain.py:1084] 2019-10-09 18:23:59.042100: Step 1990: Cross entropy = 0.140035
INFO:tensorflow:2019-10-09 18:23:59.097994: Step 1990: Validation accuracy = 60.0% (N=100)
I1009 18:23:59.098042 4564243904 retrain.py:1100] 2019-10-09 18:23:59.097994: Step 1990: Validation accuracy = 60.0% (N=100)
INFO:tensorflow:2019-10-09 18:23:59.650337: Step 2000: Train accuracy = 99.0%
I1009 18:23:59.650382 4564243904 retrain.py:1082] 2019-10-09 18:23:59.650337: Step 2000: Train accuracy = 99.0%
INFO:tensorflow:2019-10-09 18:23:59.650510: Step 2000: Cross entropy = 0.132221
I1009 18:23:59.650538 4564243904 retrain.py:1084] 2019-10-09 18:23:59.650510: Step 2000: Cross entropy = 0.132221
INFO:tensorflow:2019-10-09 18:23:59.706697: Step 2000: Validation accuracy = 42.0% (N=100)
I1009 18:23:59.706746 4564243904 retrain.py:1100] 2019-10-09 18:23:59.706697: Step 2000: Validation accuracy = 42.0% (N=100)
INFO:tensorflow:2019-10-09 18:24:00.260970: Step 2010: Train accuracy = 97.0%
I1009 18:24:00.261026 4564243904 retrain.py:1082] 2019-10-09 18:24:00.260970: Step 2010: Train accuracy = 97.0%
INFO:tensorflow:2019-10-09 18:24:00.261161: Step 2010: Cross entropy = 0.146893
I1009 18:24:00.261172 4564243904 retrain.py:1084] 2019-10-09 18:24:00.261161: Step 2010: Cross entropy = 0.146893
INFO:tensorflow:2019-10-09 18:24:00.317088: Step 2010: Validation accuracy = 37.0% (N=100)
I1009 18:24:00.317135 4564243904 retrain.py:1100] 2019-10-09 18:24:00.317088: Step 2010: Validation accuracy = 37.0% (N=100)
INFO:tensorflow:2019-10-09 18:24:00.870806: Step 2020: Train accuracy = 99.0%
I1009 18:24:00.870850 4564243904 retrain.py:1082] 2019-10-09 18:24:00.870806: Step 2020: Train accuracy = 99.0%
INFO:tensorflow:2019-10-09 18:24:00.870957: Step 2020: Cross entropy = 0.141353
I1009 18:24:00.870968 4564243904 retrain.py:1084] 2019-10-09 18:24:00.870957: Step 2020: Cross entropy = 0.141353
INFO:tensorflow:2019-10-09 18:24:00.927191: Step 2020: Validation accuracy = 46.0% (N=100)
I1009 18:24:00.927239 4564243904 retrain.py:1100] 2019-10-09 18:24:00.927191: Step 2020: Validation accuracy = 46.0% (N=100)
INFO:tensorflow:2019-10-09 18:24:01.480140: Step 2030: Train accuracy = 99.0%
I1009 18:24:01.480185 4564243904 retrain.py:1082] 2019-10-09 18:24:01.480140: Step 2030: Train accuracy = 99.0%
INFO:tensorflow:2019-10-09 18:24:01.480293: Step 2030: Cross entropy = 0.121437
I1009 18:24:01.480303 4564243904 retrain.py:1084] 2019-10-09 18:24:01.480293: Step 2030: Cross entropy = 0.121437
INFO:tensorflow:2019-10-09 18:24:01.536024: Step 2030: Validation accuracy = 46.0% (N=100)
I1009 18:24:01.536069 4564243904 retrain.py:1100] 2019-10-09 18:24:01.536024: Step 2030: Validation accuracy = 46.0% (N=100)
INFO:tensorflow:2019-10-09 18:24:02.087652: Step 2040: Train accuracy = 98.0%
I1009 18:24:02.087695 4564243904 retrain.py:1082] 2019-10-09 18:24:02.087652: Step 2040: Train accuracy = 98.0%
INFO:tensorflow:2019-10-09 18:24:02.087804: Step 2040: Cross entropy = 0.144357
I1009 18:24:02.087814 4564243904 retrain.py:1084] 2019-10-09 18:24:02.087804: Step 2040: Cross entropy = 0.144357
INFO:tensorflow:2019-10-09 18:24:02.143608: Step 2040: Validation accuracy = 48.0% (N=100)
I1009 18:24:02.143656 4564243904 retrain.py:1100] 2019-10-09 18:24:02.143608: Step 2040: Validation accuracy = 48.0% (N=100)
INFO:tensorflow:2019-10-09 18:24:02.696509: Step 2050: Train accuracy = 98.0%
I1009 18:24:02.696553 4564243904 retrain.py:1082] 2019-10-09 18:24:02.696509: Step 2050: Train accuracy = 98.0%
INFO:tensorflow:2019-10-09 18:24:02.696663: Step 2050: Cross entropy = 0.158286
I1009 18:24:02.696675 4564243904 retrain.py:1084] 2019-10-09 18:24:02.696663: Step 2050: Cross entropy = 0.158286
INFO:tensorflow:2019-10-09 18:24:02.752319: Step 2050: Validation accuracy = 53.0% (N=100)
I1009 18:24:02.752367 4564243904 retrain.py:1100] 2019-10-09 18:24:02.752319: Step 2050: Validation accuracy = 53.0% (N=100)
INFO:tensorflow:2019-10-09 18:24:03.307596: Step 2060: Train accuracy = 100.0%
I1009 18:24:03.307641 4564243904 retrain.py:1082] 2019-10-09 18:24:03.307596: Step 2060: Train accuracy = 100.0%
INFO:tensorflow:2019-10-09 18:24:03.307778: Step 2060: Cross entropy = 0.129531
I1009 18:24:03.307789 4564243904 retrain.py:1084] 2019-10-09 18:24:03.307778: Step 2060: Cross entropy = 0.129531
INFO:tensorflow:2019-10-09 18:24:03.363609: Step 2060: Validation accuracy = 53.0% (N=100)
I1009 18:24:03.363656 4564243904 retrain.py:1100] 2019-10-09 18:24:03.363609: Step 2060: Validation accuracy = 53.0% (N=100)
INFO:tensorflow:2019-10-09 18:24:03.916425: Step 2070: Train accuracy = 100.0%
I1009 18:24:03.916470 4564243904 retrain.py:1082] 2019-10-09 18:24:03.916425: Step 2070: Train accuracy = 100.0%
INFO:tensorflow:2019-10-09 18:24:03.916579: Step 2070: Cross entropy = 0.123463
I1009 18:24:03.916589 4564243904 retrain.py:1084] 2019-10-09 18:24:03.916579: Step 2070: Cross entropy = 0.123463
INFO:tensorflow:2019-10-09 18:24:03.972412: Step 2070: Validation accuracy = 40.0% (N=100)
I1009 18:24:03.972460 4564243904 retrain.py:1100] 2019-10-09 18:24:03.972412: Step 2070: Validation accuracy = 40.0% (N=100)
INFO:tensorflow:2019-10-09 18:24:04.525302: Step 2080: Train accuracy = 100.0%
I1009 18:24:04.525346 4564243904 retrain.py:1082] 2019-10-09 18:24:04.525302: Step 2080: Train accuracy = 100.0%
INFO:tensorflow:2019-10-09 18:24:04.525454: Step 2080: Cross entropy = 0.135861
I1009 18:24:04.525465 4564243904 retrain.py:1084] 2019-10-09 18:24:04.525454: Step 2080: Cross entropy = 0.135861
INFO:tensorflow:2019-10-09 18:24:04.581410: Step 2080: Validation accuracy = 40.0% (N=100)
I1009 18:24:04.581459 4564243904 retrain.py:1100] 2019-10-09 18:24:04.581410: Step 2080: Validation accuracy = 40.0% (N=100)
INFO:tensorflow:2019-10-09 18:24:05.134676: Step 2090: Train accuracy = 96.0%
I1009 18:24:05.134721 4564243904 retrain.py:1082] 2019-10-09 18:24:05.134676: Step 2090: Train accuracy = 96.0%
INFO:tensorflow:2019-10-09 18:24:05.134833: Step 2090: Cross entropy = 0.172166
I1009 18:24:05.134860 4564243904 retrain.py:1084] 2019-10-09 18:24:05.134833: Step 2090: Cross entropy = 0.172166
INFO:tensorflow:2019-10-09 18:24:05.191017: Step 2090: Validation accuracy = 48.0% (N=100)
I1009 18:24:05.191061 4564243904 retrain.py:1100] 2019-10-09 18:24:05.191017: Step 2090: Validation accuracy = 48.0% (N=100)
INFO:tensorflow:2019-10-09 18:24:05.743075: Step 2100: Train accuracy = 97.0%
I1009 18:24:05.743118 4564243904 retrain.py:1082] 2019-10-09 18:24:05.743075: Step 2100: Train accuracy = 97.0%
INFO:tensorflow:2019-10-09 18:24:05.743224: Step 2100: Cross entropy = 0.158781
I1009 18:24:05.743236 4564243904 retrain.py:1084] 2019-10-09 18:24:05.743224: Step 2100: Cross entropy = 0.158781
INFO:tensorflow:2019-10-09 18:24:05.799470: Step 2100: Validation accuracy = 49.0% (N=100)
I1009 18:24:05.799519 4564243904 retrain.py:1100] 2019-10-09 18:24:05.799470: Step 2100: Validation accuracy = 49.0% (N=100)
INFO:tensorflow:2019-10-09 18:24:06.351413: Step 2110: Train accuracy = 98.0%
I1009 18:24:06.351458 4564243904 retrain.py:1082] 2019-10-09 18:24:06.351413: Step 2110: Train accuracy = 98.0%
INFO:tensorflow:2019-10-09 18:24:06.351565: Step 2110: Cross entropy = 0.147473
I1009 18:24:06.351577 4564243904 retrain.py:1084] 2019-10-09 18:24:06.351565: Step 2110: Cross entropy = 0.147473
INFO:tensorflow:2019-10-09 18:24:06.407390: Step 2110: Validation accuracy = 49.0% (N=100)
I1009 18:24:06.407438 4564243904 retrain.py:1100] 2019-10-09 18:24:06.407390: Step 2110: Validation accuracy = 49.0% (N=100)
INFO:tensorflow:2019-10-09 18:24:06.959876: Step 2120: Train accuracy = 98.0%
I1009 18:24:06.959933 4564243904 retrain.py:1082] 2019-10-09 18:24:06.959876: Step 2120: Train accuracy = 98.0%
INFO:tensorflow:2019-10-09 18:24:06.960056: Step 2120: Cross entropy = 0.135644
I1009 18:24:06.960087 4564243904 retrain.py:1084] 2019-10-09 18:24:06.960056: Step 2120: Cross entropy = 0.135644
INFO:tensorflow:2019-10-09 18:24:07.016312: Step 2120: Validation accuracy = 45.0% (N=100)
I1009 18:24:07.016358 4564243904 retrain.py:1100] 2019-10-09 18:24:07.016312: Step 2120: Validation accuracy = 45.0% (N=100)
INFO:tensorflow:2019-10-09 18:24:07.568610: Step 2130: Train accuracy = 98.0%
I1009 18:24:07.568654 4564243904 retrain.py:1082] 2019-10-09 18:24:07.568610: Step 2130: Train accuracy = 98.0%
INFO:tensorflow:2019-10-09 18:24:07.568762: Step 2130: Cross entropy = 0.166196
I1009 18:24:07.568772 4564243904 retrain.py:1084] 2019-10-09 18:24:07.568762: Step 2130: Cross entropy = 0.166196
INFO:tensorflow:2019-10-09 18:24:07.624542: Step 2130: Validation accuracy = 56.0% (N=100)
I1009 18:24:07.624590 4564243904 retrain.py:1100] 2019-10-09 18:24:07.624542: Step 2130: Validation accuracy = 56.0% (N=100)
INFO:tensorflow:2019-10-09 18:24:08.176873: Step 2140: Train accuracy = 95.0%
I1009 18:24:08.176918 4564243904 retrain.py:1082] 2019-10-09 18:24:08.176873: Step 2140: Train accuracy = 95.0%
INFO:tensorflow:2019-10-09 18:24:08.177026: Step 2140: Cross entropy = 0.171500
I1009 18:24:08.177036 4564243904 retrain.py:1084] 2019-10-09 18:24:08.177026: Step 2140: Cross entropy = 0.171500
INFO:tensorflow:2019-10-09 18:24:08.232630: Step 2140: Validation accuracy = 46.0% (N=100)
I1009 18:24:08.232677 4564243904 retrain.py:1100] 2019-10-09 18:24:08.232630: Step 2140: Validation accuracy = 46.0% (N=100)
INFO:tensorflow:2019-10-09 18:24:08.784863: Step 2150: Train accuracy = 97.0%
I1009 18:24:08.784907 4564243904 retrain.py:1082] 2019-10-09 18:24:08.784863: Step 2150: Train accuracy = 97.0%
INFO:tensorflow:2019-10-09 18:24:08.785016: Step 2150: Cross entropy = 0.185018
I1009 18:24:08.785027 4564243904 retrain.py:1084] 2019-10-09 18:24:08.785016: Step 2150: Cross entropy = 0.185018
INFO:tensorflow:2019-10-09 18:24:08.841378: Step 2150: Validation accuracy = 48.0% (N=100)
I1009 18:24:08.841425 4564243904 retrain.py:1100] 2019-10-09 18:24:08.841378: Step 2150: Validation accuracy = 48.0% (N=100)
INFO:tensorflow:2019-10-09 18:24:09.394280: Step 2160: Train accuracy = 99.0%
I1009 18:24:09.394324 4564243904 retrain.py:1082] 2019-10-09 18:24:09.394280: Step 2160: Train accuracy = 99.0%
INFO:tensorflow:2019-10-09 18:24:09.394430: Step 2160: Cross entropy = 0.138644
I1009 18:24:09.394440 4564243904 retrain.py:1084] 2019-10-09 18:24:09.394430: Step 2160: Cross entropy = 0.138644
INFO:tensorflow:2019-10-09 18:24:09.450109: Step 2160: Validation accuracy = 64.0% (N=100)
I1009 18:24:09.450157 4564243904 retrain.py:1100] 2019-10-09 18:24:09.450109: Step 2160: Validation accuracy = 64.0% (N=100)
INFO:tensorflow:2019-10-09 18:24:10.002839: Step 2170: Train accuracy = 99.0%
I1009 18:24:10.002884 4564243904 retrain.py:1082] 2019-10-09 18:24:10.002839: Step 2170: Train accuracy = 99.0%
INFO:tensorflow:2019-10-09 18:24:10.002994: Step 2170: Cross entropy = 0.146700
I1009 18:24:10.003021 4564243904 retrain.py:1084] 2019-10-09 18:24:10.002994: Step 2170: Cross entropy = 0.146700
INFO:tensorflow:2019-10-09 18:24:10.059004: Step 2170: Validation accuracy = 49.0% (N=100)
I1009 18:24:10.059051 4564243904 retrain.py:1100] 2019-10-09 18:24:10.059004: Step 2170: Validation accuracy = 49.0% (N=100)
INFO:tensorflow:2019-10-09 18:24:10.611611: Step 2180: Train accuracy = 98.0%
I1009 18:24:10.611653 4564243904 retrain.py:1082] 2019-10-09 18:24:10.611611: Step 2180: Train accuracy = 98.0%
INFO:tensorflow:2019-10-09 18:24:10.611775: Step 2180: Cross entropy = 0.134963
I1009 18:24:10.611806 4564243904 retrain.py:1084] 2019-10-09 18:24:10.611775: Step 2180: Cross entropy = 0.134963
INFO:tensorflow:2019-10-09 18:24:10.668202: Step 2180: Validation accuracy = 42.0% (N=100)
I1009 18:24:10.668250 4564243904 retrain.py:1100] 2019-10-09 18:24:10.668202: Step 2180: Validation accuracy = 42.0% (N=100)
INFO:tensorflow:2019-10-09 18:24:11.222248: Step 2190: Train accuracy = 100.0%
I1009 18:24:11.222294 4564243904 retrain.py:1082] 2019-10-09 18:24:11.222248: Step 2190: Train accuracy = 100.0%
INFO:tensorflow:2019-10-09 18:24:11.222402: Step 2190: Cross entropy = 0.123080
I1009 18:24:11.222413 4564243904 retrain.py:1084] 2019-10-09 18:24:11.222402: Step 2190: Cross entropy = 0.123080
INFO:tensorflow:2019-10-09 18:24:11.278259: Step 2190: Validation accuracy = 37.0% (N=100)
I1009 18:24:11.278308 4564243904 retrain.py:1100] 2019-10-09 18:24:11.278259: Step 2190: Validation accuracy = 37.0% (N=100)
INFO:tensorflow:2019-10-09 18:24:11.831770: Step 2200: Train accuracy = 100.0%
I1009 18:24:11.831815 4564243904 retrain.py:1082] 2019-10-09 18:24:11.831770: Step 2200: Train accuracy = 100.0%
INFO:tensorflow:2019-10-09 18:24:11.831921: Step 2200: Cross entropy = 0.128780
I1009 18:24:11.831931 4564243904 retrain.py:1084] 2019-10-09 18:24:11.831921: Step 2200: Cross entropy = 0.128780
INFO:tensorflow:2019-10-09 18:24:11.887938: Step 2200: Validation accuracy = 44.0% (N=100)
I1009 18:24:11.887985 4564243904 retrain.py:1100] 2019-10-09 18:24:11.887938: Step 2200: Validation accuracy = 44.0% (N=100)
INFO:tensorflow:2019-10-09 18:24:12.440649: Step 2210: Train accuracy = 100.0%
I1009 18:24:12.440692 4564243904 retrain.py:1082] 2019-10-09 18:24:12.440649: Step 2210: Train accuracy = 100.0%
INFO:tensorflow:2019-10-09 18:24:12.440801: Step 2210: Cross entropy = 0.124234
I1009 18:24:12.440812 4564243904 retrain.py:1084] 2019-10-09 18:24:12.440801: Step 2210: Cross entropy = 0.124234
INFO:tensorflow:2019-10-09 18:24:12.496654: Step 2210: Validation accuracy = 57.0% (N=100)
I1009 18:24:12.496701 4564243904 retrain.py:1100] 2019-10-09 18:24:12.496654: Step 2210: Validation accuracy = 57.0% (N=100)
INFO:tensorflow:2019-10-09 18:24:13.060995: Step 2220: Train accuracy = 95.0%
I1009 18:24:13.061040 4564243904 retrain.py:1082] 2019-10-09 18:24:13.060995: Step 2220: Train accuracy = 95.0%
INFO:tensorflow:2019-10-09 18:24:13.061166: Step 2220: Cross entropy = 0.165577
I1009 18:24:13.061176 4564243904 retrain.py:1084] 2019-10-09 18:24:13.061166: Step 2220: Cross entropy = 0.165577
INFO:tensorflow:2019-10-09 18:24:13.117106: Step 2220: Validation accuracy = 40.0% (N=100)
I1009 18:24:13.117152 4564243904 retrain.py:1100] 2019-10-09 18:24:13.117106: Step 2220: Validation accuracy = 40.0% (N=100)
INFO:tensorflow:2019-10-09 18:24:13.669684: Step 2230: Train accuracy = 97.0%
I1009 18:24:13.669728 4564243904 retrain.py:1082] 2019-10-09 18:24:13.669684: Step 2230: Train accuracy = 97.0%
INFO:tensorflow:2019-10-09 18:24:13.669837: Step 2230: Cross entropy = 0.159806
I1009 18:24:13.669847 4564243904 retrain.py:1084] 2019-10-09 18:24:13.669837: Step 2230: Cross entropy = 0.159806
INFO:tensorflow:2019-10-09 18:24:13.726006: Step 2230: Validation accuracy = 55.0% (N=100)
I1009 18:24:13.726054 4564243904 retrain.py:1100] 2019-10-09 18:24:13.726006: Step 2230: Validation accuracy = 55.0% (N=100)
INFO:tensorflow:2019-10-09 18:24:14.277694: Step 2240: Train accuracy = 97.0%
I1009 18:24:14.277738 4564243904 retrain.py:1082] 2019-10-09 18:24:14.277694: Step 2240: Train accuracy = 97.0%
INFO:tensorflow:2019-10-09 18:24:14.277847: Step 2240: Cross entropy = 0.149281
I1009 18:24:14.277858 4564243904 retrain.py:1084] 2019-10-09 18:24:14.277847: Step 2240: Cross entropy = 0.149281
INFO:tensorflow:2019-10-09 18:24:14.334470: Step 2240: Validation accuracy = 48.0% (N=100)
I1009 18:24:14.334519 4564243904 retrain.py:1100] 2019-10-09 18:24:14.334470: Step 2240: Validation accuracy = 48.0% (N=100)
INFO:tensorflow:2019-10-09 18:24:14.888819: Step 2250: Train accuracy = 98.0%
I1009 18:24:14.888871 4564243904 retrain.py:1082] 2019-10-09 18:24:14.888819: Step 2250: Train accuracy = 98.0%
INFO:tensorflow:2019-10-09 18:24:14.889049: Step 2250: Cross entropy = 0.151541
I1009 18:24:14.889061 4564243904 retrain.py:1084] 2019-10-09 18:24:14.889049: Step 2250: Cross entropy = 0.151541
INFO:tensorflow:2019-10-09 18:24:14.944767: Step 2250: Validation accuracy = 46.0% (N=100)
I1009 18:24:14.944816 4564243904 retrain.py:1100] 2019-10-09 18:24:14.944767: Step 2250: Validation accuracy = 46.0% (N=100)
INFO:tensorflow:2019-10-09 18:24:15.497309: Step 2260: Train accuracy = 99.0%
I1009 18:24:15.497354 4564243904 retrain.py:1082] 2019-10-09 18:24:15.497309: Step 2260: Train accuracy = 99.0%
INFO:tensorflow:2019-10-09 18:24:15.497481: Step 2260: Cross entropy = 0.126573
I1009 18:24:15.497508 4564243904 retrain.py:1084] 2019-10-09 18:24:15.497481: Step 2260: Cross entropy = 0.126573
INFO:tensorflow:2019-10-09 18:24:15.553314: Step 2260: Validation accuracy = 57.0% (N=100)
I1009 18:24:15.553364 4564243904 retrain.py:1100] 2019-10-09 18:24:15.553314: Step 2260: Validation accuracy = 57.0% (N=100)
INFO:tensorflow:2019-10-09 18:24:16.106295: Step 2270: Train accuracy = 96.0%
I1009 18:24:16.106350 4564243904 retrain.py:1082] 2019-10-09 18:24:16.106295: Step 2270: Train accuracy = 96.0%
INFO:tensorflow:2019-10-09 18:24:16.106471: Step 2270: Cross entropy = 0.163952
I1009 18:24:16.106482 4564243904 retrain.py:1084] 2019-10-09 18:24:16.106471: Step 2270: Cross entropy = 0.163952
INFO:tensorflow:2019-10-09 18:24:16.162208: Step 2270: Validation accuracy = 47.0% (N=100)
I1009 18:24:16.162261 4564243904 retrain.py:1100] 2019-10-09 18:24:16.162208: Step 2270: Validation accuracy = 47.0% (N=100)
INFO:tensorflow:2019-10-09 18:24:16.716168: Step 2280: Train accuracy = 99.0%
I1009 18:24:16.716212 4564243904 retrain.py:1082] 2019-10-09 18:24:16.716168: Step 2280: Train accuracy = 99.0%
INFO:tensorflow:2019-10-09 18:24:16.716324: Step 2280: Cross entropy = 0.130652
I1009 18:24:16.716334 4564243904 retrain.py:1084] 2019-10-09 18:24:16.716324: Step 2280: Cross entropy = 0.130652
INFO:tensorflow:2019-10-09 18:24:16.772551: Step 2280: Validation accuracy = 43.0% (N=100)
I1009 18:24:16.772595 4564243904 retrain.py:1100] 2019-10-09 18:24:16.772551: Step 2280: Validation accuracy = 43.0% (N=100)
INFO:tensorflow:2019-10-09 18:24:17.326355: Step 2290: Train accuracy = 100.0%
I1009 18:24:17.326400 4564243904 retrain.py:1082] 2019-10-09 18:24:17.326355: Step 2290: Train accuracy = 100.0%
INFO:tensorflow:2019-10-09 18:24:17.326506: Step 2290: Cross entropy = 0.113874
I1009 18:24:17.326517 4564243904 retrain.py:1084] 2019-10-09 18:24:17.326506: Step 2290: Cross entropy = 0.113874
INFO:tensorflow:2019-10-09 18:24:17.382625: Step 2290: Validation accuracy = 42.0% (N=100)
I1009 18:24:17.382671 4564243904 retrain.py:1100] 2019-10-09 18:24:17.382625: Step 2290: Validation accuracy = 42.0% (N=100)
INFO:tensorflow:2019-10-09 18:24:17.935076: Step 2300: Train accuracy = 97.0%
I1009 18:24:17.935119 4564243904 retrain.py:1082] 2019-10-09 18:24:17.935076: Step 2300: Train accuracy = 97.0%
INFO:tensorflow:2019-10-09 18:24:17.935228: Step 2300: Cross entropy = 0.167911
I1009 18:24:17.935237 4564243904 retrain.py:1084] 2019-10-09 18:24:17.935228: Step 2300: Cross entropy = 0.167911
INFO:tensorflow:2019-10-09 18:24:17.991529: Step 2300: Validation accuracy = 54.0% (N=100)
I1009 18:24:17.991578 4564243904 retrain.py:1100] 2019-10-09 18:24:17.991529: Step 2300: Validation accuracy = 54.0% (N=100)
INFO:tensorflow:2019-10-09 18:24:18.543194: Step 2310: Train accuracy = 96.0%
I1009 18:24:18.543237 4564243904 retrain.py:1082] 2019-10-09 18:24:18.543194: Step 2310: Train accuracy = 96.0%
INFO:tensorflow:2019-10-09 18:24:18.543344: Step 2310: Cross entropy = 0.171226
I1009 18:24:18.543354 4564243904 retrain.py:1084] 2019-10-09 18:24:18.543344: Step 2310: Cross entropy = 0.171226
INFO:tensorflow:2019-10-09 18:24:18.599087: Step 2310: Validation accuracy = 42.0% (N=100)
I1009 18:24:18.599134 4564243904 retrain.py:1100] 2019-10-09 18:24:18.599087: Step 2310: Validation accuracy = 42.0% (N=100)
INFO:tensorflow:2019-10-09 18:24:19.151992: Step 2320: Train accuracy = 100.0%
I1009 18:24:19.152037 4564243904 retrain.py:1082] 2019-10-09 18:24:19.151992: Step 2320: Train accuracy = 100.0%
INFO:tensorflow:2019-10-09 18:24:19.152145: Step 2320: Cross entropy = 0.130781
I1009 18:24:19.152155 4564243904 retrain.py:1084] 2019-10-09 18:24:19.152145: Step 2320: Cross entropy = 0.130781
INFO:tensorflow:2019-10-09 18:24:19.207861: Step 2320: Validation accuracy = 43.0% (N=100)
I1009 18:24:19.207909 4564243904 retrain.py:1100] 2019-10-09 18:24:19.207861: Step 2320: Validation accuracy = 43.0% (N=100)
INFO:tensorflow:2019-10-09 18:24:19.759728: Step 2330: Train accuracy = 100.0%
I1009 18:24:19.759770 4564243904 retrain.py:1082] 2019-10-09 18:24:19.759728: Step 2330: Train accuracy = 100.0%
INFO:tensorflow:2019-10-09 18:24:19.759904: Step 2330: Cross entropy = 0.109646
I1009 18:24:19.759913 4564243904 retrain.py:1084] 2019-10-09 18:24:19.759904: Step 2330: Cross entropy = 0.109646
INFO:tensorflow:2019-10-09 18:24:19.816594: Step 2330: Validation accuracy = 51.0% (N=100)
I1009 18:24:19.816642 4564243904 retrain.py:1100] 2019-10-09 18:24:19.816594: Step 2330: Validation accuracy = 51.0% (N=100)
INFO:tensorflow:2019-10-09 18:24:20.372130: Step 2340: Train accuracy = 98.0%
I1009 18:24:20.372173 4564243904 retrain.py:1082] 2019-10-09 18:24:20.372130: Step 2340: Train accuracy = 98.0%
INFO:tensorflow:2019-10-09 18:24:20.372280: Step 2340: Cross entropy = 0.134187
I1009 18:24:20.372292 4564243904 retrain.py:1084] 2019-10-09 18:24:20.372280: Step 2340: Cross entropy = 0.134187
INFO:tensorflow:2019-10-09 18:24:20.428026: Step 2340: Validation accuracy = 52.0% (N=100)
I1009 18:24:20.428073 4564243904 retrain.py:1100] 2019-10-09 18:24:20.428026: Step 2340: Validation accuracy = 52.0% (N=100)
INFO:tensorflow:2019-10-09 18:24:20.980662: Step 2350: Train accuracy = 98.0%
I1009 18:24:20.980708 4564243904 retrain.py:1082] 2019-10-09 18:24:20.980662: Step 2350: Train accuracy = 98.0%
INFO:tensorflow:2019-10-09 18:24:20.980819: Step 2350: Cross entropy = 0.139564
I1009 18:24:20.980829 4564243904 retrain.py:1084] 2019-10-09 18:24:20.980819: Step 2350: Cross entropy = 0.139564
INFO:tensorflow:2019-10-09 18:24:21.036381: Step 2350: Validation accuracy = 48.0% (N=100)
I1009 18:24:21.036426 4564243904 retrain.py:1100] 2019-10-09 18:24:21.036381: Step 2350: Validation accuracy = 48.0% (N=100)
INFO:tensorflow:2019-10-09 18:24:21.589373: Step 2360: Train accuracy = 100.0%
I1009 18:24:21.589417 4564243904 retrain.py:1082] 2019-10-09 18:24:21.589373: Step 2360: Train accuracy = 100.0%
INFO:tensorflow:2019-10-09 18:24:21.589528: Step 2360: Cross entropy = 0.135317
I1009 18:24:21.589538 4564243904 retrain.py:1084] 2019-10-09 18:24:21.589528: Step 2360: Cross entropy = 0.135317
INFO:tensorflow:2019-10-09 18:24:21.645640: Step 2360: Validation accuracy = 47.0% (N=100)
I1009 18:24:21.645689 4564243904 retrain.py:1100] 2019-10-09 18:24:21.645640: Step 2360: Validation accuracy = 47.0% (N=100)
INFO:tensorflow:2019-10-09 18:24:22.197922: Step 2370: Train accuracy = 98.0%
I1009 18:24:22.197967 4564243904 retrain.py:1082] 2019-10-09 18:24:22.197922: Step 2370: Train accuracy = 98.0%
INFO:tensorflow:2019-10-09 18:24:22.198076: Step 2370: Cross entropy = 0.156007
I1009 18:24:22.198085 4564243904 retrain.py:1084] 2019-10-09 18:24:22.198076: Step 2370: Cross entropy = 0.156007
INFO:tensorflow:2019-10-09 18:24:22.253801: Step 2370: Validation accuracy = 45.0% (N=100)
I1009 18:24:22.253848 4564243904 retrain.py:1100] 2019-10-09 18:24:22.253801: Step 2370: Validation accuracy = 45.0% (N=100)
INFO:tensorflow:2019-10-09 18:24:22.806572: Step 2380: Train accuracy = 98.0%
I1009 18:24:22.806629 4564243904 retrain.py:1082] 2019-10-09 18:24:22.806572: Step 2380: Train accuracy = 98.0%
INFO:tensorflow:2019-10-09 18:24:22.806814: Step 2380: Cross entropy = 0.154817
I1009 18:24:22.806844 4564243904 retrain.py:1084] 2019-10-09 18:24:22.806814: Step 2380: Cross entropy = 0.154817
INFO:tensorflow:2019-10-09 18:24:22.864784: Step 2380: Validation accuracy = 49.0% (N=100)
I1009 18:24:22.864831 4564243904 retrain.py:1100] 2019-10-09 18:24:22.864784: Step 2380: Validation accuracy = 49.0% (N=100)
INFO:tensorflow:2019-10-09 18:24:23.418203: Step 2390: Train accuracy = 97.0%
I1009 18:24:23.418247 4564243904 retrain.py:1082] 2019-10-09 18:24:23.418203: Step 2390: Train accuracy = 97.0%
INFO:tensorflow:2019-10-09 18:24:23.418356: Step 2390: Cross entropy = 0.152674
I1009 18:24:23.418365 4564243904 retrain.py:1084] 2019-10-09 18:24:23.418356: Step 2390: Cross entropy = 0.152674
INFO:tensorflow:2019-10-09 18:24:23.474448: Step 2390: Validation accuracy = 41.0% (N=100)
I1009 18:24:23.474495 4564243904 retrain.py:1100] 2019-10-09 18:24:23.474448: Step 2390: Validation accuracy = 41.0% (N=100)
INFO:tensorflow:2019-10-09 18:24:24.026286: Step 2400: Train accuracy = 99.0%
I1009 18:24:24.026330 4564243904 retrain.py:1082] 2019-10-09 18:24:24.026286: Step 2400: Train accuracy = 99.0%
INFO:tensorflow:2019-10-09 18:24:24.026441: Step 2400: Cross entropy = 0.142469
I1009 18:24:24.026464 4564243904 retrain.py:1084] 2019-10-09 18:24:24.026441: Step 2400: Cross entropy = 0.142469
INFO:tensorflow:2019-10-09 18:24:24.082305: Step 2400: Validation accuracy = 50.0% (N=100)
I1009 18:24:24.082353 4564243904 retrain.py:1100] 2019-10-09 18:24:24.082305: Step 2400: Validation accuracy = 50.0% (N=100)
INFO:tensorflow:2019-10-09 18:24:24.634249: Step 2410: Train accuracy = 98.0%
I1009 18:24:24.634294 4564243904 retrain.py:1082] 2019-10-09 18:24:24.634249: Step 2410: Train accuracy = 98.0%
INFO:tensorflow:2019-10-09 18:24:24.634405: Step 2410: Cross entropy = 0.143271
I1009 18:24:24.634416 4564243904 retrain.py:1084] 2019-10-09 18:24:24.634405: Step 2410: Cross entropy = 0.143271
INFO:tensorflow:2019-10-09 18:24:24.690093: Step 2410: Validation accuracy = 41.0% (N=100)
I1009 18:24:24.690140 4564243904 retrain.py:1100] 2019-10-09 18:24:24.690093: Step 2410: Validation accuracy = 41.0% (N=100)
INFO:tensorflow:2019-10-09 18:24:25.242800: Step 2420: Train accuracy = 99.0%
I1009 18:24:25.242844 4564243904 retrain.py:1082] 2019-10-09 18:24:25.242800: Step 2420: Train accuracy = 99.0%
INFO:tensorflow:2019-10-09 18:24:25.242952: Step 2420: Cross entropy = 0.116609
I1009 18:24:25.242962 4564243904 retrain.py:1084] 2019-10-09 18:24:25.242952: Step 2420: Cross entropy = 0.116609
INFO:tensorflow:2019-10-09 18:24:25.298535: Step 2420: Validation accuracy = 39.0% (N=100)
I1009 18:24:25.298583 4564243904 retrain.py:1100] 2019-10-09 18:24:25.298535: Step 2420: Validation accuracy = 39.0% (N=100)
INFO:tensorflow:2019-10-09 18:24:25.852235: Step 2430: Train accuracy = 98.0%
I1009 18:24:25.852280 4564243904 retrain.py:1082] 2019-10-09 18:24:25.852235: Step 2430: Train accuracy = 98.0%
INFO:tensorflow:2019-10-09 18:24:25.852405: Step 2430: Cross entropy = 0.135251
I1009 18:24:25.852432 4564243904 retrain.py:1084] 2019-10-09 18:24:25.852405: Step 2430: Cross entropy = 0.135251
INFO:tensorflow:2019-10-09 18:24:25.908694: Step 2430: Validation accuracy = 49.0% (N=100)
I1009 18:24:25.908741 4564243904 retrain.py:1100] 2019-10-09 18:24:25.908694: Step 2430: Validation accuracy = 49.0% (N=100)
INFO:tensorflow:2019-10-09 18:24:26.460983: Step 2440: Train accuracy = 98.0%
I1009 18:24:26.461038 4564243904 retrain.py:1082] 2019-10-09 18:24:26.460983: Step 2440: Train accuracy = 98.0%
INFO:tensorflow:2019-10-09 18:24:26.461175: Step 2440: Cross entropy = 0.134618
I1009 18:24:26.461185 4564243904 retrain.py:1084] 2019-10-09 18:24:26.461175: Step 2440: Cross entropy = 0.134618
INFO:tensorflow:2019-10-09 18:24:26.517099: Step 2440: Validation accuracy = 42.0% (N=100)
I1009 18:24:26.517146 4564243904 retrain.py:1100] 2019-10-09 18:24:26.517099: Step 2440: Validation accuracy = 42.0% (N=100)
INFO:tensorflow:2019-10-09 18:24:27.070771: Step 2450: Train accuracy = 99.0%
I1009 18:24:27.070815 4564243904 retrain.py:1082] 2019-10-09 18:24:27.070771: Step 2450: Train accuracy = 99.0%
INFO:tensorflow:2019-10-09 18:24:27.070925: Step 2450: Cross entropy = 0.121219
I1009 18:24:27.070949 4564243904 retrain.py:1084] 2019-10-09 18:24:27.070925: Step 2450: Cross entropy = 0.121219
INFO:tensorflow:2019-10-09 18:24:27.127408: Step 2450: Validation accuracy = 57.0% (N=100)
I1009 18:24:27.127454 4564243904 retrain.py:1100] 2019-10-09 18:24:27.127408: Step 2450: Validation accuracy = 57.0% (N=100)
INFO:tensorflow:2019-10-09 18:24:27.679771: Step 2460: Train accuracy = 98.0%
I1009 18:24:27.679813 4564243904 retrain.py:1082] 2019-10-09 18:24:27.679771: Step 2460: Train accuracy = 98.0%
INFO:tensorflow:2019-10-09 18:24:27.679920: Step 2460: Cross entropy = 0.136715
I1009 18:24:27.679930 4564243904 retrain.py:1084] 2019-10-09 18:24:27.679920: Step 2460: Cross entropy = 0.136715
INFO:tensorflow:2019-10-09 18:24:27.735731: Step 2460: Validation accuracy = 44.0% (N=100)
I1009 18:24:27.735781 4564243904 retrain.py:1100] 2019-10-09 18:24:27.735731: Step 2460: Validation accuracy = 44.0% (N=100)
INFO:tensorflow:2019-10-09 18:24:28.288822: Step 2470: Train accuracy = 98.0%
I1009 18:24:28.288866 4564243904 retrain.py:1082] 2019-10-09 18:24:28.288822: Step 2470: Train accuracy = 98.0%
INFO:tensorflow:2019-10-09 18:24:28.288974: Step 2470: Cross entropy = 0.139128
I1009 18:24:28.288985 4564243904 retrain.py:1084] 2019-10-09 18:24:28.288974: Step 2470: Cross entropy = 0.139128
INFO:tensorflow:2019-10-09 18:24:28.345504: Step 2470: Validation accuracy = 40.0% (N=100)
I1009 18:24:28.345551 4564243904 retrain.py:1100] 2019-10-09 18:24:28.345504: Step 2470: Validation accuracy = 40.0% (N=100)
INFO:tensorflow:2019-10-09 18:24:28.899356: Step 2480: Train accuracy = 100.0%
I1009 18:24:28.899398 4564243904 retrain.py:1082] 2019-10-09 18:24:28.899356: Step 2480: Train accuracy = 100.0%
INFO:tensorflow:2019-10-09 18:24:28.899507: Step 2480: Cross entropy = 0.112400
I1009 18:24:28.899518 4564243904 retrain.py:1084] 2019-10-09 18:24:28.899507: Step 2480: Cross entropy = 0.112400
INFO:tensorflow:2019-10-09 18:24:28.955496: Step 2480: Validation accuracy = 49.0% (N=100)
I1009 18:24:28.955540 4564243904 retrain.py:1100] 2019-10-09 18:24:28.955496: Step 2480: Validation accuracy = 49.0% (N=100)
INFO:tensorflow:2019-10-09 18:24:29.508064: Step 2490: Train accuracy = 98.0%
I1009 18:24:29.508121 4564243904 retrain.py:1082] 2019-10-09 18:24:29.508064: Step 2490: Train accuracy = 98.0%
INFO:tensorflow:2019-10-09 18:24:29.508259: Step 2490: Cross entropy = 0.141085
I1009 18:24:29.508270 4564243904 retrain.py:1084] 2019-10-09 18:24:29.508259: Step 2490: Cross entropy = 0.141085
INFO:tensorflow:2019-10-09 18:24:29.564693: Step 2490: Validation accuracy = 45.0% (N=100)
I1009 18:24:29.564738 4564243904 retrain.py:1100] 2019-10-09 18:24:29.564693: Step 2490: Validation accuracy = 45.0% (N=100)
INFO:tensorflow:2019-10-09 18:24:30.117126: Step 2500: Train accuracy = 100.0%
I1009 18:24:30.117171 4564243904 retrain.py:1082] 2019-10-09 18:24:30.117126: Step 2500: Train accuracy = 100.0%
INFO:tensorflow:2019-10-09 18:24:30.117281: Step 2500: Cross entropy = 0.122482
I1009 18:24:30.117293 4564243904 retrain.py:1084] 2019-10-09 18:24:30.117281: Step 2500: Cross entropy = 0.122482
INFO:tensorflow:2019-10-09 18:24:30.173333: Step 2500: Validation accuracy = 43.0% (N=100)
I1009 18:24:30.173376 4564243904 retrain.py:1100] 2019-10-09 18:24:30.173333: Step 2500: Validation accuracy = 43.0% (N=100)
INFO:tensorflow:2019-10-09 18:24:30.726924: Step 2510: Train accuracy = 99.0%
I1009 18:24:30.726967 4564243904 retrain.py:1082] 2019-10-09 18:24:30.726924: Step 2510: Train accuracy = 99.0%
INFO:tensorflow:2019-10-09 18:24:30.727072: Step 2510: Cross entropy = 0.125171
I1009 18:24:30.727082 4564243904 retrain.py:1084] 2019-10-09 18:24:30.727072: Step 2510: Cross entropy = 0.125171
INFO:tensorflow:2019-10-09 18:24:30.783011: Step 2510: Validation accuracy = 58.0% (N=100)
I1009 18:24:30.783060 4564243904 retrain.py:1100] 2019-10-09 18:24:30.783011: Step 2510: Validation accuracy = 58.0% (N=100)
INFO:tensorflow:2019-10-09 18:24:31.337333: Step 2520: Train accuracy = 98.0%
I1009 18:24:31.337377 4564243904 retrain.py:1082] 2019-10-09 18:24:31.337333: Step 2520: Train accuracy = 98.0%
INFO:tensorflow:2019-10-09 18:24:31.337486: Step 2520: Cross entropy = 0.139933
I1009 18:24:31.337496 4564243904 retrain.py:1084] 2019-10-09 18:24:31.337486: Step 2520: Cross entropy = 0.139933
INFO:tensorflow:2019-10-09 18:24:31.393559: Step 2520: Validation accuracy = 46.0% (N=100)
I1009 18:24:31.393604 4564243904 retrain.py:1100] 2019-10-09 18:24:31.393559: Step 2520: Validation accuracy = 46.0% (N=100)
INFO:tensorflow:2019-10-09 18:24:31.947989: Step 2530: Train accuracy = 97.0%
I1009 18:24:31.948034 4564243904 retrain.py:1082] 2019-10-09 18:24:31.947989: Step 2530: Train accuracy = 97.0%
INFO:tensorflow:2019-10-09 18:24:31.948142: Step 2530: Cross entropy = 0.153524
I1009 18:24:31.948152 4564243904 retrain.py:1084] 2019-10-09 18:24:31.948142: Step 2530: Cross entropy = 0.153524
INFO:tensorflow:2019-10-09 18:24:32.004283: Step 2530: Validation accuracy = 41.0% (N=100)
I1009 18:24:32.004329 4564243904 retrain.py:1100] 2019-10-09 18:24:32.004283: Step 2530: Validation accuracy = 41.0% (N=100)
INFO:tensorflow:2019-10-09 18:24:32.556897: Step 2540: Train accuracy = 99.0%
I1009 18:24:32.556954 4564243904 retrain.py:1082] 2019-10-09 18:24:32.556897: Step 2540: Train accuracy = 99.0%
INFO:tensorflow:2019-10-09 18:24:32.557093: Step 2540: Cross entropy = 0.125063
I1009 18:24:32.557104 4564243904 retrain.py:1084] 2019-10-09 18:24:32.557093: Step 2540: Cross entropy = 0.125063
INFO:tensorflow:2019-10-09 18:24:32.612963: Step 2540: Validation accuracy = 35.0% (N=100)
I1009 18:24:32.613009 4564243904 retrain.py:1100] 2019-10-09 18:24:32.612963: Step 2540: Validation accuracy = 35.0% (N=100)
INFO:tensorflow:2019-10-09 18:24:33.166228: Step 2550: Train accuracy = 100.0%
I1009 18:24:33.166273 4564243904 retrain.py:1082] 2019-10-09 18:24:33.166228: Step 2550: Train accuracy = 100.0%
INFO:tensorflow:2019-10-09 18:24:33.166384: Step 2550: Cross entropy = 0.113199
I1009 18:24:33.166394 4564243904 retrain.py:1084] 2019-10-09 18:24:33.166384: Step 2550: Cross entropy = 0.113199
INFO:tensorflow:2019-10-09 18:24:33.222207: Step 2550: Validation accuracy = 44.0% (N=100)
I1009 18:24:33.222256 4564243904 retrain.py:1100] 2019-10-09 18:24:33.222207: Step 2550: Validation accuracy = 44.0% (N=100)
INFO:tensorflow:2019-10-09 18:24:33.775123: Step 2560: Train accuracy = 97.0%
I1009 18:24:33.775166 4564243904 retrain.py:1082] 2019-10-09 18:24:33.775123: Step 2560: Train accuracy = 97.0%
INFO:tensorflow:2019-10-09 18:24:33.775277: Step 2560: Cross entropy = 0.141368
I1009 18:24:33.775287 4564243904 retrain.py:1084] 2019-10-09 18:24:33.775277: Step 2560: Cross entropy = 0.141368
INFO:tensorflow:2019-10-09 18:24:33.831730: Step 2560: Validation accuracy = 50.0% (N=100)
I1009 18:24:33.831779 4564243904 retrain.py:1100] 2019-10-09 18:24:33.831730: Step 2560: Validation accuracy = 50.0% (N=100)
INFO:tensorflow:2019-10-09 18:24:34.385150: Step 2570: Train accuracy = 99.0%
I1009 18:24:34.385197 4564243904 retrain.py:1082] 2019-10-09 18:24:34.385150: Step 2570: Train accuracy = 99.0%
INFO:tensorflow:2019-10-09 18:24:34.385307: Step 2570: Cross entropy = 0.123432
I1009 18:24:34.385317 4564243904 retrain.py:1084] 2019-10-09 18:24:34.385307: Step 2570: Cross entropy = 0.123432
INFO:tensorflow:2019-10-09 18:24:34.441171: Step 2570: Validation accuracy = 42.0% (N=100)
I1009 18:24:34.441219 4564243904 retrain.py:1100] 2019-10-09 18:24:34.441171: Step 2570: Validation accuracy = 42.0% (N=100)
INFO:tensorflow:2019-10-09 18:24:34.995585: Step 2580: Train accuracy = 98.0%
I1009 18:24:34.995629 4564243904 retrain.py:1082] 2019-10-09 18:24:34.995585: Step 2580: Train accuracy = 98.0%
INFO:tensorflow:2019-10-09 18:24:34.995737: Step 2580: Cross entropy = 0.134077
I1009 18:24:34.995748 4564243904 retrain.py:1084] 2019-10-09 18:24:34.995737: Step 2580: Cross entropy = 0.134077
INFO:tensorflow:2019-10-09 18:24:35.051528: Step 2580: Validation accuracy = 50.0% (N=100)
I1009 18:24:35.051576 4564243904 retrain.py:1100] 2019-10-09 18:24:35.051528: Step 2580: Validation accuracy = 50.0% (N=100)
INFO:tensorflow:2019-10-09 18:24:35.604102: Step 2590: Train accuracy = 99.0%
I1009 18:24:35.604146 4564243904 retrain.py:1082] 2019-10-09 18:24:35.604102: Step 2590: Train accuracy = 99.0%
INFO:tensorflow:2019-10-09 18:24:35.604251: Step 2590: Cross entropy = 0.110964
I1009 18:24:35.604261 4564243904 retrain.py:1084] 2019-10-09 18:24:35.604251: Step 2590: Cross entropy = 0.110964
INFO:tensorflow:2019-10-09 18:24:35.660480: Step 2590: Validation accuracy = 39.0% (N=100)
I1009 18:24:35.660528 4564243904 retrain.py:1100] 2019-10-09 18:24:35.660480: Step 2590: Validation accuracy = 39.0% (N=100)
INFO:tensorflow:2019-10-09 18:24:36.214723: Step 2600: Train accuracy = 100.0%
I1009 18:24:36.214768 4564243904 retrain.py:1082] 2019-10-09 18:24:36.214723: Step 2600: Train accuracy = 100.0%
INFO:tensorflow:2019-10-09 18:24:36.214877: Step 2600: Cross entropy = 0.117851
I1009 18:24:36.214889 4564243904 retrain.py:1084] 2019-10-09 18:24:36.214877: Step 2600: Cross entropy = 0.117851
INFO:tensorflow:2019-10-09 18:24:36.270871: Step 2600: Validation accuracy = 41.0% (N=100)
I1009 18:24:36.270914 4564243904 retrain.py:1100] 2019-10-09 18:24:36.270871: Step 2600: Validation accuracy = 41.0% (N=100)
INFO:tensorflow:2019-10-09 18:24:36.823868: Step 2610: Train accuracy = 97.0%
I1009 18:24:36.823918 4564243904 retrain.py:1082] 2019-10-09 18:24:36.823868: Step 2610: Train accuracy = 97.0%
INFO:tensorflow:2019-10-09 18:24:36.824027: Step 2610: Cross entropy = 0.177343
I1009 18:24:36.824037 4564243904 retrain.py:1084] 2019-10-09 18:24:36.824027: Step 2610: Cross entropy = 0.177343
INFO:tensorflow:2019-10-09 18:24:36.879879: Step 2610: Validation accuracy = 45.0% (N=100)
I1009 18:24:36.879927 4564243904 retrain.py:1100] 2019-10-09 18:24:36.879879: Step 2610: Validation accuracy = 45.0% (N=100)
INFO:tensorflow:2019-10-09 18:24:37.434046: Step 2620: Train accuracy = 99.0%
I1009 18:24:37.434091 4564243904 retrain.py:1082] 2019-10-09 18:24:37.434046: Step 2620: Train accuracy = 99.0%
INFO:tensorflow:2019-10-09 18:24:37.434202: Step 2620: Cross entropy = 0.137270
I1009 18:24:37.434213 4564243904 retrain.py:1084] 2019-10-09 18:24:37.434202: Step 2620: Cross entropy = 0.137270
INFO:tensorflow:2019-10-09 18:24:37.490341: Step 2620: Validation accuracy = 59.0% (N=100)
I1009 18:24:37.490389 4564243904 retrain.py:1100] 2019-10-09 18:24:37.490341: Step 2620: Validation accuracy = 59.0% (N=100)
INFO:tensorflow:2019-10-09 18:24:38.044612: Step 2630: Train accuracy = 99.0%
I1009 18:24:38.044656 4564243904 retrain.py:1082] 2019-10-09 18:24:38.044612: Step 2630: Train accuracy = 99.0%
INFO:tensorflow:2019-10-09 18:24:38.044766: Step 2630: Cross entropy = 0.123744
I1009 18:24:38.044776 4564243904 retrain.py:1084] 2019-10-09 18:24:38.044766: Step 2630: Cross entropy = 0.123744
INFO:tensorflow:2019-10-09 18:24:38.100796: Step 2630: Validation accuracy = 53.0% (N=100)
I1009 18:24:38.100845 4564243904 retrain.py:1100] 2019-10-09 18:24:38.100796: Step 2630: Validation accuracy = 53.0% (N=100)
INFO:tensorflow:2019-10-09 18:24:38.653738: Step 2640: Train accuracy = 100.0%
I1009 18:24:38.653780 4564243904 retrain.py:1082] 2019-10-09 18:24:38.653738: Step 2640: Train accuracy = 100.0%
INFO:tensorflow:2019-10-09 18:24:38.653887: Step 2640: Cross entropy = 0.105604
I1009 18:24:38.653897 4564243904 retrain.py:1084] 2019-10-09 18:24:38.653887: Step 2640: Cross entropy = 0.105604
INFO:tensorflow:2019-10-09 18:24:38.709758: Step 2640: Validation accuracy = 32.0% (N=100)
I1009 18:24:38.709803 4564243904 retrain.py:1100] 2019-10-09 18:24:38.709758: Step 2640: Validation accuracy = 32.0% (N=100)
INFO:tensorflow:2019-10-09 18:24:39.263053: Step 2650: Train accuracy = 100.0%
I1009 18:24:39.263098 4564243904 retrain.py:1082] 2019-10-09 18:24:39.263053: Step 2650: Train accuracy = 100.0%
INFO:tensorflow:2019-10-09 18:24:39.263207: Step 2650: Cross entropy = 0.110286
I1009 18:24:39.263217 4564243904 retrain.py:1084] 2019-10-09 18:24:39.263207: Step 2650: Cross entropy = 0.110286
INFO:tensorflow:2019-10-09 18:24:39.319784: Step 2650: Validation accuracy = 50.0% (N=100)
I1009 18:24:39.319832 4564243904 retrain.py:1100] 2019-10-09 18:24:39.319784: Step 2650: Validation accuracy = 50.0% (N=100)
INFO:tensorflow:2019-10-09 18:24:39.874336: Step 2660: Train accuracy = 98.0%
I1009 18:24:39.874382 4564243904 retrain.py:1082] 2019-10-09 18:24:39.874336: Step 2660: Train accuracy = 98.0%
INFO:tensorflow:2019-10-09 18:24:39.874495: Step 2660: Cross entropy = 0.141788
I1009 18:24:39.874505 4564243904 retrain.py:1084] 2019-10-09 18:24:39.874495: Step 2660: Cross entropy = 0.141788
INFO:tensorflow:2019-10-09 18:24:39.930342: Step 2660: Validation accuracy = 44.0% (N=100)
I1009 18:24:39.930391 4564243904 retrain.py:1100] 2019-10-09 18:24:39.930342: Step 2660: Validation accuracy = 44.0% (N=100)
INFO:tensorflow:2019-10-09 18:24:40.482810: Step 2670: Train accuracy = 99.0%
I1009 18:24:40.482853 4564243904 retrain.py:1082] 2019-10-09 18:24:40.482810: Step 2670: Train accuracy = 99.0%
INFO:tensorflow:2019-10-09 18:24:40.482961: Step 2670: Cross entropy = 0.115659
I1009 18:24:40.482970 4564243904 retrain.py:1084] 2019-10-09 18:24:40.482961: Step 2670: Cross entropy = 0.115659
INFO:tensorflow:2019-10-09 18:24:40.538983: Step 2670: Validation accuracy = 41.0% (N=100)
I1009 18:24:40.539031 4564243904 retrain.py:1100] 2019-10-09 18:24:40.538983: Step 2670: Validation accuracy = 41.0% (N=100)
INFO:tensorflow:2019-10-09 18:24:41.097189: Step 2680: Train accuracy = 100.0%
I1009 18:24:41.097232 4564243904 retrain.py:1082] 2019-10-09 18:24:41.097189: Step 2680: Train accuracy = 100.0%
INFO:tensorflow:2019-10-09 18:24:41.097338: Step 2680: Cross entropy = 0.123056
I1009 18:24:41.097349 4564243904 retrain.py:1084] 2019-10-09 18:24:41.097338: Step 2680: Cross entropy = 0.123056
INFO:tensorflow:2019-10-09 18:24:41.154352: Step 2680: Validation accuracy = 46.0% (N=100)
I1009 18:24:41.154398 4564243904 retrain.py:1100] 2019-10-09 18:24:41.154352: Step 2680: Validation accuracy = 46.0% (N=100)
INFO:tensorflow:2019-10-09 18:24:41.715883: Step 2690: Train accuracy = 100.0%
I1009 18:24:41.715928 4564243904 retrain.py:1082] 2019-10-09 18:24:41.715883: Step 2690: Train accuracy = 100.0%
INFO:tensorflow:2019-10-09 18:24:41.716039: Step 2690: Cross entropy = 0.102349
I1009 18:24:41.716066 4564243904 retrain.py:1084] 2019-10-09 18:24:41.716039: Step 2690: Cross entropy = 0.102349
INFO:tensorflow:2019-10-09 18:24:41.773482: Step 2690: Validation accuracy = 49.0% (N=100)
I1009 18:24:41.773530 4564243904 retrain.py:1100] 2019-10-09 18:24:41.773482: Step 2690: Validation accuracy = 49.0% (N=100)
INFO:tensorflow:2019-10-09 18:24:42.341128: Step 2700: Train accuracy = 100.0%
I1009 18:24:42.341172 4564243904 retrain.py:1082] 2019-10-09 18:24:42.341128: Step 2700: Train accuracy = 100.0%
INFO:tensorflow:2019-10-09 18:24:42.341294: Step 2700: Cross entropy = 0.119256
I1009 18:24:42.341308 4564243904 retrain.py:1084] 2019-10-09 18:24:42.341294: Step 2700: Cross entropy = 0.119256
INFO:tensorflow:2019-10-09 18:24:42.398909: Step 2700: Validation accuracy = 46.0% (N=100)
I1009 18:24:42.398953 4564243904 retrain.py:1100] 2019-10-09 18:24:42.398909: Step 2700: Validation accuracy = 46.0% (N=100)
INFO:tensorflow:2019-10-09 18:24:42.975397: Step 2710: Train accuracy = 99.0%
I1009 18:24:42.975439 4564243904 retrain.py:1082] 2019-10-09 18:24:42.975397: Step 2710: Train accuracy = 99.0%
INFO:tensorflow:2019-10-09 18:24:42.975549: Step 2710: Cross entropy = 0.123465
I1009 18:24:42.975558 4564243904 retrain.py:1084] 2019-10-09 18:24:42.975549: Step 2710: Cross entropy = 0.123465
INFO:tensorflow:2019-10-09 18:24:43.033919: Step 2710: Validation accuracy = 48.0% (N=100)
I1009 18:24:43.033965 4564243904 retrain.py:1100] 2019-10-09 18:24:43.033919: Step 2710: Validation accuracy = 48.0% (N=100)
INFO:tensorflow:2019-10-09 18:24:43.591367: Step 2720: Train accuracy = 98.0%
I1009 18:24:43.591410 4564243904 retrain.py:1082] 2019-10-09 18:24:43.591367: Step 2720: Train accuracy = 98.0%
INFO:tensorflow:2019-10-09 18:24:43.591520: Step 2720: Cross entropy = 0.127963
I1009 18:24:43.591532 4564243904 retrain.py:1084] 2019-10-09 18:24:43.591520: Step 2720: Cross entropy = 0.127963
INFO:tensorflow:2019-10-09 18:24:43.648319: Step 2720: Validation accuracy = 40.0% (N=100)
I1009 18:24:43.648365 4564243904 retrain.py:1100] 2019-10-09 18:24:43.648319: Step 2720: Validation accuracy = 40.0% (N=100)
INFO:tensorflow:2019-10-09 18:24:44.206084: Step 2730: Train accuracy = 99.0%
I1009 18:24:44.206128 4564243904 retrain.py:1082] 2019-10-09 18:24:44.206084: Step 2730: Train accuracy = 99.0%
INFO:tensorflow:2019-10-09 18:24:44.206252: Step 2730: Cross entropy = 0.130535
I1009 18:24:44.206263 4564243904 retrain.py:1084] 2019-10-09 18:24:44.206252: Step 2730: Cross entropy = 0.130535
INFO:tensorflow:2019-10-09 18:24:44.262513: Step 2730: Validation accuracy = 47.0% (N=100)
I1009 18:24:44.262561 4564243904 retrain.py:1100] 2019-10-09 18:24:44.262513: Step 2730: Validation accuracy = 47.0% (N=100)
INFO:tensorflow:2019-10-09 18:24:44.821027: Step 2740: Train accuracy = 99.0%
I1009 18:24:44.821071 4564243904 retrain.py:1082] 2019-10-09 18:24:44.821027: Step 2740: Train accuracy = 99.0%
INFO:tensorflow:2019-10-09 18:24:44.821181: Step 2740: Cross entropy = 0.136046
I1009 18:24:44.821190 4564243904 retrain.py:1084] 2019-10-09 18:24:44.821181: Step 2740: Cross entropy = 0.136046
INFO:tensorflow:2019-10-09 18:24:44.877493: Step 2740: Validation accuracy = 44.0% (N=100)
I1009 18:24:44.877541 4564243904 retrain.py:1100] 2019-10-09 18:24:44.877493: Step 2740: Validation accuracy = 44.0% (N=100)
INFO:tensorflow:2019-10-09 18:24:45.435537: Step 2750: Train accuracy = 99.0%
I1009 18:24:45.435580 4564243904 retrain.py:1082] 2019-10-09 18:24:45.435537: Step 2750: Train accuracy = 99.0%
INFO:tensorflow:2019-10-09 18:24:45.435687: Step 2750: Cross entropy = 0.115054
I1009 18:24:45.435696 4564243904 retrain.py:1084] 2019-10-09 18:24:45.435687: Step 2750: Cross entropy = 0.115054
INFO:tensorflow:2019-10-09 18:24:45.492621: Step 2750: Validation accuracy = 36.0% (N=100)
I1009 18:24:45.492670 4564243904 retrain.py:1100] 2019-10-09 18:24:45.492621: Step 2750: Validation accuracy = 36.0% (N=100)
INFO:tensorflow:2019-10-09 18:24:46.051219: Step 2760: Train accuracy = 97.0%
I1009 18:24:46.051263 4564243904 retrain.py:1082] 2019-10-09 18:24:46.051219: Step 2760: Train accuracy = 97.0%
INFO:tensorflow:2019-10-09 18:24:46.051369: Step 2760: Cross entropy = 0.132888
I1009 18:24:46.051390 4564243904 retrain.py:1084] 2019-10-09 18:24:46.051369: Step 2760: Cross entropy = 0.132888
INFO:tensorflow:2019-10-09 18:24:46.107922: Step 2760: Validation accuracy = 53.0% (N=100)
I1009 18:24:46.107976 4564243904 retrain.py:1100] 2019-10-09 18:24:46.107922: Step 2760: Validation accuracy = 53.0% (N=100)
INFO:tensorflow:2019-10-09 18:24:46.666349: Step 2770: Train accuracy = 97.0%
I1009 18:24:46.666394 4564243904 retrain.py:1082] 2019-10-09 18:24:46.666349: Step 2770: Train accuracy = 97.0%
INFO:tensorflow:2019-10-09 18:24:46.666506: Step 2770: Cross entropy = 0.148596
I1009 18:24:46.666517 4564243904 retrain.py:1084] 2019-10-09 18:24:46.666506: Step 2770: Cross entropy = 0.148596
INFO:tensorflow:2019-10-09 18:24:46.722483: Step 2770: Validation accuracy = 46.0% (N=100)
I1009 18:24:46.722531 4564243904 retrain.py:1100] 2019-10-09 18:24:46.722483: Step 2770: Validation accuracy = 46.0% (N=100)
INFO:tensorflow:2019-10-09 18:24:47.283697: Step 2780: Train accuracy = 98.0%
I1009 18:24:47.283740 4564243904 retrain.py:1082] 2019-10-09 18:24:47.283697: Step 2780: Train accuracy = 98.0%
INFO:tensorflow:2019-10-09 18:24:47.283849: Step 2780: Cross entropy = 0.135066
I1009 18:24:47.283859 4564243904 retrain.py:1084] 2019-10-09 18:24:47.283849: Step 2780: Cross entropy = 0.135066
INFO:tensorflow:2019-10-09 18:24:47.340259: Step 2780: Validation accuracy = 41.0% (N=100)
I1009 18:24:47.340304 4564243904 retrain.py:1100] 2019-10-09 18:24:47.340259: Step 2780: Validation accuracy = 41.0% (N=100)
INFO:tensorflow:2019-10-09 18:24:47.900089: Step 2790: Train accuracy = 99.0%
I1009 18:24:47.900133 4564243904 retrain.py:1082] 2019-10-09 18:24:47.900089: Step 2790: Train accuracy = 99.0%
INFO:tensorflow:2019-10-09 18:24:47.900242: Step 2790: Cross entropy = 0.124963
I1009 18:24:47.900251 4564243904 retrain.py:1084] 2019-10-09 18:24:47.900242: Step 2790: Cross entropy = 0.124963
INFO:tensorflow:2019-10-09 18:24:47.956903: Step 2790: Validation accuracy = 34.0% (N=100)
I1009 18:24:47.956948 4564243904 retrain.py:1100] 2019-10-09 18:24:47.956903: Step 2790: Validation accuracy = 34.0% (N=100)
INFO:tensorflow:2019-10-09 18:24:48.517564: Step 2800: Train accuracy = 99.0%
I1009 18:24:48.517607 4564243904 retrain.py:1082] 2019-10-09 18:24:48.517564: Step 2800: Train accuracy = 99.0%
INFO:tensorflow:2019-10-09 18:24:48.517716: Step 2800: Cross entropy = 0.113977
I1009 18:24:48.517726 4564243904 retrain.py:1084] 2019-10-09 18:24:48.517716: Step 2800: Cross entropy = 0.113977
INFO:tensorflow:2019-10-09 18:24:48.573935: Step 2800: Validation accuracy = 38.0% (N=100)
I1009 18:24:48.573983 4564243904 retrain.py:1100] 2019-10-09 18:24:48.573935: Step 2800: Validation accuracy = 38.0% (N=100)
INFO:tensorflow:2019-10-09 18:24:49.132262: Step 2810: Train accuracy = 98.0%
I1009 18:24:49.132305 4564243904 retrain.py:1082] 2019-10-09 18:24:49.132262: Step 2810: Train accuracy = 98.0%
INFO:tensorflow:2019-10-09 18:24:49.132413: Step 2810: Cross entropy = 0.125147
I1009 18:24:49.132423 4564243904 retrain.py:1084] 2019-10-09 18:24:49.132413: Step 2810: Cross entropy = 0.125147
INFO:tensorflow:2019-10-09 18:24:49.188789: Step 2810: Validation accuracy = 46.0% (N=100)
I1009 18:24:49.188837 4564243904 retrain.py:1100] 2019-10-09 18:24:49.188789: Step 2810: Validation accuracy = 46.0% (N=100)
INFO:tensorflow:2019-10-09 18:24:49.746369: Step 2820: Train accuracy = 98.0%
I1009 18:24:49.746414 4564243904 retrain.py:1082] 2019-10-09 18:24:49.746369: Step 2820: Train accuracy = 98.0%
INFO:tensorflow:2019-10-09 18:24:49.746522: Step 2820: Cross entropy = 0.125982
I1009 18:24:49.746532 4564243904 retrain.py:1084] 2019-10-09 18:24:49.746522: Step 2820: Cross entropy = 0.125982
INFO:tensorflow:2019-10-09 18:24:49.803423: Step 2820: Validation accuracy = 48.0% (N=100)
I1009 18:24:49.803467 4564243904 retrain.py:1100] 2019-10-09 18:24:49.803423: Step 2820: Validation accuracy = 48.0% (N=100)
INFO:tensorflow:2019-10-09 18:24:50.362485: Step 2830: Train accuracy = 99.0%
I1009 18:24:50.362529 4564243904 retrain.py:1082] 2019-10-09 18:24:50.362485: Step 2830: Train accuracy = 99.0%
INFO:tensorflow:2019-10-09 18:24:50.362685: Step 2830: Cross entropy = 0.107926
I1009 18:24:50.362705 4564243904 retrain.py:1084] 2019-10-09 18:24:50.362685: Step 2830: Cross entropy = 0.107926
INFO:tensorflow:2019-10-09 18:24:50.419551: Step 2830: Validation accuracy = 34.0% (N=100)
I1009 18:24:50.419599 4564243904 retrain.py:1100] 2019-10-09 18:24:50.419551: Step 2830: Validation accuracy = 34.0% (N=100)
INFO:tensorflow:2019-10-09 18:24:50.976910: Step 2840: Train accuracy = 98.0%
I1009 18:24:50.976954 4564243904 retrain.py:1082] 2019-10-09 18:24:50.976910: Step 2840: Train accuracy = 98.0%
INFO:tensorflow:2019-10-09 18:24:50.977064: Step 2840: Cross entropy = 0.137200
I1009 18:24:50.977073 4564243904 retrain.py:1084] 2019-10-09 18:24:50.977064: Step 2840: Cross entropy = 0.137200
INFO:tensorflow:2019-10-09 18:24:51.033140: Step 2840: Validation accuracy = 56.0% (N=100)
I1009 18:24:51.033189 4564243904 retrain.py:1100] 2019-10-09 18:24:51.033140: Step 2840: Validation accuracy = 56.0% (N=100)
INFO:tensorflow:2019-10-09 18:24:51.590865: Step 2850: Train accuracy = 100.0%
I1009 18:24:51.590909 4564243904 retrain.py:1082] 2019-10-09 18:24:51.590865: Step 2850: Train accuracy = 100.0%
INFO:tensorflow:2019-10-09 18:24:51.591035: Step 2850: Cross entropy = 0.127723
I1009 18:24:51.591063 4564243904 retrain.py:1084] 2019-10-09 18:24:51.591035: Step 2850: Cross entropy = 0.127723
INFO:tensorflow:2019-10-09 18:24:51.647597: Step 2850: Validation accuracy = 38.0% (N=100)
I1009 18:24:51.647644 4564243904 retrain.py:1100] 2019-10-09 18:24:51.647597: Step 2850: Validation accuracy = 38.0% (N=100)
INFO:tensorflow:2019-10-09 18:24:52.208041: Step 2860: Train accuracy = 99.0%
I1009 18:24:52.208096 4564243904 retrain.py:1082] 2019-10-09 18:24:52.208041: Step 2860: Train accuracy = 99.0%
INFO:tensorflow:2019-10-09 18:24:52.208220: Step 2860: Cross entropy = 0.116033
I1009 18:24:52.208252 4564243904 retrain.py:1084] 2019-10-09 18:24:52.208220: Step 2860: Cross entropy = 0.116033
INFO:tensorflow:2019-10-09 18:24:52.266230: Step 2860: Validation accuracy = 44.0% (N=100)
I1009 18:24:52.266275 4564243904 retrain.py:1100] 2019-10-09 18:24:52.266230: Step 2860: Validation accuracy = 44.0% (N=100)
INFO:tensorflow:2019-10-09 18:24:52.825560: Step 2870: Train accuracy = 98.0%
I1009 18:24:52.825604 4564243904 retrain.py:1082] 2019-10-09 18:24:52.825560: Step 2870: Train accuracy = 98.0%
INFO:tensorflow:2019-10-09 18:24:52.825710: Step 2870: Cross entropy = 0.107738
I1009 18:24:52.825720 4564243904 retrain.py:1084] 2019-10-09 18:24:52.825710: Step 2870: Cross entropy = 0.107738
INFO:tensorflow:2019-10-09 18:24:52.882361: Step 2870: Validation accuracy = 46.0% (N=100)
I1009 18:24:52.882408 4564243904 retrain.py:1100] 2019-10-09 18:24:52.882361: Step 2870: Validation accuracy = 46.0% (N=100)
INFO:tensorflow:2019-10-09 18:24:53.440353: Step 2880: Train accuracy = 98.0%
I1009 18:24:53.440397 4564243904 retrain.py:1082] 2019-10-09 18:24:53.440353: Step 2880: Train accuracy = 98.0%
INFO:tensorflow:2019-10-09 18:24:53.440508: Step 2880: Cross entropy = 0.110415
I1009 18:24:53.440517 4564243904 retrain.py:1084] 2019-10-09 18:24:53.440508: Step 2880: Cross entropy = 0.110415
INFO:tensorflow:2019-10-09 18:24:53.496735: Step 2880: Validation accuracy = 57.0% (N=100)
I1009 18:24:53.496783 4564243904 retrain.py:1100] 2019-10-09 18:24:53.496735: Step 2880: Validation accuracy = 57.0% (N=100)
INFO:tensorflow:2019-10-09 18:24:54.052066: Step 2890: Train accuracy = 98.0%
I1009 18:24:54.052111 4564243904 retrain.py:1082] 2019-10-09 18:24:54.052066: Step 2890: Train accuracy = 98.0%
INFO:tensorflow:2019-10-09 18:24:54.052221: Step 2890: Cross entropy = 0.143842
I1009 18:24:54.052232 4564243904 retrain.py:1084] 2019-10-09 18:24:54.052221: Step 2890: Cross entropy = 0.143842
INFO:tensorflow:2019-10-09 18:24:54.108611: Step 2890: Validation accuracy = 40.0% (N=100)
I1009 18:24:54.108657 4564243904 retrain.py:1100] 2019-10-09 18:24:54.108611: Step 2890: Validation accuracy = 40.0% (N=100)
INFO:tensorflow:2019-10-09 18:24:54.664088: Step 2900: Train accuracy = 98.0%
I1009 18:24:54.664133 4564243904 retrain.py:1082] 2019-10-09 18:24:54.664088: Step 2900: Train accuracy = 98.0%
INFO:tensorflow:2019-10-09 18:24:54.664243: Step 2900: Cross entropy = 0.151136
I1009 18:24:54.664253 4564243904 retrain.py:1084] 2019-10-09 18:24:54.664243: Step 2900: Cross entropy = 0.151136
INFO:tensorflow:2019-10-09 18:24:54.720707: Step 2900: Validation accuracy = 49.0% (N=100)
I1009 18:24:54.720754 4564243904 retrain.py:1100] 2019-10-09 18:24:54.720707: Step 2900: Validation accuracy = 49.0% (N=100)
INFO:tensorflow:2019-10-09 18:24:55.277208: Step 2910: Train accuracy = 97.0%
I1009 18:24:55.277253 4564243904 retrain.py:1082] 2019-10-09 18:24:55.277208: Step 2910: Train accuracy = 97.0%
INFO:tensorflow:2019-10-09 18:24:55.277361: Step 2910: Cross entropy = 0.139179
I1009 18:24:55.277370 4564243904 retrain.py:1084] 2019-10-09 18:24:55.277361: Step 2910: Cross entropy = 0.139179
INFO:tensorflow:2019-10-09 18:24:55.334611: Step 2910: Validation accuracy = 37.0% (N=100)
I1009 18:24:55.334656 4564243904 retrain.py:1100] 2019-10-09 18:24:55.334611: Step 2910: Validation accuracy = 37.0% (N=100)
INFO:tensorflow:2019-10-09 18:24:55.891460: Step 2920: Train accuracy = 100.0%
I1009 18:24:55.891504 4564243904 retrain.py:1082] 2019-10-09 18:24:55.891460: Step 2920: Train accuracy = 100.0%
INFO:tensorflow:2019-10-09 18:24:55.891611: Step 2920: Cross entropy = 0.104118
I1009 18:24:55.891621 4564243904 retrain.py:1084] 2019-10-09 18:24:55.891611: Step 2920: Cross entropy = 0.104118
INFO:tensorflow:2019-10-09 18:24:55.948611: Step 2920: Validation accuracy = 43.0% (N=100)
I1009 18:24:55.948659 4564243904 retrain.py:1100] 2019-10-09 18:24:55.948611: Step 2920: Validation accuracy = 43.0% (N=100)
INFO:tensorflow:2019-10-09 18:24:56.504109: Step 2930: Train accuracy = 98.0%
I1009 18:24:56.504153 4564243904 retrain.py:1082] 2019-10-09 18:24:56.504109: Step 2930: Train accuracy = 98.0%
INFO:tensorflow:2019-10-09 18:24:56.504263: Step 2930: Cross entropy = 0.119535
I1009 18:24:56.504274 4564243904 retrain.py:1084] 2019-10-09 18:24:56.504263: Step 2930: Cross entropy = 0.119535
INFO:tensorflow:2019-10-09 18:24:56.560452: Step 2930: Validation accuracy = 41.0% (N=100)
I1009 18:24:56.560497 4564243904 retrain.py:1100] 2019-10-09 18:24:56.560452: Step 2930: Validation accuracy = 41.0% (N=100)
INFO:tensorflow:2019-10-09 18:24:57.116728: Step 2940: Train accuracy = 97.0%
I1009 18:24:57.116772 4564243904 retrain.py:1082] 2019-10-09 18:24:57.116728: Step 2940: Train accuracy = 97.0%
INFO:tensorflow:2019-10-09 18:24:57.116900: Step 2940: Cross entropy = 0.130006
I1009 18:24:57.116926 4564243904 retrain.py:1084] 2019-10-09 18:24:57.116900: Step 2940: Cross entropy = 0.130006
INFO:tensorflow:2019-10-09 18:24:57.173342: Step 2940: Validation accuracy = 34.0% (N=100)
I1009 18:24:57.173388 4564243904 retrain.py:1100] 2019-10-09 18:24:57.173342: Step 2940: Validation accuracy = 34.0% (N=100)
INFO:tensorflow:2019-10-09 18:24:57.729872: Step 2950: Train accuracy = 99.0%
I1009 18:24:57.729918 4564243904 retrain.py:1082] 2019-10-09 18:24:57.729872: Step 2950: Train accuracy = 99.0%
INFO:tensorflow:2019-10-09 18:24:57.730034: Step 2950: Cross entropy = 0.100789
I1009 18:24:57.730046 4564243904 retrain.py:1084] 2019-10-09 18:24:57.730034: Step 2950: Cross entropy = 0.100789
INFO:tensorflow:2019-10-09 18:24:57.786414: Step 2950: Validation accuracy = 41.0% (N=100)
I1009 18:24:57.786463 4564243904 retrain.py:1100] 2019-10-09 18:24:57.786414: Step 2950: Validation accuracy = 41.0% (N=100)
INFO:tensorflow:2019-10-09 18:24:58.343965: Step 2960: Train accuracy = 98.0%
I1009 18:24:58.344009 4564243904 retrain.py:1082] 2019-10-09 18:24:58.343965: Step 2960: Train accuracy = 98.0%
INFO:tensorflow:2019-10-09 18:24:58.344119: Step 2960: Cross entropy = 0.105556
I1009 18:24:58.344130 4564243904 retrain.py:1084] 2019-10-09 18:24:58.344119: Step 2960: Cross entropy = 0.105556
INFO:tensorflow:2019-10-09 18:24:58.401132: Step 2960: Validation accuracy = 50.0% (N=100)
I1009 18:24:58.401175 4564243904 retrain.py:1100] 2019-10-09 18:24:58.401132: Step 2960: Validation accuracy = 50.0% (N=100)
INFO:tensorflow:2019-10-09 18:24:58.958205: Step 2970: Train accuracy = 98.0%
I1009 18:24:58.958248 4564243904 retrain.py:1082] 2019-10-09 18:24:58.958205: Step 2970: Train accuracy = 98.0%
INFO:tensorflow:2019-10-09 18:24:58.958386: Step 2970: Cross entropy = 0.113378
I1009 18:24:58.958397 4564243904 retrain.py:1084] 2019-10-09 18:24:58.958386: Step 2970: Cross entropy = 0.113378
INFO:tensorflow:2019-10-09 18:24:59.014672: Step 2970: Validation accuracy = 48.0% (N=100)
I1009 18:24:59.014719 4564243904 retrain.py:1100] 2019-10-09 18:24:59.014672: Step 2970: Validation accuracy = 48.0% (N=100)
INFO:tensorflow:2019-10-09 18:24:59.570576: Step 2980: Train accuracy = 99.0%
I1009 18:24:59.570621 4564243904 retrain.py:1082] 2019-10-09 18:24:59.570576: Step 2980: Train accuracy = 99.0%
INFO:tensorflow:2019-10-09 18:24:59.570731: Step 2980: Cross entropy = 0.105580
I1009 18:24:59.570740 4564243904 retrain.py:1084] 2019-10-09 18:24:59.570731: Step 2980: Cross entropy = 0.105580
INFO:tensorflow:2019-10-09 18:24:59.626709: Step 2980: Validation accuracy = 42.0% (N=100)
I1009 18:24:59.626756 4564243904 retrain.py:1100] 2019-10-09 18:24:59.626709: Step 2980: Validation accuracy = 42.0% (N=100)
INFO:tensorflow:2019-10-09 18:25:00.180907: Step 2990: Train accuracy = 100.0%
I1009 18:25:00.180952 4564243904 retrain.py:1082] 2019-10-09 18:25:00.180907: Step 2990: Train accuracy = 100.0%
INFO:tensorflow:2019-10-09 18:25:00.181061: Step 2990: Cross entropy = 0.094985
I1009 18:25:00.181071 4564243904 retrain.py:1084] 2019-10-09 18:25:00.181061: Step 2990: Cross entropy = 0.094985
INFO:tensorflow:2019-10-09 18:25:00.238330: Step 2990: Validation accuracy = 42.0% (N=100)
I1009 18:25:00.238379 4564243904 retrain.py:1100] 2019-10-09 18:25:00.238330: Step 2990: Validation accuracy = 42.0% (N=100)
INFO:tensorflow:2019-10-09 18:25:00.795741: Step 3000: Train accuracy = 99.0%
I1009 18:25:00.795790 4564243904 retrain.py:1082] 2019-10-09 18:25:00.795741: Step 3000: Train accuracy = 99.0%
INFO:tensorflow:2019-10-09 18:25:00.795925: Step 3000: Cross entropy = 0.113021
I1009 18:25:00.795940 4564243904 retrain.py:1084] 2019-10-09 18:25:00.795925: Step 3000: Cross entropy = 0.113021
INFO:tensorflow:2019-10-09 18:25:00.852645: Step 3000: Validation accuracy = 53.0% (N=100)
I1009 18:25:00.852693 4564243904 retrain.py:1100] 2019-10-09 18:25:00.852645: Step 3000: Validation accuracy = 53.0% (N=100)
INFO:tensorflow:2019-10-09 18:25:01.408189: Step 3010: Train accuracy = 100.0%
I1009 18:25:01.408243 4564243904 retrain.py:1082] 2019-10-09 18:25:01.408189: Step 3010: Train accuracy = 100.0%
INFO:tensorflow:2019-10-09 18:25:01.408379: Step 3010: Cross entropy = 0.095165
I1009 18:25:01.408389 4564243904 retrain.py:1084] 2019-10-09 18:25:01.408379: Step 3010: Cross entropy = 0.095165
INFO:tensorflow:2019-10-09 18:25:01.465220: Step 3010: Validation accuracy = 44.0% (N=100)
I1009 18:25:01.465269 4564243904 retrain.py:1100] 2019-10-09 18:25:01.465220: Step 3010: Validation accuracy = 44.0% (N=100)
INFO:tensorflow:2019-10-09 18:25:02.020852: Step 3020: Train accuracy = 98.0%
I1009 18:25:02.020895 4564243904 retrain.py:1082] 2019-10-09 18:25:02.020852: Step 3020: Train accuracy = 98.0%
INFO:tensorflow:2019-10-09 18:25:02.021004: Step 3020: Cross entropy = 0.105736
I1009 18:25:02.021013 4564243904 retrain.py:1084] 2019-10-09 18:25:02.021004: Step 3020: Cross entropy = 0.105736
INFO:tensorflow:2019-10-09 18:25:02.077030: Step 3020: Validation accuracy = 42.0% (N=100)
I1009 18:25:02.077075 4564243904 retrain.py:1100] 2019-10-09 18:25:02.077030: Step 3020: Validation accuracy = 42.0% (N=100)
INFO:tensorflow:2019-10-09 18:25:02.632428: Step 3030: Train accuracy = 98.0%
I1009 18:25:02.632472 4564243904 retrain.py:1082] 2019-10-09 18:25:02.632428: Step 3030: Train accuracy = 98.0%
INFO:tensorflow:2019-10-09 18:25:02.632582: Step 3030: Cross entropy = 0.117320
I1009 18:25:02.632592 4564243904 retrain.py:1084] 2019-10-09 18:25:02.632582: Step 3030: Cross entropy = 0.117320
INFO:tensorflow:2019-10-09 18:25:02.688290: Step 3030: Validation accuracy = 50.0% (N=100)
I1009 18:25:02.688337 4564243904 retrain.py:1100] 2019-10-09 18:25:02.688290: Step 3030: Validation accuracy = 50.0% (N=100)
INFO:tensorflow:2019-10-09 18:25:03.244022: Step 3040: Train accuracy = 98.0%
I1009 18:25:03.244066 4564243904 retrain.py:1082] 2019-10-09 18:25:03.244022: Step 3040: Train accuracy = 98.0%
INFO:tensorflow:2019-10-09 18:25:03.244174: Step 3040: Cross entropy = 0.118577
I1009 18:25:03.244184 4564243904 retrain.py:1084] 2019-10-09 18:25:03.244174: Step 3040: Cross entropy = 0.118577
INFO:tensorflow:2019-10-09 18:25:03.301429: Step 3040: Validation accuracy = 48.0% (N=100)
I1009 18:25:03.301477 4564243904 retrain.py:1100] 2019-10-09 18:25:03.301429: Step 3040: Validation accuracy = 48.0% (N=100)
INFO:tensorflow:2019-10-09 18:25:03.857388: Step 3050: Train accuracy = 99.0%
I1009 18:25:03.857444 4564243904 retrain.py:1082] 2019-10-09 18:25:03.857388: Step 3050: Train accuracy = 99.0%
INFO:tensorflow:2019-10-09 18:25:03.857579: Step 3050: Cross entropy = 0.109114
I1009 18:25:03.857589 4564243904 retrain.py:1084] 2019-10-09 18:25:03.857579: Step 3050: Cross entropy = 0.109114
INFO:tensorflow:2019-10-09 18:25:03.914270: Step 3050: Validation accuracy = 40.0% (N=100)
I1009 18:25:03.914338 4564243904 retrain.py:1100] 2019-10-09 18:25:03.914270: Step 3050: Validation accuracy = 40.0% (N=100)
INFO:tensorflow:2019-10-09 18:25:04.470633: Step 3060: Train accuracy = 100.0%
I1009 18:25:04.470676 4564243904 retrain.py:1082] 2019-10-09 18:25:04.470633: Step 3060: Train accuracy = 100.0%
INFO:tensorflow:2019-10-09 18:25:04.470782: Step 3060: Cross entropy = 0.096288
I1009 18:25:04.470793 4564243904 retrain.py:1084] 2019-10-09 18:25:04.470782: Step 3060: Cross entropy = 0.096288
INFO:tensorflow:2019-10-09 18:25:04.527156: Step 3060: Validation accuracy = 37.0% (N=100)
I1009 18:25:04.527202 4564243904 retrain.py:1100] 2019-10-09 18:25:04.527156: Step 3060: Validation accuracy = 37.0% (N=100)
INFO:tensorflow:2019-10-09 18:25:05.082942: Step 3070: Train accuracy = 97.0%
I1009 18:25:05.082985 4564243904 retrain.py:1082] 2019-10-09 18:25:05.082942: Step 3070: Train accuracy = 97.0%
INFO:tensorflow:2019-10-09 18:25:05.083097: Step 3070: Cross entropy = 0.123696
I1009 18:25:05.083108 4564243904 retrain.py:1084] 2019-10-09 18:25:05.083097: Step 3070: Cross entropy = 0.123696
INFO:tensorflow:2019-10-09 18:25:05.139476: Step 3070: Validation accuracy = 36.0% (N=100)
I1009 18:25:05.139523 4564243904 retrain.py:1100] 2019-10-09 18:25:05.139476: Step 3070: Validation accuracy = 36.0% (N=100)
INFO:tensorflow:2019-10-09 18:25:05.695001: Step 3080: Train accuracy = 99.0%
I1009 18:25:05.695046 4564243904 retrain.py:1082] 2019-10-09 18:25:05.695001: Step 3080: Train accuracy = 99.0%
INFO:tensorflow:2019-10-09 18:25:05.695173: Step 3080: Cross entropy = 0.118378
I1009 18:25:05.695199 4564243904 retrain.py:1084] 2019-10-09 18:25:05.695173: Step 3080: Cross entropy = 0.118378
INFO:tensorflow:2019-10-09 18:25:05.751875: Step 3080: Validation accuracy = 43.0% (N=100)
I1009 18:25:05.751922 4564243904 retrain.py:1100] 2019-10-09 18:25:05.751875: Step 3080: Validation accuracy = 43.0% (N=100)
INFO:tensorflow:2019-10-09 18:25:06.308915: Step 3090: Train accuracy = 99.0%
I1009 18:25:06.308969 4564243904 retrain.py:1082] 2019-10-09 18:25:06.308915: Step 3090: Train accuracy = 99.0%
INFO:tensorflow:2019-10-09 18:25:06.309105: Step 3090: Cross entropy = 0.130108
I1009 18:25:06.309115 4564243904 retrain.py:1084] 2019-10-09 18:25:06.309105: Step 3090: Cross entropy = 0.130108
INFO:tensorflow:2019-10-09 18:25:06.366463: Step 3090: Validation accuracy = 50.0% (N=100)
I1009 18:25:06.366511 4564243904 retrain.py:1100] 2019-10-09 18:25:06.366463: Step 3090: Validation accuracy = 50.0% (N=100)
INFO:tensorflow:2019-10-09 18:25:06.922476: Step 3100: Train accuracy = 99.0%
I1009 18:25:06.922520 4564243904 retrain.py:1082] 2019-10-09 18:25:06.922476: Step 3100: Train accuracy = 99.0%
INFO:tensorflow:2019-10-09 18:25:06.922628: Step 3100: Cross entropy = 0.107584
I1009 18:25:06.922652 4564243904 retrain.py:1084] 2019-10-09 18:25:06.922628: Step 3100: Cross entropy = 0.107584
INFO:tensorflow:2019-10-09 18:25:06.978847: Step 3100: Validation accuracy = 44.0% (N=100)
I1009 18:25:06.978893 4564243904 retrain.py:1100] 2019-10-09 18:25:06.978847: Step 3100: Validation accuracy = 44.0% (N=100)
INFO:tensorflow:2019-10-09 18:25:07.534836: Step 3110: Train accuracy = 99.0%
I1009 18:25:07.534881 4564243904 retrain.py:1082] 2019-10-09 18:25:07.534836: Step 3110: Train accuracy = 99.0%
INFO:tensorflow:2019-10-09 18:25:07.534987: Step 3110: Cross entropy = 0.106331
I1009 18:25:07.534996 4564243904 retrain.py:1084] 2019-10-09 18:25:07.534987: Step 3110: Cross entropy = 0.106331
INFO:tensorflow:2019-10-09 18:25:07.591662: Step 3110: Validation accuracy = 54.0% (N=100)
I1009 18:25:07.591709 4564243904 retrain.py:1100] 2019-10-09 18:25:07.591662: Step 3110: Validation accuracy = 54.0% (N=100)
INFO:tensorflow:2019-10-09 18:25:08.151354: Step 3120: Train accuracy = 100.0%
I1009 18:25:08.151397 4564243904 retrain.py:1082] 2019-10-09 18:25:08.151354: Step 3120: Train accuracy = 100.0%
INFO:tensorflow:2019-10-09 18:25:08.151506: Step 3120: Cross entropy = 0.108105
I1009 18:25:08.151516 4564243904 retrain.py:1084] 2019-10-09 18:25:08.151506: Step 3120: Cross entropy = 0.108105
INFO:tensorflow:2019-10-09 18:25:08.208437: Step 3120: Validation accuracy = 53.0% (N=100)
I1009 18:25:08.208482 4564243904 retrain.py:1100] 2019-10-09 18:25:08.208437: Step 3120: Validation accuracy = 53.0% (N=100)
INFO:tensorflow:2019-10-09 18:25:08.766497: Step 3130: Train accuracy = 98.0%
I1009 18:25:08.766546 4564243904 retrain.py:1082] 2019-10-09 18:25:08.766497: Step 3130: Train accuracy = 98.0%
INFO:tensorflow:2019-10-09 18:25:08.766696: Step 3130: Cross entropy = 0.101771
I1009 18:25:08.766727 4564243904 retrain.py:1084] 2019-10-09 18:25:08.766696: Step 3130: Cross entropy = 0.101771
INFO:tensorflow:2019-10-09 18:25:08.824486: Step 3130: Validation accuracy = 45.0% (N=100)
I1009 18:25:08.824530 4564243904 retrain.py:1100] 2019-10-09 18:25:08.824486: Step 3130: Validation accuracy = 45.0% (N=100)
INFO:tensorflow:2019-10-09 18:25:09.383695: Step 3140: Train accuracy = 98.0%
I1009 18:25:09.383760 4564243904 retrain.py:1082] 2019-10-09 18:25:09.383695: Step 3140: Train accuracy = 98.0%
INFO:tensorflow:2019-10-09 18:25:09.383959: Step 3140: Cross entropy = 0.111408
I1009 18:25:09.383973 4564243904 retrain.py:1084] 2019-10-09 18:25:09.383959: Step 3140: Cross entropy = 0.111408
INFO:tensorflow:2019-10-09 18:25:09.441484: Step 3140: Validation accuracy = 48.0% (N=100)
I1009 18:25:09.441530 4564243904 retrain.py:1100] 2019-10-09 18:25:09.441484: Step 3140: Validation accuracy = 48.0% (N=100)
INFO:tensorflow:2019-10-09 18:25:10.000937: Step 3150: Train accuracy = 98.0%
I1009 18:25:10.000981 4564243904 retrain.py:1082] 2019-10-09 18:25:10.000937: Step 3150: Train accuracy = 98.0%
INFO:tensorflow:2019-10-09 18:25:10.001120: Step 3150: Cross entropy = 0.110719
I1009 18:25:10.001141 4564243904 retrain.py:1084] 2019-10-09 18:25:10.001120: Step 3150: Cross entropy = 0.110719
INFO:tensorflow:2019-10-09 18:25:10.057757: Step 3150: Validation accuracy = 42.0% (N=100)
I1009 18:25:10.057801 4564243904 retrain.py:1100] 2019-10-09 18:25:10.057757: Step 3150: Validation accuracy = 42.0% (N=100)
INFO:tensorflow:2019-10-09 18:25:10.616532: Step 3160: Train accuracy = 100.0%
I1009 18:25:10.616576 4564243904 retrain.py:1082] 2019-10-09 18:25:10.616532: Step 3160: Train accuracy = 100.0%
INFO:tensorflow:2019-10-09 18:25:10.616683: Step 3160: Cross entropy = 0.095105
I1009 18:25:10.616694 4564243904 retrain.py:1084] 2019-10-09 18:25:10.616683: Step 3160: Cross entropy = 0.095105
INFO:tensorflow:2019-10-09 18:25:10.673179: Step 3160: Validation accuracy = 47.0% (N=100)
I1009 18:25:10.673221 4564243904 retrain.py:1100] 2019-10-09 18:25:10.673179: Step 3160: Validation accuracy = 47.0% (N=100)
INFO:tensorflow:2019-10-09 18:25:11.229936: Step 3170: Train accuracy = 98.0%
I1009 18:25:11.229980 4564243904 retrain.py:1082] 2019-10-09 18:25:11.229936: Step 3170: Train accuracy = 98.0%
INFO:tensorflow:2019-10-09 18:25:11.230088: Step 3170: Cross entropy = 0.116398
I1009 18:25:11.230098 4564243904 retrain.py:1084] 2019-10-09 18:25:11.230088: Step 3170: Cross entropy = 0.116398
INFO:tensorflow:2019-10-09 18:25:11.287199: Step 3170: Validation accuracy = 36.0% (N=100)
I1009 18:25:11.287242 4564243904 retrain.py:1100] 2019-10-09 18:25:11.287199: Step 3170: Validation accuracy = 36.0% (N=100)
INFO:tensorflow:2019-10-09 18:25:11.845126: Step 3180: Train accuracy = 99.0%
I1009 18:25:11.845170 4564243904 retrain.py:1082] 2019-10-09 18:25:11.845126: Step 3180: Train accuracy = 99.0%
INFO:tensorflow:2019-10-09 18:25:11.845280: Step 3180: Cross entropy = 0.113353
I1009 18:25:11.845290 4564243904 retrain.py:1084] 2019-10-09 18:25:11.845280: Step 3180: Cross entropy = 0.113353
INFO:tensorflow:2019-10-09 18:25:11.902271: Step 3180: Validation accuracy = 37.0% (N=100)
I1009 18:25:11.902317 4564243904 retrain.py:1100] 2019-10-09 18:25:11.902271: Step 3180: Validation accuracy = 37.0% (N=100)
INFO:tensorflow:2019-10-09 18:25:12.460652: Step 3190: Train accuracy = 99.0%
I1009 18:25:12.460695 4564243904 retrain.py:1082] 2019-10-09 18:25:12.460652: Step 3190: Train accuracy = 99.0%
INFO:tensorflow:2019-10-09 18:25:12.460803: Step 3190: Cross entropy = 0.101319
I1009 18:25:12.460813 4564243904 retrain.py:1084] 2019-10-09 18:25:12.460803: Step 3190: Cross entropy = 0.101319
INFO:tensorflow:2019-10-09 18:25:12.517151: Step 3190: Validation accuracy = 44.0% (N=100)
I1009 18:25:12.517199 4564243904 retrain.py:1100] 2019-10-09 18:25:12.517151: Step 3190: Validation accuracy = 44.0% (N=100)
INFO:tensorflow:2019-10-09 18:25:13.087733: Step 3200: Train accuracy = 99.0%
I1009 18:25:13.087778 4564243904 retrain.py:1082] 2019-10-09 18:25:13.087733: Step 3200: Train accuracy = 99.0%
INFO:tensorflow:2019-10-09 18:25:13.087886: Step 3200: Cross entropy = 0.110829
I1009 18:25:13.087896 4564243904 retrain.py:1084] 2019-10-09 18:25:13.087886: Step 3200: Cross entropy = 0.110829
INFO:tensorflow:2019-10-09 18:25:13.144489: Step 3200: Validation accuracy = 37.0% (N=100)
I1009 18:25:13.144536 4564243904 retrain.py:1100] 2019-10-09 18:25:13.144489: Step 3200: Validation accuracy = 37.0% (N=100)
INFO:tensorflow:2019-10-09 18:25:13.701942: Step 3210: Train accuracy = 100.0%
I1009 18:25:13.701986 4564243904 retrain.py:1082] 2019-10-09 18:25:13.701942: Step 3210: Train accuracy = 100.0%
INFO:tensorflow:2019-10-09 18:25:13.702096: Step 3210: Cross entropy = 0.097253
I1009 18:25:13.702105 4564243904 retrain.py:1084] 2019-10-09 18:25:13.702096: Step 3210: Cross entropy = 0.097253
INFO:tensorflow:2019-10-09 18:25:13.759267: Step 3210: Validation accuracy = 51.0% (N=100)
I1009 18:25:13.759311 4564243904 retrain.py:1100] 2019-10-09 18:25:13.759267: Step 3210: Validation accuracy = 51.0% (N=100)
INFO:tensorflow:2019-10-09 18:25:14.317273: Step 3220: Train accuracy = 100.0%
I1009 18:25:14.317317 4564243904 retrain.py:1082] 2019-10-09 18:25:14.317273: Step 3220: Train accuracy = 100.0%
INFO:tensorflow:2019-10-09 18:25:14.317427: Step 3220: Cross entropy = 0.097836
I1009 18:25:14.317437 4564243904 retrain.py:1084] 2019-10-09 18:25:14.317427: Step 3220: Cross entropy = 0.097836
INFO:tensorflow:2019-10-09 18:25:14.373560: Step 3220: Validation accuracy = 46.0% (N=100)
I1009 18:25:14.373606 4564243904 retrain.py:1100] 2019-10-09 18:25:14.373560: Step 3220: Validation accuracy = 46.0% (N=100)
INFO:tensorflow:2019-10-09 18:25:14.930447: Step 3230: Train accuracy = 98.0%
I1009 18:25:14.930490 4564243904 retrain.py:1082] 2019-10-09 18:25:14.930447: Step 3230: Train accuracy = 98.0%
INFO:tensorflow:2019-10-09 18:25:14.930599: Step 3230: Cross entropy = 0.116691
I1009 18:25:14.930608 4564243904 retrain.py:1084] 2019-10-09 18:25:14.930599: Step 3230: Cross entropy = 0.116691
INFO:tensorflow:2019-10-09 18:25:14.986754: Step 3230: Validation accuracy = 53.0% (N=100)
I1009 18:25:14.986804 4564243904 retrain.py:1100] 2019-10-09 18:25:14.986754: Step 3230: Validation accuracy = 53.0% (N=100)
INFO:tensorflow:2019-10-09 18:25:15.544513: Step 3240: Train accuracy = 99.0%
I1009 18:25:15.544558 4564243904 retrain.py:1082] 2019-10-09 18:25:15.544513: Step 3240: Train accuracy = 99.0%
INFO:tensorflow:2019-10-09 18:25:15.544669: Step 3240: Cross entropy = 0.114962
I1009 18:25:15.544681 4564243904 retrain.py:1084] 2019-10-09 18:25:15.544669: Step 3240: Cross entropy = 0.114962
INFO:tensorflow:2019-10-09 18:25:15.601630: Step 3240: Validation accuracy = 40.0% (N=100)
I1009 18:25:15.601680 4564243904 retrain.py:1100] 2019-10-09 18:25:15.601630: Step 3240: Validation accuracy = 40.0% (N=100)
INFO:tensorflow:2019-10-09 18:25:16.159834: Step 3250: Train accuracy = 100.0%
I1009 18:25:16.159877 4564243904 retrain.py:1082] 2019-10-09 18:25:16.159834: Step 3250: Train accuracy = 100.0%
INFO:tensorflow:2019-10-09 18:25:16.159987: Step 3250: Cross entropy = 0.104045
I1009 18:25:16.159998 4564243904 retrain.py:1084] 2019-10-09 18:25:16.159987: Step 3250: Cross entropy = 0.104045
INFO:tensorflow:2019-10-09 18:25:16.218033: Step 3250: Validation accuracy = 46.0% (N=100)
I1009 18:25:16.218083 4564243904 retrain.py:1100] 2019-10-09 18:25:16.218033: Step 3250: Validation accuracy = 46.0% (N=100)
INFO:tensorflow:2019-10-09 18:25:16.776115: Step 3260: Train accuracy = 99.0%
I1009 18:25:16.776159 4564243904 retrain.py:1082] 2019-10-09 18:25:16.776115: Step 3260: Train accuracy = 99.0%
INFO:tensorflow:2019-10-09 18:25:16.776266: Step 3260: Cross entropy = 0.105124
I1009 18:25:16.776278 4564243904 retrain.py:1084] 2019-10-09 18:25:16.776266: Step 3260: Cross entropy = 0.105124
INFO:tensorflow:2019-10-09 18:25:16.833043: Step 3260: Validation accuracy = 50.0% (N=100)
I1009 18:25:16.833086 4564243904 retrain.py:1100] 2019-10-09 18:25:16.833043: Step 3260: Validation accuracy = 50.0% (N=100)
INFO:tensorflow:2019-10-09 18:25:17.391110: Step 3270: Train accuracy = 100.0%
I1009 18:25:17.391155 4564243904 retrain.py:1082] 2019-10-09 18:25:17.391110: Step 3270: Train accuracy = 100.0%
INFO:tensorflow:2019-10-09 18:25:17.391266: Step 3270: Cross entropy = 0.098481
I1009 18:25:17.391277 4564243904 retrain.py:1084] 2019-10-09 18:25:17.391266: Step 3270: Cross entropy = 0.098481
INFO:tensorflow:2019-10-09 18:25:17.447479: Step 3270: Validation accuracy = 44.0% (N=100)
I1009 18:25:17.447525 4564243904 retrain.py:1100] 2019-10-09 18:25:17.447479: Step 3270: Validation accuracy = 44.0% (N=100)
INFO:tensorflow:2019-10-09 18:25:18.002658: Step 3280: Train accuracy = 99.0%
I1009 18:25:18.002701 4564243904 retrain.py:1082] 2019-10-09 18:25:18.002658: Step 3280: Train accuracy = 99.0%
INFO:tensorflow:2019-10-09 18:25:18.002827: Step 3280: Cross entropy = 0.102143
I1009 18:25:18.002856 4564243904 retrain.py:1084] 2019-10-09 18:25:18.002827: Step 3280: Cross entropy = 0.102143
INFO:tensorflow:2019-10-09 18:25:18.059926: Step 3280: Validation accuracy = 45.0% (N=100)
I1009 18:25:18.059970 4564243904 retrain.py:1100] 2019-10-09 18:25:18.059926: Step 3280: Validation accuracy = 45.0% (N=100)
INFO:tensorflow:2019-10-09 18:25:18.619808: Step 3290: Train accuracy = 98.0%
I1009 18:25:18.619853 4564243904 retrain.py:1082] 2019-10-09 18:25:18.619808: Step 3290: Train accuracy = 98.0%
INFO:tensorflow:2019-10-09 18:25:18.619974: Step 3290: Cross entropy = 0.121572
I1009 18:25:18.619987 4564243904 retrain.py:1084] 2019-10-09 18:25:18.619974: Step 3290: Cross entropy = 0.121572
INFO:tensorflow:2019-10-09 18:25:18.676600: Step 3290: Validation accuracy = 48.0% (N=100)
I1009 18:25:18.676646 4564243904 retrain.py:1100] 2019-10-09 18:25:18.676600: Step 3290: Validation accuracy = 48.0% (N=100)
INFO:tensorflow:2019-10-09 18:25:19.235086: Step 3300: Train accuracy = 100.0%
I1009 18:25:19.235136 4564243904 retrain.py:1082] 2019-10-09 18:25:19.235086: Step 3300: Train accuracy = 100.0%
INFO:tensorflow:2019-10-09 18:25:19.235245: Step 3300: Cross entropy = 0.097541
I1009 18:25:19.235255 4564243904 retrain.py:1084] 2019-10-09 18:25:19.235245: Step 3300: Cross entropy = 0.097541
INFO:tensorflow:2019-10-09 18:25:19.292474: Step 3300: Validation accuracy = 47.0% (N=100)
I1009 18:25:19.292520 4564243904 retrain.py:1100] 2019-10-09 18:25:19.292474: Step 3300: Validation accuracy = 47.0% (N=100)
INFO:tensorflow:2019-10-09 18:25:19.852605: Step 3310: Train accuracy = 100.0%
I1009 18:25:19.852648 4564243904 retrain.py:1082] 2019-10-09 18:25:19.852605: Step 3310: Train accuracy = 100.0%
INFO:tensorflow:2019-10-09 18:25:19.852757: Step 3310: Cross entropy = 0.103960
I1009 18:25:19.852767 4564243904 retrain.py:1084] 2019-10-09 18:25:19.852757: Step 3310: Cross entropy = 0.103960
INFO:tensorflow:2019-10-09 18:25:19.909822: Step 3310: Validation accuracy = 45.0% (N=100)
I1009 18:25:19.909868 4564243904 retrain.py:1100] 2019-10-09 18:25:19.909822: Step 3310: Validation accuracy = 45.0% (N=100)
INFO:tensorflow:2019-10-09 18:25:20.466666: Step 3320: Train accuracy = 100.0%
I1009 18:25:20.466711 4564243904 retrain.py:1082] 2019-10-09 18:25:20.466666: Step 3320: Train accuracy = 100.0%
INFO:tensorflow:2019-10-09 18:25:20.466819: Step 3320: Cross entropy = 0.090103
I1009 18:25:20.466831 4564243904 retrain.py:1084] 2019-10-09 18:25:20.466819: Step 3320: Cross entropy = 0.090103
INFO:tensorflow:2019-10-09 18:25:20.523565: Step 3320: Validation accuracy = 43.0% (N=100)
I1009 18:25:20.523610 4564243904 retrain.py:1100] 2019-10-09 18:25:20.523565: Step 3320: Validation accuracy = 43.0% (N=100)
INFO:tensorflow:2019-10-09 18:25:21.080245: Step 3330: Train accuracy = 100.0%
I1009 18:25:21.080291 4564243904 retrain.py:1082] 2019-10-09 18:25:21.080245: Step 3330: Train accuracy = 100.0%
INFO:tensorflow:2019-10-09 18:25:21.080399: Step 3330: Cross entropy = 0.109675
I1009 18:25:21.080409 4564243904 retrain.py:1084] 2019-10-09 18:25:21.080399: Step 3330: Cross entropy = 0.109675
INFO:tensorflow:2019-10-09 18:25:21.136584: Step 3330: Validation accuracy = 43.0% (N=100)
I1009 18:25:21.136626 4564243904 retrain.py:1100] 2019-10-09 18:25:21.136584: Step 3330: Validation accuracy = 43.0% (N=100)
INFO:tensorflow:2019-10-09 18:25:21.694951: Step 3340: Train accuracy = 100.0%
I1009 18:25:21.694995 4564243904 retrain.py:1082] 2019-10-09 18:25:21.694951: Step 3340: Train accuracy = 100.0%
INFO:tensorflow:2019-10-09 18:25:21.695105: Step 3340: Cross entropy = 0.096174
I1009 18:25:21.695116 4564243904 retrain.py:1084] 2019-10-09 18:25:21.695105: Step 3340: Cross entropy = 0.096174
INFO:tensorflow:2019-10-09 18:25:21.751184: Step 3340: Validation accuracy = 38.0% (N=100)
I1009 18:25:21.751231 4564243904 retrain.py:1100] 2019-10-09 18:25:21.751184: Step 3340: Validation accuracy = 38.0% (N=100)
INFO:tensorflow:2019-10-09 18:25:22.311835: Step 3350: Train accuracy = 98.0%
I1009 18:25:22.311882 4564243904 retrain.py:1082] 2019-10-09 18:25:22.311835: Step 3350: Train accuracy = 98.0%
INFO:tensorflow:2019-10-09 18:25:22.311994: Step 3350: Cross entropy = 0.095754
I1009 18:25:22.312005 4564243904 retrain.py:1084] 2019-10-09 18:25:22.311994: Step 3350: Cross entropy = 0.095754
INFO:tensorflow:2019-10-09 18:25:22.368562: Step 3350: Validation accuracy = 46.0% (N=100)
I1009 18:25:22.368605 4564243904 retrain.py:1100] 2019-10-09 18:25:22.368562: Step 3350: Validation accuracy = 46.0% (N=100)
INFO:tensorflow:2019-10-09 18:25:22.925960: Step 3360: Train accuracy = 98.0%
I1009 18:25:22.926004 4564243904 retrain.py:1082] 2019-10-09 18:25:22.925960: Step 3360: Train accuracy = 98.0%
INFO:tensorflow:2019-10-09 18:25:22.926112: Step 3360: Cross entropy = 0.099519
I1009 18:25:22.926122 4564243904 retrain.py:1084] 2019-10-09 18:25:22.926112: Step 3360: Cross entropy = 0.099519
INFO:tensorflow:2019-10-09 18:25:22.982231: Step 3360: Validation accuracy = 50.0% (N=100)
I1009 18:25:22.982277 4564243904 retrain.py:1100] 2019-10-09 18:25:22.982231: Step 3360: Validation accuracy = 50.0% (N=100)
INFO:tensorflow:2019-10-09 18:25:23.539482: Step 3370: Train accuracy = 100.0%
I1009 18:25:23.539546 4564243904 retrain.py:1082] 2019-10-09 18:25:23.539482: Step 3370: Train accuracy = 100.0%
INFO:tensorflow:2019-10-09 18:25:23.539665: Step 3370: Cross entropy = 0.091075
I1009 18:25:23.539675 4564243904 retrain.py:1084] 2019-10-09 18:25:23.539665: Step 3370: Cross entropy = 0.091075
INFO:tensorflow:2019-10-09 18:25:23.596590: Step 3370: Validation accuracy = 49.0% (N=100)
I1009 18:25:23.596634 4564243904 retrain.py:1100] 2019-10-09 18:25:23.596590: Step 3370: Validation accuracy = 49.0% (N=100)
INFO:tensorflow:2019-10-09 18:25:24.156639: Step 3380: Train accuracy = 97.0%
I1009 18:25:24.156682 4564243904 retrain.py:1082] 2019-10-09 18:25:24.156639: Step 3380: Train accuracy = 97.0%
INFO:tensorflow:2019-10-09 18:25:24.156791: Step 3380: Cross entropy = 0.118281
I1009 18:25:24.156800 4564243904 retrain.py:1084] 2019-10-09 18:25:24.156791: Step 3380: Cross entropy = 0.118281
INFO:tensorflow:2019-10-09 18:25:24.213213: Step 3380: Validation accuracy = 52.0% (N=100)
I1009 18:25:24.213258 4564243904 retrain.py:1100] 2019-10-09 18:25:24.213213: Step 3380: Validation accuracy = 52.0% (N=100)
INFO:tensorflow:2019-10-09 18:25:24.770341: Step 3390: Train accuracy = 100.0%
I1009 18:25:24.770384 4564243904 retrain.py:1082] 2019-10-09 18:25:24.770341: Step 3390: Train accuracy = 100.0%
INFO:tensorflow:2019-10-09 18:25:24.770493: Step 3390: Cross entropy = 0.105462
I1009 18:25:24.770504 4564243904 retrain.py:1084] 2019-10-09 18:25:24.770493: Step 3390: Cross entropy = 0.105462
INFO:tensorflow:2019-10-09 18:25:24.827465: Step 3390: Validation accuracy = 40.0% (N=100)
I1009 18:25:24.827514 4564243904 retrain.py:1100] 2019-10-09 18:25:24.827465: Step 3390: Validation accuracy = 40.0% (N=100)
INFO:tensorflow:2019-10-09 18:25:25.385806: Step 3400: Train accuracy = 100.0%
I1009 18:25:25.385850 4564243904 retrain.py:1082] 2019-10-09 18:25:25.385806: Step 3400: Train accuracy = 100.0%
INFO:tensorflow:2019-10-09 18:25:25.385977: Step 3400: Cross entropy = 0.095576
I1009 18:25:25.386007 4564243904 retrain.py:1084] 2019-10-09 18:25:25.385977: Step 3400: Cross entropy = 0.095576
INFO:tensorflow:2019-10-09 18:25:25.442809: Step 3400: Validation accuracy = 54.0% (N=100)
I1009 18:25:25.442858 4564243904 retrain.py:1100] 2019-10-09 18:25:25.442809: Step 3400: Validation accuracy = 54.0% (N=100)
INFO:tensorflow:2019-10-09 18:25:26.000850: Step 3410: Train accuracy = 99.0%
I1009 18:25:26.000894 4564243904 retrain.py:1082] 2019-10-09 18:25:26.000850: Step 3410: Train accuracy = 99.0%
INFO:tensorflow:2019-10-09 18:25:26.001003: Step 3410: Cross entropy = 0.101362
I1009 18:25:26.001013 4564243904 retrain.py:1084] 2019-10-09 18:25:26.001003: Step 3410: Cross entropy = 0.101362
INFO:tensorflow:2019-10-09 18:25:26.057952: Step 3410: Validation accuracy = 48.0% (N=100)
I1009 18:25:26.057999 4564243904 retrain.py:1100] 2019-10-09 18:25:26.057952: Step 3410: Validation accuracy = 48.0% (N=100)
INFO:tensorflow:2019-10-09 18:25:26.616872: Step 3420: Train accuracy = 97.0%
I1009 18:25:26.616915 4564243904 retrain.py:1082] 2019-10-09 18:25:26.616872: Step 3420: Train accuracy = 97.0%
INFO:tensorflow:2019-10-09 18:25:26.617022: Step 3420: Cross entropy = 0.119734
I1009 18:25:26.617033 4564243904 retrain.py:1084] 2019-10-09 18:25:26.617022: Step 3420: Cross entropy = 0.119734
INFO:tensorflow:2019-10-09 18:25:26.673354: Step 3420: Validation accuracy = 46.0% (N=100)
I1009 18:25:26.673400 4564243904 retrain.py:1100] 2019-10-09 18:25:26.673354: Step 3420: Validation accuracy = 46.0% (N=100)
INFO:tensorflow:2019-10-09 18:25:27.230592: Step 3430: Train accuracy = 99.0%
I1009 18:25:27.230637 4564243904 retrain.py:1082] 2019-10-09 18:25:27.230592: Step 3430: Train accuracy = 99.0%
INFO:tensorflow:2019-10-09 18:25:27.230748: Step 3430: Cross entropy = 0.098689
I1009 18:25:27.230758 4564243904 retrain.py:1084] 2019-10-09 18:25:27.230748: Step 3430: Cross entropy = 0.098689
INFO:tensorflow:2019-10-09 18:25:27.286911: Step 3430: Validation accuracy = 41.0% (N=100)
I1009 18:25:27.286959 4564243904 retrain.py:1100] 2019-10-09 18:25:27.286911: Step 3430: Validation accuracy = 41.0% (N=100)
INFO:tensorflow:2019-10-09 18:25:27.848151: Step 3440: Train accuracy = 100.0%
I1009 18:25:27.848195 4564243904 retrain.py:1082] 2019-10-09 18:25:27.848151: Step 3440: Train accuracy = 100.0%
INFO:tensorflow:2019-10-09 18:25:27.848300: Step 3440: Cross entropy = 0.089597
I1009 18:25:27.848310 4564243904 retrain.py:1084] 2019-10-09 18:25:27.848300: Step 3440: Cross entropy = 0.089597
INFO:tensorflow:2019-10-09 18:25:27.905021: Step 3440: Validation accuracy = 44.0% (N=100)
I1009 18:25:27.905071 4564243904 retrain.py:1100] 2019-10-09 18:25:27.905021: Step 3440: Validation accuracy = 44.0% (N=100)
INFO:tensorflow:2019-10-09 18:25:28.470582: Step 3450: Train accuracy = 99.0%
I1009 18:25:28.470626 4564243904 retrain.py:1082] 2019-10-09 18:25:28.470582: Step 3450: Train accuracy = 99.0%
INFO:tensorflow:2019-10-09 18:25:28.470735: Step 3450: Cross entropy = 0.101493
I1009 18:25:28.470746 4564243904 retrain.py:1084] 2019-10-09 18:25:28.470735: Step 3450: Cross entropy = 0.101493
INFO:tensorflow:2019-10-09 18:25:28.527185: Step 3450: Validation accuracy = 39.0% (N=100)
I1009 18:25:28.527228 4564243904 retrain.py:1100] 2019-10-09 18:25:28.527185: Step 3450: Validation accuracy = 39.0% (N=100)
INFO:tensorflow:2019-10-09 18:25:29.092779: Step 3460: Train accuracy = 99.0%
I1009 18:25:29.092823 4564243904 retrain.py:1082] 2019-10-09 18:25:29.092779: Step 3460: Train accuracy = 99.0%
INFO:tensorflow:2019-10-09 18:25:29.092933: Step 3460: Cross entropy = 0.090311
I1009 18:25:29.092944 4564243904 retrain.py:1084] 2019-10-09 18:25:29.092933: Step 3460: Cross entropy = 0.090311
INFO:tensorflow:2019-10-09 18:25:29.149106: Step 3460: Validation accuracy = 40.0% (N=100)
I1009 18:25:29.149153 4564243904 retrain.py:1100] 2019-10-09 18:25:29.149106: Step 3460: Validation accuracy = 40.0% (N=100)
INFO:tensorflow:2019-10-09 18:25:29.704698: Step 3470: Train accuracy = 99.0%
I1009 18:25:29.704742 4564243904 retrain.py:1082] 2019-10-09 18:25:29.704698: Step 3470: Train accuracy = 99.0%
INFO:tensorflow:2019-10-09 18:25:29.704852: Step 3470: Cross entropy = 0.090577
I1009 18:25:29.704864 4564243904 retrain.py:1084] 2019-10-09 18:25:29.704852: Step 3470: Cross entropy = 0.090577
INFO:tensorflow:2019-10-09 18:25:29.761984: Step 3470: Validation accuracy = 51.0% (N=100)
I1009 18:25:29.762032 4564243904 retrain.py:1100] 2019-10-09 18:25:29.761984: Step 3470: Validation accuracy = 51.0% (N=100)
INFO:tensorflow:2019-10-09 18:25:30.320379: Step 3480: Train accuracy = 100.0%
I1009 18:25:30.320422 4564243904 retrain.py:1082] 2019-10-09 18:25:30.320379: Step 3480: Train accuracy = 100.0%
INFO:tensorflow:2019-10-09 18:25:30.320530: Step 3480: Cross entropy = 0.085152
I1009 18:25:30.320539 4564243904 retrain.py:1084] 2019-10-09 18:25:30.320530: Step 3480: Cross entropy = 0.085152
INFO:tensorflow:2019-10-09 18:25:30.377110: Step 3480: Validation accuracy = 46.0% (N=100)
I1009 18:25:30.377157 4564243904 retrain.py:1100] 2019-10-09 18:25:30.377110: Step 3480: Validation accuracy = 46.0% (N=100)
INFO:tensorflow:2019-10-09 18:25:30.933341: Step 3490: Train accuracy = 100.0%
I1009 18:25:30.933383 4564243904 retrain.py:1082] 2019-10-09 18:25:30.933341: Step 3490: Train accuracy = 100.0%
INFO:tensorflow:2019-10-09 18:25:30.933493: Step 3490: Cross entropy = 0.102546
I1009 18:25:30.933504 4564243904 retrain.py:1084] 2019-10-09 18:25:30.933493: Step 3490: Cross entropy = 0.102546
INFO:tensorflow:2019-10-09 18:25:30.990297: Step 3490: Validation accuracy = 48.0% (N=100)
I1009 18:25:30.990341 4564243904 retrain.py:1100] 2019-10-09 18:25:30.990297: Step 3490: Validation accuracy = 48.0% (N=100)
INFO:tensorflow:2019-10-09 18:25:31.550922: Step 3500: Train accuracy = 100.0%
I1009 18:25:31.550965 4564243904 retrain.py:1082] 2019-10-09 18:25:31.550922: Step 3500: Train accuracy = 100.0%
INFO:tensorflow:2019-10-09 18:25:31.551090: Step 3500: Cross entropy = 0.092478
I1009 18:25:31.551102 4564243904 retrain.py:1084] 2019-10-09 18:25:31.551090: Step 3500: Cross entropy = 0.092478
INFO:tensorflow:2019-10-09 18:25:31.609650: Step 3500: Validation accuracy = 52.0% (N=100)
I1009 18:25:31.609692 4564243904 retrain.py:1100] 2019-10-09 18:25:31.609650: Step 3500: Validation accuracy = 52.0% (N=100)
INFO:tensorflow:2019-10-09 18:25:32.169237: Step 3510: Train accuracy = 99.0%
I1009 18:25:32.169283 4564243904 retrain.py:1082] 2019-10-09 18:25:32.169237: Step 3510: Train accuracy = 99.0%
INFO:tensorflow:2019-10-09 18:25:32.169393: Step 3510: Cross entropy = 0.096694
I1009 18:25:32.169404 4564243904 retrain.py:1084] 2019-10-09 18:25:32.169393: Step 3510: Cross entropy = 0.096694
INFO:tensorflow:2019-10-09 18:25:32.226799: Step 3510: Validation accuracy = 42.0% (N=100)
I1009 18:25:32.226842 4564243904 retrain.py:1100] 2019-10-09 18:25:32.226799: Step 3510: Validation accuracy = 42.0% (N=100)
INFO:tensorflow:2019-10-09 18:25:32.789519: Step 3520: Train accuracy = 99.0%
I1009 18:25:32.789564 4564243904 retrain.py:1082] 2019-10-09 18:25:32.789519: Step 3520: Train accuracy = 99.0%
INFO:tensorflow:2019-10-09 18:25:32.789675: Step 3520: Cross entropy = 0.101422
I1009 18:25:32.789685 4564243904 retrain.py:1084] 2019-10-09 18:25:32.789675: Step 3520: Cross entropy = 0.101422
INFO:tensorflow:2019-10-09 18:25:32.846578: Step 3520: Validation accuracy = 46.0% (N=100)
I1009 18:25:32.846625 4564243904 retrain.py:1100] 2019-10-09 18:25:32.846578: Step 3520: Validation accuracy = 46.0% (N=100)
INFO:tensorflow:2019-10-09 18:25:33.405055: Step 3530: Train accuracy = 100.0%
I1009 18:25:33.405098 4564243904 retrain.py:1082] 2019-10-09 18:25:33.405055: Step 3530: Train accuracy = 100.0%
INFO:tensorflow:2019-10-09 18:25:33.405205: Step 3530: Cross entropy = 0.108944
I1009 18:25:33.405215 4564243904 retrain.py:1084] 2019-10-09 18:25:33.405205: Step 3530: Cross entropy = 0.108944
INFO:tensorflow:2019-10-09 18:25:33.462127: Step 3530: Validation accuracy = 44.0% (N=100)
I1009 18:25:33.462174 4564243904 retrain.py:1100] 2019-10-09 18:25:33.462127: Step 3530: Validation accuracy = 44.0% (N=100)
INFO:tensorflow:2019-10-09 18:25:34.021676: Step 3540: Train accuracy = 100.0%
I1009 18:25:34.021721 4564243904 retrain.py:1082] 2019-10-09 18:25:34.021676: Step 3540: Train accuracy = 100.0%
INFO:tensorflow:2019-10-09 18:25:34.021831: Step 3540: Cross entropy = 0.096811
I1009 18:25:34.021842 4564243904 retrain.py:1084] 2019-10-09 18:25:34.021831: Step 3540: Cross entropy = 0.096811
INFO:tensorflow:2019-10-09 18:25:34.078160: Step 3540: Validation accuracy = 52.0% (N=100)
I1009 18:25:34.078208 4564243904 retrain.py:1100] 2019-10-09 18:25:34.078160: Step 3540: Validation accuracy = 52.0% (N=100)
INFO:tensorflow:2019-10-09 18:25:34.637859: Step 3550: Train accuracy = 98.0%
I1009 18:25:34.637903 4564243904 retrain.py:1082] 2019-10-09 18:25:34.637859: Step 3550: Train accuracy = 98.0%
INFO:tensorflow:2019-10-09 18:25:34.638012: Step 3550: Cross entropy = 0.108462
I1009 18:25:34.638021 4564243904 retrain.py:1084] 2019-10-09 18:25:34.638012: Step 3550: Cross entropy = 0.108462
INFO:tensorflow:2019-10-09 18:25:34.695222: Step 3550: Validation accuracy = 42.0% (N=100)
I1009 18:25:34.695266 4564243904 retrain.py:1100] 2019-10-09 18:25:34.695222: Step 3550: Validation accuracy = 42.0% (N=100)
INFO:tensorflow:2019-10-09 18:25:35.253790: Step 3560: Train accuracy = 100.0%
I1009 18:25:35.253834 4564243904 retrain.py:1082] 2019-10-09 18:25:35.253790: Step 3560: Train accuracy = 100.0%
INFO:tensorflow:2019-10-09 18:25:35.253943: Step 3560: Cross entropy = 0.087454
I1009 18:25:35.253952 4564243904 retrain.py:1084] 2019-10-09 18:25:35.253943: Step 3560: Cross entropy = 0.087454
INFO:tensorflow:2019-10-09 18:25:35.310919: Step 3560: Validation accuracy = 40.0% (N=100)
I1009 18:25:35.310966 4564243904 retrain.py:1100] 2019-10-09 18:25:35.310919: Step 3560: Validation accuracy = 40.0% (N=100)
INFO:tensorflow:2019-10-09 18:25:35.868477: Step 3570: Train accuracy = 97.0%
I1009 18:25:35.868520 4564243904 retrain.py:1082] 2019-10-09 18:25:35.868477: Step 3570: Train accuracy = 97.0%
INFO:tensorflow:2019-10-09 18:25:35.868627: Step 3570: Cross entropy = 0.114897
I1009 18:25:35.868635 4564243904 retrain.py:1084] 2019-10-09 18:25:35.868627: Step 3570: Cross entropy = 0.114897
INFO:tensorflow:2019-10-09 18:25:35.924766: Step 3570: Validation accuracy = 38.0% (N=100)
I1009 18:25:35.924813 4564243904 retrain.py:1100] 2019-10-09 18:25:35.924766: Step 3570: Validation accuracy = 38.0% (N=100)
INFO:tensorflow:2019-10-09 18:25:36.487398: Step 3580: Train accuracy = 100.0%
I1009 18:25:36.487442 4564243904 retrain.py:1082] 2019-10-09 18:25:36.487398: Step 3580: Train accuracy = 100.0%
INFO:tensorflow:2019-10-09 18:25:36.487550: Step 3580: Cross entropy = 0.077605
I1009 18:25:36.487560 4564243904 retrain.py:1084] 2019-10-09 18:25:36.487550: Step 3580: Cross entropy = 0.077605
INFO:tensorflow:2019-10-09 18:25:36.545818: Step 3580: Validation accuracy = 42.0% (N=100)
I1009 18:25:36.545866 4564243904 retrain.py:1100] 2019-10-09 18:25:36.545818: Step 3580: Validation accuracy = 42.0% (N=100)
INFO:tensorflow:2019-10-09 18:25:37.105655: Step 3590: Train accuracy = 100.0%
I1009 18:25:37.105711 4564243904 retrain.py:1082] 2019-10-09 18:25:37.105655: Step 3590: Train accuracy = 100.0%
INFO:tensorflow:2019-10-09 18:25:37.105845: Step 3590: Cross entropy = 0.085609
I1009 18:25:37.105854 4564243904 retrain.py:1084] 2019-10-09 18:25:37.105845: Step 3590: Cross entropy = 0.085609
INFO:tensorflow:2019-10-09 18:25:37.162983: Step 3590: Validation accuracy = 35.0% (N=100)
I1009 18:25:37.163032 4564243904 retrain.py:1100] 2019-10-09 18:25:37.162983: Step 3590: Validation accuracy = 35.0% (N=100)
INFO:tensorflow:2019-10-09 18:25:37.722418: Step 3600: Train accuracy = 99.0%
I1009 18:25:37.722462 4564243904 retrain.py:1082] 2019-10-09 18:25:37.722418: Step 3600: Train accuracy = 99.0%
INFO:tensorflow:2019-10-09 18:25:37.722572: Step 3600: Cross entropy = 0.102731
I1009 18:25:37.722583 4564243904 retrain.py:1084] 2019-10-09 18:25:37.722572: Step 3600: Cross entropy = 0.102731
INFO:tensorflow:2019-10-09 18:25:37.779372: Step 3600: Validation accuracy = 39.0% (N=100)
I1009 18:25:37.779420 4564243904 retrain.py:1100] 2019-10-09 18:25:37.779372: Step 3600: Validation accuracy = 39.0% (N=100)
INFO:tensorflow:2019-10-09 18:25:38.339778: Step 3610: Train accuracy = 99.0%
I1009 18:25:38.339825 4564243904 retrain.py:1082] 2019-10-09 18:25:38.339778: Step 3610: Train accuracy = 99.0%
INFO:tensorflow:2019-10-09 18:25:38.339948: Step 3610: Cross entropy = 0.095112
I1009 18:25:38.339962 4564243904 retrain.py:1084] 2019-10-09 18:25:38.339948: Step 3610: Cross entropy = 0.095112
INFO:tensorflow:2019-10-09 18:25:38.396474: Step 3610: Validation accuracy = 52.0% (N=100)
I1009 18:25:38.396522 4564243904 retrain.py:1100] 2019-10-09 18:25:38.396474: Step 3610: Validation accuracy = 52.0% (N=100)
INFO:tensorflow:2019-10-09 18:25:38.958358: Step 3620: Train accuracy = 99.0%
I1009 18:25:38.958402 4564243904 retrain.py:1082] 2019-10-09 18:25:38.958358: Step 3620: Train accuracy = 99.0%
INFO:tensorflow:2019-10-09 18:25:38.958515: Step 3620: Cross entropy = 0.103058
I1009 18:25:38.958525 4564243904 retrain.py:1084] 2019-10-09 18:25:38.958515: Step 3620: Cross entropy = 0.103058
INFO:tensorflow:2019-10-09 18:25:39.015444: Step 3620: Validation accuracy = 48.0% (N=100)
I1009 18:25:39.015487 4564243904 retrain.py:1100] 2019-10-09 18:25:39.015444: Step 3620: Validation accuracy = 48.0% (N=100)
INFO:tensorflow:2019-10-09 18:25:39.573369: Step 3630: Train accuracy = 100.0%
I1009 18:25:39.573414 4564243904 retrain.py:1082] 2019-10-09 18:25:39.573369: Step 3630: Train accuracy = 100.0%
INFO:tensorflow:2019-10-09 18:25:39.573527: Step 3630: Cross entropy = 0.069212
I1009 18:25:39.573539 4564243904 retrain.py:1084] 2019-10-09 18:25:39.573527: Step 3630: Cross entropy = 0.069212
INFO:tensorflow:2019-10-09 18:25:39.630539: Step 3630: Validation accuracy = 46.0% (N=100)
I1009 18:25:39.630586 4564243904 retrain.py:1100] 2019-10-09 18:25:39.630539: Step 3630: Validation accuracy = 46.0% (N=100)
INFO:tensorflow:2019-10-09 18:25:40.191462: Step 3640: Train accuracy = 99.0%
I1009 18:25:40.191509 4564243904 retrain.py:1082] 2019-10-09 18:25:40.191462: Step 3640: Train accuracy = 99.0%
INFO:tensorflow:2019-10-09 18:25:40.191628: Step 3640: Cross entropy = 0.104777
I1009 18:25:40.191641 4564243904 retrain.py:1084] 2019-10-09 18:25:40.191628: Step 3640: Cross entropy = 0.104777
INFO:tensorflow:2019-10-09 18:25:40.248860: Step 3640: Validation accuracy = 48.0% (N=100)
I1009 18:25:40.248904 4564243904 retrain.py:1100] 2019-10-09 18:25:40.248860: Step 3640: Validation accuracy = 48.0% (N=100)
INFO:tensorflow:2019-10-09 18:25:40.806866: Step 3650: Train accuracy = 100.0%
I1009 18:25:40.806910 4564243904 retrain.py:1082] 2019-10-09 18:25:40.806866: Step 3650: Train accuracy = 100.0%
INFO:tensorflow:2019-10-09 18:25:40.807031: Step 3650: Cross entropy = 0.096215
I1009 18:25:40.807042 4564243904 retrain.py:1084] 2019-10-09 18:25:40.807031: Step 3650: Cross entropy = 0.096215
INFO:tensorflow:2019-10-09 18:25:40.863675: Step 3650: Validation accuracy = 40.0% (N=100)
I1009 18:25:40.863722 4564243904 retrain.py:1100] 2019-10-09 18:25:40.863675: Step 3650: Validation accuracy = 40.0% (N=100)
INFO:tensorflow:2019-10-09 18:25:41.425080: Step 3660: Train accuracy = 99.0%
I1009 18:25:41.425131 4564243904 retrain.py:1082] 2019-10-09 18:25:41.425080: Step 3660: Train accuracy = 99.0%
INFO:tensorflow:2019-10-09 18:25:41.425246: Step 3660: Cross entropy = 0.087584
I1009 18:25:41.425256 4564243904 retrain.py:1084] 2019-10-09 18:25:41.425246: Step 3660: Cross entropy = 0.087584
INFO:tensorflow:2019-10-09 18:25:41.482459: Step 3660: Validation accuracy = 50.0% (N=100)
I1009 18:25:41.482502 4564243904 retrain.py:1100] 2019-10-09 18:25:41.482459: Step 3660: Validation accuracy = 50.0% (N=100)
INFO:tensorflow:2019-10-09 18:25:42.040767: Step 3670: Train accuracy = 100.0%
I1009 18:25:42.040812 4564243904 retrain.py:1082] 2019-10-09 18:25:42.040767: Step 3670: Train accuracy = 100.0%
INFO:tensorflow:2019-10-09 18:25:42.040933: Step 3670: Cross entropy = 0.101506
I1009 18:25:42.040944 4564243904 retrain.py:1084] 2019-10-09 18:25:42.040933: Step 3670: Cross entropy = 0.101506
INFO:tensorflow:2019-10-09 18:25:42.097790: Step 3670: Validation accuracy = 40.0% (N=100)
I1009 18:25:42.097838 4564243904 retrain.py:1100] 2019-10-09 18:25:42.097790: Step 3670: Validation accuracy = 40.0% (N=100)
INFO:tensorflow:2019-10-09 18:25:42.681452: Step 3680: Train accuracy = 97.0%
I1009 18:25:42.681496 4564243904 retrain.py:1082] 2019-10-09 18:25:42.681452: Step 3680: Train accuracy = 97.0%
INFO:tensorflow:2019-10-09 18:25:42.681603: Step 3680: Cross entropy = 0.099046
I1009 18:25:42.681614 4564243904 retrain.py:1084] 2019-10-09 18:25:42.681603: Step 3680: Cross entropy = 0.099046
INFO:tensorflow:2019-10-09 18:25:42.738179: Step 3680: Validation accuracy = 54.0% (N=100)
I1009 18:25:42.738225 4564243904 retrain.py:1100] 2019-10-09 18:25:42.738179: Step 3680: Validation accuracy = 54.0% (N=100)
INFO:tensorflow:2019-10-09 18:25:43.297684: Step 3690: Train accuracy = 100.0%
I1009 18:25:43.297729 4564243904 retrain.py:1082] 2019-10-09 18:25:43.297684: Step 3690: Train accuracy = 100.0%
INFO:tensorflow:2019-10-09 18:25:43.297839: Step 3690: Cross entropy = 0.094156
I1009 18:25:43.297867 4564243904 retrain.py:1084] 2019-10-09 18:25:43.297839: Step 3690: Cross entropy = 0.094156
INFO:tensorflow:2019-10-09 18:25:43.354529: Step 3690: Validation accuracy = 50.0% (N=100)
I1009 18:25:43.354576 4564243904 retrain.py:1100] 2019-10-09 18:25:43.354529: Step 3690: Validation accuracy = 50.0% (N=100)
INFO:tensorflow:2019-10-09 18:25:43.915738: Step 3700: Train accuracy = 99.0%
I1009 18:25:43.915782 4564243904 retrain.py:1082] 2019-10-09 18:25:43.915738: Step 3700: Train accuracy = 99.0%
INFO:tensorflow:2019-10-09 18:25:43.915892: Step 3700: Cross entropy = 0.102165
I1009 18:25:43.915918 4564243904 retrain.py:1084] 2019-10-09 18:25:43.915892: Step 3700: Cross entropy = 0.102165
INFO:tensorflow:2019-10-09 18:25:43.972516: Step 3700: Validation accuracy = 40.0% (N=100)
I1009 18:25:43.972564 4564243904 retrain.py:1100] 2019-10-09 18:25:43.972516: Step 3700: Validation accuracy = 40.0% (N=100)
INFO:tensorflow:2019-10-09 18:25:44.529942: Step 3710: Train accuracy = 99.0%
I1009 18:25:44.529987 4564243904 retrain.py:1082] 2019-10-09 18:25:44.529942: Step 3710: Train accuracy = 99.0%
INFO:tensorflow:2019-10-09 18:25:44.530096: Step 3710: Cross entropy = 0.095430
I1009 18:25:44.530106 4564243904 retrain.py:1084] 2019-10-09 18:25:44.530096: Step 3710: Cross entropy = 0.095430
INFO:tensorflow:2019-10-09 18:25:44.586201: Step 3710: Validation accuracy = 44.0% (N=100)
I1009 18:25:44.586246 4564243904 retrain.py:1100] 2019-10-09 18:25:44.586201: Step 3710: Validation accuracy = 44.0% (N=100)
INFO:tensorflow:2019-10-09 18:25:45.146190: Step 3720: Train accuracy = 99.0%
I1009 18:25:45.146234 4564243904 retrain.py:1082] 2019-10-09 18:25:45.146190: Step 3720: Train accuracy = 99.0%
INFO:tensorflow:2019-10-09 18:25:45.146360: Step 3720: Cross entropy = 0.096576
I1009 18:25:45.146389 4564243904 retrain.py:1084] 2019-10-09 18:25:45.146360: Step 3720: Cross entropy = 0.096576
INFO:tensorflow:2019-10-09 18:25:45.202974: Step 3720: Validation accuracy = 35.0% (N=100)
I1009 18:25:45.203023 4564243904 retrain.py:1100] 2019-10-09 18:25:45.202974: Step 3720: Validation accuracy = 35.0% (N=100)
INFO:tensorflow:2019-10-09 18:25:45.759767: Step 3730: Train accuracy = 98.0%
I1009 18:25:45.759812 4564243904 retrain.py:1082] 2019-10-09 18:25:45.759767: Step 3730: Train accuracy = 98.0%
INFO:tensorflow:2019-10-09 18:25:45.759917: Step 3730: Cross entropy = 0.109963
I1009 18:25:45.759927 4564243904 retrain.py:1084] 2019-10-09 18:25:45.759917: Step 3730: Cross entropy = 0.109963
INFO:tensorflow:2019-10-09 18:25:45.816742: Step 3730: Validation accuracy = 41.0% (N=100)
I1009 18:25:45.816791 4564243904 retrain.py:1100] 2019-10-09 18:25:45.816742: Step 3730: Validation accuracy = 41.0% (N=100)
INFO:tensorflow:2019-10-09 18:25:46.373622: Step 3740: Train accuracy = 100.0%
I1009 18:25:46.373666 4564243904 retrain.py:1082] 2019-10-09 18:25:46.373622: Step 3740: Train accuracy = 100.0%
INFO:tensorflow:2019-10-09 18:25:46.373772: Step 3740: Cross entropy = 0.095368
I1009 18:25:46.373783 4564243904 retrain.py:1084] 2019-10-09 18:25:46.373772: Step 3740: Cross entropy = 0.095368
INFO:tensorflow:2019-10-09 18:25:46.430668: Step 3740: Validation accuracy = 54.0% (N=100)
I1009 18:25:46.430713 4564243904 retrain.py:1100] 2019-10-09 18:25:46.430668: Step 3740: Validation accuracy = 54.0% (N=100)
INFO:tensorflow:2019-10-09 18:25:46.990970: Step 3750: Train accuracy = 100.0%
I1009 18:25:46.991014 4564243904 retrain.py:1082] 2019-10-09 18:25:46.990970: Step 3750: Train accuracy = 100.0%
INFO:tensorflow:2019-10-09 18:25:46.991122: Step 3750: Cross entropy = 0.098954
I1009 18:25:46.991132 4564243904 retrain.py:1084] 2019-10-09 18:25:46.991122: Step 3750: Cross entropy = 0.098954
INFO:tensorflow:2019-10-09 18:25:47.048055: Step 3750: Validation accuracy = 46.0% (N=100)
I1009 18:25:47.048102 4564243904 retrain.py:1100] 2019-10-09 18:25:47.048055: Step 3750: Validation accuracy = 46.0% (N=100)
INFO:tensorflow:2019-10-09 18:25:47.608300: Step 3760: Train accuracy = 100.0%
I1009 18:25:47.608345 4564243904 retrain.py:1082] 2019-10-09 18:25:47.608300: Step 3760: Train accuracy = 100.0%
INFO:tensorflow:2019-10-09 18:25:47.608479: Step 3760: Cross entropy = 0.083334
I1009 18:25:47.608489 4564243904 retrain.py:1084] 2019-10-09 18:25:47.608479: Step 3760: Cross entropy = 0.083334
INFO:tensorflow:2019-10-09 18:25:47.665232: Step 3760: Validation accuracy = 49.0% (N=100)
I1009 18:25:47.665278 4564243904 retrain.py:1100] 2019-10-09 18:25:47.665232: Step 3760: Validation accuracy = 49.0% (N=100)
INFO:tensorflow:2019-10-09 18:25:48.224819: Step 3770: Train accuracy = 100.0%
I1009 18:25:48.224861 4564243904 retrain.py:1082] 2019-10-09 18:25:48.224819: Step 3770: Train accuracy = 100.0%
INFO:tensorflow:2019-10-09 18:25:48.224971: Step 3770: Cross entropy = 0.104940
I1009 18:25:48.224981 4564243904 retrain.py:1084] 2019-10-09 18:25:48.224971: Step 3770: Cross entropy = 0.104940
INFO:tensorflow:2019-10-09 18:25:48.281822: Step 3770: Validation accuracy = 32.0% (N=100)
I1009 18:25:48.281871 4564243904 retrain.py:1100] 2019-10-09 18:25:48.281822: Step 3770: Validation accuracy = 32.0% (N=100)
INFO:tensorflow:2019-10-09 18:25:48.842681: Step 3780: Train accuracy = 98.0%
I1009 18:25:48.842725 4564243904 retrain.py:1082] 2019-10-09 18:25:48.842681: Step 3780: Train accuracy = 98.0%
INFO:tensorflow:2019-10-09 18:25:48.842835: Step 3780: Cross entropy = 0.092493
I1009 18:25:48.842845 4564243904 retrain.py:1084] 2019-10-09 18:25:48.842835: Step 3780: Cross entropy = 0.092493
INFO:tensorflow:2019-10-09 18:25:48.899627: Step 3780: Validation accuracy = 46.0% (N=100)
I1009 18:25:48.899675 4564243904 retrain.py:1100] 2019-10-09 18:25:48.899627: Step 3780: Validation accuracy = 46.0% (N=100)
INFO:tensorflow:2019-10-09 18:25:49.458442: Step 3790: Train accuracy = 97.0%
I1009 18:25:49.458498 4564243904 retrain.py:1082] 2019-10-09 18:25:49.458442: Step 3790: Train accuracy = 97.0%
INFO:tensorflow:2019-10-09 18:25:49.458631: Step 3790: Cross entropy = 0.099109
I1009 18:25:49.458640 4564243904 retrain.py:1084] 2019-10-09 18:25:49.458631: Step 3790: Cross entropy = 0.099109
INFO:tensorflow:2019-10-09 18:25:49.515405: Step 3790: Validation accuracy = 42.0% (N=100)
I1009 18:25:49.515452 4564243904 retrain.py:1100] 2019-10-09 18:25:49.515405: Step 3790: Validation accuracy = 42.0% (N=100)
INFO:tensorflow:2019-10-09 18:25:50.074685: Step 3800: Train accuracy = 99.0%
I1009 18:25:50.074729 4564243904 retrain.py:1082] 2019-10-09 18:25:50.074685: Step 3800: Train accuracy = 99.0%
INFO:tensorflow:2019-10-09 18:25:50.074840: Step 3800: Cross entropy = 0.093937
I1009 18:25:50.074851 4564243904 retrain.py:1084] 2019-10-09 18:25:50.074840: Step 3800: Cross entropy = 0.093937
INFO:tensorflow:2019-10-09 18:25:50.134496: Step 3800: Validation accuracy = 42.0% (N=100)
I1009 18:25:50.134544 4564243904 retrain.py:1100] 2019-10-09 18:25:50.134496: Step 3800: Validation accuracy = 42.0% (N=100)
INFO:tensorflow:2019-10-09 18:25:50.694493: Step 3810: Train accuracy = 100.0%
I1009 18:25:50.694535 4564243904 retrain.py:1082] 2019-10-09 18:25:50.694493: Step 3810: Train accuracy = 100.0%
INFO:tensorflow:2019-10-09 18:25:50.694643: Step 3810: Cross entropy = 0.087329
I1009 18:25:50.694653 4564243904 retrain.py:1084] 2019-10-09 18:25:50.694643: Step 3810: Cross entropy = 0.087329
INFO:tensorflow:2019-10-09 18:25:50.752288: Step 3810: Validation accuracy = 52.0% (N=100)
I1009 18:25:50.752333 4564243904 retrain.py:1100] 2019-10-09 18:25:50.752288: Step 3810: Validation accuracy = 52.0% (N=100)
INFO:tensorflow:2019-10-09 18:25:51.310951: Step 3820: Train accuracy = 100.0%
I1009 18:25:51.311000 4564243904 retrain.py:1082] 2019-10-09 18:25:51.310951: Step 3820: Train accuracy = 100.0%
INFO:tensorflow:2019-10-09 18:25:51.311126: Step 3820: Cross entropy = 0.079420
I1009 18:25:51.311139 4564243904 retrain.py:1084] 2019-10-09 18:25:51.311126: Step 3820: Cross entropy = 0.079420
INFO:tensorflow:2019-10-09 18:25:51.367610: Step 3820: Validation accuracy = 42.0% (N=100)
I1009 18:25:51.367654 4564243904 retrain.py:1100] 2019-10-09 18:25:51.367610: Step 3820: Validation accuracy = 42.0% (N=100)
INFO:tensorflow:2019-10-09 18:25:51.925409: Step 3830: Train accuracy = 99.0%
I1009 18:25:51.925454 4564243904 retrain.py:1082] 2019-10-09 18:25:51.925409: Step 3830: Train accuracy = 99.0%
INFO:tensorflow:2019-10-09 18:25:51.925560: Step 3830: Cross entropy = 0.093522
I1009 18:25:51.925570 4564243904 retrain.py:1084] 2019-10-09 18:25:51.925560: Step 3830: Cross entropy = 0.093522
INFO:tensorflow:2019-10-09 18:25:51.981758: Step 3830: Validation accuracy = 44.0% (N=100)
I1009 18:25:51.981804 4564243904 retrain.py:1100] 2019-10-09 18:25:51.981758: Step 3830: Validation accuracy = 44.0% (N=100)
INFO:tensorflow:2019-10-09 18:25:52.540251: Step 3840: Train accuracy = 99.0%
I1009 18:25:52.540297 4564243904 retrain.py:1082] 2019-10-09 18:25:52.540251: Step 3840: Train accuracy = 99.0%
INFO:tensorflow:2019-10-09 18:25:52.540450: Step 3840: Cross entropy = 0.096621
I1009 18:25:52.540467 4564243904 retrain.py:1084] 2019-10-09 18:25:52.540450: Step 3840: Cross entropy = 0.096621
INFO:tensorflow:2019-10-09 18:25:52.597242: Step 3840: Validation accuracy = 43.0% (N=100)
I1009 18:25:52.597296 4564243904 retrain.py:1100] 2019-10-09 18:25:52.597242: Step 3840: Validation accuracy = 43.0% (N=100)
INFO:tensorflow:2019-10-09 18:25:53.154985: Step 3850: Train accuracy = 100.0%
I1009 18:25:53.155027 4564243904 retrain.py:1082] 2019-10-09 18:25:53.154985: Step 3850: Train accuracy = 100.0%
INFO:tensorflow:2019-10-09 18:25:53.155137: Step 3850: Cross entropy = 0.093664
I1009 18:25:53.155148 4564243904 retrain.py:1084] 2019-10-09 18:25:53.155137: Step 3850: Cross entropy = 0.093664
INFO:tensorflow:2019-10-09 18:25:53.211730: Step 3850: Validation accuracy = 47.0% (N=100)
I1009 18:25:53.211775 4564243904 retrain.py:1100] 2019-10-09 18:25:53.211730: Step 3850: Validation accuracy = 47.0% (N=100)
INFO:tensorflow:2019-10-09 18:25:53.769923: Step 3860: Train accuracy = 98.0%
I1009 18:25:53.769967 4564243904 retrain.py:1082] 2019-10-09 18:25:53.769923: Step 3860: Train accuracy = 98.0%
INFO:tensorflow:2019-10-09 18:25:53.770077: Step 3860: Cross entropy = 0.102504
I1009 18:25:53.770087 4564243904 retrain.py:1084] 2019-10-09 18:25:53.770077: Step 3860: Cross entropy = 0.102504
INFO:tensorflow:2019-10-09 18:25:53.827133: Step 3860: Validation accuracy = 39.0% (N=100)
I1009 18:25:53.827181 4564243904 retrain.py:1100] 2019-10-09 18:25:53.827133: Step 3860: Validation accuracy = 39.0% (N=100)
INFO:tensorflow:2019-10-09 18:25:54.386870: Step 3870: Train accuracy = 100.0%
I1009 18:25:54.386914 4564243904 retrain.py:1082] 2019-10-09 18:25:54.386870: Step 3870: Train accuracy = 100.0%
INFO:tensorflow:2019-10-09 18:25:54.387021: Step 3870: Cross entropy = 0.090948
I1009 18:25:54.387032 4564243904 retrain.py:1084] 2019-10-09 18:25:54.387021: Step 3870: Cross entropy = 0.090948
INFO:tensorflow:2019-10-09 18:25:54.444185: Step 3870: Validation accuracy = 41.0% (N=100)
I1009 18:25:54.444232 4564243904 retrain.py:1100] 2019-10-09 18:25:54.444185: Step 3870: Validation accuracy = 41.0% (N=100)
INFO:tensorflow:2019-10-09 18:25:55.005425: Step 3880: Train accuracy = 100.0%
I1009 18:25:55.005480 4564243904 retrain.py:1082] 2019-10-09 18:25:55.005425: Step 3880: Train accuracy = 100.0%
INFO:tensorflow:2019-10-09 18:25:55.005604: Step 3880: Cross entropy = 0.090333
I1009 18:25:55.005635 4564243904 retrain.py:1084] 2019-10-09 18:25:55.005604: Step 3880: Cross entropy = 0.090333
INFO:tensorflow:2019-10-09 18:25:55.062495: Step 3880: Validation accuracy = 44.0% (N=100)
I1009 18:25:55.062543 4564243904 retrain.py:1100] 2019-10-09 18:25:55.062495: Step 3880: Validation accuracy = 44.0% (N=100)
INFO:tensorflow:2019-10-09 18:25:55.621538: Step 3890: Train accuracy = 100.0%
I1009 18:25:55.621582 4564243904 retrain.py:1082] 2019-10-09 18:25:55.621538: Step 3890: Train accuracy = 100.0%
INFO:tensorflow:2019-10-09 18:25:55.621695: Step 3890: Cross entropy = 0.098963
I1009 18:25:55.621706 4564243904 retrain.py:1084] 2019-10-09 18:25:55.621695: Step 3890: Cross entropy = 0.098963
INFO:tensorflow:2019-10-09 18:25:55.679004: Step 3890: Validation accuracy = 38.0% (N=100)
I1009 18:25:55.679047 4564243904 retrain.py:1100] 2019-10-09 18:25:55.679004: Step 3890: Validation accuracy = 38.0% (N=100)
INFO:tensorflow:2019-10-09 18:25:56.241180: Step 3900: Train accuracy = 99.0%
I1009 18:25:56.241225 4564243904 retrain.py:1082] 2019-10-09 18:25:56.241180: Step 3900: Train accuracy = 99.0%
INFO:tensorflow:2019-10-09 18:25:56.241336: Step 3900: Cross entropy = 0.092013
I1009 18:25:56.241348 4564243904 retrain.py:1084] 2019-10-09 18:25:56.241336: Step 3900: Cross entropy = 0.092013
INFO:tensorflow:2019-10-09 18:25:56.297641: Step 3900: Validation accuracy = 46.0% (N=100)
I1009 18:25:56.297701 4564243904 retrain.py:1100] 2019-10-09 18:25:56.297641: Step 3900: Validation accuracy = 46.0% (N=100)
INFO:tensorflow:2019-10-09 18:25:56.861678: Step 3910: Train accuracy = 100.0%
I1009 18:25:56.861722 4564243904 retrain.py:1082] 2019-10-09 18:25:56.861678: Step 3910: Train accuracy = 100.0%
INFO:tensorflow:2019-10-09 18:25:56.861834: Step 3910: Cross entropy = 0.096016
I1009 18:25:56.861846 4564243904 retrain.py:1084] 2019-10-09 18:25:56.861834: Step 3910: Cross entropy = 0.096016
INFO:tensorflow:2019-10-09 18:25:56.920629: Step 3910: Validation accuracy = 45.0% (N=100)
I1009 18:25:56.920673 4564243904 retrain.py:1100] 2019-10-09 18:25:56.920629: Step 3910: Validation accuracy = 45.0% (N=100)
INFO:tensorflow:2019-10-09 18:25:57.485387: Step 3920: Train accuracy = 100.0%
I1009 18:25:57.485430 4564243904 retrain.py:1082] 2019-10-09 18:25:57.485387: Step 3920: Train accuracy = 100.0%
INFO:tensorflow:2019-10-09 18:25:57.485538: Step 3920: Cross entropy = 0.105456
I1009 18:25:57.485550 4564243904 retrain.py:1084] 2019-10-09 18:25:57.485538: Step 3920: Cross entropy = 0.105456
INFO:tensorflow:2019-10-09 18:25:57.543146: Step 3920: Validation accuracy = 37.0% (N=100)
I1009 18:25:57.543190 4564243904 retrain.py:1100] 2019-10-09 18:25:57.543146: Step 3920: Validation accuracy = 37.0% (N=100)
INFO:tensorflow:2019-10-09 18:25:58.110708: Step 3930: Train accuracy = 99.0%
I1009 18:25:58.110753 4564243904 retrain.py:1082] 2019-10-09 18:25:58.110708: Step 3930: Train accuracy = 99.0%
INFO:tensorflow:2019-10-09 18:25:58.110861: Step 3930: Cross entropy = 0.091364
I1009 18:25:58.110872 4564243904 retrain.py:1084] 2019-10-09 18:25:58.110861: Step 3930: Cross entropy = 0.091364
INFO:tensorflow:2019-10-09 18:25:58.167386: Step 3930: Validation accuracy = 41.0% (N=100)
I1009 18:25:58.167434 4564243904 retrain.py:1100] 2019-10-09 18:25:58.167386: Step 3930: Validation accuracy = 41.0% (N=100)
INFO:tensorflow:2019-10-09 18:25:58.727627: Step 3940: Train accuracy = 98.0%
I1009 18:25:58.727672 4564243904 retrain.py:1082] 2019-10-09 18:25:58.727627: Step 3940: Train accuracy = 98.0%
INFO:tensorflow:2019-10-09 18:25:58.727780: Step 3940: Cross entropy = 0.107009
I1009 18:25:58.727790 4564243904 retrain.py:1084] 2019-10-09 18:25:58.727780: Step 3940: Cross entropy = 0.107009
INFO:tensorflow:2019-10-09 18:25:58.784956: Step 3940: Validation accuracy = 44.0% (N=100)
I1009 18:25:58.785004 4564243904 retrain.py:1100] 2019-10-09 18:25:58.784956: Step 3940: Validation accuracy = 44.0% (N=100)
INFO:tensorflow:2019-10-09 18:25:59.349466: Step 3950: Train accuracy = 100.0%
I1009 18:25:59.349509 4564243904 retrain.py:1082] 2019-10-09 18:25:59.349466: Step 3950: Train accuracy = 100.0%
INFO:tensorflow:2019-10-09 18:25:59.349623: Step 3950: Cross entropy = 0.093785
I1009 18:25:59.349633 4564243904 retrain.py:1084] 2019-10-09 18:25:59.349623: Step 3950: Cross entropy = 0.093785
INFO:tensorflow:2019-10-09 18:25:59.406759: Step 3950: Validation accuracy = 44.0% (N=100)
I1009 18:25:59.406805 4564243904 retrain.py:1100] 2019-10-09 18:25:59.406759: Step 3950: Validation accuracy = 44.0% (N=100)
INFO:tensorflow:2019-10-09 18:25:59.968503: Step 3960: Train accuracy = 100.0%
I1009 18:25:59.968546 4564243904 retrain.py:1082] 2019-10-09 18:25:59.968503: Step 3960: Train accuracy = 100.0%
INFO:tensorflow:2019-10-09 18:25:59.968654: Step 3960: Cross entropy = 0.088874
I1009 18:25:59.968666 4564243904 retrain.py:1084] 2019-10-09 18:25:59.968654: Step 3960: Cross entropy = 0.088874
INFO:tensorflow:2019-10-09 18:26:00.026055: Step 3960: Validation accuracy = 48.0% (N=100)
I1009 18:26:00.026100 4564243904 retrain.py:1100] 2019-10-09 18:26:00.026055: Step 3960: Validation accuracy = 48.0% (N=100)
INFO:tensorflow:2019-10-09 18:26:00.587006: Step 3970: Train accuracy = 100.0%
I1009 18:26:00.587049 4564243904 retrain.py:1082] 2019-10-09 18:26:00.587006: Step 3970: Train accuracy = 100.0%
INFO:tensorflow:2019-10-09 18:26:00.587157: Step 3970: Cross entropy = 0.059023
I1009 18:26:00.587167 4564243904 retrain.py:1084] 2019-10-09 18:26:00.587157: Step 3970: Cross entropy = 0.059023
INFO:tensorflow:2019-10-09 18:26:00.646044: Step 3970: Validation accuracy = 51.0% (N=100)
I1009 18:26:00.646090 4564243904 retrain.py:1100] 2019-10-09 18:26:00.646044: Step 3970: Validation accuracy = 51.0% (N=100)
INFO:tensorflow:2019-10-09 18:26:01.207732: Step 3980: Train accuracy = 98.0%
I1009 18:26:01.207776 4564243904 retrain.py:1082] 2019-10-09 18:26:01.207732: Step 3980: Train accuracy = 98.0%
INFO:tensorflow:2019-10-09 18:26:01.207898: Step 3980: Cross entropy = 0.090856
I1009 18:26:01.207929 4564243904 retrain.py:1084] 2019-10-09 18:26:01.207898: Step 3980: Cross entropy = 0.090856
INFO:tensorflow:2019-10-09 18:26:01.265244: Step 3980: Validation accuracy = 40.0% (N=100)
I1009 18:26:01.265298 4564243904 retrain.py:1100] 2019-10-09 18:26:01.265244: Step 3980: Validation accuracy = 40.0% (N=100)
INFO:tensorflow:2019-10-09 18:26:01.827430: Step 3990: Train accuracy = 99.0%
I1009 18:26:01.827473 4564243904 retrain.py:1082] 2019-10-09 18:26:01.827430: Step 3990: Train accuracy = 99.0%
INFO:tensorflow:2019-10-09 18:26:01.827581: Step 3990: Cross entropy = 0.088286
I1009 18:26:01.827591 4564243904 retrain.py:1084] 2019-10-09 18:26:01.827581: Step 3990: Cross entropy = 0.088286
INFO:tensorflow:2019-10-09 18:26:01.886754: Step 3990: Validation accuracy = 39.0% (N=100)
I1009 18:26:01.886798 4564243904 retrain.py:1100] 2019-10-09 18:26:01.886754: Step 3990: Validation accuracy = 39.0% (N=100)
INFO:tensorflow:2019-10-09 18:26:02.396394: Step 3999: Train accuracy = 100.0%
I1009 18:26:02.396439 4564243904 retrain.py:1082] 2019-10-09 18:26:02.396394: Step 3999: Train accuracy = 100.0%
INFO:tensorflow:2019-10-09 18:26:02.396593: Step 3999: Cross entropy = 0.087175
I1009 18:26:02.396613 4564243904 retrain.py:1084] 2019-10-09 18:26:02.396593: Step 3999: Cross entropy = 0.087175
INFO:tensorflow:2019-10-09 18:26:02.453756: Step 3999: Validation accuracy = 49.0% (N=100)
I1009 18:26:02.453800 4564243904 retrain.py:1100] 2019-10-09 18:26:02.453756: Step 3999: Validation accuracy = 49.0% (N=100)
INFO:tensorflow:Final test accuracy = 53.3% (N=30)
I1009 18:26:04.700468 4564243904 retrain.py:1126] Final test accuracy = 53.3% (N=30)
WARNING:tensorflow:From /Users/dbusaba2/affinity_2D/tensorflow-for-poets-2/scripts/retrain.py:827: convert_variables_to_constants (from tensorflow.python.framework.graph_util_impl) is deprecated and will be removed in a future version.
Instructions for updating:
Use `tf.compat.v1.graph_util.convert_variables_to_constants`
W1009 18:26:04.867418 4564243904 deprecation.py:323] From /Users/dbusaba2/affinity_2D/tensorflow-for-poets-2/scripts/retrain.py:827: convert_variables_to_constants (from tensorflow.python.framework.graph_util_impl) is deprecated and will be removed in a future version.
Instructions for updating:
Use `tf.compat.v1.graph_util.convert_variables_to_constants`
WARNING:tensorflow:From /Library/Frameworks/Python.framework/Versions/3.7/lib/python3.7/site-packages/tensorflow/python/framework/graph_util_impl.py:270: extract_sub_graph (from tensorflow.python.framework.graph_util_impl) is deprecated and will be removed in a future version.
Instructions for updating:
Use `tf.compat.v1.graph_util.extract_sub_graph`
W1009 18:26:04.867568 4564243904 deprecation.py:323] From /Library/Frameworks/Python.framework/Versions/3.7/lib/python3.7/site-packages/tensorflow/python/framework/graph_util_impl.py:270: extract_sub_graph (from tensorflow.python.framework.graph_util_impl) is deprecated and will be removed in a future version.
Instructions for updating:
Use `tf.compat.v1.graph_util.extract_sub_graph`
INFO:tensorflow:Froze 2 variables.
I1009 18:26:05.093589 4564243904 graph_util_impl.py:311] Froze 2 variables.
INFO:tensorflow:Converted 2 variables to const ops.
I1009 18:26:05.154131 4564243904 graph_util_impl.py:364] Converted 2 variables to const ops.
